model,year,timestamp,user_id,item_id,rank,score
LightGCN,2000,2000-12-31,150,1617,1,5.0449323654174805
LightGCN,2000,2000-12-31,150,2028,2,4.939964294433594
LightGCN,2000,2000-12-31,150,912,3,4.5947160720825195
LightGCN,2000,2000-12-31,150,1221,4,4.52535343170166
LightGCN,2000,2000-12-31,150,1213,5,4.510791778564453
LightGCN,2000,2000-12-31,150,1784,6,4.493152141571045
LightGCN,2000,2000-12-31,150,1721,7,4.455392837524414
LightGCN,2000,2000-12-31,150,1193,8,4.394964694976807
LightGCN,2000,2000-12-31,150,924,9,4.369505882263184
LightGCN,2000,2000-12-31,150,1923,10,4.354222297668457
LightGCN,2000,2000-12-31,208,593,1,5.967604637145996
LightGCN,2000,2000-12-31,208,527,2,5.506714820861816
LightGCN,2000,2000-12-31,208,858,3,5.354547500610352
LightGCN,2000,2000-12-31,208,32,4,5.07451057434082
LightGCN,2000,2000-12-31,208,590,5,5.002200126647949
LightGCN,2000,2000-12-31,208,1197,6,4.831433296203613
LightGCN,2000,2000-12-31,208,1240,7,4.7856550216674805
LightGCN,2000,2000-12-31,208,592,8,4.675673484802246
LightGCN,2000,2000-12-31,208,1136,9,4.646744728088379
LightGCN,2000,2000-12-31,208,1213,10,4.643436431884766
LightGCN,2000,2000-12-31,246,2396,1,3.920123815536499
LightGCN,2000,2000-12-31,246,1617,2,3.903632164001465
LightGCN,2000,2000-12-31,246,1196,3,3.8914263248443604
LightGCN,2000,2000-12-31,246,2028,4,3.837376117706299
LightGCN,2000,2000-12-31,246,2571,5,3.7115767002105713
LightGCN,2000,2000-12-31,246,1704,6,3.5690391063690186
LightGCN,2000,2000-12-31,246,1198,7,3.5479226112365723
LightGCN,2000,2000-12-31,246,912,8,3.492597818374634
LightGCN,2000,2000-12-31,246,1784,9,3.4664885997772217
LightGCN,2000,2000-12-31,246,1221,10,3.44594144821167
LightGCN,2000,2000-12-31,748,2396,1,5.762299060821533
LightGCN,2000,2000-12-31,748,912,2,5.583019256591797
LightGCN,2000,2000-12-31,748,2858,3,5.547481060028076
LightGCN,2000,2000-12-31,748,1213,4,5.503286838531494
LightGCN,2000,2000-12-31,748,1197,5,5.4958343505859375
LightGCN,2000,2000-12-31,748,1221,6,5.481284141540527
LightGCN,2000,2000-12-31,748,858,7,5.47879695892334
LightGCN,2000,2000-12-31,748,1193,8,5.383546352386475
LightGCN,2000,2000-12-31,748,924,9,5.358582496643066
LightGCN,2000,2000-12-31,748,1784,10,5.331236839294434
LightGCN,2000,2000-12-31,780,260,1,6.385122776031494
LightGCN,2000,2000-12-31,780,1198,2,6.35568380355835
LightGCN,2000,2000-12-31,780,858,3,6.216139793395996
LightGCN,2000,2000-12-31,780,593,4,6.150749206542969
LightGCN,2000,2000-12-31,780,296,5,6.103572845458984
LightGCN,2000,2000-12-31,780,1617,6,5.941413402557373
LightGCN,2000,2000-12-31,780,527,7,5.8983354568481445
LightGCN,2000,2000-12-31,780,912,8,5.825139045715332
LightGCN,2000,2000-12-31,780,1213,9,5.772736549377441
LightGCN,2000,2000-12-31,780,2028,10,5.699379920959473
LightGCN,2000,2000-12-31,1300,1617,1,7.285362720489502
LightGCN,2000,2000-12-31,1300,1704,2,6.714960098266602
LightGCN,2000,2000-12-31,1300,1193,3,6.586177825927734
LightGCN,2000,2000-12-31,1300,2762,4,6.556815147399902
LightGCN,2000,2000-12-31,1300,608,5,6.298927307128906
LightGCN,2000,2000-12-31,1300,1234,6,5.959028244018555
LightGCN,2000,2000-12-31,1300,1252,7,5.892505645751953
LightGCN,2000,2000-12-31,1300,1220,8,5.867053985595703
LightGCN,2000,2000-12-31,1300,1610,9,5.744682788848877
LightGCN,2000,2000-12-31,1300,1089,10,5.737557411193848
LightGCN,2000,2000-12-31,1507,1617,1,6.2505083084106445
LightGCN,2000,2000-12-31,1507,858,2,6.20452880859375
LightGCN,2000,2000-12-31,1507,2028,3,6.0687055587768555
LightGCN,2000,2000-12-31,1507,912,4,6.027223110198975
LightGCN,2000,2000-12-31,1507,1213,5,5.959620475769043
LightGCN,2000,2000-12-31,1507,1221,6,5.904652118682861
LightGCN,2000,2000-12-31,1507,1704,7,5.818408012390137
LightGCN,2000,2000-12-31,1507,1136,8,5.765819072723389
LightGCN,2000,2000-12-31,1507,1214,9,5.706110954284668
LightGCN,2000,2000-12-31,1507,1200,10,5.6652398109436035
LightGCN,2000,2000-12-31,1785,260,1,6.025077819824219
LightGCN,2000,2000-12-31,1785,356,2,5.37648868560791
LightGCN,2000,2000-12-31,1785,32,3,5.344579696655273
LightGCN,2000,2000-12-31,1785,858,4,5.205934047698975
LightGCN,2000,2000-12-31,1785,1196,5,5.150350570678711
LightGCN,2000,2000-12-31,1785,150,6,5.112601280212402
LightGCN,2000,2000-12-31,1785,590,7,4.943485736846924
LightGCN,2000,2000-12-31,1785,1198,8,4.836566925048828
LightGCN,2000,2000-12-31,1785,36,9,4.794899940490723
LightGCN,2000,2000-12-31,1785,592,10,4.6516804695129395
LightGCN,2000,2000-12-31,2444,1617,1,4.733240127563477
LightGCN,2000,2000-12-31,2444,1704,2,4.303750514984131
LightGCN,2000,2000-12-31,2444,1198,3,4.2910614013671875
LightGCN,2000,2000-12-31,2444,1221,4,4.216985702514648
LightGCN,2000,2000-12-31,2444,1213,5,4.175769805908203
LightGCN,2000,2000-12-31,2444,1784,6,4.175509452819824
LightGCN,2000,2000-12-31,2444,1230,7,4.120856285095215
LightGCN,2000,2000-12-31,2444,1923,8,4.087284088134766
LightGCN,2000,2000-12-31,2444,1193,9,4.0847368240356445
LightGCN,2000,2000-12-31,2444,1721,10,4.076671600341797
LightGCN,2000,2000-12-31,2460,2396,1,4.543696403503418
LightGCN,2000,2000-12-31,2460,1196,2,4.420435905456543
LightGCN,2000,2000-12-31,2460,2028,3,4.417723178863525
LightGCN,2000,2000-12-31,2460,2571,4,4.267917156219482
LightGCN,2000,2000-12-31,2460,1704,5,4.094986915588379
LightGCN,2000,2000-12-31,2460,1198,6,4.023204326629639
LightGCN,2000,2000-12-31,2460,1784,7,3.9676008224487305
LightGCN,2000,2000-12-31,2460,1923,8,3.8813138008117676
LightGCN,2000,2000-12-31,2460,2716,9,3.8280341625213623
LightGCN,2000,2000-12-31,2460,1197,10,3.7887802124023438
LightGCN,2000,2000-12-31,2503,1196,1,2.9301414489746094
LightGCN,2000,2000-12-31,2503,260,2,2.7448196411132812
LightGCN,2000,2000-12-31,2503,608,3,2.73909854888916
LightGCN,2000,2000-12-31,2503,1198,4,2.7164573669433594
LightGCN,2000,2000-12-31,2503,858,5,2.6695022583007812
LightGCN,2000,2000-12-31,2503,1210,6,2.6398658752441406
LightGCN,2000,2000-12-31,2503,1617,7,2.5692191123962402
LightGCN,2000,2000-12-31,2503,1270,8,2.5388951301574707
LightGCN,2000,2000-12-31,2503,593,9,2.510166645050049
LightGCN,2000,2000-12-31,2503,1240,10,2.501967668533325
LightGCN,2000,2000-12-31,3198,1196,1,5.017334938049316
LightGCN,2000,2000-12-31,3198,608,2,4.912789821624756
LightGCN,2000,2000-12-31,3198,593,3,4.7942047119140625
LightGCN,2000,2000-12-31,3198,296,4,4.770084857940674
LightGCN,2000,2000-12-31,3198,1198,5,4.6740570068359375
LightGCN,2000,2000-12-31,3198,858,6,4.648826599121094
LightGCN,2000,2000-12-31,3198,1210,7,4.6376800537109375
LightGCN,2000,2000-12-31,3198,527,8,4.531885623931885
LightGCN,2000,2000-12-31,3198,457,9,4.416787624359131
LightGCN,2000,2000-12-31,3198,1270,10,4.377688407897949
LightGCN,2000,2000-12-31,3431,1197,1,4.163054466247559
LightGCN,2000,2000-12-31,3431,912,2,4.141582489013672
LightGCN,2000,2000-12-31,3431,1213,3,4.099292278289795
LightGCN,2000,2000-12-31,3431,1240,4,4.0883402824401855
LightGCN,2000,2000-12-31,3431,2028,5,4.073123931884766
LightGCN,2000,2000-12-31,3431,457,6,4.029078006744385
LightGCN,2000,2000-12-31,3431,1136,7,3.972898006439209
LightGCN,2000,2000-12-31,3431,1214,8,3.9009897708892822
LightGCN,2000,2000-12-31,3431,1200,9,3.8667807579040527
LightGCN,2000,2000-12-31,3431,50,10,3.8182549476623535
LightGCN,2000,2000-12-31,3559,858,1,5.809244155883789
LightGCN,2000,2000-12-31,3559,1240,2,5.4916510581970215
LightGCN,2000,2000-12-31,3559,2028,3,5.476937294006348
LightGCN,2000,2000-12-31,3559,1213,4,5.448524475097656
LightGCN,2000,2000-12-31,3559,1221,5,5.400166988372803
LightGCN,2000,2000-12-31,3559,1193,6,5.35894250869751
LightGCN,2000,2000-12-31,3559,1704,7,5.285460948944092
LightGCN,2000,2000-12-31,3559,527,8,5.235175132751465
LightGCN,2000,2000-12-31,3559,1214,9,5.232733249664307
LightGCN,2000,2000-12-31,3559,2858,10,5.050654411315918
LightGCN,2000,2000-12-31,3703,260,1,5.979375839233398
LightGCN,2000,2000-12-31,3703,608,2,5.944777965545654
LightGCN,2000,2000-12-31,3703,1198,3,5.77487850189209
LightGCN,2000,2000-12-31,3703,858,4,5.732000350952148
LightGCN,2000,2000-12-31,3703,593,5,5.509325981140137
LightGCN,2000,2000-12-31,3703,1617,6,5.38330078125
LightGCN,2000,2000-12-31,3703,1240,7,5.311061382293701
LightGCN,2000,2000-12-31,3703,527,8,5.298151969909668
LightGCN,2000,2000-12-31,3703,541,9,5.261197090148926
LightGCN,2000,2000-12-31,3703,1213,10,5.220671653747559
LightGCN,2000,2000-12-31,3798,1196,1,4.450675010681152
LightGCN,2000,2000-12-31,3798,2396,2,4.169585227966309
LightGCN,2000,2000-12-31,3798,2028,3,4.112066268920898
LightGCN,2000,2000-12-31,3798,1198,4,4.0869317054748535
LightGCN,2000,2000-12-31,3798,2571,5,3.940626859664917
LightGCN,2000,2000-12-31,3798,1704,6,3.88845157623291
LightGCN,2000,2000-12-31,3798,1213,7,3.883129358291626
LightGCN,2000,2000-12-31,3798,1221,8,3.881221055984497
LightGCN,2000,2000-12-31,3798,2762,9,3.8510167598724365
LightGCN,2000,2000-12-31,3798,1197,10,3.824432373046875
LightGCN,2000,2000-12-31,4044,1196,1,6.7064714431762695
LightGCN,2000,2000-12-31,4044,608,2,6.311372756958008
LightGCN,2000,2000-12-31,4044,260,3,6.2748565673828125
LightGCN,2000,2000-12-31,4044,858,4,6.103631019592285
LightGCN,2000,2000-12-31,4044,593,5,6.048364639282227
LightGCN,2000,2000-12-31,4044,296,6,6.002464771270752
LightGCN,2000,2000-12-31,4044,1210,7,5.9858222007751465
LightGCN,2000,2000-12-31,4044,1617,8,5.826760768890381
LightGCN,2000,2000-12-31,4044,527,9,5.799023628234863
LightGCN,2000,2000-12-31,4044,1197,10,5.795483112335205
LightGCN,2000,2000-12-31,4109,2028,1,5.7160539627075195
LightGCN,2000,2000-12-31,4109,919,2,5.552809715270996
LightGCN,2000,2000-12-31,4109,1265,3,5.5435919761657715
LightGCN,2000,2000-12-31,4109,1580,4,5.380070686340332
LightGCN,2000,2000-12-31,4109,923,5,5.254542350769043
LightGCN,2000,2000-12-31,4109,1234,6,5.1608500480651855
LightGCN,2000,2000-12-31,4109,1036,7,5.039658546447754
LightGCN,2000,2000-12-31,4109,2762,8,5.018647193908691
LightGCN,2000,2000-12-31,4109,356,9,4.916707992553711
LightGCN,2000,2000-12-31,4109,969,10,4.861227035522461
LightGCN,2000,2000-12-31,4372,1221,1,5.538071632385254
LightGCN,2000,2000-12-31,4372,1784,2,5.45939302444458
LightGCN,2000,2000-12-31,4372,1721,3,5.416184425354004
LightGCN,2000,2000-12-31,4372,1193,4,5.400522232055664
LightGCN,2000,2000-12-31,4372,1230,5,5.2649688720703125
LightGCN,2000,2000-12-31,4372,919,6,5.2418060302734375
LightGCN,2000,2000-12-31,4372,858,7,5.215734481811523
LightGCN,2000,2000-12-31,4372,1136,8,5.18564510345459
LightGCN,2000,2000-12-31,4372,1247,9,5.172518730163574
LightGCN,2000,2000-12-31,4372,923,10,5.135416030883789
LightGCN,2000,2000-12-31,4442,260,1,6.242197513580322
LightGCN,2000,2000-12-31,4442,1198,2,6.047003746032715
LightGCN,2000,2000-12-31,4442,858,3,5.992908477783203
LightGCN,2000,2000-12-31,4442,527,4,5.7275495529174805
LightGCN,2000,2000-12-31,4442,1270,5,5.653156757354736
LightGCN,2000,2000-12-31,4442,1240,6,5.5551300048828125
LightGCN,2000,2000-12-31,4442,1097,7,5.435299873352051
LightGCN,2000,2000-12-31,4442,318,8,5.427970886230469
LightGCN,2000,2000-12-31,4442,1221,9,5.395748615264893
LightGCN,2000,2000-12-31,4442,1193,10,5.389922142028809
LightGCN,2000,2000-12-31,4495,296,1,5.041022777557373
LightGCN,2000,2000-12-31,4495,593,2,5.016779899597168
LightGCN,2000,2000-12-31,4495,457,3,4.881947994232178
LightGCN,2000,2000-12-31,4495,356,4,4.731536865234375
LightGCN,2000,2000-12-31,4495,608,5,4.698960781097412
LightGCN,2000,2000-12-31,4495,260,6,4.65863037109375
LightGCN,2000,2000-12-31,4495,318,7,4.637721061706543
LightGCN,2000,2000-12-31,4495,150,8,4.578396797180176
LightGCN,2000,2000-12-31,4495,527,9,4.522665977478027
LightGCN,2000,2000-12-31,4495,480,10,4.515023231506348
LightGCN,2000,2000-12-31,4652,858,1,5.924616813659668
LightGCN,2000,2000-12-31,4652,356,2,5.914661407470703
LightGCN,2000,2000-12-31,4652,150,3,5.502382278442383
LightGCN,2000,2000-12-31,4652,1,4,5.315436363220215
LightGCN,2000,2000-12-31,4652,590,5,5.300355434417725
LightGCN,2000,2000-12-31,4652,1213,6,5.229228496551514
LightGCN,2000,2000-12-31,4652,1265,7,5.199045658111572
LightGCN,2000,2000-12-31,4652,1136,8,5.184229850769043
LightGCN,2000,2000-12-31,4652,34,9,5.1545515060424805
LightGCN,2000,2000-12-31,4652,1221,10,5.143532752990723
LightGCN,2000,2000-12-31,5141,1617,1,5.867789268493652
LightGCN,2000,2000-12-31,5141,912,2,5.650734901428223
LightGCN,2000,2000-12-31,5141,2028,3,5.646940231323242
LightGCN,2000,2000-12-31,5141,1270,4,5.644095420837402
LightGCN,2000,2000-12-31,5141,2396,5,5.604378700256348
LightGCN,2000,2000-12-31,5141,1210,6,5.554779052734375
LightGCN,2000,2000-12-31,5141,1193,7,5.488875389099121
LightGCN,2000,2000-12-31,5141,924,8,5.467843532562256
LightGCN,2000,2000-12-31,5141,2571,9,5.372367858886719
LightGCN,2000,2000-12-31,5141,1721,10,5.367478370666504
LightGCN,2000,2000-12-31,5305,608,1,5.794915199279785
LightGCN,2000,2000-12-31,5305,858,2,5.45267915725708
LightGCN,2000,2000-12-31,5305,593,3,5.078869819641113
LightGCN,2000,2000-12-31,5305,296,4,5.003903388977051
LightGCN,2000,2000-12-31,5305,32,5,4.667985439300537
LightGCN,2000,2000-12-31,5305,457,6,4.653200149536133
LightGCN,2000,2000-12-31,5305,1213,7,4.627756595611572
LightGCN,2000,2000-12-31,5305,912,8,4.598320007324219
LightGCN,2000,2000-12-31,5305,1136,9,4.585452079772949
LightGCN,2000,2000-12-31,5305,924,10,4.549309253692627
LightGCN,2000,2000-12-31,5402,858,1,4.650109767913818
LightGCN,2000,2000-12-31,5402,527,2,4.631925582885742
LightGCN,2000,2000-12-31,5402,356,3,4.574525833129883
LightGCN,2000,2000-12-31,5402,110,4,4.30528450012207
LightGCN,2000,2000-12-31,5402,150,5,4.261378288269043
LightGCN,2000,2000-12-31,5402,1197,6,4.192048072814941
LightGCN,2000,2000-12-31,5402,912,7,3.985553503036499
LightGCN,2000,2000-12-31,5402,34,8,3.9658186435699463
LightGCN,2000,2000-12-31,5402,1200,9,3.9474267959594727
LightGCN,2000,2000-12-31,5402,1221,10,3.9122138023376465
LightGCN,2000,2000-12-31,5558,592,1,3.2467072010040283
LightGCN,2000,2000-12-31,5558,590,2,3.2434732913970947
LightGCN,2000,2000-12-31,5558,150,3,3.188472032546997
LightGCN,2000,2000-12-31,5558,153,4,3.1065616607666016
LightGCN,2000,2000-12-31,5558,380,5,3.098912000656128
LightGCN,2000,2000-12-31,5558,165,6,3.0619380474090576
LightGCN,2000,2000-12-31,5558,349,7,3.0037975311279297
LightGCN,2000,2000-12-31,5558,344,8,2.9467248916625977
LightGCN,2000,2000-12-31,5558,588,9,2.897904872894287
LightGCN,2000,2000-12-31,5558,457,10,2.8974642753601074
LightGCN,2000,2000-12-31,6482,2762,1,2.814173460006714
LightGCN,2000,2000-12-31,6482,2396,2,2.696598529815674
LightGCN,2000,2000-12-31,6482,2028,3,2.4893341064453125
LightGCN,2000,2000-12-31,6482,2571,4,2.488492012023926
LightGCN,2000,2000-12-31,6482,1617,5,2.4093973636627197
LightGCN,2000,2000-12-31,6482,2710,6,2.3905887603759766
LightGCN,2000,2000-12-31,6482,2599,7,2.3801422119140625
LightGCN,2000,2000-12-31,6482,2716,8,2.28688907623291
LightGCN,2000,2000-12-31,6482,2997,9,2.240701198577881
LightGCN,2000,2000-12-31,6482,2791,10,2.148491859436035
LightGCN,2000,2000-12-31,7143,1198,1,5.652634143829346
LightGCN,2000,2000-12-31,7143,1270,2,5.293230056762695
LightGCN,2000,2000-12-31,7143,1097,3,5.116669654846191
LightGCN,2000,2000-12-31,7143,1193,4,4.989311218261719
LightGCN,2000,2000-12-31,7143,1265,5,4.9892730712890625
LightGCN,2000,2000-12-31,7143,924,6,4.986670017242432
LightGCN,2000,2000-12-31,7143,1214,7,4.959427833557129
LightGCN,2000,2000-12-31,7143,1200,8,4.9339189529418945
LightGCN,2000,2000-12-31,7143,919,9,4.910186767578125
LightGCN,2000,2000-12-31,7143,32,10,4.8862714767456055
LightGCN,2000,2000-12-31,7388,1196,1,6.716222763061523
LightGCN,2000,2000-12-31,7388,1213,2,5.840435981750488
LightGCN,2000,2000-12-31,7388,541,3,5.610896110534668
LightGCN,2000,2000-12-31,7388,1208,4,5.455303192138672
LightGCN,2000,2000-12-31,7388,750,5,5.389753341674805
LightGCN,2000,2000-12-31,7388,1307,6,5.35050106048584
LightGCN,2000,2000-12-31,7388,1265,7,5.336428642272949
LightGCN,2000,2000-12-31,7388,1304,8,5.226058006286621
LightGCN,2000,2000-12-31,7388,260,9,5.186692237854004
LightGCN,2000,2000-12-31,7388,1234,10,5.174604892730713
LightGCN,2000,2000-12-31,7516,1196,1,3.9163918495178223
LightGCN,2000,2000-12-31,7516,1617,2,3.6896700859069824
LightGCN,2000,2000-12-31,7516,1198,3,3.593386650085449
LightGCN,2000,2000-12-31,7516,2396,4,3.5898189544677734
LightGCN,2000,2000-12-31,7516,2858,5,3.452760934829712
LightGCN,2000,2000-12-31,7516,2571,6,3.439542293548584
LightGCN,2000,2000-12-31,7516,912,7,3.419632911682129
LightGCN,2000,2000-12-31,7516,1704,8,3.4065306186676025
LightGCN,2000,2000-12-31,7516,1213,9,3.383841037750244
LightGCN,2000,2000-12-31,7516,1197,10,3.370194911956787
LightGCN,2000,2000-12-31,7525,1196,1,5.276719570159912
LightGCN,2000,2000-12-31,7525,1617,2,4.922493934631348
LightGCN,2000,2000-12-31,7525,1198,3,4.851044654846191
LightGCN,2000,2000-12-31,7525,2028,4,4.787901878356934
LightGCN,2000,2000-12-31,7525,2396,5,4.7785539627075195
LightGCN,2000,2000-12-31,7525,912,6,4.604518890380859
LightGCN,2000,2000-12-31,7525,2571,7,4.5813517570495605
LightGCN,2000,2000-12-31,7525,1704,8,4.546620845794678
LightGCN,2000,2000-12-31,7525,1213,9,4.544633865356445
LightGCN,2000,2000-12-31,7525,1221,10,4.526949405670166
LightGCN,2000,2000-12-31,7745,912,1,5.372532844543457
LightGCN,2000,2000-12-31,7745,1270,2,5.364089012145996
LightGCN,2000,2000-12-31,7745,541,3,5.203949928283691
LightGCN,2000,2000-12-31,7745,924,4,5.188584804534912
LightGCN,2000,2000-12-31,7745,1721,5,5.1775665283203125
LightGCN,2000,2000-12-31,7745,2858,6,5.14310359954834
LightGCN,2000,2000-12-31,7745,919,7,5.092552661895752
LightGCN,2000,2000-12-31,7745,1097,8,5.081205368041992
LightGCN,2000,2000-12-31,7745,1214,9,5.044692516326904
LightGCN,2000,2000-12-31,7745,2762,10,4.938976764678955
LightGCN,2000,2000-12-31,7777,2396,1,7.089108467102051
LightGCN,2000,2000-12-31,7777,2571,2,6.801446437835693
LightGCN,2000,2000-12-31,7777,1721,3,6.739727973937988
LightGCN,2000,2000-12-31,7777,1784,4,6.706665992736816
LightGCN,2000,2000-12-31,7777,2858,5,6.691887855529785
LightGCN,2000,2000-12-31,7777,1200,6,6.63752555847168
LightGCN,2000,2000-12-31,7777,1641,7,6.278074264526367
LightGCN,2000,2000-12-31,7777,318,8,6.202470779418945
LightGCN,2000,2000-12-31,7777,1961,9,5.907707214355469
LightGCN,2000,2000-12-31,7777,1183,10,5.874727725982666
LightGCN,2000,2000-12-31,7956,1196,1,3.6843202114105225
LightGCN,2000,2000-12-31,7956,2396,2,3.424078941345215
LightGCN,2000,2000-12-31,7956,1198,3,3.391767978668213
LightGCN,2000,2000-12-31,7956,2028,4,3.3849499225616455
LightGCN,2000,2000-12-31,7956,1704,5,3.2046306133270264
LightGCN,2000,2000-12-31,7956,1213,6,3.1912810802459717
LightGCN,2000,2000-12-31,7956,1221,7,3.177947759628296
LightGCN,2000,2000-12-31,7956,1197,8,3.1725316047668457
LightGCN,2000,2000-12-31,7956,2762,9,3.170456647872925
LightGCN,2000,2000-12-31,7956,1270,10,3.1511669158935547
LightGCN,2000,2000-12-31,8579,593,1,6.639358997344971
LightGCN,2000,2000-12-31,8579,457,2,6.515022277832031
LightGCN,2000,2000-12-31,8579,608,3,6.395651817321777
LightGCN,2000,2000-12-31,8579,260,4,6.378527641296387
LightGCN,2000,2000-12-31,8579,356,5,6.303834915161133
LightGCN,2000,2000-12-31,8579,150,6,6.148006439208984
LightGCN,2000,2000-12-31,8579,32,7,6.051791667938232
LightGCN,2000,2000-12-31,8579,480,8,6.033819198608398
LightGCN,2000,2000-12-31,8579,590,9,5.988736152648926
LightGCN,2000,2000-12-31,8579,527,10,5.955741882324219
LightGCN,2000,2000-12-31,8954,608,1,6.8782501220703125
LightGCN,2000,2000-12-31,8954,858,2,6.647670745849609
LightGCN,2000,2000-12-31,8954,1210,3,6.547868728637695
LightGCN,2000,2000-12-31,8954,296,4,6.471853256225586
LightGCN,2000,2000-12-31,8954,1270,5,6.305621147155762
LightGCN,2000,2000-12-31,8954,527,6,6.2537126541137695
LightGCN,2000,2000-12-31,8954,1240,7,6.19672966003418
LightGCN,2000,2000-12-31,8954,1213,8,6.11299991607666
LightGCN,2000,2000-12-31,8954,1221,9,6.039932727813721
LightGCN,2000,2000-12-31,8954,924,10,6.022204399108887
LightGCN,2000,2000-12-31,9080,1617,1,3.3800230026245117
LightGCN,2000,2000-12-31,9080,2571,2,3.3525679111480713
LightGCN,2000,2000-12-31,9080,2710,3,3.066819190979004
LightGCN,2000,2000-12-31,9080,2716,4,3.052147388458252
LightGCN,2000,2000-12-31,9080,1704,5,3.0175583362579346
LightGCN,2000,2000-12-31,9080,1923,6,2.9652152061462402
LightGCN,2000,2000-12-31,9080,1961,7,2.8881077766418457
LightGCN,2000,2000-12-31,9080,1784,8,2.8857250213623047
LightGCN,2000,2000-12-31,9080,2712,9,2.8674068450927734
LightGCN,2000,2000-12-31,9080,2791,10,2.838965892791748
LightGCN,2000,2000-12-31,9208,1198,1,6.361765384674072
LightGCN,2000,2000-12-31,9208,608,2,6.139711856842041
LightGCN,2000,2000-12-31,9208,1617,3,6.069540977478027
LightGCN,2000,2000-12-31,9208,1213,4,5.841707229614258
LightGCN,2000,2000-12-31,9208,2028,5,5.825315952301025
LightGCN,2000,2000-12-31,9208,1193,6,5.76249885559082
LightGCN,2000,2000-12-31,9208,1136,7,5.6573896408081055
LightGCN,2000,2000-12-31,9208,1225,8,5.640979290008545
LightGCN,2000,2000-12-31,9208,2571,9,5.5344133377075195
LightGCN,2000,2000-12-31,9208,1200,10,5.517333030700684
LightGCN,2000,2000-12-31,9266,1617,1,5.190030574798584
LightGCN,2000,2000-12-31,9266,1197,2,5.011620998382568
LightGCN,2000,2000-12-31,9266,1270,3,5.010270595550537
LightGCN,2000,2000-12-31,9266,912,4,5.004428863525391
LightGCN,2000,2000-12-31,9266,2028,5,4.983233451843262
LightGCN,2000,2000-12-31,9266,1213,6,4.951756477355957
LightGCN,2000,2000-12-31,9266,1240,7,4.936954975128174
LightGCN,2000,2000-12-31,9266,541,8,4.878194808959961
LightGCN,2000,2000-12-31,9266,1225,9,4.774228096008301
LightGCN,2000,2000-12-31,9266,1136,10,4.77354621887207
LightGCN,2000,2000-12-31,10798,593,1,6.136207580566406
LightGCN,2000,2000-12-31,10798,296,2,6.135973930358887
LightGCN,2000,2000-12-31,10798,608,3,5.955320358276367
LightGCN,2000,2000-12-31,10798,457,4,5.752115249633789
LightGCN,2000,2000-12-31,10798,1198,5,5.535294532775879
LightGCN,2000,2000-12-31,10798,858,6,5.504300117492676
LightGCN,2000,2000-12-31,10798,589,7,5.30918550491333
LightGCN,2000,2000-12-31,10798,110,8,5.267438888549805
LightGCN,2000,2000-12-31,10798,50,9,5.195070266723633
LightGCN,2000,2000-12-31,10798,541,10,5.12187385559082
LightGCN,2000,2000-12-31,10830,1617,1,4.804581642150879
LightGCN,2000,2000-12-31,10830,2028,2,4.625776290893555
LightGCN,2000,2000-12-31,10830,912,3,4.621700286865234
LightGCN,2000,2000-12-31,10830,1213,4,4.539637088775635
LightGCN,2000,2000-12-31,10830,1270,5,4.527926921844482
LightGCN,2000,2000-12-31,10830,2858,6,4.465179443359375
LightGCN,2000,2000-12-31,10830,1240,7,4.451740264892578
LightGCN,2000,2000-12-31,10830,541,8,4.438756942749023
LightGCN,2000,2000-12-31,10830,1704,9,4.42276668548584
LightGCN,2000,2000-12-31,10830,2571,10,4.4180908203125
LightGCN,2000,2000-12-31,10849,593,1,7.0814714431762695
LightGCN,2000,2000-12-31,10849,858,2,6.4966864585876465
LightGCN,2000,2000-12-31,10849,356,3,6.483144760131836
LightGCN,2000,2000-12-31,10849,110,4,6.106597423553467
LightGCN,2000,2000-12-31,10849,32,5,5.94899845123291
LightGCN,2000,2000-12-31,10849,541,6,5.934720993041992
LightGCN,2000,2000-12-31,10849,590,7,5.797168731689453
LightGCN,2000,2000-12-31,10849,1617,8,5.760839462280273
LightGCN,2000,2000-12-31,10849,1213,9,5.714742660522461
LightGCN,2000,2000-12-31,10849,1214,10,5.646244525909424
LightGCN,2000,2000-12-31,11645,296,1,5.687935829162598
LightGCN,2000,2000-12-31,11645,457,2,5.492214202880859
LightGCN,2000,2000-12-31,11645,356,3,5.321624755859375
LightGCN,2000,2000-12-31,11645,260,4,5.284165382385254
LightGCN,2000,2000-12-31,11645,318,5,5.22979736328125
LightGCN,2000,2000-12-31,11645,150,6,5.139671802520752
LightGCN,2000,2000-12-31,11645,480,7,5.069874286651611
LightGCN,2000,2000-12-31,11645,590,8,5.000404357910156
LightGCN,2000,2000-12-31,11645,589,9,4.972142219543457
LightGCN,2000,2000-12-31,11645,110,10,4.961012840270996
LightGCN,2000,2000-12-31,11946,1196,1,4.627115249633789
LightGCN,2000,2000-12-31,11946,1617,2,4.616949558258057
LightGCN,2000,2000-12-31,11946,2571,3,4.3966474533081055
LightGCN,2000,2000-12-31,11946,1704,4,4.220559120178223
LightGCN,2000,2000-12-31,11946,1198,5,4.220050811767578
LightGCN,2000,2000-12-31,11946,912,6,4.160712242126465
LightGCN,2000,2000-12-31,11946,1784,7,4.102112293243408
LightGCN,2000,2000-12-31,11946,1221,8,4.0958123207092285
LightGCN,2000,2000-12-31,11946,1213,9,4.081343650817871
LightGCN,2000,2000-12-31,11946,1721,10,4.027226448059082
LightGCN,2000,2000-12-31,12023,1196,1,6.415887832641602
LightGCN,2000,2000-12-31,12023,1617,2,5.720941543579102
LightGCN,2000,2000-12-31,12023,858,3,5.685254096984863
LightGCN,2000,2000-12-31,12023,260,4,5.68327522277832
LightGCN,2000,2000-12-31,12023,608,5,5.628589153289795
LightGCN,2000,2000-12-31,12023,1240,6,5.476581573486328
LightGCN,2000,2000-12-31,12023,912,7,5.441527843475342
LightGCN,2000,2000-12-31,12023,1213,8,5.409888744354248
LightGCN,2000,2000-12-31,12023,1221,9,5.3577880859375
LightGCN,2000,2000-12-31,12023,924,10,5.278752326965332
LightGCN,2000,2000-12-31,12443,593,1,5.534962177276611
LightGCN,2000,2000-12-31,12443,457,2,5.208667755126953
LightGCN,2000,2000-12-31,12443,527,3,5.145331382751465
LightGCN,2000,2000-12-31,12443,858,4,5.093035697937012
LightGCN,2000,2000-12-31,12443,318,5,5.05913782119751
LightGCN,2000,2000-12-31,12443,32,6,4.748180389404297
LightGCN,2000,2000-12-31,12443,50,7,4.6795830726623535
LightGCN,2000,2000-12-31,12443,541,8,4.58301305770874
LightGCN,2000,2000-12-31,12443,590,9,4.558402061462402
LightGCN,2000,2000-12-31,12443,1097,10,4.531215190887451
LightGCN,2000,2000-12-31,12680,1198,1,5.623220443725586
LightGCN,2000,2000-12-31,12680,1617,2,5.533018112182617
LightGCN,2000,2000-12-31,12680,1197,3,5.238733291625977
LightGCN,2000,2000-12-31,12680,1270,4,5.2264251708984375
LightGCN,2000,2000-12-31,12680,1240,5,5.142885208129883
LightGCN,2000,2000-12-31,12680,541,6,5.106424331665039
LightGCN,2000,2000-12-31,12680,260,7,5.076086044311523
LightGCN,2000,2000-12-31,12680,1136,8,5.012565612792969
LightGCN,2000,2000-12-31,12680,1210,9,4.96110725402832
LightGCN,2000,2000-12-31,12680,1097,10,4.950522422790527
LightGCN,2000,2000-12-31,13053,1196,1,5.286014080047607
LightGCN,2000,2000-12-31,13053,260,2,4.769726753234863
LightGCN,2000,2000-12-31,13053,1210,3,4.6098833084106445
LightGCN,2000,2000-12-31,13053,1270,4,4.566915512084961
LightGCN,2000,2000-12-31,13053,1197,5,4.565240859985352
LightGCN,2000,2000-12-31,13053,912,6,4.524706840515137
LightGCN,2000,2000-12-31,13053,1240,7,4.497684001922607
LightGCN,2000,2000-12-31,13053,1221,8,4.4469099044799805
LightGCN,2000,2000-12-31,13053,541,9,4.443390846252441
LightGCN,2000,2000-12-31,13053,924,10,4.387170791625977
LightGCN,2000,2000-12-31,13187,1196,1,4.318220138549805
LightGCN,2000,2000-12-31,13187,1617,2,4.205878257751465
LightGCN,2000,2000-12-31,13187,2396,3,4.171753883361816
LightGCN,2000,2000-12-31,13187,2571,4,3.9161972999572754
LightGCN,2000,2000-12-31,13187,2762,5,3.871260643005371
LightGCN,2000,2000-12-31,13187,1704,6,3.8341946601867676
LightGCN,2000,2000-12-31,13187,1221,7,3.8246147632598877
LightGCN,2000,2000-12-31,13187,1213,8,3.8089277744293213
LightGCN,2000,2000-12-31,13187,1193,9,3.7332425117492676
LightGCN,2000,2000-12-31,13187,1784,10,3.724452495574951
LightGCN,2000,2000-12-31,13726,608,1,5.53535795211792
LightGCN,2000,2000-12-31,13726,296,2,4.831752777099609
LightGCN,2000,2000-12-31,13726,1617,3,4.779379844665527
LightGCN,2000,2000-12-31,13726,541,4,4.776610851287842
LightGCN,2000,2000-12-31,13726,1213,5,4.683509826660156
LightGCN,2000,2000-12-31,13726,912,6,4.672118186950684
LightGCN,2000,2000-12-31,13726,1265,7,4.643120765686035
LightGCN,2000,2000-12-31,13726,1136,8,4.6100053787231445
LightGCN,2000,2000-12-31,13726,919,9,4.529247283935547
LightGCN,2000,2000-12-31,13726,1307,10,4.491352081298828
LightGCN,2000,2000-12-31,13987,296,1,5.89738130569458
LightGCN,2000,2000-12-31,13987,260,2,5.662730693817139
LightGCN,2000,2000-12-31,13987,457,3,5.657024383544922
LightGCN,2000,2000-12-31,13987,150,4,5.2321248054504395
LightGCN,2000,2000-12-31,13987,1210,5,5.229588508605957
LightGCN,2000,2000-12-31,13987,480,6,5.2252397537231445
LightGCN,2000,2000-12-31,13987,590,7,5.070554733276367
LightGCN,2000,2000-12-31,13987,858,8,5.0531415939331055
LightGCN,2000,2000-12-31,13987,1,9,4.981976509094238
LightGCN,2000,2000-12-31,13987,50,10,4.938360214233398
LightGCN,2000,2000-12-31,14755,1198,1,6.334421157836914
LightGCN,2000,2000-12-31,14755,1270,2,5.899018287658691
LightGCN,2000,2000-12-31,14755,260,3,5.811232566833496
LightGCN,2000,2000-12-31,14755,541,4,5.7638654708862305
LightGCN,2000,2000-12-31,14755,1704,5,5.734434604644775
LightGCN,2000,2000-12-31,14755,2858,6,5.707961082458496
LightGCN,2000,2000-12-31,14755,919,7,5.636832237243652
LightGCN,2000,2000-12-31,14755,1784,8,5.616970539093018
LightGCN,2000,2000-12-31,14755,1214,9,5.53931999206543
LightGCN,2000,2000-12-31,14755,1200,10,5.489848613739014
LightGCN,2000,2000-12-31,15043,2712,1,2.1932129859924316
LightGCN,2000,2000-12-31,15043,2710,2,2.1486566066741943
LightGCN,2000,2000-12-31,15043,2599,3,2.0985007286071777
LightGCN,2000,2000-12-31,15043,2571,4,2.0133843421936035
LightGCN,2000,2000-12-31,15043,2028,5,1.9813674688339233
LightGCN,2000,2000-12-31,15043,2959,6,1.9429324865341187
LightGCN,2000,2000-12-31,15043,2716,7,1.8994370698928833
LightGCN,2000,2000-12-31,15043,1617,8,1.8488943576812744
LightGCN,2000,2000-12-31,15043,2791,9,1.8347091674804688
LightGCN,2000,2000-12-31,15043,2723,10,1.8323419094085693
LightGCN,2000,2000-12-31,15123,1196,1,3.896439552307129
LightGCN,2000,2000-12-31,15123,1198,2,3.580259323120117
LightGCN,2000,2000-12-31,15123,2571,3,3.4889345169067383
LightGCN,2000,2000-12-31,15123,912,4,3.435504913330078
LightGCN,2000,2000-12-31,15123,1221,5,3.3857579231262207
LightGCN,2000,2000-12-31,15123,1197,6,3.355924129486084
LightGCN,2000,2000-12-31,15123,858,7,3.322641611099243
LightGCN,2000,2000-12-31,15123,1270,8,3.319082260131836
LightGCN,2000,2000-12-31,15123,1193,9,3.299459457397461
LightGCN,2000,2000-12-31,15123,1240,10,3.2837953567504883
LightGCN,2000,2000-12-31,15445,1196,1,5.001398086547852
LightGCN,2000,2000-12-31,15445,1617,2,4.963802814483643
LightGCN,2000,2000-12-31,15445,2858,3,4.891345024108887
LightGCN,2000,2000-12-31,15445,2028,4,4.872255325317383
LightGCN,2000,2000-12-31,15445,2571,5,4.687443733215332
LightGCN,2000,2000-12-31,15445,2762,6,4.647382736206055
LightGCN,2000,2000-12-31,15445,1198,7,4.559906005859375
LightGCN,2000,2000-12-31,15445,1704,8,4.543261528015137
LightGCN,2000,2000-12-31,15445,912,9,4.46912956237793
LightGCN,2000,2000-12-31,15445,1221,10,4.407305717468262
LightGCN,2000,2000-12-31,15839,260,1,4.612700939178467
LightGCN,2000,2000-12-31,15839,608,2,4.550909996032715
LightGCN,2000,2000-12-31,15839,858,3,4.296684741973877
LightGCN,2000,2000-12-31,15839,1198,4,4.219205856323242
LightGCN,2000,2000-12-31,15839,296,5,4.124795913696289
LightGCN,2000,2000-12-31,15839,1270,6,3.9509198665618896
LightGCN,2000,2000-12-31,15839,1197,7,3.922731876373291
LightGCN,2000,2000-12-31,15839,1240,8,3.889221668243408
LightGCN,2000,2000-12-31,15839,541,9,3.8503975868225098
LightGCN,2000,2000-12-31,15839,1617,10,3.834554433822632
LightGCN,2000,2000-12-31,16162,1196,1,4.874638080596924
LightGCN,2000,2000-12-31,16162,1617,2,4.828661918640137
LightGCN,2000,2000-12-31,16162,2028,3,4.752417087554932
LightGCN,2000,2000-12-31,16162,1198,4,4.44817590713501
LightGCN,2000,2000-12-31,16162,1784,5,4.316699028015137
LightGCN,2000,2000-12-31,16162,912,6,4.306915283203125
LightGCN,2000,2000-12-31,16162,1221,7,4.2637176513671875
LightGCN,2000,2000-12-31,16162,1213,8,4.258441925048828
LightGCN,2000,2000-12-31,16162,1923,9,4.1937079429626465
LightGCN,2000,2000-12-31,16162,1270,10,4.115737438201904
LightGCN,2000,2000-12-31,16579,457,1,6.990449905395508
LightGCN,2000,2000-12-31,16579,356,2,6.775583267211914
LightGCN,2000,2000-12-31,16579,1,3,6.669310569763184
LightGCN,2000,2000-12-31,16579,318,4,6.6027913093566895
LightGCN,2000,2000-12-31,16579,150,5,6.594160079956055
LightGCN,2000,2000-12-31,16579,480,6,6.476992607116699
LightGCN,2000,2000-12-31,16579,527,7,6.4388322830200195
LightGCN,2000,2000-12-31,16579,590,8,6.40146017074585
LightGCN,2000,2000-12-31,16579,592,9,6.052597522735596
LightGCN,2000,2000-12-31,16579,733,10,5.829707145690918
LightGCN,2000,2000-12-31,16668,608,1,6.337540149688721
LightGCN,2000,2000-12-31,16668,858,2,6.009596347808838
LightGCN,2000,2000-12-31,16668,593,3,6.004504680633545
LightGCN,2000,2000-12-31,16668,1198,4,5.986346244812012
LightGCN,2000,2000-12-31,16668,296,5,5.950714588165283
LightGCN,2000,2000-12-31,16668,527,6,5.694755554199219
LightGCN,2000,2000-12-31,16668,1197,7,5.565223693847656
LightGCN,2000,2000-12-31,16668,457,8,5.509524822235107
LightGCN,2000,2000-12-31,16668,1617,9,5.435422897338867
LightGCN,2000,2000-12-31,16668,318,10,5.42364501953125
LightGCN,2000,2000-12-31,17032,593,1,4.42103385925293
LightGCN,2000,2000-12-31,17032,296,2,4.419295310974121
LightGCN,2000,2000-12-31,17032,260,3,4.307223320007324
LightGCN,2000,2000-12-31,17032,457,4,4.293298244476318
LightGCN,2000,2000-12-31,17032,608,5,4.2681355476379395
LightGCN,2000,2000-12-31,17032,356,6,4.162693977355957
LightGCN,2000,2000-12-31,17032,318,7,4.066431999206543
LightGCN,2000,2000-12-31,17032,527,8,4.001298427581787
LightGCN,2000,2000-12-31,17032,1210,9,3.9876084327697754
LightGCN,2000,2000-12-31,17032,150,10,3.984229564666748
LightGCN,2000,2000-12-31,17581,296,1,5.198163032531738
LightGCN,2000,2000-12-31,17581,318,2,4.803625106811523
LightGCN,2000,2000-12-31,17581,527,3,4.705901145935059
LightGCN,2000,2000-12-31,17581,110,4,4.645142555236816
LightGCN,2000,2000-12-31,17581,590,5,4.644396781921387
LightGCN,2000,2000-12-31,17581,36,6,4.49458646774292
LightGCN,2000,2000-12-31,17581,1073,7,4.385871887207031
LightGCN,2000,2000-12-31,17581,25,8,4.241743087768555
LightGCN,2000,2000-12-31,17581,141,9,4.008121967315674
LightGCN,2000,2000-12-31,17581,1393,10,3.9886786937713623
LightGCN,2000,2000-12-31,17610,1270,1,5.6310224533081055
LightGCN,2000,2000-12-31,17610,912,2,5.617110729217529
LightGCN,2000,2000-12-31,17610,1097,3,5.3707427978515625
LightGCN,2000,2000-12-31,17610,1214,4,5.2848052978515625
LightGCN,2000,2000-12-31,17610,1200,5,5.2397027015686035
LightGCN,2000,2000-12-31,17610,1291,6,5.091959476470947
LightGCN,2000,2000-12-31,17610,923,7,5.089437484741211
LightGCN,2000,2000-12-31,17610,1259,8,4.993703365325928
LightGCN,2000,2000-12-31,17610,1304,9,4.974060535430908
LightGCN,2000,2000-12-31,17610,1923,10,4.905908584594727
LightGCN,2000,2000-12-31,18033,1196,1,4.976207733154297
LightGCN,2000,2000-12-31,18033,1198,2,4.612306594848633
LightGCN,2000,2000-12-31,18033,608,3,4.588098526000977
LightGCN,2000,2000-12-31,18033,260,4,4.5403947830200195
LightGCN,2000,2000-12-31,18033,858,5,4.470784664154053
LightGCN,2000,2000-12-31,18033,1617,6,4.415091514587402
LightGCN,2000,2000-12-31,18033,593,7,4.384069919586182
LightGCN,2000,2000-12-31,18033,1210,8,4.355293273925781
LightGCN,2000,2000-12-31,18033,296,9,4.352032661437988
LightGCN,2000,2000-12-31,18033,1197,10,4.298276901245117
LightGCN,2000,2000-12-31,18212,1196,1,5.982051849365234
LightGCN,2000,2000-12-31,18212,2028,2,5.302526473999023
LightGCN,2000,2000-12-31,18212,858,3,5.191075325012207
LightGCN,2000,2000-12-31,18212,1197,4,5.152578830718994
LightGCN,2000,2000-12-31,18212,1213,5,5.139656066894531
LightGCN,2000,2000-12-31,18212,1270,6,5.13751745223999
LightGCN,2000,2000-12-31,18212,1221,7,5.111188888549805
LightGCN,2000,2000-12-31,18212,1704,8,5.065376281738281
LightGCN,2000,2000-12-31,18212,1240,9,5.062770366668701
LightGCN,2000,2000-12-31,18212,2858,10,5.061288833618164
LightGCN,2000,2000-12-31,18367,2839,1,1.8863742351531982
LightGCN,2000,2000-12-31,18367,2829,2,1.7811229228973389
LightGCN,2000,2000-12-31,18367,2891,3,1.778749942779541
LightGCN,2000,2000-12-31,18367,2828,4,1.7476447820663452
LightGCN,2000,2000-12-31,18367,2883,5,1.7093135118484497
LightGCN,2000,2000-12-31,18367,2885,6,1.67470383644104
LightGCN,2000,2000-12-31,18367,3007,7,1.6497858762741089
LightGCN,2000,2000-12-31,18367,2759,8,1.6475807428359985
LightGCN,2000,2000-12-31,18367,2711,9,1.6250216960906982
LightGCN,2000,2000-12-31,18367,2912,10,1.6030442714691162
LightGCN,2000,2000-12-31,18453,457,1,8.872692108154297
LightGCN,2000,2000-12-31,18453,150,2,8.582103729248047
LightGCN,2000,2000-12-31,18453,110,3,7.900104522705078
LightGCN,2000,2000-12-31,18453,380,4,7.737705230712891
LightGCN,2000,2000-12-31,18453,349,5,7.434517860412598
LightGCN,2000,2000-12-31,18453,377,6,7.251227855682373
LightGCN,2000,2000-12-31,18453,736,7,7.190550327301025
LightGCN,2000,2000-12-31,18453,648,8,7.177799701690674
LightGCN,2000,2000-12-31,18453,36,9,7.0937957763671875
LightGCN,2000,2000-12-31,18453,34,10,7.05222749710083
LightGCN,2000,2000-12-31,18723,608,1,5.02512264251709
LightGCN,2000,2000-12-31,18723,1210,2,4.8624725341796875
LightGCN,2000,2000-12-31,18723,858,3,4.839311599731445
LightGCN,2000,2000-12-31,18723,1197,4,4.508894920349121
LightGCN,2000,2000-12-31,18723,296,5,4.500215530395508
LightGCN,2000,2000-12-31,18723,1240,6,4.467114448547363
LightGCN,2000,2000-12-31,18723,1097,7,4.355973243713379
LightGCN,2000,2000-12-31,18723,912,8,4.352173805236816
LightGCN,2000,2000-12-31,18723,1213,9,4.350766181945801
LightGCN,2000,2000-12-31,18723,1221,10,4.284159183502197
LightGCN,2000,2000-12-31,18976,1196,1,4.167609691619873
LightGCN,2000,2000-12-31,18976,2571,2,3.8503174781799316
LightGCN,2000,2000-12-31,18976,2762,3,3.804384708404541
LightGCN,2000,2000-12-31,18976,1704,4,3.738619804382324
LightGCN,2000,2000-12-31,18976,1221,5,3.6427841186523438
LightGCN,2000,2000-12-31,18976,1721,6,3.6000404357910156
LightGCN,2000,2000-12-31,18976,1197,7,3.582289218902588
LightGCN,2000,2000-12-31,18976,1193,8,3.5344924926757812
LightGCN,2000,2000-12-31,18976,1270,9,3.533367156982422
LightGCN,2000,2000-12-31,18976,1923,10,3.5246849060058594
LightGCN,2000,2000-12-31,19189,593,1,5.781028747558594
LightGCN,2000,2000-12-31,19189,1240,2,5.166439056396484
LightGCN,2000,2000-12-31,19189,912,3,5.009269714355469
LightGCN,2000,2000-12-31,19189,1213,4,5.003150463104248
LightGCN,2000,2000-12-31,19189,50,5,4.924945831298828
LightGCN,2000,2000-12-31,19189,1193,6,4.917330265045166
LightGCN,2000,2000-12-31,19189,1214,7,4.916289329528809
LightGCN,2000,2000-12-31,19189,1200,8,4.891756057739258
LightGCN,2000,2000-12-31,19189,2028,9,4.877479553222656
LightGCN,2000,2000-12-31,19189,1,10,4.865288257598877
LightGCN,2000,2000-12-31,19898,1196,1,5.207618713378906
LightGCN,2000,2000-12-31,19898,1198,2,4.835818290710449
LightGCN,2000,2000-12-31,19898,858,3,4.751932621002197
LightGCN,2000,2000-12-31,19898,1210,4,4.693569183349609
LightGCN,2000,2000-12-31,19898,1617,5,4.567300319671631
LightGCN,2000,2000-12-31,19898,1270,6,4.524423599243164
LightGCN,2000,2000-12-31,19898,1197,7,4.504515171051025
LightGCN,2000,2000-12-31,19898,1240,8,4.440968990325928
LightGCN,2000,2000-12-31,19898,541,9,4.429730415344238
LightGCN,2000,2000-12-31,19898,912,10,4.420130252838135
LightGCN,2000,2000-12-31,20024,1196,1,4.950179100036621
LightGCN,2000,2000-12-31,20024,260,2,4.853215217590332
LightGCN,2000,2000-12-31,20024,858,3,4.631128311157227
LightGCN,2000,2000-12-31,20024,593,4,4.627567291259766
LightGCN,2000,2000-12-31,20024,1198,5,4.6133623123168945
LightGCN,2000,2000-12-31,20024,296,6,4.610076904296875
LightGCN,2000,2000-12-31,20024,1210,7,4.590817451477051
LightGCN,2000,2000-12-31,20024,527,8,4.4199018478393555
LightGCN,2000,2000-12-31,20024,1617,9,4.326721668243408
LightGCN,2000,2000-12-31,20024,1270,10,4.306972026824951
LightGCN,2000,2000-12-31,20306,296,1,6.428537845611572
LightGCN,2000,2000-12-31,20306,593,2,6.406586647033691
LightGCN,2000,2000-12-31,20306,260,3,6.216206073760986
LightGCN,2000,2000-12-31,20306,608,4,6.16888952255249
LightGCN,2000,2000-12-31,20306,150,5,5.984957695007324
LightGCN,2000,2000-12-31,20306,32,6,5.939195156097412
LightGCN,2000,2000-12-31,20306,318,7,5.9342360496521
LightGCN,2000,2000-12-31,20306,590,8,5.831408500671387
LightGCN,2000,2000-12-31,20306,527,9,5.717528820037842
LightGCN,2000,2000-12-31,20306,1210,10,5.627784729003906
LightGCN,2000,2000-12-31,20335,1198,1,5.682807445526123
LightGCN,2000,2000-12-31,20335,1617,2,5.559423923492432
LightGCN,2000,2000-12-31,20335,858,3,5.372554779052734
LightGCN,2000,2000-12-31,20335,2028,4,5.363049507141113
LightGCN,2000,2000-12-31,20335,2396,5,5.333858966827393
LightGCN,2000,2000-12-31,20335,1270,6,5.288120746612549
LightGCN,2000,2000-12-31,20335,1213,7,5.260141372680664
LightGCN,2000,2000-12-31,20335,1221,8,5.231254577636719
LightGCN,2000,2000-12-31,20335,1193,9,5.17570686340332
LightGCN,2000,2000-12-31,20335,924,10,5.153386116027832
LightGCN,2000,2000-12-31,20874,1196,1,3.204456090927124
LightGCN,2000,2000-12-31,20874,1617,2,3.010477066040039
LightGCN,2000,2000-12-31,20874,1198,3,2.9514217376708984
LightGCN,2000,2000-12-31,20874,2396,4,2.9216856956481934
LightGCN,2000,2000-12-31,20874,2028,5,2.91390323638916
LightGCN,2000,2000-12-31,20874,2858,6,2.8285508155822754
LightGCN,2000,2000-12-31,20874,912,7,2.8044490814208984
LightGCN,2000,2000-12-31,20874,2571,8,2.787990093231201
LightGCN,2000,2000-12-31,20874,1704,9,2.772709369659424
LightGCN,2000,2000-12-31,20874,1213,10,2.770354986190796
LightGCN,2000,2000-12-31,21075,1196,1,6.093218803405762
LightGCN,2000,2000-12-31,21075,1198,2,5.613614082336426
LightGCN,2000,2000-12-31,21075,2028,3,5.429962635040283
LightGCN,2000,2000-12-31,21075,1213,4,5.207042694091797
LightGCN,2000,2000-12-31,21075,858,5,5.203625679016113
LightGCN,2000,2000-12-31,21075,2571,6,5.1863298416137695
LightGCN,2000,2000-12-31,21075,1221,7,5.181119918823242
LightGCN,2000,2000-12-31,21075,1704,8,5.169194221496582
LightGCN,2000,2000-12-31,21075,1240,9,5.16612434387207
LightGCN,2000,2000-12-31,21075,2858,10,5.143077373504639
LightGCN,2000,2000-12-31,22118,1617,1,4.492036819458008
LightGCN,2000,2000-12-31,22118,1198,2,4.286360740661621
LightGCN,2000,2000-12-31,22118,2571,3,4.177916526794434
LightGCN,2000,2000-12-31,22118,912,4,4.157392501831055
LightGCN,2000,2000-12-31,22118,1704,5,4.123183250427246
LightGCN,2000,2000-12-31,22118,1221,6,4.083481311798096
LightGCN,2000,2000-12-31,22118,1784,7,4.017100811004639
LightGCN,2000,2000-12-31,22118,1193,8,3.9874322414398193
LightGCN,2000,2000-12-31,22118,1270,9,3.9686927795410156
LightGCN,2000,2000-12-31,22118,924,10,3.962508201599121
LightGCN,2000,2000-12-31,22293,1270,1,6.500350475311279
LightGCN,2000,2000-12-31,22293,1240,2,6.388180732727051
LightGCN,2000,2000-12-31,22293,1097,3,6.2712788581848145
LightGCN,2000,2000-12-31,22293,1193,4,6.134378910064697
LightGCN,2000,2000-12-31,22293,1221,5,6.132170677185059
LightGCN,2000,2000-12-31,22293,1265,6,6.131103515625
LightGCN,2000,2000-12-31,22293,1214,7,6.087192535400391
LightGCN,2000,2000-12-31,22293,1291,8,5.9856743812561035
LightGCN,2000,2000-12-31,22293,750,9,5.686781883239746
LightGCN,2000,2000-12-31,22293,1220,10,5.631310939788818
LightGCN,2000,2000-12-31,22347,1240,1,5.33356237411499
LightGCN,2000,2000-12-31,22347,541,2,5.326371669769287
LightGCN,2000,2000-12-31,22347,912,3,5.291294574737549
LightGCN,2000,2000-12-31,22347,457,4,5.2891740798950195
LightGCN,2000,2000-12-31,22347,1213,5,5.255471706390381
LightGCN,2000,2000-12-31,22347,1097,6,5.226947784423828
LightGCN,2000,2000-12-31,22347,1221,7,5.186628818511963
LightGCN,2000,2000-12-31,22347,1193,8,5.171720504760742
LightGCN,2000,2000-12-31,22347,1136,9,5.1357197761535645
LightGCN,2000,2000-12-31,22347,1214,10,5.086414337158203
LightGCN,2000,2000-12-31,22385,1198,1,5.333897113800049
LightGCN,2000,2000-12-31,22385,593,2,5.304182052612305
LightGCN,2000,2000-12-31,22385,858,3,5.153280258178711
LightGCN,2000,2000-12-31,22385,527,4,5.062834739685059
LightGCN,2000,2000-12-31,22385,1210,5,5.045950889587402
LightGCN,2000,2000-12-31,22385,1617,6,5.040900230407715
LightGCN,2000,2000-12-31,22385,1240,7,4.899160861968994
LightGCN,2000,2000-12-31,22385,912,8,4.898822784423828
LightGCN,2000,2000-12-31,22385,541,9,4.892630577087402
LightGCN,2000,2000-12-31,22385,1213,10,4.858630657196045
LightGCN,2000,2000-12-31,22601,1198,1,5.75391960144043
LightGCN,2000,2000-12-31,22601,1617,2,5.4713239669799805
LightGCN,2000,2000-12-31,22601,1197,3,5.35825777053833
LightGCN,2000,2000-12-31,22601,912,4,5.307736396789551
LightGCN,2000,2000-12-31,22601,2028,5,5.286245346069336
LightGCN,2000,2000-12-31,22601,1213,6,5.248532295227051
LightGCN,2000,2000-12-31,22601,2396,7,5.220490455627441
LightGCN,2000,2000-12-31,22601,1193,8,5.161468505859375
LightGCN,2000,2000-12-31,22601,1136,9,5.092072486877441
LightGCN,2000,2000-12-31,22601,1225,10,5.055274963378906
LightGCN,2000,2000-12-31,22651,1198,1,5.4253950119018555
LightGCN,2000,2000-12-31,22651,912,2,5.156763553619385
LightGCN,2000,2000-12-31,22651,2858,3,5.090972900390625
LightGCN,2000,2000-12-31,22651,1197,4,5.0614142417907715
LightGCN,2000,2000-12-31,22651,1270,5,5.0445661544799805
LightGCN,2000,2000-12-31,22651,1240,6,4.964961051940918
LightGCN,2000,2000-12-31,22651,541,7,4.919090270996094
LightGCN,2000,2000-12-31,22651,1721,8,4.869588851928711
LightGCN,2000,2000-12-31,22651,919,9,4.851092338562012
LightGCN,2000,2000-12-31,22651,2762,10,4.83345890045166
LightGCN,2000,2000-12-31,22994,1196,1,4.77400541305542
LightGCN,2000,2000-12-31,22994,1198,2,4.420961856842041
LightGCN,2000,2000-12-31,22994,608,3,4.352485179901123
LightGCN,2000,2000-12-31,22994,260,4,4.301785469055176
LightGCN,2000,2000-12-31,22994,1617,5,4.298467636108398
LightGCN,2000,2000-12-31,22994,1210,6,4.145957946777344
LightGCN,2000,2000-12-31,22994,2028,7,4.141088485717773
LightGCN,2000,2000-12-31,22994,2396,8,4.136911392211914
LightGCN,2000,2000-12-31,22994,1270,9,4.124242305755615
LightGCN,2000,2000-12-31,22994,1197,10,4.121384620666504
LightGCN,2000,2000-12-31,23017,1198,1,5.337691783905029
LightGCN,2000,2000-12-31,23017,260,2,5.031623840332031
LightGCN,2000,2000-12-31,23017,1197,3,4.970871925354004
LightGCN,2000,2000-12-31,23017,1240,4,4.887732982635498
LightGCN,2000,2000-12-31,23017,541,5,4.854107856750488
LightGCN,2000,2000-12-31,23017,924,6,4.827459335327148
LightGCN,2000,2000-12-31,23017,1097,7,4.7264204025268555
LightGCN,2000,2000-12-31,23017,2571,8,4.701665878295898
LightGCN,2000,2000-12-31,23017,1214,9,4.667689323425293
LightGCN,2000,2000-12-31,23017,2858,10,4.638957977294922
LightGCN,2000,2000-12-31,23232,1196,1,5.144136428833008
LightGCN,2000,2000-12-31,23232,2396,2,4.826183319091797
LightGCN,2000,2000-12-31,23232,2028,3,4.785397529602051
LightGCN,2000,2000-12-31,23232,1198,4,4.721366882324219
LightGCN,2000,2000-12-31,23232,2571,5,4.591826438903809
LightGCN,2000,2000-12-31,23232,2762,6,4.47979736328125
LightGCN,2000,2000-12-31,23232,1221,7,4.470885276794434
LightGCN,2000,2000-12-31,23232,1197,8,4.424856185913086
LightGCN,2000,2000-12-31,23232,1784,9,4.399524688720703
LightGCN,2000,2000-12-31,23232,1721,10,4.372787952423096
LightGCN,2000,2000-12-31,23286,527,1,6.886698246002197
LightGCN,2000,2000-12-31,23286,318,2,6.829958915710449
LightGCN,2000,2000-12-31,23286,858,3,6.650626182556152
LightGCN,2000,2000-12-31,23286,590,4,6.242358207702637
LightGCN,2000,2000-12-31,23286,1270,5,6.100759506225586
LightGCN,2000,2000-12-31,23286,1097,6,5.948678016662598
LightGCN,2000,2000-12-31,23286,592,7,5.841218948364258
LightGCN,2000,2000-12-31,23286,912,8,5.796788215637207
LightGCN,2000,2000-12-31,23286,1136,9,5.741394996643066
LightGCN,2000,2000-12-31,23286,36,10,5.72642707824707
LightGCN,2000,2000-12-31,23499,858,1,7.097348690032959
LightGCN,2000,2000-12-31,23499,50,2,6.880562782287598
LightGCN,2000,2000-12-31,23499,34,3,6.5430474281311035
LightGCN,2000,2000-12-31,23499,36,4,6.299126148223877
LightGCN,2000,2000-12-31,23499,17,5,6.255563259124756
LightGCN,2000,2000-12-31,23499,377,6,6.21381139755249
LightGCN,2000,2000-12-31,23499,1213,7,6.061487197875977
LightGCN,2000,2000-12-31,23499,21,8,6.053749084472656
LightGCN,2000,2000-12-31,23499,1214,9,6.03526496887207
LightGCN,2000,2000-12-31,23499,111,10,6.025491714477539
LightGCN,2000,2000-12-31,23530,1196,1,5.474880218505859
LightGCN,2000,2000-12-31,23530,1198,2,5.0558390617370605
LightGCN,2000,2000-12-31,23530,1617,3,5.024485111236572
LightGCN,2000,2000-12-31,23530,2028,4,4.860700607299805
LightGCN,2000,2000-12-31,23530,912,5,4.755098819732666
LightGCN,2000,2000-12-31,23530,1197,6,4.72084379196167
LightGCN,2000,2000-12-31,23530,1270,7,4.702763557434082
LightGCN,2000,2000-12-31,23530,1213,8,4.698430061340332
LightGCN,2000,2000-12-31,23530,1221,9,4.6727399826049805
LightGCN,2000,2000-12-31,23530,1704,10,4.647164344787598
LightGCN,2000,2000-12-31,23604,1196,1,6.058455467224121
LightGCN,2000,2000-12-31,23604,858,2,5.431440830230713
LightGCN,2000,2000-12-31,23604,260,3,5.407880783081055
LightGCN,2000,2000-12-31,23604,912,4,5.234735012054443
LightGCN,2000,2000-12-31,23604,1197,5,5.227268218994141
LightGCN,2000,2000-12-31,23604,1210,6,5.212522983551025
LightGCN,2000,2000-12-31,23604,2028,7,5.1744279861450195
LightGCN,2000,2000-12-31,23604,1240,8,5.142341613769531
LightGCN,2000,2000-12-31,23604,1221,9,5.130705833435059
LightGCN,2000,2000-12-31,23604,541,10,5.111110687255859
LightGCN,2000,2000-12-31,23918,260,1,4.352623462677002
LightGCN,2000,2000-12-31,23918,296,2,4.208150863647461
LightGCN,2000,2000-12-31,23918,593,3,4.195918083190918
LightGCN,2000,2000-12-31,23918,1,4,3.992769241333008
LightGCN,2000,2000-12-31,23918,32,5,3.9886436462402344
LightGCN,2000,2000-12-31,23918,356,6,3.957153558731079
LightGCN,2000,2000-12-31,23918,1210,7,3.9372198581695557
LightGCN,2000,2000-12-31,23918,318,8,3.8743300437927246
LightGCN,2000,2000-12-31,23918,150,9,3.814157724380493
LightGCN,2000,2000-12-31,23918,527,10,3.8055787086486816
LightGCN,2000,2000-12-31,24034,296,1,5.657035827636719
LightGCN,2000,2000-12-31,24034,593,2,5.646190166473389
LightGCN,2000,2000-12-31,24034,260,3,5.4330878257751465
LightGCN,2000,2000-12-31,24034,457,4,5.366420745849609
LightGCN,2000,2000-12-31,24034,356,5,5.21730375289917
LightGCN,2000,2000-12-31,24034,527,6,5.201068878173828
LightGCN,2000,2000-12-31,24034,318,7,5.183852672576904
LightGCN,2000,2000-12-31,24034,1196,8,5.15772008895874
LightGCN,2000,2000-12-31,24034,858,9,4.941659927368164
LightGCN,2000,2000-12-31,24034,150,10,4.922501564025879
LightGCN,2000,2000-12-31,24248,1270,1,5.31644344329834
LightGCN,2000,2000-12-31,24248,1213,2,5.238571643829346
LightGCN,2000,2000-12-31,24248,1221,3,5.191680908203125
LightGCN,2000,2000-12-31,24248,541,4,5.1910858154296875
LightGCN,2000,2000-12-31,24248,924,5,5.132342338562012
LightGCN,2000,2000-12-31,24248,296,6,5.0680999755859375
LightGCN,2000,2000-12-31,24248,1097,7,5.0652265548706055
LightGCN,2000,2000-12-31,24248,1136,8,5.064072608947754
LightGCN,2000,2000-12-31,24248,1225,9,5.0494384765625
LightGCN,2000,2000-12-31,24248,1721,10,5.019586086273193
LightGCN,2000,2000-12-31,25483,1196,1,4.528022766113281
LightGCN,2000,2000-12-31,25483,608,2,4.411691188812256
LightGCN,2000,2000-12-31,25483,260,3,4.37758731842041
LightGCN,2000,2000-12-31,25483,593,4,4.259486675262451
LightGCN,2000,2000-12-31,25483,296,5,4.241676330566406
LightGCN,2000,2000-12-31,25483,1198,6,4.218231201171875
LightGCN,2000,2000-12-31,25483,1210,7,4.143969535827637
LightGCN,2000,2000-12-31,25483,527,8,4.049314498901367
LightGCN,2000,2000-12-31,25483,1270,9,3.943392038345337
LightGCN,2000,2000-12-31,25483,457,10,3.8941426277160645
LightGCN,2000,2000-12-31,25914,1198,1,6.1978020668029785
LightGCN,2000,2000-12-31,25914,1210,2,6.094520092010498
LightGCN,2000,2000-12-31,25914,1270,3,5.795556545257568
LightGCN,2000,2000-12-31,25914,1197,4,5.752785682678223
LightGCN,2000,2000-12-31,25914,541,5,5.696969032287598
LightGCN,2000,2000-12-31,25914,1617,6,5.669255256652832
LightGCN,2000,2000-12-31,25914,356,7,5.646132469177246
LightGCN,2000,2000-12-31,25914,912,8,5.6430253982543945
LightGCN,2000,2000-12-31,25914,1097,9,5.590232849121094
LightGCN,2000,2000-12-31,25914,1193,10,5.528628349304199
LightGCN,2000,2000-12-31,26056,1196,1,5.866980075836182
LightGCN,2000,2000-12-31,26056,912,2,4.9562859535217285
LightGCN,2000,2000-12-31,26056,924,3,4.848034858703613
LightGCN,2000,2000-12-31,26056,1265,4,4.800793170928955
LightGCN,2000,2000-12-31,26056,1200,5,4.757297992706299
LightGCN,2000,2000-12-31,26056,2396,6,4.699631690979004
LightGCN,2000,2000-12-31,26056,1307,7,4.683106422424316
LightGCN,2000,2000-12-31,26056,1580,8,4.646185398101807
LightGCN,2000,2000-12-31,26056,1784,9,4.630890846252441
LightGCN,2000,2000-12-31,26056,1079,10,4.531699180603027
LightGCN,2000,2000-12-31,26563,1617,1,4.713303565979004
LightGCN,2000,2000-12-31,26563,2028,2,4.57114839553833
LightGCN,2000,2000-12-31,26563,858,3,4.54096794128418
LightGCN,2000,2000-12-31,26563,912,4,4.511650085449219
LightGCN,2000,2000-12-31,26563,1270,5,4.5094709396362305
LightGCN,2000,2000-12-31,26563,1197,6,4.508986949920654
LightGCN,2000,2000-12-31,26563,608,7,4.496006965637207
LightGCN,2000,2000-12-31,26563,1213,8,4.456558704376221
LightGCN,2000,2000-12-31,26563,1240,9,4.441335678100586
LightGCN,2000,2000-12-31,26563,260,10,4.433890342712402
LightGCN,2000,2000-12-31,26593,296,1,5.3715972900390625
LightGCN,2000,2000-12-31,26593,593,2,5.329902648925781
LightGCN,2000,2000-12-31,26593,457,3,5.268196105957031
LightGCN,2000,2000-12-31,26593,150,4,5.000946521759033
LightGCN,2000,2000-12-31,26593,608,5,4.98818302154541
LightGCN,2000,2000-12-31,26593,318,6,4.960104465484619
LightGCN,2000,2000-12-31,26593,260,7,4.949774742126465
LightGCN,2000,2000-12-31,26593,480,8,4.8858137130737305
LightGCN,2000,2000-12-31,26593,590,9,4.884716987609863
LightGCN,2000,2000-12-31,26593,32,10,4.814255237579346
LightGCN,2000,2000-12-31,27345,2762,1,2.514392614364624
LightGCN,2000,2000-12-31,27345,2396,2,2.474494218826294
LightGCN,2000,2000-12-31,27345,2028,3,2.319139003753662
LightGCN,2000,2000-12-31,27345,2571,4,2.2943315505981445
LightGCN,2000,2000-12-31,27345,1617,5,2.285184383392334
LightGCN,2000,2000-12-31,27345,2599,6,2.1386501789093018
LightGCN,2000,2000-12-31,27345,2716,7,2.1058013439178467
LightGCN,2000,2000-12-31,27345,1704,8,2.030349016189575
LightGCN,2000,2000-12-31,27345,1923,9,2.016360282897949
LightGCN,2000,2000-12-31,27345,2712,10,2.0096588134765625
LightGCN,2000,2000-12-31,27795,2858,1,1.5629140138626099
LightGCN,2000,2000-12-31,27795,2396,2,1.2840871810913086
LightGCN,2000,2000-12-31,27795,2712,3,1.2386085987091064
LightGCN,2000,2000-12-31,27795,2710,4,1.2191929817199707
LightGCN,2000,2000-12-31,27795,2599,5,1.201566457748413
LightGCN,2000,2000-12-31,27795,2997,6,1.1963467597961426
LightGCN,2000,2000-12-31,27795,2763,7,1.1904855966567993
LightGCN,2000,2000-12-31,27795,2890,8,1.1606903076171875
LightGCN,2000,2000-12-31,27795,2571,9,1.159201741218567
LightGCN,2000,2000-12-31,27795,2028,10,1.137709617614746
LightGCN,2000,2000-12-31,27897,150,1,5.861657619476318
LightGCN,2000,2000-12-31,27897,608,2,5.798508644104004
LightGCN,2000,2000-12-31,27897,260,3,5.7426276206970215
LightGCN,2000,2000-12-31,27897,110,4,5.580144882202148
LightGCN,2000,2000-12-31,27897,32,5,5.541271209716797
LightGCN,2000,2000-12-31,27897,592,6,5.436494827270508
LightGCN,2000,2000-12-31,27897,1,7,5.391288757324219
LightGCN,2000,2000-12-31,27897,50,8,5.218122482299805
LightGCN,2000,2000-12-31,27897,588,9,5.138461112976074
LightGCN,2000,2000-12-31,27897,34,10,5.0513482093811035
LightGCN,2000,2000-12-31,27944,1617,1,4.4246673583984375
LightGCN,2000,2000-12-31,27944,2028,2,4.307986259460449
LightGCN,2000,2000-12-31,27944,1198,3,4.278114318847656
LightGCN,2000,2000-12-31,27944,912,4,4.100723743438721
LightGCN,2000,2000-12-31,27944,1704,5,4.070594310760498
LightGCN,2000,2000-12-31,27944,1213,6,4.048117637634277
LightGCN,2000,2000-12-31,27944,1221,7,4.0298261642456055
LightGCN,2000,2000-12-31,27944,1197,8,4.003991603851318
LightGCN,2000,2000-12-31,27944,1270,9,3.9732301235198975
LightGCN,2000,2000-12-31,27944,1784,10,3.970966339111328
LightGCN,2000,2000-12-31,28510,912,1,5.4964518547058105
LightGCN,2000,2000-12-31,28510,2571,2,5.464292049407959
LightGCN,2000,2000-12-31,28510,1221,3,5.409682273864746
LightGCN,2000,2000-12-31,28510,1721,4,5.332719802856445
LightGCN,2000,2000-12-31,28510,1784,5,5.313548564910889
LightGCN,2000,2000-12-31,28510,924,6,5.284101486206055
LightGCN,2000,2000-12-31,28510,541,7,5.255690097808838
LightGCN,2000,2000-12-31,28510,1225,8,5.2098612785339355
LightGCN,2000,2000-12-31,28510,1097,9,5.120608329772949
LightGCN,2000,2000-12-31,28510,1200,10,5.077410697937012
LightGCN,2000,2000-12-31,28658,1198,1,5.980094909667969
LightGCN,2000,2000-12-31,28658,2028,2,5.669851779937744
LightGCN,2000,2000-12-31,28658,1270,3,5.570253372192383
LightGCN,2000,2000-12-31,28658,1240,4,5.468176364898682
LightGCN,2000,2000-12-31,28658,541,5,5.452420234680176
LightGCN,2000,2000-12-31,28658,260,6,5.443525314331055
LightGCN,2000,2000-12-31,28658,924,7,5.432497978210449
LightGCN,2000,2000-12-31,28658,1704,8,5.425266265869141
LightGCN,2000,2000-12-31,28658,2571,9,5.418348789215088
LightGCN,2000,2000-12-31,28658,1225,10,5.350865840911865
LightGCN,2000,2000-12-31,28819,608,1,5.950321197509766
LightGCN,2000,2000-12-31,28819,1210,2,5.6898298263549805
LightGCN,2000,2000-12-31,28819,1617,3,5.65131950378418
LightGCN,2000,2000-12-31,28819,1270,4,5.5759148597717285
LightGCN,2000,2000-12-31,28819,1213,5,5.455172061920166
LightGCN,2000,2000-12-31,28819,296,6,5.434619903564453
LightGCN,2000,2000-12-31,28819,2028,7,5.417092800140381
LightGCN,2000,2000-12-31,28819,924,8,5.354961395263672
LightGCN,2000,2000-12-31,28819,527,9,5.333889961242676
LightGCN,2000,2000-12-31,28819,919,10,5.258934020996094
LightGCN,2000,2000-12-31,29288,780,1,6.879315376281738
LightGCN,2000,2000-12-31,29288,457,2,6.575648307800293
LightGCN,2000,2000-12-31,29288,736,3,6.451476573944092
LightGCN,2000,2000-12-31,29288,150,4,6.426419258117676
LightGCN,2000,2000-12-31,29288,608,5,6.425022602081299
LightGCN,2000,2000-12-31,29288,356,6,6.341009616851807
LightGCN,2000,2000-12-31,29288,590,7,6.291720390319824
LightGCN,2000,2000-12-31,29288,480,8,6.173402786254883
LightGCN,2000,2000-12-31,29288,592,9,6.029642105102539
LightGCN,2000,2000-12-31,29288,318,10,6.009758472442627
LightGCN,2000,2000-12-31,29403,36,1,5.0171308517456055
LightGCN,2000,2000-12-31,29403,1183,2,4.88593053817749
LightGCN,2000,2000-12-31,29403,912,3,4.868340492248535
LightGCN,2000,2000-12-31,29403,17,4,4.867125511169434
LightGCN,2000,2000-12-31,29403,25,5,4.668442726135254
LightGCN,2000,2000-12-31,29403,1259,6,4.588461875915527
LightGCN,2000,2000-12-31,29403,592,7,4.562134742736816
LightGCN,2000,2000-12-31,29403,2396,8,4.4481000900268555
LightGCN,2000,2000-12-31,29403,1247,9,4.422624111175537
LightGCN,2000,2000-12-31,29403,1394,10,4.417603492736816
LightGCN,2000,2000-12-31,29460,2396,1,5.173088073730469
LightGCN,2000,2000-12-31,29460,1198,2,5.062150001525879
LightGCN,2000,2000-12-31,29460,2571,3,4.893989562988281
LightGCN,2000,2000-12-31,29460,1704,4,4.776727676391602
LightGCN,2000,2000-12-31,29460,2762,5,4.774322032928467
LightGCN,2000,2000-12-31,29460,1197,6,4.730276107788086
LightGCN,2000,2000-12-31,29460,1193,7,4.709583282470703
LightGCN,2000,2000-12-31,29460,1784,8,4.662605285644531
LightGCN,2000,2000-12-31,29460,1240,9,4.635753631591797
LightGCN,2000,2000-12-31,29460,1225,10,4.617045879364014
LightGCN,2000,2000-12-31,29786,1196,1,6.278079509735107
LightGCN,2000,2000-12-31,29786,608,2,6.117706775665283
LightGCN,2000,2000-12-31,29786,593,3,6.087869644165039
LightGCN,2000,2000-12-31,29786,296,4,6.073052406311035
LightGCN,2000,2000-12-31,29786,260,5,6.037371635437012
LightGCN,2000,2000-12-31,29786,1198,6,5.846456527709961
LightGCN,2000,2000-12-31,29786,858,7,5.774995803833008
LightGCN,2000,2000-12-31,29786,527,8,5.751430034637451
LightGCN,2000,2000-12-31,29786,457,9,5.607149124145508
LightGCN,2000,2000-12-31,29786,318,10,5.531889915466309
LightGCN,2000,2000-12-31,29987,590,1,7.198433876037598
LightGCN,2000,2000-12-31,29987,260,2,7.160612106323242
LightGCN,2000,2000-12-31,29987,318,3,7.009819984436035
LightGCN,2000,2000-12-31,29987,110,4,6.767259120941162
LightGCN,2000,2000-12-31,29987,588,5,6.468557834625244
LightGCN,2000,2000-12-31,29987,1210,6,6.322388648986816
LightGCN,2000,2000-12-31,29987,17,7,6.202883243560791
LightGCN,2000,2000-12-31,29987,595,8,6.092521667480469
LightGCN,2000,2000-12-31,29987,25,9,6.045865058898926
LightGCN,2000,2000-12-31,29987,1073,10,6.033262252807617
LightGCN,2000,2000-12-31,30157,260,1,6.228265285491943
LightGCN,2000,2000-12-31,30157,608,2,6.219287872314453
LightGCN,2000,2000-12-31,30157,1617,3,5.850270748138428
LightGCN,2000,2000-12-31,30157,1197,4,5.807718753814697
LightGCN,2000,2000-12-31,30157,593,5,5.764754295349121
LightGCN,2000,2000-12-31,30157,912,6,5.723210334777832
LightGCN,2000,2000-12-31,30157,296,7,5.700159549713135
LightGCN,2000,2000-12-31,30157,1213,8,5.668918132781982
LightGCN,2000,2000-12-31,30157,2028,9,5.622493267059326
LightGCN,2000,2000-12-31,30157,1136,10,5.522353172302246
LightGCN,2000,2000-12-31,30577,260,1,6.4317169189453125
LightGCN,2000,2000-12-31,30577,32,2,5.526884078979492
LightGCN,2000,2000-12-31,30577,1,3,5.457703113555908
LightGCN,2000,2000-12-31,30577,1197,4,5.314097881317139
LightGCN,2000,2000-12-31,30577,541,5,5.285003662109375
LightGCN,2000,2000-12-31,30577,1097,6,5.2477827072143555
LightGCN,2000,2000-12-31,30577,34,7,5.169558525085449
LightGCN,2000,2000-12-31,30577,1265,8,5.089986801147461
LightGCN,2000,2000-12-31,30577,912,9,5.040022373199463
LightGCN,2000,2000-12-31,30577,1214,10,5.020423412322998
LightGCN,2000,2000-12-31,30973,527,1,5.584156513214111
LightGCN,2000,2000-12-31,30973,912,2,5.437608242034912
LightGCN,2000,2000-12-31,30973,1193,3,5.329836368560791
LightGCN,2000,2000-12-31,30973,924,4,5.318700313568115
LightGCN,2000,2000-12-31,30973,1265,5,5.29567813873291
LightGCN,2000,2000-12-31,30973,318,6,5.252189636230469
LightGCN,2000,2000-12-31,30973,1200,7,5.2455596923828125
LightGCN,2000,2000-12-31,30973,1225,8,5.218530178070068
LightGCN,2000,2000-12-31,30973,1580,9,5.162480354309082
LightGCN,2000,2000-12-31,30973,1307,10,5.1508941650390625
LightGCN,2000,2000-12-31,31085,1196,1,5.478758811950684
LightGCN,2000,2000-12-31,31085,260,2,5.442166805267334
LightGCN,2000,2000-12-31,31085,1210,3,5.142921447753906
LightGCN,2000,2000-12-31,31085,1198,4,5.098358154296875
LightGCN,2000,2000-12-31,31085,527,5,5.027703762054443
LightGCN,2000,2000-12-31,31085,356,6,4.809235572814941
LightGCN,2000,2000-12-31,31085,1270,7,4.773052215576172
LightGCN,2000,2000-12-31,31085,1197,8,4.743110179901123
LightGCN,2000,2000-12-31,31085,1240,9,4.690441131591797
LightGCN,2000,2000-12-31,31085,541,10,4.687684535980225
LightGCN,2000,2000-12-31,31521,1240,1,6.260350227355957
LightGCN,2000,2000-12-31,31521,541,2,6.207159042358398
LightGCN,2000,2000-12-31,31521,912,3,6.163431167602539
LightGCN,2000,2000-12-31,31521,1213,4,6.139466285705566
LightGCN,2000,2000-12-31,31521,1221,5,6.053456783294678
LightGCN,2000,2000-12-31,31521,457,6,5.981962203979492
LightGCN,2000,2000-12-31,31521,1721,7,5.947669506072998
LightGCN,2000,2000-12-31,31521,1291,8,5.826249599456787
LightGCN,2000,2000-12-31,31521,589,9,5.662973880767822
LightGCN,2000,2000-12-31,31521,1247,10,5.62165641784668
LightGCN,2000,2000-12-31,31683,1196,1,5.732312202453613
LightGCN,2000,2000-12-31,31683,912,2,5.081029891967773
LightGCN,2000,2000-12-31,31683,2571,3,5.0233154296875
LightGCN,2000,2000-12-31,31683,1213,4,4.9903364181518555
LightGCN,2000,2000-12-31,31683,1221,5,4.987545013427734
LightGCN,2000,2000-12-31,31683,1704,6,4.979100704193115
LightGCN,2000,2000-12-31,31683,1197,7,4.929800510406494
LightGCN,2000,2000-12-31,31683,1270,8,4.887742042541504
LightGCN,2000,2000-12-31,31683,2762,9,4.887172698974609
LightGCN,2000,2000-12-31,31683,924,10,4.855566024780273
LightGCN,2000,2000-12-31,31857,1198,1,4.749617576599121
LightGCN,2000,2000-12-31,31857,1617,2,4.587103843688965
LightGCN,2000,2000-12-31,31857,858,3,4.584274768829346
LightGCN,2000,2000-12-31,31857,912,4,4.428445816040039
LightGCN,2000,2000-12-31,31857,1197,5,4.422710418701172
LightGCN,2000,2000-12-31,31857,1270,6,4.417244911193848
LightGCN,2000,2000-12-31,31857,2396,7,4.372270584106445
LightGCN,2000,2000-12-31,31857,1221,8,4.346139430999756
LightGCN,2000,2000-12-31,31857,1193,9,4.309313774108887
LightGCN,2000,2000-12-31,31857,1704,10,4.243176460266113
LightGCN,2000,2000-12-31,32711,1580,1,6.2372870445251465
LightGCN,2000,2000-12-31,32711,2628,2,6.056960582733154
LightGCN,2000,2000-12-31,32711,1610,3,6.04451847076416
LightGCN,2000,2000-12-31,32711,1584,4,5.947664260864258
LightGCN,2000,2000-12-31,32711,1250,5,5.873164176940918
LightGCN,2000,2000-12-31,32711,5060,6,5.800478935241699
LightGCN,2000,2000-12-31,32711,2916,7,5.647581100463867
LightGCN,2000,2000-12-31,32711,1233,8,5.635161876678467
LightGCN,2000,2000-12-31,32711,1222,9,5.631662845611572
LightGCN,2000,2000-12-31,32711,2355,10,5.594137191772461
LightGCN,2000,2000-12-31,32935,1198,1,4.764995574951172
LightGCN,2000,2000-12-31,32935,260,2,4.762221336364746
LightGCN,2000,2000-12-31,32935,608,3,4.757938385009766
LightGCN,2000,2000-12-31,32935,858,4,4.638345718383789
LightGCN,2000,2000-12-31,32935,296,5,4.49506950378418
LightGCN,2000,2000-12-31,32935,1617,6,4.432100296020508
LightGCN,2000,2000-12-31,32935,527,7,4.358251094818115
LightGCN,2000,2000-12-31,32935,541,8,4.349656581878662
LightGCN,2000,2000-12-31,32935,912,9,4.339712142944336
LightGCN,2000,2000-12-31,32935,1213,10,4.306369781494141
LightGCN,2000,2000-12-31,33082,1270,1,5.271729469299316
LightGCN,2000,2000-12-31,33082,924,2,4.8500590324401855
LightGCN,2000,2000-12-31,33082,919,3,4.791082382202148
LightGCN,2000,2000-12-31,33082,1225,4,4.73654842376709
LightGCN,2000,2000-12-31,33082,17,5,4.723013877868652
LightGCN,2000,2000-12-31,33082,1073,6,4.622492790222168
LightGCN,2000,2000-12-31,33082,1220,7,4.5411200523376465
LightGCN,2000,2000-12-31,33082,1356,8,4.524201393127441
LightGCN,2000,2000-12-31,33082,1393,9,4.511922836303711
LightGCN,2000,2000-12-31,33082,111,10,4.474010467529297
LightGCN,2000,2000-12-31,33172,1136,1,3.448340892791748
LightGCN,2000,2000-12-31,33172,1208,2,3.335846424102783
LightGCN,2000,2000-12-31,33172,1234,3,3.210261344909668
LightGCN,2000,2000-12-31,33172,2858,4,3.1961312294006348
LightGCN,2000,2000-12-31,33172,953,5,2.985267162322998
LightGCN,2000,2000-12-31,33172,913,6,2.92806339263916
LightGCN,2000,2000-12-31,33172,1080,7,2.9272348880767822
LightGCN,2000,2000-12-31,33172,1250,8,2.920632839202881
LightGCN,2000,2000-12-31,33172,1682,9,2.8468382358551025
LightGCN,2000,2000-12-31,33172,2716,10,2.840437412261963
LightGCN,2000,2000-12-31,33218,593,1,6.369938850402832
LightGCN,2000,2000-12-31,33218,318,2,5.850647926330566
LightGCN,2000,2000-12-31,33218,527,3,5.825930118560791
LightGCN,2000,2000-12-31,33218,32,4,5.676103591918945
LightGCN,2000,2000-12-31,33218,150,5,5.646804332733154
LightGCN,2000,2000-12-31,33218,858,6,5.622738838195801
LightGCN,2000,2000-12-31,33218,589,7,5.610746383666992
LightGCN,2000,2000-12-31,33218,110,8,5.568268775939941
LightGCN,2000,2000-12-31,33218,36,9,5.097680568695068
LightGCN,2000,2000-12-31,33218,34,10,5.082804203033447
LightGCN,2000,2000-12-31,33364,1198,1,4.672079563140869
LightGCN,2000,2000-12-31,33364,858,2,4.485569000244141
LightGCN,2000,2000-12-31,33364,1617,3,4.470780372619629
LightGCN,2000,2000-12-31,33364,608,4,4.349237442016602
LightGCN,2000,2000-12-31,33364,1240,5,4.324428558349609
LightGCN,2000,2000-12-31,33364,912,6,4.271683692932129
LightGCN,2000,2000-12-31,33364,1213,7,4.244442462921143
LightGCN,2000,2000-12-31,33364,2396,8,4.215261459350586
LightGCN,2000,2000-12-31,33364,1221,9,4.208746433258057
LightGCN,2000,2000-12-31,33364,541,10,4.193663597106934
LightGCN,2000,2000-12-31,33717,1196,1,4.915425777435303
LightGCN,2000,2000-12-31,33717,1198,2,4.543051719665527
LightGCN,2000,2000-12-31,33717,858,3,4.368886947631836
LightGCN,2000,2000-12-31,33717,2028,4,4.305489540100098
LightGCN,2000,2000-12-31,33717,2396,5,4.268712043762207
LightGCN,2000,2000-12-31,33717,260,6,4.26024055480957
LightGCN,2000,2000-12-31,33717,1197,7,4.242855072021484
LightGCN,2000,2000-12-31,33717,912,8,4.240324020385742
LightGCN,2000,2000-12-31,33717,608,9,4.236637592315674
LightGCN,2000,2000-12-31,33717,1270,10,4.225983619689941
LightGCN,2000,2000-12-31,33721,593,1,6.611608028411865
LightGCN,2000,2000-12-31,33721,296,2,6.597116470336914
LightGCN,2000,2000-12-31,33721,608,3,6.58980131149292
LightGCN,2000,2000-12-31,33721,457,4,6.304252624511719
LightGCN,2000,2000-12-31,33721,356,5,6.129482269287109
LightGCN,2000,2000-12-31,33721,527,6,6.074501991271973
LightGCN,2000,2000-12-31,33721,318,7,6.048890590667725
LightGCN,2000,2000-12-31,33721,858,8,5.932104110717773
LightGCN,2000,2000-12-31,33721,480,9,5.832045555114746
LightGCN,2000,2000-12-31,33721,150,10,5.783952236175537
LightGCN,2000,2000-12-31,33941,1196,1,5.904030799865723
LightGCN,2000,2000-12-31,33941,608,2,5.879647254943848
LightGCN,2000,2000-12-31,33941,457,3,5.671968936920166
LightGCN,2000,2000-12-31,33941,527,4,5.644988059997559
LightGCN,2000,2000-12-31,33941,318,5,5.529208660125732
LightGCN,2000,2000-12-31,33941,1198,6,5.505096435546875
LightGCN,2000,2000-12-31,33941,1210,7,5.467972755432129
LightGCN,2000,2000-12-31,33941,858,8,5.455930709838867
LightGCN,2000,2000-12-31,33941,589,9,5.245578765869141
LightGCN,2000,2000-12-31,33941,110,10,5.198873043060303
LightGCN,2000,2000-12-31,34382,593,1,4.508078575134277
LightGCN,2000,2000-12-31,34382,457,2,4.485569953918457
LightGCN,2000,2000-12-31,34382,150,3,4.269618034362793
LightGCN,2000,2000-12-31,34382,260,4,4.209323883056641
LightGCN,2000,2000-12-31,34382,608,5,4.201196193695068
LightGCN,2000,2000-12-31,34382,480,6,4.180061340332031
LightGCN,2000,2000-12-31,34382,590,7,4.174595355987549
LightGCN,2000,2000-12-31,34382,32,8,4.134231090545654
LightGCN,2000,2000-12-31,34382,110,9,4.02606201171875
LightGCN,2000,2000-12-31,34382,592,10,3.975722312927246
LightGCN,2000,2000-12-31,34450,1197,1,5.8000688552856445
LightGCN,2000,2000-12-31,34450,912,2,5.768242835998535
LightGCN,2000,2000-12-31,34450,2028,3,5.750497817993164
LightGCN,2000,2000-12-31,34450,1704,4,5.545536041259766
LightGCN,2000,2000-12-31,34450,1097,5,5.535737037658691
LightGCN,2000,2000-12-31,34450,1136,6,5.521029472351074
LightGCN,2000,2000-12-31,34450,919,7,5.49300479888916
LightGCN,2000,2000-12-31,34450,1721,8,5.492527008056641
LightGCN,2000,2000-12-31,34450,1214,9,5.44989013671875
LightGCN,2000,2000-12-31,34450,1784,10,5.440431594848633
LightGCN,2000,2000-12-31,34709,1196,1,4.4893083572387695
LightGCN,2000,2000-12-31,34709,608,2,4.132555961608887
LightGCN,2000,2000-12-31,34709,260,3,4.085466384887695
LightGCN,2000,2000-12-31,34709,858,4,4.041846752166748
LightGCN,2000,2000-12-31,34709,1617,5,3.9522414207458496
LightGCN,2000,2000-12-31,34709,593,6,3.9438271522521973
LightGCN,2000,2000-12-31,34709,296,7,3.919928789138794
LightGCN,2000,2000-12-31,34709,1210,8,3.9153995513916016
LightGCN,2000,2000-12-31,34709,1270,9,3.884756088256836
LightGCN,2000,2000-12-31,34709,1197,10,3.8733081817626953
LightGCN,2000,2000-12-31,35038,1213,1,6.339137077331543
LightGCN,2000,2000-12-31,35038,1221,2,6.296202182769775
LightGCN,2000,2000-12-31,35038,541,3,6.222376823425293
LightGCN,2000,2000-12-31,35038,1210,4,6.191436767578125
LightGCN,2000,2000-12-31,35038,924,5,6.188670635223389
LightGCN,2000,2000-12-31,35038,1136,6,6.086593151092529
LightGCN,2000,2000-12-31,35038,919,7,6.083301067352295
LightGCN,2000,2000-12-31,35038,1265,8,5.964151382446289
LightGCN,2000,2000-12-31,35038,1307,9,5.900639057159424
LightGCN,2000,2000-12-31,35038,2762,10,5.880189418792725
LightGCN,2000,2000-12-31,35115,608,1,6.551066875457764
LightGCN,2000,2000-12-31,35115,593,2,6.309093475341797
LightGCN,2000,2000-12-31,35115,296,3,6.2686872482299805
LightGCN,2000,2000-12-31,35115,1210,4,6.19921875
LightGCN,2000,2000-12-31,35115,1197,5,6.017316818237305
LightGCN,2000,2000-12-31,35115,541,6,5.930211544036865
LightGCN,2000,2000-12-31,35115,1213,7,5.886628150939941
LightGCN,2000,2000-12-31,35115,1193,8,5.806929588317871
LightGCN,2000,2000-12-31,35115,1097,9,5.803139686584473
LightGCN,2000,2000-12-31,35115,2028,10,5.7984514236450195
LightGCN,2000,2000-12-31,35219,858,1,5.948792457580566
LightGCN,2000,2000-12-31,35219,1213,2,5.359636306762695
LightGCN,2000,2000-12-31,35219,1221,3,5.280129432678223
LightGCN,2000,2000-12-31,35219,1193,4,5.268972396850586
LightGCN,2000,2000-12-31,35219,924,5,5.26141881942749
LightGCN,2000,2000-12-31,35219,1214,6,5.237457275390625
LightGCN,2000,2000-12-31,35219,1208,7,4.9257307052612305
LightGCN,2000,2000-12-31,35219,750,8,4.891265392303467
LightGCN,2000,2000-12-31,35219,1183,9,4.885554313659668
LightGCN,2000,2000-12-31,35219,1304,10,4.8044753074646
LightGCN,2000,2000-12-31,35470,1240,1,4.742391586303711
LightGCN,2000,2000-12-31,35470,541,2,4.74105167388916
LightGCN,2000,2000-12-31,35470,1097,3,4.667196750640869
LightGCN,2000,2000-12-31,35470,1213,4,4.618651866912842
LightGCN,2000,2000-12-31,35470,1265,5,4.553081512451172
LightGCN,2000,2000-12-31,35470,589,6,4.549302577972412
LightGCN,2000,2000-12-31,35470,1221,7,4.54448127746582
LightGCN,2000,2000-12-31,35470,1214,8,4.524558067321777
LightGCN,2000,2000-12-31,35470,1200,9,4.4919023513793945
LightGCN,2000,2000-12-31,35470,480,10,4.4465742111206055
LightGCN,2000,2000-12-31,36214,2858,1,3.1695094108581543
LightGCN,2000,2000-12-31,36214,2762,2,2.9261128902435303
LightGCN,2000,2000-12-31,36214,2028,3,2.6285359859466553
LightGCN,2000,2000-12-31,36214,2571,4,2.600152015686035
LightGCN,2000,2000-12-31,36214,1617,5,2.5797290802001953
LightGCN,2000,2000-12-31,36214,2710,6,2.48873233795166
LightGCN,2000,2000-12-31,36214,2712,7,2.4061877727508545
LightGCN,2000,2000-12-31,36214,2716,8,2.38702392578125
LightGCN,2000,2000-12-31,36214,2770,9,2.3602871894836426
LightGCN,2000,2000-12-31,36214,2997,10,2.3310375213623047
LightGCN,2000,2000-12-31,36277,1197,1,7.441005229949951
LightGCN,2000,2000-12-31,36277,912,2,7.405182838439941
LightGCN,2000,2000-12-31,36277,1136,3,7.07656192779541
LightGCN,2000,2000-12-31,36277,919,4,7.0512495040893555
LightGCN,2000,2000-12-31,36277,1291,5,6.73483943939209
LightGCN,2000,2000-12-31,36277,923,6,6.697561264038086
LightGCN,2000,2000-12-31,36277,1259,7,6.601926803588867
LightGCN,2000,2000-12-31,36277,904,8,6.523383140563965
LightGCN,2000,2000-12-31,36277,1288,9,6.184045314788818
LightGCN,2000,2000-12-31,36277,1374,10,6.146999835968018
LightGCN,2000,2000-12-31,36478,2762,1,4.584714889526367
LightGCN,2000,2000-12-31,36478,1198,2,4.47287654876709
LightGCN,2000,2000-12-31,36478,1704,3,4.451855659484863
LightGCN,2000,2000-12-31,36478,1221,4,4.3695268630981445
LightGCN,2000,2000-12-31,36478,1784,5,4.319116115570068
LightGCN,2000,2000-12-31,36478,1721,6,4.234957218170166
LightGCN,2000,2000-12-31,36478,1923,7,4.203227996826172
LightGCN,2000,2000-12-31,36478,924,8,4.20109224319458
LightGCN,2000,2000-12-31,36478,1197,9,4.1998186111450195
LightGCN,2000,2000-12-31,36478,1270,10,4.120772361755371
LightGCN,2000,2000-12-31,37075,1210,1,6.264731407165527
LightGCN,2000,2000-12-31,37075,1270,2,6.19765567779541
LightGCN,2000,2000-12-31,37075,1197,3,6.176830291748047
LightGCN,2000,2000-12-31,37075,296,4,6.119383811950684
LightGCN,2000,2000-12-31,37075,1240,5,6.089702129364014
LightGCN,2000,2000-12-31,37075,1213,6,6.076481342315674
LightGCN,2000,2000-12-31,37075,541,7,6.0667924880981445
LightGCN,2000,2000-12-31,37075,1221,8,6.019872665405273
LightGCN,2000,2000-12-31,37075,1097,9,5.921534538269043
LightGCN,2000,2000-12-31,37075,1136,10,5.901566505432129
LightGCN,2000,2000-12-31,37477,1196,1,6.767694473266602
LightGCN,2000,2000-12-31,37477,296,2,6.161505222320557
LightGCN,2000,2000-12-31,37477,527,3,5.924247741699219
LightGCN,2000,2000-12-31,37477,1270,4,5.876248836517334
LightGCN,2000,2000-12-31,37477,541,5,5.773961544036865
LightGCN,2000,2000-12-31,37477,1240,6,5.76825475692749
LightGCN,2000,2000-12-31,37477,1221,7,5.669114589691162
LightGCN,2000,2000-12-31,37477,1097,8,5.640451908111572
LightGCN,2000,2000-12-31,37477,924,9,5.635509490966797
LightGCN,2000,2000-12-31,37477,457,10,5.611360549926758
LightGCN,2000,2000-12-31,37609,296,1,6.337574005126953
LightGCN,2000,2000-12-31,37609,608,2,6.328125
LightGCN,2000,2000-12-31,37609,480,3,5.517821311950684
LightGCN,2000,2000-12-31,37609,32,4,5.430980205535889
LightGCN,2000,2000-12-31,37609,1,5,5.3629913330078125
LightGCN,2000,2000-12-31,37609,590,6,5.278197288513184
LightGCN,2000,2000-12-31,37609,1270,7,5.2296648025512695
LightGCN,2000,2000-12-31,37609,541,8,5.157393932342529
LightGCN,2000,2000-12-31,37609,1097,9,5.089290618896484
LightGCN,2000,2000-12-31,37609,34,10,5.056732177734375
LightGCN,2000,2000-12-31,37645,1196,1,4.568123817443848
LightGCN,2000,2000-12-31,37645,2571,2,4.4518866539001465
LightGCN,2000,2000-12-31,37645,1704,3,4.255460739135742
LightGCN,2000,2000-12-31,37645,1784,4,4.121768951416016
LightGCN,2000,2000-12-31,37645,1213,5,4.08396053314209
LightGCN,2000,2000-12-31,37645,1923,6,4.0465497970581055
LightGCN,2000,2000-12-31,37645,1721,7,4.015085220336914
LightGCN,2000,2000-12-31,37645,1193,8,3.968933582305908
LightGCN,2000,2000-12-31,37645,924,9,3.9279682636260986
LightGCN,2000,2000-12-31,37645,1197,10,3.9089510440826416
LightGCN,2000,2000-12-31,37654,1617,1,4.2296223640441895
LightGCN,2000,2000-12-31,37654,2396,2,4.212699890136719
LightGCN,2000,2000-12-31,37654,2858,3,4.2055158615112305
LightGCN,2000,2000-12-31,37654,2028,4,4.20396614074707
LightGCN,2000,2000-12-31,37654,2571,5,4.056981086730957
LightGCN,2000,2000-12-31,37654,2762,6,4.023508071899414
LightGCN,2000,2000-12-31,37654,1704,7,3.8793885707855225
LightGCN,2000,2000-12-31,37654,1198,8,3.853322982788086
LightGCN,2000,2000-12-31,37654,1784,9,3.7739577293395996
LightGCN,2000,2000-12-31,37654,912,10,3.7650985717773438
LightGCN,2000,2000-12-31,37759,1196,1,5.978081703186035
LightGCN,2000,2000-12-31,37759,260,2,5.490574836730957
LightGCN,2000,2000-12-31,37759,858,3,5.439945220947266
LightGCN,2000,2000-12-31,37759,1617,4,5.3263020515441895
LightGCN,2000,2000-12-31,37759,1210,5,5.270840167999268
LightGCN,2000,2000-12-31,37759,1197,6,5.166380405426025
LightGCN,2000,2000-12-31,37759,1213,7,5.0952911376953125
LightGCN,2000,2000-12-31,37759,2028,8,5.094666957855225
LightGCN,2000,2000-12-31,37759,1240,9,5.083577632904053
LightGCN,2000,2000-12-31,37759,1221,10,5.040290832519531
LightGCN,2000,2000-12-31,37787,1617,1,4.6623735427856445
LightGCN,2000,2000-12-31,37787,2028,2,4.539219856262207
LightGCN,2000,2000-12-31,37787,2396,3,4.506086349487305
LightGCN,2000,2000-12-31,37787,858,4,4.465127944946289
LightGCN,2000,2000-12-31,37787,1213,5,4.3951191902160645
LightGCN,2000,2000-12-31,37787,1240,6,4.38791561126709
LightGCN,2000,2000-12-31,37787,608,7,4.36868953704834
LightGCN,2000,2000-12-31,37787,1221,8,4.367281913757324
LightGCN,2000,2000-12-31,37787,2571,9,4.334630966186523
LightGCN,2000,2000-12-31,37787,1704,10,4.327550888061523
LightGCN,2000,2000-12-31,37801,1617,1,6.476137161254883
LightGCN,2000,2000-12-31,37801,2028,2,6.274628639221191
LightGCN,2000,2000-12-31,37801,912,3,6.119783401489258
LightGCN,2000,2000-12-31,37801,1213,4,6.030228137969971
LightGCN,2000,2000-12-31,37801,2571,5,5.994831562042236
LightGCN,2000,2000-12-31,37801,1704,6,5.973979949951172
LightGCN,2000,2000-12-31,37801,1240,7,5.922555923461914
LightGCN,2000,2000-12-31,37801,1784,8,5.843087673187256
LightGCN,2000,2000-12-31,37801,1721,9,5.840874671936035
LightGCN,2000,2000-12-31,37801,919,10,5.755703926086426
LightGCN,2000,2000-12-31,37895,1196,1,5.508105754852295
LightGCN,2000,2000-12-31,37895,608,2,5.226404666900635
LightGCN,2000,2000-12-31,37895,593,3,5.193540096282959
LightGCN,2000,2000-12-31,37895,296,4,5.176028251647949
LightGCN,2000,2000-12-31,37895,527,5,4.935009956359863
LightGCN,2000,2000-12-31,37895,1210,6,4.921445846557617
LightGCN,2000,2000-12-31,37895,1617,7,4.8085713386535645
LightGCN,2000,2000-12-31,37895,1270,8,4.78581428527832
LightGCN,2000,2000-12-31,37895,1197,9,4.758625030517578
LightGCN,2000,2000-12-31,37895,457,10,4.74859619140625
LightGCN,2000,2000-12-31,37990,912,1,4.2679033279418945
LightGCN,2000,2000-12-31,37990,1270,2,4.1755523681640625
LightGCN,2000,2000-12-31,37990,1193,3,4.125274658203125
LightGCN,2000,2000-12-31,37990,924,4,4.100981712341309
LightGCN,2000,2000-12-31,37990,1721,5,4.084840297698975
LightGCN,2000,2000-12-31,37990,1784,6,4.079183578491211
LightGCN,2000,2000-12-31,37990,1225,7,4.046564102172852
LightGCN,2000,2000-12-31,37990,1230,8,3.927140474319458
LightGCN,2000,2000-12-31,37990,1097,9,3.9225850105285645
LightGCN,2000,2000-12-31,37990,1394,10,3.8082048892974854
LightGCN,2000,2000-12-31,38088,858,1,5.575554847717285
LightGCN,2000,2000-12-31,38088,527,2,5.5005388259887695
LightGCN,2000,2000-12-31,38088,457,3,5.450969219207764
LightGCN,2000,2000-12-31,38088,318,4,5.331721305847168
LightGCN,2000,2000-12-31,38088,1197,5,5.119861602783203
LightGCN,2000,2000-12-31,38088,541,6,5.092960834503174
LightGCN,2000,2000-12-31,38088,110,7,5.0123419761657715
LightGCN,2000,2000-12-31,38088,480,8,4.99641752243042
LightGCN,2000,2000-12-31,38088,50,9,4.988466262817383
LightGCN,2000,2000-12-31,38088,1617,10,4.946026802062988
LightGCN,2000,2000-12-31,38297,457,1,7.327451705932617
LightGCN,2000,2000-12-31,38297,296,2,7.293417930603027
LightGCN,2000,2000-12-31,38297,593,3,7.178912162780762
LightGCN,2000,2000-12-31,38297,590,4,7.053534030914307
LightGCN,2000,2000-12-31,38297,356,5,7.044724464416504
LightGCN,2000,2000-12-31,38297,480,6,6.816941261291504
LightGCN,2000,2000-12-31,38297,592,7,6.775461196899414
LightGCN,2000,2000-12-31,38297,318,8,6.765023231506348
LightGCN,2000,2000-12-31,38297,110,9,6.4838972091674805
LightGCN,2000,2000-12-31,38297,380,10,6.471841812133789
LightGCN,2000,2000-12-31,38698,1196,1,5.205478191375732
LightGCN,2000,2000-12-31,38698,1617,2,4.868044376373291
LightGCN,2000,2000-12-31,38698,1198,3,4.790580749511719
LightGCN,2000,2000-12-31,38698,912,4,4.563718795776367
LightGCN,2000,2000-12-31,38698,1213,5,4.49924373626709
LightGCN,2000,2000-12-31,38698,1221,6,4.483210563659668
LightGCN,2000,2000-12-31,38698,1197,7,4.47908878326416
LightGCN,2000,2000-12-31,38698,858,8,4.427349090576172
LightGCN,2000,2000-12-31,38698,1193,9,4.3946380615234375
LightGCN,2000,2000-12-31,38698,1240,10,4.3889570236206055
LightGCN,2000,2000-12-31,38859,1196,1,4.199912071228027
LightGCN,2000,2000-12-31,38859,1198,2,3.903186798095703
LightGCN,2000,2000-12-31,38859,858,3,3.8255205154418945
LightGCN,2000,2000-12-31,38859,260,4,3.821956157684326
LightGCN,2000,2000-12-31,38859,1617,5,3.753024101257324
LightGCN,2000,2000-12-31,38859,1210,6,3.6848864555358887
LightGCN,2000,2000-12-31,38859,1197,7,3.632111072540283
LightGCN,2000,2000-12-31,38859,1270,8,3.628929615020752
LightGCN,2000,2000-12-31,38859,912,9,3.6152632236480713
LightGCN,2000,2000-12-31,38859,1213,10,3.588308811187744
LightGCN,2000,2000-12-31,39467,858,1,6.229107856750488
LightGCN,2000,2000-12-31,39467,912,2,5.700387001037598
LightGCN,2000,2000-12-31,39467,1221,3,5.607980728149414
LightGCN,2000,2000-12-31,39467,1193,4,5.572803497314453
LightGCN,2000,2000-12-31,39467,924,5,5.566498279571533
LightGCN,2000,2000-12-31,39467,1136,6,5.5531415939331055
LightGCN,2000,2000-12-31,39467,1214,7,5.547080993652344
LightGCN,2000,2000-12-31,39467,919,8,5.49765682220459
LightGCN,2000,2000-12-31,39467,318,9,5.443660736083984
LightGCN,2000,2000-12-31,39467,1208,10,5.219178199768066
LightGCN,2000,2000-12-31,39552,1198,1,5.450498580932617
LightGCN,2000,2000-12-31,39552,1704,2,5.410305976867676
LightGCN,2000,2000-12-31,39552,1213,3,5.290128707885742
LightGCN,2000,2000-12-31,39552,1721,4,5.135885238647461
LightGCN,2000,2000-12-31,39552,1641,5,4.931741714477539
LightGCN,2000,2000-12-31,39552,1234,6,4.648706912994385
LightGCN,2000,2000-12-31,39552,2791,7,4.62755823135376
LightGCN,2000,2000-12-31,39552,969,8,4.56209659576416
LightGCN,2000,2000-12-31,39552,913,9,4.540485382080078
LightGCN,2000,2000-12-31,39552,1682,10,4.521707534790039
LightGCN,2000,2000-12-31,40387,2396,1,5.706228256225586
LightGCN,2000,2000-12-31,40387,912,2,5.625459671020508
LightGCN,2000,2000-12-31,40387,858,3,5.556571006774902
LightGCN,2000,2000-12-31,40387,1221,4,5.515981197357178
LightGCN,2000,2000-12-31,40387,1270,5,5.5133256912231445
LightGCN,2000,2000-12-31,40387,2858,6,5.449559211730957
LightGCN,2000,2000-12-31,40387,1193,7,5.442426681518555
LightGCN,2000,2000-12-31,40387,924,8,5.410501480102539
LightGCN,2000,2000-12-31,40387,1225,9,5.339110851287842
LightGCN,2000,2000-12-31,40387,1097,10,5.195727825164795
LightGCN,2000,2000-12-31,40509,1270,1,4.467826843261719
LightGCN,2000,2000-12-31,40509,1617,2,4.432210922241211
LightGCN,2000,2000-12-31,40509,541,3,4.387866497039795
LightGCN,2000,2000-12-31,40509,1240,4,4.385003089904785
LightGCN,2000,2000-12-31,40509,1193,5,4.268141746520996
LightGCN,2000,2000-12-31,40509,924,6,4.256891250610352
LightGCN,2000,2000-12-31,40509,356,7,4.213375091552734
LightGCN,2000,2000-12-31,40509,1214,8,4.181469440460205
LightGCN,2000,2000-12-31,40509,1225,9,4.174282073974609
LightGCN,2000,2000-12-31,40509,1200,10,4.15568733215332
LightGCN,2000,2000-12-31,40710,593,1,6.175382137298584
LightGCN,2000,2000-12-31,40710,858,2,5.839780807495117
LightGCN,2000,2000-12-31,40710,527,3,5.7576904296875
LightGCN,2000,2000-12-31,40710,318,4,5.6149091720581055
LightGCN,2000,2000-12-31,40710,1,5,5.290182113647461
LightGCN,2000,2000-12-31,40710,150,6,5.223480701446533
LightGCN,2000,2000-12-31,40710,1265,7,5.08680534362793
LightGCN,2000,2000-12-31,40710,912,8,5.065959453582764
LightGCN,2000,2000-12-31,40710,1136,9,5.0347371101379395
LightGCN,2000,2000-12-31,40710,590,10,5.021576881408691
LightGCN,2000,2000-12-31,40967,1196,1,6.920716762542725
LightGCN,2000,2000-12-31,40967,296,2,6.756511688232422
LightGCN,2000,2000-12-31,40967,858,3,6.497410297393799
LightGCN,2000,2000-12-31,40967,527,4,6.375212669372559
LightGCN,2000,2000-12-31,40967,457,5,6.31933069229126
LightGCN,2000,2000-12-31,40967,541,6,5.927624702453613
LightGCN,2000,2000-12-31,40967,1617,7,5.797914505004883
LightGCN,2000,2000-12-31,40967,50,8,5.772194862365723
LightGCN,2000,2000-12-31,40967,912,9,5.762505054473877
LightGCN,2000,2000-12-31,40967,1213,10,5.745222091674805
LightGCN,2000,2000-12-31,43807,1198,1,5.641291618347168
LightGCN,2000,2000-12-31,43807,593,2,5.3267364501953125
LightGCN,2000,2000-12-31,43807,296,3,5.293137073516846
LightGCN,2000,2000-12-31,43807,1270,4,5.2618408203125
LightGCN,2000,2000-12-31,43807,912,5,5.234862327575684
LightGCN,2000,2000-12-31,43807,1240,6,5.168436050415039
LightGCN,2000,2000-12-31,43807,2028,7,5.159764289855957
LightGCN,2000,2000-12-31,43807,527,8,5.150917053222656
LightGCN,2000,2000-12-31,43807,1193,9,5.095903396606445
LightGCN,2000,2000-12-31,43807,1097,10,5.027303218841553
LightGCN,2000,2000-12-31,43845,296,1,5.761831283569336
LightGCN,2000,2000-12-31,43845,260,2,5.6092119216918945
LightGCN,2000,2000-12-31,43845,527,3,5.407522678375244
LightGCN,2000,2000-12-31,43845,1198,4,5.362966537475586
LightGCN,2000,2000-12-31,43845,858,5,5.325166702270508
LightGCN,2000,2000-12-31,43845,1210,6,5.286769866943359
LightGCN,2000,2000-12-31,43845,318,7,5.255193710327148
LightGCN,2000,2000-12-31,43845,356,8,5.219320774078369
LightGCN,2000,2000-12-31,43845,1270,9,5.0198564529418945
LightGCN,2000,2000-12-31,43845,1197,10,4.978131294250488
LightGCN,2000,2000-12-31,43854,2838,1,2.883058786392212
LightGCN,2000,2000-12-31,43854,2832,2,2.821352481842041
LightGCN,2000,2000-12-31,43854,2884,3,2.755065441131592
LightGCN,2000,2000-12-31,43854,2839,4,2.7325868606567383
LightGCN,2000,2000-12-31,43854,2773,5,2.727055549621582
LightGCN,2000,2000-12-31,43854,2703,6,2.6897988319396973
LightGCN,2000,2000-12-31,43854,2689,7,2.6822261810302734
LightGCN,2000,2000-12-31,43854,2828,8,2.6706197261810303
LightGCN,2000,2000-12-31,43854,2845,9,2.6578025817871094
LightGCN,2000,2000-12-31,43854,2299,10,2.589057683944702
LightGCN,2000,2000-12-31,43929,858,1,5.078154563903809
LightGCN,2000,2000-12-31,43929,527,2,4.774283409118652
LightGCN,2000,2000-12-31,43929,1240,3,4.68491792678833
LightGCN,2000,2000-12-31,43929,1213,4,4.563385009765625
LightGCN,2000,2000-12-31,43929,1221,5,4.4942216873168945
LightGCN,2000,2000-12-31,43929,1265,6,4.479860305786133
LightGCN,2000,2000-12-31,43929,1193,7,4.4782819747924805
LightGCN,2000,2000-12-31,43929,1136,8,4.4691314697265625
LightGCN,2000,2000-12-31,43929,919,9,4.415473937988281
LightGCN,2000,2000-12-31,43929,1225,10,4.388856887817383
LightGCN,2000,2000-12-31,44031,296,1,7.342891693115234
LightGCN,2000,2000-12-31,44031,318,2,6.688929557800293
LightGCN,2000,2000-12-31,44031,1197,3,6.6566362380981445
LightGCN,2000,2000-12-31,44031,1240,4,6.579742431640625
LightGCN,2000,2000-12-31,44031,924,5,6.366755485534668
LightGCN,2000,2000-12-31,44031,1136,6,6.344437599182129
LightGCN,2000,2000-12-31,44031,480,7,6.193539619445801
LightGCN,2000,2000-12-31,44031,1721,8,6.165680408477783
LightGCN,2000,2000-12-31,44031,1704,9,6.157059669494629
LightGCN,2000,2000-12-31,44031,1580,10,6.051634311676025
LightGCN,2000,2000-12-31,44256,2858,1,3.0630335807800293
LightGCN,2000,2000-12-31,44256,2396,2,2.841758966445923
LightGCN,2000,2000-12-31,44256,2028,3,2.692286729812622
LightGCN,2000,2000-12-31,44256,2571,4,2.6588075160980225
LightGCN,2000,2000-12-31,44256,1617,5,2.650860548019409
LightGCN,2000,2000-12-31,44256,2599,6,2.4409255981445312
LightGCN,2000,2000-12-31,44256,2710,7,2.429424285888672
LightGCN,2000,2000-12-31,44256,2716,8,2.4253103733062744
LightGCN,2000,2000-12-31,44256,1704,9,2.368558645248413
LightGCN,2000,2000-12-31,44256,1923,10,2.343616485595703
LightGCN,2000,2000-12-31,44399,2839,1,2.1487865447998047
LightGCN,2000,2000-12-31,44399,2838,2,2.118656873703003
LightGCN,2000,2000-12-31,44399,2828,3,2.050900936126709
LightGCN,2000,2000-12-31,44399,2884,4,2.049424171447754
LightGCN,2000,2000-12-31,44399,2832,5,2.0322422981262207
LightGCN,2000,2000-12-31,44399,2773,6,2.011073350906372
LightGCN,2000,2000-12-31,44399,2703,7,1.996396541595459
LightGCN,2000,2000-12-31,44399,2689,8,1.9760260581970215
LightGCN,2000,2000-12-31,44399,2835,9,1.9705169200897217
LightGCN,2000,2000-12-31,44399,2845,10,1.9423829317092896
LightGCN,2000,2000-12-31,45105,1196,1,3.858452320098877
LightGCN,2000,2000-12-31,45105,1617,2,3.6567020416259766
LightGCN,2000,2000-12-31,45105,1198,3,3.5456855297088623
LightGCN,2000,2000-12-31,45105,2571,4,3.43082332611084
LightGCN,2000,2000-12-31,45105,912,5,3.3565289974212646
LightGCN,2000,2000-12-31,45105,1213,6,3.328862428665161
LightGCN,2000,2000-12-31,45105,1197,7,3.3251073360443115
LightGCN,2000,2000-12-31,45105,1721,8,3.323387622833252
LightGCN,2000,2000-12-31,45105,2762,9,3.322199821472168
LightGCN,2000,2000-12-31,45105,1221,10,3.3135907649993896
LightGCN,2000,2000-12-31,45301,296,1,6.103021621704102
LightGCN,2000,2000-12-31,45301,527,2,5.717065811157227
LightGCN,2000,2000-12-31,45301,318,3,5.591312408447266
LightGCN,2000,2000-12-31,45301,1,4,5.510820388793945
LightGCN,2000,2000-12-31,45301,32,5,5.496740818023682
LightGCN,2000,2000-12-31,45301,150,6,5.244129180908203
LightGCN,2000,2000-12-31,45301,590,7,5.038750648498535
LightGCN,2000,2000-12-31,45301,36,8,4.997783660888672
LightGCN,2000,2000-12-31,45301,912,9,4.945039749145508
LightGCN,2000,2000-12-31,45301,924,10,4.907786846160889
LightGCN,2000,2000-12-31,45354,1196,1,5.76767110824585
LightGCN,2000,2000-12-31,45354,1210,2,5.0169219970703125
LightGCN,2000,2000-12-31,45354,1270,3,4.992664337158203
LightGCN,2000,2000-12-31,45354,1197,4,4.981240272521973
LightGCN,2000,2000-12-31,45354,912,5,4.961943626403809
LightGCN,2000,2000-12-31,45354,2396,6,4.858117580413818
LightGCN,2000,2000-12-31,45354,1193,7,4.831368446350098
LightGCN,2000,2000-12-31,45354,1136,8,4.756465911865234
LightGCN,2000,2000-12-31,45354,1225,9,4.728371620178223
LightGCN,2000,2000-12-31,45354,919,10,4.726336479187012
LightGCN,2000,2000-12-31,45428,260,1,5.586275100708008
LightGCN,2000,2000-12-31,45428,1196,2,5.439774990081787
LightGCN,2000,2000-12-31,45428,527,3,5.243476390838623
LightGCN,2000,2000-12-31,45428,1210,4,5.223057270050049
LightGCN,2000,2000-12-31,45428,858,5,5.164072036743164
LightGCN,2000,2000-12-31,45428,1198,6,5.078814506530762
LightGCN,2000,2000-12-31,45428,589,7,4.87216329574585
LightGCN,2000,2000-12-31,45428,480,8,4.831289291381836
LightGCN,2000,2000-12-31,45428,110,9,4.830850601196289
LightGCN,2000,2000-12-31,45428,1270,10,4.762901306152344
LightGCN,2000,2000-12-31,45528,1196,1,4.184508323669434
LightGCN,2000,2000-12-31,45528,1198,2,3.878725528717041
LightGCN,2000,2000-12-31,45528,260,3,3.8658523559570312
LightGCN,2000,2000-12-31,45528,858,4,3.757925033569336
LightGCN,2000,2000-12-31,45528,1617,5,3.706238269805908
LightGCN,2000,2000-12-31,45528,1210,6,3.7043004035949707
LightGCN,2000,2000-12-31,45528,1270,7,3.632289171218872
LightGCN,2000,2000-12-31,45528,457,8,3.6194543838500977
LightGCN,2000,2000-12-31,45528,1197,9,3.6182100772857666
LightGCN,2000,2000-12-31,45528,318,10,3.595715284347534
LightGCN,2000,2000-12-31,45717,1197,1,5.412014007568359
LightGCN,2000,2000-12-31,45717,912,2,5.281241416931152
LightGCN,2000,2000-12-31,45717,2396,3,5.25095796585083
LightGCN,2000,2000-12-31,45717,1721,4,5.186857223510742
LightGCN,2000,2000-12-31,45717,1704,5,5.169685363769531
LightGCN,2000,2000-12-31,45717,1784,6,5.087642192840576
LightGCN,2000,2000-12-31,45717,919,7,5.063080787658691
LightGCN,2000,2000-12-31,45717,1225,8,5.044364929199219
LightGCN,2000,2000-12-31,45717,593,9,5.019022464752197
LightGCN,2000,2000-12-31,45717,1307,10,4.959688186645508
LightGCN,2000,2000-12-31,46570,296,1,3.242785930633545
LightGCN,2000,2000-12-31,46570,457,2,3.21948504447937
LightGCN,2000,2000-12-31,46570,593,3,3.2115797996520996
LightGCN,2000,2000-12-31,46570,356,4,3.10467791557312
LightGCN,2000,2000-12-31,46570,150,5,3.0880229473114014
LightGCN,2000,2000-12-31,46570,590,6,3.0282514095306396
LightGCN,2000,2000-12-31,46570,318,7,3.001774311065674
LightGCN,2000,2000-12-31,46570,480,8,2.9971485137939453
LightGCN,2000,2000-12-31,46570,592,9,2.8965113162994385
LightGCN,2000,2000-12-31,46570,110,10,2.8743696212768555
LightGCN,2000,2000-12-31,47066,318,1,5.596235275268555
LightGCN,2000,2000-12-31,47066,858,2,5.507175445556641
LightGCN,2000,2000-12-31,47066,1198,3,5.386868476867676
LightGCN,2000,2000-12-31,47066,50,4,5.1560516357421875
LightGCN,2000,2000-12-31,47066,541,5,4.981106281280518
LightGCN,2000,2000-12-31,47066,912,6,4.775602340698242
LightGCN,2000,2000-12-31,47066,1617,7,4.772998809814453
LightGCN,2000,2000-12-31,47066,1213,8,4.772736549377441
LightGCN,2000,2000-12-31,47066,36,9,4.727725028991699
LightGCN,2000,2000-12-31,47066,1291,10,4.705356121063232
LightGCN,2000,2000-12-31,47160,1196,1,5.298425674438477
LightGCN,2000,2000-12-31,47160,1617,2,5.101399898529053
LightGCN,2000,2000-12-31,47160,2396,3,5.023893356323242
LightGCN,2000,2000-12-31,47160,2028,4,5.018725395202637
LightGCN,2000,2000-12-31,47160,2858,5,4.915647506713867
LightGCN,2000,2000-12-31,47160,1198,6,4.846985816955566
LightGCN,2000,2000-12-31,47160,2571,7,4.822321891784668
LightGCN,2000,2000-12-31,47160,2762,8,4.705629825592041
LightGCN,2000,2000-12-31,47160,1704,9,4.69816780090332
LightGCN,2000,2000-12-31,47160,912,10,4.655930042266846
LightGCN,2000,2000-12-31,47228,1196,1,4.3916544914245605
LightGCN,2000,2000-12-31,47228,1617,2,4.060636520385742
LightGCN,2000,2000-12-31,47228,1198,3,4.048062324523926
LightGCN,2000,2000-12-31,47228,2028,4,3.9436583518981934
LightGCN,2000,2000-12-31,47228,1213,5,3.786853790283203
LightGCN,2000,2000-12-31,47228,1197,6,3.7855379581451416
LightGCN,2000,2000-12-31,47228,2571,7,3.7853522300720215
LightGCN,2000,2000-12-31,47228,858,8,3.7819087505340576
LightGCN,2000,2000-12-31,47228,1270,9,3.773345470428467
LightGCN,2000,2000-12-31,47228,1221,10,3.7595138549804688
LightGCN,2000,2000-12-31,47465,1704,1,5.847670555114746
LightGCN,2000,2000-12-31,47465,912,2,5.739430904388428
LightGCN,2000,2000-12-31,47465,1784,3,5.6765618324279785
LightGCN,2000,2000-12-31,47465,1221,4,5.659853458404541
LightGCN,2000,2000-12-31,47465,1230,5,5.506704330444336
LightGCN,2000,2000-12-31,47465,1193,6,5.4472856521606445
LightGCN,2000,2000-12-31,47465,1225,7,5.358826160430908
LightGCN,2000,2000-12-31,47465,1641,8,5.320616722106934
LightGCN,2000,2000-12-31,47465,1208,9,5.263004302978516
LightGCN,2000,2000-12-31,47465,1136,10,5.150487899780273
LightGCN,2000,2000-12-31,48226,260,1,6.368382930755615
LightGCN,2000,2000-12-31,48226,608,2,6.317420482635498
LightGCN,2000,2000-12-31,48226,593,3,6.298593521118164
LightGCN,2000,2000-12-31,48226,296,4,6.293766975402832
LightGCN,2000,2000-12-31,48226,1210,5,5.859519004821777
LightGCN,2000,2000-12-31,48226,527,6,5.749942779541016
LightGCN,2000,2000-12-31,48226,32,7,5.690342903137207
LightGCN,2000,2000-12-31,48226,1196,8,5.583609580993652
LightGCN,2000,2000-12-31,48226,858,9,5.572700500488281
LightGCN,2000,2000-12-31,48226,50,10,5.279660224914551
LightGCN,2000,2000-12-31,48319,590,1,6.385371208190918
LightGCN,2000,2000-12-31,48319,260,2,6.275035858154297
LightGCN,2000,2000-12-31,48319,592,3,6.0565385818481445
LightGCN,2000,2000-12-31,48319,50,4,5.869717121124268
LightGCN,2000,2000-12-31,48319,588,5,5.722255706787109
LightGCN,2000,2000-12-31,48319,1196,6,5.551164627075195
LightGCN,2000,2000-12-31,48319,858,7,5.464119911193848
LightGCN,2000,2000-12-31,48319,47,8,5.35162878036499
LightGCN,2000,2000-12-31,48319,780,9,5.331249237060547
LightGCN,2000,2000-12-31,48319,36,10,5.295302391052246
LightGCN,2000,2000-12-31,48551,2396,1,4.178930759429932
LightGCN,2000,2000-12-31,48551,1617,2,4.097620010375977
LightGCN,2000,2000-12-31,48551,2028,3,4.064095497131348
LightGCN,2000,2000-12-31,48551,2762,4,4.036314010620117
LightGCN,2000,2000-12-31,48551,2571,5,3.9509925842285156
LightGCN,2000,2000-12-31,48551,1196,6,3.899935245513916
LightGCN,2000,2000-12-31,48551,1704,7,3.721823215484619
LightGCN,2000,2000-12-31,48551,1784,8,3.6032965183258057
LightGCN,2000,2000-12-31,48551,1923,9,3.566460132598877
LightGCN,2000,2000-12-31,48551,912,10,3.5602827072143555
LightGCN,2000,2000-12-31,49101,590,1,5.044938087463379
LightGCN,2000,2000-12-31,49101,780,2,4.836853504180908
LightGCN,2000,2000-12-31,49101,34,3,4.836620330810547
LightGCN,2000,2000-12-31,49101,1265,4,4.813529968261719
LightGCN,2000,2000-12-31,49101,17,5,4.794956207275391
LightGCN,2000,2000-12-31,49101,1213,6,4.773516654968262
LightGCN,2000,2000-12-31,49101,912,7,4.759840965270996
LightGCN,2000,2000-12-31,49101,1214,8,4.73720645904541
LightGCN,2000,2000-12-31,49101,1200,9,4.718489646911621
LightGCN,2000,2000-12-31,49101,592,10,4.712948799133301
LightGCN,2000,2000-12-31,49260,1617,1,6.486621856689453
LightGCN,2000,2000-12-31,49260,2028,2,6.349573135375977
LightGCN,2000,2000-12-31,49260,2858,3,6.255529880523682
LightGCN,2000,2000-12-31,49260,2762,4,5.956912040710449
LightGCN,2000,2000-12-31,49260,912,5,5.948395729064941
LightGCN,2000,2000-12-31,49260,1213,6,5.844078063964844
LightGCN,2000,2000-12-31,49260,1784,7,5.800463676452637
LightGCN,2000,2000-12-31,49260,919,8,5.529958724975586
LightGCN,2000,2000-12-31,49260,1641,9,5.451019287109375
LightGCN,2000,2000-12-31,49260,923,10,5.428646087646484
LightGCN,2000,2000-12-31,49405,260,1,5.793030738830566
LightGCN,2000,2000-12-31,49405,1198,2,5.634620189666748
LightGCN,2000,2000-12-31,49405,858,3,5.582615852355957
LightGCN,2000,2000-12-31,49405,296,4,5.3597002029418945
LightGCN,2000,2000-12-31,49405,1270,5,5.268089294433594
LightGCN,2000,2000-12-31,49405,1197,6,5.239331245422363
LightGCN,2000,2000-12-31,49405,1240,7,5.178581237792969
LightGCN,2000,2000-12-31,49405,541,8,5.145120620727539
LightGCN,2000,2000-12-31,49405,1097,9,5.0533552169799805
LightGCN,2000,2000-12-31,49405,1221,10,5.033466339111328
LightGCN,2000,2000-12-31,50873,1617,1,5.489397048950195
LightGCN,2000,2000-12-31,50873,2396,2,5.39552116394043
LightGCN,2000,2000-12-31,50873,2858,3,5.245195388793945
LightGCN,2000,2000-12-31,50873,2571,4,5.101414680480957
LightGCN,2000,2000-12-31,50873,1221,5,5.059602737426758
LightGCN,2000,2000-12-31,50873,1213,6,5.053336143493652
LightGCN,2000,2000-12-31,50873,1704,7,5.031946182250977
LightGCN,2000,2000-12-31,50873,2762,8,4.961271286010742
LightGCN,2000,2000-12-31,50873,1240,9,4.8774094581604
LightGCN,2000,2000-12-31,50873,1230,10,4.820135593414307
LightGCN,2000,2000-12-31,51010,32,1,6.33389949798584
LightGCN,2000,2000-12-31,51010,592,2,6.32890510559082
LightGCN,2000,2000-12-31,51010,608,3,6.186234474182129
LightGCN,2000,2000-12-31,51010,1,4,6.140897274017334
LightGCN,2000,2000-12-31,51010,260,5,6.133633613586426
LightGCN,2000,2000-12-31,51010,588,6,5.933333396911621
LightGCN,2000,2000-12-31,51010,34,7,5.5611467361450195
LightGCN,2000,2000-12-31,51010,1210,8,5.457218647003174
LightGCN,2000,2000-12-31,51010,47,9,5.439562797546387
LightGCN,2000,2000-12-31,51010,17,10,5.4191694259643555
LightGCN,2000,2000-12-31,51474,296,1,5.293558120727539
LightGCN,2000,2000-12-31,51474,527,2,5.062963962554932
LightGCN,2000,2000-12-31,51474,1270,3,4.997692108154297
LightGCN,2000,2000-12-31,51474,1197,4,4.9492363929748535
LightGCN,2000,2000-12-31,51474,541,5,4.862863540649414
LightGCN,2000,2000-12-31,51474,318,6,4.834466934204102
LightGCN,2000,2000-12-31,51474,356,7,4.830655097961426
LightGCN,2000,2000-12-31,51474,1265,8,4.710309982299805
LightGCN,2000,2000-12-31,51474,1213,9,4.700094223022461
LightGCN,2000,2000-12-31,51474,912,10,4.696100234985352
LightGCN,2000,2000-12-31,51956,32,1,5.113125801086426
LightGCN,2000,2000-12-31,51956,589,2,4.95066499710083
LightGCN,2000,2000-12-31,51956,1240,3,4.74645471572876
LightGCN,2000,2000-12-31,51956,1265,4,4.610725402832031
LightGCN,2000,2000-12-31,51956,1136,5,4.583211421966553
LightGCN,2000,2000-12-31,51956,1200,6,4.5082902908325195
LightGCN,2000,2000-12-31,51956,733,7,4.348502159118652
LightGCN,2000,2000-12-31,51956,592,8,4.346779823303223
LightGCN,2000,2000-12-31,51956,648,9,4.217357635498047
LightGCN,2000,2000-12-31,51956,750,10,4.206737518310547
LightGCN,2000,2000-12-31,52145,260,1,4.422250747680664
LightGCN,2000,2000-12-31,52145,1196,2,4.397055625915527
LightGCN,2000,2000-12-31,52145,593,3,4.173768997192383
LightGCN,2000,2000-12-31,52145,1210,4,4.169530868530273
LightGCN,2000,2000-12-31,52145,296,5,4.14825439453125
LightGCN,2000,2000-12-31,52145,858,6,4.146701812744141
LightGCN,2000,2000-12-31,52145,527,7,3.9585061073303223
LightGCN,2000,2000-12-31,52145,457,8,3.8341543674468994
LightGCN,2000,2000-12-31,52145,1197,9,3.807816982269287
LightGCN,2000,2000-12-31,52145,318,10,3.7837061882019043
LightGCN,2000,2000-12-31,52416,1193,1,6.522159576416016
LightGCN,2000,2000-12-31,52416,1136,2,6.463472366333008
LightGCN,2000,2000-12-31,52416,1784,3,6.244929313659668
LightGCN,2000,2000-12-31,52416,1079,4,6.071357727050781
LightGCN,2000,2000-12-31,52416,1394,5,5.9776105880737305
LightGCN,2000,2000-12-31,52416,1089,6,5.866873741149902
LightGCN,2000,2000-12-31,52416,1641,7,5.845842361450195
LightGCN,2000,2000-12-31,52416,1923,8,5.822267532348633
LightGCN,2000,2000-12-31,52416,150,9,5.7545318603515625
LightGCN,2000,2000-12-31,52416,34,10,5.724330902099609
LightGCN,2000,2000-12-31,52551,296,1,7.258385181427002
LightGCN,2000,2000-12-31,52551,593,2,7.213441371917725
LightGCN,2000,2000-12-31,52551,457,3,7.178018569946289
LightGCN,2000,2000-12-31,52551,356,4,6.936070919036865
LightGCN,2000,2000-12-31,52551,260,5,6.896106719970703
LightGCN,2000,2000-12-31,52551,608,6,6.86812686920166
LightGCN,2000,2000-12-31,52551,150,7,6.861502647399902
LightGCN,2000,2000-12-31,52551,32,8,6.771002292633057
LightGCN,2000,2000-12-31,52551,318,9,6.702262878417969
LightGCN,2000,2000-12-31,52551,590,10,6.695829391479492
LightGCN,2000,2000-12-31,52573,1210,1,6.108942031860352
LightGCN,2000,2000-12-31,52573,1197,2,5.919276714324951
LightGCN,2000,2000-12-31,52573,919,3,5.592545509338379
LightGCN,2000,2000-12-31,52573,1265,4,5.582610130310059
LightGCN,2000,2000-12-31,52573,1225,5,5.581376075744629
LightGCN,2000,2000-12-31,52573,1214,6,5.57098388671875
LightGCN,2000,2000-12-31,52573,1200,7,5.53009033203125
LightGCN,2000,2000-12-31,52573,1291,8,5.414548873901367
LightGCN,2000,2000-12-31,52573,1580,9,5.373780250549316
LightGCN,2000,2000-12-31,52573,1079,10,5.2851386070251465
LightGCN,2000,2000-12-31,52618,1197,1,5.273342609405518
LightGCN,2000,2000-12-31,52618,1240,2,5.216556549072266
LightGCN,2000,2000-12-31,52618,541,3,5.216266632080078
LightGCN,2000,2000-12-31,52618,1097,4,5.130298137664795
LightGCN,2000,2000-12-31,52618,1213,5,5.102100849151611
LightGCN,2000,2000-12-31,52618,924,6,5.016508102416992
LightGCN,2000,2000-12-31,52618,1136,7,5.013711929321289
LightGCN,2000,2000-12-31,52618,1200,8,4.942487716674805
LightGCN,2000,2000-12-31,52618,1225,9,4.914479732513428
LightGCN,2000,2000-12-31,52618,32,10,4.879214286804199
LightGCN,2000,2000-12-31,52647,1196,1,5.281341075897217
LightGCN,2000,2000-12-31,52647,1198,2,4.877124309539795
LightGCN,2000,2000-12-31,52647,1617,3,4.786305904388428
LightGCN,2000,2000-12-31,52647,858,4,4.5887908935546875
LightGCN,2000,2000-12-31,52647,912,5,4.577362060546875
LightGCN,2000,2000-12-31,52647,608,6,4.569255828857422
LightGCN,2000,2000-12-31,52647,1197,7,4.54908561706543
LightGCN,2000,2000-12-31,52647,1270,8,4.547677516937256
LightGCN,2000,2000-12-31,52647,1213,9,4.5145111083984375
LightGCN,2000,2000-12-31,52647,1221,10,4.486494064331055
LightGCN,2000,2000-12-31,52648,1198,1,4.44117546081543
LightGCN,2000,2000-12-31,52648,260,2,4.431335926055908
LightGCN,2000,2000-12-31,52648,1617,3,4.253742218017578
LightGCN,2000,2000-12-31,52648,593,4,4.210171699523926
LightGCN,2000,2000-12-31,52648,1270,5,4.150502681732178
LightGCN,2000,2000-12-31,52648,1197,6,4.14338493347168
LightGCN,2000,2000-12-31,52648,1240,7,4.08569860458374
LightGCN,2000,2000-12-31,52648,912,8,4.073884963989258
LightGCN,2000,2000-12-31,52648,2396,9,4.052629470825195
LightGCN,2000,2000-12-31,52648,541,10,4.049958229064941
LightGCN,2000,2000-12-31,53244,1196,1,5.34454345703125
LightGCN,2000,2000-12-31,53244,1617,2,4.992285251617432
LightGCN,2000,2000-12-31,53244,2028,3,4.908453941345215
LightGCN,2000,2000-12-31,53244,1198,4,4.902685642242432
LightGCN,2000,2000-12-31,53244,2858,5,4.7484283447265625
LightGCN,2000,2000-12-31,53244,2571,6,4.706975936889648
LightGCN,2000,2000-12-31,53244,1704,7,4.604722023010254
LightGCN,2000,2000-12-31,53244,1197,8,4.5935564041137695
LightGCN,2000,2000-12-31,53244,1784,9,4.509190559387207
LightGCN,2000,2000-12-31,53244,1193,10,4.485753536224365
LightGCN,2000,2000-12-31,53312,260,1,6.3116230964660645
LightGCN,2000,2000-12-31,53312,858,2,6.017428398132324
LightGCN,2000,2000-12-31,53312,1198,3,5.998613357543945
LightGCN,2000,2000-12-31,53312,593,4,5.774673938751221
LightGCN,2000,2000-12-31,53312,1197,5,5.578190803527832
LightGCN,2000,2000-12-31,53312,527,6,5.538383483886719
LightGCN,2000,2000-12-31,53312,1617,7,5.531035423278809
LightGCN,2000,2000-12-31,53312,912,8,5.428461074829102
LightGCN,2000,2000-12-31,53312,1213,9,5.407060623168945
LightGCN,2000,2000-12-31,53312,1221,10,5.333954811096191
LightGCN,2000,2000-12-31,53345,1196,1,5.847558498382568
LightGCN,2000,2000-12-31,53345,608,2,5.657498359680176
LightGCN,2000,2000-12-31,53345,1198,3,5.4463067054748535
LightGCN,2000,2000-12-31,53345,858,4,5.41433048248291
LightGCN,2000,2000-12-31,53345,1270,5,5.090423583984375
LightGCN,2000,2000-12-31,53345,1197,6,5.057198524475098
LightGCN,2000,2000-12-31,53345,1617,7,5.018510341644287
LightGCN,2000,2000-12-31,53345,912,8,4.956753730773926
LightGCN,2000,2000-12-31,53345,1221,9,4.85529899597168
LightGCN,2000,2000-12-31,53345,1193,10,4.854180812835693
LightGCN,2000,2000-12-31,53636,1196,1,6.085984230041504
LightGCN,2000,2000-12-31,53636,1198,2,5.636249542236328
LightGCN,2000,2000-12-31,53636,912,3,5.273815631866455
LightGCN,2000,2000-12-31,53636,1197,4,5.247477054595947
LightGCN,2000,2000-12-31,53636,1213,5,5.201641082763672
LightGCN,2000,2000-12-31,53636,1221,6,5.165883541107178
LightGCN,2000,2000-12-31,53636,1210,7,5.129438400268555
LightGCN,2000,2000-12-31,53636,1193,8,5.120979309082031
LightGCN,2000,2000-12-31,53636,924,9,5.097373008728027
LightGCN,2000,2000-12-31,53636,1136,10,5.015219688415527
LightGCN,2000,2000-12-31,53730,1240,1,6.7053375244140625
LightGCN,2000,2000-12-31,53730,1097,2,6.444042205810547
LightGCN,2000,2000-12-31,53730,2762,3,6.385917663574219
LightGCN,2000,2000-12-31,53730,1304,4,6.091153144836426
LightGCN,2000,2000-12-31,53730,1079,5,5.955916404724121
LightGCN,2000,2000-12-31,53730,1220,6,5.94932746887207
LightGCN,2000,2000-12-31,53730,1089,7,5.851683616638184
LightGCN,2000,2000-12-31,53730,1199,8,5.798454284667969
LightGCN,2000,2000-12-31,53730,1584,9,5.794595718383789
LightGCN,2000,2000-12-31,53730,1094,10,5.707895278930664
LightGCN,2000,2000-12-31,53908,593,1,5.981361389160156
LightGCN,2000,2000-12-31,53908,608,2,5.970121383666992
LightGCN,2000,2000-12-31,53908,296,3,5.964327812194824
LightGCN,2000,2000-12-31,53908,527,4,5.615053176879883
LightGCN,2000,2000-12-31,53908,858,5,5.602242946624756
LightGCN,2000,2000-12-31,53908,457,6,5.551967620849609
LightGCN,2000,2000-12-31,53908,318,7,5.440309524536133
LightGCN,2000,2000-12-31,53908,1240,8,5.184996604919434
LightGCN,2000,2000-12-31,53908,589,9,5.160299301147461
LightGCN,2000,2000-12-31,53908,1617,10,5.116291522979736
LightGCN,2000,2000-12-31,53976,1617,1,4.22916316986084
LightGCN,2000,2000-12-31,53976,1198,2,4.180511474609375
LightGCN,2000,2000-12-31,53976,912,3,3.9387950897216797
LightGCN,2000,2000-12-31,53976,1704,4,3.9112439155578613
LightGCN,2000,2000-12-31,53976,1213,5,3.899658679962158
LightGCN,2000,2000-12-31,53976,1270,6,3.8919947147369385
LightGCN,2000,2000-12-31,53976,858,7,3.891064405441284
LightGCN,2000,2000-12-31,53976,1221,8,3.8801803588867188
LightGCN,2000,2000-12-31,53976,1240,9,3.848135471343994
LightGCN,2000,2000-12-31,53976,1721,10,3.8385353088378906
LightGCN,2000,2000-12-31,54252,2829,1,2.4769580364227295
LightGCN,2000,2000-12-31,54252,2997,2,2.3693504333496094
LightGCN,2000,2000-12-31,54252,2891,3,2.349842071533203
LightGCN,2000,2000-12-31,54252,2883,4,2.3205642700195312
LightGCN,2000,2000-12-31,54252,2759,5,2.2777087688446045
LightGCN,2000,2000-12-31,54252,2721,6,2.2568860054016113
LightGCN,2000,2000-12-31,54252,2710,7,2.2543911933898926
LightGCN,2000,2000-12-31,54252,2890,8,2.2232892513275146
LightGCN,2000,2000-12-31,54252,2959,9,2.205230951309204
LightGCN,2000,2000-12-31,54252,2912,10,2.1715197563171387
LightGCN,2000,2000-12-31,54594,1617,1,6.146875381469727
LightGCN,2000,2000-12-31,54594,2762,2,6.126588821411133
LightGCN,2000,2000-12-31,54594,2571,3,5.910681247711182
LightGCN,2000,2000-12-31,54594,2599,4,5.270739555358887
LightGCN,2000,2000-12-31,54594,1252,5,4.9911208152771
LightGCN,2000,2000-12-31,54594,2243,6,4.986090660095215
LightGCN,2000,2000-12-31,54594,1641,7,4.980613708496094
LightGCN,2000,2000-12-31,54594,1197,8,4.845998764038086
LightGCN,2000,2000-12-31,54594,2406,9,4.814148902893066
LightGCN,2000,2000-12-31,54594,1394,10,4.754085063934326
LightGCN,2000,2000-12-31,54759,1617,1,2.6260249614715576
LightGCN,2000,2000-12-31,54759,2858,2,2.5856289863586426
LightGCN,2000,2000-12-31,54759,2028,3,2.5612401962280273
LightGCN,2000,2000-12-31,54759,1198,4,2.4937150478363037
LightGCN,2000,2000-12-31,54759,2762,5,2.4473671913146973
LightGCN,2000,2000-12-31,54759,912,6,2.4230833053588867
LightGCN,2000,2000-12-31,54759,1704,7,2.404872417449951
LightGCN,2000,2000-12-31,54759,1213,8,2.3826589584350586
LightGCN,2000,2000-12-31,54759,1221,9,2.377696990966797
LightGCN,2000,2000-12-31,54759,1197,10,2.3391547203063965
LightGCN,2000,2000-12-31,54783,260,1,6.605632305145264
LightGCN,2000,2000-12-31,54783,1198,2,6.444817066192627
LightGCN,2000,2000-12-31,54783,858,3,6.348579406738281
LightGCN,2000,2000-12-31,54783,296,4,6.334644794464111
LightGCN,2000,2000-12-31,54783,527,5,6.080906867980957
LightGCN,2000,2000-12-31,54783,1270,6,6.026989459991455
LightGCN,2000,2000-12-31,54783,1197,7,5.989415168762207
LightGCN,2000,2000-12-31,54783,1240,8,5.9205322265625
LightGCN,2000,2000-12-31,54783,912,9,5.8700103759765625
LightGCN,2000,2000-12-31,54783,457,10,5.8213887214660645
LightGCN,2000,2000-12-31,55093,912,1,6.048975467681885
LightGCN,2000,2000-12-31,55093,2396,2,5.913031101226807
LightGCN,2000,2000-12-31,55093,923,3,5.424419403076172
LightGCN,2000,2000-12-31,55093,1183,4,5.3885498046875
LightGCN,2000,2000-12-31,55093,904,5,5.300220966339111
LightGCN,2000,2000-12-31,55093,1219,6,5.287944793701172
LightGCN,2000,2000-12-31,55093,969,7,5.044455528259277
LightGCN,2000,2000-12-31,55093,953,8,5.01455020904541
LightGCN,2000,2000-12-31,55093,1207,9,4.951088905334473
LightGCN,2000,2000-12-31,55093,920,10,4.93086051940918
LightGCN,2000,2000-12-31,55571,1270,1,4.705608367919922
LightGCN,2000,2000-12-31,55571,1240,2,4.642877578735352
LightGCN,2000,2000-12-31,55571,593,3,4.624175071716309
LightGCN,2000,2000-12-31,55571,541,4,4.583645343780518
LightGCN,2000,2000-12-31,55571,912,5,4.549890995025635
LightGCN,2000,2000-12-31,55571,1097,6,4.515252113342285
LightGCN,2000,2000-12-31,55571,527,7,4.481200695037842
LightGCN,2000,2000-12-31,55571,1193,8,4.469419479370117
LightGCN,2000,2000-12-31,55571,1136,9,4.442625999450684
LightGCN,2000,2000-12-31,55571,1265,10,4.429039001464844
LightGCN,2000,2000-12-31,56163,1196,1,4.806038856506348
LightGCN,2000,2000-12-31,56163,260,2,4.77659273147583
LightGCN,2000,2000-12-31,56163,527,3,4.58053731918335
LightGCN,2000,2000-12-31,56163,457,4,4.569607734680176
LightGCN,2000,2000-12-31,56163,858,5,4.500150680541992
LightGCN,2000,2000-12-31,56163,1198,6,4.487541198730469
LightGCN,2000,2000-12-31,56163,1210,7,4.480139255523682
LightGCN,2000,2000-12-31,56163,318,8,4.471141815185547
LightGCN,2000,2000-12-31,56163,589,9,4.223444938659668
LightGCN,2000,2000-12-31,56163,1270,10,4.2013702392578125
LightGCN,2000,2000-12-31,56172,1617,1,5.863442897796631
LightGCN,2000,2000-12-31,56172,2396,2,5.696063995361328
LightGCN,2000,2000-12-31,56172,2028,3,5.676434516906738
LightGCN,2000,2000-12-31,56172,1213,4,5.505133152008057
LightGCN,2000,2000-12-31,56172,2858,5,5.453135967254639
LightGCN,2000,2000-12-31,56172,2571,6,5.4216790199279785
LightGCN,2000,2000-12-31,56172,1240,7,5.412425994873047
LightGCN,2000,2000-12-31,56172,1193,8,5.412250518798828
LightGCN,2000,2000-12-31,56172,1704,9,5.4036102294921875
LightGCN,2000,2000-12-31,56172,924,10,5.3855061531066895
LightGCN,2000,2000-12-31,56478,608,1,4.937780380249023
LightGCN,2000,2000-12-31,56478,593,2,4.7393646240234375
LightGCN,2000,2000-12-31,56478,296,3,4.71977424621582
LightGCN,2000,2000-12-31,56478,32,4,4.588951110839844
LightGCN,2000,2000-12-31,56478,356,5,4.47967004776001
LightGCN,2000,2000-12-31,56478,318,6,4.352736473083496
LightGCN,2000,2000-12-31,56478,858,7,4.269514083862305
LightGCN,2000,2000-12-31,56478,590,8,4.15720272064209
LightGCN,2000,2000-12-31,56478,733,9,4.155620098114014
LightGCN,2000,2000-12-31,56478,36,10,4.091919422149658
LightGCN,2000,2000-12-31,57854,1196,1,5.2521233558654785
LightGCN,2000,2000-12-31,57854,1198,2,4.846183776855469
LightGCN,2000,2000-12-31,57854,1617,3,4.8134684562683105
LightGCN,2000,2000-12-31,57854,2028,4,4.661708354949951
LightGCN,2000,2000-12-31,57854,2396,5,4.641576766967773
LightGCN,2000,2000-12-31,57854,858,6,4.585776329040527
LightGCN,2000,2000-12-31,57854,912,7,4.539508819580078
LightGCN,2000,2000-12-31,57854,1197,8,4.528931617736816
LightGCN,2000,2000-12-31,57854,1270,9,4.50924825668335
LightGCN,2000,2000-12-31,57854,1213,10,4.498847007751465
LightGCN,2000,2000-12-31,58229,593,1,6.262754440307617
LightGCN,2000,2000-12-31,58229,296,2,6.231136322021484
LightGCN,2000,2000-12-31,58229,1210,3,6.143923282623291
LightGCN,2000,2000-12-31,58229,457,4,5.924900054931641
LightGCN,2000,2000-12-31,58229,858,5,5.923465728759766
LightGCN,2000,2000-12-31,58229,527,6,5.799295902252197
LightGCN,2000,2000-12-31,58229,356,7,5.76846981048584
LightGCN,2000,2000-12-31,58229,1,8,5.671677589416504
LightGCN,2000,2000-12-31,58229,32,9,5.670543193817139
LightGCN,2000,2000-12-31,58229,50,10,5.29060697555542
LightGCN,2000,2000-12-31,58396,2858,1,2.6069817543029785
LightGCN,2000,2000-12-31,58396,2762,2,2.424501419067383
LightGCN,2000,2000-12-31,58396,2396,3,2.376534938812256
LightGCN,2000,2000-12-31,58396,2028,4,2.2202062606811523
LightGCN,2000,2000-12-31,58396,2571,5,2.1985676288604736
LightGCN,2000,2000-12-31,58396,1617,6,2.1814980506896973
LightGCN,2000,2000-12-31,58396,2599,7,2.0602223873138428
LightGCN,2000,2000-12-31,58396,2716,8,2.0171985626220703
LightGCN,2000,2000-12-31,58396,2712,9,1.9522111415863037
LightGCN,2000,2000-12-31,58396,1704,10,1.9336624145507812
LightGCN,2000,2000-12-31,58454,296,1,4.9583330154418945
LightGCN,2000,2000-12-31,58454,593,2,4.927949905395508
LightGCN,2000,2000-12-31,58454,457,3,4.745100975036621
LightGCN,2000,2000-12-31,58454,356,4,4.5989484786987305
LightGCN,2000,2000-12-31,58454,318,5,4.549455642700195
LightGCN,2000,2000-12-31,58454,608,6,4.498512268066406
LightGCN,2000,2000-12-31,58454,150,7,4.402359962463379
LightGCN,2000,2000-12-31,58454,260,8,4.387454986572266
LightGCN,2000,2000-12-31,58454,480,9,4.364346504211426
LightGCN,2000,2000-12-31,58454,589,10,4.304449081420898
LightGCN,2000,2000-12-31,58708,2858,1,6.586336135864258
LightGCN,2000,2000-12-31,58708,2571,2,6.567404747009277
LightGCN,2000,2000-12-31,58708,1704,3,6.488747596740723
LightGCN,2000,2000-12-31,58708,2762,4,6.307347774505615
LightGCN,2000,2000-12-31,58708,1214,5,6.115544319152832
LightGCN,2000,2000-12-31,58708,1923,6,6.070890426635742
LightGCN,2000,2000-12-31,58708,923,7,5.982526779174805
LightGCN,2000,2000-12-31,58708,904,8,5.793732166290283
LightGCN,2000,2000-12-31,58708,908,9,5.59245491027832
LightGCN,2000,2000-12-31,58708,1610,10,5.578773021697998
LightGCN,2000,2000-12-31,59148,1198,1,5.5773138999938965
LightGCN,2000,2000-12-31,59148,2028,2,5.374797344207764
LightGCN,2000,2000-12-31,59148,2396,3,5.373814105987549
LightGCN,2000,2000-12-31,59148,912,4,5.282698631286621
LightGCN,2000,2000-12-31,59148,1704,5,5.141882419586182
LightGCN,2000,2000-12-31,59148,2858,6,5.137248992919922
LightGCN,2000,2000-12-31,59148,2571,7,5.1241865158081055
LightGCN,2000,2000-12-31,59148,1193,8,5.113048553466797
LightGCN,2000,2000-12-31,59148,1721,9,5.037261962890625
LightGCN,2000,2000-12-31,59148,1784,10,5.0226287841796875
LightGCN,2000,2000-12-31,59169,541,1,5.4832048416137695
LightGCN,2000,2000-12-31,59169,1225,2,5.247398376464844
LightGCN,2000,2000-12-31,59169,2396,3,5.237566947937012
LightGCN,2000,2000-12-31,59169,1307,4,5.169374465942383
LightGCN,2000,2000-12-31,59169,1208,5,5.022810935974121
LightGCN,2000,2000-12-31,59169,1079,6,4.976921081542969
LightGCN,2000,2000-12-31,59169,1183,7,4.955132961273193
LightGCN,2000,2000-12-31,59169,1230,8,4.846621990203857
LightGCN,2000,2000-12-31,59169,1089,9,4.842944145202637
LightGCN,2000,2000-12-31,59169,356,10,4.8343400955200195
LightGCN,2000,2000-12-31,59278,1721,1,5.454076766967773
LightGCN,2000,2000-12-31,59278,1641,2,5.1717634201049805
LightGCN,2000,2000-12-31,59278,1247,3,5.16586971282959
LightGCN,2000,2000-12-31,59278,1307,4,5.001161575317383
LightGCN,2000,2000-12-31,59278,2599,5,4.920973777770996
LightGCN,2000,2000-12-31,59278,1234,6,4.855401039123535
LightGCN,2000,2000-12-31,59278,908,7,4.784998893737793
LightGCN,2000,2000-12-31,59278,1610,8,4.736074447631836
LightGCN,2000,2000-12-31,59278,969,9,4.718075275421143
LightGCN,2000,2000-12-31,59278,1291,10,4.687871932983398
LightGCN,2000,2000-12-31,59567,1196,1,5.2784104347229
LightGCN,2000,2000-12-31,59567,260,2,4.964653491973877
LightGCN,2000,2000-12-31,59567,1198,3,4.908280849456787
LightGCN,2000,2000-12-31,59567,1270,4,4.594217300415039
LightGCN,2000,2000-12-31,59567,1197,5,4.564205646514893
LightGCN,2000,2000-12-31,59567,541,6,4.521019458770752
LightGCN,2000,2000-12-31,59567,912,7,4.498530387878418
LightGCN,2000,2000-12-31,59567,1240,8,4.497866630554199
LightGCN,2000,2000-12-31,59567,589,9,4.431095123291016
LightGCN,2000,2000-12-31,59567,1193,10,4.379462718963623
LightGCN,2000,2000-12-31,59938,296,1,5.317324161529541
LightGCN,2000,2000-12-31,59938,593,2,5.283994674682617
LightGCN,2000,2000-12-31,59938,457,3,5.278474807739258
LightGCN,2000,2000-12-31,59938,356,4,5.099562644958496
LightGCN,2000,2000-12-31,59938,260,5,5.057760715484619
LightGCN,2000,2000-12-31,59938,150,6,5.050407409667969
LightGCN,2000,2000-12-31,59938,608,7,5.023459434509277
LightGCN,2000,2000-12-31,59938,32,8,4.988722324371338
LightGCN,2000,2000-12-31,59938,590,9,4.934185981750488
LightGCN,2000,2000-12-31,59938,318,10,4.9190216064453125
LightGCN,2000,2000-12-31,60089,1196,1,5.851729393005371
LightGCN,2000,2000-12-31,60089,608,2,5.728305816650391
LightGCN,2000,2000-12-31,60089,296,3,5.578915596008301
LightGCN,2000,2000-12-31,60089,858,4,5.41671895980835
LightGCN,2000,2000-12-31,60089,527,5,5.303939342498779
LightGCN,2000,2000-12-31,60089,457,6,5.139891624450684
LightGCN,2000,2000-12-31,60089,1270,7,5.0983476638793945
LightGCN,2000,2000-12-31,60089,318,8,5.0780134201049805
LightGCN,2000,2000-12-31,60089,1617,9,5.022984981536865
LightGCN,2000,2000-12-31,60089,1097,10,4.914515018463135
LightGCN,2000,2000-12-31,60265,1617,1,6.193002223968506
LightGCN,2000,2000-12-31,60265,2028,2,5.996549606323242
LightGCN,2000,2000-12-31,60265,912,3,5.860965728759766
LightGCN,2000,2000-12-31,60265,541,4,5.551185131072998
LightGCN,2000,2000-12-31,60265,1225,5,5.545851707458496
LightGCN,2000,2000-12-31,60265,1214,6,5.392549514770508
LightGCN,2000,2000-12-31,60265,1208,7,5.369840621948242
LightGCN,2000,2000-12-31,60265,1200,8,5.343467712402344
LightGCN,2000,2000-12-31,60265,1265,9,5.326186180114746
LightGCN,2000,2000-12-31,60265,1307,10,5.317259311676025
LightGCN,2000,2000-12-31,60274,1198,1,3.9971108436584473
LightGCN,2000,2000-12-31,60274,260,2,3.9227941036224365
LightGCN,2000,2000-12-31,60274,608,3,3.9201467037200928
LightGCN,2000,2000-12-31,60274,858,4,3.864377975463867
LightGCN,2000,2000-12-31,60274,1617,5,3.8328495025634766
LightGCN,2000,2000-12-31,60274,1210,6,3.8060081005096436
LightGCN,2000,2000-12-31,60274,1270,7,3.7379183769226074
LightGCN,2000,2000-12-31,60274,1197,8,3.731919288635254
LightGCN,2000,2000-12-31,60274,1240,9,3.6869735717773438
LightGCN,2000,2000-12-31,60274,1213,10,3.6331772804260254
LightGCN,2000,2000-12-31,60341,2028,1,6.26942253112793
LightGCN,2000,2000-12-31,60341,924,2,6.088412761688232
LightGCN,2000,2000-12-31,60341,527,3,6.000635147094727
LightGCN,2000,2000-12-31,60341,1225,4,5.978858470916748
LightGCN,2000,2000-12-31,60341,1208,5,5.735438823699951
LightGCN,2000,2000-12-31,60341,1247,6,5.714088439941406
LightGCN,2000,2000-12-31,60341,1394,7,5.624593734741211
LightGCN,2000,2000-12-31,60341,1079,8,5.6166229248046875
LightGCN,2000,2000-12-31,60341,1234,9,5.535752773284912
LightGCN,2000,2000-12-31,60341,1183,10,5.458269119262695
LightGCN,2000,2000-12-31,60469,608,1,5.217540740966797
LightGCN,2000,2000-12-31,60469,260,2,5.175512313842773
LightGCN,2000,2000-12-31,60469,1196,3,5.16612434387207
LightGCN,2000,2000-12-31,60469,858,4,4.851772308349609
LightGCN,2000,2000-12-31,60469,356,5,4.680807590484619
LightGCN,2000,2000-12-31,60469,1270,6,4.513551712036133
LightGCN,2000,2000-12-31,60469,1197,7,4.473567962646484
LightGCN,2000,2000-12-31,60469,1240,8,4.4261674880981445
LightGCN,2000,2000-12-31,60469,110,9,4.412568092346191
LightGCN,2000,2000-12-31,60469,480,10,4.396885395050049
LightGCN,2000,2000-12-31,60615,1270,1,5.7003560066223145
LightGCN,2000,2000-12-31,60615,1240,2,5.599291801452637
LightGCN,2000,2000-12-31,60615,1213,3,5.537931442260742
LightGCN,2000,2000-12-31,60615,1097,4,5.467484474182129
LightGCN,2000,2000-12-31,60615,1193,5,5.451024055480957
LightGCN,2000,2000-12-31,60615,1265,6,5.357542037963867
LightGCN,2000,2000-12-31,60615,919,7,5.3477325439453125
LightGCN,2000,2000-12-31,60615,1214,8,5.339901924133301
LightGCN,2000,2000-12-31,60615,457,9,5.282481670379639
LightGCN,2000,2000-12-31,60615,1307,10,5.239470481872559
LightGCN,2000,2000-12-31,61249,260,1,6.446743488311768
LightGCN,2000,2000-12-31,61249,1210,2,6.137718200683594
LightGCN,2000,2000-12-31,61249,1197,3,5.9675164222717285
LightGCN,2000,2000-12-31,61249,1240,4,5.885891914367676
LightGCN,2000,2000-12-31,61249,457,5,5.85336971282959
LightGCN,2000,2000-12-31,61249,924,6,5.7423624992370605
LightGCN,2000,2000-12-31,61249,356,7,5.722909927368164
LightGCN,2000,2000-12-31,61249,1214,8,5.617627143859863
LightGCN,2000,2000-12-31,61249,1200,9,5.572607040405273
LightGCN,2000,2000-12-31,61249,589,10,5.4872026443481445
LightGCN,2000,2000-12-31,61651,1240,1,6.096895217895508
LightGCN,2000,2000-12-31,61651,1193,2,5.937483310699463
LightGCN,2000,2000-12-31,61651,1097,3,5.934532165527344
LightGCN,2000,2000-12-31,61651,1136,4,5.869578838348389
LightGCN,2000,2000-12-31,61651,1225,5,5.818974494934082
LightGCN,2000,2000-12-31,61651,1214,6,5.810211181640625
LightGCN,2000,2000-12-31,61651,1200,7,5.770359039306641
LightGCN,2000,2000-12-31,61651,2571,8,5.7520294189453125
LightGCN,2000,2000-12-31,61651,1307,9,5.700125694274902
LightGCN,2000,2000-12-31,61651,1580,10,5.631776809692383
LightGCN,2000,2000-12-31,61708,593,1,6.033428192138672
LightGCN,2000,2000-12-31,61708,296,2,6.032006740570068
LightGCN,2000,2000-12-31,61708,608,3,5.905936241149902
LightGCN,2000,2000-12-31,61708,260,4,5.839181900024414
LightGCN,2000,2000-12-31,61708,1196,5,5.812849044799805
LightGCN,2000,2000-12-31,61708,457,6,5.663067817687988
LightGCN,2000,2000-12-31,61708,527,7,5.614077568054199
LightGCN,2000,2000-12-31,61708,318,8,5.519382476806641
LightGCN,2000,2000-12-31,61708,356,9,5.517767906188965
LightGCN,2000,2000-12-31,61708,1210,10,5.473057746887207
LightGCN,2000,2000-12-31,61751,1198,1,6.398941993713379
LightGCN,2000,2000-12-31,61751,260,2,6.345146179199219
LightGCN,2000,2000-12-31,61751,1240,3,5.879622459411621
LightGCN,2000,2000-12-31,61751,541,4,5.819963455200195
LightGCN,2000,2000-12-31,61751,2396,5,5.738452911376953
LightGCN,2000,2000-12-31,61751,1097,6,5.703586101531982
LightGCN,2000,2000-12-31,61751,1225,7,5.626689434051514
LightGCN,2000,2000-12-31,61751,919,8,5.623499393463135
LightGCN,2000,2000-12-31,61751,1214,9,5.604914665222168
LightGCN,2000,2000-12-31,61751,1200,10,5.56303596496582
LightGCN,2000,2000-12-31,61962,1704,1,6.3232316970825195
LightGCN,2000,2000-12-31,61962,1784,2,6.17466926574707
LightGCN,2000,2000-12-31,61962,1721,3,6.112640857696533
LightGCN,2000,2000-12-31,61962,1923,4,5.929614067077637
LightGCN,2000,2000-12-31,61962,1580,5,5.5971221923828125
LightGCN,2000,2000-12-31,61962,1584,6,5.310156345367432
LightGCN,2000,2000-12-31,61962,1968,7,5.166879653930664
LightGCN,2000,2000-12-31,61962,2150,8,5.143329620361328
LightGCN,2000,2000-12-31,61962,2268,9,5.1063737869262695
LightGCN,2000,2000-12-31,61962,2918,10,5.015470504760742
LightGCN,2000,2000-12-31,62528,260,1,6.076786994934082
LightGCN,2000,2000-12-31,62528,1196,2,5.9073028564453125
LightGCN,2000,2000-12-31,62528,457,3,5.722284317016602
LightGCN,2000,2000-12-31,62528,1210,4,5.683686256408691
LightGCN,2000,2000-12-31,62528,589,5,5.293035984039307
LightGCN,2000,2000-12-31,62528,480,6,5.255965709686279
LightGCN,2000,2000-12-31,62528,150,7,5.18501091003418
LightGCN,2000,2000-12-31,62528,32,8,5.1371049880981445
LightGCN,2000,2000-12-31,62528,1197,9,5.119718551635742
LightGCN,2000,2000-12-31,62528,541,10,5.099729537963867
LightGCN,2000,2000-12-31,62663,1197,1,4.958924770355225
LightGCN,2000,2000-12-31,62663,1240,2,4.907320499420166
LightGCN,2000,2000-12-31,62663,541,3,4.88316011428833
LightGCN,2000,2000-12-31,62663,1617,4,4.879528999328613
LightGCN,2000,2000-12-31,62663,1213,5,4.783420562744141
LightGCN,2000,2000-12-31,62663,1221,6,4.709524154663086
LightGCN,2000,2000-12-31,62663,589,7,4.683886528015137
LightGCN,2000,2000-12-31,62663,1214,8,4.673423767089844
LightGCN,2000,2000-12-31,62663,1200,9,4.647064685821533
LightGCN,2000,2000-12-31,62663,50,10,4.629848480224609
LightGCN,2000,2000-12-31,62860,2396,1,5.472926616668701
LightGCN,2000,2000-12-31,62860,2858,2,5.411211967468262
LightGCN,2000,2000-12-31,62860,2028,3,5.351195335388184
LightGCN,2000,2000-12-31,62860,1198,4,5.174344062805176
LightGCN,2000,2000-12-31,62860,2571,5,5.142335891723633
LightGCN,2000,2000-12-31,62860,2762,6,5.0883636474609375
LightGCN,2000,2000-12-31,62860,1704,7,5.010641574859619
LightGCN,2000,2000-12-31,62860,1784,8,4.8713884353637695
LightGCN,2000,2000-12-31,62860,1193,9,4.866023063659668
LightGCN,2000,2000-12-31,62860,1197,10,4.843632221221924
LightGCN,2000,2000-12-31,62861,1196,1,7.406766891479492
LightGCN,2000,2000-12-31,62861,1198,2,6.839385032653809
LightGCN,2000,2000-12-31,62861,1617,3,6.668573379516602
LightGCN,2000,2000-12-31,62861,260,4,6.350425720214844
LightGCN,2000,2000-12-31,62861,1704,5,6.191007137298584
LightGCN,2000,2000-12-31,62861,924,6,6.145109176635742
LightGCN,2000,2000-12-31,62861,1784,7,6.076444625854492
LightGCN,2000,2000-12-31,62861,1265,8,5.956833839416504
LightGCN,2000,2000-12-31,62861,1307,9,5.877288818359375
LightGCN,2000,2000-12-31,62861,2762,10,5.8241167068481445
LightGCN,2000,2000-12-31,63437,541,1,5.817767143249512
LightGCN,2000,2000-12-31,63437,2028,2,5.650408744812012
LightGCN,2000,2000-12-31,63437,924,3,5.61539363861084
LightGCN,2000,2000-12-31,63437,919,4,5.541817665100098
LightGCN,2000,2000-12-31,63437,1721,5,5.524441242218018
LightGCN,2000,2000-12-31,63437,1225,6,5.504517078399658
LightGCN,2000,2000-12-31,63437,1704,7,5.488260746002197
LightGCN,2000,2000-12-31,63437,1580,8,5.444219589233398
LightGCN,2000,2000-12-31,63437,110,9,5.330572128295898
LightGCN,2000,2000-12-31,63437,1208,10,5.266885757446289
LightGCN,2000,2000-12-31,63838,1270,1,4.559605598449707
LightGCN,2000,2000-12-31,63838,912,2,4.5116071701049805
LightGCN,2000,2000-12-31,63838,1213,3,4.478555202484131
LightGCN,2000,2000-12-31,63838,541,4,4.432314872741699
LightGCN,2000,2000-12-31,63838,2396,5,4.429332733154297
LightGCN,2000,2000-12-31,63838,1193,6,4.398384094238281
LightGCN,2000,2000-12-31,63838,924,7,4.387813091278076
LightGCN,2000,2000-12-31,63838,1704,8,4.347409248352051
LightGCN,2000,2000-12-31,63838,1097,9,4.338640213012695
LightGCN,2000,2000-12-31,63838,1721,10,4.3300323486328125
LightGCN,2000,2000-12-31,64270,1196,1,3.316453456878662
LightGCN,2000,2000-12-31,64270,593,2,3.110971689224243
LightGCN,2000,2000-12-31,64270,1198,3,3.0823981761932373
LightGCN,2000,2000-12-31,64270,608,4,3.081843376159668
LightGCN,2000,2000-12-31,64270,260,5,3.0022330284118652
LightGCN,2000,2000-12-31,64270,858,6,2.970777750015259
LightGCN,2000,2000-12-31,64270,527,7,2.9632649421691895
LightGCN,2000,2000-12-31,64270,1617,8,2.9050912857055664
LightGCN,2000,2000-12-31,64270,1270,9,2.8791236877441406
LightGCN,2000,2000-12-31,64270,1210,10,2.865903377532959
LightGCN,2000,2000-12-31,65913,2396,1,2.3428080081939697
LightGCN,2000,2000-12-31,65913,2028,2,2.1432437896728516
LightGCN,2000,2000-12-31,65913,2571,3,2.1372122764587402
LightGCN,2000,2000-12-31,65913,2710,4,2.123107433319092
LightGCN,2000,2000-12-31,65913,2599,5,2.103073835372925
LightGCN,2000,2000-12-31,65913,2712,6,2.097993850708008
LightGCN,2000,2000-12-31,65913,2770,7,2.062591552734375
LightGCN,2000,2000-12-31,65913,1617,8,2.0542473793029785
LightGCN,2000,2000-12-31,65913,2997,9,2.027766227722168
LightGCN,2000,2000-12-31,65913,2890,10,1.9851363897323608
LightGCN,2000,2000-12-31,66405,1196,1,5.04698371887207
LightGCN,2000,2000-12-31,66405,296,2,5.0175557136535645
LightGCN,2000,2000-12-31,66405,1210,3,4.9752960205078125
LightGCN,2000,2000-12-31,66405,858,4,4.887518882751465
LightGCN,2000,2000-12-31,66405,1198,5,4.723823547363281
LightGCN,2000,2000-12-31,66405,457,6,4.69681453704834
LightGCN,2000,2000-12-31,66405,318,7,4.580419540405273
LightGCN,2000,2000-12-31,66405,356,8,4.580391883850098
LightGCN,2000,2000-12-31,66405,1270,9,4.422722816467285
LightGCN,2000,2000-12-31,66405,1197,10,4.382357597351074
LightGCN,2000,2000-12-31,67580,858,1,5.329653739929199
LightGCN,2000,2000-12-31,67580,296,2,5.033083915710449
LightGCN,2000,2000-12-31,67580,527,3,4.88784122467041
LightGCN,2000,2000-12-31,67580,1240,4,4.875629425048828
LightGCN,2000,2000-12-31,67580,541,5,4.833879470825195
LightGCN,2000,2000-12-31,67580,912,6,4.799346446990967
LightGCN,2000,2000-12-31,67580,1213,7,4.786460876464844
LightGCN,2000,2000-12-31,67580,1097,8,4.75723123550415
LightGCN,2000,2000-12-31,67580,1221,9,4.720656394958496
LightGCN,2000,2000-12-31,67580,1193,10,4.6994218826293945
LightGCN,2000,2000-12-31,67601,593,1,4.8388261795043945
LightGCN,2000,2000-12-31,67601,260,2,4.751733303070068
LightGCN,2000,2000-12-31,67601,1196,3,4.739819526672363
LightGCN,2000,2000-12-31,67601,1210,4,4.459282875061035
LightGCN,2000,2000-12-31,67601,858,5,4.444519996643066
LightGCN,2000,2000-12-31,67601,1198,6,4.426413536071777
LightGCN,2000,2000-12-31,67601,356,7,4.401699066162109
LightGCN,2000,2000-12-31,67601,1270,8,4.1485490798950195
LightGCN,2000,2000-12-31,67601,110,9,4.146111011505127
LightGCN,2000,2000-12-31,67601,480,10,4.137373447418213
LightGCN,2000,2000-12-31,68639,1617,1,6.658555507659912
LightGCN,2000,2000-12-31,68639,2396,2,6.430178642272949
LightGCN,2000,2000-12-31,68639,912,3,6.307753562927246
LightGCN,2000,2000-12-31,68639,2858,4,6.1382575035095215
LightGCN,2000,2000-12-31,68639,1193,5,6.1013031005859375
LightGCN,2000,2000-12-31,68639,1721,6,6.04412317276001
LightGCN,2000,2000-12-31,68639,541,7,6.04012393951416
LightGCN,2000,2000-12-31,68639,1136,8,5.947197914123535
LightGCN,2000,2000-12-31,68639,1265,9,5.806241989135742
LightGCN,2000,2000-12-31,68639,1247,10,5.778487205505371
LightGCN,2000,2000-12-31,69053,1617,1,3.7545571327209473
LightGCN,2000,2000-12-31,69053,541,2,3.602972984313965
LightGCN,2000,2000-12-31,69053,1213,3,3.581197500228882
LightGCN,2000,2000-12-31,69053,912,4,3.5756423473358154
LightGCN,2000,2000-12-31,69053,593,5,3.572042465209961
LightGCN,2000,2000-12-31,69053,1721,6,3.55625057220459
LightGCN,2000,2000-12-31,69053,1221,7,3.5349347591400146
LightGCN,2000,2000-12-31,69053,296,8,3.5180892944335938
LightGCN,2000,2000-12-31,69053,1704,9,3.514497756958008
LightGCN,2000,2000-12-31,69053,924,10,3.4972753524780273
LightGCN,2000,2000-12-31,69426,1210,1,5.844976902008057
LightGCN,2000,2000-12-31,69426,1270,2,5.766999244689941
LightGCN,2000,2000-12-31,69426,1213,3,5.632481575012207
LightGCN,2000,2000-12-31,69426,1221,4,5.571990013122559
LightGCN,2000,2000-12-31,69426,2028,5,5.5697431564331055
LightGCN,2000,2000-12-31,69426,924,6,5.532340049743652
LightGCN,2000,2000-12-31,69426,1097,7,5.52761173248291
LightGCN,2000,2000-12-31,69426,919,8,5.438007354736328
LightGCN,2000,2000-12-31,69426,1225,9,5.433531761169434
LightGCN,2000,2000-12-31,69426,1265,10,5.409041404724121
LightGCN,2000,2000-12-31,69886,608,1,5.885472297668457
LightGCN,2000,2000-12-31,69886,260,2,5.869014263153076
LightGCN,2000,2000-12-31,69886,1196,3,5.836281776428223
LightGCN,2000,2000-12-31,69886,593,4,5.796991348266602
LightGCN,2000,2000-12-31,69886,296,5,5.773372650146484
LightGCN,2000,2000-12-31,69886,1210,6,5.522469520568848
LightGCN,2000,2000-12-31,69886,858,7,5.478938102722168
LightGCN,2000,2000-12-31,69886,527,8,5.440812587738037
LightGCN,2000,2000-12-31,69886,457,9,5.390511512756348
LightGCN,2000,2000-12-31,69886,318,10,5.273448944091797
LightGCN,2000,2000-12-31,70246,608,1,5.425599575042725
LightGCN,2000,2000-12-31,70246,1197,2,5.369766712188721
LightGCN,2000,2000-12-31,70246,1270,3,5.368568420410156
LightGCN,2000,2000-12-31,70246,1213,4,5.295182228088379
LightGCN,2000,2000-12-31,70246,1221,5,5.253097057342529
LightGCN,2000,2000-12-31,70246,1193,6,5.191041469573975
LightGCN,2000,2000-12-31,70246,1704,7,5.1815385818481445
LightGCN,2000,2000-12-31,70246,924,8,5.17817497253418
LightGCN,2000,2000-12-31,70246,593,9,5.133151531219482
LightGCN,2000,2000-12-31,70246,1097,10,5.104017734527588
LightGCN,2000,2000-12-31,70685,1196,1,5.239198207855225
LightGCN,2000,2000-12-31,70685,1617,2,4.918916702270508
LightGCN,2000,2000-12-31,70685,1198,3,4.818730354309082
LightGCN,2000,2000-12-31,70685,2396,4,4.790644645690918
LightGCN,2000,2000-12-31,70685,2858,5,4.634531021118164
LightGCN,2000,2000-12-31,70685,912,6,4.594622611999512
LightGCN,2000,2000-12-31,70685,2571,7,4.5731635093688965
LightGCN,2000,2000-12-31,70685,1704,8,4.531890869140625
LightGCN,2000,2000-12-31,70685,1213,9,4.524537563323975
LightGCN,2000,2000-12-31,70685,1221,10,4.519366264343262
LightGCN,2000,2000-12-31,70888,1617,1,3.73559308052063
LightGCN,2000,2000-12-31,70888,2028,2,3.649447441101074
LightGCN,2000,2000-12-31,70888,2762,3,3.6118388175964355
LightGCN,2000,2000-12-31,70888,1196,4,3.5897438526153564
LightGCN,2000,2000-12-31,70888,2571,5,3.5350937843322754
LightGCN,2000,2000-12-31,70888,1704,6,3.3842482566833496
LightGCN,2000,2000-12-31,70888,912,7,3.3175816535949707
LightGCN,2000,2000-12-31,70888,1198,8,3.269869327545166
LightGCN,2000,2000-12-31,70888,1221,9,3.264848470687866
LightGCN,2000,2000-12-31,70888,1213,10,3.2406766414642334
LightGCN,2000,2000-12-31,70974,1198,1,5.6033830642700195
LightGCN,2000,2000-12-31,70974,260,2,5.260016441345215
LightGCN,2000,2000-12-31,70974,912,3,5.2307634353637695
LightGCN,2000,2000-12-31,70974,1270,4,5.217090606689453
LightGCN,2000,2000-12-31,70974,1240,5,5.139657497406006
LightGCN,2000,2000-12-31,70974,1225,6,4.972476482391357
LightGCN,2000,2000-12-31,70974,919,7,4.95759391784668
LightGCN,2000,2000-12-31,70974,1097,8,4.956160545349121
LightGCN,2000,2000-12-31,70974,1784,9,4.949811935424805
LightGCN,2000,2000-12-31,70974,1265,10,4.876888751983643
LightGCN,2000,2000-12-31,71018,858,1,6.601764678955078
LightGCN,2000,2000-12-31,71018,1197,2,6.066770553588867
LightGCN,2000,2000-12-31,71018,912,3,5.829554557800293
LightGCN,2000,2000-12-31,71018,1221,4,5.7348198890686035
LightGCN,2000,2000-12-31,71018,356,5,5.673313617706299
LightGCN,2000,2000-12-31,71018,1721,6,5.649091720581055
LightGCN,2000,2000-12-31,71018,919,7,5.643723011016846
LightGCN,2000,2000-12-31,71018,1307,8,5.580915451049805
LightGCN,2000,2000-12-31,71018,1704,9,5.554076671600342
LightGCN,2000,2000-12-31,71018,1079,10,5.427534580230713
LightGCN,2000,2000-12-31,71128,260,1,6.627931594848633
LightGCN,2000,2000-12-31,71128,32,2,6.223331451416016
LightGCN,2000,2000-12-31,71128,592,3,5.895456314086914
LightGCN,2000,2000-12-31,71128,858,4,5.726829528808594
LightGCN,2000,2000-12-31,71128,1196,5,5.684473514556885
LightGCN,2000,2000-12-31,71128,780,6,5.65765380859375
LightGCN,2000,2000-12-31,71128,36,7,5.508419036865234
LightGCN,2000,2000-12-31,71128,349,8,5.435766220092773
LightGCN,2000,2000-12-31,71128,1198,9,5.350809097290039
LightGCN,2000,2000-12-31,71128,21,10,5.227566719055176
LightGCN,2000,2000-12-31,71445,2571,1,6.583227634429932
LightGCN,2000,2000-12-31,71445,912,2,6.343443870544434
LightGCN,2000,2000-12-31,71445,1784,3,6.145718097686768
LightGCN,2000,2000-12-31,71445,1721,4,6.000089645385742
LightGCN,2000,2000-12-31,71445,1240,5,5.829373359680176
LightGCN,2000,2000-12-31,71445,923,6,5.8155198097229
LightGCN,2000,2000-12-31,71445,1304,7,5.544013977050781
LightGCN,2000,2000-12-31,71445,1265,8,5.391038417816162
LightGCN,2000,2000-12-31,71445,2628,9,5.316096305847168
LightGCN,2000,2000-12-31,71445,913,10,5.308719635009766
LightGCN,2000,2000-12-31,71497,1196,1,4.853987693786621
LightGCN,2000,2000-12-31,71497,260,2,4.780488967895508
LightGCN,2000,2000-12-31,71497,1198,3,4.521588325500488
LightGCN,2000,2000-12-31,71497,858,4,4.5204620361328125
LightGCN,2000,2000-12-31,71497,1210,5,4.512343406677246
LightGCN,2000,2000-12-31,71497,527,6,4.49971342086792
LightGCN,2000,2000-12-31,71497,457,7,4.435619354248047
LightGCN,2000,2000-12-31,71497,318,8,4.352810859680176
LightGCN,2000,2000-12-31,71497,356,9,4.326845645904541
LightGCN,2000,2000-12-31,71497,1270,10,4.2369866371154785
LightGCN,2000,2000-12-31,71788,1196,1,3.527944564819336
LightGCN,2000,2000-12-31,71788,1198,2,3.261265277862549
LightGCN,2000,2000-12-31,71788,1617,3,3.2407901287078857
LightGCN,2000,2000-12-31,71788,2028,4,3.12894344329834
LightGCN,2000,2000-12-31,71788,858,5,3.085103988647461
LightGCN,2000,2000-12-31,71788,1197,6,3.038189172744751
LightGCN,2000,2000-12-31,71788,1213,7,3.0346860885620117
LightGCN,2000,2000-12-31,71788,1270,8,3.0281996726989746
LightGCN,2000,2000-12-31,71788,1221,9,3.0206260681152344
LightGCN,2000,2000-12-31,71788,2858,10,3.0023655891418457
LightGCN,2000,2000-12-31,72820,593,1,5.545258045196533
LightGCN,2000,2000-12-31,72820,858,2,5.433637619018555
LightGCN,2000,2000-12-31,72820,1210,3,5.410688877105713
LightGCN,2000,2000-12-31,72820,1198,4,5.398194313049316
LightGCN,2000,2000-12-31,72820,457,5,5.101766109466553
LightGCN,2000,2000-12-31,72820,1197,6,5.005623817443848
LightGCN,2000,2000-12-31,72820,356,7,4.983855724334717
LightGCN,2000,2000-12-31,72820,1097,8,4.875582218170166
LightGCN,2000,2000-12-31,72820,1213,9,4.855448246002197
LightGCN,2000,2000-12-31,72820,1221,10,4.785913467407227
LightGCN,2000,2000-12-31,72864,1198,1,7.159629821777344
LightGCN,2000,2000-12-31,72864,1213,2,6.704546928405762
LightGCN,2000,2000-12-31,72864,1240,3,6.577013969421387
LightGCN,2000,2000-12-31,72864,1193,4,6.56243896484375
LightGCN,2000,2000-12-31,72864,1580,5,6.069635391235352
LightGCN,2000,2000-12-31,72864,1304,6,6.008469581604004
LightGCN,2000,2000-12-31,72864,1234,7,5.9337005615234375
LightGCN,2000,2000-12-31,72864,1610,8,5.7172722816467285
LightGCN,2000,2000-12-31,72864,1682,9,5.601687431335449
LightGCN,2000,2000-12-31,72864,913,10,5.539030075073242
LightGCN,2000,2000-12-31,72936,2396,1,4.270224094390869
LightGCN,2000,2000-12-31,72936,2571,2,4.03439998626709
LightGCN,2000,2000-12-31,72936,1704,3,3.904599189758301
LightGCN,2000,2000-12-31,72936,912,4,3.8844780921936035
LightGCN,2000,2000-12-31,72936,1784,5,3.7934999465942383
LightGCN,2000,2000-12-31,72936,1721,6,3.7328176498413086
LightGCN,2000,2000-12-31,72936,1193,7,3.704470157623291
LightGCN,2000,2000-12-31,72936,1230,8,3.69112491607666
LightGCN,2000,2000-12-31,72936,1923,9,3.6894681453704834
LightGCN,2000,2000-12-31,72936,924,10,3.6794962882995605
LightGCN,2000,2000-12-31,73029,1196,1,6.126452445983887
LightGCN,2000,2000-12-31,73029,2396,2,5.679636478424072
LightGCN,2000,2000-12-31,73029,2858,3,5.5225372314453125
LightGCN,2000,2000-12-31,73029,1213,4,5.325986385345459
LightGCN,2000,2000-12-31,73029,1704,5,5.320718288421631
LightGCN,2000,2000-12-31,73029,2762,6,5.231799602508545
LightGCN,2000,2000-12-31,73029,1270,7,5.213934898376465
LightGCN,2000,2000-12-31,73029,1784,8,5.188014507293701
LightGCN,2000,2000-12-31,73029,1240,9,5.157873630523682
LightGCN,2000,2000-12-31,73029,1721,10,5.148923873901367
LightGCN,2000,2000-12-31,73616,2712,1,2.4629642963409424
LightGCN,2000,2000-12-31,73616,2770,2,2.4010672569274902
LightGCN,2000,2000-12-31,73616,2763,3,2.357083797454834
LightGCN,2000,2000-12-31,73616,2710,4,2.311521053314209
LightGCN,2000,2000-12-31,73616,2890,5,2.2409911155700684
LightGCN,2000,2000-12-31,73616,2959,6,2.181453227996826
LightGCN,2000,2000-12-31,73616,2883,7,2.172335147857666
LightGCN,2000,2000-12-31,73616,2759,8,2.1407482624053955
LightGCN,2000,2000-12-31,73616,2723,9,2.081305503845215
LightGCN,2000,2000-12-31,73616,2912,10,2.0473549365997314
LightGCN,2000,2000-12-31,73644,1,1,6.361904144287109
LightGCN,2000,2000-12-31,73644,527,2,6.299018383026123
LightGCN,2000,2000-12-31,73644,50,3,5.789563179016113
LightGCN,2000,2000-12-31,73644,36,4,5.716318607330322
LightGCN,2000,2000-12-31,73644,34,5,5.509321212768555
LightGCN,2000,2000-12-31,73644,1073,6,5.375082969665527
LightGCN,2000,2000-12-31,73644,25,7,5.373419761657715
LightGCN,2000,2000-12-31,73644,1197,8,5.318737030029297
LightGCN,2000,2000-12-31,73644,1183,9,5.1588850021362305
LightGCN,2000,2000-12-31,73644,1356,10,5.091802597045898
LightGCN,2000,2000-12-31,73848,2571,1,6.618282318115234
LightGCN,2000,2000-12-31,73848,296,2,6.53090238571167
LightGCN,2000,2000-12-31,73848,923,3,6.294593334197998
LightGCN,2000,2000-12-31,73848,1291,4,6.2233734130859375
LightGCN,2000,2000-12-31,73848,1234,5,6.104160308837891
LightGCN,2000,2000-12-31,73848,1610,6,5.785773277282715
LightGCN,2000,2000-12-31,73848,1207,7,5.713828086853027
LightGCN,2000,2000-12-31,73848,1233,8,5.623762130737305
LightGCN,2000,2000-12-31,73848,913,9,5.592857360839844
LightGCN,2000,2000-12-31,73848,2797,10,5.392329692840576
LightGCN,2000,2000-12-31,74816,1196,1,5.915874481201172
LightGCN,2000,2000-12-31,74816,858,2,5.223015308380127
LightGCN,2000,2000-12-31,74816,2028,3,5.169696807861328
LightGCN,2000,2000-12-31,74816,912,4,5.0850605964660645
LightGCN,2000,2000-12-31,74816,1213,5,5.039941787719727
LightGCN,2000,2000-12-31,74816,1240,6,5.031047821044922
LightGCN,2000,2000-12-31,74816,1210,7,5.019371032714844
LightGCN,2000,2000-12-31,74816,1221,8,4.99729061126709
LightGCN,2000,2000-12-31,74816,541,9,4.937535285949707
LightGCN,2000,2000-12-31,74816,1097,10,4.82843017578125
LightGCN,2000,2000-12-31,75121,608,1,5.213845252990723
LightGCN,2000,2000-12-31,75121,1270,2,4.936977863311768
LightGCN,2000,2000-12-31,75121,1240,3,4.867546081542969
LightGCN,2000,2000-12-31,75121,2028,4,4.8666582107543945
LightGCN,2000,2000-12-31,75121,1221,5,4.766103744506836
LightGCN,2000,2000-12-31,75121,919,6,4.639274597167969
LightGCN,2000,2000-12-31,75121,1225,7,4.622940540313721
LightGCN,2000,2000-12-31,75121,1307,8,4.531513690948486
LightGCN,2000,2000-12-31,75121,2858,9,4.490565299987793
LightGCN,2000,2000-12-31,75121,1291,10,4.488521575927734
LightGCN,2000,2000-12-31,75192,1240,1,6.273661136627197
LightGCN,2000,2000-12-31,75192,541,2,6.228903770446777
LightGCN,2000,2000-12-31,75192,1214,3,5.983266830444336
LightGCN,2000,2000-12-31,75192,1208,4,5.837536811828613
LightGCN,2000,2000-12-31,75192,2762,5,5.703906536102295
LightGCN,2000,2000-12-31,75192,1304,6,5.64656925201416
LightGCN,2000,2000-12-31,75192,1234,7,5.608127593994141
LightGCN,2000,2000-12-31,75192,1089,8,5.4741644859313965
LightGCN,2000,2000-12-31,75192,1206,9,5.458937168121338
LightGCN,2000,2000-12-31,75192,356,10,5.403653144836426
LightGCN,2000,2000-12-31,75645,1196,1,5.093010902404785
LightGCN,2000,2000-12-31,75645,1198,2,4.727199077606201
LightGCN,2000,2000-12-31,75645,260,3,4.6535844802856445
LightGCN,2000,2000-12-31,75645,1210,4,4.457730293273926
LightGCN,2000,2000-12-31,75645,1270,5,4.408543586730957
LightGCN,2000,2000-12-31,75645,1197,6,4.395804405212402
LightGCN,2000,2000-12-31,75645,1240,7,4.329541206359863
LightGCN,2000,2000-12-31,75645,541,8,4.319066524505615
LightGCN,2000,2000-12-31,75645,1221,9,4.2909393310546875
LightGCN,2000,2000-12-31,75645,924,10,4.242547035217285
LightGCN,2000,2000-12-31,75826,1617,1,4.346565246582031
LightGCN,2000,2000-12-31,75826,1198,2,4.309598922729492
LightGCN,2000,2000-12-31,75826,2028,3,4.226844787597656
LightGCN,2000,2000-12-31,75826,2396,4,4.2099761962890625
LightGCN,2000,2000-12-31,75826,912,5,4.053956985473633
LightGCN,2000,2000-12-31,75826,1197,6,4.03279447555542
LightGCN,2000,2000-12-31,75826,858,7,4.024654865264893
LightGCN,2000,2000-12-31,75826,1270,8,4.0099077224731445
LightGCN,2000,2000-12-31,75826,1221,9,3.9912495613098145
LightGCN,2000,2000-12-31,75826,1240,10,3.970595598220825
LightGCN,2000,2000-12-31,75946,541,1,5.260455131530762
LightGCN,2000,2000-12-31,75946,32,2,5.134727478027344
LightGCN,2000,2000-12-31,75946,912,3,5.130102157592773
LightGCN,2000,2000-12-31,75946,1,4,5.059259414672852
LightGCN,2000,2000-12-31,75946,1193,5,5.028815746307373
LightGCN,2000,2000-12-31,75946,1221,6,5.019101142883301
LightGCN,2000,2000-12-31,75946,1214,7,4.992414951324463
LightGCN,2000,2000-12-31,75946,1200,8,4.961366653442383
LightGCN,2000,2000-12-31,75946,111,9,4.755640983581543
LightGCN,2000,2000-12-31,75946,36,10,4.702520370483398
LightGCN,2000,2000-12-31,75952,1196,1,4.8405656814575195
LightGCN,2000,2000-12-31,75952,1617,2,4.676355361938477
LightGCN,2000,2000-12-31,75952,2028,3,4.58376407623291
LightGCN,2000,2000-12-31,75952,1198,4,4.431710243225098
LightGCN,2000,2000-12-31,75952,2762,5,4.345120429992676
LightGCN,2000,2000-12-31,75952,912,6,4.276847839355469
LightGCN,2000,2000-12-31,75952,1213,7,4.21224308013916
LightGCN,2000,2000-12-31,75952,1221,8,4.210182189941406
LightGCN,2000,2000-12-31,75952,1721,9,4.156005382537842
LightGCN,2000,2000-12-31,75952,1270,10,4.112527847290039
LightGCN,2000,2000-12-31,76346,296,1,6.097775459289551
LightGCN,2000,2000-12-31,76346,318,2,5.588501453399658
LightGCN,2000,2000-12-31,76346,1198,3,5.341703414916992
LightGCN,2000,2000-12-31,76346,480,4,5.341484069824219
LightGCN,2000,2000-12-31,76346,110,5,5.292827606201172
LightGCN,2000,2000-12-31,76346,50,6,5.147644996643066
LightGCN,2000,2000-12-31,76346,541,7,4.9438581466674805
LightGCN,2000,2000-12-31,76346,1097,8,4.893916130065918
LightGCN,2000,2000-12-31,76346,36,9,4.785279273986816
LightGCN,2000,2000-12-31,76346,912,10,4.718512535095215
LightGCN,2000,2000-12-31,77003,858,1,5.801932334899902
LightGCN,2000,2000-12-31,77003,527,2,5.592259407043457
LightGCN,2000,2000-12-31,77003,32,3,5.293079376220703
LightGCN,2000,2000-12-31,77003,541,4,5.154082775115967
LightGCN,2000,2000-12-31,77003,1214,5,4.939802646636963
LightGCN,2000,2000-12-31,77003,912,6,4.936544418334961
LightGCN,2000,2000-12-31,77003,1200,7,4.924293041229248
LightGCN,2000,2000-12-31,77003,1193,8,4.870553016662598
LightGCN,2000,2000-12-31,77003,1221,9,4.861868858337402
LightGCN,2000,2000-12-31,77003,36,10,4.849040985107422
LightGCN,2000,2000-12-31,77412,2762,1,2.78950834274292
LightGCN,2000,2000-12-31,77412,2396,2,2.603278160095215
LightGCN,2000,2000-12-31,77412,2028,3,2.4012913703918457
LightGCN,2000,2000-12-31,77412,2571,4,2.394998550415039
LightGCN,2000,2000-12-31,77412,2710,5,2.3660812377929688
LightGCN,2000,2000-12-31,77412,2712,6,2.3244805335998535
LightGCN,2000,2000-12-31,77412,1617,7,2.3012123107910156
LightGCN,2000,2000-12-31,77412,2770,8,2.2916007041931152
LightGCN,2000,2000-12-31,77412,2763,9,2.240095615386963
LightGCN,2000,2000-12-31,77412,2716,10,2.2165403366088867
LightGCN,2000,2000-12-31,77597,1196,1,6.4956512451171875
LightGCN,2000,2000-12-31,77597,593,2,6.159626007080078
LightGCN,2000,2000-12-31,77597,858,3,6.050760269165039
LightGCN,2000,2000-12-31,77597,1210,4,6.042896270751953
LightGCN,2000,2000-12-31,77597,1270,5,5.667569160461426
LightGCN,2000,2000-12-31,77597,457,6,5.663111686706543
LightGCN,2000,2000-12-31,77597,1240,7,5.56769323348999
LightGCN,2000,2000-12-31,77597,356,8,5.533695697784424
LightGCN,2000,2000-12-31,77597,1097,9,5.472837924957275
LightGCN,2000,2000-12-31,77597,912,10,5.471268653869629
LightGCN,2000,2000-12-31,77858,1196,1,5.088084697723389
LightGCN,2000,2000-12-31,77858,2028,2,4.80897331237793
LightGCN,2000,2000-12-31,77858,1198,3,4.663573741912842
LightGCN,2000,2000-12-31,77858,2571,4,4.604991912841797
LightGCN,2000,2000-12-31,77858,1784,5,4.401613235473633
LightGCN,2000,2000-12-31,77858,1193,6,4.381781578063965
LightGCN,2000,2000-12-31,77858,1197,7,4.3705925941467285
LightGCN,2000,2000-12-31,77858,1721,8,4.355999946594238
LightGCN,2000,2000-12-31,77858,1225,9,4.30185604095459
LightGCN,2000,2000-12-31,77858,1270,10,4.300225257873535
LightGCN,2000,2000-12-31,77916,593,1,6.870107173919678
LightGCN,2000,2000-12-31,77916,457,2,6.693826675415039
LightGCN,2000,2000-12-31,77916,356,3,6.4853644371032715
LightGCN,2000,2000-12-31,77916,318,4,6.348154544830322
LightGCN,2000,2000-12-31,77916,150,5,6.276965618133545
LightGCN,2000,2000-12-31,77916,527,6,6.194978713989258
LightGCN,2000,2000-12-31,77916,32,7,6.132627010345459
LightGCN,2000,2000-12-31,77916,589,8,6.070290565490723
LightGCN,2000,2000-12-31,77916,592,9,5.771768093109131
LightGCN,2000,2000-12-31,77916,50,10,5.729547500610352
LightGCN,2000,2000-12-31,78000,1196,1,4.744456768035889
LightGCN,2000,2000-12-31,78000,1198,2,4.3775529861450195
LightGCN,2000,2000-12-31,78000,2028,3,4.205402851104736
LightGCN,2000,2000-12-31,78000,858,4,4.1441650390625
LightGCN,2000,2000-12-31,78000,912,5,4.108163356781006
LightGCN,2000,2000-12-31,78000,1197,6,4.090716361999512
LightGCN,2000,2000-12-31,78000,1270,7,4.0762224197387695
LightGCN,2000,2000-12-31,78000,1213,8,4.0670084953308105
LightGCN,2000,2000-12-31,78000,1221,9,4.039155960083008
LightGCN,2000,2000-12-31,78000,1240,10,4.022150993347168
LightGCN,2000,2000-12-31,78223,608,1,5.12050199508667
LightGCN,2000,2000-12-31,78223,858,2,4.948711395263672
LightGCN,2000,2000-12-31,78223,593,3,4.822812557220459
LightGCN,2000,2000-12-31,78223,296,4,4.77618408203125
LightGCN,2000,2000-12-31,78223,1240,5,4.627274513244629
LightGCN,2000,2000-12-31,78223,527,6,4.625052452087402
LightGCN,2000,2000-12-31,78223,541,7,4.584959030151367
LightGCN,2000,2000-12-31,78223,912,8,4.554450035095215
LightGCN,2000,2000-12-31,78223,1213,9,4.529561519622803
LightGCN,2000,2000-12-31,78223,1097,10,4.517366409301758
LightGCN,2000,2000-12-31,78625,1270,1,6.403635025024414
LightGCN,2000,2000-12-31,78625,1240,2,6.294363021850586
LightGCN,2000,2000-12-31,78625,2028,3,6.168056488037109
LightGCN,2000,2000-12-31,78625,1221,4,6.160738945007324
LightGCN,2000,2000-12-31,78625,1225,5,6.007141590118408
LightGCN,2000,2000-12-31,78625,1214,6,6.001893520355225
LightGCN,2000,2000-12-31,78625,1200,7,5.961826324462891
LightGCN,2000,2000-12-31,78625,457,8,5.831439971923828
LightGCN,2000,2000-12-31,78625,1580,9,5.815381050109863
LightGCN,2000,2000-12-31,78625,923,10,5.671771049499512
LightGCN,2000,2000-12-31,78824,527,1,5.155618667602539
LightGCN,2000,2000-12-31,78824,1270,2,4.990822792053223
LightGCN,2000,2000-12-31,78824,318,3,4.938109397888184
LightGCN,2000,2000-12-31,78824,356,4,4.898189544677734
LightGCN,2000,2000-12-31,78824,541,5,4.895144939422607
LightGCN,2000,2000-12-31,78824,912,6,4.821934700012207
LightGCN,2000,2000-12-31,78824,1097,7,4.816040515899658
LightGCN,2000,2000-12-31,78824,1193,8,4.718200206756592
LightGCN,2000,2000-12-31,78824,924,9,4.7129974365234375
LightGCN,2000,2000-12-31,78824,1136,10,4.705556869506836
LightGCN,2000,2000-12-31,79287,1196,1,4.75998592376709
LightGCN,2000,2000-12-31,79287,1617,2,4.415059566497803
LightGCN,2000,2000-12-31,79287,1198,3,4.393857955932617
LightGCN,2000,2000-12-31,79287,2028,4,4.255526542663574
LightGCN,2000,2000-12-31,79287,912,5,4.151144981384277
LightGCN,2000,2000-12-31,79287,858,6,4.14973258972168
LightGCN,2000,2000-12-31,79287,1213,7,4.109124183654785
LightGCN,2000,2000-12-31,79287,1197,8,4.1044487953186035
LightGCN,2000,2000-12-31,79287,1270,9,4.080447673797607
LightGCN,2000,2000-12-31,79287,1221,10,4.079995155334473
LightGCN,2000,2000-12-31,79348,1196,1,5.010126113891602
LightGCN,2000,2000-12-31,79348,858,2,4.472424507141113
LightGCN,2000,2000-12-31,79348,2396,3,4.37415885925293
LightGCN,2000,2000-12-31,79348,1197,4,4.32246208190918
LightGCN,2000,2000-12-31,79348,1270,5,4.309202194213867
LightGCN,2000,2000-12-31,79348,1221,6,4.289612770080566
LightGCN,2000,2000-12-31,79348,1240,7,4.241324424743652
LightGCN,2000,2000-12-31,79348,1210,8,4.219346046447754
LightGCN,2000,2000-12-31,79348,924,9,4.213597297668457
LightGCN,2000,2000-12-31,79348,2571,10,4.151069164276123
LightGCN,2000,2000-12-31,79998,1196,1,5.1840105056762695
LightGCN,2000,2000-12-31,79998,1198,2,4.765270709991455
LightGCN,2000,2000-12-31,79998,912,3,4.533446311950684
LightGCN,2000,2000-12-31,79998,2571,4,4.524741172790527
LightGCN,2000,2000-12-31,79998,1213,5,4.473963737487793
LightGCN,2000,2000-12-31,79998,1704,6,4.4726762771606445
LightGCN,2000,2000-12-31,79998,1197,7,4.460875511169434
LightGCN,2000,2000-12-31,79998,1221,8,4.4581732749938965
LightGCN,2000,2000-12-31,79998,858,9,4.394101142883301
LightGCN,2000,2000-12-31,79998,1784,10,4.374171733856201
LightGCN,2000,2000-12-31,80060,593,1,5.33595609664917
LightGCN,2000,2000-12-31,80060,1198,2,5.185175895690918
LightGCN,2000,2000-12-31,80060,1210,3,5.183847427368164
LightGCN,2000,2000-12-31,80060,858,4,5.183213233947754
LightGCN,2000,2000-12-31,80060,527,5,5.036722183227539
LightGCN,2000,2000-12-31,80060,457,6,4.919572830200195
LightGCN,2000,2000-12-31,80060,356,7,4.803708076477051
LightGCN,2000,2000-12-31,80060,1240,8,4.766531944274902
LightGCN,2000,2000-12-31,80060,541,9,4.764551162719727
LightGCN,2000,2000-12-31,80060,1097,10,4.689797401428223
LightGCN,2000,2000-12-31,80179,858,1,5.036098480224609
LightGCN,2000,2000-12-31,80179,912,2,5.030606269836426
LightGCN,2000,2000-12-31,80179,1270,3,5.013744354248047
LightGCN,2000,2000-12-31,80179,1213,4,4.972452640533447
LightGCN,2000,2000-12-31,80179,1240,5,4.955216407775879
LightGCN,2000,2000-12-31,80179,2571,6,4.935723304748535
LightGCN,2000,2000-12-31,80179,1704,7,4.915380477905273
LightGCN,2000,2000-12-31,80179,1193,8,4.865108489990234
LightGCN,2000,2000-12-31,80179,541,9,4.856930732727051
LightGCN,2000,2000-12-31,80179,1721,10,4.8496270179748535
LightGCN,2000,2000-12-31,80276,858,1,5.833298683166504
LightGCN,2000,2000-12-31,80276,1198,2,5.829724311828613
LightGCN,2000,2000-12-31,80276,593,3,5.655036926269531
LightGCN,2000,2000-12-31,80276,296,4,5.598486423492432
LightGCN,2000,2000-12-31,80276,527,5,5.408978462219238
LightGCN,2000,2000-12-31,80276,1617,6,5.353898048400879
LightGCN,2000,2000-12-31,80276,1213,7,5.238236427307129
LightGCN,2000,2000-12-31,80276,1221,8,5.164207458496094
LightGCN,2000,2000-12-31,80276,1193,9,5.159055233001709
LightGCN,2000,2000-12-31,80276,1136,10,5.1387434005737305
LightGCN,2000,2000-12-31,80608,1196,1,5.659722328186035
LightGCN,2000,2000-12-31,80608,608,2,5.273168087005615
LightGCN,2000,2000-12-31,80608,1198,3,5.265597820281982
LightGCN,2000,2000-12-31,80608,260,4,5.256772518157959
LightGCN,2000,2000-12-31,80608,1197,5,4.892116546630859
LightGCN,2000,2000-12-31,80608,296,6,4.8914690017700195
LightGCN,2000,2000-12-31,80608,912,7,4.836765766143799
LightGCN,2000,2000-12-31,80608,1213,8,4.787611961364746
LightGCN,2000,2000-12-31,80608,527,9,4.770667552947998
LightGCN,2000,2000-12-31,80608,1221,10,4.731821060180664
LightGCN,2000,2000-12-31,81091,608,1,5.463848114013672
LightGCN,2000,2000-12-31,81091,858,2,5.1983489990234375
LightGCN,2000,2000-12-31,81091,593,3,5.034456253051758
LightGCN,2000,2000-12-31,81091,296,4,4.979803085327148
LightGCN,2000,2000-12-31,81091,527,5,4.802827835083008
LightGCN,2000,2000-12-31,81091,1240,6,4.759937286376953
LightGCN,2000,2000-12-31,81091,1617,7,4.689413547515869
LightGCN,2000,2000-12-31,81091,912,8,4.606144905090332
LightGCN,2000,2000-12-31,81091,1213,9,4.601046562194824
LightGCN,2000,2000-12-31,81091,457,10,4.595823764801025
LightGCN,2000,2000-12-31,81119,296,1,2.952853202819824
LightGCN,2000,2000-12-31,81119,593,2,2.9094467163085938
LightGCN,2000,2000-12-31,81119,457,3,2.8575353622436523
LightGCN,2000,2000-12-31,81119,356,4,2.757108449935913
LightGCN,2000,2000-12-31,81119,318,5,2.7139458656311035
LightGCN,2000,2000-12-31,81119,150,6,2.7022972106933594
LightGCN,2000,2000-12-31,81119,590,7,2.648402690887451
LightGCN,2000,2000-12-31,81119,480,8,2.6231679916381836
LightGCN,2000,2000-12-31,81119,527,9,2.59383487701416
LightGCN,2000,2000-12-31,81119,110,10,2.556307554244995
LightGCN,2000,2000-12-31,81190,296,1,5.33426570892334
LightGCN,2000,2000-12-31,81190,593,2,5.310577869415283
LightGCN,2000,2000-12-31,81190,260,3,5.2215576171875
LightGCN,2000,2000-12-31,81190,32,4,5.152505874633789
LightGCN,2000,2000-12-31,81190,608,5,5.146482467651367
LightGCN,2000,2000-12-31,81190,356,6,5.141425609588623
LightGCN,2000,2000-12-31,81190,780,7,4.987189769744873
LightGCN,2000,2000-12-31,81190,590,8,4.980293273925781
LightGCN,2000,2000-12-31,81190,480,9,4.974600791931152
LightGCN,2000,2000-12-31,81190,318,10,4.940181732177734
LightGCN,2000,2000-12-31,81376,260,1,5.738420486450195
LightGCN,2000,2000-12-31,81376,1196,2,5.535085678100586
LightGCN,2000,2000-12-31,81376,1210,3,5.422645568847656
LightGCN,2000,2000-12-31,81376,858,4,5.299271583557129
LightGCN,2000,2000-12-31,81376,296,5,5.017109394073486
LightGCN,2000,2000-12-31,81376,1197,6,4.79622745513916
LightGCN,2000,2000-12-31,81376,541,7,4.70163106918335
LightGCN,2000,2000-12-31,81376,1617,8,4.673325538635254
LightGCN,2000,2000-12-31,81376,1097,9,4.666606426239014
LightGCN,2000,2000-12-31,81376,912,10,4.569888114929199
LightGCN,2000,2000-12-31,81446,1196,1,4.826956748962402
LightGCN,2000,2000-12-31,81446,1617,2,4.713626384735107
LightGCN,2000,2000-12-31,81446,2396,3,4.68931770324707
LightGCN,2000,2000-12-31,81446,2028,4,4.608335494995117
LightGCN,2000,2000-12-31,81446,912,5,4.296848297119141
LightGCN,2000,2000-12-31,81446,1221,6,4.231733798980713
LightGCN,2000,2000-12-31,81446,1213,7,4.2306599617004395
LightGCN,2000,2000-12-31,81446,1784,8,4.207343578338623
LightGCN,2000,2000-12-31,81446,1721,9,4.157619953155518
LightGCN,2000,2000-12-31,81446,1197,10,4.148210525512695
LightGCN,2000,2000-12-31,81683,457,1,1.7714765071868896
LightGCN,2000,2000-12-31,81683,296,2,1.7548283338546753
LightGCN,2000,2000-12-31,81683,150,3,1.7282817363739014
LightGCN,2000,2000-12-31,81683,593,4,1.7277648448944092
LightGCN,2000,2000-12-31,81683,590,5,1.7053744792938232
LightGCN,2000,2000-12-31,81683,480,6,1.6512690782546997
LightGCN,2000,2000-12-31,81683,592,7,1.6417980194091797
LightGCN,2000,2000-12-31,81683,318,8,1.6288275718688965
LightGCN,2000,2000-12-31,81683,380,9,1.571906566619873
LightGCN,2000,2000-12-31,81683,110,10,1.5676093101501465
LightGCN,2000,2000-12-31,82131,1196,1,4.371926307678223
LightGCN,2000,2000-12-31,82131,593,2,4.145235061645508
LightGCN,2000,2000-12-31,82131,296,3,4.137239933013916
LightGCN,2000,2000-12-31,82131,608,4,4.112208366394043
LightGCN,2000,2000-12-31,82131,1198,5,4.056536674499512
LightGCN,2000,2000-12-31,82131,260,6,4.01763391494751
LightGCN,2000,2000-12-31,82131,527,7,3.9421749114990234
LightGCN,2000,2000-12-31,82131,858,8,3.926307201385498
LightGCN,2000,2000-12-31,82131,1617,9,3.8655052185058594
LightGCN,2000,2000-12-31,82131,1210,10,3.84151029586792
LightGCN,2000,2000-12-31,82788,858,1,6.02536678314209
LightGCN,2000,2000-12-31,82788,1,2,5.926093101501465
LightGCN,2000,2000-12-31,82788,592,3,5.431035041809082
LightGCN,2000,2000-12-31,82788,34,4,5.422076225280762
LightGCN,2000,2000-12-31,82788,1270,5,5.4137282371521
LightGCN,2000,2000-12-31,82788,780,6,5.393115043640137
LightGCN,2000,2000-12-31,82788,541,7,5.337006568908691
LightGCN,2000,2000-12-31,82788,1097,8,5.295382499694824
LightGCN,2000,2000-12-31,82788,588,9,5.200438022613525
LightGCN,2000,2000-12-31,82788,1265,10,5.135293960571289
LightGCN,2000,2000-12-31,83065,1196,1,6.633373260498047
LightGCN,2000,2000-12-31,83065,1213,2,5.702295780181885
LightGCN,2000,2000-12-31,83065,1221,3,5.671602249145508
LightGCN,2000,2000-12-31,83065,1193,4,5.597954750061035
LightGCN,2000,2000-12-31,83065,1704,5,5.589323043823242
LightGCN,2000,2000-12-31,83065,924,6,5.569374084472656
LightGCN,2000,2000-12-31,83065,2571,7,5.560466766357422
LightGCN,2000,2000-12-31,83065,1721,8,5.477962493896484
LightGCN,2000,2000-12-31,83065,1210,9,5.4694318771362305
LightGCN,2000,2000-12-31,83065,1136,10,5.454503059387207
LightGCN,2000,2000-12-31,83070,1196,1,4.971508979797363
LightGCN,2000,2000-12-31,83070,608,2,4.9434709548950195
LightGCN,2000,2000-12-31,83070,260,3,4.90361213684082
LightGCN,2000,2000-12-31,83070,858,4,4.635398864746094
LightGCN,2000,2000-12-31,83070,1198,5,4.633577823638916
LightGCN,2000,2000-12-31,83070,457,6,4.471112251281738
LightGCN,2000,2000-12-31,83070,356,7,4.365671157836914
LightGCN,2000,2000-12-31,83070,1270,8,4.334700584411621
LightGCN,2000,2000-12-31,83070,1197,9,4.301279067993164
LightGCN,2000,2000-12-31,83070,541,10,4.262055397033691
LightGCN,2000,2000-12-31,83233,2762,1,1.6223560571670532
LightGCN,2000,2000-12-31,83233,2396,2,1.5138057470321655
LightGCN,2000,2000-12-31,83233,2710,3,1.3814949989318848
LightGCN,2000,2000-12-31,83233,2571,4,1.3798787593841553
LightGCN,2000,2000-12-31,83233,2599,5,1.3695135116577148
LightGCN,2000,2000-12-31,83233,2028,6,1.3694568872451782
LightGCN,2000,2000-12-31,83233,2712,7,1.3641588687896729
LightGCN,2000,2000-12-31,83233,2770,8,1.3399051427841187
LightGCN,2000,2000-12-31,83233,2997,9,1.3246554136276245
LightGCN,2000,2000-12-31,83233,1617,10,1.3098890781402588
LightGCN,2000,2000-12-31,83632,1196,1,4.169095993041992
LightGCN,2000,2000-12-31,83632,608,2,4.015066623687744
LightGCN,2000,2000-12-31,83632,593,3,3.9859042167663574
LightGCN,2000,2000-12-31,83632,260,4,3.982450246810913
LightGCN,2000,2000-12-31,83632,296,5,3.9702892303466797
LightGCN,2000,2000-12-31,83632,858,6,3.8059372901916504
LightGCN,2000,2000-12-31,83632,1210,7,3.7990164756774902
LightGCN,2000,2000-12-31,83632,527,8,3.769895076751709
LightGCN,2000,2000-12-31,83632,1270,9,3.629776954650879
LightGCN,2000,2000-12-31,83632,318,10,3.618999481201172
LightGCN,2000,2000-12-31,83753,1196,1,4.9586076736450195
LightGCN,2000,2000-12-31,83753,1617,2,4.456199645996094
LightGCN,2000,2000-12-31,83753,608,3,4.423087120056152
LightGCN,2000,2000-12-31,83753,858,4,4.412847518920898
LightGCN,2000,2000-12-31,83753,912,5,4.2852630615234375
LightGCN,2000,2000-12-31,83753,2028,6,4.284848213195801
LightGCN,2000,2000-12-31,83753,1197,7,4.278907775878906
LightGCN,2000,2000-12-31,83753,1270,8,4.278614521026611
LightGCN,2000,2000-12-31,83753,1213,9,4.239264488220215
LightGCN,2000,2000-12-31,83753,1210,10,4.228194236755371
LightGCN,2000,2000-12-31,83777,608,1,4.586524963378906
LightGCN,2000,2000-12-31,83777,1210,2,4.3285417556762695
LightGCN,2000,2000-12-31,83777,593,3,4.221284866333008
LightGCN,2000,2000-12-31,83777,1196,4,4.194197654724121
LightGCN,2000,2000-12-31,83777,457,5,3.9540786743164062
LightGCN,2000,2000-12-31,83777,527,6,3.948678493499756
LightGCN,2000,2000-12-31,83777,32,7,3.898479700088501
LightGCN,2000,2000-12-31,83777,356,8,3.8627943992614746
LightGCN,2000,2000-12-31,83777,589,9,3.687617301940918
LightGCN,2000,2000-12-31,83777,1270,10,3.6838769912719727
LightGCN,2000,2000-12-31,83825,1197,1,6.022333145141602
LightGCN,2000,2000-12-31,83825,912,2,6.020818710327148
LightGCN,2000,2000-12-31,83825,1210,3,5.9850664138793945
LightGCN,2000,2000-12-31,83825,2396,4,5.967705726623535
LightGCN,2000,2000-12-31,83825,1240,5,5.922591209411621
LightGCN,2000,2000-12-31,83825,924,6,5.826377868652344
LightGCN,2000,2000-12-31,83825,1784,7,5.663283348083496
LightGCN,2000,2000-12-31,83825,1307,8,5.5633416175842285
LightGCN,2000,2000-12-31,83825,923,9,5.455319404602051
LightGCN,2000,2000-12-31,83825,1291,10,5.434148788452148
LightGCN,2000,2000-12-31,84445,260,1,4.775992393493652
LightGCN,2000,2000-12-31,84445,1196,2,4.629880905151367
LightGCN,2000,2000-12-31,84445,1210,3,4.490056037902832
LightGCN,2000,2000-12-31,84445,593,4,4.481234550476074
LightGCN,2000,2000-12-31,84445,296,5,4.456770420074463
LightGCN,2000,2000-12-31,84445,858,6,4.420182704925537
LightGCN,2000,2000-12-31,84445,1198,7,4.316969871520996
LightGCN,2000,2000-12-31,84445,457,8,4.148099899291992
LightGCN,2000,2000-12-31,84445,356,9,4.05219030380249
LightGCN,2000,2000-12-31,84445,1270,10,4.045259475708008
LightGCN,2000,2000-12-31,85431,1198,1,4.19603157043457
LightGCN,2000,2000-12-31,85431,608,2,4.08300256729126
LightGCN,2000,2000-12-31,85431,858,3,4.079268455505371
LightGCN,2000,2000-12-31,85431,1197,4,3.9103403091430664
LightGCN,2000,2000-12-31,85431,912,5,3.869795799255371
LightGCN,2000,2000-12-31,85431,2028,6,3.8522324562072754
LightGCN,2000,2000-12-31,85431,1213,7,3.8403282165527344
LightGCN,2000,2000-12-31,85431,1221,8,3.8012490272521973
LightGCN,2000,2000-12-31,85431,1193,9,3.772432804107666
LightGCN,2000,2000-12-31,85431,1704,10,3.731868267059326
LightGCN,2000,2000-12-31,85527,1196,1,6.744401931762695
LightGCN,2000,2000-12-31,85527,1197,2,5.811210632324219
LightGCN,2000,2000-12-31,85527,1240,3,5.725978851318359
LightGCN,2000,2000-12-31,85527,1704,4,5.677865982055664
LightGCN,2000,2000-12-31,85527,2571,5,5.672763347625732
LightGCN,2000,2000-12-31,85527,1193,6,5.636692047119141
LightGCN,2000,2000-12-31,85527,2858,7,5.613437652587891
LightGCN,2000,2000-12-31,85527,1784,8,5.562908172607422
LightGCN,2000,2000-12-31,85527,1225,9,5.530157089233398
LightGCN,2000,2000-12-31,85527,1214,10,5.453763961791992
LightGCN,2000,2000-12-31,85567,457,1,6.882754325866699
LightGCN,2000,2000-12-31,85567,593,2,6.740596771240234
LightGCN,2000,2000-12-31,85567,150,3,6.7159929275512695
LightGCN,2000,2000-12-31,85567,356,4,6.631734371185303
LightGCN,2000,2000-12-31,85567,590,5,6.59279727935791
LightGCN,2000,2000-12-31,85567,480,6,6.439899444580078
LightGCN,2000,2000-12-31,85567,592,7,6.319048881530762
LightGCN,2000,2000-12-31,85567,318,8,6.31891393661499
LightGCN,2000,2000-12-31,85567,736,9,6.207968711853027
LightGCN,2000,2000-12-31,85567,110,10,6.1125874519348145
LightGCN,2000,2000-12-31,86011,457,1,6.147760391235352
LightGCN,2000,2000-12-31,86011,541,2,5.8545942306518555
LightGCN,2000,2000-12-31,86011,50,3,5.630462646484375
LightGCN,2000,2000-12-31,86011,1136,4,5.607688903808594
LightGCN,2000,2000-12-31,86011,924,5,5.560493469238281
LightGCN,2000,2000-12-31,86011,36,6,5.496130466461182
LightGCN,2000,2000-12-31,86011,919,7,5.491783142089844
LightGCN,2000,2000-12-31,86011,1036,8,5.41545295715332
LightGCN,2000,2000-12-31,86011,34,9,5.244831085205078
LightGCN,2000,2000-12-31,86011,1073,10,5.158351898193359
LightGCN,2000,2000-12-31,86205,2762,1,5.837854385375977
LightGCN,2000,2000-12-31,86205,1580,2,5.810762405395508
LightGCN,2000,2000-12-31,86205,1641,3,5.721590042114258
LightGCN,2000,2000-12-31,86205,1206,4,5.5625715255737305
LightGCN,2000,2000-12-31,86205,1387,5,5.410877227783203
LightGCN,2000,2000-12-31,86205,356,6,5.373657703399658
LightGCN,2000,2000-12-31,86205,953,7,5.3196611404418945
LightGCN,2000,2000-12-31,86205,5060,8,5.279705047607422
LightGCN,2000,2000-12-31,86205,1682,9,5.228405952453613
LightGCN,2000,2000-12-31,86205,2268,10,4.991086483001709
LightGCN,2000,2000-12-31,86515,1213,1,5.359704971313477
LightGCN,2000,2000-12-31,86515,1221,2,5.343610763549805
LightGCN,2000,2000-12-31,86515,2571,3,5.296581745147705
LightGCN,2000,2000-12-31,86515,1704,4,5.257083892822266
LightGCN,2000,2000-12-31,86515,1240,5,5.224565505981445
LightGCN,2000,2000-12-31,86515,858,6,5.207500457763672
LightGCN,2000,2000-12-31,86515,2762,7,5.1035895347595215
LightGCN,2000,2000-12-31,86515,1097,8,5.018550395965576
LightGCN,2000,2000-12-31,86515,608,9,5.000729560852051
LightGCN,2000,2000-12-31,86515,1923,10,4.899881839752197
LightGCN,2000,2000-12-31,86595,593,1,5.223480224609375
LightGCN,2000,2000-12-31,86595,457,2,4.991453170776367
LightGCN,2000,2000-12-31,86595,608,3,4.899773597717285
LightGCN,2000,2000-12-31,86595,356,4,4.841602325439453
LightGCN,2000,2000-12-31,86595,318,5,4.810005187988281
LightGCN,2000,2000-12-31,86595,527,6,4.785296440124512
LightGCN,2000,2000-12-31,86595,260,7,4.769793510437012
LightGCN,2000,2000-12-31,86595,150,8,4.605004787445068
LightGCN,2000,2000-12-31,86595,1196,9,4.598308563232422
LightGCN,2000,2000-12-31,86595,480,10,4.571363925933838
LightGCN,2000,2000-12-31,87275,457,1,4.79453706741333
LightGCN,2000,2000-12-31,87275,593,2,4.744590759277344
LightGCN,2000,2000-12-31,87275,150,3,4.637775421142578
LightGCN,2000,2000-12-31,87275,356,4,4.618131637573242
LightGCN,2000,2000-12-31,87275,590,5,4.559147357940674
LightGCN,2000,2000-12-31,87275,480,6,4.459617614746094
LightGCN,2000,2000-12-31,87275,592,7,4.362845420837402
LightGCN,2000,2000-12-31,87275,110,8,4.26448917388916
LightGCN,2000,2000-12-31,87275,32,9,4.262151718139648
LightGCN,2000,2000-12-31,87275,589,10,4.244032859802246
LightGCN,2000,2000-12-31,87553,150,1,5.628570556640625
LightGCN,2000,2000-12-31,87553,480,2,5.622311592102051
LightGCN,2000,2000-12-31,87553,858,3,5.596649169921875
LightGCN,2000,2000-12-31,87553,1198,4,5.485790252685547
LightGCN,2000,2000-12-31,87553,590,5,5.443971157073975
LightGCN,2000,2000-12-31,87553,1270,6,5.145522117614746
LightGCN,2000,2000-12-31,87553,592,7,5.10387659072876
LightGCN,2000,2000-12-31,87553,1240,8,5.022828578948975
LightGCN,2000,2000-12-31,87553,1097,9,5.017217636108398
LightGCN,2000,2000-12-31,87553,380,10,4.890498161315918
LightGCN,2000,2000-12-31,88198,260,1,6.497006893157959
LightGCN,2000,2000-12-31,88198,608,2,6.488356590270996
LightGCN,2000,2000-12-31,88198,1196,3,6.4796247482299805
LightGCN,2000,2000-12-31,88198,593,4,6.177001476287842
LightGCN,2000,2000-12-31,88198,296,5,6.139420986175537
LightGCN,2000,2000-12-31,88198,1210,6,6.123091697692871
LightGCN,2000,2000-12-31,88198,858,7,6.100653171539307
LightGCN,2000,2000-12-31,88198,1198,8,6.042125701904297
LightGCN,2000,2000-12-31,88198,527,9,5.845293998718262
LightGCN,2000,2000-12-31,88198,1270,10,5.658716678619385
LightGCN,2000,2000-12-31,88618,1196,1,5.505329132080078
LightGCN,2000,2000-12-31,88618,1198,2,5.109362602233887
LightGCN,2000,2000-12-31,88618,858,3,4.940943717956543
LightGCN,2000,2000-12-31,88618,1210,4,4.773158550262451
LightGCN,2000,2000-12-31,88618,1270,5,4.7656402587890625
LightGCN,2000,2000-12-31,88618,1197,6,4.753194808959961
LightGCN,2000,2000-12-31,88618,1240,7,4.682879447937012
LightGCN,2000,2000-12-31,88618,1213,8,4.682324409484863
LightGCN,2000,2000-12-31,88618,541,9,4.663990497589111
LightGCN,2000,2000-12-31,88618,2396,10,4.654118537902832
LightGCN,2000,2000-12-31,88891,1196,1,4.091721534729004
LightGCN,2000,2000-12-31,88891,1617,2,3.9069483280181885
LightGCN,2000,2000-12-31,88891,1198,3,3.753726005554199
LightGCN,2000,2000-12-31,88891,2858,4,3.7163779735565186
LightGCN,2000,2000-12-31,88891,912,5,3.608839511871338
LightGCN,2000,2000-12-31,88891,1704,6,3.592863082885742
LightGCN,2000,2000-12-31,88891,1213,7,3.5590426921844482
LightGCN,2000,2000-12-31,88891,1221,8,3.550295352935791
LightGCN,2000,2000-12-31,88891,2762,9,3.538235902786255
LightGCN,2000,2000-12-31,88891,1197,10,3.518206834793091
LightGCN,2000,2000-12-31,88974,296,1,5.156373500823975
LightGCN,2000,2000-12-31,88974,593,2,5.137013912200928
LightGCN,2000,2000-12-31,88974,608,3,4.91653299331665
LightGCN,2000,2000-12-31,88974,260,4,4.8540754318237305
LightGCN,2000,2000-12-31,88974,356,5,4.7920966148376465
LightGCN,2000,2000-12-31,88974,318,6,4.735416412353516
LightGCN,2000,2000-12-31,88974,480,7,4.547958850860596
LightGCN,2000,2000-12-31,88974,110,8,4.478305339813232
LightGCN,2000,2000-12-31,88974,1210,9,4.460132598876953
LightGCN,2000,2000-12-31,88974,590,10,4.447160720825195
LightGCN,2000,2000-12-31,90043,2028,1,5.2318267822265625
LightGCN,2000,2000-12-31,90043,912,2,5.194764614105225
LightGCN,2000,2000-12-31,90043,858,3,5.1882734298706055
LightGCN,2000,2000-12-31,90043,1221,4,5.0911970138549805
LightGCN,2000,2000-12-31,90043,1193,5,5.0301971435546875
LightGCN,2000,2000-12-31,90043,924,6,5.00489616394043
LightGCN,2000,2000-12-31,90043,260,7,4.970815658569336
LightGCN,2000,2000-12-31,90043,1721,8,4.9193596839904785
LightGCN,2000,2000-12-31,90043,1136,9,4.902858734130859
LightGCN,2000,2000-12-31,90043,919,10,4.899974822998047
LightGCN,2000,2000-12-31,90248,1196,1,5.232834815979004
LightGCN,2000,2000-12-31,90248,1198,2,4.795022487640381
LightGCN,2000,2000-12-31,90248,2571,3,4.748268127441406
LightGCN,2000,2000-12-31,90248,2762,4,4.681692600250244
LightGCN,2000,2000-12-31,90248,912,5,4.670668125152588
LightGCN,2000,2000-12-31,90248,1704,6,4.658668518066406
LightGCN,2000,2000-12-31,90248,1221,7,4.597827911376953
LightGCN,2000,2000-12-31,90248,1721,8,4.482635974884033
LightGCN,2000,2000-12-31,90248,1193,9,4.47760009765625
LightGCN,2000,2000-12-31,90248,924,10,4.444725513458252
LightGCN,2000,2000-12-31,90361,858,1,6.468235015869141
LightGCN,2000,2000-12-31,90361,356,2,6.2675299644470215
LightGCN,2000,2000-12-31,90361,110,3,5.901678085327148
LightGCN,2000,2000-12-31,90361,541,4,5.804750442504883
LightGCN,2000,2000-12-31,90361,1097,5,5.756805419921875
LightGCN,2000,2000-12-31,90361,1213,6,5.583939075469971
LightGCN,2000,2000-12-31,90361,1193,7,5.499981880187988
LightGCN,2000,2000-12-31,90361,1221,8,5.4832000732421875
LightGCN,2000,2000-12-31,90361,919,9,5.438765525817871
LightGCN,2000,2000-12-31,90361,36,10,5.422021865844727
LightGCN,2000,2000-12-31,90647,608,1,6.244744777679443
LightGCN,2000,2000-12-31,90647,260,2,6.238150119781494
LightGCN,2000,2000-12-31,90647,1198,3,5.9643707275390625
LightGCN,2000,2000-12-31,90647,1270,4,5.58389139175415
LightGCN,2000,2000-12-31,90647,1197,5,5.5429582595825195
LightGCN,2000,2000-12-31,90647,318,6,5.498703956604004
LightGCN,2000,2000-12-31,90647,1617,7,5.461501121520996
LightGCN,2000,2000-12-31,90647,912,8,5.393335342407227
LightGCN,2000,2000-12-31,90647,1213,9,5.3594255447387695
LightGCN,2000,2000-12-31,90647,1193,10,5.280760765075684
LightGCN,2000,2000-12-31,91012,2571,1,6.286105632781982
LightGCN,2000,2000-12-31,91012,1240,2,5.735893726348877
LightGCN,2000,2000-12-31,91012,1199,3,5.1733551025390625
LightGCN,2000,2000-12-31,91012,2916,4,4.766752243041992
LightGCN,2000,2000-12-31,91012,1080,5,4.642063140869141
LightGCN,2000,2000-12-31,91012,2683,6,4.629669189453125
LightGCN,2000,2000-12-31,91012,2763,7,4.400694847106934
LightGCN,2000,2000-12-31,91012,1909,8,4.155074119567871
LightGCN,2000,2000-12-31,91012,1224,9,4.113171577453613
LightGCN,2000,2000-12-31,91012,2006,10,4.100851535797119
LightGCN,2000,2000-12-31,91250,608,1,4.67863655090332
LightGCN,2000,2000-12-31,91250,1198,2,4.583571434020996
LightGCN,2000,2000-12-31,91250,858,3,4.557254791259766
LightGCN,2000,2000-12-31,91250,1617,4,4.325102806091309
LightGCN,2000,2000-12-31,91250,1270,5,4.280096054077148
LightGCN,2000,2000-12-31,91250,1240,6,4.222293376922607
LightGCN,2000,2000-12-31,91250,593,7,4.163139820098877
LightGCN,2000,2000-12-31,91250,541,8,4.158312797546387
LightGCN,2000,2000-12-31,91250,1213,9,4.156444549560547
LightGCN,2000,2000-12-31,91250,1221,10,4.101961135864258
LightGCN,2000,2000-12-31,92033,2028,1,5.378079414367676
LightGCN,2000,2000-12-31,92033,1240,2,5.242093086242676
LightGCN,2000,2000-12-31,92033,1221,3,5.219602584838867
LightGCN,2000,2000-12-31,92033,1193,4,5.1566386222839355
LightGCN,2000,2000-12-31,92033,2571,5,5.133012771606445
LightGCN,2000,2000-12-31,92033,924,6,5.132634162902832
LightGCN,2000,2000-12-31,92033,1097,7,5.062396049499512
LightGCN,2000,2000-12-31,92033,1136,8,5.058504104614258
LightGCN,2000,2000-12-31,92033,1214,9,4.994828701019287
LightGCN,2000,2000-12-31,92033,1265,10,4.986793518066406
LightGCN,2000,2000-12-31,92059,608,1,4.144534111022949
LightGCN,2000,2000-12-31,92059,457,2,4.044753074645996
LightGCN,2000,2000-12-31,92059,527,3,3.9736433029174805
LightGCN,2000,2000-12-31,92059,356,4,3.9325668811798096
LightGCN,2000,2000-12-31,92059,858,5,3.7966103553771973
LightGCN,2000,2000-12-31,92059,1198,6,3.7823593616485596
LightGCN,2000,2000-12-31,92059,589,7,3.7192277908325195
LightGCN,2000,2000-12-31,92059,480,8,3.704719066619873
LightGCN,2000,2000-12-31,92059,110,9,3.6924967765808105
LightGCN,2000,2000-12-31,92059,150,10,3.687866687774658
LightGCN,2000,2000-12-31,92240,1210,1,5.150844573974609
LightGCN,2000,2000-12-31,92240,1270,2,4.880754470825195
LightGCN,2000,2000-12-31,92240,1197,3,4.861213684082031
LightGCN,2000,2000-12-31,92240,1617,4,4.855819225311279
LightGCN,2000,2000-12-31,92240,593,5,4.793807029724121
LightGCN,2000,2000-12-31,92240,541,6,4.736597061157227
LightGCN,2000,2000-12-31,92240,296,7,4.7282915115356445
LightGCN,2000,2000-12-31,92240,912,8,4.699902534484863
LightGCN,2000,2000-12-31,92240,1213,9,4.68624210357666
LightGCN,2000,2000-12-31,92240,1097,10,4.684624671936035
LightGCN,2000,2000-12-31,92256,356,1,3.6222026348114014
LightGCN,2000,2000-12-31,92256,318,2,3.5587384700775146
LightGCN,2000,2000-12-31,92256,150,3,3.541140079498291
LightGCN,2000,2000-12-31,92256,590,4,3.4650487899780273
LightGCN,2000,2000-12-31,92256,480,5,3.4572272300720215
LightGCN,2000,2000-12-31,92256,589,6,3.3576157093048096
LightGCN,2000,2000-12-31,92256,592,7,3.287613868713379
LightGCN,2000,2000-12-31,92256,260,8,3.226461172103882
LightGCN,2000,2000-12-31,92256,50,9,3.1761257648468018
LightGCN,2000,2000-12-31,92256,32,10,3.150132656097412
LightGCN,2000,2000-12-31,92578,858,1,5.069473743438721
LightGCN,2000,2000-12-31,92578,1198,2,4.954591274261475
LightGCN,2000,2000-12-31,92578,457,3,4.941979885101318
LightGCN,2000,2000-12-31,92578,356,4,4.816539764404297
LightGCN,2000,2000-12-31,92578,1240,5,4.575967788696289
LightGCN,2000,2000-12-31,92578,1,6,4.568760871887207
LightGCN,2000,2000-12-31,92578,541,7,4.556729316711426
LightGCN,2000,2000-12-31,92578,480,8,4.555034160614014
LightGCN,2000,2000-12-31,92578,1097,9,4.520671367645264
LightGCN,2000,2000-12-31,92578,50,10,4.481088638305664
LightGCN,2000,2000-12-31,93005,593,1,2.220309257507324
LightGCN,2000,2000-12-31,93005,1196,2,2.1109633445739746
LightGCN,2000,2000-12-31,93005,457,3,2.0713372230529785
LightGCN,2000,2000-12-31,93005,527,4,2.070484161376953
LightGCN,2000,2000-12-31,93005,318,5,2.038726568222046
LightGCN,2000,2000-12-31,93005,356,6,2.01432466506958
LightGCN,2000,2000-12-31,93005,608,7,2.010263442993164
LightGCN,2000,2000-12-31,93005,1198,8,1.9594924449920654
LightGCN,2000,2000-12-31,93005,260,9,1.9082036018371582
LightGCN,2000,2000-12-31,93005,589,10,1.8962454795837402
LightGCN,2000,2000-12-31,93177,2762,1,2.634028911590576
LightGCN,2000,2000-12-31,93177,2028,2,2.6128220558166504
LightGCN,2000,2000-12-31,93177,1617,3,2.601590633392334
LightGCN,2000,2000-12-31,93177,1704,4,2.368683099746704
LightGCN,2000,2000-12-31,93177,1196,5,2.3601741790771484
LightGCN,2000,2000-12-31,93177,1923,6,2.293515682220459
LightGCN,2000,2000-12-31,93177,1784,7,2.2862210273742676
LightGCN,2000,2000-12-31,93177,2716,8,2.2839250564575195
LightGCN,2000,2000-12-31,93177,2599,9,2.228487253189087
LightGCN,2000,2000-12-31,93177,2710,10,2.217771530151367
LightGCN,2000,2000-12-31,93357,1196,1,3.7620177268981934
LightGCN,2000,2000-12-31,93357,1617,2,3.3992834091186523
LightGCN,2000,2000-12-31,93357,2028,3,3.337200403213501
LightGCN,2000,2000-12-31,93357,2396,4,3.253267526626587
LightGCN,2000,2000-12-31,93357,1197,5,3.241262674331665
LightGCN,2000,2000-12-31,93357,1270,6,3.2275500297546387
LightGCN,2000,2000-12-31,93357,858,7,3.185877561569214
LightGCN,2000,2000-12-31,93357,2571,8,3.1848344802856445
LightGCN,2000,2000-12-31,93357,1213,9,3.1717777252197266
LightGCN,2000,2000-12-31,93357,1704,10,3.158440351486206
LightGCN,2000,2000-12-31,93420,296,1,5.69500732421875
LightGCN,2000,2000-12-31,93420,608,2,5.63890266418457
LightGCN,2000,2000-12-31,93420,260,3,5.597684860229492
LightGCN,2000,2000-12-31,93420,1196,4,5.460737705230713
LightGCN,2000,2000-12-31,93420,527,5,5.294468879699707
LightGCN,2000,2000-12-31,93420,858,6,5.155633926391602
LightGCN,2000,2000-12-31,93420,1198,7,5.094021797180176
LightGCN,2000,2000-12-31,93420,150,8,4.862235069274902
LightGCN,2000,2000-12-31,93420,50,9,4.816359519958496
LightGCN,2000,2000-12-31,93420,1270,10,4.782609939575195
LightGCN,2000,2000-12-31,93814,1196,1,2.795330047607422
LightGCN,2000,2000-12-31,93814,1617,2,2.7222952842712402
LightGCN,2000,2000-12-31,93814,2028,3,2.671074390411377
LightGCN,2000,2000-12-31,93814,2396,4,2.607508659362793
LightGCN,2000,2000-12-31,93814,2571,5,2.551926851272583
LightGCN,2000,2000-12-31,93814,1198,6,2.549093246459961
LightGCN,2000,2000-12-31,93814,2858,7,2.540440320968628
LightGCN,2000,2000-12-31,93814,1704,8,2.525859832763672
LightGCN,2000,2000-12-31,93814,1721,9,2.507869243621826
LightGCN,2000,2000-12-31,93814,2762,10,2.4690446853637695
LightGCN,2000,2000-12-31,94138,1198,1,5.45193338394165
LightGCN,2000,2000-12-31,94138,2396,2,5.093878746032715
LightGCN,2000,2000-12-31,94138,1270,3,5.0822038650512695
LightGCN,2000,2000-12-31,94138,1197,4,5.081164360046387
LightGCN,2000,2000-12-31,94138,1221,5,4.98925256729126
LightGCN,2000,2000-12-31,94138,1210,6,4.937163352966309
LightGCN,2000,2000-12-31,94138,1193,7,4.932840347290039
LightGCN,2000,2000-12-31,94138,924,8,4.9174699783325195
LightGCN,2000,2000-12-31,94138,1704,9,4.90242338180542
LightGCN,2000,2000-12-31,94138,1136,10,4.836461067199707
LightGCN,2000,2000-12-31,94275,260,1,4.749183177947998
LightGCN,2000,2000-12-31,94275,608,2,4.739999294281006
LightGCN,2000,2000-12-31,94275,1198,3,4.5832014083862305
LightGCN,2000,2000-12-31,94275,858,4,4.560692310333252
LightGCN,2000,2000-12-31,94275,1210,5,4.520853519439697
LightGCN,2000,2000-12-31,94275,593,6,4.4034528732299805
LightGCN,2000,2000-12-31,94275,296,7,4.365073204040527
LightGCN,2000,2000-12-31,94275,1617,8,4.27285099029541
LightGCN,2000,2000-12-31,94275,1197,9,4.263371467590332
LightGCN,2000,2000-12-31,94275,527,10,4.228690147399902
LightGCN,2000,2000-12-31,94325,1196,1,5.216681003570557
LightGCN,2000,2000-12-31,94325,1198,2,4.83721399307251
LightGCN,2000,2000-12-31,94325,260,3,4.730195999145508
LightGCN,2000,2000-12-31,94325,1210,4,4.557896137237549
LightGCN,2000,2000-12-31,94325,1197,5,4.506545543670654
LightGCN,2000,2000-12-31,94325,1270,6,4.506176948547363
LightGCN,2000,2000-12-31,94325,912,7,4.4887495040893555
LightGCN,2000,2000-12-31,94325,1240,8,4.433774948120117
LightGCN,2000,2000-12-31,94325,1221,9,4.410500526428223
LightGCN,2000,2000-12-31,94325,541,10,4.402552604675293
LightGCN,2000,2000-12-31,94434,260,1,4.804993629455566
LightGCN,2000,2000-12-31,94434,608,2,4.734978675842285
LightGCN,2000,2000-12-31,94434,593,3,4.537425994873047
LightGCN,2000,2000-12-31,94434,296,4,4.525116920471191
LightGCN,2000,2000-12-31,94434,1210,5,4.40134334564209
LightGCN,2000,2000-12-31,94434,457,6,4.347643852233887
LightGCN,2000,2000-12-31,94434,1,7,4.253749847412109
LightGCN,2000,2000-12-31,94434,32,8,4.244360446929932
LightGCN,2000,2000-12-31,94434,356,9,4.228206634521484
LightGCN,2000,2000-12-31,94434,858,10,4.187813758850098
LightGCN,2000,2000-12-31,94438,608,1,5.889927387237549
LightGCN,2000,2000-12-31,94438,260,2,5.8199310302734375
LightGCN,2000,2000-12-31,94438,150,3,5.514421463012695
LightGCN,2000,2000-12-31,94438,110,4,5.398382186889648
LightGCN,2000,2000-12-31,94438,1196,5,5.389183044433594
LightGCN,2000,2000-12-31,94438,590,6,5.352832794189453
LightGCN,2000,2000-12-31,94438,32,7,5.264861106872559
LightGCN,2000,2000-12-31,94438,858,8,5.213675498962402
LightGCN,2000,2000-12-31,94438,1198,9,5.055841445922852
LightGCN,2000,2000-12-31,94438,34,10,4.954854965209961
LightGCN,2000,2000-12-31,94486,2028,1,6.056456565856934
LightGCN,2000,2000-12-31,94486,2858,2,5.939296722412109
LightGCN,2000,2000-12-31,94486,1213,3,5.756564140319824
LightGCN,2000,2000-12-31,94486,1704,4,5.721761703491211
LightGCN,2000,2000-12-31,94486,1197,5,5.704681396484375
LightGCN,2000,2000-12-31,94486,1270,6,5.661354064941406
LightGCN,2000,2000-12-31,94486,2762,7,5.623506546020508
LightGCN,2000,2000-12-31,94486,1784,8,5.581979751586914
LightGCN,2000,2000-12-31,94486,1923,9,5.349388122558594
LightGCN,2000,2000-12-31,94486,750,10,5.326641082763672
LightGCN,2000,2000-12-31,94555,750,1,6.534229278564453
LightGCN,2000,2000-12-31,94555,2858,2,6.484208106994629
LightGCN,2000,2000-12-31,94555,1079,3,6.445889472961426
LightGCN,2000,2000-12-31,94555,1394,4,6.431579113006592
LightGCN,2000,2000-12-31,94555,1220,5,6.346997261047363
LightGCN,2000,2000-12-31,94555,2762,6,6.243833065032959
LightGCN,2000,2000-12-31,94555,1206,7,6.213425636291504
LightGCN,2000,2000-12-31,94555,1199,8,6.063769817352295
LightGCN,2000,2000-12-31,94555,1358,9,6.029082298278809
LightGCN,2000,2000-12-31,94555,1080,10,5.97743034362793
LightGCN,2000,2000-12-31,94562,1196,1,1.4915244579315186
LightGCN,2000,2000-12-31,94562,260,2,1.4353171586990356
LightGCN,2000,2000-12-31,94562,1198,3,1.378901720046997
LightGCN,2000,2000-12-31,94562,1210,4,1.3725714683532715
LightGCN,2000,2000-12-31,94562,858,5,1.3724174499511719
LightGCN,2000,2000-12-31,94562,1617,6,1.313093900680542
LightGCN,2000,2000-12-31,94562,457,7,1.2923411130905151
LightGCN,2000,2000-12-31,94562,1270,8,1.2895021438598633
LightGCN,2000,2000-12-31,94562,1197,9,1.2887743711471558
LightGCN,2000,2000-12-31,94562,1240,10,1.269258975982666
LightGCN,2000,2000-12-31,95167,1265,1,6.542123317718506
LightGCN,2000,2000-12-31,95167,1199,2,6.184690475463867
LightGCN,2000,2000-12-31,95167,1089,3,6.054360389709473
LightGCN,2000,2000-12-31,95167,2710,4,6.004175662994385
LightGCN,2000,2000-12-31,95167,1584,5,5.956846237182617
LightGCN,2000,2000-12-31,95167,5060,6,5.874907493591309
LightGCN,2000,2000-12-31,95167,1233,7,5.704492568969727
LightGCN,2000,2000-12-31,95167,2019,8,5.511499881744385
LightGCN,2000,2000-12-31,95167,1263,9,5.460088729858398
LightGCN,2000,2000-12-31,95167,1732,10,5.363122940063477
LightGCN,2000,2000-12-31,95199,608,1,5.361408233642578
LightGCN,2000,2000-12-31,95199,260,2,5.357722759246826
LightGCN,2000,2000-12-31,95199,1198,3,5.148068428039551
LightGCN,2000,2000-12-31,95199,858,4,5.130014419555664
LightGCN,2000,2000-12-31,95199,1210,5,5.087270736694336
LightGCN,2000,2000-12-31,95199,296,6,5.011897087097168
LightGCN,2000,2000-12-31,95199,527,7,4.832375526428223
LightGCN,2000,2000-12-31,95199,1270,8,4.814398765563965
LightGCN,2000,2000-12-31,95199,1240,9,4.728152275085449
LightGCN,2000,2000-12-31,95199,541,10,4.708404541015625
LightGCN,2000,2000-12-31,95213,1196,1,2.652866840362549
LightGCN,2000,2000-12-31,95213,1617,2,2.4883079528808594
LightGCN,2000,2000-12-31,95213,2396,3,2.444850444793701
LightGCN,2000,2000-12-31,95213,1198,4,2.4374892711639404
LightGCN,2000,2000-12-31,95213,2028,5,2.434231758117676
LightGCN,2000,2000-12-31,95213,2858,6,2.3736414909362793
LightGCN,2000,2000-12-31,95213,2571,7,2.3462531566619873
LightGCN,2000,2000-12-31,95213,912,8,2.303673505783081
LightGCN,2000,2000-12-31,95213,1704,9,2.301619291305542
LightGCN,2000,2000-12-31,95213,1197,10,2.2835826873779297
LightGCN,2000,2000-12-31,95238,150,1,5.849961280822754
LightGCN,2000,2000-12-31,95238,593,2,5.837677001953125
LightGCN,2000,2000-12-31,95238,592,3,5.530216693878174
LightGCN,2000,2000-12-31,95238,32,4,5.502864837646484
LightGCN,2000,2000-12-31,95238,318,5,5.4926371574401855
LightGCN,2000,2000-12-31,95238,1,6,5.3381781578063965
LightGCN,2000,2000-12-31,95238,380,7,5.319605827331543
LightGCN,2000,2000-12-31,95238,110,8,5.301661491394043
LightGCN,2000,2000-12-31,95238,589,9,5.273551940917969
LightGCN,2000,2000-12-31,95238,260,10,5.125170707702637
LightGCN,2000,2000-12-31,95344,1196,1,4.091031074523926
LightGCN,2000,2000-12-31,95344,260,2,3.9177417755126953
LightGCN,2000,2000-12-31,95344,318,3,3.904829502105713
LightGCN,2000,2000-12-31,95344,1198,4,3.811333179473877
LightGCN,2000,2000-12-31,95344,858,5,3.7348480224609375
LightGCN,2000,2000-12-31,95344,480,6,3.6544008255004883
LightGCN,2000,2000-12-31,95344,1270,7,3.572735548019409
LightGCN,2000,2000-12-31,95344,1197,8,3.5410666465759277
LightGCN,2000,2000-12-31,95344,541,9,3.534078359603882
LightGCN,2000,2000-12-31,95344,590,10,3.4962522983551025
LightGCN,2000,2000-12-31,95592,1198,1,5.055185794830322
LightGCN,2000,2000-12-31,95592,1617,2,5.029356002807617
LightGCN,2000,2000-12-31,95592,2396,3,4.880161285400391
LightGCN,2000,2000-12-31,95592,2028,4,4.842510223388672
LightGCN,2000,2000-12-31,95592,912,5,4.825331687927246
LightGCN,2000,2000-12-31,95592,1213,6,4.731095314025879
LightGCN,2000,2000-12-31,95592,1221,7,4.717866897583008
LightGCN,2000,2000-12-31,95592,1197,8,4.710204601287842
LightGCN,2000,2000-12-31,95592,1193,9,4.66013240814209
LightGCN,2000,2000-12-31,95592,1704,10,4.627399921417236
LightGCN,2000,2000-12-31,95676,912,1,5.832851409912109
LightGCN,2000,2000-12-31,95676,1270,2,5.830432415008545
LightGCN,2000,2000-12-31,95676,1197,3,5.826443672180176
LightGCN,2000,2000-12-31,95676,1210,4,5.75044059753418
LightGCN,2000,2000-12-31,95676,1240,5,5.733400821685791
LightGCN,2000,2000-12-31,95676,541,6,5.69472599029541
LightGCN,2000,2000-12-31,95676,924,7,5.632901668548584
LightGCN,2000,2000-12-31,95676,2571,8,5.560709476470947
LightGCN,2000,2000-12-31,95676,1136,9,5.556441783905029
LightGCN,2000,2000-12-31,95676,2858,10,5.499460220336914
LightGCN,2000,2000-12-31,95756,2858,1,5.493528366088867
LightGCN,2000,2000-12-31,95756,2028,2,5.332341194152832
LightGCN,2000,2000-12-31,95756,2762,3,5.134811878204346
LightGCN,2000,2000-12-31,95756,2571,4,5.131121635437012
LightGCN,2000,2000-12-31,95756,1704,5,4.950442314147949
LightGCN,2000,2000-12-31,95756,1923,6,4.688159942626953
LightGCN,2000,2000-12-31,95756,1197,7,4.6801910400390625
LightGCN,2000,2000-12-31,95756,923,8,4.628204822540283
LightGCN,2000,2000-12-31,95756,1240,9,4.5521039962768555
LightGCN,2000,2000-12-31,95756,1136,10,4.5056562423706055
LightGCN,2000,2000-12-31,96110,1198,1,6.337712287902832
LightGCN,2000,2000-12-31,96110,2571,2,6.222210884094238
LightGCN,2000,2000-12-31,96110,2762,3,6.105826377868652
LightGCN,2000,2000-12-31,96110,1213,4,6.037930011749268
LightGCN,2000,2000-12-31,96110,1197,5,5.928457260131836
LightGCN,2000,2000-12-31,96110,1240,6,5.7974090576171875
LightGCN,2000,2000-12-31,96110,1923,7,5.707852363586426
LightGCN,2000,2000-12-31,96110,1247,8,5.696058750152588
LightGCN,2000,2000-12-31,96110,1214,9,5.5398359298706055
LightGCN,2000,2000-12-31,96110,1307,10,5.490389823913574
LightGCN,2000,2000-12-31,96837,296,1,5.496822834014893
LightGCN,2000,2000-12-31,96837,1240,2,5.248447418212891
LightGCN,2000,2000-12-31,96837,1214,3,5.002752304077148
LightGCN,2000,2000-12-31,96837,318,4,4.990955829620361
LightGCN,2000,2000-12-31,96837,1200,5,4.97150182723999
LightGCN,2000,2000-12-31,96837,1721,6,4.951892852783203
LightGCN,2000,2000-12-31,96837,1704,7,4.9428606033325195
LightGCN,2000,2000-12-31,96837,356,8,4.916689872741699
LightGCN,2000,2000-12-31,96837,1784,9,4.860106468200684
LightGCN,2000,2000-12-31,96837,1208,10,4.764286994934082
LightGCN,2000,2000-12-31,96977,260,1,6.657233715057373
LightGCN,2000,2000-12-31,96977,527,2,6.389468669891357
LightGCN,2000,2000-12-31,96977,480,3,6.0915937423706055
LightGCN,2000,2000-12-31,96977,150,4,6.076593399047852
LightGCN,2000,2000-12-31,96977,858,5,6.034506320953369
LightGCN,2000,2000-12-31,96977,110,6,6.026693820953369
LightGCN,2000,2000-12-31,96977,1198,7,5.894493103027344
LightGCN,2000,2000-12-31,96977,590,8,5.884604454040527
LightGCN,2000,2000-12-31,96977,32,9,5.864310264587402
LightGCN,2000,2000-12-31,96977,592,10,5.5198655128479
LightGCN,2000,2000-12-31,97065,858,1,4.918283462524414
LightGCN,2000,2000-12-31,97065,912,2,4.5710930824279785
LightGCN,2000,2000-12-31,97065,1097,3,4.508171558380127
LightGCN,2000,2000-12-31,97065,1221,4,4.480556488037109
LightGCN,2000,2000-12-31,97065,1193,5,4.468585014343262
LightGCN,2000,2000-12-31,97065,924,6,4.4639387130737305
LightGCN,2000,2000-12-31,97065,919,7,4.386470794677734
LightGCN,2000,2000-12-31,97065,2396,8,4.375786304473877
LightGCN,2000,2000-12-31,97065,1704,9,4.360610008239746
LightGCN,2000,2000-12-31,97065,1307,10,4.308450698852539
LightGCN,2000,2000-12-31,97135,296,1,5.222513198852539
LightGCN,2000,2000-12-31,97135,593,2,5.2190775871276855
LightGCN,2000,2000-12-31,97135,608,3,5.08028507232666
LightGCN,2000,2000-12-31,97135,260,4,5.074028015136719
LightGCN,2000,2000-12-31,97135,457,5,4.988018989562988
LightGCN,2000,2000-12-31,97135,356,6,4.847293376922607
LightGCN,2000,2000-12-31,97135,318,7,4.790378093719482
LightGCN,2000,2000-12-31,97135,527,8,4.786517143249512
LightGCN,2000,2000-12-31,97135,1196,9,4.730203151702881
LightGCN,2000,2000-12-31,97135,1210,10,4.715483665466309
LightGCN,2000,2000-12-31,97331,1196,1,5.498081207275391
LightGCN,2000,2000-12-31,97331,1198,2,5.037811279296875
LightGCN,2000,2000-12-31,97331,2571,3,5.028857707977295
LightGCN,2000,2000-12-31,97331,1197,4,4.719013690948486
LightGCN,2000,2000-12-31,97331,924,5,4.706130027770996
LightGCN,2000,2000-12-31,97331,1270,6,4.655932426452637
LightGCN,2000,2000-12-31,97331,1923,7,4.618476867675781
LightGCN,2000,2000-12-31,97331,1240,8,4.596076965332031
LightGCN,2000,2000-12-31,97331,1136,9,4.519164562225342
LightGCN,2000,2000-12-31,97331,2716,10,4.50816011428833
LightGCN,2000,2000-12-31,97488,1196,1,4.801210403442383
LightGCN,2000,2000-12-31,97488,260,2,4.496349334716797
LightGCN,2000,2000-12-31,97488,1198,3,4.4685492515563965
LightGCN,2000,2000-12-31,97488,858,4,4.397912502288818
LightGCN,2000,2000-12-31,97488,593,5,4.365016937255859
LightGCN,2000,2000-12-31,97488,1617,6,4.223170280456543
LightGCN,2000,2000-12-31,97488,527,7,4.192416191101074
LightGCN,2000,2000-12-31,97488,1270,8,4.1703901290893555
LightGCN,2000,2000-12-31,97488,912,9,4.115805625915527
LightGCN,2000,2000-12-31,97488,541,10,4.094897747039795
LightGCN,2000,2000-12-31,97733,1196,1,4.0418477058410645
LightGCN,2000,2000-12-31,97733,1617,2,3.7805097103118896
LightGCN,2000,2000-12-31,97733,2028,3,3.7321364879608154
LightGCN,2000,2000-12-31,97733,1198,4,3.708408832550049
LightGCN,2000,2000-12-31,97733,1704,5,3.510983943939209
LightGCN,2000,2000-12-31,97733,912,6,3.4963254928588867
LightGCN,2000,2000-12-31,97733,1197,7,3.479280471801758
LightGCN,2000,2000-12-31,97733,1270,8,3.464085340499878
LightGCN,2000,2000-12-31,97733,1213,9,3.4557578563690186
LightGCN,2000,2000-12-31,97733,1721,10,3.447329044342041
LightGCN,2000,2000-12-31,97769,1198,1,5.024168014526367
LightGCN,2000,2000-12-31,97769,912,2,4.733260154724121
LightGCN,2000,2000-12-31,97769,1197,3,4.688411712646484
LightGCN,2000,2000-12-31,97769,1270,4,4.67548942565918
LightGCN,2000,2000-12-31,97769,1213,5,4.673060417175293
LightGCN,2000,2000-12-31,97769,1221,6,4.643171310424805
LightGCN,2000,2000-12-31,97769,1240,7,4.603241920471191
LightGCN,2000,2000-12-31,97769,1193,8,4.584807872772217
LightGCN,2000,2000-12-31,97769,260,9,4.584101676940918
LightGCN,2000,2000-12-31,97769,924,10,4.562007904052734
LightGCN,2000,2000-12-31,97863,1198,1,5.3357834815979
LightGCN,2000,2000-12-31,97863,1197,2,4.962111949920654
LightGCN,2000,2000-12-31,97863,912,3,4.85245418548584
LightGCN,2000,2000-12-31,97863,457,4,4.814515113830566
LightGCN,2000,2000-12-31,97863,924,5,4.737004280090332
LightGCN,2000,2000-12-31,97863,1136,6,4.716297149658203
LightGCN,2000,2000-12-31,97863,1214,7,4.672911167144775
LightGCN,2000,2000-12-31,97863,1721,8,4.623310089111328
LightGCN,2000,2000-12-31,97863,1704,9,4.613918304443359
LightGCN,2000,2000-12-31,97863,1307,10,4.57978630065918
LightGCN,2000,2000-12-31,98465,1196,1,5.2384138107299805
LightGCN,2000,2000-12-31,98465,260,2,5.1128740310668945
LightGCN,2000,2000-12-31,98465,296,3,5.034893035888672
LightGCN,2000,2000-12-31,98465,1198,4,4.877939701080322
LightGCN,2000,2000-12-31,98465,1210,5,4.835602283477783
LightGCN,2000,2000-12-31,98465,527,6,4.773642539978027
LightGCN,2000,2000-12-31,98465,356,7,4.556047439575195
LightGCN,2000,2000-12-31,98465,541,8,4.4886980056762695
LightGCN,2000,2000-12-31,98465,1240,9,4.484769821166992
LightGCN,2000,2000-12-31,98465,1617,10,4.464592933654785
LightGCN,2000,2000-12-31,98857,1197,1,6.367957592010498
LightGCN,2000,2000-12-31,98857,1704,2,6.153817653656006
LightGCN,2000,2000-12-31,98857,1784,3,6.035041809082031
LightGCN,2000,2000-12-31,98857,2858,4,5.9647135734558105
LightGCN,2000,2000-12-31,98857,1247,5,5.778395652770996
LightGCN,2000,2000-12-31,98857,2762,6,5.74589204788208
LightGCN,2000,2000-12-31,98857,750,7,5.742516040802002
LightGCN,2000,2000-12-31,98857,527,8,5.68084192276001
LightGCN,2000,2000-12-31,98857,1259,9,5.639595985412598
LightGCN,2000,2000-12-31,98857,1584,10,5.491146087646484
LightGCN,2000,2000-12-31,99328,1617,1,5.629520416259766
LightGCN,2000,2000-12-31,99328,858,2,5.478269100189209
LightGCN,2000,2000-12-31,99328,2396,3,5.409433364868164
LightGCN,2000,2000-12-31,99328,912,4,5.393428325653076
LightGCN,2000,2000-12-31,99328,1270,5,5.376297950744629
LightGCN,2000,2000-12-31,99328,1213,6,5.33003568649292
LightGCN,2000,2000-12-31,99328,1221,7,5.291204452514648
LightGCN,2000,2000-12-31,99328,1704,8,5.210360527038574
LightGCN,2000,2000-12-31,99328,2571,9,5.183941841125488
LightGCN,2000,2000-12-31,99328,1721,10,5.137664794921875
LightGCN,2000,2000-12-31,99397,296,1,6.107077598571777
LightGCN,2000,2000-12-31,99397,593,2,6.097317218780518
LightGCN,2000,2000-12-31,99397,608,3,5.854042053222656
LightGCN,2000,2000-12-31,99397,356,4,5.635695457458496
LightGCN,2000,2000-12-31,99397,527,5,5.604731559753418
LightGCN,2000,2000-12-31,99397,318,6,5.595318794250488
LightGCN,2000,2000-12-31,99397,1210,7,5.376574516296387
LightGCN,2000,2000-12-31,99397,480,8,5.332620143890381
LightGCN,2000,2000-12-31,99397,150,9,5.32994270324707
LightGCN,2000,2000-12-31,99397,589,10,5.314390182495117
LightGCN,2000,2000-12-31,99802,260,1,5.727916717529297
LightGCN,2000,2000-12-31,99802,296,2,5.574275970458984
LightGCN,2000,2000-12-31,99802,457,3,5.3003034591674805
LightGCN,2000,2000-12-31,99802,1210,4,5.279524326324463
LightGCN,2000,2000-12-31,99802,356,5,5.159386157989502
LightGCN,2000,2000-12-31,99802,527,6,5.145912170410156
LightGCN,2000,2000-12-31,99802,1196,7,5.137588024139404
LightGCN,2000,2000-12-31,99802,318,8,5.1087236404418945
LightGCN,2000,2000-12-31,99802,858,9,5.099404335021973
LightGCN,2000,2000-12-31,99802,32,10,4.997382164001465
LightGCN,2000,2000-12-31,99947,296,1,6.284344673156738
LightGCN,2000,2000-12-31,99947,593,2,6.280162811279297
LightGCN,2000,2000-12-31,99947,608,3,6.181488513946533
LightGCN,2000,2000-12-31,99947,457,4,5.999447822570801
LightGCN,2000,2000-12-31,99947,356,5,5.827749252319336
LightGCN,2000,2000-12-31,99947,527,6,5.7643303871154785
LightGCN,2000,2000-12-31,99947,318,7,5.762124061584473
LightGCN,2000,2000-12-31,99947,1210,8,5.7129364013671875
LightGCN,2000,2000-12-31,99947,858,9,5.538753032684326
LightGCN,2000,2000-12-31,99947,480,10,5.534160614013672
LightGCN,2000,2000-12-31,100670,318,1,5.050728797912598
LightGCN,2000,2000-12-31,100670,480,2,4.9971513748168945
LightGCN,2000,2000-12-31,100670,589,3,4.904791831970215
LightGCN,2000,2000-12-31,100670,36,4,4.882297515869141
LightGCN,2000,2000-12-31,100670,590,5,4.868226528167725
LightGCN,2000,2000-12-31,100670,736,6,4.853355407714844
LightGCN,2000,2000-12-31,100670,17,7,4.716145038604736
LightGCN,2000,2000-12-31,100670,1196,8,4.641341209411621
LightGCN,2000,2000-12-31,100670,25,9,4.616788864135742
LightGCN,2000,2000-12-31,100670,592,10,4.5991411209106445
LightGCN,2000,2000-12-31,101159,2762,1,1.465482473373413
LightGCN,2000,2000-12-31,101159,2712,2,1.3389179706573486
LightGCN,2000,2000-12-31,101159,2770,3,1.308478593826294
LightGCN,2000,2000-12-31,101159,2763,4,1.2967102527618408
LightGCN,2000,2000-12-31,101159,2997,5,1.290698766708374
LightGCN,2000,2000-12-31,101159,2829,6,1.2899837493896484
LightGCN,2000,2000-12-31,101159,2710,7,1.2489478588104248
LightGCN,2000,2000-12-31,101159,2890,8,1.2235254049301147
LightGCN,2000,2000-12-31,101159,2891,9,1.211978554725647
LightGCN,2000,2000-12-31,101159,2599,10,1.202840805053711
LightGCN,2000,2000-12-31,101197,260,1,5.409976482391357
LightGCN,2000,2000-12-31,101197,593,2,5.395697593688965
LightGCN,2000,2000-12-31,101197,296,3,5.393834114074707
LightGCN,2000,2000-12-31,101197,457,4,5.164884567260742
LightGCN,2000,2000-12-31,101197,527,5,4.944706916809082
LightGCN,2000,2000-12-31,101197,32,6,4.796636581420898
LightGCN,2000,2000-12-31,101197,858,7,4.7863969802856445
LightGCN,2000,2000-12-31,101197,480,8,4.771927356719971
LightGCN,2000,2000-12-31,101197,150,9,4.76825475692749
LightGCN,2000,2000-12-31,101197,1,10,4.75803279876709
LightGCN,2000,2000-12-31,101808,1196,1,4.034205436706543
LightGCN,2000,2000-12-31,101808,260,2,3.8111019134521484
LightGCN,2000,2000-12-31,101808,1198,3,3.7445435523986816
LightGCN,2000,2000-12-31,101808,858,4,3.709331750869751
LightGCN,2000,2000-12-31,101808,1210,5,3.6520349979400635
LightGCN,2000,2000-12-31,101808,1270,6,3.4975318908691406
LightGCN,2000,2000-12-31,101808,1197,7,3.4939088821411133
LightGCN,2000,2000-12-31,101808,1240,8,3.4393415451049805
LightGCN,2000,2000-12-31,101808,912,9,3.4296188354492188
LightGCN,2000,2000-12-31,101808,541,10,3.4131343364715576
LightGCN,2000,2000-12-31,101925,2028,1,6.8427228927612305
LightGCN,2000,2000-12-31,101925,2858,2,6.55811071395874
LightGCN,2000,2000-12-31,101925,1704,3,6.510137557983398
LightGCN,2000,2000-12-31,101925,1784,4,6.37548303604126
LightGCN,2000,2000-12-31,101925,1721,5,6.369062423706055
LightGCN,2000,2000-12-31,101925,919,6,6.304001808166504
LightGCN,2000,2000-12-31,101925,1214,7,6.185206413269043
LightGCN,2000,2000-12-31,101925,1200,8,6.131272315979004
LightGCN,2000,2000-12-31,101925,923,9,6.061623573303223
LightGCN,2000,2000-12-31,101925,1580,10,5.953645706176758
LightGCN,2000,2000-12-31,102429,1196,1,4.301407814025879
LightGCN,2000,2000-12-31,102429,608,2,4.272829055786133
LightGCN,2000,2000-12-31,102429,593,3,4.234983444213867
LightGCN,2000,2000-12-31,102429,296,4,4.229192733764648
LightGCN,2000,2000-12-31,102429,260,5,4.218760967254639
LightGCN,2000,2000-12-31,102429,1198,6,4.002824783325195
LightGCN,2000,2000-12-31,102429,858,7,3.9927778244018555
LightGCN,2000,2000-12-31,102429,527,8,3.9891490936279297
LightGCN,2000,2000-12-31,102429,457,9,3.917207956314087
LightGCN,2000,2000-12-31,102429,318,10,3.85448956489563
LightGCN,2000,2000-12-31,102560,260,1,4.991540431976318
LightGCN,2000,2000-12-31,102560,2028,2,4.983343601226807
LightGCN,2000,2000-12-31,102560,1270,3,4.97969913482666
LightGCN,2000,2000-12-31,102560,2396,4,4.942024230957031
LightGCN,2000,2000-12-31,102560,1221,5,4.873130798339844
LightGCN,2000,2000-12-31,102560,1225,6,4.728874683380127
LightGCN,2000,2000-12-31,102560,919,7,4.7220964431762695
LightGCN,2000,2000-12-31,102560,1784,8,4.7050580978393555
LightGCN,2000,2000-12-31,102560,1307,9,4.590155601501465
LightGCN,2000,2000-12-31,102560,750,10,4.508380889892578
LightGCN,2000,2000-12-31,102747,296,1,7.508578777313232
LightGCN,2000,2000-12-31,102747,150,2,6.712263107299805
LightGCN,2000,2000-12-31,102747,590,3,6.507094383239746
LightGCN,2000,2000-12-31,102747,858,4,6.4631500244140625
LightGCN,2000,2000-12-31,102747,50,5,6.276690483093262
LightGCN,2000,2000-12-31,102747,1198,6,6.13725471496582
LightGCN,2000,2000-12-31,102747,592,7,6.131659507751465
LightGCN,2000,2000-12-31,102747,36,8,5.931624412536621
LightGCN,2000,2000-12-31,102747,1197,9,5.683574676513672
LightGCN,2000,2000-12-31,102747,349,10,5.663558006286621
LightGCN,2000,2000-12-31,102803,593,1,5.676609992980957
LightGCN,2000,2000-12-31,102803,541,2,5.632180213928223
LightGCN,2000,2000-12-31,102803,912,3,5.621485710144043
LightGCN,2000,2000-12-31,102803,1213,4,5.603137016296387
LightGCN,2000,2000-12-31,102803,1221,5,5.533783912658691
LightGCN,2000,2000-12-31,102803,527,6,5.5126495361328125
LightGCN,2000,2000-12-31,102803,1214,7,5.435580730438232
LightGCN,2000,2000-12-31,102803,1307,8,5.316219329833984
LightGCN,2000,2000-12-31,102803,750,9,5.119974613189697
LightGCN,2000,2000-12-31,102803,1079,10,5.115103721618652
LightGCN,2000,2000-12-31,103223,1196,1,4.772249221801758
LightGCN,2000,2000-12-31,103223,1198,2,4.4206390380859375
LightGCN,2000,2000-12-31,103223,608,3,4.275440692901611
LightGCN,2000,2000-12-31,103223,260,4,4.270997047424316
LightGCN,2000,2000-12-31,103223,858,5,4.2665605545043945
LightGCN,2000,2000-12-31,103223,1617,6,4.2131571769714355
LightGCN,2000,2000-12-31,103223,1210,7,4.128443717956543
LightGCN,2000,2000-12-31,103223,1270,8,4.1221795082092285
LightGCN,2000,2000-12-31,103223,1197,9,4.116028308868408
LightGCN,2000,2000-12-31,103223,912,10,4.091119289398193
LightGCN,2000,2000-12-31,103358,858,1,6.460282325744629
LightGCN,2000,2000-12-31,103358,1210,2,6.2509331703186035
LightGCN,2000,2000-12-31,103358,912,3,6.2125067710876465
LightGCN,2000,2000-12-31,103358,1213,4,6.1461944580078125
LightGCN,2000,2000-12-31,103358,1221,5,6.095813751220703
LightGCN,2000,2000-12-31,103358,2396,6,6.094060897827148
LightGCN,2000,2000-12-31,103358,1193,7,6.050518989562988
LightGCN,2000,2000-12-31,103358,1136,8,5.952672958374023
LightGCN,2000,2000-12-31,103358,1225,9,5.92879581451416
LightGCN,2000,2000-12-31,103358,919,10,5.918205261230469
LightGCN,2000,2000-12-31,103531,260,1,5.906983375549316
LightGCN,2000,2000-12-31,103531,1198,2,5.6279296875
LightGCN,2000,2000-12-31,103531,541,3,5.148102760314941
LightGCN,2000,2000-12-31,103531,924,4,4.97855281829834
LightGCN,2000,2000-12-31,103531,1136,5,4.9673871994018555
LightGCN,2000,2000-12-31,103531,1214,6,4.919436931610107
LightGCN,2000,2000-12-31,103531,1200,7,4.887596130371094
LightGCN,2000,2000-12-31,103531,1291,8,4.819684028625488
LightGCN,2000,2000-12-31,103531,480,9,4.740419864654541
LightGCN,2000,2000-12-31,103531,32,10,4.684535026550293
LightGCN,2000,2000-12-31,104433,1196,1,6.175045967102051
LightGCN,2000,2000-12-31,104433,260,2,6.012455940246582
LightGCN,2000,2000-12-31,104433,1270,3,5.377716064453125
LightGCN,2000,2000-12-31,104433,1240,4,5.282008647918701
LightGCN,2000,2000-12-31,104433,912,5,5.224114418029785
LightGCN,2000,2000-12-31,104433,1097,6,5.177058219909668
LightGCN,2000,2000-12-31,104433,1221,7,5.120654106140137
LightGCN,2000,2000-12-31,104433,1193,8,5.117214202880859
LightGCN,2000,2000-12-31,104433,924,9,5.104135990142822
LightGCN,2000,2000-12-31,104433,919,10,5.02545690536499
LightGCN,2000,2000-12-31,104479,1196,1,4.067352294921875
LightGCN,2000,2000-12-31,104479,593,2,3.827249526977539
LightGCN,2000,2000-12-31,104479,260,3,3.82074236869812
LightGCN,2000,2000-12-31,104479,296,4,3.8113303184509277
LightGCN,2000,2000-12-31,104479,1198,5,3.784074544906616
LightGCN,2000,2000-12-31,104479,858,6,3.6991920471191406
LightGCN,2000,2000-12-31,104479,1210,7,3.644613742828369
LightGCN,2000,2000-12-31,104479,527,8,3.633315086364746
LightGCN,2000,2000-12-31,104479,1270,9,3.53964900970459
LightGCN,2000,2000-12-31,104479,1617,10,3.522730588912964
LightGCN,2000,2000-12-31,104533,1196,1,2.9668469429016113
LightGCN,2000,2000-12-31,104533,1198,2,2.7331197261810303
LightGCN,2000,2000-12-31,104533,1617,3,2.681920289993286
LightGCN,2000,2000-12-31,104533,2028,4,2.6230087280273438
LightGCN,2000,2000-12-31,104533,858,5,2.5832133293151855
LightGCN,2000,2000-12-31,104533,2396,6,2.5618948936462402
LightGCN,2000,2000-12-31,104533,1197,7,2.560136079788208
LightGCN,2000,2000-12-31,104533,1270,8,2.550708293914795
LightGCN,2000,2000-12-31,104533,1240,9,2.534550428390503
LightGCN,2000,2000-12-31,104533,912,10,2.5124189853668213
LightGCN,2000,2000-12-31,104569,1196,1,5.379232883453369
LightGCN,2000,2000-12-31,104569,1617,2,5.030401229858398
LightGCN,2000,2000-12-31,104569,1198,3,4.9516401290893555
LightGCN,2000,2000-12-31,104569,2396,4,4.908090114593506
LightGCN,2000,2000-12-31,104569,2028,5,4.87193489074707
LightGCN,2000,2000-12-31,104569,2858,6,4.742885589599609
LightGCN,2000,2000-12-31,104569,912,7,4.726902961730957
LightGCN,2000,2000-12-31,104569,1221,8,4.639426231384277
LightGCN,2000,2000-12-31,104569,1704,9,4.6281280517578125
LightGCN,2000,2000-12-31,104569,1270,10,4.598724842071533
LightGCN,2000,2000-12-31,104752,1196,1,5.937032222747803
LightGCN,2000,2000-12-31,104752,260,2,5.643216609954834
LightGCN,2000,2000-12-31,104752,1198,3,5.529245376586914
LightGCN,2000,2000-12-31,104752,593,4,5.493412017822266
LightGCN,2000,2000-12-31,104752,296,5,5.464962005615234
LightGCN,2000,2000-12-31,104752,858,6,5.458525657653809
LightGCN,2000,2000-12-31,104752,527,7,5.241174697875977
LightGCN,2000,2000-12-31,104752,1617,8,5.127170562744141
LightGCN,2000,2000-12-31,104752,541,9,5.076189041137695
LightGCN,2000,2000-12-31,104752,1240,10,5.068254470825195
LightGCN,2000,2000-12-31,104768,1196,1,5.083225250244141
LightGCN,2000,2000-12-31,104768,1198,2,4.6951422691345215
LightGCN,2000,2000-12-31,104768,2396,3,4.47205924987793
LightGCN,2000,2000-12-31,104768,1197,4,4.378806114196777
LightGCN,2000,2000-12-31,104768,1213,5,4.367909908294678
LightGCN,2000,2000-12-31,104768,1270,6,4.367490768432617
LightGCN,2000,2000-12-31,104768,608,7,4.303236484527588
LightGCN,2000,2000-12-31,104768,1240,8,4.299623489379883
LightGCN,2000,2000-12-31,104768,1704,9,4.26655387878418
LightGCN,2000,2000-12-31,104768,541,10,4.260889530181885
LightGCN,2000,2000-12-31,105233,912,1,5.358672618865967
LightGCN,2000,2000-12-31,105233,1213,2,5.312141418457031
LightGCN,2000,2000-12-31,105233,2571,3,5.2534918785095215
LightGCN,2000,2000-12-31,105233,1704,4,5.2468671798706055
LightGCN,2000,2000-12-31,105233,541,5,5.237320899963379
LightGCN,2000,2000-12-31,105233,1721,6,5.21914005279541
LightGCN,2000,2000-12-31,105233,1193,7,5.2002387046813965
LightGCN,2000,2000-12-31,105233,1784,8,5.154106140136719
LightGCN,2000,2000-12-31,105233,1136,9,5.114649772644043
LightGCN,2000,2000-12-31,105233,1265,10,5.054996490478516
LightGCN,2000,2000-12-31,105781,1197,1,5.878657341003418
LightGCN,2000,2000-12-31,105781,541,2,5.76060676574707
LightGCN,2000,2000-12-31,105781,912,3,5.671810150146484
LightGCN,2000,2000-12-31,105781,1213,4,5.657713413238525
LightGCN,2000,2000-12-31,105781,2028,5,5.618465423583984
LightGCN,2000,2000-12-31,105781,1193,6,5.55272102355957
LightGCN,2000,2000-12-31,105781,1721,7,5.517059326171875
LightGCN,2000,2000-12-31,105781,2396,8,5.455781936645508
LightGCN,2000,2000-12-31,105781,1704,9,5.455450057983398
LightGCN,2000,2000-12-31,105781,1307,10,5.39280891418457
LightGCN,2000,2000-12-31,106083,2858,1,6.151139736175537
LightGCN,2000,2000-12-31,106083,2571,2,5.957581520080566
LightGCN,2000,2000-12-31,106083,1213,3,5.869414329528809
LightGCN,2000,2000-12-31,106083,2762,4,5.81682014465332
LightGCN,2000,2000-12-31,106083,1270,5,5.726626396179199
LightGCN,2000,2000-12-31,106083,1784,6,5.719567775726318
LightGCN,2000,2000-12-31,106083,1240,7,5.655544757843018
LightGCN,2000,2000-12-31,106083,1225,8,5.64678955078125
LightGCN,2000,2000-12-31,106083,541,9,5.545539855957031
LightGCN,2000,2000-12-31,106083,1208,10,5.501262664794922
LightGCN,2000,2000-12-31,106217,593,1,5.289582252502441
LightGCN,2000,2000-12-31,106217,296,2,5.281198978424072
LightGCN,2000,2000-12-31,106217,608,3,5.240128993988037
LightGCN,2000,2000-12-31,106217,527,4,4.937178611755371
LightGCN,2000,2000-12-31,106217,858,5,4.850271224975586
LightGCN,2000,2000-12-31,106217,318,6,4.82450008392334
LightGCN,2000,2000-12-31,106217,589,7,4.5857086181640625
LightGCN,2000,2000-12-31,106217,110,8,4.540036678314209
LightGCN,2000,2000-12-31,106217,50,9,4.481039047241211
LightGCN,2000,2000-12-31,106217,1240,10,4.454150199890137
LightGCN,2000,2000-12-31,106411,1210,1,6.033361911773682
LightGCN,2000,2000-12-31,106411,1197,2,5.914060592651367
LightGCN,2000,2000-12-31,106411,593,3,5.8580217361450195
LightGCN,2000,2000-12-31,106411,912,4,5.845605373382568
LightGCN,2000,2000-12-31,106411,2396,5,5.697912216186523
LightGCN,2000,2000-12-31,106411,924,6,5.680494785308838
LightGCN,2000,2000-12-31,106411,1097,7,5.667921543121338
LightGCN,2000,2000-12-31,106411,1704,8,5.601502895355225
LightGCN,2000,2000-12-31,106411,919,9,5.586149215698242
LightGCN,2000,2000-12-31,106411,1214,10,5.565461158752441
LightGCN,2000,2000-12-31,106741,1198,1,4.899621963500977
LightGCN,2000,2000-12-31,106741,1617,2,4.856661796569824
LightGCN,2000,2000-12-31,106741,858,3,4.678006649017334
LightGCN,2000,2000-12-31,106741,912,4,4.601090431213379
LightGCN,2000,2000-12-31,106741,1197,5,4.571136474609375
LightGCN,2000,2000-12-31,106741,1270,6,4.560022354125977
LightGCN,2000,2000-12-31,106741,260,7,4.552309513092041
LightGCN,2000,2000-12-31,106741,1221,8,4.518797397613525
LightGCN,2000,2000-12-31,106741,1240,9,4.486584186553955
LightGCN,2000,2000-12-31,106741,2571,10,4.472426414489746
LightGCN,2000,2000-12-31,107039,1196,1,6.439459800720215
LightGCN,2000,2000-12-31,107039,2396,2,5.684970378875732
LightGCN,2000,2000-12-31,107039,1197,3,5.545734882354736
LightGCN,2000,2000-12-31,107039,1270,4,5.532828330993652
LightGCN,2000,2000-12-31,107039,1240,5,5.444960594177246
LightGCN,2000,2000-12-31,107039,2858,6,5.42740535736084
LightGCN,2000,2000-12-31,107039,2571,7,5.395177364349365
LightGCN,2000,2000-12-31,107039,919,8,5.314862251281738
LightGCN,2000,2000-12-31,107039,1784,9,5.297850608825684
LightGCN,2000,2000-12-31,107039,1097,10,5.234065055847168
LightGCN,2000,2000-12-31,107118,1196,1,4.623091697692871
LightGCN,2000,2000-12-31,107118,1198,2,4.269251823425293
LightGCN,2000,2000-12-31,107118,1617,3,4.247102737426758
LightGCN,2000,2000-12-31,107118,912,4,4.0364460945129395
LightGCN,2000,2000-12-31,107118,1197,5,3.985445976257324
LightGCN,2000,2000-12-31,107118,1213,6,3.981764793395996
LightGCN,2000,2000-12-31,107118,1270,7,3.972764492034912
LightGCN,2000,2000-12-31,107118,1221,8,3.954817533493042
LightGCN,2000,2000-12-31,107118,2571,9,3.9276814460754395
LightGCN,2000,2000-12-31,107118,1240,10,3.9075660705566406
LightGCN,2000,2000-12-31,107272,1270,1,6.39642333984375
LightGCN,2000,2000-12-31,107272,1784,2,6.106544494628906
LightGCN,2000,2000-12-31,107272,2858,3,6.102900505065918
LightGCN,2000,2000-12-31,107272,1225,4,6.0928449630737305
LightGCN,2000,2000-12-31,107272,919,5,6.07332706451416
LightGCN,2000,2000-12-31,107272,1265,6,5.971498489379883
LightGCN,2000,2000-12-31,107272,1291,7,5.748701095581055
LightGCN,2000,2000-12-31,107272,1089,8,5.488693714141846
LightGCN,2000,2000-12-31,107272,1610,9,5.410642623901367
LightGCN,2000,2000-12-31,107272,1094,10,5.322665214538574
LightGCN,2000,2000-12-31,107315,1196,1,6.319368362426758
LightGCN,2000,2000-12-31,107315,1198,2,5.828818321228027
LightGCN,2000,2000-12-31,107315,2028,3,5.580434322357178
LightGCN,2000,2000-12-31,107315,858,4,5.4998955726623535
LightGCN,2000,2000-12-31,107315,912,5,5.483923435211182
LightGCN,2000,2000-12-31,107315,1197,6,5.4434895515441895
LightGCN,2000,2000-12-31,107315,1270,7,5.4232025146484375
LightGCN,2000,2000-12-31,107315,1213,8,5.414858818054199
LightGCN,2000,2000-12-31,107315,1221,9,5.386662483215332
LightGCN,2000,2000-12-31,107315,1704,10,5.335690498352051
LightGCN,2000,2000-12-31,107494,2028,1,5.035400390625
LightGCN,2000,2000-12-31,107494,912,2,4.8577423095703125
LightGCN,2000,2000-12-31,107494,858,3,4.812032699584961
LightGCN,2000,2000-12-31,107494,1213,4,4.8029327392578125
LightGCN,2000,2000-12-31,107494,1704,5,4.78970193862915
LightGCN,2000,2000-12-31,107494,1221,6,4.7819085121154785
LightGCN,2000,2000-12-31,107494,1721,7,4.704185485839844
LightGCN,2000,2000-12-31,107494,1193,8,4.694310188293457
LightGCN,2000,2000-12-31,107494,919,9,4.579241752624512
LightGCN,2000,2000-12-31,107494,1136,10,4.5643310546875
LightGCN,2000,2000-12-31,107495,1196,1,6.17805290222168
LightGCN,2000,2000-12-31,107495,1617,2,5.643714427947998
LightGCN,2000,2000-12-31,107495,912,3,5.346697807312012
LightGCN,2000,2000-12-31,107495,1197,4,5.324163436889648
LightGCN,2000,2000-12-31,107495,1270,5,5.309944152832031
LightGCN,2000,2000-12-31,107495,1221,6,5.247550964355469
LightGCN,2000,2000-12-31,107495,1240,7,5.237287521362305
LightGCN,2000,2000-12-31,107495,2858,8,5.185181617736816
LightGCN,2000,2000-12-31,107495,924,9,5.1469526290893555
LightGCN,2000,2000-12-31,107495,608,10,5.124666213989258
LightGCN,2000,2000-12-31,107524,923,1,6.1466803550720215
LightGCN,2000,2000-12-31,107524,1214,2,6.087184429168701
LightGCN,2000,2000-12-31,107524,1304,3,5.915158748626709
LightGCN,2000,2000-12-31,107524,1252,4,5.869367599487305
LightGCN,2000,2000-12-31,107524,1278,5,5.66368293762207
LightGCN,2000,2000-12-31,107524,1206,6,5.651427268981934
LightGCN,2000,2000-12-31,107524,1288,7,5.643823623657227
LightGCN,2000,2000-12-31,107524,1610,8,5.535162925720215
LightGCN,2000,2000-12-31,107524,2791,9,5.427423000335693
LightGCN,2000,2000-12-31,107524,5060,10,5.378088474273682
LightGCN,2000,2000-12-31,107653,1196,1,5.430095672607422
LightGCN,2000,2000-12-31,107653,1198,2,5.049356460571289
LightGCN,2000,2000-12-31,107653,858,3,4.968268871307373
LightGCN,2000,2000-12-31,107653,1210,4,4.917932033538818
LightGCN,2000,2000-12-31,107653,1270,5,4.724127292633057
LightGCN,2000,2000-12-31,107653,1617,6,4.711669921875
LightGCN,2000,2000-12-31,107653,1197,7,4.697690486907959
LightGCN,2000,2000-12-31,107653,457,8,4.65972375869751
LightGCN,2000,2000-12-31,107653,1240,9,4.639957427978516
LightGCN,2000,2000-12-31,107653,541,10,4.631588935852051
LightGCN,2000,2000-12-31,108166,1197,1,6.258378982543945
LightGCN,2000,2000-12-31,108166,2396,2,6.244903564453125
LightGCN,2000,2000-12-31,108166,1240,3,6.169346809387207
LightGCN,2000,2000-12-31,108166,1193,4,6.087488651275635
LightGCN,2000,2000-12-31,108166,1721,5,6.014443874359131
LightGCN,2000,2000-12-31,108166,1097,6,5.90816593170166
LightGCN,2000,2000-12-31,108166,2858,7,5.883211135864258
LightGCN,2000,2000-12-31,108166,1200,8,5.836661338806152
LightGCN,2000,2000-12-31,108166,1307,9,5.777918815612793
LightGCN,2000,2000-12-31,108166,1247,10,5.745828151702881
LightGCN,2000,2000-12-31,108210,2396,1,4.744338035583496
LightGCN,2000,2000-12-31,108210,1617,2,4.728301525115967
LightGCN,2000,2000-12-31,108210,1196,3,4.713411808013916
LightGCN,2000,2000-12-31,108210,2028,4,4.638208389282227
LightGCN,2000,2000-12-31,108210,2762,5,4.47374963760376
LightGCN,2000,2000-12-31,108210,2571,6,4.469077110290527
LightGCN,2000,2000-12-31,108210,1704,7,4.304988861083984
LightGCN,2000,2000-12-31,108210,1198,8,4.292174339294434
LightGCN,2000,2000-12-31,108210,912,9,4.275823593139648
LightGCN,2000,2000-12-31,108210,1221,10,4.202828884124756
LightGCN,2000,2000-12-31,108419,1196,1,4.732978820800781
LightGCN,2000,2000-12-31,108419,858,2,4.522068500518799
LightGCN,2000,2000-12-31,108419,32,3,4.2689409255981445
LightGCN,2000,2000-12-31,108419,50,4,4.200540542602539
LightGCN,2000,2000-12-31,108419,590,5,4.139049530029297
LightGCN,2000,2000-12-31,108419,541,6,4.0839691162109375
LightGCN,2000,2000-12-31,108419,1240,7,4.07273006439209
LightGCN,2000,2000-12-31,108419,912,8,3.912429094314575
LightGCN,2000,2000-12-31,108419,1213,9,3.905120372772217
LightGCN,2000,2000-12-31,108419,1617,10,3.897730827331543
LightGCN,2000,2000-12-31,109215,1196,1,5.5078229904174805
LightGCN,2000,2000-12-31,109215,2396,2,5.088250637054443
LightGCN,2000,2000-12-31,109215,2858,3,4.932472229003906
LightGCN,2000,2000-12-31,109215,2571,4,4.883603096008301
LightGCN,2000,2000-12-31,109215,912,5,4.808990478515625
LightGCN,2000,2000-12-31,109215,1704,6,4.804323673248291
LightGCN,2000,2000-12-31,109215,1213,7,4.747297286987305
LightGCN,2000,2000-12-31,109215,1197,8,4.739802360534668
LightGCN,2000,2000-12-31,109215,1221,9,4.735580921173096
LightGCN,2000,2000-12-31,109215,2762,10,4.728029251098633
LightGCN,2000,2000-12-31,109234,1196,1,5.243638515472412
LightGCN,2000,2000-12-31,109234,2396,2,4.605953693389893
LightGCN,2000,2000-12-31,109234,912,3,4.568414688110352
LightGCN,2000,2000-12-31,109234,1270,4,4.518000602722168
LightGCN,2000,2000-12-31,109234,1213,5,4.5009660720825195
LightGCN,2000,2000-12-31,109234,1240,6,4.441958427429199
LightGCN,2000,2000-12-31,109234,1193,7,4.419747352600098
LightGCN,2000,2000-12-31,109234,541,8,4.415926933288574
LightGCN,2000,2000-12-31,109234,924,9,4.398126602172852
LightGCN,2000,2000-12-31,109234,1225,10,4.331362724304199
LightGCN,2000,2000-12-31,109904,2762,1,1.3035252094268799
LightGCN,2000,2000-12-31,109904,2829,2,1.2460803985595703
LightGCN,2000,2000-12-31,109904,2712,3,1.2308404445648193
LightGCN,2000,2000-12-31,109904,2770,4,1.2003567218780518
LightGCN,2000,2000-12-31,109904,2763,5,1.1918917894363403
LightGCN,2000,2000-12-31,109904,2997,6,1.1832554340362549
LightGCN,2000,2000-12-31,109904,2891,7,1.1819465160369873
LightGCN,2000,2000-12-31,109904,2883,8,1.1573588848114014
LightGCN,2000,2000-12-31,109904,2759,9,1.147247076034546
LightGCN,2000,2000-12-31,109904,2721,10,1.13273286819458
LightGCN,2000,2000-12-31,110154,1196,1,3.729196548461914
LightGCN,2000,2000-12-31,110154,1617,2,3.623314142227173
LightGCN,2000,2000-12-31,110154,2028,3,3.5600991249084473
LightGCN,2000,2000-12-31,110154,2858,4,3.5234556198120117
LightGCN,2000,2000-12-31,110154,2571,5,3.431852340698242
LightGCN,2000,2000-12-31,110154,1198,6,3.409663677215576
LightGCN,2000,2000-12-31,110154,1704,7,3.3375391960144043
LightGCN,2000,2000-12-31,110154,1784,8,3.256021022796631
LightGCN,2000,2000-12-31,110154,1721,9,3.243136405944824
LightGCN,2000,2000-12-31,110154,1221,10,3.2373878955841064
LightGCN,2000,2000-12-31,110316,2396,1,6.85848331451416
LightGCN,2000,2000-12-31,110316,2028,2,6.788240432739258
LightGCN,2000,2000-12-31,110316,2571,3,6.491751670837402
LightGCN,2000,2000-12-31,110316,1197,4,6.445461750030518
LightGCN,2000,2000-12-31,110316,2762,5,6.277998447418213
LightGCN,2000,2000-12-31,110316,1230,6,6.174094200134277
LightGCN,2000,2000-12-31,110316,1097,7,5.9982099533081055
LightGCN,2000,2000-12-31,110316,1288,8,5.5651164054870605
LightGCN,2000,2000-12-31,110316,1089,9,5.5033488273620605
LightGCN,2000,2000-12-31,110316,1358,10,5.470151901245117
LightGCN,2000,2000-12-31,110350,1196,1,4.239797592163086
LightGCN,2000,2000-12-31,110350,260,2,4.122195243835449
LightGCN,2000,2000-12-31,110350,1198,3,3.949648141860962
LightGCN,2000,2000-12-31,110350,593,4,3.93910551071167
LightGCN,2000,2000-12-31,110350,1210,5,3.9242610931396484
LightGCN,2000,2000-12-31,110350,527,6,3.747079372406006
LightGCN,2000,2000-12-31,110350,1197,7,3.672992706298828
LightGCN,2000,2000-12-31,110350,1240,8,3.6346969604492188
LightGCN,2000,2000-12-31,110350,1617,9,3.632375955581665
LightGCN,2000,2000-12-31,110350,541,10,3.616755485534668
LightGCN,2000,2000-12-31,110429,2858,1,2.7647337913513184
LightGCN,2000,2000-12-31,110429,2396,2,2.665679454803467
LightGCN,2000,2000-12-31,110429,2762,3,2.601687431335449
LightGCN,2000,2000-12-31,110429,1617,4,2.572948455810547
LightGCN,2000,2000-12-31,110429,2028,5,2.560711145401001
LightGCN,2000,2000-12-31,110429,2571,6,2.4992098808288574
LightGCN,2000,2000-12-31,110429,1196,7,2.343357801437378
LightGCN,2000,2000-12-31,110429,1704,8,2.328630208969116
LightGCN,2000,2000-12-31,110429,2716,9,2.2599050998687744
LightGCN,2000,2000-12-31,110429,1923,10,2.244225025177002
LightGCN,2000,2000-12-31,111520,1196,1,6.339527130126953
LightGCN,2000,2000-12-31,111520,260,2,5.8904595375061035
LightGCN,2000,2000-12-31,111520,593,3,5.468573570251465
LightGCN,2000,2000-12-31,111520,912,4,5.422770977020264
LightGCN,2000,2000-12-31,111520,1240,5,5.40177059173584
LightGCN,2000,2000-12-31,111520,541,6,5.379591941833496
LightGCN,2000,2000-12-31,111520,1213,7,5.3674468994140625
LightGCN,2000,2000-12-31,111520,527,8,5.303989410400391
LightGCN,2000,2000-12-31,111520,2396,9,5.262643814086914
LightGCN,2000,2000-12-31,111520,1225,10,5.177539825439453
LightGCN,2000,2000-12-31,111839,608,1,5.415782928466797
LightGCN,2000,2000-12-31,111839,593,2,5.177095413208008
LightGCN,2000,2000-12-31,111839,296,3,5.1407294273376465
LightGCN,2000,2000-12-31,111839,1210,4,5.127968788146973
LightGCN,2000,2000-12-31,111839,527,5,4.903307914733887
LightGCN,2000,2000-12-31,111839,1270,6,4.774491310119629
LightGCN,2000,2000-12-31,111839,457,7,4.755890846252441
LightGCN,2000,2000-12-31,111839,1197,8,4.7389044761657715
LightGCN,2000,2000-12-31,111839,318,9,4.683286666870117
LightGCN,2000,2000-12-31,111839,356,10,4.648280143737793
LightGCN,2000,2000-12-31,112209,912,1,5.545055389404297
LightGCN,2000,2000-12-31,112209,1197,2,5.501117706298828
LightGCN,2000,2000-12-31,112209,1270,3,5.486555576324463
LightGCN,2000,2000-12-31,112209,1213,4,5.474862575531006
LightGCN,2000,2000-12-31,112209,1240,5,5.406284332275391
LightGCN,2000,2000-12-31,112209,1193,6,5.377005577087402
LightGCN,2000,2000-12-31,112209,924,7,5.349000930786133
LightGCN,2000,2000-12-31,112209,2571,8,5.307117462158203
LightGCN,2000,2000-12-31,112209,1210,9,5.291508674621582
LightGCN,2000,2000-12-31,112209,1784,10,5.246230125427246
LightGCN,2000,2000-12-31,112818,912,1,6.584802150726318
LightGCN,2000,2000-12-31,112818,1580,2,6.025911808013916
LightGCN,2000,2000-12-31,112818,1079,3,5.919498920440674
LightGCN,2000,2000-12-31,112818,1259,4,5.902509689331055
LightGCN,2000,2000-12-31,112818,1394,5,5.883536338806152
LightGCN,2000,2000-12-31,112818,1387,6,5.591554641723633
LightGCN,2000,2000-12-31,112818,1278,7,5.5859293937683105
LightGCN,2000,2000-12-31,112818,908,8,5.569581985473633
LightGCN,2000,2000-12-31,112818,1199,9,5.549995422363281
LightGCN,2000,2000-12-31,112818,1374,10,5.512057304382324
LightGCN,2000,2000-12-31,112828,1617,1,6.841208457946777
LightGCN,2000,2000-12-31,112828,1213,2,6.592238426208496
LightGCN,2000,2000-12-31,112828,2571,3,6.233640193939209
LightGCN,2000,2000-12-31,112828,2858,4,6.076864719390869
LightGCN,2000,2000-12-31,112828,1220,5,5.849581718444824
LightGCN,2000,2000-12-31,112828,1206,6,5.749877452850342
LightGCN,2000,2000-12-31,112828,1288,7,5.558775424957275
LightGCN,2000,2000-12-31,112828,111,8,5.532876968383789
LightGCN,2000,2000-12-31,112828,1080,9,5.510280609130859
LightGCN,2000,2000-12-31,112828,5060,10,5.459542274475098
LightGCN,2000,2000-12-31,114311,2858,1,2.599025249481201
LightGCN,2000,2000-12-31,114311,2762,2,2.4415059089660645
LightGCN,2000,2000-12-31,114311,2396,3,2.3277077674865723
LightGCN,2000,2000-12-31,114311,2571,4,2.18259334564209
LightGCN,2000,2000-12-31,114311,1617,5,2.1167116165161133
LightGCN,2000,2000-12-31,114311,2710,6,2.0562899112701416
LightGCN,2000,2000-12-31,114311,2599,7,2.0400428771972656
LightGCN,2000,2000-12-31,114311,2716,8,1.993520736694336
LightGCN,2000,2000-12-31,114311,2712,9,1.9638293981552124
LightGCN,2000,2000-12-31,114311,2770,10,1.9473786354064941
LightGCN,2000,2000-12-31,114525,593,1,6.845639705657959
LightGCN,2000,2000-12-31,114525,356,2,6.341602802276611
LightGCN,2000,2000-12-31,114525,527,3,6.28674840927124
LightGCN,2000,2000-12-31,114525,1210,4,6.0888590812683105
LightGCN,2000,2000-12-31,114525,150,5,6.010875701904297
LightGCN,2000,2000-12-31,114525,480,6,6.006944179534912
LightGCN,2000,2000-12-31,114525,589,7,5.976253032684326
LightGCN,2000,2000-12-31,114525,110,8,5.940680027008057
LightGCN,2000,2000-12-31,114525,590,9,5.817534446716309
LightGCN,2000,2000-12-31,114525,32,10,5.812922477722168
LightGCN,2000,2000-12-31,115321,1196,1,3.2374753952026367
LightGCN,2000,2000-12-31,115321,1617,2,3.1860156059265137
LightGCN,2000,2000-12-31,115321,2028,3,3.126739025115967
LightGCN,2000,2000-12-31,115321,2396,4,3.1166863441467285
LightGCN,2000,2000-12-31,115321,2858,5,3.0695700645446777
LightGCN,2000,2000-12-31,115321,2571,6,2.9927003383636475
LightGCN,2000,2000-12-31,115321,1198,7,2.956169605255127
LightGCN,2000,2000-12-31,115321,2762,8,2.940537452697754
LightGCN,2000,2000-12-31,115321,1704,9,2.929213523864746
LightGCN,2000,2000-12-31,115321,912,10,2.866403102874756
LightGCN,2000,2000-12-31,115889,593,1,4.593221664428711
LightGCN,2000,2000-12-31,115889,296,2,4.584545135498047
LightGCN,2000,2000-12-31,115889,260,3,4.581046104431152
LightGCN,2000,2000-12-31,115889,608,4,4.566027641296387
LightGCN,2000,2000-12-31,115889,457,5,4.376190185546875
LightGCN,2000,2000-12-31,115889,356,6,4.255345344543457
LightGCN,2000,2000-12-31,115889,1210,7,4.249671936035156
LightGCN,2000,2000-12-31,115889,1196,8,4.232035160064697
LightGCN,2000,2000-12-31,115889,527,9,4.224071502685547
LightGCN,2000,2000-12-31,115889,318,10,4.206647872924805
LightGCN,2000,2000-12-31,116229,356,1,6.027322292327881
LightGCN,2000,2000-12-31,116229,527,2,5.989271640777588
LightGCN,2000,2000-12-31,116229,858,3,5.958307266235352
LightGCN,2000,2000-12-31,116229,32,4,5.834708213806152
LightGCN,2000,2000-12-31,116229,150,5,5.68170166015625
LightGCN,2000,2000-12-31,116229,590,6,5.481142997741699
LightGCN,2000,2000-12-31,116229,36,7,5.2726240158081055
LightGCN,2000,2000-12-31,116229,541,8,5.250730514526367
LightGCN,2000,2000-12-31,116229,34,9,5.177380084991455
LightGCN,2000,2000-12-31,116229,17,10,5.163717269897461
LightGCN,2000,2000-12-31,116902,1617,1,4.12242317199707
LightGCN,2000,2000-12-31,116902,608,2,4.111638069152832
LightGCN,2000,2000-12-31,116902,858,3,4.108652114868164
LightGCN,2000,2000-12-31,116902,260,4,4.101474761962891
LightGCN,2000,2000-12-31,116902,2028,5,3.994019031524658
LightGCN,2000,2000-12-31,116902,1197,6,3.965113639831543
LightGCN,2000,2000-12-31,116902,1270,7,3.964550733566284
LightGCN,2000,2000-12-31,116902,2396,8,3.9608747959136963
LightGCN,2000,2000-12-31,116902,912,9,3.923807144165039
LightGCN,2000,2000-12-31,116902,1240,10,3.9084768295288086
LightGCN,2000,2000-12-31,116925,1196,1,6.328758239746094
LightGCN,2000,2000-12-31,116925,912,2,5.5665974617004395
LightGCN,2000,2000-12-31,116925,1221,3,5.461395263671875
LightGCN,2000,2000-12-31,116925,1197,4,5.44625997543335
LightGCN,2000,2000-12-31,116925,1704,5,5.4452948570251465
LightGCN,2000,2000-12-31,116925,1240,6,5.340973377227783
LightGCN,2000,2000-12-31,116925,924,7,5.329570293426514
LightGCN,2000,2000-12-31,116925,919,8,5.2152791023254395
LightGCN,2000,2000-12-31,116925,1136,9,5.1935529708862305
LightGCN,2000,2000-12-31,116925,1097,10,5.078590393066406
LightGCN,2000,2000-12-31,116929,2858,1,3.2768735885620117
LightGCN,2000,2000-12-31,116929,2396,2,3.251028060913086
LightGCN,2000,2000-12-31,116929,1617,3,3.2446961402893066
LightGCN,2000,2000-12-31,116929,2028,4,3.2075581550598145
LightGCN,2000,2000-12-31,116929,1196,5,3.1507978439331055
LightGCN,2000,2000-12-31,116929,2762,6,3.122093677520752
LightGCN,2000,2000-12-31,116929,1704,7,2.9680254459381104
LightGCN,2000,2000-12-31,116929,1784,8,2.8769049644470215
LightGCN,2000,2000-12-31,116929,1198,9,2.8559975624084473
LightGCN,2000,2000-12-31,116929,1721,10,2.8452796936035156
LightGCN,2000,2000-12-31,117110,1196,1,6.314323425292969
LightGCN,2000,2000-12-31,117110,2028,2,5.547562122344971
LightGCN,2000,2000-12-31,117110,858,3,5.483803749084473
LightGCN,2000,2000-12-31,117110,1197,4,5.443783760070801
LightGCN,2000,2000-12-31,117110,1213,5,5.434178352355957
LightGCN,2000,2000-12-31,117110,1221,6,5.400958061218262
LightGCN,2000,2000-12-31,117110,608,7,5.353160858154297
LightGCN,2000,2000-12-31,117110,1240,8,5.34344482421875
LightGCN,2000,2000-12-31,117110,541,9,5.299926280975342
LightGCN,2000,2000-12-31,117110,260,10,5.253491401672363
LightGCN,2000,2000-12-31,117260,2396,1,6.462822914123535
LightGCN,2000,2000-12-31,117260,1270,2,6.330491542816162
LightGCN,2000,2000-12-31,117260,1704,3,6.180669784545898
LightGCN,2000,2000-12-31,117260,2571,4,6.1542863845825195
LightGCN,2000,2000-12-31,117260,1200,5,5.899900436401367
LightGCN,2000,2000-12-31,117260,1208,6,5.89927864074707
LightGCN,2000,2000-12-31,117260,969,7,5.392873764038086
LightGCN,2000,2000-12-31,117260,1207,8,5.297024726867676
LightGCN,2000,2000-12-31,117260,5060,9,5.209975719451904
LightGCN,2000,2000-12-31,117260,1954,10,5.091737747192383
LightGCN,2000,2000-12-31,117335,1196,1,4.211164951324463
LightGCN,2000,2000-12-31,117335,1617,2,4.0096282958984375
LightGCN,2000,2000-12-31,117335,2396,3,3.9428906440734863
LightGCN,2000,2000-12-31,117335,1198,4,3.864373207092285
LightGCN,2000,2000-12-31,117335,2571,5,3.75443172454834
LightGCN,2000,2000-12-31,117335,1704,6,3.6840872764587402
LightGCN,2000,2000-12-31,117335,2762,7,3.6601994037628174
LightGCN,2000,2000-12-31,117335,1197,8,3.6220202445983887
LightGCN,2000,2000-12-31,117335,1784,9,3.593759059906006
LightGCN,2000,2000-12-31,117335,1270,10,3.5856056213378906
LightGCN,2000,2000-12-31,117457,608,1,5.944648742675781
LightGCN,2000,2000-12-31,117457,593,2,5.722185134887695
LightGCN,2000,2000-12-31,117457,296,3,5.677321434020996
LightGCN,2000,2000-12-31,117457,527,4,5.430541038513184
LightGCN,2000,2000-12-31,117457,1270,5,5.355220317840576
LightGCN,2000,2000-12-31,117457,457,6,5.243352890014648
LightGCN,2000,2000-12-31,117457,1617,7,5.220303058624268
LightGCN,2000,2000-12-31,117457,318,8,5.1710710525512695
LightGCN,2000,2000-12-31,117457,1097,9,5.161232948303223
LightGCN,2000,2000-12-31,117457,912,10,5.154994487762451
LightGCN,2000,2000-12-31,117866,608,1,5.419951915740967
LightGCN,2000,2000-12-31,117866,593,2,5.375234603881836
LightGCN,2000,2000-12-31,117866,296,3,5.3671698570251465
LightGCN,2000,2000-12-31,117866,1210,4,5.040051460266113
LightGCN,2000,2000-12-31,117866,858,5,4.942768096923828
LightGCN,2000,2000-12-31,117866,318,6,4.909467697143555
LightGCN,2000,2000-12-31,117866,589,7,4.679607391357422
LightGCN,2000,2000-12-31,117866,480,8,4.656455039978027
LightGCN,2000,2000-12-31,117866,110,9,4.636300086975098
LightGCN,2000,2000-12-31,117866,32,10,4.618372440338135
LightGCN,2000,2000-12-31,118005,296,1,6.328174114227295
LightGCN,2000,2000-12-31,118005,1198,2,6.168483734130859
LightGCN,2000,2000-12-31,118005,457,3,5.835549354553223
LightGCN,2000,2000-12-31,118005,1270,4,5.766724586486816
LightGCN,2000,2000-12-31,118005,318,5,5.762461185455322
LightGCN,2000,2000-12-31,118005,356,6,5.7008256912231445
LightGCN,2000,2000-12-31,118005,1617,7,5.673028945922852
LightGCN,2000,2000-12-31,118005,1240,8,5.654467582702637
LightGCN,2000,2000-12-31,118005,1097,9,5.558858394622803
LightGCN,2000,2000-12-31,118005,1193,10,5.513532638549805
LightGCN,2000,2000-12-31,118253,1196,1,4.638519287109375
LightGCN,2000,2000-12-31,118253,1198,2,4.296926498413086
LightGCN,2000,2000-12-31,118253,608,3,4.211207866668701
LightGCN,2000,2000-12-31,118253,1270,4,4.008403778076172
LightGCN,2000,2000-12-31,118253,1240,5,3.9591352939605713
LightGCN,2000,2000-12-31,118253,912,6,3.9402079582214355
LightGCN,2000,2000-12-31,118253,1213,7,3.9260129928588867
LightGCN,2000,2000-12-31,118253,2396,8,3.885282516479492
LightGCN,2000,2000-12-31,118253,541,9,3.8818235397338867
LightGCN,2000,2000-12-31,118253,1193,10,3.8439953327178955
LightGCN,2000,2000-12-31,118292,1196,1,4.307011604309082
LightGCN,2000,2000-12-31,118292,260,2,4.066164016723633
LightGCN,2000,2000-12-31,118292,1198,3,3.987778663635254
LightGCN,2000,2000-12-31,118292,608,4,3.986274480819702
LightGCN,2000,2000-12-31,118292,858,5,3.9615442752838135
LightGCN,2000,2000-12-31,118292,1210,6,3.936807632446289
LightGCN,2000,2000-12-31,118292,1270,7,3.724942445755005
LightGCN,2000,2000-12-31,118292,1197,8,3.723633289337158
LightGCN,2000,2000-12-31,118292,1240,9,3.688154697418213
LightGCN,2000,2000-12-31,118292,2028,10,3.6831905841827393
LightGCN,2000,2000-12-31,118708,296,1,6.162500381469727
LightGCN,2000,2000-12-31,118708,480,2,5.48129940032959
LightGCN,2000,2000-12-31,118708,589,3,5.41969633102417
LightGCN,2000,2000-12-31,118708,1196,4,5.385396957397461
LightGCN,2000,2000-12-31,118708,110,5,5.383642196655273
LightGCN,2000,2000-12-31,118708,858,6,5.334342002868652
LightGCN,2000,2000-12-31,118708,50,7,5.159794807434082
LightGCN,2000,2000-12-31,118708,34,8,4.916879653930664
LightGCN,2000,2000-12-31,118708,36,9,4.887143611907959
LightGCN,2000,2000-12-31,118708,380,10,4.839277267456055
LightGCN,2000,2000-12-31,119164,260,1,5.517901420593262
LightGCN,2000,2000-12-31,119164,1210,2,5.3005218505859375
LightGCN,2000,2000-12-31,119164,1197,3,5.262887001037598
LightGCN,2000,2000-12-31,119164,1213,4,5.208897113800049
LightGCN,2000,2000-12-31,119164,1193,5,5.10914945602417
LightGCN,2000,2000-12-31,119164,924,6,5.082180976867676
LightGCN,2000,2000-12-31,119164,527,7,5.050147533416748
LightGCN,2000,2000-12-31,119164,1136,8,5.0169878005981445
LightGCN,2000,2000-12-31,119164,1225,9,5.005334854125977
LightGCN,2000,2000-12-31,119164,1214,10,4.9355363845825195
LightGCN,2000,2000-12-31,119178,593,1,5.335082054138184
LightGCN,2000,2000-12-31,119178,527,2,4.957790851593018
LightGCN,2000,2000-12-31,119178,356,3,4.89044189453125
LightGCN,2000,2000-12-31,119178,318,4,4.859858512878418
LightGCN,2000,2000-12-31,119178,32,5,4.627462387084961
LightGCN,2000,2000-12-31,119178,150,6,4.553412437438965
LightGCN,2000,2000-12-31,119178,541,7,4.477407455444336
LightGCN,2000,2000-12-31,119178,1097,8,4.438127517700195
LightGCN,2000,2000-12-31,119178,912,9,4.282415390014648
LightGCN,2000,2000-12-31,119178,1214,10,4.26007604598999
LightGCN,2000,2000-12-31,119358,608,1,6.962067127227783
LightGCN,2000,2000-12-31,119358,296,2,6.862776756286621
LightGCN,2000,2000-12-31,119358,527,3,6.4021759033203125
LightGCN,2000,2000-12-31,119358,858,4,6.398968696594238
LightGCN,2000,2000-12-31,119358,356,5,6.304441452026367
LightGCN,2000,2000-12-31,119358,110,6,5.934449672698975
LightGCN,2000,2000-12-31,119358,150,7,5.866345405578613
LightGCN,2000,2000-12-31,119358,1,8,5.8293375968933105
LightGCN,2000,2000-12-31,119358,50,9,5.826700687408447
LightGCN,2000,2000-12-31,119358,912,10,5.571334362030029
LightGCN,2000,2000-12-31,119465,296,1,5.808625221252441
LightGCN,2000,2000-12-31,119465,593,2,5.79068660736084
LightGCN,2000,2000-12-31,119465,457,3,5.6575236320495605
LightGCN,2000,2000-12-31,119465,608,4,5.615437030792236
LightGCN,2000,2000-12-31,119465,356,5,5.482525825500488
LightGCN,2000,2000-12-31,119465,480,6,5.250579833984375
LightGCN,2000,2000-12-31,119465,32,7,5.242338180541992
LightGCN,2000,2000-12-31,119465,1,8,5.167978286743164
LightGCN,2000,2000-12-31,119465,590,9,5.157482624053955
LightGCN,2000,2000-12-31,119465,589,10,5.136000633239746
LightGCN,2000,2000-12-31,119672,1196,1,6.343601226806641
LightGCN,2000,2000-12-31,119672,1198,2,5.892214298248291
LightGCN,2000,2000-12-31,119672,608,3,5.7881903648376465
LightGCN,2000,2000-12-31,119672,1210,4,5.524524688720703
LightGCN,2000,2000-12-31,119672,1270,5,5.486159324645996
LightGCN,2000,2000-12-31,119672,1197,6,5.477140426635742
LightGCN,2000,2000-12-31,119672,1240,7,5.3972907066345215
LightGCN,2000,2000-12-31,119672,1193,8,5.343813896179199
LightGCN,2000,2000-12-31,119672,924,9,5.319284439086914
LightGCN,2000,2000-12-31,119672,2028,10,5.314891338348389
LightGCN,2000,2000-12-31,119795,1213,1,6.245013236999512
LightGCN,2000,2000-12-31,119795,1704,2,6.242671966552734
LightGCN,2000,2000-12-31,119795,541,3,5.941409111022949
LightGCN,2000,2000-12-31,119795,1304,4,5.596409797668457
LightGCN,2000,2000-12-31,119795,1252,5,5.569220542907715
LightGCN,2000,2000-12-31,119795,1219,6,5.400317192077637
LightGCN,2000,2000-12-31,119795,1291,7,5.363410949707031
LightGCN,2000,2000-12-31,119795,1278,8,5.360334873199463
LightGCN,2000,2000-12-31,119795,1288,9,5.342609882354736
LightGCN,2000,2000-12-31,119795,2710,10,5.2808098793029785
LightGCN,2000,2000-12-31,120017,1617,1,5.903700828552246
LightGCN,2000,2000-12-31,120017,2028,2,5.711390495300293
LightGCN,2000,2000-12-31,120017,912,3,5.571994304656982
LightGCN,2000,2000-12-31,120017,1213,4,5.494712829589844
LightGCN,2000,2000-12-31,120017,2571,5,5.454083442687988
LightGCN,2000,2000-12-31,120017,541,6,5.2956695556640625
LightGCN,2000,2000-12-31,120017,1225,7,5.280043601989746
LightGCN,2000,2000-12-31,120017,919,8,5.241027355194092
LightGCN,2000,2000-12-31,120017,2762,9,5.230956554412842
LightGCN,2000,2000-12-31,120017,1136,10,5.226256370544434
LightGCN,2000,2000-12-31,120216,858,1,5.053150177001953
LightGCN,2000,2000-12-31,120216,296,2,4.87709379196167
LightGCN,2000,2000-12-31,120216,1240,3,4.794168472290039
LightGCN,2000,2000-12-31,120216,541,4,4.775425910949707
LightGCN,2000,2000-12-31,120216,1193,5,4.699764251708984
LightGCN,2000,2000-12-31,120216,924,6,4.683791160583496
LightGCN,2000,2000-12-31,120216,1136,7,4.63286828994751
LightGCN,2000,2000-12-31,120216,1704,8,4.623924732208252
LightGCN,2000,2000-12-31,120216,1225,9,4.601276874542236
LightGCN,2000,2000-12-31,120216,2571,10,4.571536064147949
LightGCN,2000,2000-12-31,120518,2028,1,4.892513275146484
LightGCN,2000,2000-12-31,120518,2396,2,4.880324363708496
LightGCN,2000,2000-12-31,120518,1197,3,4.877667427062988
LightGCN,2000,2000-12-31,120518,1270,4,4.873387813568115
LightGCN,2000,2000-12-31,120518,1240,5,4.797033309936523
LightGCN,2000,2000-12-31,120518,1210,6,4.765473365783691
LightGCN,2000,2000-12-31,120518,1193,7,4.761385440826416
LightGCN,2000,2000-12-31,120518,924,8,4.739741325378418
LightGCN,2000,2000-12-31,120518,1704,9,4.707172870635986
LightGCN,2000,2000-12-31,120518,1225,10,4.663061141967773
LightGCN,2000,2000-12-31,120848,858,1,5.524593353271484
LightGCN,2000,2000-12-31,120848,1210,2,5.453064918518066
LightGCN,2000,2000-12-31,120848,1270,3,5.213772296905518
LightGCN,2000,2000-12-31,120848,541,4,5.1419878005981445
LightGCN,2000,2000-12-31,120848,1240,5,5.0969953536987305
LightGCN,2000,2000-12-31,120848,589,6,5.065357208251953
LightGCN,2000,2000-12-31,120848,1213,7,5.0544962882995605
LightGCN,2000,2000-12-31,120848,1097,8,5.027144432067871
LightGCN,2000,2000-12-31,120848,110,9,5.020218849182129
LightGCN,2000,2000-12-31,120848,1221,10,4.982911109924316
LightGCN,2000,2000-12-31,121209,296,1,6.155256748199463
LightGCN,2000,2000-12-31,121209,593,2,6.130488872528076
LightGCN,2000,2000-12-31,121209,608,3,5.82830810546875
LightGCN,2000,2000-12-31,121209,1196,4,5.766479015350342
LightGCN,2000,2000-12-31,121209,457,5,5.761109828948975
LightGCN,2000,2000-12-31,121209,527,6,5.695288181304932
LightGCN,2000,2000-12-31,121209,318,7,5.625097274780273
LightGCN,2000,2000-12-31,121209,858,8,5.338611602783203
LightGCN,2000,2000-12-31,121209,1210,9,5.312657356262207
LightGCN,2000,2000-12-31,121209,589,10,5.289134502410889
LightGCN,2000,2000-12-31,121594,1270,1,5.046780109405518
LightGCN,2000,2000-12-31,121594,1197,2,5.038541793823242
LightGCN,2000,2000-12-31,121594,912,3,4.925623893737793
LightGCN,2000,2000-12-31,121594,1213,4,4.898275375366211
LightGCN,2000,2000-12-31,121594,2396,5,4.866328239440918
LightGCN,2000,2000-12-31,121594,1721,6,4.815832614898682
LightGCN,2000,2000-12-31,121594,1193,7,4.807112693786621
LightGCN,2000,2000-12-31,121594,1704,8,4.798310279846191
LightGCN,2000,2000-12-31,121594,1136,9,4.754798412322998
LightGCN,2000,2000-12-31,121594,1265,10,4.724692344665527
LightGCN,2000,2000-12-31,121741,260,1,6.532012462615967
LightGCN,2000,2000-12-31,121741,457,2,6.302989959716797
LightGCN,2000,2000-12-31,121741,527,3,6.0011796951293945
LightGCN,2000,2000-12-31,121741,32,4,5.860013008117676
LightGCN,2000,2000-12-31,121741,150,5,5.846199035644531
LightGCN,2000,2000-12-31,121741,480,6,5.80619478225708
LightGCN,2000,2000-12-31,121741,1196,7,5.7881317138671875
LightGCN,2000,2000-12-31,121741,1,8,5.777933120727539
LightGCN,2000,2000-12-31,121741,589,9,5.754770278930664
LightGCN,2000,2000-12-31,121741,110,10,5.7201247215271
LightGCN,2000,2000-12-31,122153,1196,1,6.869977951049805
LightGCN,2000,2000-12-31,122153,1198,2,6.34625244140625
LightGCN,2000,2000-12-31,122153,912,3,5.953107833862305
LightGCN,2000,2000-12-31,122153,1197,4,5.923050403594971
LightGCN,2000,2000-12-31,122153,1270,5,5.915273666381836
LightGCN,2000,2000-12-31,122153,1240,6,5.823012351989746
LightGCN,2000,2000-12-31,122153,541,7,5.7600297927856445
LightGCN,2000,2000-12-31,122153,2571,8,5.759929656982422
LightGCN,2000,2000-12-31,122153,2858,9,5.724246501922607
LightGCN,2000,2000-12-31,122153,1225,10,5.651490211486816
LightGCN,2000,2000-12-31,122507,260,1,4.839155197143555
LightGCN,2000,2000-12-31,122507,296,2,4.7464728355407715
LightGCN,2000,2000-12-31,122507,593,3,4.7294464111328125
LightGCN,2000,2000-12-31,122507,457,4,4.664768218994141
LightGCN,2000,2000-12-31,122507,32,5,4.594156265258789
LightGCN,2000,2000-12-31,122507,1,6,4.572843551635742
LightGCN,2000,2000-12-31,122507,356,7,4.5154900550842285
LightGCN,2000,2000-12-31,122507,150,8,4.426151752471924
LightGCN,2000,2000-12-31,122507,780,9,4.411749839782715
LightGCN,2000,2000-12-31,122507,318,10,4.3760480880737305
LightGCN,2000,2000-12-31,122558,356,1,5.767155647277832
LightGCN,2000,2000-12-31,122558,608,2,5.622502326965332
LightGCN,2000,2000-12-31,122558,260,3,5.612875938415527
LightGCN,2000,2000-12-31,122558,318,4,5.601809501647949
LightGCN,2000,2000-12-31,122558,32,5,5.430070877075195
LightGCN,2000,2000-12-31,122558,1,6,5.308765411376953
LightGCN,2000,2000-12-31,122558,1210,7,5.0875325202941895
LightGCN,2000,2000-12-31,122558,50,8,4.99176549911499
LightGCN,2000,2000-12-31,122558,588,9,4.9598588943481445
LightGCN,2000,2000-12-31,122558,349,10,4.852209091186523
LightGCN,2000,2000-12-31,123226,356,1,7.770011901855469
LightGCN,2000,2000-12-31,123226,150,2,7.618596076965332
LightGCN,2000,2000-12-31,123226,318,3,7.565340042114258
LightGCN,2000,2000-12-31,123226,590,4,7.438897132873535
LightGCN,2000,2000-12-31,123226,527,5,7.257308483123779
LightGCN,2000,2000-12-31,123226,110,6,7.221549987792969
LightGCN,2000,2000-12-31,123226,588,7,6.6772141456604
LightGCN,2000,2000-12-31,123226,349,8,6.513807773590088
LightGCN,2000,2000-12-31,123226,780,9,6.443455696105957
LightGCN,2000,2000-12-31,123226,595,10,6.2688703536987305
LightGCN,2000,2000-12-31,123245,1617,1,4.358939170837402
LightGCN,2000,2000-12-31,123245,2028,2,4.220283508300781
LightGCN,2000,2000-12-31,123245,1213,3,4.190900802612305
LightGCN,2000,2000-12-31,123245,1193,4,4.116506576538086
LightGCN,2000,2000-12-31,123245,1136,5,4.083595275878906
LightGCN,2000,2000-12-31,123245,1704,6,4.072837829589844
LightGCN,2000,2000-12-31,123245,1225,7,4.033313274383545
LightGCN,2000,2000-12-31,123245,1784,8,4.008947849273682
LightGCN,2000,2000-12-31,123245,1208,9,3.865752935409546
LightGCN,2000,2000-12-31,123245,1259,10,3.832942008972168
LightGCN,2000,2000-12-31,123259,541,1,5.753926753997803
LightGCN,2000,2000-12-31,123259,1213,2,5.655233860015869
LightGCN,2000,2000-12-31,123259,924,3,5.558136940002441
LightGCN,2000,2000-12-31,123259,1214,4,5.48402214050293
LightGCN,2000,2000-12-31,123259,1721,5,5.394925117492676
LightGCN,2000,2000-12-31,123259,480,6,5.327872276306152
LightGCN,2000,2000-12-31,123259,1208,7,5.217700481414795
LightGCN,2000,2000-12-31,123259,2571,8,5.2093505859375
LightGCN,2000,2000-12-31,123259,1247,9,5.194907188415527
LightGCN,2000,2000-12-31,123259,750,10,5.1780242919921875
LightGCN,2000,2000-12-31,123812,1617,1,6.26877498626709
LightGCN,2000,2000-12-31,123812,2028,2,6.066805839538574
LightGCN,2000,2000-12-31,123812,1197,3,6.030315399169922
LightGCN,2000,2000-12-31,123812,1270,4,6.020284652709961
LightGCN,2000,2000-12-31,123812,2396,5,5.997818946838379
LightGCN,2000,2000-12-31,123812,1213,6,5.93967342376709
LightGCN,2000,2000-12-31,123812,1221,7,5.904231071472168
LightGCN,2000,2000-12-31,123812,1704,8,5.805961608886719
LightGCN,2000,2000-12-31,123812,1721,9,5.751802444458008
LightGCN,2000,2000-12-31,123812,1225,10,5.718177795410156
LightGCN,2000,2000-12-31,124670,296,1,3.8776116371154785
LightGCN,2000,2000-12-31,124670,593,2,3.8682868480682373
LightGCN,2000,2000-12-31,124670,457,3,3.718971014022827
LightGCN,2000,2000-12-31,124670,1210,4,3.4432883262634277
LightGCN,2000,2000-12-31,124670,480,5,3.4321184158325195
LightGCN,2000,2000-12-31,124670,589,6,3.3918328285217285
LightGCN,2000,2000-12-31,124670,110,7,3.3758583068847656
LightGCN,2000,2000-12-31,124670,32,8,3.3690977096557617
LightGCN,2000,2000-12-31,124670,590,9,3.3389506340026855
LightGCN,2000,2000-12-31,124670,858,10,3.305391788482666
LightGCN,2000,2000-12-31,124706,527,1,6.057424545288086
LightGCN,2000,2000-12-31,124706,110,2,5.531703948974609
LightGCN,2000,2000-12-31,124706,480,3,5.517636299133301
LightGCN,2000,2000-12-31,124706,50,4,5.486598968505859
LightGCN,2000,2000-12-31,124706,912,5,5.445188999176025
LightGCN,2000,2000-12-31,124706,1213,6,5.431736946105957
LightGCN,2000,2000-12-31,124706,150,7,5.391055107116699
LightGCN,2000,2000-12-31,124706,1136,8,5.360558986663818
LightGCN,2000,2000-12-31,124706,919,9,5.2801690101623535
LightGCN,2000,2000-12-31,124706,1291,10,5.2751288414001465
LightGCN,2000,2000-12-31,125023,1221,1,6.423933506011963
LightGCN,2000,2000-12-31,125023,2396,2,6.362427711486816
LightGCN,2000,2000-12-31,125023,1394,3,5.875810146331787
LightGCN,2000,2000-12-31,125023,1230,4,5.838613033294678
LightGCN,2000,2000-12-31,125023,1641,5,5.783172130584717
LightGCN,2000,2000-12-31,125023,1278,6,5.574596881866455
LightGCN,2000,2000-12-31,125023,1199,7,5.518479347229004
LightGCN,2000,2000-12-31,125023,111,8,5.499710559844971
LightGCN,2000,2000-12-31,125023,1358,9,5.49461555480957
LightGCN,2000,2000-12-31,125023,953,10,5.417271614074707
LightGCN,2000,2000-12-31,125461,593,1,5.141191482543945
LightGCN,2000,2000-12-31,125461,608,2,4.96425724029541
LightGCN,2000,2000-12-31,125461,457,3,4.9424285888671875
LightGCN,2000,2000-12-31,125461,260,4,4.910251617431641
LightGCN,2000,2000-12-31,125461,480,5,4.5508551597595215
LightGCN,2000,2000-12-31,125461,1210,6,4.515844345092773
LightGCN,2000,2000-12-31,125461,1196,7,4.471957206726074
LightGCN,2000,2000-12-31,125461,590,8,4.446730613708496
LightGCN,2000,2000-12-31,125461,858,9,4.380481719970703
LightGCN,2000,2000-12-31,125461,1198,10,4.196301460266113
LightGCN,2000,2000-12-31,125760,260,1,4.847113609313965
LightGCN,2000,2000-12-31,125760,1196,2,4.76298713684082
LightGCN,2000,2000-12-31,125760,457,3,4.601848602294922
LightGCN,2000,2000-12-31,125760,1210,4,4.529975414276123
LightGCN,2000,2000-12-31,125760,858,5,4.514605522155762
LightGCN,2000,2000-12-31,125760,356,6,4.4830780029296875
LightGCN,2000,2000-12-31,125760,1198,7,4.447612285614014
LightGCN,2000,2000-12-31,125760,589,8,4.248448371887207
LightGCN,2000,2000-12-31,125760,480,9,4.209787368774414
LightGCN,2000,2000-12-31,125760,50,10,4.172931671142578
LightGCN,2000,2000-12-31,125792,1197,1,6.421999931335449
LightGCN,2000,2000-12-31,125792,2571,2,6.265190124511719
LightGCN,2000,2000-12-31,125792,2858,3,6.240139007568359
LightGCN,2000,2000-12-31,125792,541,4,6.2382917404174805
LightGCN,2000,2000-12-31,125792,919,5,6.125036716461182
LightGCN,2000,2000-12-31,125792,1136,6,6.118445873260498
LightGCN,2000,2000-12-31,125792,1214,7,6.022256851196289
LightGCN,2000,2000-12-31,125792,1200,8,5.973292350769043
LightGCN,2000,2000-12-31,125792,2762,9,5.956775665283203
LightGCN,2000,2000-12-31,125792,1923,10,5.820219993591309
LightGCN,2000,2000-12-31,126055,1196,1,5.054032802581787
LightGCN,2000,2000-12-31,126055,1198,2,4.679764747619629
LightGCN,2000,2000-12-31,126055,1617,3,4.520052909851074
LightGCN,2000,2000-12-31,126055,260,4,4.482548236846924
LightGCN,2000,2000-12-31,126055,858,5,4.475112438201904
LightGCN,2000,2000-12-31,126055,1270,6,4.372765064239502
LightGCN,2000,2000-12-31,126055,1197,7,4.36468505859375
LightGCN,2000,2000-12-31,126055,1210,8,4.344048500061035
LightGCN,2000,2000-12-31,126055,912,9,4.320095062255859
LightGCN,2000,2000-12-31,126055,1240,10,4.30283260345459
LightGCN,2000,2000-12-31,126183,593,1,5.899412155151367
LightGCN,2000,2000-12-31,126183,296,2,5.898133754730225
LightGCN,2000,2000-12-31,126183,608,3,5.700534820556641
LightGCN,2000,2000-12-31,126183,457,4,5.591089248657227
LightGCN,2000,2000-12-31,126183,318,5,5.405656814575195
LightGCN,2000,2000-12-31,126183,858,6,5.18900203704834
LightGCN,2000,2000-12-31,126183,480,7,5.148321628570557
LightGCN,2000,2000-12-31,126183,110,8,5.10904598236084
LightGCN,2000,2000-12-31,126183,50,9,4.973042011260986
LightGCN,2000,2000-12-31,126183,590,10,4.932955741882324
LightGCN,2000,2000-12-31,126604,1198,1,6.07828950881958
LightGCN,2000,2000-12-31,126604,2858,2,5.903147220611572
LightGCN,2000,2000-12-31,126604,1704,3,5.706961631774902
LightGCN,2000,2000-12-31,126604,2762,4,5.619387626647949
LightGCN,2000,2000-12-31,126604,1193,5,5.577543258666992
LightGCN,2000,2000-12-31,126604,1240,6,5.573790550231934
LightGCN,2000,2000-12-31,126604,924,7,5.55009126663208
LightGCN,2000,2000-12-31,126604,1721,8,5.544200420379639
LightGCN,2000,2000-12-31,126604,541,9,5.486257076263428
LightGCN,2000,2000-12-31,126604,1225,10,5.4798173904418945
LightGCN,2000,2000-12-31,126839,1240,1,6.205805778503418
LightGCN,2000,2000-12-31,126839,2571,2,6.138183116912842
LightGCN,2000,2000-12-31,126839,541,3,6.135323524475098
LightGCN,2000,2000-12-31,126839,1721,4,6.043027877807617
LightGCN,2000,2000-12-31,126839,1200,5,5.872246265411377
LightGCN,2000,2000-12-31,126839,2762,6,5.836113929748535
LightGCN,2000,2000-12-31,126839,1247,7,5.832404136657715
LightGCN,2000,2000-12-31,126839,750,8,5.778106689453125
LightGCN,2000,2000-12-31,126839,923,9,5.77724552154541
LightGCN,2000,2000-12-31,126839,1923,10,5.707792282104492
LightGCN,2000,2000-12-31,127325,1196,1,5.321531295776367
LightGCN,2000,2000-12-31,127325,2028,2,4.880840301513672
LightGCN,2000,2000-12-31,127325,912,3,4.7015838623046875
LightGCN,2000,2000-12-31,127325,1213,4,4.633749008178711
LightGCN,2000,2000-12-31,127325,1197,5,4.583396911621094
LightGCN,2000,2000-12-31,127325,2762,6,4.554797172546387
LightGCN,2000,2000-12-31,127325,1784,7,4.5197367668151855
LightGCN,2000,2000-12-31,127325,1193,8,4.518998622894287
LightGCN,2000,2000-12-31,127325,1721,9,4.488806247711182
LightGCN,2000,2000-12-31,127325,924,10,4.488238334655762
LightGCN,2000,2000-12-31,127454,608,1,5.676206588745117
LightGCN,2000,2000-12-31,127454,593,2,5.621545791625977
LightGCN,2000,2000-12-31,127454,296,3,5.6031694412231445
LightGCN,2000,2000-12-31,127454,356,4,5.192911148071289
LightGCN,2000,2000-12-31,127454,527,5,5.181518077850342
LightGCN,2000,2000-12-31,127454,858,6,5.141232013702393
LightGCN,2000,2000-12-31,127454,318,7,5.131740570068359
LightGCN,2000,2000-12-31,127454,32,8,4.94614315032959
LightGCN,2000,2000-12-31,127454,1,9,4.901205062866211
LightGCN,2000,2000-12-31,127454,150,10,4.883882522583008
LightGCN,2000,2000-12-31,127549,260,1,3.8464455604553223
LightGCN,2000,2000-12-31,127549,1196,2,3.7324962615966797
LightGCN,2000,2000-12-31,127549,1210,3,3.596604108810425
LightGCN,2000,2000-12-31,127549,858,4,3.57912540435791
LightGCN,2000,2000-12-31,127549,457,5,3.5034193992614746
LightGCN,2000,2000-12-31,127549,1198,6,3.496636152267456
LightGCN,2000,2000-12-31,127549,318,7,3.4269447326660156
LightGCN,2000,2000-12-31,127549,356,8,3.4143710136413574
LightGCN,2000,2000-12-31,127549,1270,9,3.2656807899475098
LightGCN,2000,2000-12-31,127549,589,10,3.247288942337036
LightGCN,2000,2000-12-31,127875,260,1,5.5044355392456055
LightGCN,2000,2000-12-31,127875,608,2,5.491887092590332
LightGCN,2000,2000-12-31,127875,593,3,5.303499221801758
LightGCN,2000,2000-12-31,127875,296,4,5.2670698165893555
LightGCN,2000,2000-12-31,127875,1210,5,5.227245807647705
LightGCN,2000,2000-12-31,127875,858,6,5.195763111114502
LightGCN,2000,2000-12-31,127875,457,7,4.884818077087402
LightGCN,2000,2000-12-31,127875,1240,8,4.803957939147949
LightGCN,2000,2000-12-31,127875,318,9,4.800284385681152
LightGCN,2000,2000-12-31,127875,541,10,4.7751922607421875
LightGCN,2000,2000-12-31,128304,296,1,3.1164495944976807
LightGCN,2000,2000-12-31,128304,593,2,3.0968217849731445
LightGCN,2000,2000-12-31,128304,457,3,2.989006519317627
LightGCN,2000,2000-12-31,128304,356,4,2.8946359157562256
LightGCN,2000,2000-12-31,128304,608,5,2.889758586883545
LightGCN,2000,2000-12-31,128304,318,6,2.8580493927001953
LightGCN,2000,2000-12-31,128304,260,7,2.830512046813965
LightGCN,2000,2000-12-31,128304,527,8,2.810109853744507
LightGCN,2000,2000-12-31,128304,150,9,2.787364959716797
LightGCN,2000,2000-12-31,128304,480,10,2.745091199874878
LightGCN,2000,2000-12-31,128553,260,1,6.800034523010254
LightGCN,2000,2000-12-31,128553,858,2,6.255496978759766
LightGCN,2000,2000-12-31,128553,527,3,6.158563613891602
LightGCN,2000,2000-12-31,128553,541,4,5.649094581604004
LightGCN,2000,2000-12-31,128553,50,5,5.585103988647461
LightGCN,2000,2000-12-31,128553,912,6,5.45645809173584
LightGCN,2000,2000-12-31,128553,1213,7,5.452110767364502
LightGCN,2000,2000-12-31,128553,1265,8,5.443953514099121
LightGCN,2000,2000-12-31,128553,1136,9,5.399345397949219
LightGCN,2000,2000-12-31,128553,1193,10,5.370224475860596
LightGCN,2000,2000-12-31,128958,150,1,4.134737014770508
LightGCN,2000,2000-12-31,128958,590,2,4.072763919830322
LightGCN,2000,2000-12-31,128958,356,3,4.071201324462891
LightGCN,2000,2000-12-31,128958,480,4,3.920260190963745
LightGCN,2000,2000-12-31,128958,318,5,3.9201302528381348
LightGCN,2000,2000-12-31,128958,592,6,3.900261402130127
LightGCN,2000,2000-12-31,128958,110,7,3.7453036308288574
LightGCN,2000,2000-12-31,128958,380,8,3.716846466064453
LightGCN,2000,2000-12-31,128958,32,9,3.6977615356445312
LightGCN,2000,2000-12-31,128958,588,10,3.633413791656494
LightGCN,2000,2000-12-31,129009,1196,1,3.7954020500183105
LightGCN,2000,2000-12-31,129009,296,2,3.663337230682373
LightGCN,2000,2000-12-31,129009,608,3,3.6011390686035156
LightGCN,2000,2000-12-31,129009,260,4,3.5327491760253906
LightGCN,2000,2000-12-31,129009,1198,5,3.519167900085449
LightGCN,2000,2000-12-31,129009,527,6,3.4711852073669434
LightGCN,2000,2000-12-31,129009,858,7,3.413541793823242
LightGCN,2000,2000-12-31,129009,457,8,3.3733901977539062
LightGCN,2000,2000-12-31,129009,1617,9,3.3317551612854004
LightGCN,2000,2000-12-31,129009,1270,10,3.2960562705993652
LightGCN,2000,2000-12-31,129525,858,1,5.843218803405762
LightGCN,2000,2000-12-31,129525,457,2,5.6009626388549805
LightGCN,2000,2000-12-31,129525,1240,3,5.314267635345459
LightGCN,2000,2000-12-31,129525,541,4,5.296348571777344
LightGCN,2000,2000-12-31,129525,1617,5,5.25115966796875
LightGCN,2000,2000-12-31,129525,1097,6,5.236288070678711
LightGCN,2000,2000-12-31,129525,1213,7,5.160556316375732
LightGCN,2000,2000-12-31,129525,50,8,5.1429572105407715
LightGCN,2000,2000-12-31,129525,1,9,5.113018989562988
LightGCN,2000,2000-12-31,129525,1136,10,5.0766282081604
LightGCN,2000,2000-12-31,130211,1198,1,5.493581295013428
LightGCN,2000,2000-12-31,130211,1197,2,5.114104270935059
LightGCN,2000,2000-12-31,130211,296,3,5.104919910430908
LightGCN,2000,2000-12-31,130211,2396,4,4.8891191482543945
LightGCN,2000,2000-12-31,130211,1721,5,4.81280517578125
LightGCN,2000,2000-12-31,130211,919,6,4.812776565551758
LightGCN,2000,2000-12-31,130211,1265,7,4.810279846191406
LightGCN,2000,2000-12-31,130211,1225,8,4.805197715759277
LightGCN,2000,2000-12-31,130211,1784,9,4.737560272216797
LightGCN,2000,2000-12-31,130211,1307,10,4.712223052978516
LightGCN,2000,2000-12-31,130244,1196,1,6.3612775802612305
LightGCN,2000,2000-12-31,130244,2396,2,5.989325046539307
LightGCN,2000,2000-12-31,130244,2571,3,5.680842399597168
LightGCN,2000,2000-12-31,130244,912,4,5.6489152908325195
LightGCN,2000,2000-12-31,130244,1704,5,5.563401222229004
LightGCN,2000,2000-12-31,130244,1213,6,5.5345330238342285
LightGCN,2000,2000-12-31,130244,1193,7,5.417702674865723
LightGCN,2000,2000-12-31,130244,1270,8,5.404788970947266
LightGCN,2000,2000-12-31,130244,1240,9,5.34907865524292
LightGCN,2000,2000-12-31,130244,750,10,5.119599342346191
LightGCN,2000,2000-12-31,131481,296,1,7.363910675048828
LightGCN,2000,2000-12-31,131481,457,2,7.0487380027771
LightGCN,2000,2000-12-31,131481,356,3,6.846600532531738
LightGCN,2000,2000-12-31,131481,527,4,6.735949516296387
LightGCN,2000,2000-12-31,131481,1210,5,6.704377174377441
LightGCN,2000,2000-12-31,131481,1196,6,6.575348377227783
LightGCN,2000,2000-12-31,131481,150,7,6.528295516967773
LightGCN,2000,2000-12-31,131481,32,8,6.5168914794921875
LightGCN,2000,2000-12-31,131481,480,9,6.492123126983643
LightGCN,2000,2000-12-31,131481,589,10,6.44774055480957
LightGCN,2000,2000-12-31,131500,296,1,5.734046936035156
LightGCN,2000,2000-12-31,131500,608,2,5.418703079223633
LightGCN,2000,2000-12-31,131500,260,3,5.407641410827637
LightGCN,2000,2000-12-31,131500,318,4,5.292169570922852
LightGCN,2000,2000-12-31,131500,150,5,5.272037029266357
LightGCN,2000,2000-12-31,131500,480,6,5.193990707397461
LightGCN,2000,2000-12-31,131500,590,7,5.1321210861206055
LightGCN,2000,2000-12-31,131500,527,8,5.1264567375183105
LightGCN,2000,2000-12-31,131500,32,9,5.120423316955566
LightGCN,2000,2000-12-31,131500,110,10,5.047765254974365
LightGCN,2000,2000-12-31,131617,1617,1,6.177295684814453
LightGCN,2000,2000-12-31,131617,2858,2,6.142890930175781
LightGCN,2000,2000-12-31,131617,2028,3,6.050397872924805
LightGCN,2000,2000-12-31,131617,2571,4,5.836215972900391
LightGCN,2000,2000-12-31,131617,2762,5,5.799671649932861
LightGCN,2000,2000-12-31,131617,1198,6,5.723256587982178
LightGCN,2000,2000-12-31,131617,912,7,5.630799293518066
LightGCN,2000,2000-12-31,131617,1704,8,5.627953052520752
LightGCN,2000,2000-12-31,131617,1721,9,5.376001358032227
LightGCN,2000,2000-12-31,131617,919,10,5.201342582702637
LightGCN,2000,2000-12-31,132634,1240,1,5.672107219696045
LightGCN,2000,2000-12-31,132634,541,2,5.587870121002197
LightGCN,2000,2000-12-31,132634,1213,3,5.532598495483398
LightGCN,2000,2000-12-31,132634,1193,4,5.424570083618164
LightGCN,2000,2000-12-31,132634,924,5,5.415825843811035
LightGCN,2000,2000-12-31,132634,1214,6,5.389225006103516
LightGCN,2000,2000-12-31,132634,1704,7,5.3717827796936035
LightGCN,2000,2000-12-31,132634,1200,8,5.360524654388428
LightGCN,2000,2000-12-31,132634,750,9,5.048195838928223
LightGCN,2000,2000-12-31,132634,1036,10,5.009786605834961
LightGCN,2000,2000-12-31,133077,260,1,4.122520446777344
LightGCN,2000,2000-12-31,133077,608,2,3.9689741134643555
LightGCN,2000,2000-12-31,133077,593,3,3.8252875804901123
LightGCN,2000,2000-12-31,133077,296,4,3.808114528656006
LightGCN,2000,2000-12-31,133077,1210,5,3.7320680618286133
LightGCN,2000,2000-12-31,133077,150,6,3.5730905532836914
LightGCN,2000,2000-12-31,133077,648,7,3.549612522125244
LightGCN,2000,2000-12-31,133077,318,8,3.53831148147583
LightGCN,2000,2000-12-31,133077,590,9,3.472400188446045
LightGCN,2000,2000-12-31,133077,110,10,3.435619354248047
LightGCN,2000,2000-12-31,133238,1196,1,4.901661396026611
LightGCN,2000,2000-12-31,133238,2396,2,4.5616583824157715
LightGCN,2000,2000-12-31,133238,2028,3,4.544060707092285
LightGCN,2000,2000-12-31,133238,912,4,4.292151927947998
LightGCN,2000,2000-12-31,133238,1704,5,4.285181045532227
LightGCN,2000,2000-12-31,133238,2762,6,4.242980003356934
LightGCN,2000,2000-12-31,133238,1213,7,4.240893363952637
LightGCN,2000,2000-12-31,133238,1221,8,4.229470252990723
LightGCN,2000,2000-12-31,133238,1197,9,4.219337463378906
LightGCN,2000,2000-12-31,133238,1270,10,4.182805061340332
LightGCN,2000,2000-12-31,133469,457,1,7.2975263595581055
LightGCN,2000,2000-12-31,133469,260,2,7.052740097045898
LightGCN,2000,2000-12-31,133469,1,3,6.476527214050293
LightGCN,2000,2000-12-31,133469,592,4,6.309391021728516
LightGCN,2000,2000-12-31,133469,50,5,6.230091094970703
LightGCN,2000,2000-12-31,133469,858,6,6.1101531982421875
LightGCN,2000,2000-12-31,133469,1196,7,6.08798885345459
LightGCN,2000,2000-12-31,133469,588,8,5.986611366271973
LightGCN,2000,2000-12-31,133469,377,9,5.844536304473877
LightGCN,2000,2000-12-31,133469,349,10,5.814918518066406
LightGCN,2000,2000-12-31,133537,858,1,6.099241256713867
LightGCN,2000,2000-12-31,133537,527,2,5.709671974182129
LightGCN,2000,2000-12-31,133537,1240,3,5.698540687561035
LightGCN,2000,2000-12-31,133537,912,4,5.540789604187012
LightGCN,2000,2000-12-31,133537,1213,5,5.521454811096191
LightGCN,2000,2000-12-31,133537,1221,6,5.445077896118164
LightGCN,2000,2000-12-31,133537,1193,7,5.42324161529541
LightGCN,2000,2000-12-31,133537,924,8,5.421360969543457
LightGCN,2000,2000-12-31,133537,1136,9,5.416488170623779
LightGCN,2000,2000-12-31,133537,1225,10,5.317973613739014
LightGCN,2000,2000-12-31,134639,2396,1,5.400809288024902
LightGCN,2000,2000-12-31,134639,1213,2,5.277790546417236
LightGCN,2000,2000-12-31,134639,1704,3,5.205411911010742
LightGCN,2000,2000-12-31,134639,2858,4,5.133812427520752
LightGCN,2000,2000-12-31,134639,1721,5,5.133687496185303
LightGCN,2000,2000-12-31,134639,1784,6,5.099539279937744
LightGCN,2000,2000-12-31,134639,919,7,5.0452470779418945
LightGCN,2000,2000-12-31,134639,1265,8,4.935294151306152
LightGCN,2000,2000-12-31,134639,1230,9,4.8658833503723145
LightGCN,2000,2000-12-31,134639,750,10,4.848838806152344
LightGCN,2000,2000-12-31,135174,260,1,5.78201961517334
LightGCN,2000,2000-12-31,135174,593,2,5.6012725830078125
LightGCN,2000,2000-12-31,135174,1196,3,5.238796234130859
LightGCN,2000,2000-12-31,135174,858,4,5.18321418762207
LightGCN,2000,2000-12-31,135174,527,5,5.175811767578125
LightGCN,2000,2000-12-31,135174,356,6,5.168295860290527
LightGCN,2000,2000-12-31,135174,318,7,5.12141227722168
LightGCN,2000,2000-12-31,135174,1,8,4.983438014984131
LightGCN,2000,2000-12-31,135174,1198,9,4.917970657348633
LightGCN,2000,2000-12-31,135174,589,10,4.891131401062012
LightGCN,2000,2000-12-31,135240,1196,1,6.165386199951172
LightGCN,2000,2000-12-31,135240,1198,2,5.719315528869629
LightGCN,2000,2000-12-31,135240,260,3,5.621217727661133
LightGCN,2000,2000-12-31,135240,858,4,5.551393985748291
LightGCN,2000,2000-12-31,135240,593,5,5.462385177612305
LightGCN,2000,2000-12-31,135240,1617,6,5.42644739151001
LightGCN,2000,2000-12-31,135240,1210,7,5.3943305015563965
LightGCN,2000,2000-12-31,135240,912,8,5.284035682678223
LightGCN,2000,2000-12-31,135240,527,9,5.262176513671875
LightGCN,2000,2000-12-31,135240,1213,10,5.2310709953308105
LightGCN,2000,2000-12-31,135992,260,1,6.714054107666016
LightGCN,2000,2000-12-31,135992,457,2,6.124455451965332
LightGCN,2000,2000-12-31,135992,318,3,5.9959025382995605
LightGCN,2000,2000-12-31,135992,1270,4,5.890682220458984
LightGCN,2000,2000-12-31,135992,1197,5,5.838770866394043
LightGCN,2000,2000-12-31,135992,1097,6,5.698841094970703
LightGCN,2000,2000-12-31,135992,480,7,5.6232123374938965
LightGCN,2000,2000-12-31,135992,1213,8,5.616413116455078
LightGCN,2000,2000-12-31,135992,1136,9,5.537420749664307
LightGCN,2000,2000-12-31,135992,1193,10,5.532971382141113
LightGCN,2000,2000-12-31,136123,919,1,5.662343978881836
LightGCN,2000,2000-12-31,136123,32,2,5.596341609954834
LightGCN,2000,2000-12-31,136123,2571,3,5.432093620300293
LightGCN,2000,2000-12-31,136123,750,4,5.323220252990723
LightGCN,2000,2000-12-31,136123,1089,5,5.235999584197998
LightGCN,2000,2000-12-31,136123,1584,6,5.221541881561279
LightGCN,2000,2000-12-31,136123,590,7,5.200072288513184
LightGCN,2000,2000-12-31,136123,1230,8,5.144993782043457
LightGCN,2000,2000-12-31,136123,1374,9,5.07699728012085
LightGCN,2000,2000-12-31,136123,2858,10,5.0703020095825195
LightGCN,2000,2000-12-31,136502,1196,1,6.952740669250488
LightGCN,2000,2000-12-31,136502,858,2,6.152264595031738
LightGCN,2000,2000-12-31,136502,608,3,6.031994819641113
LightGCN,2000,2000-12-31,136502,260,4,6.026985168457031
LightGCN,2000,2000-12-31,136502,1197,5,5.996684551239014
LightGCN,2000,2000-12-31,136502,2028,6,5.996162414550781
LightGCN,2000,2000-12-31,136502,1213,7,5.937634468078613
LightGCN,2000,2000-12-31,136502,1221,8,5.897887706756592
LightGCN,2000,2000-12-31,136502,1210,9,5.869604110717773
LightGCN,2000,2000-12-31,136502,1193,10,5.848212242126465
LightGCN,2000,2000-12-31,136607,858,1,4.851708889007568
LightGCN,2000,2000-12-31,136607,593,2,4.728418350219727
LightGCN,2000,2000-12-31,136607,296,3,4.685068607330322
LightGCN,2000,2000-12-31,136607,1270,4,4.5934529304504395
LightGCN,2000,2000-12-31,136607,1197,5,4.571662902832031
LightGCN,2000,2000-12-31,136607,1617,6,4.5642476081848145
LightGCN,2000,2000-12-31,136607,1240,7,4.52315616607666
LightGCN,2000,2000-12-31,136607,541,8,4.485909938812256
LightGCN,2000,2000-12-31,136607,912,9,4.472450256347656
LightGCN,2000,2000-12-31,136607,1213,10,4.4395246505737305
LightGCN,2000,2000-12-31,136879,593,1,5.940353870391846
LightGCN,2000,2000-12-31,136879,296,2,5.876936912536621
LightGCN,2000,2000-12-31,136879,1197,3,5.804339408874512
LightGCN,2000,2000-12-31,136879,541,4,5.691957473754883
LightGCN,2000,2000-12-31,136879,912,5,5.6392107009887695
LightGCN,2000,2000-12-31,136879,1213,6,5.618964195251465
LightGCN,2000,2000-12-31,136879,1221,7,5.54583215713501
LightGCN,2000,2000-12-31,136879,1193,8,5.535840034484863
LightGCN,2000,2000-12-31,136879,924,9,5.522380828857422
LightGCN,2000,2000-12-31,136879,1704,10,5.3848724365234375
LightGCN,2000,2000-12-31,137216,858,1,6.736164093017578
LightGCN,2000,2000-12-31,137216,1097,2,6.045623779296875
LightGCN,2000,2000-12-31,137216,1193,3,5.906209468841553
LightGCN,2000,2000-12-31,137216,1221,4,5.903436660766602
LightGCN,2000,2000-12-31,137216,1214,5,5.861806869506836
LightGCN,2000,2000-12-31,137216,2028,6,5.817876815795898
LightGCN,2000,2000-12-31,137216,2396,7,5.665951728820801
LightGCN,2000,2000-12-31,137216,1183,8,5.540972709655762
LightGCN,2000,2000-12-31,137216,1259,9,5.516607761383057
LightGCN,2000,2000-12-31,137216,1208,10,5.516459941864014
LightGCN,2000,2000-12-31,137383,912,1,5.514024257659912
LightGCN,2000,2000-12-31,137383,1784,2,5.214165210723877
LightGCN,2000,2000-12-31,137383,1307,3,5.162271499633789
LightGCN,2000,2000-12-31,137383,1291,4,5.102222442626953
LightGCN,2000,2000-12-31,137383,2858,5,5.039175987243652
LightGCN,2000,2000-12-31,137383,750,6,5.018132209777832
LightGCN,2000,2000-12-31,137383,923,7,4.982099533081055
LightGCN,2000,2000-12-31,137383,1079,8,4.9542622566223145
LightGCN,2000,2000-12-31,137383,457,9,4.915205001831055
LightGCN,2000,2000-12-31,137383,1304,10,4.907696723937988
LightGCN,2000,2000-12-31,138128,593,1,6.187477111816406
LightGCN,2000,2000-12-31,138128,608,2,6.172635078430176
LightGCN,2000,2000-12-31,138128,858,3,5.694962501525879
LightGCN,2000,2000-12-31,138128,356,4,5.654994487762451
LightGCN,2000,2000-12-31,138128,150,5,5.2530412673950195
LightGCN,2000,2000-12-31,138128,50,6,5.240231513977051
LightGCN,2000,2000-12-31,138128,541,7,5.218355178833008
LightGCN,2000,2000-12-31,138128,1240,8,5.197240829467773
LightGCN,2000,2000-12-31,138128,1097,9,5.153968811035156
LightGCN,2000,2000-12-31,138128,1,10,5.104961395263672
LightGCN,2000,2000-12-31,138443,2858,1,6.158251762390137
LightGCN,2000,2000-12-31,138443,2396,2,6.144542694091797
LightGCN,2000,2000-12-31,138443,1617,3,6.107012748718262
LightGCN,2000,2000-12-31,138443,2762,4,5.776604652404785
LightGCN,2000,2000-12-31,138443,1704,5,5.545688629150391
LightGCN,2000,2000-12-31,138443,1221,6,5.457493782043457
LightGCN,2000,2000-12-31,138443,1213,7,5.408087730407715
LightGCN,2000,2000-12-31,138443,1784,8,5.380819320678711
LightGCN,2000,2000-12-31,138443,1923,9,5.260513782501221
LightGCN,2000,2000-12-31,138443,1721,10,5.245452404022217
LightGCN,2000,2000-12-31,139504,1617,1,5.585463523864746
LightGCN,2000,2000-12-31,139504,2028,2,5.450207710266113
LightGCN,2000,2000-12-31,139504,2396,3,5.4473161697387695
LightGCN,2000,2000-12-31,139504,912,4,5.2566986083984375
LightGCN,2000,2000-12-31,139504,1213,5,5.184421539306641
LightGCN,2000,2000-12-31,139504,1704,6,5.164214611053467
LightGCN,2000,2000-12-31,139504,1240,7,5.132101535797119
LightGCN,2000,2000-12-31,139504,1193,8,5.07097053527832
LightGCN,2000,2000-12-31,139504,1721,9,5.060364246368408
LightGCN,2000,2000-12-31,139504,1784,10,5.055187702178955
LightGCN,2000,2000-12-31,139634,1617,1,5.338529109954834
LightGCN,2000,2000-12-31,139634,858,2,5.261641502380371
LightGCN,2000,2000-12-31,139634,2028,3,5.134343147277832
LightGCN,2000,2000-12-31,139634,912,4,5.133919715881348
LightGCN,2000,2000-12-31,139634,1197,5,5.128983497619629
LightGCN,2000,2000-12-31,139634,1270,6,5.126162052154541
LightGCN,2000,2000-12-31,139634,1240,7,5.051831245422363
LightGCN,2000,2000-12-31,139634,1221,8,5.035636901855469
LightGCN,2000,2000-12-31,139634,1193,9,4.98738431930542
LightGCN,2000,2000-12-31,139634,924,10,4.968255043029785
LightGCN,2000,2000-12-31,139735,593,1,5.607994079589844
LightGCN,2000,2000-12-31,139735,296,2,5.60759162902832
LightGCN,2000,2000-12-31,139735,608,3,5.599769592285156
LightGCN,2000,2000-12-31,139735,356,4,5.220661163330078
LightGCN,2000,2000-12-31,139735,1210,5,5.181429386138916
LightGCN,2000,2000-12-31,139735,318,6,5.144206523895264
LightGCN,2000,2000-12-31,139735,527,7,5.136909484863281
LightGCN,2000,2000-12-31,139735,32,8,4.9861297607421875
LightGCN,2000,2000-12-31,139735,150,9,4.958522796630859
LightGCN,2000,2000-12-31,139735,1,10,4.934388160705566
LightGCN,2000,2000-12-31,139979,457,1,6.210497856140137
LightGCN,2000,2000-12-31,139979,150,2,6.18639612197876
LightGCN,2000,2000-12-31,139979,590,3,6.121331214904785
LightGCN,2000,2000-12-31,139979,296,4,6.044558525085449
LightGCN,2000,2000-12-31,139979,356,5,5.9574689865112305
LightGCN,2000,2000-12-31,139979,593,6,5.9353461265563965
LightGCN,2000,2000-12-31,139979,592,7,5.915266990661621
LightGCN,2000,2000-12-31,139979,480,8,5.814469814300537
LightGCN,2000,2000-12-31,139979,32,9,5.688469886779785
LightGCN,2000,2000-12-31,139979,380,10,5.671481132507324
LightGCN,2000,2000-12-31,139998,2396,1,2.973182439804077
LightGCN,2000,2000-12-31,139998,2762,2,2.904778480529785
LightGCN,2000,2000-12-31,139998,1617,3,2.873220205307007
LightGCN,2000,2000-12-31,139998,2028,4,2.842595100402832
LightGCN,2000,2000-12-31,139998,2571,5,2.7709403038024902
LightGCN,2000,2000-12-31,139998,1704,6,2.5907983779907227
LightGCN,2000,2000-12-31,139998,1196,7,2.5588836669921875
LightGCN,2000,2000-12-31,139998,2716,8,2.4928526878356934
LightGCN,2000,2000-12-31,139998,2599,9,2.4899725914001465
LightGCN,2000,2000-12-31,139998,1923,10,2.4885387420654297
LightGCN,2000,2000-12-31,140394,2762,1,2.6187379360198975
LightGCN,2000,2000-12-31,140394,2396,2,2.5373716354370117
LightGCN,2000,2000-12-31,140394,2028,3,2.351799488067627
LightGCN,2000,2000-12-31,140394,2571,4,2.3210201263427734
LightGCN,2000,2000-12-31,140394,1617,5,2.316617965698242
LightGCN,2000,2000-12-31,140394,2710,6,2.225729465484619
LightGCN,2000,2000-12-31,140394,2599,7,2.219583034515381
LightGCN,2000,2000-12-31,140394,2716,8,2.1335861682891846
LightGCN,2000,2000-12-31,140394,2770,9,2.113107681274414
LightGCN,2000,2000-12-31,140394,2997,10,2.08709454536438
LightGCN,2000,2000-12-31,140506,608,1,6.069498062133789
LightGCN,2000,2000-12-31,140506,541,2,5.656869888305664
LightGCN,2000,2000-12-31,140506,593,3,5.622159004211426
LightGCN,2000,2000-12-31,140506,2396,4,5.591828346252441
LightGCN,2000,2000-12-31,140506,924,5,5.53926420211792
LightGCN,2000,2000-12-31,140506,1704,6,5.502906799316406
LightGCN,2000,2000-12-31,140506,527,7,5.470318794250488
LightGCN,2000,2000-12-31,140506,919,8,5.452380180358887
LightGCN,2000,2000-12-31,140506,1265,9,5.452109336853027
LightGCN,2000,2000-12-31,140506,1225,10,5.439046859741211
LightGCN,2000,2000-12-31,140667,1196,1,3.8669443130493164
LightGCN,2000,2000-12-31,140667,858,2,3.5408787727355957
LightGCN,2000,2000-12-31,140667,1210,3,3.466723918914795
LightGCN,2000,2000-12-31,140667,1270,4,3.3526618480682373
LightGCN,2000,2000-12-31,140667,593,5,3.350922107696533
LightGCN,2000,2000-12-31,140667,1197,6,3.342438220977783
LightGCN,2000,2000-12-31,140667,912,7,3.297605037689209
LightGCN,2000,2000-12-31,140667,1240,8,3.294672966003418
LightGCN,2000,2000-12-31,140667,541,9,3.275766372680664
LightGCN,2000,2000-12-31,140667,1213,10,3.274111032485962
LightGCN,2000,2000-12-31,140736,2858,1,4.92425012588501
LightGCN,2000,2000-12-31,140736,2396,2,4.767648696899414
LightGCN,2000,2000-12-31,140736,1617,3,4.605327606201172
LightGCN,2000,2000-12-31,140736,2762,4,4.587442398071289
LightGCN,2000,2000-12-31,140736,2028,5,4.576716423034668
LightGCN,2000,2000-12-31,140736,1196,6,4.266301155090332
LightGCN,2000,2000-12-31,140736,1704,7,4.144018173217773
LightGCN,2000,2000-12-31,140736,2716,8,4.043363571166992
LightGCN,2000,2000-12-31,140736,912,9,4.0339436531066895
LightGCN,2000,2000-12-31,140736,1784,10,3.9970195293426514
LightGCN,2000,2000-12-31,140762,2396,1,6.077793598175049
LightGCN,2000,2000-12-31,140762,1225,2,5.7854437828063965
LightGCN,2000,2000-12-31,140762,2858,3,5.7283806800842285
LightGCN,2000,2000-12-31,140762,1923,4,5.47391414642334
LightGCN,2000,2000-12-31,140762,1394,5,5.449423789978027
LightGCN,2000,2000-12-31,140762,1641,6,5.442111015319824
LightGCN,2000,2000-12-31,140762,1079,7,5.335020065307617
LightGCN,2000,2000-12-31,140762,969,8,5.078489780426025
LightGCN,2000,2000-12-31,140762,953,9,4.974012851715088
LightGCN,2000,2000-12-31,140762,1080,10,4.955251216888428
LightGCN,2000,2000-12-31,141459,1196,1,7.016526699066162
LightGCN,2000,2000-12-31,141459,1197,2,6.055570602416992
LightGCN,2000,2000-12-31,141459,2396,3,6.0354180335998535
LightGCN,2000,2000-12-31,141459,912,4,6.007963180541992
LightGCN,2000,2000-12-31,141459,1210,5,5.996869087219238
LightGCN,2000,2000-12-31,141459,541,6,5.883667469024658
LightGCN,2000,2000-12-31,141459,2571,7,5.822696208953857
LightGCN,2000,2000-12-31,141459,924,8,5.8134355545043945
LightGCN,2000,2000-12-31,141459,1721,9,5.7864089012146
LightGCN,2000,2000-12-31,141459,2858,10,5.69840145111084
LightGCN,2000,2000-12-31,141638,260,1,7.959433078765869
LightGCN,2000,2000-12-31,141638,296,2,7.619297981262207
LightGCN,2000,2000-12-31,141638,1210,3,7.387658596038818
LightGCN,2000,2000-12-31,141638,1196,4,7.341977119445801
LightGCN,2000,2000-12-31,141638,1,5,6.766220569610596
LightGCN,2000,2000-12-31,141638,1197,6,6.3735270500183105
LightGCN,2000,2000-12-31,141638,541,7,6.369566917419434
LightGCN,2000,2000-12-31,141638,1265,8,6.130285263061523
LightGCN,2000,2000-12-31,141638,1136,9,6.072170734405518
LightGCN,2000,2000-12-31,141638,924,10,6.014426231384277
LightGCN,2000,2000-12-31,141812,457,1,8.611921310424805
LightGCN,2000,2000-12-31,141812,593,2,8.611310958862305
LightGCN,2000,2000-12-31,141812,318,3,8.0162353515625
LightGCN,2000,2000-12-31,141812,1210,4,7.137358665466309
LightGCN,2000,2000-12-31,141812,17,5,6.842899322509766
LightGCN,2000,2000-12-31,141812,733,6,6.758625030517578
LightGCN,2000,2000-12-31,141812,47,7,6.699754238128662
LightGCN,2000,2000-12-31,141812,25,8,6.574161529541016
LightGCN,2000,2000-12-31,141812,300,9,6.5191779136657715
LightGCN,2000,2000-12-31,141812,165,10,6.442381858825684
LightGCN,2000,2000-12-31,141824,260,1,6.010926246643066
LightGCN,2000,2000-12-31,141824,608,2,6.009155750274658
LightGCN,2000,2000-12-31,141824,1198,3,5.940593242645264
LightGCN,2000,2000-12-31,141824,858,4,5.8357930183410645
LightGCN,2000,2000-12-31,141824,1617,5,5.589139461517334
LightGCN,2000,2000-12-31,141824,296,6,5.56008243560791
LightGCN,2000,2000-12-31,141824,1197,7,5.532691955566406
LightGCN,2000,2000-12-31,141824,912,8,5.42604923248291
LightGCN,2000,2000-12-31,141824,541,9,5.416828632354736
LightGCN,2000,2000-12-31,141824,527,10,5.412333965301514
LightGCN,2000,2000-12-31,142573,457,1,6.575273036956787
LightGCN,2000,2000-12-31,142573,296,2,6.508971691131592
LightGCN,2000,2000-12-31,142573,608,3,6.125456809997559
LightGCN,2000,2000-12-31,142573,592,4,5.996364116668701
LightGCN,2000,2000-12-31,142573,589,5,5.855263710021973
LightGCN,2000,2000-12-31,142573,648,6,5.80197811126709
LightGCN,2000,2000-12-31,142573,527,7,5.620328903198242
LightGCN,2000,2000-12-31,142573,349,8,5.565742492675781
LightGCN,2000,2000-12-31,142573,17,9,5.399445533752441
LightGCN,2000,2000-12-31,142573,1073,10,5.321506500244141
LightGCN,2000,2000-12-31,142741,593,1,5.420581817626953
LightGCN,2000,2000-12-31,142741,527,2,5.0859785079956055
LightGCN,2000,2000-12-31,142741,32,3,4.8017683029174805
LightGCN,2000,2000-12-31,142741,1617,4,4.644142150878906
LightGCN,2000,2000-12-31,142741,50,5,4.587549686431885
LightGCN,2000,2000-12-31,142741,912,6,4.5273027420043945
LightGCN,2000,2000-12-31,142741,150,7,4.52121639251709
LightGCN,2000,2000-12-31,142741,1136,8,4.516721725463867
LightGCN,2000,2000-12-31,142741,924,9,4.468547821044922
LightGCN,2000,2000-12-31,142741,1193,10,4.459504127502441
LightGCN,2000,2000-12-31,142745,1198,1,6.663068771362305
LightGCN,2000,2000-12-31,142745,1197,2,6.21987771987915
LightGCN,2000,2000-12-31,142745,1225,3,5.913109302520752
LightGCN,2000,2000-12-31,142745,919,4,5.905855178833008
LightGCN,2000,2000-12-31,142745,1208,5,5.700387954711914
LightGCN,2000,2000-12-31,142745,750,6,5.646231651306152
LightGCN,2000,2000-12-31,142745,923,7,5.630868911743164
LightGCN,2000,2000-12-31,142745,1291,8,5.586451530456543
LightGCN,2000,2000-12-31,142745,1394,9,5.5636138916015625
LightGCN,2000,2000-12-31,142745,1304,10,5.509225368499756
LightGCN,2000,2000-12-31,143619,296,1,7.786166191101074
LightGCN,2000,2000-12-31,143619,356,2,7.551048278808594
LightGCN,2000,2000-12-31,143619,592,3,7.236544609069824
LightGCN,2000,2000-12-31,143619,1,4,6.821000099182129
LightGCN,2000,2000-12-31,143619,588,5,6.754717826843262
LightGCN,2000,2000-12-31,143619,260,6,6.597417831420898
LightGCN,2000,2000-12-31,143619,595,7,6.399548530578613
LightGCN,2000,2000-12-31,143619,50,8,6.270707130432129
LightGCN,2000,2000-12-31,143619,34,9,6.1942949295043945
LightGCN,2000,2000-12-31,143619,47,10,6.1425371170043945
LightGCN,2000,2000-12-31,143673,260,1,6.135806560516357
LightGCN,2000,2000-12-31,143673,1617,2,5.71089506149292
LightGCN,2000,2000-12-31,143673,1240,3,5.571306228637695
LightGCN,2000,2000-12-31,143673,541,4,5.53769063949585
LightGCN,2000,2000-12-31,143673,2028,5,5.500382900238037
LightGCN,2000,2000-12-31,143673,1221,6,5.440873622894287
LightGCN,2000,2000-12-31,143673,1097,7,5.431429862976074
LightGCN,2000,2000-12-31,143673,1193,8,5.404186248779297
LightGCN,2000,2000-12-31,143673,924,9,5.389926910400391
LightGCN,2000,2000-12-31,143673,1136,10,5.355752468109131
LightGCN,2000,2000-12-31,143962,296,1,4.847477912902832
LightGCN,2000,2000-12-31,143962,593,2,4.840498924255371
LightGCN,2000,2000-12-31,143962,457,3,4.66583251953125
LightGCN,2000,2000-12-31,143962,260,4,4.64877986907959
LightGCN,2000,2000-12-31,143962,608,5,4.648003578186035
LightGCN,2000,2000-12-31,143962,356,6,4.534080505371094
LightGCN,2000,2000-12-31,143962,318,7,4.457014083862305
LightGCN,2000,2000-12-31,143962,527,8,4.405466556549072
LightGCN,2000,2000-12-31,143962,480,9,4.331661701202393
LightGCN,2000,2000-12-31,143962,150,10,4.321770191192627
LightGCN,2000,2000-12-31,144222,260,1,4.9232282638549805
LightGCN,2000,2000-12-31,144222,608,2,4.750448226928711
LightGCN,2000,2000-12-31,144222,1210,3,4.611013889312744
LightGCN,2000,2000-12-31,144222,1196,4,4.437357425689697
LightGCN,2000,2000-12-31,144222,858,5,4.435490131378174
LightGCN,2000,2000-12-31,144222,1198,6,4.155903339385986
LightGCN,2000,2000-12-31,144222,593,7,4.033942699432373
LightGCN,2000,2000-12-31,144222,1,8,4.016274452209473
LightGCN,2000,2000-12-31,144222,296,9,3.97212553024292
LightGCN,2000,2000-12-31,144222,32,10,3.891622543334961
LightGCN,2000,2000-12-31,144712,296,1,6.1632843017578125
LightGCN,2000,2000-12-31,144712,356,2,5.772280693054199
LightGCN,2000,2000-12-31,144712,150,3,5.597472190856934
LightGCN,2000,2000-12-31,144712,260,4,5.507195472717285
LightGCN,2000,2000-12-31,144712,480,5,5.5014848709106445
LightGCN,2000,2000-12-31,144712,590,6,5.455145835876465
LightGCN,2000,2000-12-31,144712,110,7,5.376190185546875
LightGCN,2000,2000-12-31,144712,32,8,5.210694313049316
LightGCN,2000,2000-12-31,144712,592,9,5.159144401550293
LightGCN,2000,2000-12-31,144712,1,10,5.037665843963623
LightGCN,2000,2000-12-31,144960,457,1,6.014301776885986
LightGCN,2000,2000-12-31,144960,356,2,5.815948486328125
LightGCN,2000,2000-12-31,144960,260,3,5.700596809387207
LightGCN,2000,2000-12-31,144960,527,4,5.402395248413086
LightGCN,2000,2000-12-31,144960,592,5,5.2981719970703125
LightGCN,2000,2000-12-31,144960,380,6,5.111285209655762
LightGCN,2000,2000-12-31,144960,50,7,5.024469375610352
LightGCN,2000,2000-12-31,144960,588,8,5.008319854736328
LightGCN,2000,2000-12-31,144960,349,9,4.89948844909668
LightGCN,2000,2000-12-31,144960,377,10,4.865504264831543
LightGCN,2000,2000-12-31,145183,1196,1,5.553407669067383
LightGCN,2000,2000-12-31,145183,1198,2,5.141427040100098
LightGCN,2000,2000-12-31,145183,608,3,5.030452251434326
LightGCN,2000,2000-12-31,145183,260,4,5.024362087249756
LightGCN,2000,2000-12-31,145183,1270,5,4.798181533813477
LightGCN,2000,2000-12-31,145183,1197,6,4.794623851776123
LightGCN,2000,2000-12-31,145183,2028,7,4.747069358825684
LightGCN,2000,2000-12-31,145183,912,8,4.742558479309082
LightGCN,2000,2000-12-31,145183,1240,9,4.730716705322266
LightGCN,2000,2000-12-31,145183,1213,10,4.707847595214844
LightGCN,2000,2000-12-31,145213,1196,1,6.715334415435791
LightGCN,2000,2000-12-31,145213,1198,2,6.217518329620361
LightGCN,2000,2000-12-31,145213,858,3,5.92061185836792
LightGCN,2000,2000-12-31,145213,260,4,5.807342529296875
LightGCN,2000,2000-12-31,145213,1270,5,5.789732933044434
LightGCN,2000,2000-12-31,145213,1240,6,5.69852352142334
LightGCN,2000,2000-12-31,145213,1221,7,5.697954177856445
LightGCN,2000,2000-12-31,145213,541,8,5.655252456665039
LightGCN,2000,2000-12-31,145213,1193,9,5.644877910614014
LightGCN,2000,2000-12-31,145213,924,10,5.619787216186523
LightGCN,2000,2000-12-31,146063,858,1,4.104506015777588
LightGCN,2000,2000-12-31,146063,1270,2,3.881765127182007
LightGCN,2000,2000-12-31,146063,541,3,3.7774498462677
LightGCN,2000,2000-12-31,146063,1213,4,3.7008965015411377
LightGCN,2000,2000-12-31,146063,912,5,3.696028232574463
LightGCN,2000,2000-12-31,146063,1721,6,3.6456198692321777
LightGCN,2000,2000-12-31,146063,1221,7,3.6407318115234375
LightGCN,2000,2000-12-31,146063,1214,8,3.6350467205047607
LightGCN,2000,2000-12-31,146063,1136,9,3.6220836639404297
LightGCN,2000,2000-12-31,146063,1200,10,3.622060775756836
LightGCN,2000,2000-12-31,146582,1196,1,2.7421023845672607
LightGCN,2000,2000-12-31,146582,1617,2,2.5645415782928467
LightGCN,2000,2000-12-31,146582,2028,3,2.5371336936950684
LightGCN,2000,2000-12-31,146582,1198,4,2.507765769958496
LightGCN,2000,2000-12-31,146582,2396,5,2.4854421615600586
LightGCN,2000,2000-12-31,146582,1704,6,2.3945722579956055
LightGCN,2000,2000-12-31,146582,2858,7,2.3938753604888916
LightGCN,2000,2000-12-31,146582,1197,8,2.3660130500793457
LightGCN,2000,2000-12-31,146582,1784,9,2.351353168487549
LightGCN,2000,2000-12-31,146582,1270,10,2.3479676246643066
LightGCN,2000,2000-12-31,146876,858,1,5.104986190795898
LightGCN,2000,2000-12-31,146876,296,2,5.000035285949707
LightGCN,2000,2000-12-31,146876,1198,3,4.915143013000488
LightGCN,2000,2000-12-31,146876,527,4,4.7636308670043945
LightGCN,2000,2000-12-31,146876,1270,5,4.6065874099731445
LightGCN,2000,2000-12-31,146876,1197,6,4.5677947998046875
LightGCN,2000,2000-12-31,146876,1240,7,4.533051013946533
LightGCN,2000,2000-12-31,146876,541,8,4.497670650482178
LightGCN,2000,2000-12-31,146876,1265,9,4.356144905090332
LightGCN,2000,2000-12-31,146876,912,10,4.348845958709717
LightGCN,2000,2000-12-31,147400,1198,1,5.362590789794922
LightGCN,2000,2000-12-31,147400,1617,2,5.273861885070801
LightGCN,2000,2000-12-31,147400,858,3,5.093297958374023
LightGCN,2000,2000-12-31,147400,2396,4,5.061229228973389
LightGCN,2000,2000-12-31,147400,912,5,5.022760391235352
LightGCN,2000,2000-12-31,147400,1270,6,4.991299152374268
LightGCN,2000,2000-12-31,147400,1213,7,4.960314750671387
LightGCN,2000,2000-12-31,147400,1221,8,4.932414531707764
LightGCN,2000,2000-12-31,147400,608,9,4.926997184753418
LightGCN,2000,2000-12-31,147400,1704,10,4.884065628051758
LightGCN,2000,2000-12-31,147693,1197,1,5.387621879577637
LightGCN,2000,2000-12-31,147693,2396,2,5.27304744720459
LightGCN,2000,2000-12-31,147693,1136,3,5.0557684898376465
LightGCN,2000,2000-12-31,147693,1225,4,5.0204267501831055
LightGCN,2000,2000-12-31,147693,2858,5,4.94496488571167
LightGCN,2000,2000-12-31,147693,1923,6,4.823003768920898
LightGCN,2000,2000-12-31,147693,1394,7,4.756712913513184
LightGCN,2000,2000-12-31,147693,1230,8,4.708372592926025
LightGCN,2000,2000-12-31,147693,1206,9,4.534523010253906
LightGCN,2000,2000-12-31,147693,1036,10,4.519709587097168
LightGCN,2000,2000-12-31,147726,1704,1,5.682626724243164
LightGCN,2000,2000-12-31,147726,1240,2,5.482287883758545
LightGCN,2000,2000-12-31,147726,1721,3,5.476755619049072
LightGCN,2000,2000-12-31,147726,1225,4,5.448525905609131
LightGCN,2000,2000-12-31,147726,919,5,5.396639823913574
LightGCN,2000,2000-12-31,147726,1136,6,5.345139026641846
LightGCN,2000,2000-12-31,147726,1923,7,5.321704864501953
LightGCN,2000,2000-12-31,147726,1641,8,5.191375255584717
LightGCN,2000,2000-12-31,147726,1200,9,5.180555820465088
LightGCN,2000,2000-12-31,147726,1307,10,5.1726765632629395
LightGCN,2000,2000-12-31,147779,260,1,5.793272018432617
LightGCN,2000,2000-12-31,147779,527,2,5.444611549377441
LightGCN,2000,2000-12-31,147779,356,3,5.273920059204102
LightGCN,2000,2000-12-31,147779,1197,4,5.0456461906433105
LightGCN,2000,2000-12-31,147779,541,5,5.007698059082031
LightGCN,2000,2000-12-31,147779,1240,6,4.995133399963379
LightGCN,2000,2000-12-31,147779,110,7,4.97561502456665
LightGCN,2000,2000-12-31,147779,50,8,4.936220169067383
LightGCN,2000,2000-12-31,147779,912,9,4.892392158508301
LightGCN,2000,2000-12-31,147779,150,10,4.857415676116943
LightGCN,2000,2000-12-31,147839,1198,1,5.555405139923096
LightGCN,2000,2000-12-31,147839,2396,2,5.3497514724731445
LightGCN,2000,2000-12-31,147839,2028,3,5.343906402587891
LightGCN,2000,2000-12-31,147839,1197,4,5.1906208992004395
LightGCN,2000,2000-12-31,147839,2858,5,5.117412567138672
LightGCN,2000,2000-12-31,147839,260,6,5.1141791343688965
LightGCN,2000,2000-12-31,147839,2571,7,5.112458229064941
LightGCN,2000,2000-12-31,147839,1704,8,5.092852592468262
LightGCN,2000,2000-12-31,147839,541,9,5.025823593139648
LightGCN,2000,2000-12-31,147839,1210,10,5.002653121948242
LightGCN,2000,2000-12-31,147899,1198,1,5.532146453857422
LightGCN,2000,2000-12-31,147899,1617,2,5.457377910614014
LightGCN,2000,2000-12-31,147899,2028,3,5.283115863800049
LightGCN,2000,2000-12-31,147899,2396,4,5.268357276916504
LightGCN,2000,2000-12-31,147899,1197,5,5.166494369506836
LightGCN,2000,2000-12-31,147899,1213,6,5.131168365478516
LightGCN,2000,2000-12-31,147899,1221,7,5.102484703063965
LightGCN,2000,2000-12-31,147899,1240,8,5.085713863372803
LightGCN,2000,2000-12-31,147899,608,9,5.033489227294922
LightGCN,2000,2000-12-31,147899,1721,10,4.958036422729492
LightGCN,2000,2000-12-31,148061,2858,1,4.12654447555542
LightGCN,2000,2000-12-31,148061,1196,2,4.0621819496154785
LightGCN,2000,2000-12-31,148061,2028,3,3.988844394683838
LightGCN,2000,2000-12-31,148061,2762,4,3.860445022583008
LightGCN,2000,2000-12-31,148061,2571,5,3.839963912963867
LightGCN,2000,2000-12-31,148061,912,6,3.733717441558838
LightGCN,2000,2000-12-31,148061,1198,7,3.7016983032226562
LightGCN,2000,2000-12-31,148061,1704,8,3.7000255584716797
LightGCN,2000,2000-12-31,148061,1221,9,3.6561946868896484
LightGCN,2000,2000-12-31,148061,1784,10,3.5873398780822754
LightGCN,2000,2000-12-31,148156,2770,1,2.3396034240722656
LightGCN,2000,2000-12-31,148156,2710,2,2.298232078552246
LightGCN,2000,2000-12-31,148156,2829,3,2.201502799987793
LightGCN,2000,2000-12-31,148156,2028,4,2.0411927700042725
LightGCN,2000,2000-12-31,148156,2716,5,1.9876110553741455
LightGCN,2000,2000-12-31,148156,2243,6,1.9625967741012573
LightGCN,2000,2000-12-31,148156,2791,7,1.9467767477035522
LightGCN,2000,2000-12-31,148156,2575,8,1.9401969909667969
LightGCN,2000,2000-12-31,148156,2912,9,1.922992467880249
LightGCN,2000,2000-12-31,148156,1617,10,1.8954815864562988
LightGCN,2000,2000-12-31,148164,1196,1,5.265203952789307
LightGCN,2000,2000-12-31,148164,260,2,5.037234783172607
LightGCN,2000,2000-12-31,148164,1210,3,4.826477527618408
LightGCN,2000,2000-12-31,148164,858,4,4.818296432495117
LightGCN,2000,2000-12-31,148164,1197,5,4.554815292358398
LightGCN,2000,2000-12-31,148164,541,6,4.4447550773620605
LightGCN,2000,2000-12-31,148164,912,7,4.408230781555176
LightGCN,2000,2000-12-31,148164,1221,8,4.335355281829834
LightGCN,2000,2000-12-31,148164,1214,9,4.28812313079834
LightGCN,2000,2000-12-31,148164,919,10,4.249240398406982
LightGCN,2000,2000-12-31,148171,1196,1,6.18379545211792
LightGCN,2000,2000-12-31,148171,260,2,5.764975547790527
LightGCN,2000,2000-12-31,148171,1198,3,5.741305828094482
LightGCN,2000,2000-12-31,148171,858,4,5.610489368438721
LightGCN,2000,2000-12-31,148171,1210,5,5.515976905822754
LightGCN,2000,2000-12-31,148171,1197,6,5.346316337585449
LightGCN,2000,2000-12-31,148171,1240,7,5.276813507080078
LightGCN,2000,2000-12-31,148171,912,8,5.260444641113281
LightGCN,2000,2000-12-31,148171,541,9,5.25382661819458
LightGCN,2000,2000-12-31,148171,1213,10,5.223548889160156
LightGCN,2000,2000-12-31,148282,2396,1,6.77690315246582
LightGCN,2000,2000-12-31,148282,1198,2,6.519902229309082
LightGCN,2000,2000-12-31,148282,1197,3,6.101505279541016
LightGCN,2000,2000-12-31,148282,924,4,6.040909290313721
LightGCN,2000,2000-12-31,148282,1136,5,5.826721668243408
LightGCN,2000,2000-12-31,148282,1641,6,5.706668853759766
LightGCN,2000,2000-12-31,148282,1214,7,5.699249267578125
LightGCN,2000,2000-12-31,148282,1200,8,5.642408847808838
LightGCN,2000,2000-12-31,148282,1394,9,5.638307571411133
LightGCN,2000,2000-12-31,148282,1265,10,5.572094440460205
LightGCN,2000,2000-12-31,148338,1617,1,5.537430763244629
LightGCN,2000,2000-12-31,148338,2028,2,5.3849310874938965
LightGCN,2000,2000-12-31,148338,2858,3,5.219865322113037
LightGCN,2000,2000-12-31,148338,912,4,5.170331954956055
LightGCN,2000,2000-12-31,148338,1704,5,5.0959882736206055
LightGCN,2000,2000-12-31,148338,1270,6,5.022992134094238
LightGCN,2000,2000-12-31,148338,1721,7,4.970686912536621
LightGCN,2000,2000-12-31,148338,924,8,4.956923961639404
LightGCN,2000,2000-12-31,148338,1225,9,4.891726493835449
LightGCN,2000,2000-12-31,148338,919,10,4.842219352722168
LightGCN,2000,2000-12-31,148636,2839,1,2.268148183822632
LightGCN,2000,2000-12-31,148636,2721,2,2.266932487487793
LightGCN,2000,2000-12-31,148636,2891,3,2.1945760250091553
LightGCN,2000,2000-12-31,148636,2883,4,2.1123464107513428
LightGCN,2000,2000-12-31,148636,2828,5,2.1005990505218506
LightGCN,2000,2000-12-31,148636,2885,6,2.0437674522399902
LightGCN,2000,2000-12-31,148636,3007,7,1.9888036251068115
LightGCN,2000,2000-12-31,148636,2912,8,1.9797003269195557
LightGCN,2000,2000-12-31,148636,2725,9,1.9752157926559448
LightGCN,2000,2000-12-31,148636,2711,10,1.959231972694397
LightGCN,2000,2000-12-31,149581,1196,1,5.9915361404418945
LightGCN,2000,2000-12-31,149581,593,2,5.598330497741699
LightGCN,2000,2000-12-31,149581,260,3,5.593191623687744
LightGCN,2000,2000-12-31,149581,858,4,5.422177314758301
LightGCN,2000,2000-12-31,149581,1210,5,5.334847450256348
LightGCN,2000,2000-12-31,149581,527,6,5.322208404541016
LightGCN,2000,2000-12-31,149581,1617,7,5.188299655914307
LightGCN,2000,2000-12-31,149581,1197,8,5.175942420959473
LightGCN,2000,2000-12-31,149581,457,9,5.110237121582031
LightGCN,2000,2000-12-31,149581,541,10,5.105008125305176
LightGCN,2000,2000-12-31,150223,1617,1,6.473199367523193
LightGCN,2000,2000-12-31,150223,2571,2,6.013099670410156
LightGCN,2000,2000-12-31,150223,924,3,5.8393707275390625
LightGCN,2000,2000-12-31,150223,2762,4,5.788866996765137
LightGCN,2000,2000-12-31,150223,541,5,5.751047134399414
LightGCN,2000,2000-12-31,150223,1214,6,5.59458589553833
LightGCN,2000,2000-12-31,150223,1208,7,5.5840559005737305
LightGCN,2000,2000-12-31,150223,750,8,5.521697044372559
LightGCN,2000,2000-12-31,150223,1265,9,5.52132511138916
LightGCN,2000,2000-12-31,150223,1641,10,5.469726085662842
LightGCN,2000,2000-12-31,150750,1196,1,4.394107818603516
LightGCN,2000,2000-12-31,150750,1198,2,4.066533088684082
LightGCN,2000,2000-12-31,150750,608,3,3.920628547668457
LightGCN,2000,2000-12-31,150750,260,4,3.9200189113616943
LightGCN,2000,2000-12-31,150750,1617,5,3.917694568634033
LightGCN,2000,2000-12-31,150750,858,6,3.9133691787719727
LightGCN,2000,2000-12-31,150750,1270,7,3.794646739959717
LightGCN,2000,2000-12-31,150750,1197,8,3.7938718795776367
LightGCN,2000,2000-12-31,150750,2396,9,3.7454099655151367
LightGCN,2000,2000-12-31,150750,1240,10,3.744018077850342
LightGCN,2000,2000-12-31,150884,2028,1,5.335578918457031
LightGCN,2000,2000-12-31,150884,912,2,5.186003684997559
LightGCN,2000,2000-12-31,150884,2571,3,5.106122970581055
LightGCN,2000,2000-12-31,150884,1213,4,5.099896430969238
LightGCN,2000,2000-12-31,150884,1221,5,5.088473796844482
LightGCN,2000,2000-12-31,150884,1197,6,5.080521583557129
LightGCN,2000,2000-12-31,150884,1270,7,5.054558753967285
LightGCN,2000,2000-12-31,150884,858,8,5.008683204650879
LightGCN,2000,2000-12-31,150884,1193,9,4.999202728271484
LightGCN,2000,2000-12-31,150884,924,10,4.972084999084473
LightGCN,2000,2000-12-31,151111,1196,1,4.9652252197265625
LightGCN,2000,2000-12-31,151111,608,2,4.806824684143066
LightGCN,2000,2000-12-31,151111,1198,3,4.622101783752441
LightGCN,2000,2000-12-31,151111,858,4,4.586780548095703
LightGCN,2000,2000-12-31,151111,527,5,4.404850006103516
LightGCN,2000,2000-12-31,151111,1197,6,4.295159816741943
LightGCN,2000,2000-12-31,151111,912,7,4.216924667358398
LightGCN,2000,2000-12-31,151111,318,8,4.185564994812012
LightGCN,2000,2000-12-31,151111,1213,9,4.181940078735352
LightGCN,2000,2000-12-31,151111,356,10,4.1348114013671875
LightGCN,2000,2000-12-31,151297,260,1,3.244502544403076
LightGCN,2000,2000-12-31,151297,608,2,3.1777544021606445
LightGCN,2000,2000-12-31,151297,858,3,3.0121407508850098
LightGCN,2000,2000-12-31,151297,296,4,2.972715377807617
LightGCN,2000,2000-12-31,151297,527,5,2.854368209838867
LightGCN,2000,2000-12-31,151297,1617,6,2.780519962310791
LightGCN,2000,2000-12-31,151297,541,7,2.7415361404418945
LightGCN,2000,2000-12-31,151297,356,8,2.7170615196228027
LightGCN,2000,2000-12-31,151297,2028,9,2.716585874557495
LightGCN,2000,2000-12-31,151297,1721,10,2.704488515853882
LightGCN,2000,2000-12-31,151452,260,1,4.905217170715332
LightGCN,2000,2000-12-31,151452,296,2,4.778834819793701
LightGCN,2000,2000-12-31,151452,356,3,4.523526191711426
LightGCN,2000,2000-12-31,151452,32,4,4.494806289672852
LightGCN,2000,2000-12-31,151452,318,5,4.406569480895996
LightGCN,2000,2000-12-31,151452,150,6,4.349349021911621
LightGCN,2000,2000-12-31,151452,527,7,4.319218635559082
LightGCN,2000,2000-12-31,151452,110,8,4.2274274826049805
LightGCN,2000,2000-12-31,151452,858,9,4.145539283752441
LightGCN,2000,2000-12-31,151452,1196,10,4.027198314666748
LightGCN,2000,2000-12-31,151692,296,1,5.948768615722656
LightGCN,2000,2000-12-31,151692,593,2,5.90802001953125
LightGCN,2000,2000-12-31,151692,457,3,5.846360683441162
LightGCN,2000,2000-12-31,151692,356,4,5.652225017547607
LightGCN,2000,2000-12-31,151692,150,5,5.558291912078857
LightGCN,2000,2000-12-31,151692,318,6,5.49314022064209
LightGCN,2000,2000-12-31,151692,608,7,5.4595537185668945
LightGCN,2000,2000-12-31,151692,590,8,5.431018829345703
LightGCN,2000,2000-12-31,151692,480,9,5.421133041381836
LightGCN,2000,2000-12-31,151692,260,10,5.417802810668945
LightGCN,2000,2000-12-31,153053,608,1,5.633323669433594
LightGCN,2000,2000-12-31,153053,593,2,5.485152721405029
LightGCN,2000,2000-12-31,153053,296,3,5.4482831954956055
LightGCN,2000,2000-12-31,153053,858,4,5.444305896759033
LightGCN,2000,2000-12-31,153053,1210,5,5.359699249267578
LightGCN,2000,2000-12-31,153053,1617,6,5.264331340789795
LightGCN,2000,2000-12-31,153053,527,7,5.248826026916504
LightGCN,2000,2000-12-31,153053,1270,8,5.243785858154297
LightGCN,2000,2000-12-31,153053,541,9,5.127005577087402
LightGCN,2000,2000-12-31,153053,2028,10,5.087214469909668
LightGCN,2000,2000-12-31,153351,608,1,4.770138740539551
LightGCN,2000,2000-12-31,153351,260,2,4.760954856872559
LightGCN,2000,2000-12-31,153351,1198,3,4.674515724182129
LightGCN,2000,2000-12-31,153351,1210,4,4.543941020965576
LightGCN,2000,2000-12-31,153351,593,5,4.5398149490356445
LightGCN,2000,2000-12-31,153351,296,6,4.5024333000183105
LightGCN,2000,2000-12-31,153351,1270,7,4.374085426330566
LightGCN,2000,2000-12-31,153351,1617,8,4.372541904449463
LightGCN,2000,2000-12-31,153351,1197,9,4.350384712219238
LightGCN,2000,2000-12-31,153351,1240,10,4.3021955490112305
LightGCN,2000,2000-12-31,154901,1196,1,7.030017852783203
LightGCN,2000,2000-12-31,154901,1198,2,6.519478797912598
LightGCN,2000,2000-12-31,154901,1617,3,6.209223747253418
LightGCN,2000,2000-12-31,154901,296,4,6.158447265625
LightGCN,2000,2000-12-31,154901,1197,5,6.063146591186523
LightGCN,2000,2000-12-31,154901,2028,6,5.987581253051758
LightGCN,2000,2000-12-31,154901,1210,7,5.980946063995361
LightGCN,2000,2000-12-31,154901,1213,8,5.976999282836914
LightGCN,2000,2000-12-31,154901,1240,9,5.970767974853516
LightGCN,2000,2000-12-31,154901,541,10,5.969936370849609
LightGCN,2000,2000-12-31,155185,608,1,6.49141788482666
LightGCN,2000,2000-12-31,155185,1617,2,6.346392631530762
LightGCN,2000,2000-12-31,155185,1197,3,6.210089683532715
LightGCN,2000,2000-12-31,155185,2028,4,6.139219760894775
LightGCN,2000,2000-12-31,155185,1213,5,6.079872131347656
LightGCN,2000,2000-12-31,155185,1221,6,6.02316427230835
LightGCN,2000,2000-12-31,155185,527,7,6.012129783630371
LightGCN,2000,2000-12-31,155185,1193,8,5.971563339233398
LightGCN,2000,2000-12-31,155185,1704,9,5.906141757965088
LightGCN,2000,2000-12-31,155185,919,10,5.867914199829102
LightGCN,2000,2000-12-31,156854,1196,1,5.424382209777832
LightGCN,2000,2000-12-31,156854,1210,2,4.713700294494629
LightGCN,2000,2000-12-31,156854,1197,3,4.680318832397461
LightGCN,2000,2000-12-31,156854,912,4,4.654062747955322
LightGCN,2000,2000-12-31,156854,1240,5,4.614469528198242
LightGCN,2000,2000-12-31,156854,2396,6,4.609909534454346
LightGCN,2000,2000-12-31,156854,1221,7,4.576723575592041
LightGCN,2000,2000-12-31,156854,1136,8,4.446236610412598
LightGCN,2000,2000-12-31,156854,1225,9,4.445301055908203
LightGCN,2000,2000-12-31,156854,2571,10,4.434635162353516
LightGCN,2000,2000-12-31,156920,593,1,5.706014156341553
LightGCN,2000,2000-12-31,156920,296,2,5.7024993896484375
LightGCN,2000,2000-12-31,156920,527,3,5.258460521697998
LightGCN,2000,2000-12-31,156920,318,4,5.222999572753906
LightGCN,2000,2000-12-31,156920,858,5,5.122949600219727
LightGCN,2000,2000-12-31,156920,480,6,4.9900336265563965
LightGCN,2000,2000-12-31,156920,589,7,4.9836883544921875
LightGCN,2000,2000-12-31,156920,1198,8,4.962347984313965
LightGCN,2000,2000-12-31,156920,110,9,4.944723129272461
LightGCN,2000,2000-12-31,156920,50,10,4.8126115798950195
LightGCN,2000,2000-12-31,156926,1196,1,3.8707690238952637
LightGCN,2000,2000-12-31,156926,1617,2,3.6305365562438965
LightGCN,2000,2000-12-31,156926,1198,3,3.5528533458709717
LightGCN,2000,2000-12-31,156926,2028,4,3.5350799560546875
LightGCN,2000,2000-12-31,156926,2396,5,3.4955148696899414
LightGCN,2000,2000-12-31,156926,2571,6,3.3782382011413574
LightGCN,2000,2000-12-31,156926,1704,7,3.3712966442108154
LightGCN,2000,2000-12-31,156926,2858,8,3.3524978160858154
LightGCN,2000,2000-12-31,156926,912,9,3.3452951908111572
LightGCN,2000,2000-12-31,156926,1197,10,3.335721969604492
LightGCN,2000,2000-12-31,157080,1196,1,5.839858055114746
LightGCN,2000,2000-12-31,157080,1198,2,5.431734561920166
LightGCN,2000,2000-12-31,157080,1210,3,5.300580024719238
LightGCN,2000,2000-12-31,157080,1270,4,5.079546928405762
LightGCN,2000,2000-12-31,157080,1197,5,5.050510406494141
LightGCN,2000,2000-12-31,157080,1240,6,4.985379219055176
LightGCN,2000,2000-12-31,157080,541,7,4.97647762298584
LightGCN,2000,2000-12-31,157080,912,8,4.961025714874268
LightGCN,2000,2000-12-31,157080,1097,9,4.8763651847839355
LightGCN,2000,2000-12-31,157080,1193,10,4.843691825866699
LightGCN,2000,2000-12-31,158033,2396,1,6.36018180847168
LightGCN,2000,2000-12-31,158033,2858,2,6.231969833374023
LightGCN,2000,2000-12-31,158033,912,3,5.98488712310791
LightGCN,2000,2000-12-31,158033,1270,4,5.724207401275635
LightGCN,2000,2000-12-31,158033,924,5,5.7037506103515625
LightGCN,2000,2000-12-31,158033,1230,6,5.607453346252441
LightGCN,2000,2000-12-31,158033,2716,7,5.379293918609619
LightGCN,2000,2000-12-31,158033,1961,8,5.251838684082031
LightGCN,2000,2000-12-31,158033,1234,9,5.184979438781738
LightGCN,2000,2000-12-31,158033,2599,10,5.081789970397949
LightGCN,2000,2000-12-31,158169,1221,1,5.41182279586792
LightGCN,2000,2000-12-31,158169,1784,2,5.389294624328613
LightGCN,2000,2000-12-31,158169,1213,3,5.379989147186279
LightGCN,2000,2000-12-31,158169,1923,4,5.257478713989258
LightGCN,2000,2000-12-31,158169,1230,5,5.241884708404541
LightGCN,2000,2000-12-31,158169,1270,6,5.125568389892578
LightGCN,2000,2000-12-31,158169,1247,7,5.065237998962402
LightGCN,2000,2000-12-31,158169,919,8,5.05732536315918
LightGCN,2000,2000-12-31,158169,1641,9,5.056842803955078
LightGCN,2000,2000-12-31,158169,1208,10,5.0438947677612305
LightGCN,2000,2000-12-31,158294,1213,1,5.659064292907715
LightGCN,2000,2000-12-31,158294,1193,2,5.578020095825195
LightGCN,2000,2000-12-31,158294,1265,3,5.445725440979004
LightGCN,2000,2000-12-31,158294,1580,4,5.2400431632995605
LightGCN,2000,2000-12-31,158294,1247,5,5.225696563720703
LightGCN,2000,2000-12-31,158294,1304,6,5.07392692565918
LightGCN,2000,2000-12-31,158294,1610,7,4.800066947937012
LightGCN,2000,2000-12-31,158294,1094,8,4.790414810180664
LightGCN,2000,2000-12-31,158294,1358,9,4.782350540161133
LightGCN,2000,2000-12-31,158294,1080,10,4.770395278930664
LightGCN,2000,2000-12-31,158634,1196,1,5.905736446380615
LightGCN,2000,2000-12-31,158634,1210,2,5.244765281677246
LightGCN,2000,2000-12-31,158634,1197,3,5.102536201477051
LightGCN,2000,2000-12-31,158634,1213,4,4.973143577575684
LightGCN,2000,2000-12-31,158634,2028,5,4.937517166137695
LightGCN,2000,2000-12-31,158634,1097,6,4.922890663146973
LightGCN,2000,2000-12-31,158634,1193,7,4.8910417556762695
LightGCN,2000,2000-12-31,158634,2396,8,4.855902671813965
LightGCN,2000,2000-12-31,158634,1136,9,4.850330352783203
LightGCN,2000,2000-12-31,158634,1265,10,4.811541557312012
LightGCN,2000,2000-12-31,158643,1198,1,5.77152681350708
LightGCN,2000,2000-12-31,158643,1213,2,5.407026767730713
LightGCN,2000,2000-12-31,158643,1240,3,5.294642925262451
LightGCN,2000,2000-12-31,158643,924,4,5.254233360290527
LightGCN,2000,2000-12-31,158643,1225,5,5.187037467956543
LightGCN,2000,2000-12-31,158643,541,6,5.180706024169922
LightGCN,2000,2000-12-31,158643,1136,7,5.126224517822266
LightGCN,2000,2000-12-31,158643,1214,8,5.048189640045166
LightGCN,2000,2000-12-31,158643,1097,9,5.028135299682617
LightGCN,2000,2000-12-31,158643,1247,10,5.0206828117370605
LightGCN,2000,2000-12-31,158965,1617,1,6.132535934448242
LightGCN,2000,2000-12-31,158965,912,2,6.060240268707275
LightGCN,2000,2000-12-31,158965,1213,3,6.041448593139648
LightGCN,2000,2000-12-31,158965,1193,4,5.94866943359375
LightGCN,2000,2000-12-31,158965,1221,5,5.948337554931641
LightGCN,2000,2000-12-31,158965,1307,6,5.7865705490112305
LightGCN,2000,2000-12-31,158965,150,7,5.774239540100098
LightGCN,2000,2000-12-31,158965,1704,8,5.755428791046143
LightGCN,2000,2000-12-31,158965,1784,9,5.680723190307617
LightGCN,2000,2000-12-31,158965,1183,10,5.587547779083252
LightGCN,2000,2000-12-31,159479,1617,1,4.815486431121826
LightGCN,2000,2000-12-31,159479,1198,2,4.81297492980957
LightGCN,2000,2000-12-31,159479,2028,3,4.6674909591674805
LightGCN,2000,2000-12-31,159479,858,4,4.496078014373779
LightGCN,2000,2000-12-31,159479,1213,5,4.4933695793151855
LightGCN,2000,2000-12-31,159479,1270,6,4.480745315551758
LightGCN,2000,2000-12-31,159479,1221,7,4.45954704284668
LightGCN,2000,2000-12-31,159479,1240,8,4.405384063720703
LightGCN,2000,2000-12-31,159479,608,9,4.39810037612915
LightGCN,2000,2000-12-31,159479,1193,10,4.385457992553711
LightGCN,2000,2000-12-31,159817,2396,1,5.215994358062744
LightGCN,2000,2000-12-31,159817,2762,2,4.8464555740356445
LightGCN,2000,2000-12-31,159817,1704,3,4.773128509521484
LightGCN,2000,2000-12-31,159817,1784,4,4.639690399169922
LightGCN,2000,2000-12-31,159817,1197,5,4.631584644317627
LightGCN,2000,2000-12-31,159817,1230,6,4.592047691345215
LightGCN,2000,2000-12-31,159817,1225,7,4.55723762512207
LightGCN,2000,2000-12-31,159817,1721,8,4.556408882141113
LightGCN,2000,2000-12-31,159817,1240,9,4.524377822875977
LightGCN,2000,2000-12-31,159817,1923,10,4.488438129425049
LightGCN,2000,2000-12-31,160322,1196,1,4.788053512573242
LightGCN,2000,2000-12-31,160322,296,2,4.772948265075684
LightGCN,2000,2000-12-31,160322,608,3,4.770798683166504
LightGCN,2000,2000-12-31,160322,260,4,4.723645210266113
LightGCN,2000,2000-12-31,160322,527,5,4.483532428741455
LightGCN,2000,2000-12-31,160322,1198,6,4.465957164764404
LightGCN,2000,2000-12-31,160322,1210,7,4.442584991455078
LightGCN,2000,2000-12-31,160322,318,8,4.355626106262207
LightGCN,2000,2000-12-31,160322,356,9,4.3341898918151855
LightGCN,2000,2000-12-31,160322,1270,10,4.181820869445801
LightGCN,2000,2000-12-31,160813,593,1,5.814316749572754
LightGCN,2000,2000-12-31,160813,480,2,5.02412223815918
LightGCN,2000,2000-12-31,160813,110,3,5.00533390045166
LightGCN,2000,2000-12-31,160813,150,4,4.945361614227295
LightGCN,2000,2000-12-31,160813,1270,5,4.925440788269043
LightGCN,2000,2000-12-31,160813,1197,6,4.873781681060791
LightGCN,2000,2000-12-31,160813,541,7,4.847980499267578
LightGCN,2000,2000-12-31,160813,32,8,4.797000885009766
LightGCN,2000,2000-12-31,160813,1097,9,4.7808990478515625
LightGCN,2000,2000-12-31,160813,590,10,4.76788330078125
LightGCN,2000,2000-12-31,161081,2028,1,5.435545921325684
LightGCN,2000,2000-12-31,161081,912,2,5.141375541687012
LightGCN,2000,2000-12-31,161081,1704,3,5.091598033905029
LightGCN,2000,2000-12-31,161081,1213,4,5.035292625427246
LightGCN,2000,2000-12-31,161081,1784,5,4.957441806793213
LightGCN,2000,2000-12-31,161081,1721,6,4.880804061889648
LightGCN,2000,2000-12-31,161081,1270,7,4.8627848625183105
LightGCN,2000,2000-12-31,161081,1230,8,4.845724105834961
LightGCN,2000,2000-12-31,161081,1225,9,4.827678680419922
LightGCN,2000,2000-12-31,161081,919,10,4.762612819671631
LightGCN,2000,2000-12-31,161681,2396,1,6.876770973205566
LightGCN,2000,2000-12-31,161681,1197,2,6.110017776489258
LightGCN,2000,2000-12-31,161681,1089,3,5.171777725219727
LightGCN,2000,2000-12-31,161681,1584,4,5.167821884155273
LightGCN,2000,2000-12-31,161681,920,5,5.1208086013793945
LightGCN,2000,2000-12-31,161681,5060,6,5.0616230964660645
LightGCN,2000,2000-12-31,161681,1172,7,4.99202823638916
LightGCN,2000,2000-12-31,161681,2916,8,4.924598693847656
LightGCN,2000,2000-12-31,161681,1276,9,4.837767601013184
LightGCN,2000,2000-12-31,161681,1732,10,4.76058292388916
LightGCN,2000,2000-12-31,162306,296,1,6.758561134338379
LightGCN,2000,2000-12-31,162306,608,2,6.736209392547607
LightGCN,2000,2000-12-31,162306,527,3,6.310937404632568
LightGCN,2000,2000-12-31,162306,318,4,6.175710678100586
LightGCN,2000,2000-12-31,162306,480,5,5.817991256713867
LightGCN,2000,2000-12-31,162306,1270,6,5.792820930480957
LightGCN,2000,2000-12-31,162306,50,7,5.736451625823975
LightGCN,2000,2000-12-31,162306,541,8,5.7049760818481445
LightGCN,2000,2000-12-31,162306,1097,9,5.6172614097595215
LightGCN,2000,2000-12-31,162306,912,10,5.548954010009766
LightGCN,2000,2000-12-31,162641,296,1,6.803680896759033
LightGCN,2000,2000-12-31,162641,318,2,6.220670700073242
LightGCN,2000,2000-12-31,162641,1270,3,5.868277549743652
LightGCN,2000,2000-12-31,162641,50,4,5.781790733337402
LightGCN,2000,2000-12-31,162641,150,5,5.77629280090332
LightGCN,2000,2000-12-31,162641,541,6,5.771202087402344
LightGCN,2000,2000-12-31,162641,1240,7,5.753141403198242
LightGCN,2000,2000-12-31,162641,32,8,5.717447280883789
LightGCN,2000,2000-12-31,162641,1,9,5.637787818908691
LightGCN,2000,2000-12-31,162641,1617,10,5.595735549926758
LightGCN,2000,2000-12-31,162693,150,1,5.995023250579834
LightGCN,2000,2000-12-31,162693,592,2,5.6216044425964355
LightGCN,2000,2000-12-31,162693,260,3,5.5829973220825195
LightGCN,2000,2000-12-31,162693,588,4,5.268856048583984
LightGCN,2000,2000-12-31,162693,648,5,5.069877624511719
LightGCN,2000,2000-12-31,162693,595,6,4.976726055145264
LightGCN,2000,2000-12-31,162693,733,7,4.957182884216309
LightGCN,2000,2000-12-31,162693,47,8,4.834793567657471
LightGCN,2000,2000-12-31,162693,161,9,4.750214099884033
LightGCN,2000,2000-12-31,162693,165,10,4.74429988861084
LightGCN,2000,2000-12-31,163258,1196,1,5.823472023010254
LightGCN,2000,2000-12-31,163258,260,2,5.669773101806641
LightGCN,2000,2000-12-31,163258,296,3,5.527379035949707
LightGCN,2000,2000-12-31,163258,1198,4,5.4143242835998535
LightGCN,2000,2000-12-31,163258,858,5,5.3786211013793945
LightGCN,2000,2000-12-31,163258,1210,6,5.370770454406738
LightGCN,2000,2000-12-31,163258,457,7,5.10160493850708
LightGCN,2000,2000-12-31,163258,1270,8,5.072320461273193
LightGCN,2000,2000-12-31,163258,1240,9,4.972311019897461
LightGCN,2000,2000-12-31,163258,541,10,4.9667863845825195
LightGCN,2000,2000-12-31,163681,1196,1,4.710597991943359
LightGCN,2000,2000-12-31,163681,260,2,4.64541482925415
LightGCN,2000,2000-12-31,163681,608,3,4.640603065490723
LightGCN,2000,2000-12-31,163681,1210,4,4.393487453460693
LightGCN,2000,2000-12-31,163681,1198,5,4.383494853973389
LightGCN,2000,2000-12-31,163681,296,6,4.321452617645264
LightGCN,2000,2000-12-31,163681,527,7,4.1528425216674805
LightGCN,2000,2000-12-31,163681,1270,8,4.095030784606934
LightGCN,2000,2000-12-31,163681,1197,9,4.075578212738037
LightGCN,2000,2000-12-31,163681,1617,10,4.06195592880249
LightGCN,2000,2000-12-31,163738,1196,1,4.428121089935303
LightGCN,2000,2000-12-31,163738,1617,2,4.1935625076293945
LightGCN,2000,2000-12-31,163738,1198,3,4.073671340942383
LightGCN,2000,2000-12-31,163738,2028,4,4.069850921630859
LightGCN,2000,2000-12-31,163738,2858,5,4.023558616638184
LightGCN,2000,2000-12-31,163738,2571,6,3.9058265686035156
LightGCN,2000,2000-12-31,163738,1704,7,3.8512983322143555
LightGCN,2000,2000-12-31,163738,1213,8,3.848541736602783
LightGCN,2000,2000-12-31,163738,1221,9,3.843656063079834
LightGCN,2000,2000-12-31,163738,2762,10,3.8107848167419434
LightGCN,2000,2000-12-31,163843,1198,1,5.058381080627441
LightGCN,2000,2000-12-31,163843,608,2,5.037154674530029
LightGCN,2000,2000-12-31,163843,858,3,4.922995567321777
LightGCN,2000,2000-12-31,163843,1210,4,4.760767936706543
LightGCN,2000,2000-12-31,163843,1213,5,4.644426345825195
LightGCN,2000,2000-12-31,163843,1240,6,4.633807182312012
LightGCN,2000,2000-12-31,163843,2396,7,4.6274542808532715
LightGCN,2000,2000-12-31,163843,541,8,4.622776031494141
LightGCN,2000,2000-12-31,163843,527,9,4.611815452575684
LightGCN,2000,2000-12-31,163843,1221,10,4.596132755279541
LightGCN,2000,2000-12-31,164084,1196,1,3.6275532245635986
LightGCN,2000,2000-12-31,164084,2028,2,3.6247918605804443
LightGCN,2000,2000-12-31,164084,2571,3,3.5083112716674805
LightGCN,2000,2000-12-31,164084,1704,4,3.360900402069092
LightGCN,2000,2000-12-31,164084,1198,5,3.3014652729034424
LightGCN,2000,2000-12-31,164084,1784,6,3.2596139907836914
LightGCN,2000,2000-12-31,164084,1221,7,3.2287161350250244
LightGCN,2000,2000-12-31,164084,1213,8,3.2144055366516113
LightGCN,2000,2000-12-31,164084,1721,9,3.206618309020996
LightGCN,2000,2000-12-31,164084,2716,10,3.13362979888916
LightGCN,2000,2000-12-31,164180,1198,1,5.811549186706543
LightGCN,2000,2000-12-31,164180,1210,2,5.668039798736572
LightGCN,2000,2000-12-31,164180,296,3,5.6356916427612305
LightGCN,2000,2000-12-31,164180,527,4,5.430290222167969
LightGCN,2000,2000-12-31,164180,1617,5,5.383954048156738
LightGCN,2000,2000-12-31,164180,541,6,5.313657283782959
LightGCN,2000,2000-12-31,164180,1213,7,5.239846229553223
LightGCN,2000,2000-12-31,164180,1221,8,5.17398738861084
LightGCN,2000,2000-12-31,164180,457,9,5.171424865722656
LightGCN,2000,2000-12-31,164180,924,10,5.154512405395508
LightGCN,2000,2000-12-31,164315,1196,1,4.634927749633789
LightGCN,2000,2000-12-31,164315,1393,2,4.516630172729492
LightGCN,2000,2000-12-31,164315,527,3,4.172059059143066
LightGCN,2000,2000-12-31,164315,457,4,4.155874252319336
LightGCN,2000,2000-12-31,164315,356,5,4.070678234100342
LightGCN,2000,2000-12-31,164315,832,6,4.058821678161621
LightGCN,2000,2000-12-31,164315,141,7,4.024923324584961
LightGCN,2000,2000-12-31,164315,589,8,3.941479206085205
LightGCN,2000,2000-12-31,164315,480,9,3.8666746616363525
LightGCN,2000,2000-12-31,164315,1214,10,3.8551247119903564
LightGCN,2000,2000-12-31,164366,593,1,5.318569183349609
LightGCN,2000,2000-12-31,164366,296,2,5.246397018432617
LightGCN,2000,2000-12-31,164366,527,3,5.079119682312012
LightGCN,2000,2000-12-31,164366,1240,4,5.076536178588867
LightGCN,2000,2000-12-31,164366,541,5,5.0099077224731445
LightGCN,2000,2000-12-31,164366,912,6,4.8817267417907715
LightGCN,2000,2000-12-31,164366,1,7,4.858143329620361
LightGCN,2000,2000-12-31,164366,1214,8,4.83082389831543
LightGCN,2000,2000-12-31,164366,1136,9,4.830170154571533
LightGCN,2000,2000-12-31,164366,1200,10,4.811626434326172
LightGCN,2000,2000-12-31,164391,858,1,6.640135765075684
LightGCN,2000,2000-12-31,164391,32,2,6.573301792144775
LightGCN,2000,2000-12-31,164391,1270,3,5.833093643188477
LightGCN,2000,2000-12-31,164391,17,4,5.794551849365234
LightGCN,2000,2000-12-31,164391,541,5,5.743251800537109
LightGCN,2000,2000-12-31,164391,1097,6,5.72718620300293
LightGCN,2000,2000-12-31,164391,34,7,5.642090797424316
LightGCN,2000,2000-12-31,164391,1073,8,5.616888523101807
LightGCN,2000,2000-12-31,164391,1265,9,5.554425239562988
LightGCN,2000,2000-12-31,164391,1136,10,5.4394612312316895
LightGCN,2000,2000-12-31,165151,1196,1,4.430257797241211
LightGCN,2000,2000-12-31,165151,260,2,4.298498630523682
LightGCN,2000,2000-12-31,165151,858,3,4.166511535644531
LightGCN,2000,2000-12-31,165151,1198,4,4.121650695800781
LightGCN,2000,2000-12-31,165151,1210,5,4.093386173248291
LightGCN,2000,2000-12-31,165151,1197,6,3.8376574516296387
LightGCN,2000,2000-12-31,165151,1270,7,3.837200880050659
LightGCN,2000,2000-12-31,165151,1240,8,3.778648614883423
LightGCN,2000,2000-12-31,165151,912,9,3.7730369567871094
LightGCN,2000,2000-12-31,165151,1221,10,3.7147722244262695
LightGCN,2000,2000-12-31,165166,593,1,7.8689422607421875
LightGCN,2000,2000-12-31,165166,457,2,7.82589054107666
LightGCN,2000,2000-12-31,165166,356,3,7.558386325836182
LightGCN,2000,2000-12-31,165166,590,4,7.294847011566162
LightGCN,2000,2000-12-31,165166,608,5,7.186992645263672
LightGCN,2000,2000-12-31,165166,32,6,7.062216758728027
LightGCN,2000,2000-12-31,165166,589,7,7.016862392425537
LightGCN,2000,2000-12-31,165166,110,8,7.01545524597168
LightGCN,2000,2000-12-31,165166,1,9,6.863564491271973
LightGCN,2000,2000-12-31,165166,380,10,6.68290376663208
LightGCN,2000,2000-12-31,165858,1197,1,5.206068992614746
LightGCN,2000,2000-12-31,165858,2028,2,5.2050371170043945
LightGCN,2000,2000-12-31,165858,1213,3,5.142017364501953
LightGCN,2000,2000-12-31,165858,1240,4,5.126733779907227
LightGCN,2000,2000-12-31,165858,1193,5,5.044411659240723
LightGCN,2000,2000-12-31,165858,924,6,5.023714542388916
LightGCN,2000,2000-12-31,165858,1097,7,4.9530439376831055
LightGCN,2000,2000-12-31,165858,1136,8,4.952293872833252
LightGCN,2000,2000-12-31,165858,1225,9,4.94362735748291
LightGCN,2000,2000-12-31,165858,919,10,4.9314069747924805
LightGCN,2000,2000-12-31,165967,1198,1,5.689938545227051
LightGCN,2000,2000-12-31,165967,858,2,5.459475517272949
LightGCN,2000,2000-12-31,165967,912,3,5.309119701385498
LightGCN,2000,2000-12-31,165967,1210,4,5.216933250427246
LightGCN,2000,2000-12-31,165967,1225,5,5.056467056274414
LightGCN,2000,2000-12-31,165967,919,6,5.036347389221191
LightGCN,2000,2000-12-31,165967,1097,7,5.035037040710449
LightGCN,2000,2000-12-31,165967,1265,8,4.956112384796143
LightGCN,2000,2000-12-31,165967,1307,9,4.899147033691406
LightGCN,2000,2000-12-31,165967,1230,10,4.807877540588379
LightGCN,2000,2000-12-31,166065,260,1,4.058026313781738
LightGCN,2000,2000-12-31,166065,593,2,4.057246685028076
LightGCN,2000,2000-12-31,166065,296,3,4.054293632507324
LightGCN,2000,2000-12-31,166065,457,4,3.8719661235809326
LightGCN,2000,2000-12-31,166065,1210,5,3.7664365768432617
LightGCN,2000,2000-12-31,166065,318,6,3.7265419960021973
LightGCN,2000,2000-12-31,166065,1196,7,3.7183899879455566
LightGCN,2000,2000-12-31,166065,858,8,3.6136717796325684
LightGCN,2000,2000-12-31,166065,589,9,3.561877727508545
LightGCN,2000,2000-12-31,166065,32,10,3.55051851272583
LightGCN,2000,2000-12-31,166299,296,1,5.9530863761901855
LightGCN,2000,2000-12-31,166299,593,2,5.931440353393555
LightGCN,2000,2000-12-31,166299,608,3,5.610166549682617
LightGCN,2000,2000-12-31,166299,150,4,5.438014030456543
LightGCN,2000,2000-12-31,166299,480,5,5.367464065551758
LightGCN,2000,2000-12-31,166299,527,6,5.3358073234558105
LightGCN,2000,2000-12-31,166299,590,7,5.293209075927734
LightGCN,2000,2000-12-31,166299,589,8,5.249027252197266
LightGCN,2000,2000-12-31,166299,32,9,5.241214275360107
LightGCN,2000,2000-12-31,166299,110,10,5.229925155639648
LightGCN,2000,2000-12-31,166769,858,1,5.658780097961426
LightGCN,2000,2000-12-31,166769,1198,2,5.519338607788086
LightGCN,2000,2000-12-31,166769,589,3,5.172865390777588
LightGCN,2000,2000-12-31,166769,1270,4,5.170536994934082
LightGCN,2000,2000-12-31,166769,32,5,5.14946174621582
LightGCN,2000,2000-12-31,166769,1197,6,5.114368915557861
LightGCN,2000,2000-12-31,166769,541,7,5.089465141296387
LightGCN,2000,2000-12-31,166769,1240,8,5.07448148727417
LightGCN,2000,2000-12-31,166769,150,9,5.033224105834961
LightGCN,2000,2000-12-31,166769,1097,10,5.026569843292236
LightGCN,2000,2000-12-31,166949,1196,1,7.344018459320068
LightGCN,2000,2000-12-31,166949,260,2,7.303030967712402
LightGCN,2000,2000-12-31,166949,296,3,7.065976619720459
LightGCN,2000,2000-12-31,166949,858,4,6.876179218292236
LightGCN,2000,2000-12-31,166949,1197,5,6.355414867401123
LightGCN,2000,2000-12-31,166949,1213,6,6.150053024291992
LightGCN,2000,2000-12-31,166949,589,7,6.128213882446289
LightGCN,2000,2000-12-31,166949,1221,8,6.060068130493164
LightGCN,2000,2000-12-31,166949,924,9,6.059610843658447
LightGCN,2000,2000-12-31,166949,50,10,6.056393623352051
LightGCN,2000,2000-12-31,168198,1196,1,4.546474456787109
LightGCN,2000,2000-12-31,168198,1617,2,4.218828201293945
LightGCN,2000,2000-12-31,168198,1198,3,4.191608428955078
LightGCN,2000,2000-12-31,168198,2396,4,4.127209186553955
LightGCN,2000,2000-12-31,168198,2028,5,4.079035758972168
LightGCN,2000,2000-12-31,168198,2858,6,3.9801697731018066
LightGCN,2000,2000-12-31,168198,1213,7,3.944206714630127
LightGCN,2000,2000-12-31,168198,1221,8,3.9322621822357178
LightGCN,2000,2000-12-31,168198,2571,9,3.9027063846588135
LightGCN,2000,2000-12-31,168198,1270,10,3.8915319442749023
LightGCN,2000,2000-12-31,168336,1196,1,5.238790512084961
LightGCN,2000,2000-12-31,168336,608,2,5.232770919799805
LightGCN,2000,2000-12-31,168336,260,3,5.187528133392334
LightGCN,2000,2000-12-31,168336,457,4,4.898975372314453
LightGCN,2000,2000-12-31,168336,1198,5,4.88939094543457
LightGCN,2000,2000-12-31,168336,858,6,4.87684440612793
LightGCN,2000,2000-12-31,168336,318,7,4.7875823974609375
LightGCN,2000,2000-12-31,168336,356,8,4.773488998413086
LightGCN,2000,2000-12-31,168336,1270,9,4.581094741821289
LightGCN,2000,2000-12-31,168336,1197,10,4.53468132019043
LightGCN,2000,2000-12-31,168374,1704,1,5.382577896118164
LightGCN,2000,2000-12-31,168374,2858,2,5.301204681396484
LightGCN,2000,2000-12-31,168374,2762,3,5.11120080947876
LightGCN,2000,2000-12-31,168374,904,4,4.815422058105469
LightGCN,2000,2000-12-31,168374,1584,5,4.768413066864014
LightGCN,2000,2000-12-31,168374,1252,6,4.669771194458008
LightGCN,2000,2000-12-31,168374,908,7,4.641963481903076
LightGCN,2000,2000-12-31,168374,969,8,4.599096298217773
LightGCN,2000,2000-12-31,168374,1358,9,4.568833351135254
LightGCN,2000,2000-12-31,168374,1094,10,4.54732608795166
LightGCN,2000,2000-12-31,168599,1196,1,6.808006286621094
LightGCN,2000,2000-12-31,168599,593,2,5.901762962341309
LightGCN,2000,2000-12-31,168599,1213,3,5.783553123474121
LightGCN,2000,2000-12-31,168599,2028,4,5.718700885772705
LightGCN,2000,2000-12-31,168599,527,5,5.717175483703613
LightGCN,2000,2000-12-31,168599,1136,6,5.617613792419434
LightGCN,2000,2000-12-31,168599,919,7,5.57537841796875
LightGCN,2000,2000-12-31,168599,1784,8,5.447292327880859
LightGCN,2000,2000-12-31,168599,1208,9,5.369411468505859
LightGCN,2000,2000-12-31,168599,1291,10,5.351646900177002
LightGCN,2000,2000-12-31,169472,608,1,5.822906494140625
LightGCN,2000,2000-12-31,169472,593,2,5.6871843338012695
LightGCN,2000,2000-12-31,169472,296,3,5.665658950805664
LightGCN,2000,2000-12-31,169472,858,4,5.4099931716918945
LightGCN,2000,2000-12-31,169472,527,5,5.335484027862549
LightGCN,2000,2000-12-31,169472,356,6,5.165962219238281
LightGCN,2000,2000-12-31,169472,1270,7,5.01942777633667
LightGCN,2000,2000-12-31,169472,541,8,4.920479774475098
LightGCN,2000,2000-12-31,169472,1097,9,4.861303329467773
LightGCN,2000,2000-12-31,169472,1617,10,4.83856725692749
LightGCN,2000,2000-12-31,170457,1196,1,7.233462333679199
LightGCN,2000,2000-12-31,170457,2028,2,6.647967338562012
LightGCN,2000,2000-12-31,170457,2571,3,6.377079010009766
LightGCN,2000,2000-12-31,170457,1221,4,6.2941131591796875
LightGCN,2000,2000-12-31,170457,2762,5,6.214280128479004
LightGCN,2000,2000-12-31,170457,1240,6,6.076959609985352
LightGCN,2000,2000-12-31,170457,541,7,5.990791320800781
LightGCN,2000,2000-12-31,170457,1247,8,5.905006408691406
LightGCN,2000,2000-12-31,170457,1208,9,5.891816139221191
LightGCN,2000,2000-12-31,170457,1214,10,5.805165767669678
LightGCN,2000,2000-12-31,172051,1210,1,5.829527378082275
LightGCN,2000,2000-12-31,172051,318,2,5.443972587585449
LightGCN,2000,2000-12-31,172051,912,3,5.414653778076172
LightGCN,2000,2000-12-31,172051,356,4,5.381938934326172
LightGCN,2000,2000-12-31,172051,1213,5,5.376127243041992
LightGCN,2000,2000-12-31,172051,1097,6,5.351409912109375
LightGCN,2000,2000-12-31,172051,924,7,5.2829413414001465
LightGCN,2000,2000-12-31,172051,1136,8,5.262997150421143
LightGCN,2000,2000-12-31,172051,2028,9,5.2512407302856445
LightGCN,2000,2000-12-31,172051,1265,10,5.229096412658691
LightGCN,2000,2000-12-31,172323,1196,1,5.9251556396484375
LightGCN,2000,2000-12-31,172323,260,2,5.629051685333252
LightGCN,2000,2000-12-31,172323,1198,3,5.515954971313477
LightGCN,2000,2000-12-31,172323,858,4,5.418187618255615
LightGCN,2000,2000-12-31,172323,1210,5,5.336696624755859
LightGCN,2000,2000-12-31,172323,457,6,5.307104110717773
LightGCN,2000,2000-12-31,172323,356,7,5.181090354919434
LightGCN,2000,2000-12-31,172323,1270,8,5.160191059112549
LightGCN,2000,2000-12-31,172323,1197,9,5.123271942138672
LightGCN,2000,2000-12-31,172323,1617,10,5.102935791015625
LightGCN,2000,2000-12-31,173028,1198,1,6.572155952453613
LightGCN,2000,2000-12-31,173028,593,2,6.047176361083984
LightGCN,2000,2000-12-31,173028,912,3,6.043481349945068
LightGCN,2000,2000-12-31,173028,1213,4,5.99625301361084
LightGCN,2000,2000-12-31,173028,1193,5,5.887176513671875
LightGCN,2000,2000-12-31,173028,527,6,5.872552871704102
LightGCN,2000,2000-12-31,173028,1704,7,5.813429832458496
LightGCN,2000,2000-12-31,173028,1721,8,5.788330554962158
LightGCN,2000,2000-12-31,173028,919,9,5.773899555206299
LightGCN,2000,2000-12-31,173028,1225,10,5.767915725708008
LightGCN,2000,2000-12-31,173068,1196,1,5.8238091468811035
LightGCN,2000,2000-12-31,173068,1198,2,5.406386852264404
LightGCN,2000,2000-12-31,173068,1210,3,5.103055000305176
LightGCN,2000,2000-12-31,173068,1270,4,5.048288345336914
LightGCN,2000,2000-12-31,173068,1197,5,5.031963348388672
LightGCN,2000,2000-12-31,173068,1240,6,4.961063385009766
LightGCN,2000,2000-12-31,173068,2028,7,4.910237789154053
LightGCN,2000,2000-12-31,173068,1097,8,4.835526466369629
LightGCN,2000,2000-12-31,173068,1136,9,4.7972869873046875
LightGCN,2000,2000-12-31,173068,919,10,4.763100624084473
LightGCN,2000,2000-12-31,173577,608,1,4.74306058883667
LightGCN,2000,2000-12-31,173577,1198,2,4.669224739074707
LightGCN,2000,2000-12-31,173577,858,3,4.580657005310059
LightGCN,2000,2000-12-31,173577,593,4,4.517947673797607
LightGCN,2000,2000-12-31,173577,296,5,4.470974922180176
LightGCN,2000,2000-12-31,173577,1240,6,4.314973831176758
LightGCN,2000,2000-12-31,173577,1617,7,4.3012542724609375
LightGCN,2000,2000-12-31,173577,541,8,4.25886869430542
LightGCN,2000,2000-12-31,173577,912,9,4.200417518615723
LightGCN,2000,2000-12-31,173577,1213,10,4.18010139465332
LightGCN,2000,2000-12-31,173579,1210,1,5.968663215637207
LightGCN,2000,2000-12-31,173579,912,2,5.938588619232178
LightGCN,2000,2000-12-31,173579,924,3,5.758279800415039
LightGCN,2000,2000-12-31,173579,919,4,5.651802062988281
LightGCN,2000,2000-12-31,173579,1265,5,5.601593971252441
LightGCN,2000,2000-12-31,173579,1580,6,5.44340181350708
LightGCN,2000,2000-12-31,173579,1247,7,5.432598114013672
LightGCN,2000,2000-12-31,173579,923,8,5.36880350112915
LightGCN,2000,2000-12-31,173579,1304,9,5.270502090454102
LightGCN,2000,2000-12-31,173579,1234,10,5.246901988983154
LightGCN,2000,2000-12-31,173771,1196,1,4.483031272888184
LightGCN,2000,2000-12-31,173771,1617,2,4.361146926879883
LightGCN,2000,2000-12-31,173771,2028,3,4.30097770690918
LightGCN,2000,2000-12-31,173771,1198,4,4.096223831176758
LightGCN,2000,2000-12-31,173771,1704,5,4.0098876953125
LightGCN,2000,2000-12-31,173771,912,6,3.9395720958709717
LightGCN,2000,2000-12-31,173771,1784,7,3.9130051136016846
LightGCN,2000,2000-12-31,173771,1221,8,3.8936829566955566
LightGCN,2000,2000-12-31,173771,1213,9,3.8901078701019287
LightGCN,2000,2000-12-31,173771,1197,10,3.8541011810302734
LightGCN,2000,2000-12-31,173804,1196,1,5.946457862854004
LightGCN,2000,2000-12-31,173804,1198,2,5.499026775360107
LightGCN,2000,2000-12-31,173804,912,3,5.213006973266602
LightGCN,2000,2000-12-31,173804,858,4,5.19374942779541
LightGCN,2000,2000-12-31,173804,1213,5,5.13669490814209
LightGCN,2000,2000-12-31,173804,1197,6,5.125419616699219
LightGCN,2000,2000-12-31,173804,1270,7,5.112987518310547
LightGCN,2000,2000-12-31,173804,1221,8,5.10391902923584
LightGCN,2000,2000-12-31,173804,1193,9,5.029884338378906
LightGCN,2000,2000-12-31,173804,1240,10,5.020572662353516
LightGCN,2000,2000-12-31,174093,260,1,5.950645446777344
LightGCN,2000,2000-12-31,174093,1196,2,5.109188079833984
LightGCN,2000,2000-12-31,174093,1198,3,4.798605918884277
LightGCN,2000,2000-12-31,174093,36,4,4.725481986999512
LightGCN,2000,2000-12-31,174093,17,5,4.59598970413208
LightGCN,2000,2000-12-31,174093,592,6,4.539419651031494
LightGCN,2000,2000-12-31,174093,1270,7,4.5209455490112305
LightGCN,2000,2000-12-31,174093,1073,8,4.473869800567627
LightGCN,2000,2000-12-31,174093,1197,9,4.445230960845947
LightGCN,2000,2000-12-31,174093,541,10,4.437142372131348
LightGCN,2000,2000-12-31,174536,2762,1,2.1621668338775635
LightGCN,2000,2000-12-31,174536,2396,2,2.025414228439331
LightGCN,2000,2000-12-31,174536,2710,3,1.8437583446502686
LightGCN,2000,2000-12-31,174536,2571,4,1.8327877521514893
LightGCN,2000,2000-12-31,174536,2599,5,1.832411527633667
LightGCN,2000,2000-12-31,174536,2712,6,1.8197575807571411
LightGCN,2000,2000-12-31,174536,2028,7,1.8148431777954102
LightGCN,2000,2000-12-31,174536,2770,8,1.784984827041626
LightGCN,2000,2000-12-31,174536,2997,9,1.7709228992462158
LightGCN,2000,2000-12-31,174536,2763,10,1.7433462142944336
LightGCN,2000,2000-12-31,174548,1196,1,4.588976860046387
LightGCN,2000,2000-12-31,174548,1198,2,4.218501091003418
LightGCN,2000,2000-12-31,174548,2028,3,4.201146125793457
LightGCN,2000,2000-12-31,174548,912,4,4.043508529663086
LightGCN,2000,2000-12-31,174548,2571,5,4.020084857940674
LightGCN,2000,2000-12-31,174548,1221,6,3.9730966091156006
LightGCN,2000,2000-12-31,174548,1197,7,3.950063705444336
LightGCN,2000,2000-12-31,174548,1270,8,3.9121499061584473
LightGCN,2000,2000-12-31,174548,2762,9,3.8983230590820312
LightGCN,2000,2000-12-31,174548,1193,10,3.8939764499664307
LightGCN,2000,2000-12-31,174614,2858,1,6.095133304595947
LightGCN,2000,2000-12-31,174614,1213,2,5.795363903045654
LightGCN,2000,2000-12-31,174614,1221,3,5.788638114929199
LightGCN,2000,2000-12-31,174614,1193,4,5.6543121337890625
LightGCN,2000,2000-12-31,174614,858,5,5.563663005828857
LightGCN,2000,2000-12-31,174614,1304,6,5.169491291046143
LightGCN,2000,2000-12-31,174614,1961,7,5.138627052307129
LightGCN,2000,2000-12-31,174614,1234,8,5.106594085693359
LightGCN,2000,2000-12-31,174614,1220,9,4.974145412445068
LightGCN,2000,2000-12-31,174614,1291,10,4.973323345184326
LightGCN,2000,2000-12-31,174652,1617,1,4.678302764892578
LightGCN,2000,2000-12-31,174652,2396,2,4.6147942543029785
LightGCN,2000,2000-12-31,174652,2762,3,4.317131996154785
LightGCN,2000,2000-12-31,174652,1704,4,4.307669639587402
LightGCN,2000,2000-12-31,174652,912,5,4.29777717590332
LightGCN,2000,2000-12-31,174652,1213,6,4.242985248565674
LightGCN,2000,2000-12-31,174652,1197,7,4.218897819519043
LightGCN,2000,2000-12-31,174652,1784,8,4.209088325500488
LightGCN,2000,2000-12-31,174652,1721,9,4.19478702545166
LightGCN,2000,2000-12-31,174652,1193,10,4.118607521057129
LightGCN,2000,2000-12-31,174699,1198,1,6.210224151611328
LightGCN,2000,2000-12-31,174699,1197,2,5.776052474975586
LightGCN,2000,2000-12-31,174699,1210,3,5.770419120788574
LightGCN,2000,2000-12-31,174699,912,4,5.752362251281738
LightGCN,2000,2000-12-31,174699,296,5,5.668909549713135
LightGCN,2000,2000-12-31,174699,541,6,5.664238452911377
LightGCN,2000,2000-12-31,174699,527,7,5.555512428283691
LightGCN,2000,2000-12-31,174699,1136,8,5.516315937042236
LightGCN,2000,2000-12-31,174699,919,9,5.481815814971924
LightGCN,2000,2000-12-31,174699,1214,10,5.439485549926758
LightGCN,2000,2000-12-31,174763,912,1,5.502495288848877
LightGCN,2000,2000-12-31,174763,1704,2,5.337738990783691
LightGCN,2000,2000-12-31,174763,1784,3,5.212873458862305
LightGCN,2000,2000-12-31,174763,1721,4,5.204183578491211
LightGCN,2000,2000-12-31,174763,1234,5,4.814913272857666
LightGCN,2000,2000-12-31,174763,1291,6,4.7969560623168945
LightGCN,2000,2000-12-31,174763,2716,7,4.7320098876953125
LightGCN,2000,2000-12-31,174763,1219,8,4.719139099121094
LightGCN,2000,2000-12-31,174763,1220,9,4.716090202331543
LightGCN,2000,2000-12-31,174763,908,10,4.680585861206055
LightGCN,2000,2000-12-31,175230,2858,1,6.408466339111328
LightGCN,2000,2000-12-31,175230,2571,2,6.234058856964111
LightGCN,2000,2000-12-31,175230,1704,3,6.1223039627075195
LightGCN,2000,2000-12-31,175230,2762,4,6.072230339050293
LightGCN,2000,2000-12-31,175230,1193,5,5.993289947509766
LightGCN,2000,2000-12-31,175230,1784,6,5.971732139587402
LightGCN,2000,2000-12-31,175230,541,7,5.782236099243164
LightGCN,2000,2000-12-31,175230,1214,8,5.6459736824035645
LightGCN,2000,2000-12-31,175230,1307,9,5.580380916595459
LightGCN,2000,2000-12-31,175230,2716,10,5.567509651184082
LightGCN,2000,2000-12-31,175294,1617,1,3.615326404571533
LightGCN,2000,2000-12-31,175294,2571,2,3.451643943786621
LightGCN,2000,2000-12-31,175294,1196,3,3.354574203491211
LightGCN,2000,2000-12-31,175294,1704,4,3.2726874351501465
LightGCN,2000,2000-12-31,175294,1784,5,3.154320240020752
LightGCN,2000,2000-12-31,175294,912,6,3.120133399963379
LightGCN,2000,2000-12-31,175294,2716,7,3.0969626903533936
LightGCN,2000,2000-12-31,175294,1221,8,3.082366704940796
LightGCN,2000,2000-12-31,175294,1198,9,3.0311150550842285
LightGCN,2000,2000-12-31,175294,1641,10,2.9695773124694824
LightGCN,2000,2000-12-31,176110,260,1,4.602585792541504
LightGCN,2000,2000-12-31,176110,608,2,4.596362113952637
LightGCN,2000,2000-12-31,176110,1196,3,4.488156318664551
LightGCN,2000,2000-12-31,176110,593,4,4.356861114501953
LightGCN,2000,2000-12-31,176110,296,5,4.335587978363037
LightGCN,2000,2000-12-31,176110,1210,6,4.31941032409668
LightGCN,2000,2000-12-31,176110,858,7,4.275243759155273
LightGCN,2000,2000-12-31,176110,1198,8,4.189609527587891
LightGCN,2000,2000-12-31,176110,527,9,4.113728046417236
LightGCN,2000,2000-12-31,176110,457,10,4.027913570404053
LightGCN,2000,2000-12-31,176271,1196,1,5.456426620483398
LightGCN,2000,2000-12-31,176271,1198,2,5.054694652557373
LightGCN,2000,2000-12-31,176271,608,3,4.847822189331055
LightGCN,2000,2000-12-31,176271,260,4,4.814301490783691
LightGCN,2000,2000-12-31,176271,912,5,4.730725288391113
LightGCN,2000,2000-12-31,176271,2028,6,4.720316410064697
LightGCN,2000,2000-12-31,176271,1197,7,4.706912994384766
LightGCN,2000,2000-12-31,176271,1270,8,4.698514938354492
LightGCN,2000,2000-12-31,176271,1210,9,4.65997314453125
LightGCN,2000,2000-12-31,176271,1221,10,4.642158031463623
LightGCN,2000,2000-12-31,176578,608,1,7.401547908782959
LightGCN,2000,2000-12-31,176578,1210,2,7.007308006286621
LightGCN,2000,2000-12-31,176578,1270,3,6.171940803527832
LightGCN,2000,2000-12-31,176578,110,4,6.133695602416992
LightGCN,2000,2000-12-31,176578,1097,5,6.010254859924316
LightGCN,2000,2000-12-31,176578,1617,6,5.790923595428467
LightGCN,2000,2000-12-31,176578,590,7,5.789368152618408
LightGCN,2000,2000-12-31,176578,1136,8,5.766453742980957
LightGCN,2000,2000-12-31,176578,919,9,5.650794506072998
LightGCN,2000,2000-12-31,176578,780,10,5.630178451538086
LightGCN,2000,2000-12-31,176899,1240,1,4.902099609375
LightGCN,2000,2000-12-31,176899,1193,2,4.849092483520508
LightGCN,2000,2000-12-31,176899,924,3,4.824281692504883
LightGCN,2000,2000-12-31,176899,1721,4,4.773588180541992
LightGCN,2000,2000-12-31,176899,1136,5,4.739756107330322
LightGCN,2000,2000-12-31,176899,1214,6,4.67689323425293
LightGCN,2000,2000-12-31,176899,1265,7,4.645016670227051
LightGCN,2000,2000-12-31,176899,1208,8,4.584283828735352
LightGCN,2000,2000-12-31,176899,1230,9,4.546396255493164
LightGCN,2000,2000-12-31,176899,1580,10,4.510912895202637
LightGCN,2000,2000-12-31,177133,858,1,5.282386302947998
LightGCN,2000,2000-12-31,177133,296,2,5.018144130706787
LightGCN,2000,2000-12-31,177133,1213,3,4.674167156219482
LightGCN,2000,2000-12-31,177133,2028,4,4.644013404846191
LightGCN,2000,2000-12-31,177133,1221,5,4.5947794914245605
LightGCN,2000,2000-12-31,177133,1136,6,4.5808563232421875
LightGCN,2000,2000-12-31,177133,924,7,4.569987773895264
LightGCN,2000,2000-12-31,177133,1193,8,4.569236755371094
LightGCN,2000,2000-12-31,177133,32,9,4.387197971343994
LightGCN,2000,2000-12-31,177133,50,10,4.348430633544922
LightGCN,2000,2000-12-31,177254,2762,1,5.903314113616943
LightGCN,2000,2000-12-31,177254,2028,2,5.895242691040039
LightGCN,2000,2000-12-31,177254,2571,3,5.712119102478027
LightGCN,2000,2000-12-31,177254,1784,4,5.159716606140137
LightGCN,2000,2000-12-31,177254,1923,5,5.146323204040527
LightGCN,2000,2000-12-31,177254,1213,6,5.105313777923584
LightGCN,2000,2000-12-31,177254,2599,7,5.0969414710998535
LightGCN,2000,2000-12-31,177254,2710,8,5.02929162979126
LightGCN,2000,2000-12-31,177254,1225,9,4.912660598754883
LightGCN,2000,2000-12-31,177254,1721,10,4.912644386291504
LightGCN,2000,2000-12-31,177664,527,1,6.452090263366699
LightGCN,2000,2000-12-31,177664,1198,2,6.098228931427002
LightGCN,2000,2000-12-31,177664,36,3,5.6422295570373535
LightGCN,2000,2000-12-31,177664,1197,4,5.640636920928955
LightGCN,2000,2000-12-31,177664,34,5,5.578088760375977
LightGCN,2000,2000-12-31,177664,17,6,5.544341564178467
LightGCN,2000,2000-12-31,177664,592,7,5.530984878540039
LightGCN,2000,2000-12-31,177664,1291,8,5.36599588394165
LightGCN,2000,2000-12-31,177664,912,9,5.350216388702393
LightGCN,2000,2000-12-31,177664,588,10,5.309618949890137
LightGCN,2000,2000-12-31,177766,608,1,5.7707037925720215
LightGCN,2000,2000-12-31,177766,858,2,5.662602424621582
LightGCN,2000,2000-12-31,177766,1617,3,5.58474588394165
LightGCN,2000,2000-12-31,177766,1270,4,5.480051040649414
LightGCN,2000,2000-12-31,177766,593,5,5.469559669494629
LightGCN,2000,2000-12-31,177766,296,6,5.4172587394714355
LightGCN,2000,2000-12-31,177766,2028,7,5.397361755371094
LightGCN,2000,2000-12-31,177766,912,8,5.396267890930176
LightGCN,2000,2000-12-31,177766,1240,9,5.388870716094971
LightGCN,2000,2000-12-31,177766,1213,10,5.351276397705078
LightGCN,2000,2000-12-31,178094,1198,1,6.171385288238525
LightGCN,2000,2000-12-31,178094,1617,2,6.047623634338379
LightGCN,2000,2000-12-31,178094,1213,3,5.708938121795654
LightGCN,2000,2000-12-31,178094,1240,4,5.659794807434082
LightGCN,2000,2000-12-31,178094,1193,5,5.607140064239502
LightGCN,2000,2000-12-31,178094,1704,6,5.600086212158203
LightGCN,2000,2000-12-31,178094,541,7,5.585177421569824
LightGCN,2000,2000-12-31,178094,2571,8,5.574128150939941
LightGCN,2000,2000-12-31,178094,2858,9,5.533384799957275
LightGCN,2000,2000-12-31,178094,1225,10,5.498274803161621
LightGCN,2000,2000-12-31,178474,2858,1,5.318873882293701
LightGCN,2000,2000-12-31,178474,904,2,4.758115291595459
LightGCN,2000,2000-12-31,178474,908,3,4.583220481872559
LightGCN,2000,2000-12-31,178474,1358,4,4.522298336029053
LightGCN,2000,2000-12-31,178474,903,5,4.446470260620117
LightGCN,2000,2000-12-31,178474,2797,6,4.354707717895508
LightGCN,2000,2000-12-31,178474,1968,7,4.312142372131348
LightGCN,2000,2000-12-31,178474,2791,8,4.288895130157471
LightGCN,2000,2000-12-31,178474,1674,9,4.208390235900879
LightGCN,2000,2000-12-31,178474,2918,10,4.1467485427856445
LightGCN,2000,2000-12-31,180322,858,1,5.8718414306640625
LightGCN,2000,2000-12-31,180322,912,2,5.750350475311279
LightGCN,2000,2000-12-31,180322,260,3,5.747386455535889
LightGCN,2000,2000-12-31,180322,2028,4,5.7427978515625
LightGCN,2000,2000-12-31,180322,2396,5,5.726133823394775
LightGCN,2000,2000-12-31,180322,1221,6,5.638179779052734
LightGCN,2000,2000-12-31,180322,1210,7,5.584532737731934
LightGCN,2000,2000-12-31,180322,1193,8,5.579985618591309
LightGCN,2000,2000-12-31,180322,541,9,5.575390815734863
LightGCN,2000,2000-12-31,180322,2571,10,5.4651780128479
LightGCN,2000,2000-12-31,181165,2396,1,3.691559314727783
LightGCN,2000,2000-12-31,181165,2028,2,3.664680242538452
LightGCN,2000,2000-12-31,181165,912,3,3.618232011795044
LightGCN,2000,2000-12-31,181165,1221,4,3.5550785064697266
LightGCN,2000,2000-12-31,181165,2858,5,3.5411834716796875
LightGCN,2000,2000-12-31,181165,1197,6,3.5386199951171875
LightGCN,2000,2000-12-31,181165,1704,7,3.5177364349365234
LightGCN,2000,2000-12-31,181165,1240,8,3.464920997619629
LightGCN,2000,2000-12-31,181165,1721,9,3.4279544353485107
LightGCN,2000,2000-12-31,181165,1784,10,3.4263157844543457
LightGCN,2000,2000-12-31,182389,150,1,3.7651875019073486
LightGCN,2000,2000-12-31,182389,590,2,3.752075433731079
LightGCN,2000,2000-12-31,182389,457,3,3.7370405197143555
LightGCN,2000,2000-12-31,182389,592,4,3.65079402923584
LightGCN,2000,2000-12-31,182389,296,5,3.605764865875244
LightGCN,2000,2000-12-31,182389,593,6,3.5114941596984863
LightGCN,2000,2000-12-31,182389,380,7,3.478454828262329
LightGCN,2000,2000-12-31,182389,349,8,3.3572299480438232
LightGCN,2000,2000-12-31,182389,588,9,3.3517799377441406
LightGCN,2000,2000-12-31,182389,110,10,3.2494823932647705
LightGCN,2000,2000-12-31,183096,480,1,4.967467308044434
LightGCN,2000,2000-12-31,183096,608,2,4.928095817565918
LightGCN,2000,2000-12-31,183096,260,3,4.87270975112915
LightGCN,2000,2000-12-31,183096,527,4,4.8395094871521
LightGCN,2000,2000-12-31,183096,589,5,4.817876815795898
LightGCN,2000,2000-12-31,183096,592,6,4.704167366027832
LightGCN,2000,2000-12-31,183096,1,7,4.580563545227051
LightGCN,2000,2000-12-31,183096,380,8,4.522621154785156
LightGCN,2000,2000-12-31,183096,50,9,4.49702262878418
LightGCN,2000,2000-12-31,183096,588,10,4.444958686828613
LightGCN,2000,2000-12-31,183320,1196,1,5.543194770812988
LightGCN,2000,2000-12-31,183320,1198,2,5.109846591949463
LightGCN,2000,2000-12-31,183320,912,3,4.871891975402832
LightGCN,2000,2000-12-31,183320,1197,4,4.7764153480529785
LightGCN,2000,2000-12-31,183320,1270,5,4.744043827056885
LightGCN,2000,2000-12-31,183320,1193,6,4.698942184448242
LightGCN,2000,2000-12-31,183320,1240,7,4.680051803588867
LightGCN,2000,2000-12-31,183320,924,8,4.671432018280029
LightGCN,2000,2000-12-31,183320,1225,9,4.613368988037109
LightGCN,2000,2000-12-31,183320,919,10,4.568831920623779
LightGCN,2000,2000-12-31,183603,593,1,6.270648002624512
LightGCN,2000,2000-12-31,183603,296,2,6.267148971557617
LightGCN,2000,2000-12-31,183603,608,3,6.1909894943237305
LightGCN,2000,2000-12-31,183603,356,4,5.757230758666992
LightGCN,2000,2000-12-31,183603,1210,5,5.739510536193848
LightGCN,2000,2000-12-31,183603,858,6,5.65639066696167
LightGCN,2000,2000-12-31,183603,589,7,5.45523738861084
LightGCN,2000,2000-12-31,183603,480,8,5.436537742614746
LightGCN,2000,2000-12-31,183603,110,9,5.408491134643555
LightGCN,2000,2000-12-31,183603,150,10,5.38916015625
LightGCN,2000,2000-12-31,183719,1196,1,5.432232856750488
LightGCN,2000,2000-12-31,183719,1198,2,5.022531986236572
LightGCN,2000,2000-12-31,183719,1617,3,4.846792221069336
LightGCN,2000,2000-12-31,183719,858,4,4.84425163269043
LightGCN,2000,2000-12-31,183719,1210,5,4.7370123863220215
LightGCN,2000,2000-12-31,183719,2028,6,4.706672668457031
LightGCN,2000,2000-12-31,183719,1240,7,4.6326422691345215
LightGCN,2000,2000-12-31,183719,912,8,4.613603591918945
LightGCN,2000,2000-12-31,183719,541,9,4.549911975860596
LightGCN,2000,2000-12-31,183719,1221,10,4.5438737869262695
LightGCN,2000,2000-12-31,183891,296,1,4.96241569519043
LightGCN,2000,2000-12-31,183891,593,2,4.921740531921387
LightGCN,2000,2000-12-31,183891,457,3,4.855246067047119
LightGCN,2000,2000-12-31,183891,356,4,4.690121173858643
LightGCN,2000,2000-12-31,183891,150,5,4.598034858703613
LightGCN,2000,2000-12-31,183891,480,6,4.493005752563477
LightGCN,2000,2000-12-31,183891,590,7,4.49176025390625
LightGCN,2000,2000-12-31,183891,608,8,4.3914475440979
LightGCN,2000,2000-12-31,183891,527,9,4.383755683898926
LightGCN,2000,2000-12-31,183891,110,10,4.358013153076172
LightGCN,2000,2000-12-31,184162,480,1,5.589456081390381
LightGCN,2000,2000-12-31,184162,590,2,5.5093278884887695
LightGCN,2000,2000-12-31,184162,589,3,5.448433876037598
LightGCN,2000,2000-12-31,184162,780,4,5.242617607116699
LightGCN,2000,2000-12-31,184162,592,5,5.222458839416504
LightGCN,2000,2000-12-31,184162,50,6,5.088122367858887
LightGCN,2000,2000-12-31,184162,858,7,5.0591936111450195
LightGCN,2000,2000-12-31,184162,36,8,4.965407848358154
LightGCN,2000,2000-12-31,184162,588,9,4.95451021194458
LightGCN,2000,2000-12-31,184162,1196,10,4.932758331298828
LightGCN,2000,2000-12-31,184369,1196,1,5.894502639770508
LightGCN,2000,2000-12-31,184369,1198,2,5.470137119293213
LightGCN,2000,2000-12-31,184369,260,3,5.467964172363281
LightGCN,2000,2000-12-31,184369,858,4,5.337066650390625
LightGCN,2000,2000-12-31,184369,527,5,5.159566879272461
LightGCN,2000,2000-12-31,184369,1270,6,5.11251163482666
LightGCN,2000,2000-12-31,184369,1197,7,5.097772598266602
LightGCN,2000,2000-12-31,184369,1240,8,5.025331020355225
LightGCN,2000,2000-12-31,184369,912,9,5.018125534057617
LightGCN,2000,2000-12-31,184369,541,10,5.007157325744629
LightGCN,2000,2000-12-31,184503,1617,1,5.623310089111328
LightGCN,2000,2000-12-31,184503,1221,2,5.1743974685668945
LightGCN,2000,2000-12-31,184503,924,3,5.041975021362305
LightGCN,2000,2000-12-31,184503,1784,4,5.0196614265441895
LightGCN,2000,2000-12-31,184503,1225,5,4.9746785163879395
LightGCN,2000,2000-12-31,184503,541,6,4.912149906158447
LightGCN,2000,2000-12-31,184503,1136,7,4.876018524169922
LightGCN,2000,2000-12-31,184503,923,8,4.827247619628906
LightGCN,2000,2000-12-31,184503,858,9,4.806723117828369
LightGCN,2000,2000-12-31,184503,1307,10,4.712820529937744
LightGCN,2000,2000-12-31,184932,1617,1,6.336565017700195
LightGCN,2000,2000-12-31,184932,2028,2,6.125824928283691
LightGCN,2000,2000-12-31,184932,1221,3,5.996659278869629
LightGCN,2000,2000-12-31,184932,1193,4,5.940032958984375
LightGCN,2000,2000-12-31,184932,1704,5,5.890752792358398
LightGCN,2000,2000-12-31,184932,1721,6,5.856215953826904
LightGCN,2000,2000-12-31,184932,593,7,5.853060722351074
LightGCN,2000,2000-12-31,184932,296,8,5.774369239807129
LightGCN,2000,2000-12-31,184932,527,9,5.73777961730957
LightGCN,2000,2000-12-31,184932,1307,10,5.679878234863281
LightGCN,2000,2000-12-31,185305,608,1,6.434707164764404
LightGCN,2000,2000-12-31,185305,858,2,6.052577972412109
LightGCN,2000,2000-12-31,185305,527,3,5.925407409667969
LightGCN,2000,2000-12-31,185305,457,4,5.80544376373291
LightGCN,2000,2000-12-31,185305,318,5,5.701511383056641
LightGCN,2000,2000-12-31,185305,1270,6,5.672584533691406
LightGCN,2000,2000-12-31,185305,356,7,5.66686487197876
LightGCN,2000,2000-12-31,185305,1197,8,5.626110076904297
LightGCN,2000,2000-12-31,185305,1240,9,5.570185661315918
LightGCN,2000,2000-12-31,185305,541,10,5.564592361450195
LightGCN,2000,2000-12-31,185612,1196,1,4.546402931213379
LightGCN,2000,2000-12-31,185612,1198,2,4.1964921951293945
LightGCN,2000,2000-12-31,185612,1617,3,4.164430618286133
LightGCN,2000,2000-12-31,185612,2028,4,4.040377140045166
LightGCN,2000,2000-12-31,185612,2396,5,4.026432991027832
LightGCN,2000,2000-12-31,185612,858,6,4.009607315063477
LightGCN,2000,2000-12-31,185612,260,7,3.940302848815918
LightGCN,2000,2000-12-31,185612,1197,8,3.9229841232299805
LightGCN,2000,2000-12-31,185612,1270,9,3.913389205932617
LightGCN,2000,2000-12-31,185612,1213,10,3.8803343772888184
LightGCN,2000,2000-12-31,186048,296,1,4.176552772521973
LightGCN,2000,2000-12-31,186048,593,2,4.142932891845703
LightGCN,2000,2000-12-31,186048,457,3,4.038681507110596
LightGCN,2000,2000-12-31,186048,356,4,3.906738519668579
LightGCN,2000,2000-12-31,186048,318,5,3.841825008392334
LightGCN,2000,2000-12-31,186048,150,6,3.803419828414917
LightGCN,2000,2000-12-31,186048,527,7,3.725668430328369
LightGCN,2000,2000-12-31,186048,480,8,3.7189180850982666
LightGCN,2000,2000-12-31,186048,590,9,3.7087669372558594
LightGCN,2000,2000-12-31,186048,110,10,3.635592222213745
LightGCN,2000,2000-12-31,186149,296,1,5.767024993896484
LightGCN,2000,2000-12-31,186149,260,2,5.662919998168945
LightGCN,2000,2000-12-31,186149,1196,3,5.4629106521606445
LightGCN,2000,2000-12-31,186149,1210,4,5.280234336853027
LightGCN,2000,2000-12-31,186149,318,5,5.273138046264648
LightGCN,2000,2000-12-31,186149,858,6,5.212042808532715
LightGCN,2000,2000-12-31,186149,1198,7,5.111472129821777
LightGCN,2000,2000-12-31,186149,589,8,5.006891250610352
LightGCN,2000,2000-12-31,186149,480,9,4.984584808349609
LightGCN,2000,2000-12-31,186149,150,10,4.94807767868042
LightGCN,2000,2000-12-31,186215,608,1,4.585439205169678
LightGCN,2000,2000-12-31,186215,260,2,4.581428050994873
LightGCN,2000,2000-12-31,186215,527,3,4.246051788330078
LightGCN,2000,2000-12-31,186215,1210,4,4.242953300476074
LightGCN,2000,2000-12-31,186215,318,5,4.242780685424805
LightGCN,2000,2000-12-31,186215,1196,6,4.1892991065979
LightGCN,2000,2000-12-31,186215,858,7,4.086065292358398
LightGCN,2000,2000-12-31,186215,480,8,4.073876857757568
LightGCN,2000,2000-12-31,186215,590,9,3.922579765319824
LightGCN,2000,2000-12-31,186215,1198,10,3.916271448135376
LightGCN,2000,2000-12-31,186216,1270,1,5.746752738952637
LightGCN,2000,2000-12-31,186216,2858,2,5.584846496582031
LightGCN,2000,2000-12-31,186216,260,3,5.572042942047119
LightGCN,2000,2000-12-31,186216,924,4,5.562514781951904
LightGCN,2000,2000-12-31,186216,1784,5,5.511720657348633
LightGCN,2000,2000-12-31,186216,1214,6,5.398097991943359
LightGCN,2000,2000-12-31,186216,2762,7,5.3546833992004395
LightGCN,2000,2000-12-31,186216,1307,8,5.300418853759766
LightGCN,2000,2000-12-31,186216,1247,9,5.280510902404785
LightGCN,2000,2000-12-31,186216,750,10,5.241551399230957
LightGCN,2000,2000-12-31,186489,457,1,7.249086380004883
LightGCN,2000,2000-12-31,186489,590,2,6.802641868591309
LightGCN,2000,2000-12-31,186489,318,3,6.752599716186523
LightGCN,2000,2000-12-31,186489,608,4,6.697722434997559
LightGCN,2000,2000-12-31,186489,32,5,6.688994407653809
LightGCN,2000,2000-12-31,186489,1,6,6.529320240020752
LightGCN,2000,2000-12-31,186489,592,7,6.489362716674805
LightGCN,2000,2000-12-31,186489,110,8,6.483982086181641
LightGCN,2000,2000-12-31,186489,380,9,6.2422332763671875
LightGCN,2000,2000-12-31,186489,588,10,6.108654975891113
LightGCN,2000,2000-12-31,186539,858,1,5.380759239196777
LightGCN,2000,2000-12-31,186539,1213,2,5.374557971954346
LightGCN,2000,2000-12-31,186539,2571,3,5.359887599945068
LightGCN,2000,2000-12-31,186539,1704,4,5.323905944824219
LightGCN,2000,2000-12-31,186539,1721,5,5.213039398193359
LightGCN,2000,2000-12-31,186539,260,6,5.080089569091797
LightGCN,2000,2000-12-31,186539,1208,7,4.999378204345703
LightGCN,2000,2000-12-31,186539,1923,8,4.958391189575195
LightGCN,2000,2000-12-31,186539,1220,9,4.696836948394775
LightGCN,2000,2000-12-31,186539,1278,10,4.612936019897461
LightGCN,2000,2000-12-31,186796,1196,1,5.772309303283691
LightGCN,2000,2000-12-31,186796,1198,2,5.325014591217041
LightGCN,2000,2000-12-31,186796,1617,3,5.298501968383789
LightGCN,2000,2000-12-31,186796,2028,4,5.126923561096191
LightGCN,2000,2000-12-31,186796,912,5,5.023985862731934
LightGCN,2000,2000-12-31,186796,1197,6,4.97620153427124
LightGCN,2000,2000-12-31,186796,1270,7,4.961883544921875
LightGCN,2000,2000-12-31,186796,608,8,4.902351379394531
LightGCN,2000,2000-12-31,186796,1704,9,4.895035743713379
LightGCN,2000,2000-12-31,186796,1240,10,4.881748199462891
LightGCN,2000,2000-12-31,187584,1197,1,6.039064407348633
LightGCN,2000,2000-12-31,187584,2858,2,6.013371467590332
LightGCN,2000,2000-12-31,187584,1270,3,6.011843681335449
LightGCN,2000,2000-12-31,187584,1721,4,5.8367438316345215
LightGCN,2000,2000-12-31,187584,2762,5,5.735809326171875
LightGCN,2000,2000-12-31,187584,1097,6,5.66800594329834
LightGCN,2000,2000-12-31,187584,1230,7,5.610260009765625
LightGCN,2000,2000-12-31,187584,923,8,5.550811767578125
LightGCN,2000,2000-12-31,187584,1580,9,5.452948570251465
LightGCN,2000,2000-12-31,187584,1259,10,5.350563049316406
LightGCN,2000,2000-12-31,187647,1193,1,5.377809524536133
LightGCN,2000,2000-12-31,187647,924,2,5.372820854187012
LightGCN,2000,2000-12-31,187647,923,3,4.95050048828125
LightGCN,2000,2000-12-31,187647,1641,4,4.936916351318359
LightGCN,2000,2000-12-31,187647,1230,5,4.893806457519531
LightGCN,2000,2000-12-31,187647,1183,6,4.849974155426025
LightGCN,2000,2000-12-31,187647,904,7,4.833446502685547
LightGCN,2000,2000-12-31,187647,1358,8,4.661604404449463
LightGCN,2000,2000-12-31,187647,969,9,4.594823837280273
LightGCN,2000,2000-12-31,187647,1233,10,4.566799163818359
LightGCN,2000,2000-12-31,188084,260,1,6.165539741516113
LightGCN,2000,2000-12-31,188084,608,2,6.053109169006348
LightGCN,2000,2000-12-31,188084,593,3,5.818144798278809
LightGCN,2000,2000-12-31,188084,296,4,5.789921760559082
LightGCN,2000,2000-12-31,188084,1210,5,5.703632354736328
LightGCN,2000,2000-12-31,188084,457,6,5.556207656860352
LightGCN,2000,2000-12-31,188084,858,7,5.421422004699707
LightGCN,2000,2000-12-31,188084,1196,8,5.41475772857666
LightGCN,2000,2000-12-31,188084,356,9,5.403828144073486
LightGCN,2000,2000-12-31,188084,1,10,5.372827529907227
LightGCN,2000,2000-12-31,188115,1196,1,5.784940719604492
LightGCN,2000,2000-12-31,188115,1198,2,5.343332290649414
LightGCN,2000,2000-12-31,188115,1617,3,5.286802291870117
LightGCN,2000,2000-12-31,188115,2028,4,5.089210510253906
LightGCN,2000,2000-12-31,188115,858,5,5.04644250869751
LightGCN,2000,2000-12-31,188115,912,6,5.037315368652344
LightGCN,2000,2000-12-31,188115,1197,7,4.985347747802734
LightGCN,2000,2000-12-31,188115,1213,8,4.970881462097168
LightGCN,2000,2000-12-31,188115,1270,9,4.967543601989746
LightGCN,2000,2000-12-31,188115,1240,10,4.897310256958008
LightGCN,2000,2000-12-31,188777,608,1,6.804706573486328
LightGCN,2000,2000-12-31,188777,593,2,6.201479911804199
LightGCN,2000,2000-12-31,188777,1213,3,5.741886138916016
LightGCN,2000,2000-12-31,188777,924,4,5.658596038818359
LightGCN,2000,2000-12-31,188777,318,5,5.583703994750977
LightGCN,2000,2000-12-31,188777,1704,6,5.452920913696289
LightGCN,2000,2000-12-31,188777,1208,7,5.300604343414307
LightGCN,2000,2000-12-31,188777,1230,8,5.082936763763428
LightGCN,2000,2000-12-31,188777,1641,9,5.045094013214111
LightGCN,2000,2000-12-31,188777,111,10,4.9917449951171875
LightGCN,2000,2000-12-31,189446,593,1,2.3377246856689453
LightGCN,2000,2000-12-31,189446,296,2,2.334709644317627
LightGCN,2000,2000-12-31,189446,1196,3,2.324538230895996
LightGCN,2000,2000-12-31,189446,608,4,2.195763349533081
LightGCN,2000,2000-12-31,189446,527,5,2.188282012939453
LightGCN,2000,2000-12-31,189446,457,6,2.1752982139587402
LightGCN,2000,2000-12-31,189446,260,7,2.1494202613830566
LightGCN,2000,2000-12-31,189446,1198,8,2.1492652893066406
LightGCN,2000,2000-12-31,189446,318,9,2.134507656097412
LightGCN,2000,2000-12-31,189446,356,10,2.121361255645752
LightGCN,2000,2000-12-31,189727,1196,1,4.545507431030273
LightGCN,2000,2000-12-31,189727,1617,2,4.457805633544922
LightGCN,2000,2000-12-31,189727,2028,3,4.345705509185791
LightGCN,2000,2000-12-31,189727,1704,4,4.081286907196045
LightGCN,2000,2000-12-31,189727,912,5,4.057847499847412
LightGCN,2000,2000-12-31,189727,1221,6,3.9981350898742676
LightGCN,2000,2000-12-31,189727,1213,7,3.9906177520751953
LightGCN,2000,2000-12-31,189727,1784,8,3.965977668762207
LightGCN,2000,2000-12-31,189727,1721,9,3.922934055328369
LightGCN,2000,2000-12-31,189727,924,10,3.8548831939697266
LightGCN,2000,2000-12-31,189855,608,1,6.343449592590332
LightGCN,2000,2000-12-31,189855,356,2,5.599623203277588
LightGCN,2000,2000-12-31,189855,1213,3,5.3602094650268555
LightGCN,2000,2000-12-31,189855,1221,4,5.2845988273620605
LightGCN,2000,2000-12-31,189855,1136,5,5.2839765548706055
LightGCN,2000,2000-12-31,189855,480,6,5.249602317810059
LightGCN,2000,2000-12-31,189855,1200,7,5.19560432434082
LightGCN,2000,2000-12-31,189855,1225,8,5.186039924621582
LightGCN,2000,2000-12-31,189855,2028,9,5.152701377868652
LightGCN,2000,2000-12-31,189855,1291,10,5.1450605392456055
LightGCN,2000,2000-12-31,190019,1617,1,3.904944896697998
LightGCN,2000,2000-12-31,190019,2028,2,3.8689186573028564
LightGCN,2000,2000-12-31,190019,2571,3,3.7614822387695312
LightGCN,2000,2000-12-31,190019,1196,4,3.6582813262939453
LightGCN,2000,2000-12-31,190019,1704,5,3.5364959239959717
LightGCN,2000,2000-12-31,190019,1784,6,3.4163026809692383
LightGCN,2000,2000-12-31,190019,912,7,3.399662494659424
LightGCN,2000,2000-12-31,190019,1923,8,3.3935329914093018
LightGCN,2000,2000-12-31,190019,2716,9,3.3930296897888184
LightGCN,2000,2000-12-31,190019,1221,10,3.3488521575927734
LightGCN,2000,2000-12-31,190462,1196,1,4.0283050537109375
LightGCN,2000,2000-12-31,190462,2028,2,3.754427909851074
LightGCN,2000,2000-12-31,190462,1198,3,3.70205020904541
LightGCN,2000,2000-12-31,190462,2571,4,3.6075007915496826
LightGCN,2000,2000-12-31,190462,912,5,3.5632290840148926
LightGCN,2000,2000-12-31,190462,2762,6,3.5285027027130127
LightGCN,2000,2000-12-31,190462,1213,7,3.509161949157715
LightGCN,2000,2000-12-31,190462,1221,8,3.4976654052734375
LightGCN,2000,2000-12-31,190462,1197,9,3.469788074493408
LightGCN,2000,2000-12-31,190462,1784,10,3.4571242332458496
LightGCN,2000,2000-12-31,190705,260,1,4.56182861328125
LightGCN,2000,2000-12-31,190705,608,2,4.530067443847656
LightGCN,2000,2000-12-31,190705,858,3,4.2540130615234375
LightGCN,2000,2000-12-31,190705,593,4,4.247149467468262
LightGCN,2000,2000-12-31,190705,296,5,4.216833114624023
LightGCN,2000,2000-12-31,190705,1198,6,4.1911301612854
LightGCN,2000,2000-12-31,190705,527,7,4.025486946105957
LightGCN,2000,2000-12-31,190705,1270,8,3.9262380599975586
LightGCN,2000,2000-12-31,190705,457,9,3.908543825149536
LightGCN,2000,2000-12-31,190705,1240,10,3.8528358936309814
LightGCN,2000,2000-12-31,190803,1196,1,5.9036970138549805
LightGCN,2000,2000-12-31,190803,260,2,5.865013122558594
LightGCN,2000,2000-12-31,190803,1198,3,5.509609699249268
LightGCN,2000,2000-12-31,190803,1210,4,5.50623893737793
LightGCN,2000,2000-12-31,190803,480,5,5.1402974128723145
LightGCN,2000,2000-12-31,190803,50,6,5.114339351654053
LightGCN,2000,2000-12-31,190803,1197,7,5.112186431884766
LightGCN,2000,2000-12-31,190803,541,8,5.092277526855469
LightGCN,2000,2000-12-31,190803,150,9,5.075992584228516
LightGCN,2000,2000-12-31,190803,1240,10,5.047974586486816
LightGCN,2000,2000-12-31,190958,608,1,5.935327529907227
LightGCN,2000,2000-12-31,190958,527,2,5.2593278884887695
LightGCN,2000,2000-12-31,190958,32,3,5.103588581085205
LightGCN,2000,2000-12-31,190958,150,4,4.8466081619262695
LightGCN,2000,2000-12-31,190958,1240,5,4.762375831604004
LightGCN,2000,2000-12-31,190958,541,6,4.731746673583984
LightGCN,2000,2000-12-31,190958,1097,7,4.724020004272461
LightGCN,2000,2000-12-31,190958,780,8,4.688882827758789
LightGCN,2000,2000-12-31,190958,36,9,4.6469879150390625
LightGCN,2000,2000-12-31,190958,1291,10,4.531949520111084
LightGCN,2000,2000-12-31,191899,2028,1,6.212089538574219
LightGCN,2000,2000-12-31,191899,1221,2,5.963875770568848
LightGCN,2000,2000-12-31,191899,2858,3,5.951345443725586
LightGCN,2000,2000-12-31,191899,2571,4,5.93834924697876
LightGCN,2000,2000-12-31,191899,1193,5,5.868163108825684
LightGCN,2000,2000-12-31,191899,924,6,5.837804794311523
LightGCN,2000,2000-12-31,191899,1136,7,5.715205192565918
LightGCN,2000,2000-12-31,191899,2762,8,5.684556007385254
LightGCN,2000,2000-12-31,191899,1210,9,5.660210132598877
LightGCN,2000,2000-12-31,191899,1097,10,5.645302772521973
LightGCN,2000,2000-12-31,193248,1196,1,4.658266544342041
LightGCN,2000,2000-12-31,193248,260,2,4.40830659866333
LightGCN,2000,2000-12-31,193248,1198,3,4.329693794250488
LightGCN,2000,2000-12-31,193248,1210,4,4.203871250152588
LightGCN,2000,2000-12-31,193248,1617,5,4.050344944000244
LightGCN,2000,2000-12-31,193248,1270,6,4.04563045501709
LightGCN,2000,2000-12-31,193248,1197,7,4.027677536010742
LightGCN,2000,2000-12-31,193248,1240,8,3.977726936340332
LightGCN,2000,2000-12-31,193248,541,9,3.967158794403076
LightGCN,2000,2000-12-31,193248,2028,10,3.8875293731689453
LightGCN,2000,2000-12-31,193817,457,1,6.522263526916504
LightGCN,2000,2000-12-31,193817,356,2,6.302470684051514
LightGCN,2000,2000-12-31,193817,150,3,6.175372123718262
LightGCN,2000,2000-12-31,193817,590,4,6.035017013549805
LightGCN,2000,2000-12-31,193817,480,5,6.023475170135498
LightGCN,2000,2000-12-31,193817,608,6,5.959372520446777
LightGCN,2000,2000-12-31,193817,110,7,5.852351665496826
LightGCN,2000,2000-12-31,193817,589,8,5.84419059753418
LightGCN,2000,2000-12-31,193817,260,9,5.821510314941406
LightGCN,2000,2000-12-31,193817,592,10,5.728411674499512
LightGCN,2000,2000-12-31,194202,1196,1,6.365385055541992
LightGCN,2000,2000-12-31,194202,608,2,5.7893829345703125
LightGCN,2000,2000-12-31,194202,858,3,5.69823694229126
LightGCN,2000,2000-12-31,194202,1617,4,5.556702613830566
LightGCN,2000,2000-12-31,194202,1270,5,5.521379470825195
LightGCN,2000,2000-12-31,194202,593,6,5.454018592834473
LightGCN,2000,2000-12-31,194202,1240,7,5.43613862991333
LightGCN,2000,2000-12-31,194202,912,8,5.400126934051514
LightGCN,2000,2000-12-31,194202,296,9,5.3919172286987305
LightGCN,2000,2000-12-31,194202,1213,10,5.354820251464844
LightGCN,2000,2000-12-31,194405,1617,1,4.666006088256836
LightGCN,2000,2000-12-31,194405,2396,2,4.545317649841309
LightGCN,2000,2000-12-31,194405,2028,3,4.530374050140381
LightGCN,2000,2000-12-31,194405,912,4,4.4134416580200195
LightGCN,2000,2000-12-31,194405,2858,5,4.368795394897461
LightGCN,2000,2000-12-31,194405,1213,6,4.34437370300293
LightGCN,2000,2000-12-31,194405,2571,7,4.3336639404296875
LightGCN,2000,2000-12-31,194405,1221,8,4.32546329498291
LightGCN,2000,2000-12-31,194405,1704,9,4.305282115936279
LightGCN,2000,2000-12-31,194405,858,10,4.276589393615723
LightGCN,2000,2000-12-31,194627,608,1,6.208884239196777
LightGCN,2000,2000-12-31,194627,1196,2,6.176699638366699
LightGCN,2000,2000-12-31,194627,260,3,6.1714277267456055
LightGCN,2000,2000-12-31,194627,593,4,6.101193428039551
LightGCN,2000,2000-12-31,194627,296,5,6.077845096588135
LightGCN,2000,2000-12-31,194627,1210,6,5.792901992797852
LightGCN,2000,2000-12-31,194627,1198,7,5.769826889038086
LightGCN,2000,2000-12-31,194627,457,8,5.658748149871826
LightGCN,2000,2000-12-31,194627,318,9,5.544726371765137
LightGCN,2000,2000-12-31,194627,356,10,5.520946025848389
LightGCN,2000,2000-12-31,194874,1196,1,5.992470741271973
LightGCN,2000,2000-12-31,194874,260,2,5.8157854080200195
LightGCN,2000,2000-12-31,194874,527,3,5.594813346862793
LightGCN,2000,2000-12-31,194874,1198,4,5.587355613708496
LightGCN,2000,2000-12-31,194874,858,5,5.540708541870117
LightGCN,2000,2000-12-31,194874,1197,6,5.185774326324463
LightGCN,2000,2000-12-31,194874,541,7,5.167259216308594
LightGCN,2000,2000-12-31,194874,1240,8,5.12077522277832
LightGCN,2000,2000-12-31,194874,912,9,5.093253135681152
LightGCN,2000,2000-12-31,194874,50,10,5.073992729187012
LightGCN,2000,2000-12-31,194934,457,1,5.030341625213623
LightGCN,2000,2000-12-31,194934,296,2,4.9647979736328125
LightGCN,2000,2000-12-31,194934,150,3,4.941776275634766
LightGCN,2000,2000-12-31,194934,593,4,4.882153511047363
LightGCN,2000,2000-12-31,194934,590,5,4.8802971839904785
LightGCN,2000,2000-12-31,194934,592,6,4.698720932006836
LightGCN,2000,2000-12-31,194934,318,7,4.613016605377197
LightGCN,2000,2000-12-31,194934,380,8,4.49671745300293
LightGCN,2000,2000-12-31,194934,110,9,4.436339378356934
LightGCN,2000,2000-12-31,194934,589,10,4.398695468902588
LightGCN,2000,2000-12-31,194968,1240,1,5.325552940368652
LightGCN,2000,2000-12-31,194968,1721,2,5.155434608459473
LightGCN,2000,2000-12-31,194968,1097,3,5.128973960876465
LightGCN,2000,2000-12-31,194968,1784,4,5.103512763977051
LightGCN,2000,2000-12-31,194968,1200,5,5.041388511657715
LightGCN,2000,2000-12-31,194968,2858,6,5.0036821365356445
LightGCN,2000,2000-12-31,194968,593,7,4.949341773986816
LightGCN,2000,2000-12-31,194968,527,8,4.897009372711182
LightGCN,2000,2000-12-31,194968,1291,9,4.874910831451416
LightGCN,2000,2000-12-31,194968,2762,10,4.806645393371582
LightGCN,2000,2000-12-31,195354,1097,1,5.935019493103027
LightGCN,2000,2000-12-31,195354,912,2,5.793421745300293
LightGCN,2000,2000-12-31,195354,34,3,5.526078701019287
LightGCN,2000,2000-12-31,195354,592,4,5.2111639976501465
LightGCN,2000,2000-12-31,195354,1387,5,5.136173248291016
LightGCN,2000,2000-12-31,195354,1206,6,5.103623390197754
LightGCN,2000,2000-12-31,195354,1080,7,5.069202423095703
LightGCN,2000,2000-12-31,195354,21,8,5.058557510375977
LightGCN,2000,2000-12-31,195354,588,9,5.050324440002441
LightGCN,2000,2000-12-31,195354,1073,10,4.972906112670898
LightGCN,2000,2000-12-31,196176,1196,1,5.208383560180664
LightGCN,2000,2000-12-31,196176,1198,2,4.8172149658203125
LightGCN,2000,2000-12-31,196176,1617,3,4.679394721984863
LightGCN,2000,2000-12-31,196176,2028,4,4.508646011352539
LightGCN,2000,2000-12-31,196176,912,5,4.5031657218933105
LightGCN,2000,2000-12-31,196176,2396,6,4.471157550811768
LightGCN,2000,2000-12-31,196176,608,7,4.457305908203125
LightGCN,2000,2000-12-31,196176,1213,8,4.444962501525879
LightGCN,2000,2000-12-31,196176,260,9,4.443074703216553
LightGCN,2000,2000-12-31,196176,1240,10,4.42411994934082
LightGCN,2000,2000-12-31,196411,296,1,6.390227317810059
LightGCN,2000,2000-12-31,196411,593,2,6.389845371246338
LightGCN,2000,2000-12-31,196411,457,3,6.053716659545898
LightGCN,2000,2000-12-31,196411,1196,4,5.957611560821533
LightGCN,2000,2000-12-31,196411,527,5,5.899294376373291
LightGCN,2000,2000-12-31,196411,318,6,5.849811553955078
LightGCN,2000,2000-12-31,196411,1210,7,5.7833099365234375
LightGCN,2000,2000-12-31,196411,1198,8,5.574846267700195
LightGCN,2000,2000-12-31,196411,589,9,5.570438861846924
LightGCN,2000,2000-12-31,196411,110,10,5.526778697967529
LightGCN,2000,2000-12-31,196431,608,1,4.8981852531433105
LightGCN,2000,2000-12-31,196431,593,2,4.734218120574951
LightGCN,2000,2000-12-31,196431,1210,3,4.622448921203613
LightGCN,2000,2000-12-31,196431,356,4,4.278348922729492
LightGCN,2000,2000-12-31,196431,1270,5,4.264659404754639
LightGCN,2000,2000-12-31,196431,1197,6,4.227294445037842
LightGCN,2000,2000-12-31,196431,541,7,4.186275482177734
LightGCN,2000,2000-12-31,196431,1097,8,4.12772274017334
LightGCN,2000,2000-12-31,196431,912,9,4.092970848083496
LightGCN,2000,2000-12-31,196431,1213,10,4.074700832366943
LightGCN,2000,2000-12-31,196519,527,1,5.683205604553223
LightGCN,2000,2000-12-31,196519,1197,2,5.41135311126709
LightGCN,2000,2000-12-31,196519,912,3,5.264494895935059
LightGCN,2000,2000-12-31,196519,1580,4,4.952753067016602
LightGCN,2000,2000-12-31,196519,1,5,4.875627040863037
LightGCN,2000,2000-12-31,196519,34,6,4.78865909576416
LightGCN,2000,2000-12-31,196519,1304,7,4.695766448974609
LightGCN,2000,2000-12-31,196519,1089,8,4.687225818634033
LightGCN,2000,2000-12-31,196519,1234,9,4.684237480163574
LightGCN,2000,2000-12-31,196519,1230,10,4.647871971130371
LightGCN,2000,2000-12-31,197107,296,1,5.620675086975098
LightGCN,2000,2000-12-31,197107,593,2,5.609199523925781
LightGCN,2000,2000-12-31,197107,608,3,5.356509208679199
LightGCN,2000,2000-12-31,197107,356,4,5.266332149505615
LightGCN,2000,2000-12-31,197107,318,5,5.169116973876953
LightGCN,2000,2000-12-31,197107,527,6,5.08378791809082
LightGCN,2000,2000-12-31,197107,150,7,5.056554317474365
LightGCN,2000,2000-12-31,197107,590,8,4.912299156188965
LightGCN,2000,2000-12-31,197107,32,9,4.8933916091918945
LightGCN,2000,2000-12-31,197107,1196,10,4.788207530975342
LightGCN,2000,2000-12-31,197282,1196,1,3.7919423580169678
LightGCN,2000,2000-12-31,197282,260,2,3.6220543384552
LightGCN,2000,2000-12-31,197282,608,3,3.5331664085388184
LightGCN,2000,2000-12-31,197282,1210,4,3.5131657123565674
LightGCN,2000,2000-12-31,197282,1198,5,3.508359432220459
LightGCN,2000,2000-12-31,197282,858,6,3.495248317718506
LightGCN,2000,2000-12-31,197282,1617,7,3.355576992034912
LightGCN,2000,2000-12-31,197282,1270,8,3.2821156978607178
LightGCN,2000,2000-12-31,197282,1197,9,3.281317949295044
LightGCN,2000,2000-12-31,197282,1240,10,3.252866744995117
LightGCN,2000,2000-12-31,198230,1617,1,5.9330644607543945
LightGCN,2000,2000-12-31,198230,2028,2,5.836535930633545
LightGCN,2000,2000-12-31,198230,2396,3,5.828804969787598
LightGCN,2000,2000-12-31,198230,2858,4,5.679378509521484
LightGCN,2000,2000-12-31,198230,2571,5,5.614212989807129
LightGCN,2000,2000-12-31,198230,1704,6,5.469228744506836
LightGCN,2000,2000-12-31,198230,1213,7,5.388016700744629
LightGCN,2000,2000-12-31,198230,1221,8,5.385690689086914
LightGCN,2000,2000-12-31,198230,1784,9,5.350321292877197
LightGCN,2000,2000-12-31,198230,1721,10,5.345946311950684
LightGCN,2000,2000-12-31,198579,1196,1,3.206674337387085
LightGCN,2000,2000-12-31,198579,1198,2,2.9721765518188477
LightGCN,2000,2000-12-31,198579,1617,3,2.870018243789673
LightGCN,2000,2000-12-31,198579,858,4,2.8673148155212402
LightGCN,2000,2000-12-31,198579,608,5,2.8069729804992676
LightGCN,2000,2000-12-31,198579,1197,6,2.7680938243865967
LightGCN,2000,2000-12-31,198579,1270,7,2.760870933532715
LightGCN,2000,2000-12-31,198579,2028,8,2.749786376953125
LightGCN,2000,2000-12-31,198579,1213,9,2.740809202194214
LightGCN,2000,2000-12-31,198579,2396,10,2.7376558780670166
LightGCN,2000,2000-12-31,198591,858,1,4.715130805969238
LightGCN,2000,2000-12-31,198591,1617,2,4.501106262207031
LightGCN,2000,2000-12-31,198591,527,3,4.467936038970947
LightGCN,2000,2000-12-31,198591,912,4,4.404328346252441
LightGCN,2000,2000-12-31,198591,1213,5,4.366268157958984
LightGCN,2000,2000-12-31,198591,2028,6,4.323318004608154
LightGCN,2000,2000-12-31,198591,1221,7,4.318126201629639
LightGCN,2000,2000-12-31,198591,1097,8,4.315794944763184
LightGCN,2000,2000-12-31,198591,1136,9,4.258458137512207
LightGCN,2000,2000-12-31,198591,2396,10,4.255931377410889
LightGCN,2000,2000-12-31,198884,912,1,5.19365119934082
LightGCN,2000,2000-12-31,198884,1704,2,5.0987114906311035
LightGCN,2000,2000-12-31,198884,1213,3,5.086779594421387
LightGCN,2000,2000-12-31,198884,1784,4,4.96732234954834
LightGCN,2000,2000-12-31,198884,1270,5,4.952925682067871
LightGCN,2000,2000-12-31,198884,1240,6,4.890538215637207
LightGCN,2000,2000-12-31,198884,919,7,4.829913139343262
LightGCN,2000,2000-12-31,198884,1247,8,4.776335716247559
LightGCN,2000,2000-12-31,198884,750,9,4.703984260559082
LightGCN,2000,2000-12-31,198884,1641,10,4.6597700119018555
LightGCN,2000,2000-12-31,198909,1196,1,5.528906345367432
LightGCN,2000,2000-12-31,198909,1198,2,5.125663757324219
LightGCN,2000,2000-12-31,198909,260,3,4.904443264007568
LightGCN,2000,2000-12-31,198909,912,4,4.788773059844971
LightGCN,2000,2000-12-31,198909,1197,5,4.773171901702881
LightGCN,2000,2000-12-31,198909,1270,6,4.772604942321777
LightGCN,2000,2000-12-31,198909,2028,7,4.74752140045166
LightGCN,2000,2000-12-31,198909,1210,8,4.733814239501953
LightGCN,2000,2000-12-31,198909,1240,9,4.692850112915039
LightGCN,2000,2000-12-31,198909,541,10,4.669642925262451
LightGCN,2000,2000-12-31,199015,296,1,7.12856388092041
LightGCN,2000,2000-12-31,199015,593,2,7.097695827484131
LightGCN,2000,2000-12-31,199015,608,3,6.811101913452148
LightGCN,2000,2000-12-31,199015,318,4,6.572603225708008
LightGCN,2000,2000-12-31,199015,150,5,6.538455009460449
LightGCN,2000,2000-12-31,199015,32,6,6.4151105880737305
LightGCN,2000,2000-12-31,199015,590,7,6.3693952560424805
LightGCN,2000,2000-12-31,199015,1,8,6.313209533691406
LightGCN,2000,2000-12-31,199015,592,9,6.0334153175354
LightGCN,2000,2000-12-31,199015,858,10,5.812443256378174
LightGCN,2000,2000-12-31,199572,2858,1,3.350271701812744
LightGCN,2000,2000-12-31,199572,1617,2,3.3459901809692383
LightGCN,2000,2000-12-31,199572,2396,3,3.342193126678467
LightGCN,2000,2000-12-31,199572,2762,4,3.1493539810180664
LightGCN,2000,2000-12-31,199572,2571,5,3.1383936405181885
LightGCN,2000,2000-12-31,199572,1704,6,3.0353031158447266
LightGCN,2000,2000-12-31,199572,912,7,3.0165860652923584
LightGCN,2000,2000-12-31,199572,1198,8,3.0111987590789795
LightGCN,2000,2000-12-31,199572,1221,9,2.9717328548431396
LightGCN,2000,2000-12-31,199572,1230,10,2.902554988861084
LightGCN,2000,2000-12-31,199632,318,1,6.425641059875488
LightGCN,2000,2000-12-31,199632,541,2,6.095822334289551
LightGCN,2000,2000-12-31,199632,1240,3,6.0533294677734375
LightGCN,2000,2000-12-31,199632,32,4,6.042150497436523
LightGCN,2000,2000-12-31,199632,480,5,6.036046981811523
LightGCN,2000,2000-12-31,199632,1265,6,5.844910621643066
LightGCN,2000,2000-12-31,199632,924,7,5.827709674835205
LightGCN,2000,2000-12-31,199632,1225,8,5.704667091369629
LightGCN,2000,2000-12-31,199632,36,9,5.561657428741455
LightGCN,2000,2000-12-31,199632,1036,10,5.5516228675842285
LightGCN,2000,2000-12-31,199765,1197,1,5.729683876037598
LightGCN,2000,2000-12-31,199765,912,2,5.492574214935303
LightGCN,2000,2000-12-31,199765,1213,3,5.480412483215332
LightGCN,2000,2000-12-31,199765,1136,4,5.424644470214844
LightGCN,2000,2000-12-31,199765,924,5,5.406199932098389
LightGCN,2000,2000-12-31,199765,1221,6,5.3922119140625
LightGCN,2000,2000-12-31,199765,1200,7,5.391294956207275
LightGCN,2000,2000-12-31,199765,1721,8,5.279475212097168
LightGCN,2000,2000-12-31,199765,1784,9,5.117509841918945
LightGCN,2000,2000-12-31,199765,1259,10,5.087278842926025
LightGCN,2000,2000-12-31,199966,608,1,6.188913345336914
LightGCN,2000,2000-12-31,199966,260,2,6.17179012298584
LightGCN,2000,2000-12-31,199966,858,3,5.820252895355225
LightGCN,2000,2000-12-31,199966,527,4,5.7459869384765625
LightGCN,2000,2000-12-31,199966,356,5,5.508949279785156
LightGCN,2000,2000-12-31,199966,1197,6,5.445201396942139
LightGCN,2000,2000-12-31,199966,1240,7,5.390913009643555
LightGCN,2000,2000-12-31,199966,1617,8,5.354743480682373
LightGCN,2000,2000-12-31,199966,1213,9,5.2508344650268555
LightGCN,2000,2000-12-31,199966,110,10,5.2068095207214355
LightGCN,2000,2000-12-31,200582,1617,1,4.713963508605957
LightGCN,2000,2000-12-31,200582,858,2,4.661713600158691
LightGCN,2000,2000-12-31,200582,608,3,4.646708965301514
LightGCN,2000,2000-12-31,200582,2028,4,4.595802307128906
LightGCN,2000,2000-12-31,200582,1213,5,4.474165916442871
LightGCN,2000,2000-12-31,200582,541,6,4.451098918914795
LightGCN,2000,2000-12-31,200582,1221,7,4.428646087646484
LightGCN,2000,2000-12-31,200582,1721,8,4.404339790344238
LightGCN,2000,2000-12-31,200582,924,9,4.371605396270752
LightGCN,2000,2000-12-31,200582,593,10,4.3557448387146
LightGCN,2000,2000-12-31,200649,1197,1,6.880071640014648
LightGCN,2000,2000-12-31,200649,1704,2,6.5491862297058105
LightGCN,2000,2000-12-31,200649,2571,3,6.445178031921387
LightGCN,2000,2000-12-31,200649,2858,4,6.30650520324707
LightGCN,2000,2000-12-31,200649,1394,5,6.1335248947143555
LightGCN,2000,2000-12-31,200649,2762,6,6.032449722290039
LightGCN,2000,2000-12-31,200649,1641,7,6.026669025421143
LightGCN,2000,2000-12-31,200649,1089,8,5.932208061218262
LightGCN,2000,2000-12-31,200649,1288,9,5.732189178466797
LightGCN,2000,2000-12-31,200649,2716,10,5.692501068115234
LightGCN,2000,2000-12-31,200797,1196,1,4.558271408081055
LightGCN,2000,2000-12-31,200797,1617,2,4.46854305267334
LightGCN,2000,2000-12-31,200797,2858,3,4.381918907165527
LightGCN,2000,2000-12-31,200797,1198,4,4.160170555114746
LightGCN,2000,2000-12-31,200797,2762,5,4.159252166748047
LightGCN,2000,2000-12-31,200797,1704,6,4.093972682952881
LightGCN,2000,2000-12-31,200797,912,7,4.071166038513184
LightGCN,2000,2000-12-31,200797,1213,8,3.9895315170288086
LightGCN,2000,2000-12-31,200797,1784,9,3.98709774017334
LightGCN,2000,2000-12-31,200797,1721,10,3.9392781257629395
LightGCN,2000,2000-12-31,200837,2839,1,1.1297916173934937
LightGCN,2000,2000-12-31,200837,2721,2,1.1231179237365723
LightGCN,2000,2000-12-31,200837,2828,3,1.0745127201080322
LightGCN,2000,2000-12-31,200837,2829,4,1.0561388731002808
LightGCN,2000,2000-12-31,200837,2891,5,1.0529471635818481
LightGCN,2000,2000-12-31,200837,2883,6,1.0110530853271484
LightGCN,2000,2000-12-31,200837,2885,7,0.9959697723388672
LightGCN,2000,2000-12-31,200837,3007,8,0.990181028842926
LightGCN,2000,2000-12-31,200837,2759,9,0.987671971321106
LightGCN,2000,2000-12-31,200837,2711,10,0.9770666360855103
