model,year,timestamp,user_id,item_id,rank,score
NeuMF,2013,2013-12-31,551,26003,1,0.9995753169059753
NeuMF,2013,2013-12-31,551,91658,2,0.9990894794464111
NeuMF,2013,2013-12-31,551,72011,3,0.9990668892860413
NeuMF,2013,2013-12-31,551,90439,4,0.9984191656112671
NeuMF,2013,2013-12-31,551,90866,5,0.9984027743339539
NeuMF,2013,2013-12-31,551,79720,6,0.9983446598052979
NeuMF,2013,2013-12-31,551,7981,7,0.9983445405960083
NeuMF,2013,2013-12-31,551,79702,8,0.998281717300415
NeuMF,2013,2013-12-31,551,55363,9,0.9979897737503052
NeuMF,2013,2013-12-31,551,78499,10,0.9976390600204468
NeuMF,2013,2013-12-31,587,6975,1,0.9998763799667358
NeuMF,2013,2013-12-31,587,56782,2,0.9996850490570068
NeuMF,2013,2013-12-31,587,55118,3,0.9996044039726257
NeuMF,2013,2013-12-31,587,1464,4,0.9990928173065186
NeuMF,2013,2013-12-31,587,79132,5,0.9990203380584717
NeuMF,2013,2013-12-31,587,57274,6,0.9989296793937683
NeuMF,2013,2013-12-31,587,69481,7,0.9987766146659851
NeuMF,2013,2013-12-31,587,85342,8,0.9985207915306091
NeuMF,2013,2013-12-31,587,2594,9,0.9978141784667969
NeuMF,2013,2013-12-31,587,32587,10,0.997798502445221
NeuMF,2013,2013-12-31,839,1193,1,0.9998036026954651
NeuMF,2013,2013-12-31,839,1208,2,0.9995232820510864
NeuMF,2013,2013-12-31,839,1225,3,0.9994825124740601
NeuMF,2013,2013-12-31,839,858,4,0.9992578625679016
NeuMF,2013,2013-12-31,839,2728,5,0.9992558360099792
NeuMF,2013,2013-12-31,839,3654,6,0.9990808963775635
NeuMF,2013,2013-12-31,839,1201,7,0.998941957950592
NeuMF,2013,2013-12-31,839,3545,8,0.9989062547683716
NeuMF,2013,2013-12-31,839,1247,9,0.9988755583763123
NeuMF,2013,2013-12-31,839,1221,10,0.9987550973892212
NeuMF,2013,2013-12-31,1035,7153,1,0.9996297359466553
NeuMF,2013,2013-12-31,1035,1193,2,0.9993311166763306
NeuMF,2013,2013-12-31,1035,49530,3,0.9991969466209412
NeuMF,2013,2013-12-31,1035,2067,4,0.9991766810417175
NeuMF,2013,2013-12-31,1035,60069,5,0.9991757273674011
NeuMF,2013,2013-12-31,1035,1221,6,0.9991230368614197
NeuMF,2013,2013-12-31,1035,858,7,0.9989356398582458
NeuMF,2013,2013-12-31,1035,48780,8,0.9988411068916321
NeuMF,2013,2013-12-31,1035,33166,9,0.9988299012184143
NeuMF,2013,2013-12-31,1035,46723,10,0.9988271594047546
NeuMF,2013,2013-12-31,1149,3147,1,0.9993808269500732
NeuMF,2013,2013-12-31,1149,3508,2,0.998931348323822
NeuMF,2013,2013-12-31,1149,1127,3,0.9984375834465027
NeuMF,2013,2013-12-31,1149,1090,4,0.998218834400177
NeuMF,2013,2013-12-31,1149,3916,5,0.9981069564819336
NeuMF,2013,2013-12-31,1149,2762,6,0.9980829954147339
NeuMF,2013,2013-12-31,1149,1196,7,0.9977204203605652
NeuMF,2013,2013-12-31,1149,733,8,0.997580885887146
NeuMF,2013,2013-12-31,1149,4007,9,0.9972641468048096
NeuMF,2013,2013-12-31,1149,3527,10,0.9972310662269592
NeuMF,2013,2013-12-31,1517,2394,1,0.998891294002533
NeuMF,2013,2013-12-31,1517,1907,2,0.998630702495575
NeuMF,2013,2013-12-31,1517,78105,3,0.9984433054924011
NeuMF,2013,2013-12-31,1517,4993,4,0.9975053668022156
NeuMF,2013,2013-12-31,1517,89745,5,0.9971650242805481
NeuMF,2013,2013-12-31,1517,56949,6,0.9968104958534241
NeuMF,2013,2013-12-31,1517,595,7,0.996648371219635
NeuMF,2013,2013-12-31,1517,59315,8,0.9962995648384094
NeuMF,2013,2013-12-31,1517,1022,9,0.9959995746612549
NeuMF,2013,2013-12-31,1517,2581,10,0.9956522583961487
NeuMF,2013,2013-12-31,1551,3075,1,0.9998841285705566
NeuMF,2013,2013-12-31,1551,7371,2,0.9998564720153809
NeuMF,2013,2013-12-31,1551,1086,3,0.9995951056480408
NeuMF,2013,2013-12-31,1551,5120,4,0.9995946288108826
NeuMF,2013,2013-12-31,1551,4506,5,0.9994339346885681
NeuMF,2013,2013-12-31,1551,2819,6,0.9993108510971069
NeuMF,2013,2013-12-31,1551,6892,7,0.9993081092834473
NeuMF,2013,2013-12-31,1551,4932,8,0.9992263317108154
NeuMF,2013,2013-12-31,1551,1252,9,0.9991338849067688
NeuMF,2013,2013-12-31,1551,3730,10,0.9990981817245483
NeuMF,2013,2013-12-31,1776,86298,1,0.9999310970306396
NeuMF,2013,2013-12-31,1776,79091,2,0.9999113082885742
NeuMF,2013,2013-12-31,1776,47382,3,0.9996603727340698
NeuMF,2013,2013-12-31,1776,7293,4,0.9995680451393127
NeuMF,2013,2013-12-31,1776,33499,5,0.999528169631958
NeuMF,2013,2013-12-31,1776,69526,6,0.9994852542877197
NeuMF,2013,2013-12-31,1776,44022,7,0.9994603991508484
NeuMF,2013,2013-12-31,1776,45672,8,0.9993892908096313
NeuMF,2013,2013-12-31,1776,6377,9,0.9993062019348145
NeuMF,2013,2013-12-31,1776,8360,10,0.9992527365684509
NeuMF,2013,2013-12-31,1778,92259,1,0.9995972514152527
NeuMF,2013,2013-12-31,1778,79132,2,0.999588668346405
NeuMF,2013,2013-12-31,1778,32587,3,0.9994857311248779
NeuMF,2013,2013-12-31,1778,5995,4,0.9990769624710083
NeuMF,2013,2013-12-31,1778,5418,5,0.9988629817962646
NeuMF,2013,2013-12-31,1778,4967,6,0.9987390637397766
NeuMF,2013,2013-12-31,1778,55721,7,0.998522937297821
NeuMF,2013,2013-12-31,1778,80969,8,0.9984205961227417
NeuMF,2013,2013-12-31,1778,8914,9,0.9983515739440918
NeuMF,2013,2013-12-31,1778,48043,10,0.998258650302887
NeuMF,2013,2013-12-31,1842,76175,1,0.9998027682304382
NeuMF,2013,2013-12-31,1842,95510,2,0.9994125366210938
NeuMF,2013,2013-12-31,1842,69844,3,0.999180018901825
NeuMF,2013,2013-12-31,1842,86293,4,0.9991381168365479
NeuMF,2013,2013-12-31,1842,63992,5,0.9989839196205139
NeuMF,2013,2013-12-31,1842,84152,6,0.9989277720451355
NeuMF,2013,2013-12-31,1842,85414,7,0.9984493255615234
NeuMF,2013,2013-12-31,1842,78499,8,0.998279333114624
NeuMF,2013,2013-12-31,1842,46972,9,0.9981903433799744
NeuMF,2013,2013-12-31,1842,31696,10,0.9981098175048828
NeuMF,2013,2013-12-31,1959,64614,1,0.9998989105224609
NeuMF,2013,2013-12-31,1959,79132,2,0.9997599720954895
NeuMF,2013,2013-12-31,1959,52319,3,0.9997338652610779
NeuMF,2013,2013-12-31,1959,59315,4,0.9996697902679443
NeuMF,2013,2013-12-31,1959,56367,5,0.9996528625488281
NeuMF,2013,2013-12-31,1959,55820,6,0.9996368885040283
NeuMF,2013,2013-12-31,1959,2959,7,0.9995551705360413
NeuMF,2013,2013-12-31,1959,73017,8,0.9994331002235413
NeuMF,2013,2013-12-31,1959,44555,9,0.9992183446884155
NeuMF,2013,2013-12-31,1959,48516,10,0.9991651773452759
NeuMF,2013,2013-12-31,2270,54881,1,0.9994326233863831
NeuMF,2013,2013-12-31,2270,1241,2,0.9981569647789001
NeuMF,2013,2013-12-31,2270,5954,3,0.9977236390113831
NeuMF,2013,2013-12-31,2270,64839,4,0.9976669549942017
NeuMF,2013,2013-12-31,2270,57368,5,0.9973759651184082
NeuMF,2013,2013-12-31,2270,57669,6,0.997323751449585
NeuMF,2013,2013-12-31,2270,52328,7,0.997098445892334
NeuMF,2013,2013-12-31,2270,56782,8,0.9970765113830566
NeuMF,2013,2013-12-31,2270,4251,9,0.9969974756240845
NeuMF,2013,2013-12-31,2270,6286,10,0.9969618916511536
NeuMF,2013,2013-12-31,2556,88140,1,0.9998940229415894
NeuMF,2013,2013-12-31,2556,68791,2,0.9998923540115356
NeuMF,2013,2013-12-31,2556,63131,3,0.9998325109481812
NeuMF,2013,2013-12-31,2556,87232,4,0.9997203946113586
NeuMF,2013,2013-12-31,2556,4558,5,0.9997121691703796
NeuMF,2013,2013-12-31,2556,91653,6,0.999659538269043
NeuMF,2013,2013-12-31,2556,91542,7,0.9995298385620117
NeuMF,2013,2013-12-31,2556,65230,8,0.9995130300521851
NeuMF,2013,2013-12-31,2556,72378,9,0.9994295239448547
NeuMF,2013,2013-12-31,2556,69526,10,0.999426007270813
NeuMF,2013,2013-12-31,3038,50872,1,0.9992967844009399
NeuMF,2013,2013-12-31,3038,47,2,0.9992620348930359
NeuMF,2013,2013-12-31,3038,31658,3,0.9992417097091675
NeuMF,2013,2013-12-31,3038,457,4,0.9991245865821838
NeuMF,2013,2013-12-31,3038,48394,5,0.9991036057472229
NeuMF,2013,2013-12-31,3038,57504,6,0.9990772008895874
NeuMF,2013,2013-12-31,3038,81564,7,0.9983066320419312
NeuMF,2013,2013-12-31,3038,434,8,0.9982876181602478
NeuMF,2013,2013-12-31,3038,2404,9,0.9982588887214661
NeuMF,2013,2013-12-31,3038,7981,10,0.9981866478919983
NeuMF,2013,2013-12-31,3070,5944,1,0.9976086616516113
NeuMF,2013,2013-12-31,3070,56788,2,0.9965139031410217
NeuMF,2013,2013-12-31,3070,5021,3,0.9961771965026855
NeuMF,2013,2013-12-31,3070,8981,4,0.9960842132568359
NeuMF,2013,2013-12-31,3070,7493,5,0.9957767128944397
NeuMF,2013,2013-12-31,3070,39292,6,0.9954661130905151
NeuMF,2013,2013-12-31,3070,4963,7,0.9948006868362427
NeuMF,2013,2013-12-31,3070,4901,8,0.9943713545799255
NeuMF,2013,2013-12-31,3070,27821,9,0.9943430423736572
NeuMF,2013,2013-12-31,3070,8533,10,0.9939818978309631
NeuMF,2013,2013-12-31,3223,60950,1,0.9997541308403015
NeuMF,2013,2013-12-31,3223,78039,2,0.9995266199111938
NeuMF,2013,2013-12-31,3223,91077,3,0.9991970658302307
NeuMF,2013,2013-12-31,3223,34153,4,0.9989111423492432
NeuMF,2013,2013-12-31,3223,81932,5,0.9987698197364807
NeuMF,2013,2013-12-31,3223,50872,6,0.9987407326698303
NeuMF,2013,2013-12-31,3223,96079,7,0.9986897110939026
NeuMF,2013,2013-12-31,3223,72386,8,0.9984800219535828
NeuMF,2013,2013-12-31,3223,67997,9,0.9983916878700256
NeuMF,2013,2013-12-31,3223,89904,10,0.9983652234077454
NeuMF,2013,2013-12-31,3231,93510,1,0.9999010562896729
NeuMF,2013,2013-12-31,3231,4901,2,0.9995730519294739
NeuMF,2013,2013-12-31,3231,6595,3,0.9992920160293579
NeuMF,2013,2013-12-31,3231,4007,4,0.9992802739143372
NeuMF,2013,2013-12-31,3231,4448,5,0.9989660978317261
NeuMF,2013,2013-12-31,3231,4776,6,0.9987679123878479
NeuMF,2013,2013-12-31,3231,5574,7,0.9984117746353149
NeuMF,2013,2013-12-31,3231,8984,8,0.9980980753898621
NeuMF,2013,2013-12-31,3231,5507,9,0.9973872303962708
NeuMF,2013,2013-12-31,3231,70286,10,0.9973084926605225
NeuMF,2013,2013-12-31,3923,1721,1,0.9997796416282654
NeuMF,2013,2013-12-31,3923,7293,2,0.9996651411056519
NeuMF,2013,2013-12-31,3923,4306,3,0.9994027614593506
NeuMF,2013,2013-12-31,3923,1569,4,0.9993602633476257
NeuMF,2013,2013-12-31,3923,4054,5,0.9992743134498596
NeuMF,2013,2013-12-31,3923,2572,6,0.9992231130599976
NeuMF,2013,2013-12-31,3923,4447,7,0.9991484880447388
NeuMF,2013,2013-12-31,3923,1644,8,0.9990234375
NeuMF,2013,2013-12-31,3923,6155,9,0.9986120462417603
NeuMF,2013,2013-12-31,3923,4025,10,0.9984641075134277
NeuMF,2013,2013-12-31,4472,6414,1,0.9999029636383057
NeuMF,2013,2013-12-31,4472,3175,2,0.9995346069335938
NeuMF,2013,2013-12-31,4472,6561,3,0.9994814991950989
NeuMF,2013,2013-12-31,4472,5444,4,0.9994370341300964
NeuMF,2013,2013-12-31,4472,5472,5,0.9993828535079956
NeuMF,2013,2013-12-31,4472,520,6,0.9993690848350525
NeuMF,2013,2013-12-31,4472,1278,7,0.9990894794464111
NeuMF,2013,2013-12-31,4472,1148,8,0.9989798665046692
NeuMF,2013,2013-12-31,4472,5047,9,0.9986909031867981
NeuMF,2013,2013-12-31,4472,745,10,0.9985654950141907
NeuMF,2013,2013-12-31,5063,8372,1,0.9996345043182373
NeuMF,2013,2013-12-31,5063,48142,2,0.9995143413543701
NeuMF,2013,2013-12-31,5063,69306,3,0.9988711476325989
NeuMF,2013,2013-12-31,5063,7254,4,0.9988617897033691
NeuMF,2013,2013-12-31,5063,76175,5,0.9980241060256958
NeuMF,2013,2013-12-31,5063,2505,6,0.997954249382019
NeuMF,2013,2013-12-31,5063,78469,7,0.997900128364563
NeuMF,2013,2013-12-31,5063,71379,8,0.9977425336837769
NeuMF,2013,2013-12-31,5063,72731,9,0.9977040886878967
NeuMF,2013,2013-12-31,5063,4310,10,0.9974905252456665
NeuMF,2013,2013-12-31,5512,307,1,0.9999326467514038
NeuMF,2013,2013-12-31,5512,308,2,0.999669075012207
NeuMF,2013,2013-12-31,5512,2360,3,0.9996664524078369
NeuMF,2013,2013-12-31,5512,52042,4,0.9994316697120667
NeuMF,2013,2013-12-31,5512,7371,5,0.9992376565933228
NeuMF,2013,2013-12-31,5512,46723,6,0.9988629817962646
NeuMF,2013,2013-12-31,5512,55069,7,0.9987404942512512
NeuMF,2013,2013-12-31,5512,2858,8,0.9985806941986084
NeuMF,2013,2013-12-31,5512,1176,9,0.9983919262886047
NeuMF,2013,2013-12-31,5512,55820,10,0.9983787536621094
NeuMF,2013,2013-12-31,5523,36529,1,0.9997510313987732
NeuMF,2013,2013-12-31,5523,27790,2,0.9995833039283752
NeuMF,2013,2013-12-31,5523,5107,3,0.9995766282081604
NeuMF,2013,2013-12-31,5523,33166,4,0.999496340751648
NeuMF,2013,2013-12-31,5523,4878,5,0.9994783997535706
NeuMF,2013,2013-12-31,5523,44199,6,0.9994637370109558
NeuMF,2013,2013-12-31,5523,8638,7,0.999459445476532
NeuMF,2013,2013-12-31,5523,44191,8,0.999451220035553
NeuMF,2013,2013-12-31,5523,44195,9,0.998376727104187
NeuMF,2013,2013-12-31,5523,8530,10,0.9983731508255005
NeuMF,2013,2013-12-31,5811,76251,1,0.9999643564224243
NeuMF,2013,2013-12-31,5811,79702,2,0.9999496936798096
NeuMF,2013,2013-12-31,5811,71535,3,0.999830961227417
NeuMF,2013,2013-12-31,5811,77561,4,0.9997534155845642
NeuMF,2013,2013-12-31,5811,60684,5,0.9996123909950256
NeuMF,2013,2013-12-31,5811,66097,6,0.99946528673172
NeuMF,2013,2013-12-31,5811,61024,7,0.9993517994880676
NeuMF,2013,2013-12-31,5811,72226,8,0.9990523457527161
NeuMF,2013,2013-12-31,5811,82459,9,0.9987395405769348
NeuMF,2013,2013-12-31,5811,49396,10,0.9985552430152893
NeuMF,2013,2013-12-31,6227,4967,1,0.9995163679122925
NeuMF,2013,2013-12-31,6227,3266,2,0.9992510676383972
NeuMF,2013,2013-12-31,6227,4546,3,0.9980348944664001
NeuMF,2013,2013-12-31,6227,5147,4,0.9975862503051758
NeuMF,2013,2013-12-31,6227,44555,5,0.9969704151153564
NeuMF,2013,2013-12-31,6227,593,6,0.9967288970947266
NeuMF,2013,2013-12-31,6227,7981,7,0.9966081380844116
NeuMF,2013,2013-12-31,6227,2076,8,0.9961859583854675
NeuMF,2013,2013-12-31,6227,111,9,0.9955754280090332
NeuMF,2013,2013-12-31,6227,4506,10,0.9950902462005615
NeuMF,2013,2013-12-31,6424,5686,1,0.9999181032180786
NeuMF,2013,2013-12-31,6424,6123,2,0.9997797608375549
NeuMF,2013,2013-12-31,6424,65514,3,0.999147891998291
NeuMF,2013,2013-12-31,6424,53129,4,0.9983564019203186
NeuMF,2013,2013-12-31,6424,6242,5,0.998213529586792
NeuMF,2013,2013-12-31,6424,53996,6,0.9978888630867004
NeuMF,2013,2013-12-31,6424,8477,7,0.9973545074462891
NeuMF,2013,2013-12-31,6424,27772,8,0.996965229511261
NeuMF,2013,2013-12-31,6424,7458,9,0.9962658286094666
NeuMF,2013,2013-12-31,6424,69526,10,0.996088981628418
NeuMF,2013,2013-12-31,6471,4914,1,0.9988330006599426
NeuMF,2013,2013-12-31,6471,64839,2,0.9980081915855408
NeuMF,2013,2013-12-31,6471,37729,3,0.9980056881904602
NeuMF,2013,2013-12-31,6471,3910,4,0.9979737401008606
NeuMF,2013,2013-12-31,6471,72226,5,0.9979133009910583
NeuMF,2013,2013-12-31,6471,74458,6,0.9978362917900085
NeuMF,2013,2013-12-31,6471,2366,7,0.9978222846984863
NeuMF,2013,2013-12-31,6471,68237,8,0.9977433681488037
NeuMF,2013,2013-12-31,6471,680,9,0.9976831674575806
NeuMF,2013,2013-12-31,6471,46723,10,0.9976499676704407
NeuMF,2013,2013-12-31,7262,4155,1,0.9993197917938232
NeuMF,2013,2013-12-31,7262,5618,2,0.999136745929718
NeuMF,2013,2013-12-31,7262,60397,3,0.9991150498390198
NeuMF,2013,2013-12-31,7262,7099,4,0.9988501071929932
NeuMF,2013,2013-12-31,7262,4639,5,0.9986020922660828
NeuMF,2013,2013-12-31,7262,916,6,0.9985242486000061
NeuMF,2013,2013-12-31,7262,2396,7,0.9983912110328674
NeuMF,2013,2013-12-31,7262,5404,8,0.9983314871788025
NeuMF,2013,2013-12-31,7262,4306,9,0.9982640147209167
NeuMF,2013,2013-12-31,7262,1216,10,0.9980706572532654
NeuMF,2013,2013-12-31,7424,45028,1,0.9999029636383057
NeuMF,2013,2013-12-31,7424,6591,2,0.99759441614151
NeuMF,2013,2013-12-31,7424,3700,3,0.9975180625915527
NeuMF,2013,2013-12-31,7424,4928,4,0.9971975088119507
NeuMF,2013,2013-12-31,7424,3598,5,0.9969395399093628
NeuMF,2013,2013-12-31,7424,7303,6,0.9967554211616516
NeuMF,2013,2013-12-31,7424,3741,7,0.9965919256210327
NeuMF,2013,2013-12-31,7424,8910,8,0.9963501691818237
NeuMF,2013,2013-12-31,7424,6852,9,0.9959012866020203
NeuMF,2013,2013-12-31,7424,48982,10,0.9952957034111023
NeuMF,2013,2013-12-31,7437,86781,1,0.9995145797729492
NeuMF,2013,2013-12-31,7437,68954,2,0.9992507100105286
NeuMF,2013,2013-12-31,7437,194,3,0.999226450920105
NeuMF,2013,2013-12-31,7437,80463,4,0.9991995692253113
NeuMF,2013,2013-12-31,7437,2704,5,0.9988671541213989
NeuMF,2013,2013-12-31,7437,34437,6,0.998320996761322
NeuMF,2013,2013-12-31,7437,74275,7,0.9981876015663147
NeuMF,2013,2013-12-31,7437,306,8,0.9981675148010254
NeuMF,2013,2013-12-31,7437,86882,9,0.9980140924453735
NeuMF,2013,2013-12-31,7437,68791,10,0.9978741407394409
NeuMF,2013,2013-12-31,7807,47,1,0.9980952143669128
NeuMF,2013,2013-12-31,7807,5995,2,0.9971883893013
NeuMF,2013,2013-12-31,7807,80463,3,0.9969612956047058
NeuMF,2013,2013-12-31,7807,3147,4,0.9959820508956909
NeuMF,2013,2013-12-31,7807,4995,5,0.9941703081130981
NeuMF,2013,2013-12-31,7807,86320,6,0.9941217303276062
NeuMF,2013,2013-12-31,7807,81591,7,0.9939714074134827
NeuMF,2013,2013-12-31,7807,68157,8,0.9933454990386963
NeuMF,2013,2013-12-31,7807,356,9,0.9932130575180054
NeuMF,2013,2013-12-31,7807,1258,10,0.993117094039917
NeuMF,2013,2013-12-31,7858,2139,1,0.9979605674743652
NeuMF,2013,2013-12-31,7858,60684,2,0.9979071617126465
NeuMF,2013,2013-12-31,7858,2795,3,0.9978246688842773
NeuMF,2013,2013-12-31,7858,1060,4,0.9976919889450073
NeuMF,2013,2013-12-31,7858,4006,5,0.9970598816871643
NeuMF,2013,2013-12-31,7858,61246,6,0.9964536428451538
NeuMF,2013,2013-12-31,7858,1356,7,0.9960746765136719
NeuMF,2013,2013-12-31,7858,1257,8,0.995818555355072
NeuMF,2013,2013-12-31,7858,5540,9,0.9953487515449524
NeuMF,2013,2013-12-31,7858,3852,10,0.995037853717804
NeuMF,2013,2013-12-31,7870,63082,1,0.9998743534088135
NeuMF,2013,2013-12-31,7870,69122,2,0.9998303651809692
NeuMF,2013,2013-12-31,7870,56367,3,0.9993269443511963
NeuMF,2013,2013-12-31,7870,58103,4,0.9992563128471375
NeuMF,2013,2013-12-31,7870,6373,5,0.999030590057373
NeuMF,2013,2013-12-31,7870,67193,6,0.9990084767341614
NeuMF,2013,2013-12-31,7870,48385,7,0.998206615447998
NeuMF,2013,2013-12-31,7870,52973,8,0.9976735711097717
NeuMF,2013,2013-12-31,7870,57669,9,0.9974638223648071
NeuMF,2013,2013-12-31,7870,62849,10,0.9971795082092285
NeuMF,2013,2013-12-31,8317,78499,1,0.9994459748268127
NeuMF,2013,2013-12-31,8317,5903,2,0.9986423850059509
NeuMF,2013,2013-12-31,8317,8874,3,0.9985237717628479
NeuMF,2013,2013-12-31,8317,4306,4,0.9985024929046631
NeuMF,2013,2013-12-31,8317,3578,5,0.9982703924179077
NeuMF,2013,2013-12-31,8317,457,6,0.998195230960846
NeuMF,2013,2013-12-31,8317,541,7,0.9981881976127625
NeuMF,2013,2013-12-31,8317,1376,8,0.9981637597084045
NeuMF,2013,2013-12-31,8317,8636,9,0.998090922832489
NeuMF,2013,2013-12-31,8317,89745,10,0.9980134963989258
NeuMF,2013,2013-12-31,8529,8607,1,0.9998581409454346
NeuMF,2013,2013-12-31,8529,55442,2,0.9998369216918945
NeuMF,2013,2013-12-31,8529,59387,3,0.9995678067207336
NeuMF,2013,2013-12-31,8529,94959,4,0.9992517828941345
NeuMF,2013,2013-12-31,8529,55247,5,0.9991335272789001
NeuMF,2013,2013-12-31,8529,741,6,0.9988242983818054
NeuMF,2013,2013-12-31,8529,27397,7,0.9986812472343445
NeuMF,2013,2013-12-31,8529,59141,8,0.9986705780029297
NeuMF,2013,2013-12-31,8529,48043,9,0.9986648559570312
NeuMF,2013,2013-12-31,8529,55444,10,0.9982613921165466
NeuMF,2013,2013-12-31,9003,4995,1,0.9993324875831604
NeuMF,2013,2013-12-31,9003,1665,2,0.9976083040237427
NeuMF,2013,2013-12-31,9003,58559,3,0.9967994689941406
NeuMF,2013,2013-12-31,9003,2959,4,0.9967695474624634
NeuMF,2013,2013-12-31,9003,1193,5,0.9958395957946777
NeuMF,2013,2013-12-31,9003,1377,6,0.9954639077186584
NeuMF,2013,2013-12-31,9003,3462,7,0.9951648712158203
NeuMF,2013,2013-12-31,9003,3147,8,0.9947172999382019
NeuMF,2013,2013-12-31,9003,19,9,0.9941788911819458
NeuMF,2013,2013-12-31,9003,1882,10,0.9939897060394287
NeuMF,2013,2013-12-31,9502,1270,1,0.9996073842048645
NeuMF,2013,2013-12-31,9502,356,2,0.9994391798973083
NeuMF,2013,2013-12-31,9502,364,3,0.9994169473648071
NeuMF,2013,2013-12-31,9502,1,4,0.9993653893470764
NeuMF,2013,2013-12-31,9502,1580,5,0.9993610978126526
NeuMF,2013,2013-12-31,9502,1210,6,0.9993352293968201
NeuMF,2013,2013-12-31,9502,4306,7,0.999262273311615
NeuMF,2013,2013-12-31,9502,457,8,0.9992200136184692
NeuMF,2013,2013-12-31,9502,1704,9,0.9991881251335144
NeuMF,2013,2013-12-31,9502,1393,10,0.999134361743927
NeuMF,2013,2013-12-31,9788,76251,1,0.9990484118461609
NeuMF,2013,2013-12-31,9788,3578,2,0.9989498257637024
NeuMF,2013,2013-12-31,9788,3949,3,0.998883068561554
NeuMF,2013,2013-12-31,9788,7156,4,0.9988644123077393
NeuMF,2013,2013-12-31,9788,1245,5,0.998576283454895
NeuMF,2013,2013-12-31,9788,82459,6,0.998274564743042
NeuMF,2013,2013-12-31,9788,64839,7,0.9982313513755798
NeuMF,2013,2013-12-31,9788,80463,8,0.9980746507644653
NeuMF,2013,2013-12-31,9788,59315,9,0.9979661703109741
NeuMF,2013,2013-12-31,9788,2502,10,0.9979432225227356
NeuMF,2013,2013-12-31,10213,60333,1,0.9997677206993103
NeuMF,2013,2013-12-31,10213,3173,2,0.9994747042655945
NeuMF,2013,2013-12-31,10213,55276,3,0.9994499087333679
NeuMF,2013,2013-12-31,10213,3327,4,0.9989429116249084
NeuMF,2013,2013-12-31,10213,27878,5,0.9986282587051392
NeuMF,2013,2013-12-31,10213,45950,6,0.9981740713119507
NeuMF,2013,2013-12-31,10213,3752,7,0.9977185726165771
NeuMF,2013,2013-12-31,10213,6796,8,0.9976654052734375
NeuMF,2013,2013-12-31,10213,5900,9,0.9976135492324829
NeuMF,2013,2013-12-31,10213,7199,10,0.9967979788780212
NeuMF,2013,2013-12-31,10470,2366,1,0.9990285634994507
NeuMF,2013,2013-12-31,10470,319,2,0.9972637891769409
NeuMF,2013,2013-12-31,10470,1912,3,0.9970654845237732
NeuMF,2013,2013-12-31,10470,930,4,0.9967415928840637
NeuMF,2013,2013-12-31,10470,2186,5,0.9967317581176758
NeuMF,2013,2013-12-31,10470,1212,6,0.9964459538459778
NeuMF,2013,2013-12-31,10470,745,7,0.9960716962814331
NeuMF,2013,2013-12-31,10470,2948,8,0.9959220886230469
NeuMF,2013,2013-12-31,10470,4367,9,0.995685338973999
NeuMF,2013,2013-12-31,10470,3703,10,0.9952929615974426
NeuMF,2013,2013-12-31,10775,67087,1,0.9986793398857117
NeuMF,2013,2013-12-31,10775,7036,2,0.9985199570655823
NeuMF,2013,2013-12-31,10775,71264,3,0.9973998069763184
NeuMF,2013,2013-12-31,10775,53956,4,0.9973012804985046
NeuMF,2013,2013-12-31,10775,65126,5,0.9968886971473694
NeuMF,2013,2013-12-31,10775,61132,6,0.9964098334312439
NeuMF,2013,2013-12-31,10775,8972,7,0.9960063099861145
NeuMF,2013,2013-12-31,10775,71745,8,0.9957719445228577
NeuMF,2013,2013-12-31,10775,33669,9,0.9953943490982056
NeuMF,2013,2013-12-31,10775,47518,10,0.9953122138977051
NeuMF,2013,2013-12-31,10798,1957,1,0.9990702271461487
NeuMF,2013,2013-12-31,10798,6768,2,0.9989562034606934
NeuMF,2013,2013-12-31,10798,6753,3,0.9988161325454712
NeuMF,2013,2013-12-31,10798,33154,4,0.9985784292221069
NeuMF,2013,2013-12-31,10798,3467,5,0.9984057545661926
NeuMF,2013,2013-12-31,10798,1955,6,0.9981143474578857
NeuMF,2013,2013-12-31,10798,66665,7,0.9978799819946289
NeuMF,2013,2013-12-31,10798,1693,8,0.997860848903656
NeuMF,2013,2013-12-31,10798,1235,9,0.9978329539299011
NeuMF,2013,2013-12-31,10798,48738,10,0.9978234767913818
NeuMF,2013,2013-12-31,11212,1218,1,0.9997847676277161
NeuMF,2013,2013-12-31,11212,3000,2,0.9994207620620728
NeuMF,2013,2013-12-31,11212,123,3,0.9991217255592346
NeuMF,2013,2013-12-31,11212,741,4,0.9990731477737427
NeuMF,2013,2013-12-31,11212,66785,5,0.9990139007568359
NeuMF,2013,2013-12-31,11212,7981,6,0.9985468983650208
NeuMF,2013,2013-12-31,11212,2810,7,0.9981003403663635
NeuMF,2013,2013-12-31,11212,6618,8,0.9978994131088257
NeuMF,2013,2013-12-31,11212,2912,9,0.9978229999542236
NeuMF,2013,2013-12-31,11212,7099,10,0.9975797533988953
NeuMF,2013,2013-12-31,11214,6271,1,0.9998619556427002
NeuMF,2013,2013-12-31,11214,33585,2,0.9998132586479187
NeuMF,2013,2013-12-31,11214,1175,3,0.9997164607048035
NeuMF,2013,2013-12-31,11214,6197,4,0.9996440410614014
NeuMF,2013,2013-12-31,11214,2730,5,0.9996010661125183
NeuMF,2013,2013-12-31,11214,6571,6,0.9995567202568054
NeuMF,2013,2013-12-31,11214,5269,7,0.9993544220924377
NeuMF,2013,2013-12-31,11214,38159,8,0.9988306164741516
NeuMF,2013,2013-12-31,11214,4546,9,0.9984086155891418
NeuMF,2013,2013-12-31,11214,2594,10,0.9983160495758057
NeuMF,2013,2013-12-31,11335,84152,1,0.9989994168281555
NeuMF,2013,2013-12-31,11335,2237,2,0.9983818531036377
NeuMF,2013,2013-12-31,11335,33660,3,0.9982995390892029
NeuMF,2013,2013-12-31,11335,51037,4,0.9982950091362
NeuMF,2013,2013-12-31,11335,7930,5,0.9981982111930847
NeuMF,2013,2013-12-31,11335,79091,6,0.9976673722267151
NeuMF,2013,2013-12-31,11335,8908,7,0.9975385665893555
NeuMF,2013,2013-12-31,11335,2202,8,0.997327446937561
NeuMF,2013,2013-12-31,11335,48304,9,0.9971246123313904
NeuMF,2013,2013-12-31,11335,72737,10,0.9969043135643005
NeuMF,2013,2013-12-31,11423,2028,1,0.9995068311691284
NeuMF,2013,2013-12-31,11423,1093,2,0.9994964599609375
NeuMF,2013,2013-12-31,11423,2858,3,0.9994344115257263
NeuMF,2013,2013-12-31,11423,1960,4,0.9994226694107056
NeuMF,2013,2013-12-31,11423,1193,5,0.9994053840637207
NeuMF,2013,2013-12-31,11423,2193,6,0.9993892908096313
NeuMF,2013,2013-12-31,11423,2140,7,0.9993882179260254
NeuMF,2013,2013-12-31,11423,1298,8,0.9993377327919006
NeuMF,2013,2013-12-31,11423,3107,9,0.9993335604667664
NeuMF,2013,2013-12-31,11423,1270,10,0.9993076324462891
NeuMF,2013,2013-12-31,11691,8873,1,0.9996597766876221
NeuMF,2013,2013-12-31,11691,27803,2,0.9994955062866211
NeuMF,2013,2013-12-31,11691,4878,3,0.9993983507156372
NeuMF,2013,2013-12-31,11691,6953,4,0.9993643164634705
NeuMF,2013,2013-12-31,11691,7147,5,0.9993602633476257
NeuMF,2013,2013-12-31,11691,55069,6,0.9992437362670898
NeuMF,2013,2013-12-31,11691,5902,7,0.9992184638977051
NeuMF,2013,2013-12-31,11691,6016,8,0.9991125464439392
NeuMF,2013,2013-12-31,11691,5945,9,0.9991003274917603
NeuMF,2013,2013-12-31,11691,80969,10,0.9990837574005127
NeuMF,2013,2013-12-31,11770,8950,1,0.9995059967041016
NeuMF,2013,2013-12-31,11770,88,2,0.9993759989738464
NeuMF,2013,2013-12-31,11770,2596,3,0.9993399977684021
NeuMF,2013,2013-12-31,11770,44191,4,0.9991182684898376
NeuMF,2013,2013-12-31,11770,6016,5,0.9989377856254578
NeuMF,2013,2013-12-31,11770,44974,6,0.9988127946853638
NeuMF,2013,2013-12-31,11770,36517,7,0.9979197382926941
NeuMF,2013,2013-12-31,11770,520,8,0.9977554678916931
NeuMF,2013,2013-12-31,11770,37240,9,0.9970587491989136
NeuMF,2013,2013-12-31,11770,33437,10,0.9970423579216003
NeuMF,2013,2013-12-31,11864,1221,1,0.999640703201294
NeuMF,2013,2013-12-31,11864,1212,2,0.9989946484565735
NeuMF,2013,2013-12-31,11864,6975,3,0.998678982257843
NeuMF,2013,2013-12-31,11864,1256,4,0.998336136341095
NeuMF,2013,2013-12-31,11864,89745,5,0.9981502294540405
NeuMF,2013,2013-12-31,11864,2118,6,0.9978626370429993
NeuMF,2013,2013-12-31,11864,6303,7,0.9978446960449219
NeuMF,2013,2013-12-31,11864,6502,8,0.9976636171340942
NeuMF,2013,2013-12-31,11864,1252,9,0.9976513981819153
NeuMF,2013,2013-12-31,11864,922,10,0.9976434111595154
NeuMF,2013,2013-12-31,11870,33288,1,0.9998288154602051
NeuMF,2013,2013-12-31,11870,1199,2,0.999472439289093
NeuMF,2013,2013-12-31,11870,33893,3,0.999408483505249
NeuMF,2013,2013-12-31,11870,55444,4,0.9993582367897034
NeuMF,2013,2013-12-31,11870,57502,5,0.9993157386779785
NeuMF,2013,2013-12-31,11870,5147,6,0.9992974996566772
NeuMF,2013,2013-12-31,11870,1464,7,0.9992662072181702
NeuMF,2013,2013-12-31,11870,1237,8,0.9990435242652893
NeuMF,2013,2013-12-31,11870,1232,9,0.9990360736846924
NeuMF,2013,2013-12-31,11870,60950,10,0.9989370703697205
NeuMF,2013,2013-12-31,12121,911,1,0.9999196529388428
NeuMF,2013,2013-12-31,12121,1303,2,0.9999096393585205
NeuMF,2013,2013-12-31,12121,969,3,0.9999077320098877
NeuMF,2013,2013-12-31,12121,940,4,0.9998997449874878
NeuMF,2013,2013-12-31,12121,916,5,0.9998764991760254
NeuMF,2013,2013-12-31,12121,1269,6,0.9998424053192139
NeuMF,2013,2013-12-31,12121,914,7,0.9997511506080627
NeuMF,2013,2013-12-31,12121,2135,8,0.9997504353523254
NeuMF,2013,2013-12-31,12121,8695,9,0.9996111989021301
NeuMF,2013,2013-12-31,12121,2414,10,0.9995573163032532
NeuMF,2013,2013-12-31,12336,1923,1,0.9984419941902161
NeuMF,2013,2013-12-31,12336,1517,2,0.9982765913009644
NeuMF,2013,2013-12-31,12336,364,3,0.9982737302780151
NeuMF,2013,2013-12-31,12336,2858,4,0.9982354640960693
NeuMF,2013,2013-12-31,12336,69757,5,0.9977658987045288
NeuMF,2013,2013-12-31,12336,1377,6,0.9974675178527832
NeuMF,2013,2013-12-31,12336,2694,7,0.9974415302276611
NeuMF,2013,2013-12-31,12336,1020,8,0.9973268508911133
NeuMF,2013,2013-12-31,12336,1968,9,0.9972073435783386
NeuMF,2013,2013-12-31,12336,333,10,0.9971778392791748
NeuMF,2013,2013-12-31,12364,1125,1,0.9996808767318726
NeuMF,2013,2013-12-31,12364,1023,2,0.9996083378791809
NeuMF,2013,2013-12-31,12364,1198,3,0.9995719790458679
NeuMF,2013,2013-12-31,12364,531,4,0.999238133430481
NeuMF,2013,2013-12-31,12364,1136,5,0.9991031885147095
NeuMF,2013,2013-12-31,12364,1193,6,0.998880922794342
NeuMF,2013,2013-12-31,12364,1256,7,0.9985779523849487
NeuMF,2013,2013-12-31,12364,1080,8,0.9985195994377136
NeuMF,2013,2013-12-31,12364,1282,9,0.9982351064682007
NeuMF,2013,2013-12-31,12364,1022,10,0.9980646967887878
NeuMF,2013,2013-12-31,12649,53129,1,0.99941086769104
NeuMF,2013,2013-12-31,12649,73321,2,0.9993415474891663
NeuMF,2013,2013-12-31,12649,79702,3,0.9992409944534302
NeuMF,2013,2013-12-31,12649,52604,4,0.9987022876739502
NeuMF,2013,2013-12-31,12649,64957,5,0.9985784292221069
NeuMF,2013,2013-12-31,12649,54004,6,0.9985182881355286
NeuMF,2013,2013-12-31,12649,58803,7,0.9979270696640015
NeuMF,2013,2013-12-31,12649,60074,8,0.9977376461029053
NeuMF,2013,2013-12-31,12649,48516,9,0.9977061748504639
NeuMF,2013,2013-12-31,12649,84601,10,0.9973993301391602
NeuMF,2013,2013-12-31,13164,1894,1,0.9992838501930237
NeuMF,2013,2013-12-31,13164,6992,2,0.9992660880088806
NeuMF,2013,2013-12-31,13164,71520,3,0.998761773109436
NeuMF,2013,2013-12-31,13164,68554,4,0.9985132813453674
NeuMF,2013,2013-12-31,13164,3827,5,0.9978620409965515
NeuMF,2013,2013-12-31,13164,5872,6,0.9975969195365906
NeuMF,2013,2013-12-31,13164,45028,7,0.996775209903717
NeuMF,2013,2013-12-31,13164,355,8,0.9963499307632446
NeuMF,2013,2013-12-31,13164,66203,9,0.9963316321372986
NeuMF,2013,2013-12-31,13164,952,10,0.9962235689163208
NeuMF,2013,2013-12-31,13796,5690,1,0.9999830722808838
NeuMF,2013,2013-12-31,13796,68237,2,0.9999692440032959
NeuMF,2013,2013-12-31,13796,59315,3,0.9999575614929199
NeuMF,2013,2013-12-31,13796,68358,4,0.9999237060546875
NeuMF,2013,2013-12-31,13796,76251,5,0.9999184608459473
NeuMF,2013,2013-12-31,13796,7099,6,0.9999181032180786
NeuMF,2013,2013-12-31,13796,73017,7,0.9999101161956787
NeuMF,2013,2013-12-31,13796,7153,8,0.9999022483825684
NeuMF,2013,2013-12-31,13796,55442,9,0.9998893737792969
NeuMF,2013,2013-12-31,13796,48780,10,0.9998888969421387
NeuMF,2013,2013-12-31,13815,44191,1,0.9988467693328857
NeuMF,2013,2013-12-31,13815,223,2,0.9978171586990356
NeuMF,2013,2013-12-31,13815,2571,3,0.9976269602775574
NeuMF,2013,2013-12-31,13815,7361,4,0.9975383281707764
NeuMF,2013,2013-12-31,13815,48774,5,0.9968950748443604
NeuMF,2013,2013-12-31,13815,1036,6,0.9968335032463074
NeuMF,2013,2013-12-31,13815,27660,7,0.9966431856155396
NeuMF,2013,2013-12-31,13815,49272,8,0.9963233470916748
NeuMF,2013,2013-12-31,13815,588,9,0.9954657554626465
NeuMF,2013,2013-12-31,13815,31658,10,0.9952985644340515
NeuMF,2013,2013-12-31,13987,3787,1,0.9996680021286011
NeuMF,2013,2013-12-31,13987,1449,2,0.9984143972396851
NeuMF,2013,2013-12-31,13987,2677,3,0.9981387853622437
NeuMF,2013,2013-12-31,13987,3698,4,0.9955125451087952
NeuMF,2013,2013-12-31,13987,1207,5,0.993735134601593
NeuMF,2013,2013-12-31,13987,3869,6,0.9936032891273499
NeuMF,2013,2013-12-31,13987,5782,7,0.993169903755188
NeuMF,2013,2013-12-31,13987,2470,8,0.99210125207901
NeuMF,2013,2013-12-31,13987,1267,9,0.9905242323875427
NeuMF,2013,2013-12-31,13987,2376,10,0.9898259043693542
NeuMF,2013,2013-12-31,14072,52973,1,0.9993630051612854
NeuMF,2013,2013-12-31,14072,1210,2,0.9989184141159058
NeuMF,2013,2013-12-31,14072,34162,3,0.9989093542098999
NeuMF,2013,2013-12-31,14072,216,4,0.9983054399490356
NeuMF,2013,2013-12-31,14072,1097,5,0.9982101917266846
NeuMF,2013,2013-12-31,14072,1196,6,0.9981108903884888
NeuMF,2013,2013-12-31,14072,1073,7,0.9980858564376831
NeuMF,2013,2013-12-31,14072,7293,8,0.9979401230812073
NeuMF,2013,2013-12-31,14072,1198,9,0.9970529079437256
NeuMF,2013,2013-12-31,14072,733,10,0.9966220855712891
NeuMF,2013,2013-12-31,14411,2245,1,0.999789297580719
NeuMF,2013,2013-12-31,14411,27803,2,0.9997827410697937
NeuMF,2013,2013-12-31,14411,6724,3,0.9997133612632751
NeuMF,2013,2013-12-31,14411,2926,4,0.9994912147521973
NeuMF,2013,2013-12-31,14411,52579,5,0.9994072914123535
NeuMF,2013,2013-12-31,14411,2361,6,0.9993778467178345
NeuMF,2013,2013-12-31,14411,46578,7,0.9992772936820984
NeuMF,2013,2013-12-31,14411,3925,8,0.9991922974586487
NeuMF,2013,2013-12-31,14411,8582,9,0.9988025426864624
NeuMF,2013,2013-12-31,14411,7334,10,0.9986314177513123
NeuMF,2013,2013-12-31,14663,5574,1,0.9999301433563232
NeuMF,2013,2013-12-31,14663,3623,2,0.9993792772293091
NeuMF,2013,2013-12-31,14663,4161,3,0.9993593096733093
NeuMF,2013,2013-12-31,14663,3977,4,0.9992275238037109
NeuMF,2013,2013-12-31,14663,5872,5,0.99910968542099
NeuMF,2013,2013-12-31,14663,5313,6,0.998749852180481
NeuMF,2013,2013-12-31,14663,4720,7,0.9985108971595764
NeuMF,2013,2013-12-31,14663,4299,8,0.9984911680221558
NeuMF,2013,2013-12-31,14663,3825,9,0.9984569549560547
NeuMF,2013,2013-12-31,14663,5989,10,0.9983795881271362
NeuMF,2013,2013-12-31,15391,72733,1,0.9997188448905945
NeuMF,2013,2013-12-31,15391,8950,2,0.9996554851531982
NeuMF,2013,2013-12-31,15391,5218,3,0.9988458156585693
NeuMF,2013,2013-12-31,15391,55721,4,0.9986668825149536
NeuMF,2013,2013-12-31,15391,71033,5,0.998610258102417
NeuMF,2013,2013-12-31,15391,39446,6,0.9986076951026917
NeuMF,2013,2013-12-31,15391,73017,7,0.9984607696533203
NeuMF,2013,2013-12-31,15391,7265,8,0.9984379410743713
NeuMF,2013,2013-12-31,15391,36276,9,0.9983254075050354
NeuMF,2013,2013-12-31,15391,92259,10,0.9981605410575867
NeuMF,2013,2013-12-31,15532,6001,1,0.999686598777771
NeuMF,2013,2013-12-31,15532,1449,2,0.9994076490402222
NeuMF,2013,2013-12-31,15532,4166,3,0.9991909861564636
NeuMF,2013,2013-12-31,15532,26485,4,0.9991244673728943
NeuMF,2013,2013-12-31,15532,6296,5,0.9988856911659241
NeuMF,2013,2013-12-31,15532,223,6,0.9983737468719482
NeuMF,2013,2013-12-31,15532,1447,7,0.998193085193634
NeuMF,2013,2013-12-31,15532,4468,8,0.9976589679718018
NeuMF,2013,2013-12-31,15532,866,9,0.9974409341812134
NeuMF,2013,2013-12-31,15532,73023,10,0.9972838163375854
NeuMF,2013,2013-12-31,15851,60950,1,0.9999222755432129
NeuMF,2013,2013-12-31,15851,82459,2,0.9997718930244446
NeuMF,2013,2013-12-31,15851,69481,3,0.9997451901435852
NeuMF,2013,2013-12-31,15851,64957,4,0.9996263980865479
NeuMF,2013,2013-12-31,15851,72011,5,0.9996201992034912
NeuMF,2013,2013-12-31,15851,58303,6,0.9995551705360413
NeuMF,2013,2013-12-31,15851,63876,7,0.9994219541549683
NeuMF,2013,2013-12-31,15851,55069,8,0.9993983507156372
NeuMF,2013,2013-12-31,15851,91077,9,0.999347984790802
NeuMF,2013,2013-12-31,15851,19,10,0.9992775321006775
NeuMF,2013,2013-12-31,15865,8529,1,0.9990806579589844
NeuMF,2013,2013-12-31,15865,6155,2,0.998974084854126
NeuMF,2013,2013-12-31,15865,86882,3,0.9980412721633911
NeuMF,2013,2013-12-31,15865,68159,4,0.9979978203773499
NeuMF,2013,2013-12-31,15865,1687,5,0.9979391694068909
NeuMF,2013,2013-12-31,15865,6586,6,0.9977928400039673
NeuMF,2013,2013-12-31,15865,73017,7,0.9976950287818909
NeuMF,2013,2013-12-31,15865,64614,8,0.9972125887870789
NeuMF,2013,2013-12-31,15865,5013,9,0.9971605539321899
NeuMF,2013,2013-12-31,15865,33672,10,0.9970636963844299
NeuMF,2013,2013-12-31,16214,69122,1,0.9999899864196777
NeuMF,2013,2013-12-31,16214,66097,2,0.9998942613601685
NeuMF,2013,2013-12-31,16214,80126,3,0.9998756647109985
NeuMF,2013,2013-12-31,16214,60069,4,0.9997180104255676
NeuMF,2013,2013-12-31,16214,68954,5,0.9996533393859863
NeuMF,2013,2013-12-31,16214,72737,6,0.999599277973175
NeuMF,2013,2013-12-31,16214,79091,7,0.9995798468589783
NeuMF,2013,2013-12-31,16214,64614,8,0.9994568228721619
NeuMF,2013,2013-12-31,16214,79702,9,0.9991969466209412
NeuMF,2013,2013-12-31,16214,60040,10,0.999110996723175
NeuMF,2013,2013-12-31,16283,3618,1,0.9981833100318909
NeuMF,2013,2013-12-31,16283,60684,2,0.998175859451294
NeuMF,2013,2013-12-31,16283,49651,3,0.9977237582206726
NeuMF,2013,2013-12-31,16283,4085,4,0.9976863861083984
NeuMF,2013,2013-12-31,16283,4623,5,0.9963926672935486
NeuMF,2013,2013-12-31,16283,6796,6,0.9961215853691101
NeuMF,2013,2013-12-31,16283,3252,7,0.9953863024711609
NeuMF,2013,2013-12-31,16283,64839,8,0.9951779842376709
NeuMF,2013,2013-12-31,16283,4262,9,0.9948604702949524
NeuMF,2013,2013-12-31,16283,34162,10,0.9942640662193298
NeuMF,2013,2013-12-31,16303,318,1,0.9992144107818604
NeuMF,2013,2013-12-31,16303,50068,2,0.9990941286087036
NeuMF,2013,2013-12-31,16303,356,3,0.9990602135658264
NeuMF,2013,2013-12-31,16303,47,4,0.9983198046684265
NeuMF,2013,2013-12-31,16303,296,5,0.9982950091362
NeuMF,2013,2013-12-31,16303,2571,6,0.9976639747619629
NeuMF,2013,2013-12-31,16303,3578,7,0.9975878000259399
NeuMF,2013,2013-12-31,16303,3897,8,0.9974126219749451
NeuMF,2013,2013-12-31,16303,1208,9,0.9969847798347473
NeuMF,2013,2013-12-31,16303,1704,10,0.9969135522842407
NeuMF,2013,2013-12-31,16376,61236,1,0.9998831748962402
NeuMF,2013,2013-12-31,16376,87234,2,0.9998089671134949
NeuMF,2013,2013-12-31,16376,32657,3,0.9996702671051025
NeuMF,2013,2013-12-31,16376,93766,4,0.9995798468589783
NeuMF,2013,2013-12-31,16376,27186,5,0.9995777010917664
NeuMF,2013,2013-12-31,16376,69685,6,0.99935382604599
NeuMF,2013,2013-12-31,16376,50011,7,0.9992839694023132
NeuMF,2013,2013-12-31,16376,3034,8,0.9992419481277466
NeuMF,2013,2013-12-31,16376,32892,9,0.999222993850708
NeuMF,2013,2013-12-31,16376,3910,10,0.9988736510276794
NeuMF,2013,2013-12-31,16397,53322,1,0.998360812664032
NeuMF,2013,2013-12-31,16397,46322,2,0.998190701007843
NeuMF,2013,2013-12-31,16397,3707,3,0.9981471300125122
NeuMF,2013,2013-12-31,16397,53125,4,0.9980981945991516
NeuMF,2013,2013-12-31,16397,44555,5,0.9977655410766602
NeuMF,2013,2013-12-31,16397,69306,6,0.9976629018783569
NeuMF,2013,2013-12-31,16397,380,7,0.9975464940071106
NeuMF,2013,2013-12-31,16397,78499,8,0.9973480701446533
NeuMF,2013,2013-12-31,16397,86882,9,0.9971600770950317
NeuMF,2013,2013-12-31,16397,480,10,0.9969345331192017
NeuMF,2013,2013-12-31,16688,44555,1,0.9981410503387451
NeuMF,2013,2013-12-31,16688,3629,2,0.9978508949279785
NeuMF,2013,2013-12-31,16688,2360,3,0.9978051781654358
NeuMF,2013,2013-12-31,16688,994,4,0.9970951080322266
NeuMF,2013,2013-12-31,16688,5618,5,0.9966254234313965
NeuMF,2013,2013-12-31,16688,3618,6,0.996468186378479
NeuMF,2013,2013-12-31,16688,46855,7,0.9964367151260376
NeuMF,2013,2013-12-31,16688,715,8,0.9961704611778259
NeuMF,2013,2013-12-31,16688,1245,9,0.9961548447608948
NeuMF,2013,2013-12-31,16688,4878,10,0.9960885047912598
NeuMF,2013,2013-12-31,16754,7889,1,0.9988141059875488
NeuMF,2013,2013-12-31,16754,6807,2,0.9973006844520569
NeuMF,2013,2013-12-31,16754,61323,3,0.9966409206390381
NeuMF,2013,2013-12-31,16754,1729,4,0.9966391324996948
NeuMF,2013,2013-12-31,16754,2857,5,0.9965410828590393
NeuMF,2013,2013-12-31,16754,88129,6,0.9965381622314453
NeuMF,2013,2013-12-31,16754,3869,7,0.9964590668678284
NeuMF,2013,2013-12-31,16754,8370,8,0.9964141249656677
NeuMF,2013,2013-12-31,16754,1080,9,0.9962382316589355
NeuMF,2013,2013-12-31,16754,8576,10,0.9962196946144104
NeuMF,2013,2013-12-31,16805,3801,1,0.9992638230323792
NeuMF,2013,2013-12-31,16805,5017,2,0.9990189075469971
NeuMF,2013,2013-12-31,16805,922,3,0.9988725781440735
NeuMF,2013,2013-12-31,16805,3435,4,0.9985620379447937
NeuMF,2013,2013-12-31,16805,6711,5,0.9980677962303162
NeuMF,2013,2013-12-31,16805,7056,6,0.9975341558456421
NeuMF,2013,2013-12-31,16805,3089,7,0.9974410533905029
NeuMF,2013,2013-12-31,16805,898,8,0.9973928928375244
NeuMF,2013,2013-12-31,16805,3545,9,0.9973537921905518
NeuMF,2013,2013-12-31,16805,2028,10,0.9973397850990295
NeuMF,2013,2013-12-31,16850,90376,1,0.9997777342796326
NeuMF,2013,2013-12-31,16850,81591,2,0.9996898174285889
NeuMF,2013,2013-12-31,16850,7361,3,0.9995918869972229
NeuMF,2013,2013-12-31,16850,61323,4,0.9995471835136414
NeuMF,2013,2013-12-31,16850,147,5,0.9995150566101074
NeuMF,2013,2013-12-31,16850,86882,6,0.9994481205940247
NeuMF,2013,2013-12-31,16850,71579,7,0.9993417859077454
NeuMF,2013,2013-12-31,16850,8910,8,0.9992904663085938
NeuMF,2013,2013-12-31,16850,63082,9,0.9992581009864807
NeuMF,2013,2013-12-31,16850,7460,10,0.9992567896842957
NeuMF,2013,2013-12-31,16876,1345,1,0.9994495511054993
NeuMF,2013,2013-12-31,16876,1687,2,0.9990956783294678
NeuMF,2013,2013-12-31,16876,1665,3,0.9976535439491272
NeuMF,2013,2013-12-31,16876,7482,4,0.9961804151535034
NeuMF,2013,2013-12-31,16876,5017,5,0.9959468245506287
NeuMF,2013,2013-12-31,16876,6502,6,0.9955692887306213
NeuMF,2013,2013-12-31,16876,27773,7,0.9954509139060974
NeuMF,2013,2013-12-31,16876,1377,8,0.994545578956604
NeuMF,2013,2013-12-31,16876,2114,9,0.9939925074577332
NeuMF,2013,2013-12-31,16876,1049,10,0.9928880333900452
NeuMF,2013,2013-12-31,16907,7836,1,0.9990517497062683
NeuMF,2013,2013-12-31,16907,45447,2,0.9983731508255005
NeuMF,2013,2013-12-31,16907,5187,3,0.9980195760726929
NeuMF,2013,2013-12-31,16907,64620,4,0.9971315860748291
NeuMF,2013,2013-12-31,16907,2686,5,0.9969674944877625
NeuMF,2013,2013-12-31,16907,7124,6,0.9967357516288757
NeuMF,2013,2013-12-31,16907,33558,7,0.9965453743934631
NeuMF,2013,2013-12-31,16907,5522,8,0.99643874168396
NeuMF,2013,2013-12-31,16907,26375,9,0.9960230588912964
NeuMF,2013,2013-12-31,16907,8796,10,0.9957530498504639
NeuMF,2013,2013-12-31,16966,5690,1,0.9996248483657837
NeuMF,2013,2013-12-31,16966,3000,2,0.9993230104446411
NeuMF,2013,2013-12-31,16966,26776,3,0.9991857409477234
NeuMF,2013,2013-12-31,16966,5971,4,0.9991100430488586
NeuMF,2013,2013-12-31,16966,26903,5,0.9985664486885071
NeuMF,2013,2013-12-31,16966,7577,6,0.9985004663467407
NeuMF,2013,2013-12-31,16966,26662,7,0.9979519248008728
NeuMF,2013,2013-12-31,16966,2948,8,0.9971420168876648
NeuMF,2013,2013-12-31,16966,8228,9,0.9969632029533386
NeuMF,2013,2013-12-31,16966,7022,10,0.9969509840011597
NeuMF,2013,2013-12-31,17386,345,1,0.9994341731071472
NeuMF,2013,2013-12-31,17386,1305,2,0.9992266893386841
NeuMF,2013,2013-12-31,17386,3342,3,0.999215841293335
NeuMF,2013,2013-12-31,17386,1096,4,0.998570442199707
NeuMF,2013,2013-12-31,17386,40870,5,0.9982932209968567
NeuMF,2013,2013-12-31,17386,1279,6,0.9982897639274597
NeuMF,2013,2013-12-31,17386,1293,7,0.9979934692382812
NeuMF,2013,2013-12-31,17386,1186,8,0.9979089498519897
NeuMF,2013,2013-12-31,17386,1046,9,0.997841477394104
NeuMF,2013,2013-12-31,17386,541,10,0.9975492358207703
NeuMF,2013,2013-12-31,17946,5008,1,0.9999638795852661
NeuMF,2013,2013-12-31,17946,8128,2,0.9997537732124329
NeuMF,2013,2013-12-31,17946,6791,3,0.9995108842849731
NeuMF,2013,2013-12-31,17946,3789,4,0.9994897842407227
NeuMF,2013,2013-12-31,17946,4703,5,0.9994603991508484
NeuMF,2013,2013-12-31,17946,8754,6,0.9994310736656189
NeuMF,2013,2013-12-31,17946,1172,7,0.9993246793746948
NeuMF,2013,2013-12-31,17946,232,8,0.9993040561676025
NeuMF,2013,2013-12-31,17946,904,9,0.9992827773094177
NeuMF,2013,2013-12-31,17946,70293,10,0.9992755055427551
NeuMF,2013,2013-12-31,17991,45928,1,0.9991868138313293
NeuMF,2013,2013-12-31,17991,27878,2,0.9991840720176697
NeuMF,2013,2013-12-31,17991,2431,3,0.9988113641738892
NeuMF,2013,2013-12-31,17991,49910,4,0.9984887838363647
NeuMF,2013,2013-12-31,17991,40414,5,0.9982115030288696
NeuMF,2013,2013-12-31,17991,44555,6,0.9979800581932068
NeuMF,2013,2013-12-31,17991,71282,7,0.9979519248008728
NeuMF,2013,2013-12-31,17991,53129,8,0.9979422688484192
NeuMF,2013,2013-12-31,17991,765,9,0.9978943467140198
NeuMF,2013,2013-12-31,17991,2688,10,0.9975181818008423
NeuMF,2013,2013-12-31,18212,6235,1,0.9988369345664978
NeuMF,2013,2013-12-31,18212,3545,2,0.9984982013702393
NeuMF,2013,2013-12-31,18212,7156,3,0.9977765679359436
NeuMF,2013,2013-12-31,18212,5367,4,0.9974199533462524
NeuMF,2013,2013-12-31,18212,4508,5,0.9971828460693359
NeuMF,2013,2013-12-31,18212,89492,6,0.9970095157623291
NeuMF,2013,2013-12-31,18212,3983,7,0.9968088269233704
NeuMF,2013,2013-12-31,18212,4616,8,0.9965928196907043
NeuMF,2013,2013-12-31,18212,2971,9,0.9963917136192322
NeuMF,2013,2013-12-31,18212,70293,10,0.996337890625
NeuMF,2013,2013-12-31,18256,69757,1,0.9998912811279297
NeuMF,2013,2013-12-31,18256,56782,2,0.9998692274093628
NeuMF,2013,2013-12-31,18256,67801,3,0.9998472929000854
NeuMF,2013,2013-12-31,18256,44555,4,0.9998279809951782
NeuMF,2013,2013-12-31,18256,60950,5,0.9998220801353455
NeuMF,2013,2013-12-31,18256,55814,6,0.9997256398200989
NeuMF,2013,2013-12-31,18256,65130,7,0.9995224475860596
NeuMF,2013,2013-12-31,18256,57669,8,0.9994818568229675
NeuMF,2013,2013-12-31,18256,55820,9,0.9994142055511475
NeuMF,2013,2013-12-31,18256,71462,10,0.9993513226509094
NeuMF,2013,2013-12-31,18257,72407,1,0.9999269247055054
NeuMF,2013,2013-12-31,18257,89745,2,0.9998067021369934
NeuMF,2013,2013-12-31,18257,81229,3,0.9997009038925171
NeuMF,2013,2013-12-31,18257,60397,4,0.9994725584983826
NeuMF,2013,2013-12-31,18257,95167,5,0.9994495511054993
NeuMF,2013,2013-12-31,18257,72378,6,0.999417781829834
NeuMF,2013,2013-12-31,18257,90403,7,0.9993879795074463
NeuMF,2013,2013-12-31,18257,80549,8,0.9992419481277466
NeuMF,2013,2013-12-31,18257,86815,9,0.9990893602371216
NeuMF,2013,2013-12-31,18257,70183,10,0.9990819692611694
NeuMF,2013,2013-12-31,18295,62999,1,0.9999691247940063
NeuMF,2013,2013-12-31,18295,79293,2,0.9999351501464844
NeuMF,2013,2013-12-31,18295,78105,3,0.9998428821563721
NeuMF,2013,2013-12-31,18295,44022,4,0.9996676445007324
NeuMF,2013,2013-12-31,18295,6889,5,0.9996674060821533
NeuMF,2013,2013-12-31,18295,79091,6,0.9996641874313354
NeuMF,2013,2013-12-31,18295,58293,7,0.9995336532592773
NeuMF,2013,2013-12-31,18295,89745,8,0.9995013475418091
NeuMF,2013,2013-12-31,18295,77561,9,0.9994938373565674
NeuMF,2013,2013-12-31,18295,76251,10,0.9994668364524841
NeuMF,2013,2013-12-31,18355,3508,1,0.9997922778129578
NeuMF,2013,2013-12-31,18355,3198,2,0.9988529682159424
NeuMF,2013,2013-12-31,18355,1233,3,0.998721182346344
NeuMF,2013,2013-12-31,18355,2947,4,0.9980467557907104
NeuMF,2013,2013-12-31,18355,4327,5,0.9972898960113525
NeuMF,2013,2013-12-31,18355,349,6,0.9972169399261475
NeuMF,2013,2013-12-31,18355,1080,7,0.9959484934806824
NeuMF,2013,2013-12-31,18355,786,8,0.9951077699661255
NeuMF,2013,2013-12-31,18355,1234,9,0.9950270056724548
NeuMF,2013,2013-12-31,18355,1953,10,0.9948998093605042
NeuMF,2013,2013-12-31,18362,81845,1,0.9990905523300171
NeuMF,2013,2013-12-31,18362,4995,2,0.9989542961120605
NeuMF,2013,2013-12-31,18362,58559,3,0.998446524143219
NeuMF,2013,2013-12-31,18362,81562,4,0.998320996761322
NeuMF,2013,2013-12-31,18362,76093,5,0.9982858300209045
NeuMF,2013,2013-12-31,18362,44555,6,0.9980182647705078
NeuMF,2013,2013-12-31,18362,5952,7,0.9975476861000061
NeuMF,2013,2013-12-31,18362,318,8,0.9974914789199829
NeuMF,2013,2013-12-31,18362,5995,9,0.9972658157348633
NeuMF,2013,2013-12-31,18362,31410,10,0.9972509741783142
NeuMF,2013,2013-12-31,18668,87232,1,0.9999794960021973
NeuMF,2013,2013-12-31,18668,79553,2,0.9999663829803467
NeuMF,2013,2013-12-31,18668,71535,3,0.9999092817306519
NeuMF,2013,2013-12-31,18668,79702,4,0.9998524188995361
NeuMF,2013,2013-12-31,18668,7022,5,0.9997046589851379
NeuMF,2013,2013-12-31,18668,70286,6,0.9992602467536926
NeuMF,2013,2013-12-31,18668,88405,7,0.999213457107544
NeuMF,2013,2013-12-31,18668,27773,8,0.9991481304168701
NeuMF,2013,2013-12-31,18668,5903,9,0.9990460276603699
NeuMF,2013,2013-12-31,18668,89745,10,0.9990076422691345
NeuMF,2013,2013-12-31,18769,74545,1,0.9998830556869507
NeuMF,2013,2013-12-31,18769,69757,2,0.9998161196708679
NeuMF,2013,2013-12-31,18769,74458,3,0.9997301697731018
NeuMF,2013,2013-12-31,18769,55442,4,0.9996256828308105
NeuMF,2013,2013-12-31,18769,69844,5,0.9993715882301331
NeuMF,2013,2013-12-31,18769,79132,6,0.99925297498703
NeuMF,2013,2013-12-31,18769,74275,7,0.9992122650146484
NeuMF,2013,2013-12-31,18769,76173,8,0.999146580696106
NeuMF,2013,2013-12-31,18769,74510,9,0.9988892674446106
NeuMF,2013,2013-12-31,18769,4973,10,0.9986282587051392
NeuMF,2013,2013-12-31,18999,71379,1,0.9995912909507751
NeuMF,2013,2013-12-31,18999,71535,2,0.9994795918464661
NeuMF,2013,2013-12-31,18999,64614,3,0.9988090991973877
NeuMF,2013,2013-12-31,18999,32587,4,0.9984068274497986
NeuMF,2013,2013-12-31,18999,7360,5,0.9983444213867188
NeuMF,2013,2013-12-31,18999,84772,6,0.9976748824119568
NeuMF,2013,2013-12-31,18999,68157,7,0.9976091384887695
NeuMF,2013,2013-12-31,18999,318,8,0.9967768788337708
NeuMF,2013,2013-12-31,18999,3499,9,0.9965251088142395
NeuMF,2013,2013-12-31,18999,4148,10,0.9958827495574951
NeuMF,2013,2013-12-31,19237,4019,1,0.9989047050476074
NeuMF,2013,2013-12-31,19237,49272,2,0.9987291693687439
NeuMF,2013,2013-12-31,19237,54004,3,0.9976934790611267
NeuMF,2013,2013-12-31,19237,64614,4,0.9975875616073608
NeuMF,2013,2013-12-31,19237,7458,5,0.9975323677062988
NeuMF,2013,2013-12-31,19237,55276,6,0.9972969889640808
NeuMF,2013,2013-12-31,19237,3980,7,0.9972034692764282
NeuMF,2013,2013-12-31,19237,1208,8,0.9971767663955688
NeuMF,2013,2013-12-31,19237,69481,9,0.9968543648719788
NeuMF,2013,2013-12-31,19237,55247,10,0.99662184715271
NeuMF,2013,2013-12-31,19448,56145,1,0.9997689127922058
NeuMF,2013,2013-12-31,19448,6223,2,0.9996179342269897
NeuMF,2013,2013-12-31,19448,58559,3,0.9996115565299988
NeuMF,2013,2013-12-31,19448,7361,4,0.9994621872901917
NeuMF,2013,2013-12-31,19448,84152,5,0.9992427825927734
NeuMF,2013,2013-12-31,19448,5294,6,0.9987974166870117
NeuMF,2013,2013-12-31,19448,5151,7,0.9987868666648865
NeuMF,2013,2013-12-31,19448,5577,8,0.9986390471458435
NeuMF,2013,2013-12-31,19448,50442,9,0.9986246824264526
NeuMF,2013,2013-12-31,19448,71520,10,0.9985598921775818
NeuMF,2013,2013-12-31,19524,7419,1,0.9995703101158142
NeuMF,2013,2013-12-31,19524,5147,2,0.9994791150093079
NeuMF,2013,2013-12-31,19524,5056,3,0.9994654059410095
NeuMF,2013,2013-12-31,19524,3424,4,0.9992552399635315
NeuMF,2013,2013-12-31,19524,154,5,0.9990447163581848
NeuMF,2013,2013-12-31,19524,348,6,0.9990173578262329
NeuMF,2013,2013-12-31,19524,1237,7,0.9989628791809082
NeuMF,2013,2013-12-31,19524,1193,8,0.9989436268806458
NeuMF,2013,2013-12-31,19524,2313,9,0.9988659620285034
NeuMF,2013,2013-12-31,19524,6666,10,0.998865008354187
NeuMF,2013,2013-12-31,19535,1178,1,0.998814582824707
NeuMF,2013,2013-12-31,19535,55118,2,0.9987536668777466
NeuMF,2013,2013-12-31,19535,59315,3,0.9986769556999207
NeuMF,2013,2013-12-31,19535,2951,4,0.9983963370323181
NeuMF,2013,2013-12-31,19535,54997,5,0.9983730316162109
NeuMF,2013,2013-12-31,19535,7587,6,0.9980016350746155
NeuMF,2013,2013-12-31,19535,55765,7,0.9979082345962524
NeuMF,2013,2013-12-31,19535,8950,8,0.9974750876426697
NeuMF,2013,2013-12-31,19535,3006,9,0.9963733553886414
NeuMF,2013,2013-12-31,19535,1343,10,0.9961569905281067
NeuMF,2013,2013-12-31,19805,928,1,0.9993550181388855
NeuMF,2013,2013-12-31,19805,1269,2,0.9992536902427673
NeuMF,2013,2013-12-31,19805,8491,3,0.9986887574195862
NeuMF,2013,2013-12-31,19805,908,4,0.9986482262611389
NeuMF,2013,2013-12-31,19805,1203,5,0.9986289739608765
NeuMF,2013,2013-12-31,19805,52435,6,0.9985902905464172
NeuMF,2013,2013-12-31,19805,946,7,0.9981984496116638
NeuMF,2013,2013-12-31,19805,5017,8,0.9981825351715088
NeuMF,2013,2013-12-31,19805,2791,9,0.997999370098114
NeuMF,2013,2013-12-31,19805,1254,10,0.9974320530891418
NeuMF,2013,2013-12-31,20190,145,1,0.9989516735076904
NeuMF,2013,2013-12-31,20190,3949,2,0.9983709454536438
NeuMF,2013,2013-12-31,20190,5219,3,0.9979614019393921
NeuMF,2013,2013-12-31,20190,7254,4,0.9978774785995483
NeuMF,2013,2013-12-31,20190,7438,5,0.9977105855941772
NeuMF,2013,2013-12-31,20190,42723,6,0.9974986910820007
NeuMF,2013,2013-12-31,20190,54259,7,0.9974851608276367
NeuMF,2013,2013-12-31,20190,6874,8,0.9973552227020264
NeuMF,2013,2013-12-31,20190,41997,9,0.9971621036529541
NeuMF,2013,2013-12-31,20190,33493,10,0.9970044493675232
NeuMF,2013,2013-12-31,20248,3745,1,0.9999817609786987
NeuMF,2013,2013-12-31,20248,2808,2,0.9999439716339111
NeuMF,2013,2013-12-31,20248,1920,3,0.9999213218688965
NeuMF,2013,2013-12-31,20248,405,4,0.9999128580093384
NeuMF,2013,2013-12-31,20248,1881,5,0.9998890161514282
NeuMF,2013,2013-12-31,20248,2422,6,0.9998559951782227
NeuMF,2013,2013-12-31,20248,519,7,0.9998005032539368
NeuMF,2013,2013-12-31,20248,3986,8,0.9997898936271667
NeuMF,2013,2013-12-31,20248,1591,9,0.9997377991676331
NeuMF,2013,2013-12-31,20248,3997,10,0.9997319579124451
NeuMF,2013,2013-12-31,20484,5112,1,0.9999117851257324
NeuMF,2013,2013-12-31,20484,1537,2,0.9996365308761597
NeuMF,2013,2013-12-31,20484,5222,3,0.9996359348297119
NeuMF,2013,2013-12-31,20484,2390,4,0.9994611144065857
NeuMF,2013,2013-12-31,20484,2686,5,0.9993782043457031
NeuMF,2013,2013-12-31,20484,5319,6,0.9993444085121155
NeuMF,2013,2013-12-31,20484,1734,7,0.9993351101875305
NeuMF,2013,2013-12-31,20484,1914,8,0.9991441965103149
NeuMF,2013,2013-12-31,20484,1643,9,0.9989551305770874
NeuMF,2013,2013-12-31,20484,3618,10,0.9989099502563477
NeuMF,2013,2013-12-31,20750,71579,1,0.9999747276306152
NeuMF,2013,2013-12-31,20750,80551,2,0.9999037981033325
NeuMF,2013,2013-12-31,20750,59220,3,0.9997256398200989
NeuMF,2013,2013-12-31,20750,67087,4,0.9996228218078613
NeuMF,2013,2013-12-31,20750,54281,5,0.9994034767150879
NeuMF,2013,2013-12-31,20750,56715,6,0.9992789626121521
NeuMF,2013,2013-12-31,20750,61729,7,0.9992191791534424
NeuMF,2013,2013-12-31,20750,79897,8,0.9991649389266968
NeuMF,2013,2013-12-31,20750,59404,9,0.9988754391670227
NeuMF,2013,2013-12-31,20750,81591,10,0.9987161159515381
NeuMF,2013,2013-12-31,20878,79132,1,0.9982150793075562
NeuMF,2013,2013-12-31,20878,541,2,0.9976937174797058
NeuMF,2013,2013-12-31,20878,4878,3,0.9974690675735474
NeuMF,2013,2013-12-31,20878,55908,4,0.9967604279518127
NeuMF,2013,2013-12-31,20878,61323,5,0.9961400628089905
NeuMF,2013,2013-12-31,20878,208,6,0.9961302280426025
NeuMF,2013,2013-12-31,20878,2542,7,0.9959321618080139
NeuMF,2013,2013-12-31,20878,44665,8,0.9939109086990356
NeuMF,2013,2013-12-31,20878,6711,9,0.9937712550163269
NeuMF,2013,2013-12-31,20878,1722,10,0.9931856393814087
NeuMF,2013,2013-12-31,21319,69844,1,0.9998434782028198
NeuMF,2013,2013-12-31,21319,54001,2,0.9998354911804199
NeuMF,2013,2013-12-31,21319,88125,3,0.9998200535774231
NeuMF,2013,2013-12-31,21319,48394,4,0.9997554421424866
NeuMF,2013,2013-12-31,21319,76093,5,0.999357283115387
NeuMF,2013,2013-12-31,21319,72998,6,0.9989356398582458
NeuMF,2013,2013-12-31,21319,70286,7,0.9988120794296265
NeuMF,2013,2013-12-31,21319,78499,8,0.9987519979476929
NeuMF,2013,2013-12-31,21319,55274,9,0.998450756072998
NeuMF,2013,2013-12-31,21319,68954,10,0.9984316229820251
NeuMF,2013,2013-12-31,21354,37386,1,0.9996552467346191
NeuMF,2013,2013-12-31,21354,7163,2,0.9995129108428955
NeuMF,2013,2013-12-31,21354,60040,3,0.9994787573814392
NeuMF,2013,2013-12-31,21354,54736,4,0.9994246959686279
NeuMF,2013,2013-12-31,21354,4901,5,0.9993911981582642
NeuMF,2013,2013-12-31,21354,59369,6,0.9993354678153992
NeuMF,2013,2013-12-31,21354,89745,7,0.999306321144104
NeuMF,2013,2013-12-31,21354,5064,8,0.9992344379425049
NeuMF,2013,2013-12-31,21354,1580,9,0.9990910291671753
NeuMF,2013,2013-12-31,21354,51255,10,0.9990460276603699
NeuMF,2013,2013-12-31,21379,345,1,0.9990296363830566
NeuMF,2013,2013-12-31,21379,6765,2,0.9990149736404419
NeuMF,2013,2013-12-31,21379,3831,3,0.9987063407897949
NeuMF,2013,2013-12-31,21379,30825,4,0.9981822967529297
NeuMF,2013,2013-12-31,21379,8865,5,0.9980639815330505
NeuMF,2013,2013-12-31,21379,8529,6,0.9979161620140076
NeuMF,2013,2013-12-31,21379,31694,7,0.9978809952735901
NeuMF,2013,2013-12-31,21379,4161,8,0.9975639581680298
NeuMF,2013,2013-12-31,21379,1569,9,0.9971280694007874
NeuMF,2013,2013-12-31,21379,1693,10,0.9968581199645996
NeuMF,2013,2013-12-31,22097,68791,1,0.9994552731513977
NeuMF,2013,2013-12-31,22097,34532,2,0.9994127750396729
NeuMF,2013,2013-12-31,22097,78105,3,0.9991357922554016
NeuMF,2013,2013-12-31,22097,69844,4,0.998790442943573
NeuMF,2013,2013-12-31,22097,5313,5,0.9987572431564331
NeuMF,2013,2013-12-31,22097,68554,6,0.9987037181854248
NeuMF,2013,2013-12-31,22097,86880,7,0.9981935620307922
NeuMF,2013,2013-12-31,22097,5378,8,0.9981423616409302
NeuMF,2013,2013-12-31,22097,6373,9,0.9981385469436646
NeuMF,2013,2013-12-31,22097,53993,10,0.9977149963378906
NeuMF,2013,2013-12-31,22104,52435,1,0.9996892213821411
NeuMF,2013,2013-12-31,22104,82459,2,0.9981168508529663
NeuMF,2013,2013-12-31,22104,111,3,0.9977092742919922
NeuMF,2013,2013-12-31,22104,72998,4,0.9974308609962463
NeuMF,2013,2013-12-31,22104,1263,5,0.9972725510597229
NeuMF,2013,2013-12-31,22104,6016,6,0.9968425035476685
NeuMF,2013,2013-12-31,22104,2067,7,0.9968147873878479
NeuMF,2013,2013-12-31,22104,923,8,0.996271014213562
NeuMF,2013,2013-12-31,22104,68358,9,0.9962128400802612
NeuMF,2013,2013-12-31,22104,68157,10,0.9961838126182556
NeuMF,2013,2013-12-31,22115,190,1,0.9999688863754272
NeuMF,2013,2013-12-31,22115,1248,2,0.9999517202377319
NeuMF,2013,2013-12-31,22115,3435,3,0.9999120235443115
NeuMF,2013,2013-12-31,22115,3730,4,0.9998742341995239
NeuMF,2013,2013-12-31,22115,2066,5,0.9998346567153931
NeuMF,2013,2013-12-31,22115,7939,6,0.9997922778129578
NeuMF,2013,2013-12-31,22115,6001,7,0.9997863173484802
NeuMF,2013,2013-12-31,22115,2186,8,0.9997727274894714
NeuMF,2013,2013-12-31,22115,46855,9,0.9997674822807312
NeuMF,2013,2013-12-31,22115,1284,10,0.9996474981307983
NeuMF,2013,2013-12-31,22545,36517,1,0.9995501637458801
NeuMF,2013,2013-12-31,22545,55555,2,0.9992064833641052
NeuMF,2013,2013-12-31,22545,80463,3,0.9991306662559509
NeuMF,2013,2013-12-31,22545,69757,4,0.9989746809005737
NeuMF,2013,2013-12-31,22545,58559,5,0.9989284873008728
NeuMF,2013,2013-12-31,22545,52241,6,0.9986435770988464
NeuMF,2013,2013-12-31,22545,1704,7,0.9985151886940002
NeuMF,2013,2013-12-31,22545,49278,8,0.998499870300293
NeuMF,2013,2013-12-31,22545,55721,9,0.9982832670211792
NeuMF,2013,2013-12-31,22545,55069,10,0.9982510209083557
NeuMF,2013,2013-12-31,22603,55820,1,0.9991884827613831
NeuMF,2013,2013-12-31,22603,64839,2,0.998630702495575
NeuMF,2013,2013-12-31,22603,60684,3,0.9980200529098511
NeuMF,2013,2013-12-31,22603,296,4,0.9978163242340088
NeuMF,2013,2013-12-31,22603,111,5,0.9977191090583801
NeuMF,2013,2013-12-31,22603,5418,6,0.9976633787155151
NeuMF,2013,2013-12-31,22603,4262,7,0.9974625110626221
NeuMF,2013,2013-12-31,22603,3683,8,0.997416615486145
NeuMF,2013,2013-12-31,22603,318,9,0.9973978996276855
NeuMF,2013,2013-12-31,22603,64614,10,0.997334361076355
NeuMF,2013,2013-12-31,22644,49278,1,0.9998295307159424
NeuMF,2013,2013-12-31,22644,74795,2,0.9996273517608643
NeuMF,2013,2013-12-31,22644,36529,3,0.9992241859436035
NeuMF,2013,2013-12-31,22644,74851,4,0.9991710186004639
NeuMF,2013,2013-12-31,22644,80489,5,0.9989349246025085
NeuMF,2013,2013-12-31,22644,68791,6,0.9988553524017334
NeuMF,2013,2013-12-31,22644,69306,7,0.9982871413230896
NeuMF,2013,2013-12-31,22644,92507,8,0.9976289868354797
NeuMF,2013,2013-12-31,22644,51255,9,0.9973785877227783
NeuMF,2013,2013-12-31,22644,52604,10,0.9972063899040222
NeuMF,2013,2013-12-31,22884,2455,1,0.9991143345832825
NeuMF,2013,2013-12-31,22884,1347,2,0.9987075328826904
NeuMF,2013,2013-12-31,22884,1089,3,0.998687207698822
NeuMF,2013,2013-12-31,22884,8950,4,0.9985681772232056
NeuMF,2013,2013-12-31,22884,1258,5,0.9985281229019165
NeuMF,2013,2013-12-31,22884,48877,6,0.9983628392219543
NeuMF,2013,2013-12-31,22884,1982,7,0.9983558058738708
NeuMF,2013,2013-12-31,22884,6874,8,0.9980846643447876
NeuMF,2013,2013-12-31,22884,1625,9,0.9980771541595459
NeuMF,2013,2013-12-31,22884,7438,10,0.9980505704879761
NeuMF,2013,2013-12-31,23582,3980,1,0.9987540245056152
NeuMF,2013,2013-12-31,23582,2803,2,0.9986409544944763
NeuMF,2013,2013-12-31,23582,26386,3,0.9986081719398499
NeuMF,2013,2013-12-31,23582,3755,4,0.9985523819923401
NeuMF,2013,2013-12-31,23582,53129,5,0.9981953501701355
NeuMF,2013,2013-12-31,23582,2391,6,0.9980998635292053
NeuMF,2013,2013-12-31,23582,5400,7,0.9969526529312134
NeuMF,2013,2013-12-31,23582,6296,8,0.996917724609375
NeuMF,2013,2013-12-31,23582,52,9,0.9966031312942505
NeuMF,2013,2013-12-31,23582,2949,10,0.9964709281921387
NeuMF,2013,2013-12-31,24218,1687,1,0.9999449253082275
NeuMF,2013,2013-12-31,24218,1792,2,0.9993693232536316
NeuMF,2013,2013-12-31,24218,2881,3,0.9993038177490234
NeuMF,2013,2013-12-31,24218,2707,4,0.9992608428001404
NeuMF,2013,2013-12-31,24218,2805,5,0.9986590147018433
NeuMF,2013,2013-12-31,24218,170,6,0.9985305070877075
NeuMF,2013,2013-12-31,24218,2485,7,0.9985079169273376
NeuMF,2013,2013-12-31,24218,3301,8,0.9977768063545227
NeuMF,2013,2013-12-31,24218,2126,9,0.9977407455444336
NeuMF,2013,2013-12-31,24218,3156,10,0.9969319105148315
NeuMF,2013,2013-12-31,24238,745,1,0.9998058676719666
NeuMF,2013,2013-12-31,24238,48,2,0.9998037219047546
NeuMF,2013,2013-12-31,24238,55442,3,0.999786913394928
NeuMF,2013,2013-12-31,24238,5618,4,0.9997426867485046
NeuMF,2013,2013-12-31,24238,661,5,0.9995255470275879
NeuMF,2013,2013-12-31,24238,65261,6,0.9994698166847229
NeuMF,2013,2013-12-31,24238,66934,7,0.9993115663528442
NeuMF,2013,2013-12-31,24238,47721,8,0.9991853833198547
NeuMF,2013,2013-12-31,24238,74275,9,0.9989715814590454
NeuMF,2013,2013-12-31,24238,56757,10,0.9989643096923828
NeuMF,2013,2013-12-31,24644,2905,1,0.9999703168869019
NeuMF,2013,2013-12-31,24644,7925,2,0.9997537732124329
NeuMF,2013,2013-12-31,24644,1274,3,0.9997113347053528
NeuMF,2013,2013-12-31,24644,3000,4,0.999528169631958
NeuMF,2013,2013-12-31,24644,79132,5,0.999398946762085
NeuMF,2013,2013-12-31,24644,5971,6,0.9992750287055969
NeuMF,2013,2013-12-31,24644,1209,7,0.9989755153656006
NeuMF,2013,2013-12-31,24644,1217,8,0.9989186525344849
NeuMF,2013,2013-12-31,24644,904,9,0.9987677335739136
NeuMF,2013,2013-12-31,24644,1198,10,0.9987549781799316
NeuMF,2013,2013-12-31,24732,81562,1,0.9998169541358948
NeuMF,2013,2013-12-31,24732,73017,2,0.9997851252555847
NeuMF,2013,2013-12-31,24732,60753,3,0.9996802806854248
NeuMF,2013,2013-12-31,24732,67997,4,0.9993515610694885
NeuMF,2013,2013-12-31,24732,4681,5,0.9992666840553284
NeuMF,2013,2013-12-31,24732,62250,6,0.9990491271018982
NeuMF,2013,2013-12-31,24732,27831,7,0.998971700668335
NeuMF,2013,2013-12-31,24732,48738,8,0.998894989490509
NeuMF,2013,2013-12-31,24732,72998,9,0.9988332390785217
NeuMF,2013,2013-12-31,24732,61236,10,0.9986628293991089
NeuMF,2013,2013-12-31,24826,60684,1,0.9993911981582642
NeuMF,2013,2013-12-31,24826,60069,2,0.9990444779396057
NeuMF,2013,2013-12-31,24826,44191,3,0.9990166425704956
NeuMF,2013,2013-12-31,24826,45928,4,0.998917818069458
NeuMF,2013,2013-12-31,24826,7361,5,0.9988524913787842
NeuMF,2013,2013-12-31,24826,35836,6,0.998704195022583
NeuMF,2013,2013-12-31,24826,33154,7,0.9986592531204224
NeuMF,2013,2013-12-31,24826,8376,8,0.9984880685806274
NeuMF,2013,2013-12-31,24826,39292,9,0.9982641339302063
NeuMF,2013,2013-12-31,24826,48774,10,0.9982519745826721
NeuMF,2013,2013-12-31,25266,2403,1,0.9988873600959778
NeuMF,2013,2013-12-31,25266,1255,2,0.996591329574585
NeuMF,2013,2013-12-31,25266,6242,3,0.9965413212776184
NeuMF,2013,2013-12-31,25266,1348,4,0.9955387711524963
NeuMF,2013,2013-12-31,25266,44665,5,0.9944353103637695
NeuMF,2013,2013-12-31,25266,2921,6,0.9942963719367981
NeuMF,2013,2013-12-31,25266,44191,7,0.9942387342453003
NeuMF,2013,2013-12-31,25266,64614,8,0.9941697120666504
NeuMF,2013,2013-12-31,25266,5528,9,0.9938880801200867
NeuMF,2013,2013-12-31,25266,2662,10,0.9937445521354675
NeuMF,2013,2013-12-31,25383,342,1,0.9978153705596924
NeuMF,2013,2013-12-31,25383,2406,2,0.9973871111869812
NeuMF,2013,2013-12-31,25383,6218,3,0.9972520470619202
NeuMF,2013,2013-12-31,25383,520,4,0.9970405697822571
NeuMF,2013,2013-12-31,25383,52973,5,0.9969086050987244
NeuMF,2013,2013-12-31,25383,27878,6,0.996638298034668
NeuMF,2013,2013-12-31,25383,2359,7,0.9956855773925781
NeuMF,2013,2013-12-31,25383,8464,8,0.9955130219459534
NeuMF,2013,2013-12-31,25383,497,9,0.9952030181884766
NeuMF,2013,2013-12-31,25383,64614,10,0.9947735667228699
NeuMF,2013,2013-12-31,25480,3755,1,0.9980707764625549
NeuMF,2013,2013-12-31,25480,4126,2,0.998046875
NeuMF,2013,2013-12-31,25480,3967,3,0.9977948665618896
NeuMF,2013,2013-12-31,25480,347,4,0.9977948665618896
NeuMF,2013,2013-12-31,25480,1302,5,0.9974514842033386
NeuMF,2013,2013-12-31,25480,5527,6,0.9972965121269226
NeuMF,2013,2013-12-31,25480,4251,7,0.9971110820770264
NeuMF,2013,2013-12-31,25480,299,8,0.9966726303100586
NeuMF,2013,2013-12-31,25480,4095,9,0.9960762858390808
NeuMF,2013,2013-12-31,25480,4880,10,0.9959167838096619
NeuMF,2013,2013-12-31,25914,1276,1,0.9988371729850769
NeuMF,2013,2013-12-31,25914,3362,2,0.9986060261726379
NeuMF,2013,2013-12-31,25914,4378,3,0.997846245765686
NeuMF,2013,2013-12-31,25914,3201,4,0.9977124929428101
NeuMF,2013,2013-12-31,25914,3504,5,0.9976189732551575
NeuMF,2013,2013-12-31,25914,3730,6,0.99760901927948
NeuMF,2013,2013-12-31,25914,21,7,0.9975409507751465
NeuMF,2013,2013-12-31,25914,3006,8,0.9974617958068848
NeuMF,2013,2013-12-31,25914,80489,9,0.9973359704017639
NeuMF,2013,2013-12-31,25914,3230,10,0.9973108768463135
NeuMF,2013,2013-12-31,26048,1132,1,0.9998735189437866
NeuMF,2013,2013-12-31,26048,1082,2,0.9995056390762329
NeuMF,2013,2013-12-31,26048,3498,3,0.9994168281555176
NeuMF,2013,2013-12-31,26048,1957,4,0.9992573857307434
NeuMF,2013,2013-12-31,26048,51884,5,0.9992271661758423
NeuMF,2013,2013-12-31,26048,52967,6,0.9990267753601074
NeuMF,2013,2013-12-31,26048,50658,7,0.9989739656448364
NeuMF,2013,2013-12-31,26048,3653,8,0.9989381432533264
NeuMF,2013,2013-12-31,26048,55276,9,0.9988401532173157
NeuMF,2013,2013-12-31,26048,7493,10,0.9983981251716614
NeuMF,2013,2013-12-31,26576,8754,1,0.9997861981391907
NeuMF,2013,2013-12-31,26576,8459,2,0.9997808337211609
NeuMF,2013,2013-12-31,26576,1103,3,0.9993938207626343
NeuMF,2013,2013-12-31,26576,2360,4,0.9993053674697876
NeuMF,2013,2013-12-31,26576,232,5,0.9987215399742126
NeuMF,2013,2013-12-31,26576,2686,6,0.9982694387435913
NeuMF,2013,2013-12-31,26576,1719,7,0.9982501864433289
NeuMF,2013,2013-12-31,26576,3359,8,0.998094379901886
NeuMF,2013,2013-12-31,26576,6377,9,0.9979645013809204
NeuMF,2013,2013-12-31,26576,7116,10,0.9976446032524109
NeuMF,2013,2013-12-31,26817,1957,1,0.9997230172157288
NeuMF,2013,2013-12-31,26817,919,2,0.9991194605827332
NeuMF,2013,2013-12-31,26817,72641,3,0.9991078972816467
NeuMF,2013,2013-12-31,26817,2762,4,0.9990512728691101
NeuMF,2013,2013-12-31,26817,1950,5,0.999022364616394
NeuMF,2013,2013-12-31,26817,1042,6,0.9989853501319885
NeuMF,2013,2013-12-31,26817,2384,7,0.9988083839416504
NeuMF,2013,2013-12-31,26817,4306,8,0.9985188841819763
NeuMF,2013,2013-12-31,26817,1704,9,0.9982572197914124
NeuMF,2013,2013-12-31,26817,910,10,0.9979838132858276
NeuMF,2013,2013-12-31,26865,74545,1,0.9996459484100342
NeuMF,2013,2013-12-31,26865,73323,2,0.9990776777267456
NeuMF,2013,2013-12-31,26865,48394,3,0.9986469149589539
NeuMF,2013,2013-12-31,26865,4874,4,0.99826580286026
NeuMF,2013,2013-12-31,26865,70286,5,0.9982293248176575
NeuMF,2013,2013-12-31,26865,63082,6,0.9981581568717957
NeuMF,2013,2013-12-31,26865,48774,7,0.9980100989341736
NeuMF,2013,2013-12-31,26865,48780,8,0.9977867603302002
NeuMF,2013,2013-12-31,26865,4226,9,0.9977854490280151
NeuMF,2013,2013-12-31,26865,4308,10,0.9977547526359558
NeuMF,2013,2013-12-31,27005,59315,1,0.9999146461486816
NeuMF,2013,2013-12-31,27005,47610,2,0.999101996421814
NeuMF,2013,2013-12-31,27005,56587,3,0.9990967512130737
NeuMF,2013,2013-12-31,27005,56788,4,0.9982765913009644
NeuMF,2013,2013-12-31,27005,58299,5,0.9982605576515198
NeuMF,2013,2013-12-31,27005,2797,6,0.99814772605896
NeuMF,2013,2013-12-31,27005,63082,7,0.9975540041923523
NeuMF,2013,2013-12-31,27005,60684,8,0.9967041611671448
NeuMF,2013,2013-12-31,27005,61132,9,0.9964414238929749
NeuMF,2013,2013-12-31,27005,74946,10,0.996338963508606
NeuMF,2013,2013-12-31,27046,1449,1,0.9997873902320862
NeuMF,2013,2013-12-31,27046,48262,2,0.9997606873512268
NeuMF,2013,2013-12-31,27046,38886,3,0.9997429251670837
NeuMF,2013,2013-12-31,27046,3182,4,0.9996731281280518
NeuMF,2013,2013-12-31,27046,2718,5,0.9995855689048767
NeuMF,2013,2013-12-31,27046,4033,6,0.9995416402816772
NeuMF,2013,2013-12-31,27046,2889,7,0.9995019435882568
NeuMF,2013,2013-12-31,27046,3916,8,0.999434769153595
NeuMF,2013,2013-12-31,27046,3185,9,0.9993164539337158
NeuMF,2013,2013-12-31,27046,55276,10,0.9992814660072327
NeuMF,2013,2013-12-31,28232,44022,1,0.9999005794525146
NeuMF,2013,2013-12-31,28232,44191,2,0.999428927898407
NeuMF,2013,2013-12-31,28232,71264,3,0.9989376664161682
NeuMF,2013,2013-12-31,28232,72011,4,0.9984592199325562
NeuMF,2013,2013-12-31,28232,89745,5,0.9983921647071838
NeuMF,2013,2013-12-31,28232,77561,6,0.9982000589370728
NeuMF,2013,2013-12-31,28232,60684,7,0.9978383183479309
NeuMF,2013,2013-12-31,28232,79702,8,0.9975131750106812
NeuMF,2013,2013-12-31,28232,60126,9,0.9974428415298462
NeuMF,2013,2013-12-31,28232,48738,10,0.997281551361084
NeuMF,2013,2013-12-31,28604,8370,1,0.9999663829803467
NeuMF,2013,2013-12-31,28604,53123,2,0.9999642372131348
NeuMF,2013,2013-12-31,28604,7323,3,0.9996999502182007
NeuMF,2013,2013-12-31,28604,48516,4,0.9996620416641235
NeuMF,2013,2013-12-31,28604,44555,5,0.9996101260185242
NeuMF,2013,2013-12-31,28604,45950,6,0.9996088147163391
NeuMF,2013,2013-12-31,28604,8014,7,0.9995806813240051
NeuMF,2013,2013-12-31,28604,26729,8,0.9995641112327576
NeuMF,2013,2013-12-31,28604,55363,9,0.9995604157447815
NeuMF,2013,2013-12-31,28604,7438,10,0.9995322227478027
NeuMF,2013,2013-12-31,28759,52319,1,0.9997994303703308
NeuMF,2013,2013-12-31,28759,32587,2,0.9994662404060364
NeuMF,2013,2013-12-31,28759,49530,3,0.9994022846221924
NeuMF,2013,2013-12-31,28759,7371,4,0.9993870258331299
NeuMF,2013,2013-12-31,28759,56367,5,0.9991707801818848
NeuMF,2013,2013-12-31,28759,55820,6,0.9991426467895508
NeuMF,2013,2013-12-31,28759,6874,7,0.9990090131759644
NeuMF,2013,2013-12-31,28759,4878,8,0.9989911913871765
NeuMF,2013,2013-12-31,28759,48997,9,0.9984728693962097
NeuMF,2013,2013-12-31,28759,48774,10,0.9981061220169067
NeuMF,2013,2013-12-31,28805,2692,1,0.9994394183158875
NeuMF,2013,2013-12-31,28805,7361,2,0.9993444085121155
NeuMF,2013,2013-12-31,28805,6773,3,0.9990750551223755
NeuMF,2013,2013-12-31,28805,1968,4,0.9987892508506775
NeuMF,2013,2013-12-31,28805,223,5,0.9987680315971375
NeuMF,2013,2013-12-31,28805,2918,6,0.9987589120864868
NeuMF,2013,2013-12-31,28805,1198,7,0.9987244009971619
NeuMF,2013,2013-12-31,28805,1080,8,0.998625636100769
NeuMF,2013,2013-12-31,28805,1732,9,0.998503565788269
NeuMF,2013,2013-12-31,28805,1079,10,0.9983129501342773
NeuMF,2013,2013-12-31,29199,32587,1,0.9999854564666748
NeuMF,2013,2013-12-31,29199,79702,2,0.9999579191207886
NeuMF,2013,2013-12-31,29199,48774,3,0.9999476671218872
NeuMF,2013,2013-12-31,29199,68157,4,0.9999421834945679
NeuMF,2013,2013-12-31,29199,59315,5,0.9998936653137207
NeuMF,2013,2013-12-31,29199,33794,6,0.9997852444648743
NeuMF,2013,2013-12-31,29199,55820,7,0.9997546076774597
NeuMF,2013,2013-12-31,29199,2600,8,0.9996211528778076
NeuMF,2013,2013-12-31,29199,68358,9,0.9996048808097839
NeuMF,2013,2013-12-31,29199,70286,10,0.9995902180671692
NeuMF,2013,2013-12-31,29551,91630,1,0.9998507499694824
NeuMF,2013,2013-12-31,29551,78499,2,0.9992244243621826
NeuMF,2013,2013-12-31,29551,78209,3,0.998953104019165
NeuMF,2013,2013-12-31,29551,97,4,0.9989224672317505
NeuMF,2013,2013-12-31,29551,38038,5,0.9986742734909058
NeuMF,2013,2013-12-31,29551,64285,6,0.998444139957428
NeuMF,2013,2013-12-31,29551,59037,7,0.9984299540519714
NeuMF,2013,2013-12-31,29551,61236,8,0.9982154369354248
NeuMF,2013,2013-12-31,29551,12,9,0.9978263974189758
NeuMF,2013,2013-12-31,29551,47394,10,0.9977219700813293
NeuMF,2013,2013-12-31,29623,63082,1,0.9996479749679565
NeuMF,2013,2013-12-31,29623,74458,2,0.9995579123497009
NeuMF,2013,2013-12-31,29623,431,3,0.9992383718490601
NeuMF,2013,2013-12-31,29623,79132,4,0.9987366795539856
NeuMF,2013,2013-12-31,29623,62792,5,0.9987105131149292
NeuMF,2013,2013-12-31,29623,89753,6,0.9986199140548706
NeuMF,2013,2013-12-31,29623,63131,7,0.9985051155090332
NeuMF,2013,2013-12-31,29623,60950,8,0.9984277486801147
NeuMF,2013,2013-12-31,29623,5418,9,0.9982202649116516
NeuMF,2013,2013-12-31,29623,93838,10,0.9981935620307922
NeuMF,2013,2013-12-31,29859,2724,1,0.998894989490509
NeuMF,2013,2013-12-31,29859,1035,2,0.9973374009132385
NeuMF,2013,2013-12-31,29859,1088,3,0.9968546032905579
NeuMF,2013,2013-12-31,29859,2085,4,0.9967831373214722
NeuMF,2013,2013-12-31,29859,1029,5,0.9966191053390503
NeuMF,2013,2013-12-31,29859,1022,6,0.9959343671798706
NeuMF,2013,2013-12-31,29859,3005,7,0.9944583177566528
NeuMF,2013,2013-12-31,29859,2087,8,0.993686854839325
NeuMF,2013,2013-12-31,29859,2080,9,0.9935082197189331
NeuMF,2013,2013-12-31,29859,1270,10,0.9927740097045898
NeuMF,2013,2013-12-31,30157,1276,1,0.999450147151947
NeuMF,2013,2013-12-31,30157,5642,2,0.9985841512680054
NeuMF,2013,2013-12-31,30157,8147,3,0.998428463935852
NeuMF,2013,2013-12-31,30157,608,4,0.9982566237449646
NeuMF,2013,2013-12-31,30157,7616,5,0.9981339573860168
NeuMF,2013,2013-12-31,30157,8158,6,0.9980478286743164
NeuMF,2013,2013-12-31,30157,6639,7,0.9979528188705444
NeuMF,2013,2013-12-31,30157,3359,8,0.9979504942893982
NeuMF,2013,2013-12-31,30157,8690,9,0.9978748559951782
NeuMF,2013,2013-12-31,30157,7156,10,0.9977205395698547
NeuMF,2013,2013-12-31,30517,54881,1,0.9995976090431213
NeuMF,2013,2013-12-31,30517,67665,2,0.9994410872459412
NeuMF,2013,2013-12-31,30517,86377,3,0.9986563920974731
NeuMF,2013,2013-12-31,30517,69,4,0.9983055591583252
NeuMF,2013,2013-12-31,30517,71282,5,0.9982843995094299
NeuMF,2013,2013-12-31,30517,6796,6,0.9975977540016174
NeuMF,2013,2013-12-31,30517,80906,7,0.9975910186767578
NeuMF,2013,2013-12-31,30517,90717,8,0.9975898265838623
NeuMF,2013,2013-12-31,30517,60333,9,0.9975715279579163
NeuMF,2013,2013-12-31,30517,296,10,0.9969396591186523
NeuMF,2013,2013-12-31,30559,61024,1,0.999624490737915
NeuMF,2013,2013-12-31,30559,97,2,0.9991661310195923
NeuMF,2013,2013-12-31,30559,51705,3,0.9990991353988647
NeuMF,2013,2013-12-31,30559,53956,4,0.9988160133361816
NeuMF,2013,2013-12-31,30559,5878,5,0.9985247254371643
NeuMF,2013,2013-12-31,30559,60950,6,0.9981428384780884
NeuMF,2013,2013-12-31,30559,48682,7,0.9980162382125854
NeuMF,2013,2013-12-31,30559,4515,8,0.9978367686271667
NeuMF,2013,2013-12-31,30559,67997,9,0.9976510405540466
NeuMF,2013,2013-12-31,30559,3285,10,0.9975993037223816
NeuMF,2013,2013-12-31,30684,6790,1,0.9999617338180542
NeuMF,2013,2013-12-31,30684,8253,2,0.9998661279678345
NeuMF,2013,2013-12-31,30684,3153,3,0.9995909333229065
NeuMF,2013,2013-12-31,30684,31184,4,0.9995891451835632
NeuMF,2013,2013-12-31,30684,610,5,0.9991438388824463
NeuMF,2013,2013-12-31,30684,2872,6,0.9990693926811218
NeuMF,2013,2013-12-31,30684,3704,7,0.998865008354187
NeuMF,2013,2013-12-31,30684,56171,8,0.9986171722412109
NeuMF,2013,2013-12-31,30684,12,9,0.9986166954040527
NeuMF,2013,2013-12-31,30684,2193,10,0.9984684586524963
NeuMF,2013,2013-12-31,30786,40278,1,0.9992388486862183
NeuMF,2013,2013-12-31,30786,3452,2,0.9980714917182922
NeuMF,2013,2013-12-31,30786,5107,3,0.9973630309104919
NeuMF,2013,2013-12-31,30786,2633,4,0.997092604637146
NeuMF,2013,2013-12-31,30786,55232,5,0.9970613121986389
NeuMF,2013,2013-12-31,30786,37720,6,0.9966779947280884
NeuMF,2013,2013-12-31,30786,55995,7,0.9964801669120789
NeuMF,2013,2013-12-31,30786,4487,8,0.9963072538375854
NeuMF,2013,2013-12-31,30786,2297,9,0.9961292743682861
NeuMF,2013,2013-12-31,30786,46974,10,0.9955369234085083
NeuMF,2013,2013-12-31,30873,2648,1,0.99982088804245
NeuMF,2013,2013-12-31,30873,4754,2,0.9997597336769104
NeuMF,2013,2013-12-31,30873,1077,3,0.9997549653053284
NeuMF,2013,2013-12-31,30873,1084,4,0.9995061159133911
NeuMF,2013,2013-12-31,30873,8482,5,0.999354898929596
NeuMF,2013,2013-12-31,30873,3516,6,0.999146580696106
NeuMF,2013,2013-12-31,30873,3507,7,0.9991070628166199
NeuMF,2013,2013-12-31,30873,342,8,0.9989563226699829
NeuMF,2013,2013-12-31,30873,908,9,0.9987390637397766
NeuMF,2013,2013-12-31,30873,3545,10,0.9983855485916138
NeuMF,2013,2013-12-31,31647,61236,1,0.9999611377716064
NeuMF,2013,2013-12-31,31647,27156,2,0.9998600482940674
NeuMF,2013,2013-12-31,31647,71131,3,0.999562680721283
NeuMF,2013,2013-12-31,31647,52885,4,0.9992478489875793
NeuMF,2013,2013-12-31,31647,5608,5,0.9987778067588806
NeuMF,2013,2013-12-31,31647,67997,6,0.998704195022583
NeuMF,2013,2013-12-31,31647,69746,7,0.9982790946960449
NeuMF,2013,2013-12-31,31647,69134,8,0.9982134103775024
NeuMF,2013,2013-12-31,31647,65126,9,0.9977612495422363
NeuMF,2013,2013-12-31,31647,44195,10,0.9976668357849121
NeuMF,2013,2013-12-31,31979,63082,1,0.9996602535247803
NeuMF,2013,2013-12-31,31979,4979,2,0.9993682503700256
NeuMF,2013,2013-12-31,31979,69757,3,0.9988768696784973
NeuMF,2013,2013-12-31,31979,61323,4,0.9988549947738647
NeuMF,2013,2013-12-31,31979,7361,5,0.9986887574195862
NeuMF,2013,2013-12-31,31979,4973,6,0.9986498951911926
NeuMF,2013,2013-12-31,31979,2959,7,0.9986166954040527
NeuMF,2013,2013-12-31,31979,44195,8,0.9983280301094055
NeuMF,2013,2013-12-31,31979,778,9,0.9980781078338623
NeuMF,2013,2013-12-31,31979,56367,10,0.9980449676513672
NeuMF,2013,2013-12-31,32302,55908,1,0.9999771118164062
NeuMF,2013,2013-12-31,32302,58559,2,0.999974250793457
NeuMF,2013,2013-12-31,32302,50851,3,0.9996728897094727
NeuMF,2013,2013-12-31,32302,67193,4,0.9995383024215698
NeuMF,2013,2013-12-31,32302,54997,5,0.9994124174118042
NeuMF,2013,2013-12-31,32302,71135,6,0.9993020296096802
NeuMF,2013,2013-12-31,32302,57669,7,0.999293327331543
NeuMF,2013,2013-12-31,32302,67087,8,0.9992490410804749
NeuMF,2013,2013-12-31,32302,53550,9,0.9991791844367981
NeuMF,2013,2013-12-31,32302,48780,10,0.9990317821502686
NeuMF,2013,2013-12-31,32342,2151,1,0.99967360496521
NeuMF,2013,2013-12-31,32342,2381,2,0.9996404647827148
NeuMF,2013,2013-12-31,32342,2471,3,0.9995275735855103
NeuMF,2013,2013-12-31,32342,34150,4,0.9993821382522583
NeuMF,2013,2013-12-31,32342,6239,5,0.998931348323822
NeuMF,2013,2013-12-31,32342,6934,6,0.9989171028137207
NeuMF,2013,2013-12-31,32342,2393,7,0.9987560510635376
NeuMF,2013,2013-12-31,32342,7372,8,0.9986883997917175
NeuMF,2013,2013-12-31,32342,53996,9,0.99850994348526
NeuMF,2013,2013-12-31,32342,2470,10,0.9984719157218933
NeuMF,2013,2013-12-31,32457,47644,1,0.999215841293335
NeuMF,2013,2013-12-31,32457,7360,2,0.9991381168365479
NeuMF,2013,2013-12-31,32457,40959,3,0.9985769987106323
NeuMF,2013,2013-12-31,32457,68157,4,0.9984831213951111
NeuMF,2013,2013-12-31,32457,69481,5,0.9982675313949585
NeuMF,2013,2013-12-31,32457,63113,6,0.998039186000824
NeuMF,2013,2013-12-31,32457,6322,7,0.9975505471229553
NeuMF,2013,2013-12-31,32457,6059,8,0.9974697828292847
NeuMF,2013,2013-12-31,32457,3317,9,0.9970943927764893
NeuMF,2013,2013-12-31,32457,3275,10,0.9968760013580322
NeuMF,2013,2013-12-31,32466,4996,1,0.9997401833534241
NeuMF,2013,2013-12-31,32466,8169,2,0.999386191368103
NeuMF,2013,2013-12-31,32466,97,3,0.9990214109420776
NeuMF,2013,2013-12-31,32466,1827,4,0.9987518787384033
NeuMF,2013,2013-12-31,32466,5690,5,0.9983659386634827
NeuMF,2013,2013-12-31,32466,7070,6,0.9982956051826477
NeuMF,2013,2013-12-31,32466,7045,7,0.9981679916381836
NeuMF,2013,2013-12-31,32466,6643,8,0.9981487989425659
NeuMF,2013,2013-12-31,32466,4777,9,0.9980775117874146
NeuMF,2013,2013-12-31,32466,2387,10,0.9977067708969116
NeuMF,2013,2013-12-31,32515,7361,1,0.9997318387031555
NeuMF,2013,2013-12-31,32515,4878,2,0.9996110796928406
NeuMF,2013,2013-12-31,32515,6874,3,0.9995158910751343
NeuMF,2013,2013-12-31,32515,32587,4,0.9991083741188049
NeuMF,2013,2013-12-31,32515,44195,5,0.998902440071106
NeuMF,2013,2013-12-31,32515,3578,6,0.9988973140716553
NeuMF,2013,2013-12-31,32515,4011,7,0.9988671541213989
NeuMF,2013,2013-12-31,32515,3996,8,0.9988577365875244
NeuMF,2013,2013-12-31,32515,35836,9,0.9986817240715027
NeuMF,2013,2013-12-31,32515,7438,10,0.9986342787742615
NeuMF,2013,2013-12-31,32735,3987,1,0.9997552037239075
NeuMF,2013,2013-12-31,32735,1500,2,0.9997075200080872
NeuMF,2013,2013-12-31,32735,1912,3,0.9995412826538086
NeuMF,2013,2013-12-31,32735,4616,4,0.999518632888794
NeuMF,2013,2013-12-31,32735,3317,5,0.9995146989822388
NeuMF,2013,2013-12-31,32735,7,6,0.9987906813621521
NeuMF,2013,2013-12-31,32735,3852,7,0.9987659454345703
NeuMF,2013,2013-12-31,32735,2302,8,0.9980134963989258
NeuMF,2013,2013-12-31,32735,6881,9,0.9979554414749146
NeuMF,2013,2013-12-31,32735,4234,10,0.9974800944328308
NeuMF,2013,2013-12-31,32799,63062,1,0.999736487865448
NeuMF,2013,2013-12-31,32799,71518,2,0.9994562268257141
NeuMF,2013,2013-12-31,32799,6016,3,0.9993253946304321
NeuMF,2013,2013-12-31,32799,36517,4,0.9992740750312805
NeuMF,2013,2013-12-31,32799,31427,5,0.9991323351860046
NeuMF,2013,2013-12-31,32799,57368,6,0.9991217255592346
NeuMF,2013,2013-12-31,32799,47,7,0.9990072846412659
NeuMF,2013,2013-12-31,32799,7147,8,0.998989999294281
NeuMF,2013,2013-12-31,32799,8360,9,0.9989532232284546
NeuMF,2013,2013-12-31,32799,64716,10,0.9989263415336609
NeuMF,2013,2013-12-31,32955,71535,1,0.9999375343322754
NeuMF,2013,2013-12-31,32955,78469,2,0.9996923208236694
NeuMF,2013,2013-12-31,32955,81845,3,0.9995155334472656
NeuMF,2013,2013-12-31,32955,72011,4,0.9994481205940247
NeuMF,2013,2013-12-31,32955,72641,5,0.9991763234138489
NeuMF,2013,2013-12-31,32955,76093,6,0.9990828037261963
NeuMF,2013,2013-12-31,32955,67255,7,0.9990079998970032
NeuMF,2013,2013-12-31,32955,78499,8,0.9989640712738037
NeuMF,2013,2013-12-31,32955,64716,9,0.9987657070159912
NeuMF,2013,2013-12-31,32955,60069,10,0.9987121820449829
NeuMF,2013,2013-12-31,33262,7026,1,0.9987807869911194
NeuMF,2013,2013-12-31,33262,3142,2,0.9986761212348938
NeuMF,2013,2013-12-31,33262,45728,3,0.998319685459137
NeuMF,2013,2013-12-31,33262,7570,4,0.9979544878005981
NeuMF,2013,2013-12-31,33262,4005,5,0.9975743889808655
NeuMF,2013,2013-12-31,33262,6870,6,0.997523844242096
NeuMF,2013,2013-12-31,33262,4678,7,0.9966390132904053
NeuMF,2013,2013-12-31,33262,8784,8,0.9963449835777283
NeuMF,2013,2013-12-31,33262,4040,9,0.9961540102958679
NeuMF,2013,2013-12-31,33262,6953,10,0.9961282014846802
NeuMF,2013,2013-12-31,33432,55729,1,0.9991891980171204
NeuMF,2013,2013-12-31,33432,82459,2,0.9983854293823242
NeuMF,2013,2013-12-31,33432,68952,3,0.9974848031997681
NeuMF,2013,2013-12-31,33432,53972,4,0.9971802234649658
NeuMF,2013,2013-12-31,33432,55247,5,0.9971331357955933
NeuMF,2013,2013-12-31,33432,73266,6,0.9965124726295471
NeuMF,2013,2013-12-31,33432,5418,7,0.9963905215263367
NeuMF,2013,2013-12-31,33432,54503,8,0.9960103034973145
NeuMF,2013,2013-12-31,33432,64614,9,0.9959688186645508
NeuMF,2013,2013-12-31,33432,48304,10,0.9957863688468933
NeuMF,2013,2013-12-31,33721,1848,1,0.9991388320922852
NeuMF,2013,2013-12-31,33721,2193,2,0.999092698097229
NeuMF,2013,2013-12-31,33721,1032,3,0.9989168643951416
NeuMF,2013,2013-12-31,33721,1347,4,0.9988293051719666
NeuMF,2013,2013-12-31,33721,3070,5,0.9985827207565308
NeuMF,2013,2013-12-31,33721,2090,6,0.9984482526779175
NeuMF,2013,2013-12-31,33721,2430,7,0.9984385371208191
NeuMF,2013,2013-12-31,33721,7266,8,0.9980833530426025
NeuMF,2013,2013-12-31,33721,2174,9,0.9980143308639526
NeuMF,2013,2013-12-31,33721,1274,10,0.9979227185249329
NeuMF,2013,2013-12-31,33854,6770,1,0.9994887113571167
NeuMF,2013,2013-12-31,33854,8981,2,0.9994756579399109
NeuMF,2013,2013-12-31,33854,77421,3,0.9991186261177063
NeuMF,2013,2013-12-31,33854,71579,4,0.9990689158439636
NeuMF,2013,2013-12-31,33854,4973,5,0.9982195496559143
NeuMF,2013,2013-12-31,33854,30812,6,0.9976475834846497
NeuMF,2013,2013-12-31,33854,8870,7,0.9974129796028137
NeuMF,2013,2013-12-31,33854,59315,8,0.9967556595802307
NeuMF,2013,2013-12-31,33854,49824,9,0.9967179894447327
NeuMF,2013,2013-12-31,33854,7139,10,0.9967040419578552
NeuMF,2013,2013-12-31,33922,7669,1,0.9993734955787659
NeuMF,2013,2013-12-31,33922,46578,2,0.9989901185035706
NeuMF,2013,2013-12-31,33922,2336,3,0.9987983703613281
NeuMF,2013,2013-12-31,33922,17,4,0.9987519979476929
NeuMF,2013,2013-12-31,33922,47629,5,0.9986220598220825
NeuMF,2013,2013-12-31,33922,912,6,0.998613715171814
NeuMF,2013,2013-12-31,33922,318,7,0.9984769225120544
NeuMF,2013,2013-12-31,33922,914,8,0.9983395338058472
NeuMF,2013,2013-12-31,33922,4973,9,0.9982910752296448
NeuMF,2013,2013-12-31,33922,1207,10,0.9980453252792358
NeuMF,2013,2013-12-31,33941,63082,1,0.9998606443405151
NeuMF,2013,2013-12-31,33941,58559,2,0.9996843338012695
NeuMF,2013,2013-12-31,33941,68358,3,0.9994679093360901
NeuMF,2013,2013-12-31,33941,84954,4,0.9993751645088196
NeuMF,2013,2013-12-31,33941,69757,5,0.9993512034416199
NeuMF,2013,2013-12-31,33941,88405,6,0.999258816242218
NeuMF,2013,2013-12-31,33941,84152,7,0.999230146408081
NeuMF,2013,2013-12-31,33941,64614,8,0.9991815686225891
NeuMF,2013,2013-12-31,33941,88163,9,0.9991583824157715
NeuMF,2013,2013-12-31,33941,89492,10,0.9991434812545776
NeuMF,2013,2013-12-31,34437,63859,1,0.9992169141769409
NeuMF,2013,2013-12-31,34437,58295,2,0.9991279244422913
NeuMF,2013,2013-12-31,34437,55247,3,0.9988580942153931
NeuMF,2013,2013-12-31,34437,54997,4,0.9988447427749634
NeuMF,2013,2013-12-31,34437,67620,5,0.9986506104469299
NeuMF,2013,2013-12-31,34437,56587,6,0.9979900121688843
NeuMF,2013,2013-12-31,34437,55288,7,0.9975032210350037
NeuMF,2013,2013-12-31,34437,47491,8,0.9974424839019775
NeuMF,2013,2013-12-31,34437,64957,9,0.9973440766334534
NeuMF,2013,2013-12-31,34437,59784,10,0.9972276091575623
NeuMF,2013,2013-12-31,34460,53996,1,0.9997974038124084
NeuMF,2013,2013-12-31,34460,67087,2,0.9991410970687866
NeuMF,2013,2013-12-31,34460,66097,3,0.9985201954841614
NeuMF,2013,2013-12-31,34460,63131,4,0.9982833862304688
NeuMF,2013,2013-12-31,34460,86332,5,0.9981484413146973
NeuMF,2013,2013-12-31,34460,2542,6,0.9974669218063354
NeuMF,2013,2013-12-31,34460,62849,7,0.9973005652427673
NeuMF,2013,2013-12-31,34460,82459,8,0.9971523284912109
NeuMF,2013,2013-12-31,34460,2273,9,0.9970805048942566
NeuMF,2013,2013-12-31,34460,6539,10,0.9969942569732666
NeuMF,2013,2013-12-31,35411,46855,1,0.9999624490737915
NeuMF,2013,2013-12-31,35411,55814,2,0.999903678894043
NeuMF,2013,2013-12-31,35411,6001,3,0.999886155128479
NeuMF,2013,2013-12-31,35411,7460,4,0.9998855590820312
NeuMF,2013,2013-12-31,35411,55442,5,0.9998786449432373
NeuMF,2013,2013-12-31,35411,6975,6,0.9993379712104797
NeuMF,2013,2013-12-31,35411,7063,7,0.9992796778678894
NeuMF,2013,2013-12-31,35411,6229,8,0.9992376565933228
NeuMF,2013,2013-12-31,35411,73587,9,0.9990139007568359
NeuMF,2013,2013-12-31,35411,61236,10,0.9989448189735413
NeuMF,2013,2013-12-31,35609,67923,1,0.9999775886535645
NeuMF,2013,2013-12-31,35609,75805,2,0.9999676942825317
NeuMF,2013,2013-12-31,35609,6548,3,0.9999600648880005
NeuMF,2013,2013-12-31,35609,37853,4,0.9999473094940186
NeuMF,2013,2013-12-31,35609,36519,5,0.9999397993087769
NeuMF,2013,2013-12-31,35609,78209,6,0.999916672706604
NeuMF,2013,2013-12-31,35609,31221,7,0.9998650550842285
NeuMF,2013,2013-12-31,35609,77866,8,0.9998599290847778
NeuMF,2013,2013-12-31,35609,7346,9,0.9998193383216858
NeuMF,2013,2013-12-31,35609,8814,10,0.9997902512550354
NeuMF,2013,2013-12-31,35684,8879,1,0.9987816214561462
NeuMF,2013,2013-12-31,35684,175,2,0.9981073141098022
NeuMF,2013,2013-12-31,35684,3677,3,0.9970007538795471
NeuMF,2013,2013-12-31,35684,1089,4,0.9965783953666687
NeuMF,2013,2013-12-31,35684,4008,5,0.996526300907135
NeuMF,2013,2013-12-31,35684,3831,6,0.9959772229194641
NeuMF,2013,2013-12-31,35684,55820,7,0.9955682158470154
NeuMF,2013,2013-12-31,35684,3142,8,0.995530903339386
NeuMF,2013,2013-12-31,35684,22,9,0.9953832030296326
NeuMF,2013,2013-12-31,35684,57368,10,0.9948546886444092
NeuMF,2013,2013-12-31,35823,73323,1,0.9996721744537354
NeuMF,2013,2013-12-31,35823,6281,2,0.9988808035850525
NeuMF,2013,2013-12-31,35823,66198,3,0.9986138343811035
NeuMF,2013,2013-12-31,35823,66097,4,0.9985454082489014
NeuMF,2013,2013-12-31,35823,85397,5,0.9979931116104126
NeuMF,2013,2013-12-31,35823,5152,6,0.9975219368934631
NeuMF,2013,2013-12-31,35823,78499,7,0.9969493746757507
NeuMF,2013,2013-12-31,35823,65037,8,0.9968904852867126
NeuMF,2013,2013-12-31,35823,27839,9,0.9958977103233337
NeuMF,2013,2013-12-31,35823,4848,10,0.9957601428031921
NeuMF,2013,2013-12-31,35871,84601,1,0.999951958656311
NeuMF,2013,2013-12-31,35871,87222,2,0.9999402761459351
NeuMF,2013,2013-12-31,35871,71535,3,0.9999212026596069
NeuMF,2013,2013-12-31,35871,71057,4,0.9998620748519897
NeuMF,2013,2013-12-31,35871,79132,5,0.9998600482940674
NeuMF,2013,2013-12-31,35871,74750,6,0.9998538494110107
NeuMF,2013,2013-12-31,35871,63859,7,0.9998438358306885
NeuMF,2013,2013-12-31,35871,87232,8,0.9998438358306885
NeuMF,2013,2013-12-31,35871,85788,9,0.9998278617858887
NeuMF,2013,2013-12-31,35871,68791,10,0.9997938275337219
NeuMF,2013,2013-12-31,36133,8207,1,0.9996331930160522
NeuMF,2013,2013-12-31,36133,4848,2,0.9987744688987732
NeuMF,2013,2013-12-31,36133,32587,3,0.99837327003479
NeuMF,2013,2013-12-31,36133,778,4,0.9982435703277588
NeuMF,2013,2013-12-31,36133,4776,5,0.9977171421051025
NeuMF,2013,2013-12-31,36133,161,6,0.9976410865783691
NeuMF,2013,2013-12-31,36133,1263,7,0.9974888563156128
NeuMF,2013,2013-12-31,36133,1193,8,0.9971703886985779
NeuMF,2013,2013-12-31,36133,6870,9,0.9969050288200378
NeuMF,2013,2013-12-31,36133,1221,10,0.9968734383583069
NeuMF,2013,2013-12-31,36200,45447,1,0.9998055100440979
NeuMF,2013,2013-12-31,36200,30825,2,0.9997696280479431
NeuMF,2013,2013-12-31,36200,63082,3,0.9994561076164246
NeuMF,2013,2013-12-31,36200,56941,4,0.9992015957832336
NeuMF,2013,2013-12-31,36200,37727,5,0.9991089701652527
NeuMF,2013,2013-12-31,36200,2432,6,0.9984241724014282
NeuMF,2013,2013-12-31,36200,59421,7,0.9983875751495361
NeuMF,2013,2013-12-31,36200,59900,8,0.9983456134796143
NeuMF,2013,2013-12-31,36200,4992,9,0.9983450174331665
NeuMF,2013,2013-12-31,36200,31427,10,0.9982473850250244
NeuMF,2013,2013-12-31,36287,79132,1,0.9997971653938293
NeuMF,2013,2013-12-31,36287,78499,2,0.999708354473114
NeuMF,2013,2013-12-31,36287,7361,3,0.9996224641799927
NeuMF,2013,2013-12-31,36287,56367,4,0.9995427131652832
NeuMF,2013,2013-12-31,36287,7438,5,0.999427080154419
NeuMF,2013,2013-12-31,36287,32587,6,0.9994124174118042
NeuMF,2013,2013-12-31,36287,6874,7,0.9993191957473755
NeuMF,2013,2013-12-31,36287,51255,8,0.9992528557777405
NeuMF,2013,2013-12-31,36287,6377,9,0.9992414712905884
NeuMF,2013,2013-12-31,36287,6863,10,0.9991852641105652
NeuMF,2013,2013-12-31,36613,6322,1,0.9994617104530334
NeuMF,2013,2013-12-31,36613,63062,2,0.9988760352134705
NeuMF,2013,2013-12-31,36613,5608,3,0.9986972212791443
NeuMF,2013,2013-12-31,36613,55820,4,0.9986221790313721
NeuMF,2013,2013-12-31,36613,44694,5,0.9984887838363647
NeuMF,2013,2013-12-31,36613,58559,6,0.9984418749809265
NeuMF,2013,2013-12-31,36613,64969,7,0.9980138540267944
NeuMF,2013,2013-12-31,36613,57669,8,0.9978785514831543
NeuMF,2013,2013-12-31,36613,8950,9,0.9973891377449036
NeuMF,2013,2013-12-31,36613,60072,10,0.9968985319137573
NeuMF,2013,2013-12-31,37075,8772,1,0.9993811845779419
NeuMF,2013,2013-12-31,37075,1295,2,0.9991362690925598
NeuMF,2013,2013-12-31,37075,1238,3,0.998704195022583
NeuMF,2013,2013-12-31,37075,3733,4,0.9986710548400879
NeuMF,2013,2013-12-31,37075,1131,5,0.9986510872840881
NeuMF,2013,2013-12-31,37075,1365,6,0.9981649518013
NeuMF,2013,2013-12-31,37075,2730,7,0.9978609681129456
NeuMF,2013,2013-12-31,37075,838,8,0.9978553652763367
NeuMF,2013,2013-12-31,37075,7767,9,0.9977120161056519
NeuMF,2013,2013-12-31,37075,1957,10,0.9976502060890198
NeuMF,2013,2013-12-31,37331,66203,1,0.9984356760978699
NeuMF,2013,2013-12-31,37331,32460,2,0.9980858564376831
NeuMF,2013,2013-12-31,37331,2231,3,0.9980022311210632
NeuMF,2013,2013-12-31,37331,6879,4,0.9975605010986328
NeuMF,2013,2013-12-31,37331,33660,5,0.9975353479385376
NeuMF,2013,2013-12-31,37331,8529,6,0.9974517226219177
NeuMF,2013,2013-12-31,37331,3257,7,0.9972698092460632
NeuMF,2013,2013-12-31,37331,39292,8,0.997050404548645
NeuMF,2013,2013-12-31,37331,6291,9,0.9966899156570435
NeuMF,2013,2013-12-31,37331,81791,10,0.9963089823722839
NeuMF,2013,2013-12-31,37692,48877,1,0.9992064833641052
NeuMF,2013,2013-12-31,37692,65810,2,0.9991533756256104
NeuMF,2013,2013-12-31,37692,48385,3,0.9991061091423035
NeuMF,2013,2013-12-31,37692,30749,4,0.9986553192138672
NeuMF,2013,2013-12-31,37692,69784,5,0.9985120892524719
NeuMF,2013,2013-12-31,37692,3617,6,0.9984115362167358
NeuMF,2013,2013-12-31,37692,3989,7,0.9970629811286926
NeuMF,2013,2013-12-31,37692,64839,8,0.9967243075370789
NeuMF,2013,2013-12-31,37692,8957,9,0.996707558631897
NeuMF,2013,2013-12-31,37692,54503,10,0.9966166615486145
NeuMF,2013,2013-12-31,37795,31410,1,0.9999701976776123
NeuMF,2013,2013-12-31,37795,71462,2,0.9994404911994934
NeuMF,2013,2013-12-31,37795,7034,3,0.999416708946228
NeuMF,2013,2013-12-31,37795,5015,4,0.9991400241851807
NeuMF,2013,2013-12-31,37795,8464,5,0.9988833069801331
NeuMF,2013,2013-12-31,37795,74458,6,0.9988729357719421
NeuMF,2013,2013-12-31,37795,50068,7,0.9987303614616394
NeuMF,2013,2013-12-31,37795,66371,8,0.9986898303031921
NeuMF,2013,2013-12-31,37795,63082,9,0.9982784986495972
NeuMF,2013,2013-12-31,37795,43376,10,0.9978798627853394
NeuMF,2013,2013-12-31,38379,1580,1,0.9995818734169006
NeuMF,2013,2013-12-31,38379,44665,2,0.9991638660430908
NeuMF,2013,2013-12-31,38379,457,3,0.999060332775116
NeuMF,2013,2013-12-31,38379,63859,4,0.9989523887634277
NeuMF,2013,2013-12-31,38379,1573,5,0.9988963603973389
NeuMF,2013,2013-12-31,38379,49278,6,0.9987632036209106
NeuMF,2013,2013-12-31,38379,2762,7,0.9986463189125061
NeuMF,2013,2013-12-31,38379,2628,8,0.9984238147735596
NeuMF,2013,2013-12-31,38379,2916,9,0.998333752155304
NeuMF,2013,2013-12-31,38379,1792,10,0.9980742931365967
NeuMF,2013,2013-12-31,38391,7153,1,0.9982886910438538
NeuMF,2013,2013-12-31,38391,2648,2,0.9975823163986206
NeuMF,2013,2013-12-31,38391,34405,3,0.9968440532684326
NeuMF,2013,2013-12-31,38391,90866,4,0.996605396270752
NeuMF,2013,2013-12-31,38391,6305,5,0.9965785145759583
NeuMF,2013,2013-12-31,38391,2927,6,0.9954367280006409
NeuMF,2013,2013-12-31,38391,2633,7,0.9953008890151978
NeuMF,2013,2013-12-31,38391,839,8,0.9945489764213562
NeuMF,2013,2013-12-31,38391,1947,9,0.9941483736038208
NeuMF,2013,2013-12-31,38391,1269,10,0.9941222071647644
NeuMF,2013,2013-12-31,38934,6155,1,0.9998372793197632
NeuMF,2013,2013-12-31,38934,80551,2,0.9994959831237793
NeuMF,2013,2013-12-31,38934,65230,3,0.9989936947822571
NeuMF,2013,2013-12-31,38934,68954,4,0.9989840388298035
NeuMF,2013,2013-12-31,38934,60069,5,0.9989277720451355
NeuMF,2013,2013-12-31,38934,89864,6,0.9987824559211731
NeuMF,2013,2013-12-31,38934,79091,7,0.9986279010772705
NeuMF,2013,2013-12-31,38934,40629,8,0.998433530330658
NeuMF,2013,2013-12-31,38934,72737,9,0.9982359409332275
NeuMF,2013,2013-12-31,38934,49274,10,0.9975922107696533
NeuMF,2013,2013-12-31,39473,63082,1,0.9999498128890991
NeuMF,2013,2013-12-31,39473,91500,2,0.9999349117279053
NeuMF,2013,2013-12-31,39473,82459,3,0.9998711347579956
NeuMF,2013,2013-12-31,39473,68954,4,0.9998268485069275
NeuMF,2013,2013-12-31,39473,64614,5,0.9998095631599426
NeuMF,2013,2013-12-31,39473,91077,6,0.9998020529747009
NeuMF,2013,2013-12-31,39473,2959,7,0.9997263550758362
NeuMF,2013,2013-12-31,39473,89492,8,0.9997062087059021
NeuMF,2013,2013-12-31,39473,72998,9,0.9996160268783569
NeuMF,2013,2013-12-31,39473,81932,10,0.999606192111969
NeuMF,2013,2013-12-31,40247,7669,1,0.9998494386672974
NeuMF,2013,2013-12-31,40247,62553,2,0.9992998838424683
NeuMF,2013,2013-12-31,40247,2565,3,0.9991317391395569
NeuMF,2013,2013-12-31,40247,72998,4,0.9990365505218506
NeuMF,2013,2013-12-31,40247,914,5,0.9990198612213135
NeuMF,2013,2013-12-31,40247,916,6,0.9989016056060791
NeuMF,2013,2013-12-31,40247,78772,7,0.9986274242401123
NeuMF,2013,2013-12-31,40247,80222,8,0.9981512427330017
NeuMF,2013,2013-12-31,40247,3061,9,0.9975011944770813
NeuMF,2013,2013-12-31,40247,3963,10,0.997349739074707
NeuMF,2013,2013-12-31,40411,8807,1,0.9994683861732483
NeuMF,2013,2013-12-31,40411,180,2,0.9994168281555176
NeuMF,2013,2013-12-31,40411,59315,3,0.9991876482963562
NeuMF,2013,2013-12-31,40411,62155,4,0.9987565279006958
NeuMF,2013,2013-12-31,40411,60040,5,0.9982054233551025
NeuMF,2013,2013-12-31,40411,61024,6,0.9980602860450745
NeuMF,2013,2013-12-31,40411,79702,7,0.9978654980659485
NeuMF,2013,2013-12-31,40411,66509,8,0.997843861579895
NeuMF,2013,2013-12-31,40411,8641,9,0.9977611303329468
NeuMF,2013,2013-12-31,40411,33683,10,0.9973115921020508
NeuMF,2013,2013-12-31,40470,6818,1,0.9999419450759888
NeuMF,2013,2013-12-31,40470,6669,2,0.9998903274536133
NeuMF,2013,2013-12-31,40470,44555,3,0.999863862991333
NeuMF,2013,2013-12-31,40470,5291,4,0.9998586177825928
NeuMF,2013,2013-12-31,40470,31410,5,0.9998500347137451
NeuMF,2013,2013-12-31,40470,7323,6,0.9998250603675842
NeuMF,2013,2013-12-31,40470,7034,7,0.9997172951698303
NeuMF,2013,2013-12-31,40470,61236,8,0.9996175765991211
NeuMF,2013,2013-12-31,40470,31364,9,0.9993575215339661
NeuMF,2013,2013-12-31,40470,26082,10,0.9993093013763428
NeuMF,2013,2013-12-31,40751,1727,1,0.9998300075531006
NeuMF,2013,2013-12-31,40751,597,2,0.9997132420539856
NeuMF,2013,2013-12-31,40751,455,3,0.9990574717521667
NeuMF,2013,2013-12-31,40751,1096,4,0.9987643957138062
NeuMF,2013,2013-12-31,40751,3198,5,0.998747706413269
NeuMF,2013,2013-12-31,40751,1201,6,0.9984551668167114
NeuMF,2013,2013-12-31,40751,2340,7,0.9975938200950623
NeuMF,2013,2013-12-31,40751,590,8,0.9975628852844238
NeuMF,2013,2013-12-31,40751,339,9,0.9974077343940735
NeuMF,2013,2013-12-31,40751,1027,10,0.9971202611923218
NeuMF,2013,2013-12-31,41096,69481,1,0.9992918968200684
NeuMF,2013,2013-12-31,41096,63131,2,0.9983069896697998
NeuMF,2013,2013-12-31,41096,61323,3,0.9981220364570618
NeuMF,2013,2013-12-31,41096,61132,4,0.9980292916297913
NeuMF,2013,2013-12-31,41096,3275,5,0.9979773163795471
NeuMF,2013,2013-12-31,41096,91658,6,0.997736930847168
NeuMF,2013,2013-12-31,41096,6870,7,0.9973927736282349
NeuMF,2013,2013-12-31,41096,6377,8,0.9972615242004395
NeuMF,2013,2013-12-31,41096,5349,9,0.9971935153007507
NeuMF,2013,2013-12-31,41096,5995,10,0.9971702694892883
NeuMF,2013,2013-12-31,41323,94777,1,0.9998598098754883
NeuMF,2013,2013-12-31,41323,86781,2,0.9998376369476318
NeuMF,2013,2013-12-31,41323,89745,3,0.9998037219047546
NeuMF,2013,2013-12-31,41323,73017,4,0.9997521042823792
NeuMF,2013,2013-12-31,41323,68554,5,0.9996435642242432
NeuMF,2013,2013-12-31,41323,80463,6,0.999639630317688
NeuMF,2013,2013-12-31,41323,84392,7,0.9995966553688049
NeuMF,2013,2013-12-31,41323,93363,8,0.999508261680603
NeuMF,2013,2013-12-31,41323,69394,9,0.9993044137954712
NeuMF,2013,2013-12-31,41323,84152,10,0.9991368651390076
NeuMF,2013,2013-12-31,41653,71535,1,0.9995774626731873
NeuMF,2013,2013-12-31,41653,92420,2,0.9994138479232788
NeuMF,2013,2013-12-31,41653,78499,3,0.9987414479255676
NeuMF,2013,2013-12-31,41653,82667,4,0.998515784740448
NeuMF,2013,2013-12-31,41653,81564,5,0.9981990456581116
NeuMF,2013,2013-12-31,41653,68791,6,0.9962571859359741
NeuMF,2013,2013-12-31,41653,87232,7,0.9960414171218872
NeuMF,2013,2013-12-31,41653,77561,8,0.9960208535194397
NeuMF,2013,2013-12-31,41653,71530,9,0.9957749247550964
NeuMF,2013,2013-12-31,41653,89840,10,0.9954778552055359
NeuMF,2013,2013-12-31,42981,63859,1,0.9997296929359436
NeuMF,2013,2013-12-31,42981,81564,2,0.9996522665023804
NeuMF,2013,2013-12-31,42981,79139,3,0.9996365308761597
NeuMF,2013,2013-12-31,42981,79185,4,0.9992097616195679
NeuMF,2013,2013-12-31,42981,90866,5,0.998793363571167
NeuMF,2013,2013-12-31,42981,3984,6,0.9986683130264282
NeuMF,2013,2013-12-31,42981,78637,7,0.9982054233551025
NeuMF,2013,2013-12-31,42981,6807,8,0.9974658489227295
NeuMF,2013,2013-12-31,42981,89904,9,0.9974476099014282
NeuMF,2013,2013-12-31,42981,79293,10,0.997105062007904
NeuMF,2013,2013-12-31,43367,92420,1,0.999936580657959
NeuMF,2013,2013-12-31,43367,39446,2,0.9998862743377686
NeuMF,2013,2013-12-31,43367,59369,3,0.999427318572998
NeuMF,2013,2013-12-31,43367,86835,4,0.999294638633728
NeuMF,2013,2013-12-31,43367,48877,5,0.9992583394050598
NeuMF,2013,2013-12-31,43367,94777,6,0.9989266991615295
NeuMF,2013,2013-12-31,43367,87869,7,0.9988213181495667
NeuMF,2013,2013-12-31,43367,68554,8,0.9987490177154541
NeuMF,2013,2013-12-31,43367,93510,9,0.9983872175216675
NeuMF,2013,2013-12-31,43367,86880,10,0.9983208775520325
NeuMF,2013,2013-12-31,43406,8532,1,0.9998993873596191
NeuMF,2013,2013-12-31,43406,51931,2,0.9996881484985352
NeuMF,2013,2013-12-31,43406,55276,3,0.9995902180671692
NeuMF,2013,2013-12-31,43406,6187,4,0.9992976188659668
NeuMF,2013,2013-12-31,43406,6932,5,0.9991814494132996
NeuMF,2013,2013-12-31,43406,6862,6,0.999176561832428
NeuMF,2013,2013-12-31,43406,2433,7,0.9991531372070312
NeuMF,2013,2013-12-31,43406,32029,8,0.9990488886833191
NeuMF,2013,2013-12-31,43406,5528,9,0.9987857937812805
NeuMF,2013,2013-12-31,43406,53129,10,0.9986012578010559
NeuMF,2013,2013-12-31,44029,42004,1,0.9999392032623291
NeuMF,2013,2013-12-31,44029,68237,2,0.999750554561615
NeuMF,2013,2013-12-31,44029,5013,3,0.9995356798171997
NeuMF,2013,2013-12-31,44029,8943,4,0.9991975426673889
NeuMF,2013,2013-12-31,44029,7669,5,0.9989062547683716
NeuMF,2013,2013-12-31,44029,8914,6,0.998335063457489
NeuMF,2013,2013-12-31,44029,6867,7,0.9981542229652405
NeuMF,2013,2013-12-31,44029,5992,8,0.9981473684310913
NeuMF,2013,2013-12-31,44029,63082,9,0.9980493783950806
NeuMF,2013,2013-12-31,44029,48774,10,0.9978792667388916
NeuMF,2013,2013-12-31,44228,2959,1,0.9997685551643372
NeuMF,2013,2013-12-31,44228,1721,2,0.9992948770523071
NeuMF,2013,2013-12-31,44228,2858,3,0.9991570711135864
NeuMF,2013,2013-12-31,44228,2571,4,0.9989181756973267
NeuMF,2013,2013-12-31,44228,2028,5,0.9983652234077454
NeuMF,2013,2013-12-31,44228,2762,6,0.9981158971786499
NeuMF,2013,2013-12-31,44228,1258,7,0.9979775547981262
NeuMF,2013,2013-12-31,44228,47,8,0.9977232813835144
NeuMF,2013,2013-12-31,44228,1210,9,0.9970525503158569
NeuMF,2013,2013-12-31,44228,1196,10,0.9967005848884583
NeuMF,2013,2013-12-31,44361,8970,1,0.9990614056587219
NeuMF,2013,2013-12-31,44361,27706,2,0.9989514350891113
NeuMF,2013,2013-12-31,44361,7147,3,0.9987102746963501
NeuMF,2013,2013-12-31,44361,7164,4,0.9985716342926025
NeuMF,2013,2013-12-31,44361,6093,5,0.9985263347625732
NeuMF,2013,2013-12-31,44361,36517,6,0.9984727501869202
NeuMF,2013,2013-12-31,44361,8809,7,0.9982094764709473
NeuMF,2013,2013-12-31,44361,30793,8,0.9978525638580322
NeuMF,2013,2013-12-31,44361,7361,9,0.9978061318397522
NeuMF,2013,2013-12-31,44361,30810,10,0.9974585175514221
NeuMF,2013,2013-12-31,44465,81845,1,0.9998972415924072
NeuMF,2013,2013-12-31,44465,65216,2,0.9994314312934875
NeuMF,2013,2013-12-31,44465,1356,3,0.9992237091064453
NeuMF,2013,2013-12-31,44465,2948,4,0.999047577381134
NeuMF,2013,2013-12-31,44465,78499,5,0.9988827109336853
NeuMF,2013,2013-12-31,44465,2947,6,0.9988434314727783
NeuMF,2013,2013-12-31,44465,65612,7,0.9983135461807251
NeuMF,2013,2013-12-31,44465,2949,8,0.9983090162277222
NeuMF,2013,2013-12-31,44465,4367,9,0.9982137680053711
NeuMF,2013,2013-12-31,44465,60074,10,0.9970574378967285
NeuMF,2013,2013-12-31,44652,4783,1,0.9997972846031189
NeuMF,2013,2013-12-31,44652,6787,2,0.9997701048851013
NeuMF,2013,2013-12-31,44652,43910,3,0.9997348189353943
NeuMF,2013,2013-12-31,44652,27846,4,0.9996144771575928
NeuMF,2013,2013-12-31,44652,4300,5,0.9992921352386475
NeuMF,2013,2013-12-31,44652,5447,6,0.9992254972457886
NeuMF,2013,2013-12-31,44652,7136,7,0.9988793730735779
NeuMF,2013,2013-12-31,44652,6339,8,0.9987429976463318
NeuMF,2013,2013-12-31,44652,3317,9,0.998562753200531
NeuMF,2013,2013-12-31,44652,6306,10,0.9984965324401855
NeuMF,2013,2013-12-31,44946,1196,1,0.9991681575775146
NeuMF,2013,2013-12-31,44946,1233,2,0.9990071654319763
NeuMF,2013,2013-12-31,44946,1234,3,0.9985920786857605
NeuMF,2013,2013-12-31,44946,923,4,0.9985663294792175
NeuMF,2013,2013-12-31,44946,1250,5,0.9980912804603577
NeuMF,2013,2013-12-31,44946,924,6,0.9975674152374268
NeuMF,2013,2013-12-31,44946,1097,7,0.9970272183418274
NeuMF,2013,2013-12-31,44946,318,8,0.9966945648193359
NeuMF,2013,2013-12-31,44946,6787,9,0.9966779947280884
NeuMF,2013,2013-12-31,44946,17,10,0.996452808380127
NeuMF,2013,2013-12-31,45096,8970,1,0.9994427561759949
NeuMF,2013,2013-12-31,45096,30793,2,0.9990197420120239
NeuMF,2013,2013-12-31,45096,60950,3,0.9986302852630615
NeuMF,2013,2013-12-31,45096,2174,4,0.9981129169464111
NeuMF,2013,2013-12-31,45096,44761,5,0.9980639815330505
NeuMF,2013,2013-12-31,45096,2797,6,0.9980151653289795
NeuMF,2013,2013-12-31,45096,2724,7,0.9971891045570374
NeuMF,2013,2013-12-31,45096,38886,8,0.9970732927322388
NeuMF,2013,2013-12-31,45096,364,9,0.9970569610595703
NeuMF,2013,2013-12-31,45096,2125,10,0.9968299269676208
NeuMF,2013,2013-12-31,45103,67997,1,0.9997438788414001
NeuMF,2013,2013-12-31,45103,2542,2,0.9996328353881836
NeuMF,2013,2013-12-31,45103,94959,3,0.9995701909065247
NeuMF,2013,2013-12-31,45103,56715,4,0.9995580315589905
NeuMF,2013,2013-12-31,45103,52952,5,0.999279797077179
NeuMF,2013,2013-12-31,45103,4641,6,0.9991477727890015
NeuMF,2013,2013-12-31,45103,48385,7,0.9991064667701721
NeuMF,2013,2013-12-31,45103,52973,8,0.9989306330680847
NeuMF,2013,2013-12-31,45103,64614,9,0.9989117383956909
NeuMF,2013,2013-12-31,45103,53956,10,0.9987700581550598
NeuMF,2013,2013-12-31,45938,3639,1,0.9991618394851685
NeuMF,2013,2013-12-31,45938,4084,2,0.9989944100379944
NeuMF,2013,2013-12-31,45938,169,3,0.9970169067382812
NeuMF,2013,2013-12-31,45938,2404,4,0.9965799450874329
NeuMF,2013,2013-12-31,45938,2948,5,0.9958373308181763
NeuMF,2013,2013-12-31,45938,2989,6,0.9934778213500977
NeuMF,2013,2013-12-31,45938,2471,7,0.9934486746788025
NeuMF,2013,2013-12-31,45938,2002,8,0.9933244585990906
NeuMF,2013,2013-12-31,45938,2642,9,0.9931353330612183
NeuMF,2013,2013-12-31,45938,3268,10,0.9929034113883972
NeuMF,2013,2013-12-31,46100,5400,1,0.9993921518325806
NeuMF,2013,2013-12-31,46100,6264,2,0.9985392093658447
NeuMF,2013,2013-12-31,46100,6595,3,0.9983304142951965
NeuMF,2013,2013-12-31,46100,5266,4,0.9978019595146179
NeuMF,2013,2013-12-31,46100,5265,5,0.9978018403053284
NeuMF,2013,2013-12-31,46100,2633,6,0.9975605010986328
NeuMF,2013,2013-12-31,46100,3896,7,0.9962174296379089
NeuMF,2013,2013-12-31,46100,628,8,0.9957308173179626
NeuMF,2013,2013-12-31,46100,7164,9,0.9953593611717224
NeuMF,2013,2013-12-31,46100,5630,10,0.9950568675994873
NeuMF,2013,2013-12-31,46616,1982,1,0.9999094009399414
NeuMF,2013,2013-12-31,46616,2288,2,0.9992449283599854
NeuMF,2013,2013-12-31,46616,2174,3,0.9992161989212036
NeuMF,2013,2013-12-31,46616,3696,4,0.9988521337509155
NeuMF,2013,2013-12-31,46616,3727,5,0.9986888766288757
NeuMF,2013,2013-12-31,46616,5618,6,0.998581051826477
NeuMF,2013,2013-12-31,46616,2716,7,0.99837327003479
NeuMF,2013,2013-12-31,46616,48385,8,0.9983094930648804
NeuMF,2013,2013-12-31,46616,2761,9,0.9980528354644775
NeuMF,2013,2013-12-31,46616,1258,10,0.9979937076568604
NeuMF,2013,2013-12-31,46620,72998,1,0.9998301267623901
NeuMF,2013,2013-12-31,46620,67193,2,0.999460756778717
NeuMF,2013,2013-12-31,46620,73323,3,0.9992266893386841
NeuMF,2013,2013-12-31,46620,87485,4,0.9991589784622192
NeuMF,2013,2013-12-31,46620,64614,5,0.9990838766098022
NeuMF,2013,2013-12-31,46620,79224,6,0.9988877177238464
NeuMF,2013,2013-12-31,46620,77455,7,0.9987385869026184
NeuMF,2013,2013-12-31,46620,56788,8,0.9986081719398499
NeuMF,2013,2013-12-31,46620,81932,9,0.9985731840133667
NeuMF,2013,2013-12-31,46620,89745,10,0.9985440969467163
NeuMF,2013,2013-12-31,47057,80463,1,0.9998267292976379
NeuMF,2013,2013-12-31,47057,63082,2,0.9997656941413879
NeuMF,2013,2013-12-31,47057,69844,3,0.9997113347053528
NeuMF,2013,2013-12-31,47057,90866,4,0.9996542930603027
NeuMF,2013,2013-12-31,47057,83613,5,0.9995800852775574
NeuMF,2013,2013-12-31,47057,69644,6,0.9994198083877563
NeuMF,2013,2013-12-31,47057,68358,7,0.999404788017273
NeuMF,2013,2013-12-31,47057,4993,8,0.9993671774864197
NeuMF,2013,2013-12-31,47057,68554,9,0.9993269443511963
NeuMF,2013,2013-12-31,47057,90746,10,0.9992915391921997
NeuMF,2013,2013-12-31,47229,7153,1,0.9994727969169617
NeuMF,2013,2013-12-31,47229,5952,2,0.9988431930541992
NeuMF,2013,2013-12-31,47229,5418,3,0.9981434345245361
NeuMF,2013,2013-12-31,47229,6539,4,0.9981365203857422
NeuMF,2013,2013-12-31,47229,6333,5,0.9980841875076294
NeuMF,2013,2013-12-31,47229,5816,6,0.9977486729621887
NeuMF,2013,2013-12-31,47229,5349,7,0.9976289868354797
NeuMF,2013,2013-12-31,47229,4993,8,0.9975075721740723
NeuMF,2013,2013-12-31,47229,4306,9,0.9970556497573853
NeuMF,2013,2013-12-31,47229,8636,10,0.9967857599258423
NeuMF,2013,2013-12-31,47680,3984,1,0.9999006986618042
NeuMF,2013,2013-12-31,47680,2948,2,0.999213457107544
NeuMF,2013,2013-12-31,47680,4981,3,0.9988774657249451
NeuMF,2013,2013-12-31,47680,2962,4,0.9986112117767334
NeuMF,2013,2013-12-31,47680,3717,5,0.9980427026748657
NeuMF,2013,2013-12-31,47680,7458,6,0.998002827167511
NeuMF,2013,2013-12-31,47680,2991,7,0.9978448152542114
NeuMF,2013,2013-12-31,47680,8132,8,0.9976671934127808
NeuMF,2013,2013-12-31,47680,5064,9,0.9970640540122986
NeuMF,2013,2013-12-31,47680,552,10,0.9960322976112366
NeuMF,2013,2013-12-31,47685,69122,1,0.9998868703842163
NeuMF,2013,2013-12-31,47685,82202,2,0.9998519420623779
NeuMF,2013,2013-12-31,47685,79091,3,0.9998205304145813
NeuMF,2013,2013-12-31,47685,59784,4,0.9997984766960144
NeuMF,2013,2013-12-31,47685,87869,5,0.9997678399085999
NeuMF,2013,2013-12-31,47685,63131,6,0.9997046589851379
NeuMF,2013,2013-12-31,47685,79185,7,0.9996944665908813
NeuMF,2013,2013-12-31,47685,70159,8,0.9995796084403992
NeuMF,2013,2013-12-31,47685,76079,9,0.9995539784431458
NeuMF,2013,2013-12-31,47685,81229,10,0.9995262622833252
NeuMF,2013,2013-12-31,48111,64285,1,0.9996601343154907
NeuMF,2013,2013-12-31,48111,47629,2,0.9987502098083496
NeuMF,2013,2013-12-31,48111,2947,3,0.9987140893936157
NeuMF,2013,2013-12-31,48111,61132,4,0.9984135627746582
NeuMF,2013,2013-12-31,48111,904,5,0.9979268312454224
NeuMF,2013,2013-12-31,48111,81018,6,0.9977414608001709
NeuMF,2013,2013-12-31,48111,923,7,0.9975029826164246
NeuMF,2013,2013-12-31,48111,1281,8,0.9972870349884033
NeuMF,2013,2013-12-31,48111,63082,9,0.9966102242469788
NeuMF,2013,2013-12-31,48111,2762,10,0.9965702295303345
NeuMF,2013,2013-12-31,48568,94777,1,0.9996139407157898
NeuMF,2013,2013-12-31,48568,58025,2,0.9996028542518616
NeuMF,2013,2013-12-31,48568,2117,3,0.9994213581085205
NeuMF,2013,2013-12-31,48568,88744,4,0.9991171956062317
NeuMF,2013,2013-12-31,48568,68319,5,0.9979789853096008
NeuMF,2013,2013-12-31,48568,154,6,0.9976690411567688
NeuMF,2013,2013-12-31,48568,67255,7,0.9975529313087463
NeuMF,2013,2013-12-31,48568,70286,8,0.9964917302131653
NeuMF,2013,2013-12-31,48568,412,9,0.9961416125297546
NeuMF,2013,2013-12-31,48568,515,10,0.9959951639175415
NeuMF,2013,2013-12-31,48973,61132,1,0.9996011853218079
NeuMF,2013,2013-12-31,48973,54259,2,0.9994484782218933
NeuMF,2013,2013-12-31,48973,56174,3,0.9994332194328308
NeuMF,2013,2013-12-31,48973,52950,4,0.9992387294769287
NeuMF,2013,2013-12-31,48973,4006,5,0.9989649057388306
NeuMF,2013,2013-12-31,48973,68358,6,0.9987271428108215
NeuMF,2013,2013-12-31,48973,50442,7,0.9986487030982971
NeuMF,2013,2013-12-31,48973,53000,8,0.9979934692382812
NeuMF,2013,2013-12-31,48973,52885,9,0.9978277087211609
NeuMF,2013,2013-12-31,48973,53468,10,0.9978004097938538
NeuMF,2013,2013-12-31,49032,3681,1,0.9996989965438843
NeuMF,2013,2013-12-31,49032,2810,2,0.9992406368255615
NeuMF,2013,2013-12-31,49032,7387,3,0.9991028308868408
NeuMF,2013,2013-12-31,49032,1429,4,0.9989786148071289
NeuMF,2013,2013-12-31,49032,1241,5,0.9989290833473206
NeuMF,2013,2013-12-31,49032,4105,6,0.9988849759101868
NeuMF,2013,2013-12-31,49032,43832,7,0.9981081485748291
NeuMF,2013,2013-12-31,49032,89745,8,0.9978501796722412
NeuMF,2013,2013-12-31,49032,68952,9,0.9975671768188477
NeuMF,2013,2013-12-31,49032,507,10,0.9974349141120911
NeuMF,2013,2013-12-31,49060,1198,1,0.9993209838867188
NeuMF,2013,2013-12-31,49060,50,2,0.9978684186935425
NeuMF,2013,2013-12-31,49060,64614,3,0.9969280362129211
NeuMF,2013,2013-12-31,49060,2918,4,0.9967451095581055
NeuMF,2013,2013-12-31,49060,44191,5,0.9961524605751038
NeuMF,2013,2013-12-31,49060,63082,6,0.9960736036300659
NeuMF,2013,2013-12-31,49060,3275,7,0.9955264925956726
NeuMF,2013,2013-12-31,49060,1580,8,0.9952990412712097
NeuMF,2013,2013-12-31,49060,50872,9,0.9952803254127502
NeuMF,2013,2013-12-31,49060,3949,10,0.9950902462005615
NeuMF,2013,2013-12-31,49545,42004,1,0.9995977282524109
NeuMF,2013,2013-12-31,49545,2724,2,0.9990831613540649
NeuMF,2013,2013-12-31,49545,4062,3,0.9988831877708435
NeuMF,2013,2013-12-31,49545,2433,4,0.998433530330658
NeuMF,2013,2013-12-31,49545,33639,5,0.9980018734931946
NeuMF,2013,2013-12-31,49545,26111,6,0.9978824257850647
NeuMF,2013,2013-12-31,49545,6867,7,0.9977028965950012
NeuMF,2013,2013-12-31,49545,27790,8,0.9975789189338684
NeuMF,2013,2013-12-31,49545,848,9,0.9975128173828125
NeuMF,2013,2013-12-31,49545,5876,10,0.9972260594367981
NeuMF,2013,2013-12-31,49589,72378,1,0.99997878074646
NeuMF,2013,2013-12-31,49589,70183,2,0.9998612403869629
NeuMF,2013,2013-12-31,49589,56156,3,0.9993687272071838
NeuMF,2013,2013-12-31,49589,6595,4,0.999356210231781
NeuMF,2013,2013-12-31,49589,8371,5,0.999315619468689
NeuMF,2013,2013-12-31,49589,78469,6,0.9992383718490601
NeuMF,2013,2013-12-31,49589,7445,7,0.9991652965545654
NeuMF,2013,2013-12-31,49589,59315,8,0.9991244673728943
NeuMF,2013,2013-12-31,49589,81782,9,0.9990571141242981
NeuMF,2013,2013-12-31,49589,48304,10,0.9990034699440002
NeuMF,2013,2013-12-31,49745,60684,1,0.9991546869277954
NeuMF,2013,2013-12-31,49745,4011,2,0.9957666397094727
NeuMF,2013,2013-12-31,49745,908,3,0.9955430626869202
NeuMF,2013,2013-12-31,49745,48780,4,0.9953299760818481
NeuMF,2013,2013-12-31,49745,2918,5,0.9950286746025085
NeuMF,2013,2013-12-31,49745,7438,6,0.9941422343254089
NeuMF,2013,2013-12-31,49745,51662,7,0.9939007759094238
NeuMF,2013,2013-12-31,49745,53318,8,0.9935095906257629
NeuMF,2013,2013-12-31,49745,77561,9,0.993449866771698
NeuMF,2013,2013-12-31,49745,4963,10,0.9933632612228394
NeuMF,2013,2013-12-31,49901,8910,1,0.9995808005332947
NeuMF,2013,2013-12-31,49901,61024,2,0.9995357990264893
NeuMF,2013,2013-12-31,49901,85412,3,0.9994601607322693
NeuMF,2013,2013-12-31,49901,60684,4,0.9994404911994934
NeuMF,2013,2013-12-31,49901,2788,5,0.9991821646690369
NeuMF,2013,2013-12-31,49901,67087,6,0.9989749193191528
NeuMF,2013,2013-12-31,49901,74685,7,0.9989656209945679
NeuMF,2013,2013-12-31,49901,37729,8,0.9989169836044312
NeuMF,2013,2013-12-31,49901,62155,9,0.9987512826919556
NeuMF,2013,2013-12-31,49901,18,10,0.998696506023407
NeuMF,2013,2013-12-31,50750,53996,1,0.9997565150260925
NeuMF,2013,2013-12-31,50750,89745,2,0.9990631937980652
NeuMF,2013,2013-12-31,50750,69481,3,0.9989272952079773
NeuMF,2013,2013-12-31,50750,93363,4,0.9979550838470459
NeuMF,2013,2013-12-31,50750,4022,5,0.9979006052017212
NeuMF,2013,2013-12-31,50750,91529,6,0.9977661371231079
NeuMF,2013,2013-12-31,50750,6281,7,0.9976880550384521
NeuMF,2013,2013-12-31,50750,68554,8,0.9976133108139038
NeuMF,2013,2013-12-31,50750,81845,9,0.997576892375946
NeuMF,2013,2013-12-31,50750,78469,10,0.9974873065948486
NeuMF,2013,2013-12-31,51079,63082,1,0.9997851252555847
NeuMF,2013,2013-12-31,51079,58559,2,0.9997691512107849
NeuMF,2013,2013-12-31,51079,5418,3,0.9993894100189209
NeuMF,2013,2013-12-31,51079,56949,4,0.9991382360458374
NeuMF,2013,2013-12-31,51079,5066,5,0.999137282371521
NeuMF,2013,2013-12-31,51079,69757,6,0.9991286396980286
NeuMF,2013,2013-12-31,51079,64957,7,0.9991230368614197
NeuMF,2013,2013-12-31,51079,53996,8,0.9990963935852051
NeuMF,2013,2013-12-31,51079,59369,9,0.9990934133529663
NeuMF,2013,2013-12-31,51079,48877,10,0.9989238381385803
NeuMF,2013,2013-12-31,51284,1147,1,0.9996404647827148
NeuMF,2013,2013-12-31,51284,1120,2,0.9995519518852234
NeuMF,2013,2013-12-31,51284,6380,3,0.9994041919708252
NeuMF,2013,2013-12-31,51284,3552,4,0.9989732503890991
NeuMF,2013,2013-12-31,51284,318,5,0.998940646648407
NeuMF,2013,2013-12-31,51284,3006,6,0.9989332556724548
NeuMF,2013,2013-12-31,51284,2076,7,0.9987804293632507
NeuMF,2013,2013-12-31,51284,4326,8,0.9987708926200867
NeuMF,2013,2013-12-31,51284,101,9,0.9987500905990601
NeuMF,2013,2013-12-31,51284,1285,10,0.9987313151359558
NeuMF,2013,2013-12-31,51408,5021,1,0.9989431500434875
NeuMF,2013,2013-12-31,51408,5069,2,0.9988223910331726
NeuMF,2013,2013-12-31,51408,28,3,0.9986293315887451
NeuMF,2013,2013-12-31,51408,902,4,0.998059093952179
NeuMF,2013,2013-12-31,51408,66785,5,0.9980296492576599
NeuMF,2013,2013-12-31,51408,7075,6,0.997566819190979
NeuMF,2013,2013-12-31,51408,928,7,0.9974702596664429
NeuMF,2013,2013-12-31,51408,3310,8,0.9972423315048218
NeuMF,2013,2013-12-31,51408,32452,9,0.9971051812171936
NeuMF,2013,2013-12-31,51408,78772,10,0.9961841702461243
NeuMF,2013,2013-12-31,51580,52328,1,0.9995837807655334
NeuMF,2013,2013-12-31,51580,62849,2,0.9994279742240906
NeuMF,2013,2013-12-31,51580,47491,3,0.9992700219154358
NeuMF,2013,2013-12-31,51580,72226,4,0.9992285966873169
NeuMF,2013,2013-12-31,51580,55820,5,0.9992235898971558
NeuMF,2013,2013-12-31,51580,27904,6,0.9991843104362488
NeuMF,2013,2013-12-31,51580,55908,7,0.9991263747215271
NeuMF,2013,2013-12-31,51580,57669,8,0.999077320098877
NeuMF,2013,2013-12-31,51580,68358,9,0.9989619255065918
NeuMF,2013,2013-12-31,51580,57368,10,0.9988634586334229
NeuMF,2013,2013-12-31,51922,608,1,0.9997184872627258
NeuMF,2013,2013-12-31,51922,2858,2,0.9993983507156372
NeuMF,2013,2013-12-31,51922,778,3,0.9990861415863037
NeuMF,2013,2013-12-31,51922,296,4,0.9990288019180298
NeuMF,2013,2013-12-31,51922,372,5,0.9989180564880371
NeuMF,2013,2013-12-31,51922,50,6,0.9989076852798462
NeuMF,2013,2013-12-31,51922,348,7,0.9987118244171143
NeuMF,2013,2013-12-31,51922,1093,8,0.998448371887207
NeuMF,2013,2013-12-31,51922,260,9,0.9981650710105896
NeuMF,2013,2013-12-31,51922,1193,10,0.9980016350746155
NeuMF,2013,2013-12-31,51934,26131,1,0.999077320098877
NeuMF,2013,2013-12-31,51934,5632,2,0.9990672469139099
NeuMF,2013,2013-12-31,51934,3992,3,0.9985641837120056
NeuMF,2013,2013-12-31,51934,1263,4,0.9982408285140991
NeuMF,2013,2013-12-31,51934,39183,5,0.998145580291748
NeuMF,2013,2013-12-31,51934,30749,6,0.9981260895729065
NeuMF,2013,2013-12-31,51934,71108,7,0.9978735446929932
NeuMF,2013,2013-12-31,51934,36517,8,0.9975336790084839
NeuMF,2013,2013-12-31,51934,4235,9,0.9974654912948608
NeuMF,2013,2013-12-31,51934,6954,10,0.9970155954360962
NeuMF,2013,2013-12-31,52333,55908,1,0.9997819066047668
NeuMF,2013,2013-12-31,52333,64614,2,0.9997605681419373
NeuMF,2013,2013-12-31,52333,59315,3,0.9997249245643616
NeuMF,2013,2013-12-31,52333,59369,4,0.999688982963562
NeuMF,2013,2013-12-31,52333,5418,5,0.9994520545005798
NeuMF,2013,2013-12-31,52333,76251,6,0.9992820620536804
NeuMF,2013,2013-12-31,52333,36529,7,0.9992239475250244
NeuMF,2013,2013-12-31,52333,77561,8,0.9991260170936584
NeuMF,2013,2013-12-31,52333,69481,9,0.9990622401237488
NeuMF,2013,2013-12-31,52333,71535,10,0.9990002512931824
NeuMF,2013,2013-12-31,52670,85774,1,0.9995157718658447
NeuMF,2013,2013-12-31,52670,64285,2,0.9993450045585632
NeuMF,2013,2013-12-31,52670,54999,3,0.9983533620834351
NeuMF,2013,2013-12-31,52670,67997,4,0.9979419112205505
NeuMF,2013,2013-12-31,52670,63876,5,0.9973805546760559
NeuMF,2013,2013-12-31,52670,91658,6,0.9973094463348389
NeuMF,2013,2013-12-31,52670,26471,7,0.9972153902053833
NeuMF,2013,2013-12-31,52670,77837,8,0.9971675276756287
NeuMF,2013,2013-12-31,52670,45950,9,0.9967244267463684
NeuMF,2013,2013-12-31,52670,7367,10,0.9964179992675781
NeuMF,2013,2013-12-31,52719,27397,1,0.9999064207077026
NeuMF,2013,2013-12-31,52719,27773,2,0.9996762275695801
NeuMF,2013,2013-12-31,52719,27317,3,0.9995618462562561
NeuMF,2013,2013-12-31,52719,6953,4,0.9995027780532837
NeuMF,2013,2013-12-31,52719,30803,5,0.9994441866874695
NeuMF,2013,2013-12-31,52719,7235,6,0.9993734955787659
NeuMF,2013,2013-12-31,52719,7361,7,0.9991575479507446
NeuMF,2013,2013-12-31,52719,27592,8,0.9988999366760254
NeuMF,2013,2013-12-31,52719,1274,9,0.9986488223075867
NeuMF,2013,2013-12-31,52719,778,10,0.9982241988182068
NeuMF,2013,2013-12-31,53244,8492,1,0.9998257756233215
NeuMF,2013,2013-12-31,53244,3334,2,0.9997624754905701
NeuMF,2013,2013-12-31,53244,7708,3,0.9994966983795166
NeuMF,2013,2013-12-31,53244,1099,4,0.999258816242218
NeuMF,2013,2013-12-31,53244,6459,5,0.9990083575248718
NeuMF,2013,2013-12-31,53244,3268,6,0.998920202255249
NeuMF,2013,2013-12-31,53244,4795,7,0.9989100694656372
NeuMF,2013,2013-12-31,53244,3635,8,0.9988824725151062
NeuMF,2013,2013-12-31,53244,3675,9,0.9982075691223145
NeuMF,2013,2013-12-31,53244,3733,10,0.9981991648674011
NeuMF,2013,2013-12-31,53348,81591,1,0.9999414682388306
NeuMF,2013,2013-12-31,53348,80463,2,0.9999403953552246
NeuMF,2013,2013-12-31,53348,4878,3,0.9998449087142944
NeuMF,2013,2013-12-31,53348,88129,4,0.9998284578323364
NeuMF,2013,2013-12-31,53348,87232,5,0.9997996687889099
NeuMF,2013,2013-12-31,53348,7361,6,0.9997585415840149
NeuMF,2013,2013-12-31,53348,6016,7,0.9996196031570435
NeuMF,2013,2013-12-31,53348,92259,8,0.9996001124382019
NeuMF,2013,2013-12-31,53348,4995,9,0.9995834231376648
NeuMF,2013,2013-12-31,53348,5618,10,0.9993485808372498
NeuMF,2013,2013-12-31,53515,90249,1,0.9999749660491943
NeuMF,2013,2013-12-31,53515,79132,2,0.9999678134918213
NeuMF,2013,2013-12-31,53515,87232,3,0.9999449253082275
NeuMF,2013,2013-12-31,53515,69844,4,0.9999442100524902
NeuMF,2013,2013-12-31,53515,91630,5,0.999940037727356
NeuMF,2013,2013-12-31,53515,90405,6,0.999940037727356
NeuMF,2013,2013-12-31,53515,80549,7,0.9999336004257202
NeuMF,2013,2013-12-31,53515,91500,8,0.99989914894104
NeuMF,2013,2013-12-31,53515,91104,9,0.9998935461044312
NeuMF,2013,2013-12-31,53515,89761,10,0.9998483657836914
NeuMF,2013,2013-12-31,53695,4041,1,0.9992819428443909
NeuMF,2013,2013-12-31,53695,3418,2,0.9992293119430542
NeuMF,2013,2013-12-31,53695,2947,3,0.9987706542015076
NeuMF,2013,2013-12-31,53695,2991,4,0.9984850287437439
NeuMF,2013,2013-12-31,53695,3635,5,0.9979721903800964
NeuMF,2013,2013-12-31,53695,2115,6,0.997928261756897
NeuMF,2013,2013-12-31,53695,1201,7,0.9977133274078369
NeuMF,2013,2013-12-31,53695,1380,8,0.9977130889892578
NeuMF,2013,2013-12-31,53695,1101,9,0.9974890947341919
NeuMF,2013,2013-12-31,53695,6884,10,0.9974358677864075
NeuMF,2013,2013-12-31,53800,6093,1,0.9991212487220764
NeuMF,2013,2013-12-31,53800,78105,2,0.9990279674530029
NeuMF,2013,2013-12-31,53800,57640,3,0.9988516569137573
NeuMF,2013,2013-12-31,53800,59784,4,0.9983962178230286
NeuMF,2013,2013-12-31,53800,4226,5,0.9980775117874146
NeuMF,2013,2013-12-31,53800,71254,6,0.9975020289421082
NeuMF,2013,2013-12-31,53800,56156,7,0.9974979758262634
NeuMF,2013,2013-12-31,53800,3000,8,0.9973166584968567
NeuMF,2013,2013-12-31,53800,6539,9,0.997012734413147
NeuMF,2013,2013-12-31,53800,89745,10,0.9969310760498047
NeuMF,2013,2013-12-31,53819,37386,1,0.999485969543457
NeuMF,2013,2013-12-31,53819,1232,2,0.9994120597839355
NeuMF,2013,2013-12-31,53819,5046,3,0.999396800994873
NeuMF,2013,2013-12-31,53819,32213,4,0.9991784691810608
NeuMF,2013,2013-12-31,53819,72378,5,0.9991068243980408
NeuMF,2013,2013-12-31,53819,1320,6,0.9989365935325623
NeuMF,2013,2013-12-31,53819,4865,7,0.9988077878952026
NeuMF,2013,2013-12-31,53819,34319,8,0.9987972974777222
NeuMF,2013,2013-12-31,53819,1590,9,0.9987528324127197
NeuMF,2013,2013-12-31,53819,71254,10,0.998745322227478
NeuMF,2013,2013-12-31,54033,69757,1,0.9992527365684509
NeuMF,2013,2013-12-31,54033,86882,2,0.9990853071212769
NeuMF,2013,2013-12-31,54033,65130,3,0.9990392923355103
NeuMF,2013,2013-12-31,54033,81641,4,0.9990383386611938
NeuMF,2013,2013-12-31,54033,76293,5,0.9990211725234985
NeuMF,2013,2013-12-31,54033,79091,6,0.9989583492279053
NeuMF,2013,2013-12-31,54033,91126,7,0.9989004135131836
NeuMF,2013,2013-12-31,54033,72011,8,0.9986464381217957
NeuMF,2013,2013-12-31,54033,89492,9,0.9984825253486633
NeuMF,2013,2013-12-31,54033,80549,10,0.9983851909637451
NeuMF,2013,2013-12-31,54098,55820,1,0.9996922016143799
NeuMF,2013,2013-12-31,54098,8961,2,0.9995176792144775
NeuMF,2013,2013-12-31,54098,49272,3,0.9994456171989441
NeuMF,2013,2013-12-31,54098,6377,4,0.999113142490387
NeuMF,2013,2013-12-31,54098,55908,5,0.9990358352661133
NeuMF,2013,2013-12-31,54098,480,6,0.9988560676574707
NeuMF,2013,2013-12-31,54098,3578,7,0.9979428648948669
NeuMF,2013,2013-12-31,54098,47,8,0.9978938698768616
NeuMF,2013,2013-12-31,54098,6934,9,0.9977803826332092
NeuMF,2013,2013-12-31,54098,58803,10,0.9977447986602783
NeuMF,2013,2013-12-31,54450,2337,1,0.9992325305938721
NeuMF,2013,2013-12-31,54450,65130,2,0.997072696685791
NeuMF,2013,2013-12-31,54450,48043,3,0.996769905090332
NeuMF,2013,2013-12-31,54450,52328,4,0.9945976734161377
NeuMF,2013,2013-12-31,54450,63082,5,0.9931106567382812
NeuMF,2013,2013-12-31,54450,53123,6,0.9921898245811462
NeuMF,2013,2013-12-31,54450,47610,7,0.9918449521064758
NeuMF,2013,2013-12-31,54450,59315,8,0.9903712868690491
NeuMF,2013,2013-12-31,54450,54503,9,0.9894388318061829
NeuMF,2013,2013-12-31,54450,5989,10,0.9893235564231873
NeuMF,2013,2013-12-31,54535,71535,1,0.9996844530105591
NeuMF,2013,2013-12-31,54535,74458,2,0.9992992877960205
NeuMF,2013,2013-12-31,54535,70286,3,0.9982327222824097
NeuMF,2013,2013-12-31,54535,78499,4,0.998091995716095
NeuMF,2013,2013-12-31,54535,76251,5,0.9978626370429993
NeuMF,2013,2013-12-31,54535,3081,6,0.9975041747093201
NeuMF,2013,2013-12-31,54535,2115,7,0.9973582625389099
NeuMF,2013,2013-12-31,54535,72378,8,0.9972831010818481
NeuMF,2013,2013-12-31,54535,72998,9,0.9971231818199158
NeuMF,2013,2013-12-31,54535,593,10,0.9969509840011597
NeuMF,2013,2013-12-31,54711,52604,1,0.999805748462677
NeuMF,2013,2013-12-31,54711,5218,2,0.9992885589599609
NeuMF,2013,2013-12-31,54711,89804,3,0.9992558360099792
NeuMF,2013,2013-12-31,54711,81537,4,0.999196469783783
NeuMF,2013,2013-12-31,54711,53129,5,0.9989053010940552
NeuMF,2013,2013-12-31,54711,84152,6,0.9985474944114685
NeuMF,2013,2013-12-31,54711,5266,7,0.9985319375991821
NeuMF,2013,2013-12-31,54711,87869,8,0.9984481334686279
NeuMF,2013,2013-12-31,54711,6281,9,0.9984070658683777
NeuMF,2013,2013-12-31,54711,5299,10,0.9983421564102173
NeuMF,2013,2013-12-31,54783,89492,1,0.9990591406822205
NeuMF,2013,2013-12-31,54783,74545,2,0.9982104301452637
NeuMF,2013,2013-12-31,54783,5693,3,0.9981087446212769
NeuMF,2013,2013-12-31,54783,2018,4,0.9976156949996948
NeuMF,2013,2013-12-31,54783,73017,5,0.9970790147781372
NeuMF,2013,2013-12-31,54783,5218,6,0.9952227473258972
NeuMF,2013,2013-12-31,54783,80489,7,0.9948093891143799
NeuMF,2013,2013-12-31,54783,2951,8,0.9943734407424927
NeuMF,2013,2013-12-31,54783,66097,9,0.9940223097801208
NeuMF,2013,2013-12-31,54783,3005,10,0.9938218593597412
NeuMF,2013,2013-12-31,54962,55052,1,0.9998756647109985
NeuMF,2013,2013-12-31,54962,55451,2,0.999605119228363
NeuMF,2013,2013-12-31,54962,4465,3,0.9995999932289124
NeuMF,2013,2013-12-31,54962,53921,4,0.9995740056037903
NeuMF,2013,2013-12-31,54962,45062,5,0.9994205236434937
NeuMF,2013,2013-12-31,54962,69712,6,0.9993958473205566
NeuMF,2013,2013-12-31,54962,55276,7,0.9993343949317932
NeuMF,2013,2013-12-31,54962,55290,8,0.9989839196205139
NeuMF,2013,2013-12-31,54962,43333,9,0.9988569021224976
NeuMF,2013,2013-12-31,54962,5747,10,0.9986786246299744
NeuMF,2013,2013-12-31,55475,44191,1,0.9990332126617432
NeuMF,2013,2013-12-31,55475,48774,2,0.9989080429077148
NeuMF,2013,2013-12-31,55475,50872,3,0.9981310963630676
NeuMF,2013,2013-12-31,55475,2959,4,0.9975283741950989
NeuMF,2013,2013-12-31,55475,45950,5,0.9973785877227783
NeuMF,2013,2013-12-31,55475,1247,6,0.997306227684021
NeuMF,2013,2013-12-31,55475,48394,7,0.9972667694091797
NeuMF,2013,2013-12-31,55475,8949,8,0.9972073435783386
NeuMF,2013,2013-12-31,55475,3671,9,0.997180700302124
NeuMF,2013,2013-12-31,55475,8972,10,0.9967882633209229
NeuMF,2013,2013-12-31,55501,3285,1,0.9993638396263123
NeuMF,2013,2013-12-31,55501,4967,2,0.9989041090011597
NeuMF,2013,2013-12-31,55501,97,3,0.9987637996673584
NeuMF,2013,2013-12-31,55501,4061,4,0.9973504543304443
NeuMF,2013,2013-12-31,55501,33903,5,0.9970581531524658
NeuMF,2013,2013-12-31,55501,4448,6,0.9969876408576965
NeuMF,2013,2013-12-31,55501,5081,7,0.9965576529502869
NeuMF,2013,2013-12-31,55501,44555,8,0.994869589805603
NeuMF,2013,2013-12-31,55501,7371,9,0.9948645234107971
NeuMF,2013,2013-12-31,55501,43376,10,0.9942001104354858
NeuMF,2013,2013-12-31,55538,84152,1,0.9998574256896973
NeuMF,2013,2013-12-31,55538,84944,2,0.9997161030769348
NeuMF,2013,2013-12-31,55538,81229,3,0.9996640682220459
NeuMF,2013,2013-12-31,55538,84772,4,0.9995039701461792
NeuMF,2013,2013-12-31,55538,81847,5,0.9993495345115662
NeuMF,2013,2013-12-31,55538,80489,6,0.9992508292198181
NeuMF,2013,2013-12-31,55538,80549,7,0.9990554451942444
NeuMF,2013,2013-12-31,55538,74545,8,0.9989251494407654
NeuMF,2013,2013-12-31,55538,52319,9,0.9986625909805298
NeuMF,2013,2013-12-31,55538,81591,10,0.9984171390533447
NeuMF,2013,2013-12-31,55627,4121,1,0.9985266923904419
NeuMF,2013,2013-12-31,55627,3752,2,0.9983880519866943
NeuMF,2013,2013-12-31,55627,6188,3,0.9983483552932739
NeuMF,2013,2013-12-31,55627,3210,4,0.9982262253761292
NeuMF,2013,2013-12-31,55627,5283,5,0.9981132745742798
NeuMF,2013,2013-12-31,55627,3254,6,0.9981099367141724
NeuMF,2013,2013-12-31,55627,30825,7,0.9975354671478271
NeuMF,2013,2013-12-31,55627,3301,8,0.9974379539489746
NeuMF,2013,2013-12-31,55627,8984,9,0.9973123073577881
NeuMF,2013,2013-12-31,55627,7060,10,0.9972314238548279
NeuMF,2013,2013-12-31,55855,5505,1,0.9993003606796265
NeuMF,2013,2013-12-31,55855,4020,2,0.9992062449455261
NeuMF,2013,2013-12-31,55855,34332,3,0.9987248778343201
NeuMF,2013,2013-12-31,55855,63113,4,0.9986597299575806
NeuMF,2013,2013-12-31,55855,90866,5,0.9985144734382629
NeuMF,2013,2013-12-31,55855,73023,6,0.9981728792190552
NeuMF,2013,2013-12-31,55855,64969,7,0.9981478452682495
NeuMF,2013,2013-12-31,55855,68791,8,0.9979719519615173
NeuMF,2013,2013-12-31,55855,7158,9,0.9978600144386292
NeuMF,2013,2013-12-31,55855,6250,10,0.9977095127105713
NeuMF,2013,2013-12-31,56103,68791,1,0.9993300437927246
NeuMF,2013,2013-12-31,56103,4343,2,0.999143123626709
NeuMF,2013,2013-12-31,56103,33004,3,0.9990247488021851
NeuMF,2013,2013-12-31,56103,71535,4,0.9989759922027588
NeuMF,2013,2013-12-31,56103,71254,5,0.9987741112709045
NeuMF,2013,2013-12-31,56103,45499,6,0.9986905455589294
NeuMF,2013,2013-12-31,56103,79091,7,0.9986569881439209
NeuMF,2013,2013-12-31,56103,1241,8,0.9985182881355286
NeuMF,2013,2013-12-31,56103,2953,9,0.9984900951385498
NeuMF,2013,2013-12-31,56103,2572,10,0.9984533786773682
NeuMF,2013,2013-12-31,56122,745,1,0.9994743466377258
NeuMF,2013,2013-12-31,56122,5944,2,0.9994685053825378
NeuMF,2013,2013-12-31,56122,329,3,0.9990270137786865
NeuMF,2013,2013-12-31,56122,58347,4,0.9988240599632263
NeuMF,2013,2013-12-31,56122,2393,5,0.9988043308258057
NeuMF,2013,2013-12-31,56122,720,6,0.9984412789344788
NeuMF,2013,2013-12-31,56122,1223,7,0.9984083771705627
NeuMF,2013,2013-12-31,56122,59103,8,0.9979655742645264
NeuMF,2013,2013-12-31,56122,1148,9,0.9978047013282776
NeuMF,2013,2013-12-31,56122,3397,10,0.9973301887512207
NeuMF,2013,2013-12-31,56276,2501,1,0.9993124008178711
NeuMF,2013,2013-12-31,56276,33639,2,0.9990686774253845
NeuMF,2013,2013-12-31,56276,58047,3,0.998860239982605
NeuMF,2013,2013-12-31,56276,47099,4,0.9977065324783325
NeuMF,2013,2013-12-31,56276,60950,5,0.9975759387016296
NeuMF,2013,2013-12-31,56276,70293,6,0.9974902868270874
NeuMF,2013,2013-12-31,56276,55276,7,0.9968515038490295
NeuMF,2013,2013-12-31,56276,55267,8,0.9968422651290894
NeuMF,2013,2013-12-31,56276,72011,9,0.9965535402297974
NeuMF,2013,2013-12-31,56276,6753,10,0.9963846206665039
NeuMF,2013,2013-12-31,56331,3134,1,0.9997801184654236
NeuMF,2013,2013-12-31,56331,5147,2,0.9997045397758484
NeuMF,2013,2013-12-31,56331,5304,3,0.9996287822723389
NeuMF,2013,2013-12-31,56331,3742,4,0.9995357990264893
NeuMF,2013,2013-12-31,56331,1959,5,0.9994893074035645
NeuMF,2013,2013-12-31,56331,31702,6,0.9994437098503113
NeuMF,2013,2013-12-31,56331,3819,7,0.9993810653686523
NeuMF,2013,2013-12-31,56331,1177,8,0.9993526339530945
NeuMF,2013,2013-12-31,56331,8933,9,0.9993288516998291
NeuMF,2013,2013-12-31,56331,3788,10,0.9993166923522949
NeuMF,2013,2013-12-31,56422,5093,1,0.9993221759796143
NeuMF,2013,2013-12-31,56422,1591,2,0.9988110065460205
NeuMF,2013,2013-12-31,56422,2986,3,0.9985824823379517
NeuMF,2013,2013-12-31,56422,84772,4,0.9985816478729248
NeuMF,2013,2013-12-31,56422,31696,5,0.9985558390617371
NeuMF,2013,2013-12-31,56422,748,6,0.99836665391922
NeuMF,2013,2013-12-31,56422,6157,7,0.9983556866645813
NeuMF,2013,2013-12-31,56422,33162,8,0.9980942606925964
NeuMF,2013,2013-12-31,56422,786,9,0.9978400468826294
NeuMF,2013,2013-12-31,56422,6537,10,0.9978154897689819
NeuMF,2013,2013-12-31,56581,79091,1,0.9998459815979004
NeuMF,2013,2013-12-31,56581,66097,2,0.9998233914375305
NeuMF,2013,2013-12-31,56581,60069,3,0.9996640682220459
NeuMF,2013,2013-12-31,56581,77561,4,0.9996625185012817
NeuMF,2013,2013-12-31,56581,32587,5,0.9994876384735107
NeuMF,2013,2013-12-31,56581,81564,6,0.999462902545929
NeuMF,2013,2013-12-31,56581,68157,7,0.9994168281555176
NeuMF,2013,2013-12-31,56581,78499,8,0.9992889165878296
NeuMF,2013,2013-12-31,56581,89745,9,0.9990742206573486
NeuMF,2013,2013-12-31,56581,2329,10,0.9988731741905212
NeuMF,2013,2013-12-31,56767,60069,1,0.999647855758667
NeuMF,2013,2013-12-31,56767,44191,2,0.9996106028556824
NeuMF,2013,2013-12-31,56767,5618,3,0.9995620846748352
NeuMF,2013,2013-12-31,56767,3967,4,0.9992507100105286
NeuMF,2013,2013-12-31,56767,72226,5,0.9989504814147949
NeuMF,2013,2013-12-31,56767,5147,6,0.9989232420921326
NeuMF,2013,2013-12-31,56767,1206,7,0.9988420605659485
NeuMF,2013,2013-12-31,56767,48516,8,0.9987932443618774
NeuMF,2013,2013-12-31,56767,6016,9,0.9986662864685059
NeuMF,2013,2013-12-31,56767,3996,10,0.9982014894485474
NeuMF,2013,2013-12-31,57047,57368,1,0.9989705085754395
NeuMF,2013,2013-12-31,57047,56145,2,0.998813271522522
NeuMF,2013,2013-12-31,57047,49530,3,0.9981392621994019
NeuMF,2013,2013-12-31,57047,60072,4,0.997305154800415
NeuMF,2013,2013-12-31,57047,52722,5,0.9970980882644653
NeuMF,2013,2013-12-31,57047,6093,6,0.9970658421516418
NeuMF,2013,2013-12-31,57047,27788,7,0.9967489242553711
NeuMF,2013,2013-12-31,57047,61323,8,0.9966889023780823
NeuMF,2013,2013-12-31,57047,73321,9,0.9960410594940186
NeuMF,2013,2013-12-31,57047,48385,10,0.9959219694137573
NeuMF,2013,2013-12-31,57725,2712,1,0.9992759823799133
NeuMF,2013,2013-12-31,57725,2710,2,0.9988370537757874
NeuMF,2013,2013-12-31,57725,3328,3,0.9984581470489502
NeuMF,2013,2013-12-31,57725,3081,4,0.9983494281768799
NeuMF,2013,2013-12-31,57725,44555,5,0.9980922341346741
NeuMF,2013,2013-12-31,57725,2858,6,0.9978525638580322
NeuMF,2013,2013-12-31,57725,50,7,0.9978051781654358
NeuMF,2013,2013-12-31,57725,3160,8,0.9976840019226074
NeuMF,2013,2013-12-31,57725,63082,9,0.9975938200950623
NeuMF,2013,2013-12-31,57725,3578,10,0.9975595474243164
NeuMF,2013,2013-12-31,57737,1283,1,0.9994334578514099
NeuMF,2013,2013-12-31,57737,26395,2,0.9988911747932434
NeuMF,2013,2013-12-31,57737,55280,3,0.998219907283783
NeuMF,2013,2013-12-31,57737,6042,4,0.9981834292411804
NeuMF,2013,2013-12-31,57737,4316,5,0.9980987906455994
NeuMF,2013,2013-12-31,57737,34528,6,0.9979154467582703
NeuMF,2013,2013-12-31,57737,61075,7,0.9959999322891235
NeuMF,2013,2013-12-31,57737,67267,8,0.9956240057945251
NeuMF,2013,2013-12-31,57737,7243,9,0.9955203533172607
NeuMF,2013,2013-12-31,57737,8754,10,0.9953859448432922
NeuMF,2013,2013-12-31,57901,4681,1,0.9989843964576721
NeuMF,2013,2013-12-31,57901,4901,2,0.9987775683403015
NeuMF,2013,2013-12-31,57901,55363,3,0.998439371585846
NeuMF,2013,2013-12-31,57901,4251,4,0.9978682994842529
NeuMF,2013,2013-12-31,57901,52604,5,0.99776291847229
NeuMF,2013,2013-12-31,57901,3005,6,0.9977476000785828
NeuMF,2013,2013-12-31,57901,5266,7,0.9967215657234192
NeuMF,2013,2013-12-31,57901,51935,8,0.9967194199562073
NeuMF,2013,2013-12-31,57901,68237,9,0.9966273903846741
NeuMF,2013,2013-12-31,57901,70286,10,0.9965923428535461
NeuMF,2013,2013-12-31,57971,87232,1,0.9999887943267822
NeuMF,2013,2013-12-31,57971,84152,2,0.9998688697814941
NeuMF,2013,2013-12-31,57971,85510,3,0.9998326301574707
NeuMF,2013,2013-12-31,57971,79293,4,0.9996805191040039
NeuMF,2013,2013-12-31,57971,78469,5,0.9996732473373413
NeuMF,2013,2013-12-31,57971,89745,6,0.9995723366737366
NeuMF,2013,2013-12-31,57971,70286,7,0.9994403719902039
NeuMF,2013,2013-12-31,57971,69844,8,0.9994182586669922
NeuMF,2013,2013-12-31,57971,68358,9,0.9992714524269104
NeuMF,2013,2013-12-31,57971,88125,10,0.999256432056427
NeuMF,2013,2013-12-31,58310,62849,1,0.9998346567153931
NeuMF,2013,2013-12-31,58310,36529,2,0.9997736811637878
NeuMF,2013,2013-12-31,58310,48516,3,0.9996054768562317
NeuMF,2013,2013-12-31,58310,59315,4,0.9994844198226929
NeuMF,2013,2013-12-31,58310,5969,5,0.9994832277297974
NeuMF,2013,2013-12-31,58310,44191,6,0.9993927478790283
NeuMF,2013,2013-12-31,58310,49278,7,0.9993533492088318
NeuMF,2013,2013-12-31,58310,55052,8,0.9993196725845337
NeuMF,2013,2013-12-31,58310,69784,9,0.9992330074310303
NeuMF,2013,2013-12-31,58310,79091,10,0.9990975856781006
NeuMF,2013,2013-12-31,58335,71535,1,0.9999237060546875
NeuMF,2013,2013-12-31,58335,12,2,0.9999046325683594
NeuMF,2013,2013-12-31,58335,69526,3,0.9996333122253418
NeuMF,2013,2013-12-31,58335,5459,4,0.9993159770965576
NeuMF,2013,2013-12-31,58335,4501,5,0.9992781281471252
NeuMF,2013,2013-12-31,58335,95510,6,0.9990936517715454
NeuMF,2013,2013-12-31,58335,5378,7,0.9989978671073914
NeuMF,2013,2013-12-31,58335,84772,8,0.9988771080970764
NeuMF,2013,2013-12-31,58335,91529,9,0.9988164901733398
NeuMF,2013,2013-12-31,58335,84944,10,0.998755693435669
NeuMF,2013,2013-12-31,58367,61240,1,0.9999303817749023
NeuMF,2013,2013-12-31,58367,71535,2,0.9996984004974365
NeuMF,2013,2013-12-31,58367,69481,3,0.9996612071990967
NeuMF,2013,2013-12-31,58367,48394,4,0.9996554851531982
NeuMF,2013,2013-12-31,58367,63082,5,0.9995496869087219
NeuMF,2013,2013-12-31,58367,79702,6,0.9994432330131531
NeuMF,2013,2013-12-31,58367,68157,7,0.9993686079978943
NeuMF,2013,2013-12-31,58367,27773,8,0.9993014335632324
NeuMF,2013,2013-12-31,58367,67255,9,0.9991913437843323
NeuMF,2013,2013-12-31,58367,30812,10,0.9988440275192261
NeuMF,2013,2013-12-31,58594,3677,1,0.9999767541885376
NeuMF,2013,2013-12-31,58594,87304,2,0.999976396560669
NeuMF,2013,2013-12-31,58594,81591,3,0.9999040365219116
NeuMF,2013,2013-12-31,58594,81845,4,0.9998493194580078
NeuMF,2013,2013-12-31,58594,89864,5,0.9998125433921814
NeuMF,2013,2013-12-31,58594,91658,6,0.9997444748878479
NeuMF,2013,2013-12-31,58594,6350,7,0.9997285008430481
NeuMF,2013,2013-12-31,58594,91529,8,0.99972003698349
NeuMF,2013,2013-12-31,58594,79132,9,0.9996850490570068
NeuMF,2013,2013-12-31,58594,90376,10,0.999523401260376
NeuMF,2013,2013-12-31,58796,69757,1,0.9992069602012634
NeuMF,2013,2013-12-31,58796,66097,2,0.9991567134857178
NeuMF,2013,2013-12-31,58796,68952,3,0.9990304708480835
NeuMF,2013,2013-12-31,58796,89759,4,0.9989903569221497
NeuMF,2013,2013-12-31,58796,60753,5,0.9989713430404663
NeuMF,2013,2013-12-31,58796,64839,6,0.9986056685447693
NeuMF,2013,2013-12-31,58796,63082,7,0.9982424974441528
NeuMF,2013,2013-12-31,58796,71264,8,0.9980785846710205
NeuMF,2013,2013-12-31,58796,87232,9,0.9979932308197021
NeuMF,2013,2013-12-31,58796,78499,10,0.9979798197746277
NeuMF,2013,2013-12-31,58920,1320,1,0.9996670484542847
NeuMF,2013,2013-12-31,58920,44665,2,0.9989124536514282
NeuMF,2013,2013-12-31,58920,49278,3,0.9987292885780334
NeuMF,2013,2013-12-31,58920,5903,4,0.9986710548400879
NeuMF,2013,2013-12-31,58920,110,5,0.9984557628631592
NeuMF,2013,2013-12-31,58920,316,6,0.9983750581741333
NeuMF,2013,2013-12-31,58920,173,7,0.9982292056083679
NeuMF,2013,2013-12-31,58920,2916,8,0.9979367256164551
NeuMF,2013,2013-12-31,58920,4878,9,0.9977620840072632
NeuMF,2013,2013-12-31,58920,480,10,0.9975023865699768
NeuMF,2013,2013-12-31,58955,55765,1,0.999371349811554
NeuMF,2013,2013-12-31,58955,48516,2,0.9990866184234619
NeuMF,2013,2013-12-31,58955,858,3,0.9988800883293152
NeuMF,2013,2013-12-31,58955,51662,4,0.9988197684288025
NeuMF,2013,2013-12-31,58955,58559,5,0.9987396597862244
NeuMF,2013,2013-12-31,58955,47099,6,0.9985876083374023
NeuMF,2013,2013-12-31,58955,60069,7,0.9985100626945496
NeuMF,2013,2013-12-31,58955,55820,8,0.9985083937644958
NeuMF,2013,2013-12-31,58955,49530,9,0.9980471134185791
NeuMF,2013,2013-12-31,58955,2329,10,0.9978742599487305
NeuMF,2013,2013-12-31,59051,2077,1,0.9993172883987427
NeuMF,2013,2013-12-31,59051,5685,2,0.9978159666061401
NeuMF,2013,2013-12-31,59051,2089,3,0.9976996779441833
NeuMF,2013,2013-12-31,59051,5081,4,0.997665286064148
NeuMF,2013,2013-12-31,59051,63992,5,0.9975334405899048
NeuMF,2013,2013-12-31,59051,67267,6,0.9974532723426819
NeuMF,2013,2013-12-31,59051,5446,7,0.9971417784690857
NeuMF,2013,2013-12-31,59051,7045,8,0.9968822002410889
NeuMF,2013,2013-12-31,59051,31,9,0.9965400695800781
NeuMF,2013,2013-12-31,59051,78772,10,0.9959220886230469
NeuMF,2013,2013-12-31,59096,38886,1,0.999976634979248
NeuMF,2013,2013-12-31,59096,60766,2,0.9999004602432251
NeuMF,2013,2013-12-31,59096,60333,3,0.9998972415924072
NeuMF,2013,2013-12-31,59096,74677,4,0.9996131062507629
NeuMF,2013,2013-12-31,59096,63082,5,0.9994516968727112
NeuMF,2013,2013-12-31,59096,50068,6,0.9993354678153992
NeuMF,2013,2013-12-31,59096,74916,7,0.9991959929466248
NeuMF,2013,2013-12-31,59096,81018,8,0.9991519451141357
NeuMF,2013,2013-12-31,59096,87304,9,0.9991113543510437
NeuMF,2013,2013-12-31,59096,81845,10,0.9989771842956543
NeuMF,2013,2013-12-31,59216,5995,1,0.9997263550758362
NeuMF,2013,2013-12-31,59216,79132,2,0.9996935129165649
NeuMF,2013,2013-12-31,59216,44555,3,0.9996637105941772
NeuMF,2013,2013-12-31,59216,5319,4,0.9993588328361511
NeuMF,2013,2013-12-31,59216,4878,5,0.9992594122886658
NeuMF,2013,2013-12-31,59216,1176,6,0.9991807341575623
NeuMF,2013,2013-12-31,59216,1172,7,0.9990901947021484
NeuMF,2013,2013-12-31,59216,475,8,0.9990406632423401
NeuMF,2013,2013-12-31,59216,4226,9,0.9990125894546509
NeuMF,2013,2013-12-31,59216,4967,10,0.9989445805549622
NeuMF,2013,2013-12-31,59335,268,1,0.9997196793556213
NeuMF,2013,2013-12-31,59335,55555,2,0.9994169473648071
NeuMF,2013,2013-12-31,59335,55094,3,0.9993762373924255
NeuMF,2013,2013-12-31,59335,299,4,0.9988528490066528
NeuMF,2013,2013-12-31,59335,1670,5,0.9985892176628113
NeuMF,2013,2013-12-31,59335,2425,6,0.9981666803359985
NeuMF,2013,2013-12-31,59335,27803,7,0.998136043548584
NeuMF,2013,2013-12-31,59335,49822,8,0.997677743434906
NeuMF,2013,2013-12-31,59335,2594,9,0.9975177049636841
NeuMF,2013,2013-12-31,59335,6286,10,0.9971309900283813
NeuMF,2013,2013-12-31,59364,81834,1,0.9984361529350281
NeuMF,2013,2013-12-31,59364,5418,2,0.9982253909111023
NeuMF,2013,2013-12-31,59364,1088,3,0.9981163740158081
NeuMF,2013,2013-12-31,59364,4246,4,0.9980282187461853
NeuMF,2013,2013-12-31,59364,72998,5,0.9979926347732544
NeuMF,2013,2013-12-31,59364,81845,6,0.9978466033935547
NeuMF,2013,2013-12-31,59364,4226,7,0.9976186156272888
NeuMF,2013,2013-12-31,59364,89745,8,0.9973345994949341
NeuMF,2013,2013-12-31,59364,4447,9,0.9972135424613953
NeuMF,2013,2013-12-31,59364,79132,10,0.997186005115509
NeuMF,2013,2013-12-31,59759,4878,1,0.9999589920043945
NeuMF,2013,2013-12-31,59759,5618,2,0.9998829364776611
NeuMF,2013,2013-12-31,59759,2959,3,0.9998700618743896
NeuMF,2013,2013-12-31,59759,8950,4,0.9998278617858887
NeuMF,2013,2013-12-31,59759,69951,5,0.9997978806495667
NeuMF,2013,2013-12-31,59759,7371,6,0.9995916485786438
NeuMF,2013,2013-12-31,59759,48774,7,0.9995854496955872
NeuMF,2013,2013-12-31,59759,74458,8,0.9995599389076233
NeuMF,2013,2013-12-31,59759,58559,9,0.9995452761650085
NeuMF,2013,2013-12-31,59759,61240,10,0.9995142221450806
NeuMF,2013,2013-12-31,59810,76251,1,0.9998494386672974
NeuMF,2013,2013-12-31,59810,87079,2,0.9996881484985352
NeuMF,2013,2013-12-31,59810,85412,3,0.9996683597564697
NeuMF,2013,2013-12-31,59810,94959,4,0.9996644258499146
NeuMF,2013,2013-12-31,59810,74275,5,0.9996225833892822
NeuMF,2013,2013-12-31,59810,66097,6,0.9995707869529724
NeuMF,2013,2013-12-31,59810,7371,7,0.9993652701377869
NeuMF,2013,2013-12-31,59810,85788,8,0.9993242025375366
NeuMF,2013,2013-12-31,59810,81932,9,0.9993194341659546
NeuMF,2013,2013-12-31,59810,72171,10,0.9991412162780762
NeuMF,2013,2013-12-31,59851,52319,1,0.9993219375610352
NeuMF,2013,2013-12-31,59851,48394,2,0.9992175102233887
NeuMF,2013,2013-12-31,59851,593,3,0.9991113543510437
NeuMF,2013,2013-12-31,59851,54286,4,0.998948872089386
NeuMF,2013,2013-12-31,59851,33171,5,0.9986943602561951
NeuMF,2013,2013-12-31,59851,54997,6,0.9986812472343445
NeuMF,2013,2013-12-31,59851,5300,7,0.998420238494873
NeuMF,2013,2013-12-31,59851,47491,8,0.9980910420417786
NeuMF,2013,2013-12-31,59851,2858,9,0.9977263808250427
NeuMF,2013,2013-12-31,59851,2951,10,0.9976348876953125
NeuMF,2013,2013-12-31,60211,322,1,0.9994221925735474
NeuMF,2013,2013-12-31,60211,290,2,0.9993394017219543
NeuMF,2013,2013-12-31,60211,6001,3,0.9992202520370483
NeuMF,2013,2013-12-31,60211,3706,4,0.9990829229354858
NeuMF,2013,2013-12-31,60211,3682,5,0.9987140893936157
NeuMF,2013,2013-12-31,60211,7215,6,0.9983980059623718
NeuMF,2013,2013-12-31,60211,702,7,0.9983150959014893
NeuMF,2013,2013-12-31,60211,6273,8,0.9982169270515442
NeuMF,2013,2013-12-31,60211,1202,9,0.998001754283905
NeuMF,2013,2013-12-31,60211,3741,10,0.9979023933410645
NeuMF,2013,2013-12-31,60251,3270,1,0.9995670914649963
NeuMF,2013,2013-12-31,60251,3360,2,0.9994275569915771
NeuMF,2013,2013-12-31,60251,2080,3,0.9991310238838196
NeuMF,2013,2013-12-31,60251,1302,4,0.999097466468811
NeuMF,2013,2013-12-31,60251,64614,5,0.9989895224571228
NeuMF,2013,2013-12-31,60251,72011,6,0.9989783763885498
NeuMF,2013,2013-12-31,60251,4993,7,0.9987857937812805
NeuMF,2013,2013-12-31,60251,63082,8,0.9987806677818298
NeuMF,2013,2013-12-31,60251,1721,9,0.9987552165985107
NeuMF,2013,2013-12-31,60251,1198,10,0.9987209439277649
NeuMF,2013,2013-12-31,60271,260,1,0.999812662601471
NeuMF,2013,2013-12-31,60271,1198,2,0.9994331002235413
NeuMF,2013,2013-12-31,60271,1270,3,0.9993367791175842
NeuMF,2013,2013-12-31,60271,858,4,0.9986048340797424
NeuMF,2013,2013-12-31,60271,1097,5,0.9984095692634583
NeuMF,2013,2013-12-31,60271,1136,6,0.997288703918457
NeuMF,2013,2013-12-31,60271,2571,7,0.9966463446617126
NeuMF,2013,2013-12-31,60271,1197,8,0.9963527917861938
NeuMF,2013,2013-12-31,60271,1291,9,0.9963175058364868
NeuMF,2013,2013-12-31,60271,1193,10,0.996171772480011
NeuMF,2013,2013-12-31,60283,71535,1,0.9996731281280518
NeuMF,2013,2013-12-31,60283,70286,2,0.9996040463447571
NeuMF,2013,2013-12-31,60283,541,3,0.999413013458252
NeuMF,2013,2013-12-31,60283,60684,4,0.9989012479782104
NeuMF,2013,2013-12-31,60283,61240,5,0.9986802935600281
NeuMF,2013,2013-12-31,60283,68237,6,0.9986059069633484
NeuMF,2013,2013-12-31,60283,86142,7,0.9985582232475281
NeuMF,2013,2013-12-31,60283,4553,8,0.9983822107315063
NeuMF,2013,2013-12-31,60283,89753,9,0.9983225464820862
NeuMF,2013,2013-12-31,60283,1245,10,0.9982559084892273
NeuMF,2013,2013-12-31,60459,6502,1,0.9999208450317383
NeuMF,2013,2013-12-31,60459,26662,2,0.9997492432594299
NeuMF,2013,2013-12-31,60459,48394,3,0.99965500831604
NeuMF,2013,2013-12-31,60459,8874,4,0.9995490908622742
NeuMF,2013,2013-12-31,60459,6857,5,0.999427318572998
NeuMF,2013,2013-12-31,60459,27317,6,0.9994173049926758
NeuMF,2013,2013-12-31,60459,2810,7,0.9993778467178345
NeuMF,2013,2013-12-31,60459,31878,8,0.9993317723274231
NeuMF,2013,2013-12-31,60459,33794,9,0.9991703033447266
NeuMF,2013,2013-12-31,60459,7099,10,0.9991280436515808
NeuMF,2013,2013-12-31,60530,2087,1,0.9995866417884827
NeuMF,2013,2013-12-31,60530,3698,2,0.9992683529853821
NeuMF,2013,2013-12-31,60530,3555,3,0.9990529417991638
NeuMF,2013,2013-12-31,60530,1270,4,0.9987541437149048
NeuMF,2013,2013-12-31,60530,1196,5,0.9984883069992065
NeuMF,2013,2013-12-31,60530,2085,6,0.9984843134880066
NeuMF,2013,2013-12-31,60530,2366,7,0.9983660578727722
NeuMF,2013,2013-12-31,60530,2018,8,0.9982888102531433
NeuMF,2013,2013-12-31,60530,2949,9,0.9982491731643677
NeuMF,2013,2013-12-31,60530,1198,10,0.9979676604270935
NeuMF,2013,2013-12-31,61284,49278,1,0.9997550845146179
NeuMF,2013,2013-12-31,61284,55908,2,0.9997521042823792
NeuMF,2013,2013-12-31,61284,74458,3,0.9995946288108826
NeuMF,2013,2013-12-31,61284,66371,4,0.9992262125015259
NeuMF,2013,2013-12-31,61284,8014,5,0.9989118576049805
NeuMF,2013,2013-12-31,61284,48774,6,0.9984232187271118
NeuMF,2013,2013-12-31,61284,6711,7,0.9980437755584717
NeuMF,2013,2013-12-31,61284,4973,8,0.9980369210243225
NeuMF,2013,2013-12-31,61284,5319,9,0.9978896975517273
NeuMF,2013,2013-12-31,61284,72011,10,0.997798502445221
NeuMF,2013,2013-12-31,61448,79132,1,0.9999828338623047
NeuMF,2013,2013-12-31,61448,59315,2,0.9999654293060303
NeuMF,2013,2013-12-31,61448,59369,3,0.9999368190765381
NeuMF,2013,2013-12-31,61448,59784,4,0.9998471736907959
NeuMF,2013,2013-12-31,61448,60069,5,0.9997732043266296
NeuMF,2013,2013-12-31,61448,3578,6,0.9997393488883972
NeuMF,2013,2013-12-31,61448,63082,7,0.9997045397758484
NeuMF,2013,2013-12-31,61448,73017,8,0.9996285438537598
NeuMF,2013,2013-12-31,61448,44,9,0.9996111989021301
NeuMF,2013,2013-12-31,61448,2571,10,0.9995759129524231
NeuMF,2013,2013-12-31,61505,81512,1,0.9999556541442871
NeuMF,2013,2013-12-31,61505,71535,2,0.9998266100883484
NeuMF,2013,2013-12-31,61505,73017,3,0.9996284246444702
NeuMF,2013,2013-12-31,61505,89470,4,0.9996261596679688
NeuMF,2013,2013-12-31,61505,76093,5,0.9995514750480652
NeuMF,2013,2013-12-31,61505,86880,6,0.9995299577713013
NeuMF,2013,2013-12-31,61505,74789,7,0.9994240999221802
NeuMF,2013,2013-12-31,61505,91976,8,0.9994118213653564
NeuMF,2013,2013-12-31,61505,74458,9,0.9993337988853455
NeuMF,2013,2013-12-31,61505,81591,10,0.9992615580558777
NeuMF,2013,2013-12-31,61604,5878,1,0.9995131492614746
NeuMF,2013,2013-12-31,61604,5952,2,0.9987517595291138
NeuMF,2013,2013-12-31,61604,2542,3,0.9985308647155762
NeuMF,2013,2013-12-31,61604,8530,4,0.9982051849365234
NeuMF,2013,2013-12-31,61604,81591,5,0.9978291392326355
NeuMF,2013,2013-12-31,61604,30707,6,0.9977758526802063
NeuMF,2013,2013-12-31,61604,4975,7,0.9970577955245972
NeuMF,2013,2013-12-31,61604,80463,8,0.9966679215431213
NeuMF,2013,2013-12-31,61604,5945,9,0.99661785364151
NeuMF,2013,2013-12-31,61604,2324,10,0.9964361190795898
NeuMF,2013,2013-12-31,61644,1178,1,0.9976919889450073
NeuMF,2013,2013-12-31,61644,3868,2,0.9975579977035522
NeuMF,2013,2013-12-31,61644,2730,3,0.9970316886901855
NeuMF,2013,2013-12-31,61644,4967,4,0.9964377880096436
NeuMF,2013,2013-12-31,61644,382,5,0.9963088631629944
NeuMF,2013,2013-12-31,61644,3869,6,0.99628746509552
NeuMF,2013,2013-12-31,61644,7089,7,0.996238112449646
NeuMF,2013,2013-12-31,61644,3551,8,0.9962329268455505
NeuMF,2013,2013-12-31,61644,3256,9,0.9960863590240479
NeuMF,2013,2013-12-31,61644,5060,10,0.9956547021865845
NeuMF,2013,2013-12-31,62226,89492,1,0.999870777130127
NeuMF,2013,2013-12-31,62226,87306,2,0.9998286962509155
NeuMF,2013,2013-12-31,62226,77561,3,0.9997701048851013
NeuMF,2013,2013-12-31,62226,87192,4,0.9997228980064392
NeuMF,2013,2013-12-31,62226,44191,5,0.9996968507766724
NeuMF,2013,2013-12-31,62226,90249,6,0.999416708946228
NeuMF,2013,2013-12-31,62226,89753,7,0.9992380142211914
NeuMF,2013,2013-12-31,62226,84152,8,0.9984986782073975
NeuMF,2013,2013-12-31,62226,3210,9,0.998343825340271
NeuMF,2013,2013-12-31,62226,5418,10,0.9981065988540649
NeuMF,2013,2013-12-31,62380,60514,1,0.9999871253967285
NeuMF,2013,2013-12-31,62380,37380,2,0.9999778270721436
NeuMF,2013,2013-12-31,62380,71254,3,0.9999657869338989
NeuMF,2013,2013-12-31,62380,49649,4,0.9999527931213379
NeuMF,2013,2013-12-31,62380,50162,5,0.9998701810836792
NeuMF,2013,2013-12-31,62380,78499,6,0.9998401403427124
NeuMF,2013,2013-12-31,62380,80615,7,0.999771773815155
NeuMF,2013,2013-12-31,62380,60516,8,0.9996452331542969
NeuMF,2013,2013-12-31,62380,6959,9,0.999640703201294
NeuMF,2013,2013-12-31,62380,60072,10,0.9992815852165222
NeuMF,2013,2013-12-31,62671,34153,1,0.9994951486587524
NeuMF,2013,2013-12-31,62671,6808,2,0.9989722967147827
NeuMF,2013,2013-12-31,62671,54997,3,0.998783528804779
NeuMF,2013,2013-12-31,62671,1080,4,0.9987806677818298
NeuMF,2013,2013-12-31,62671,52319,5,0.998544454574585
NeuMF,2013,2013-12-31,62671,34072,6,0.9984671473503113
NeuMF,2013,2013-12-31,62671,2109,7,0.9984188079833984
NeuMF,2013,2013-12-31,62671,6893,8,0.9983401298522949
NeuMF,2013,2013-12-31,62671,6807,9,0.9982911944389343
NeuMF,2013,2013-12-31,62671,1208,10,0.9980922341346741
NeuMF,2013,2013-12-31,63153,107,1,0.9995437264442444
NeuMF,2013,2013-12-31,63153,55999,2,0.998855471611023
NeuMF,2013,2013-12-31,63153,4973,3,0.9984689354896545
NeuMF,2013,2013-12-31,63153,56152,4,0.9977815747261047
NeuMF,2013,2013-12-31,63153,54732,5,0.9968457818031311
NeuMF,2013,2013-12-31,63153,54190,6,0.9965752959251404
NeuMF,2013,2013-12-31,63153,45517,7,0.9963927865028381
NeuMF,2013,2013-12-31,63153,63859,8,0.9963511228561401
NeuMF,2013,2013-12-31,63153,34405,9,0.9957326054573059
NeuMF,2013,2013-12-31,63153,5319,10,0.9950479865074158
NeuMF,2013,2013-12-31,63233,71535,1,0.9999926090240479
NeuMF,2013,2013-12-31,63233,76093,2,0.9999922513961792
NeuMF,2013,2013-12-31,63233,87232,3,0.9999892711639404
NeuMF,2013,2013-12-31,63233,90405,4,0.9999614953994751
NeuMF,2013,2013-12-31,63233,88744,5,0.9998900890350342
NeuMF,2013,2013-12-31,63233,85414,6,0.9998677968978882
NeuMF,2013,2013-12-31,63233,58559,7,0.9998019337654114
NeuMF,2013,2013-12-31,63233,68358,8,0.9996851682662964
NeuMF,2013,2013-12-31,63233,68157,9,0.999677300453186
NeuMF,2013,2013-12-31,63233,77561,10,0.999613344669342
NeuMF,2013,2013-12-31,63514,5530,1,0.9997982382774353
NeuMF,2013,2013-12-31,63514,6378,2,0.9997431635856628
NeuMF,2013,2013-12-31,63514,5171,3,0.999495267868042
NeuMF,2013,2013-12-31,63514,5400,4,0.9993882179260254
NeuMF,2013,2013-12-31,63514,4991,5,0.9993282556533813
NeuMF,2013,2013-12-31,63514,2662,6,0.9992664456367493
NeuMF,2013,2013-12-31,63514,5127,7,0.9990988969802856
NeuMF,2013,2013-12-31,63514,2311,8,0.9990849494934082
NeuMF,2013,2013-12-31,63514,5944,9,0.9990848302841187
NeuMF,2013,2013-12-31,63514,4901,10,0.999079704284668
NeuMF,2013,2013-12-31,63581,2959,1,0.9991660118103027
NeuMF,2013,2013-12-31,63581,2003,2,0.9990756511688232
NeuMF,2013,2013-12-31,63581,2706,3,0.9990733861923218
NeuMF,2013,2013-12-31,63581,70,4,0.9988337159156799
NeuMF,2013,2013-12-31,63581,2115,5,0.9988070726394653
NeuMF,2013,2013-12-31,63581,1320,6,0.9987084865570068
NeuMF,2013,2013-12-31,63581,1580,7,0.9986549615859985
NeuMF,2013,2013-12-31,63581,353,8,0.998532772064209
NeuMF,2013,2013-12-31,63581,1127,9,0.9985241293907166
NeuMF,2013,2013-12-31,63581,2858,10,0.9984660148620605
NeuMF,2013,2013-12-31,63935,53996,1,0.9999078512191772
NeuMF,2013,2013-12-31,63935,59315,2,0.9998482465744019
NeuMF,2013,2013-12-31,63935,54001,3,0.9998087286949158
NeuMF,2013,2013-12-31,63935,60069,4,0.9997442364692688
NeuMF,2013,2013-12-31,63935,40815,5,0.999536395072937
NeuMF,2013,2013-12-31,63935,37830,6,0.9994138479232788
NeuMF,2013,2013-12-31,63935,51662,7,0.9993792772293091
NeuMF,2013,2013-12-31,63935,58559,8,0.9993671774864197
NeuMF,2013,2013-12-31,63935,31878,9,0.9992678761482239
NeuMF,2013,2013-12-31,63935,27660,10,0.9991218447685242
NeuMF,2013,2013-12-31,64360,7034,1,0.9994920492172241
NeuMF,2013,2013-12-31,64360,48783,2,0.9984080195426941
NeuMF,2013,2013-12-31,64360,47200,3,0.9973485469818115
NeuMF,2013,2013-12-31,64360,50068,4,0.9963197708129883
NeuMF,2013,2013-12-31,64360,1178,5,0.9952164888381958
NeuMF,2013,2013-12-31,64360,42632,6,0.9943417310714722
NeuMF,2013,2013-12-31,64360,7981,7,0.9940389394760132
NeuMF,2013,2013-12-31,64360,4239,8,0.9933813810348511
NeuMF,2013,2013-12-31,64360,5319,9,0.9933551549911499
NeuMF,2013,2013-12-31,64360,836,10,0.9932088255882263
NeuMF,2013,2013-12-31,64440,4336,1,0.999123752117157
NeuMF,2013,2013-12-31,64440,23,2,0.9989809393882751
NeuMF,2013,2013-12-31,64440,3706,3,0.9989383816719055
NeuMF,2013,2013-12-31,64440,3266,4,0.9986903071403503
NeuMF,2013,2013-12-31,64440,4407,5,0.997735857963562
NeuMF,2013,2013-12-31,64440,6870,6,0.9973841309547424
NeuMF,2013,2013-12-31,64440,4855,7,0.9971175193786621
NeuMF,2013,2013-12-31,64440,7022,8,0.9971109628677368
NeuMF,2013,2013-12-31,64440,27408,9,0.9970226883888245
NeuMF,2013,2013-12-31,64440,1354,10,0.9968299269676208
NeuMF,2013,2013-12-31,65041,86833,1,0.999982476234436
NeuMF,2013,2013-12-31,65041,66665,2,0.9999818801879883
NeuMF,2013,2013-12-31,65041,72226,3,0.9997346997261047
NeuMF,2013,2013-12-31,65041,55830,4,0.9997163414955139
NeuMF,2013,2013-12-31,65041,70984,5,0.9996408224105835
NeuMF,2013,2013-12-31,65041,67734,6,0.9996170997619629
NeuMF,2013,2013-12-31,65041,3112,7,0.9995386600494385
NeuMF,2013,2013-12-31,65041,55442,8,0.999174177646637
NeuMF,2013,2013-12-31,65041,78836,9,0.9989569187164307
NeuMF,2013,2013-12-31,65041,2772,10,0.9987165927886963
NeuMF,2013,2013-12-31,65388,81845,1,0.9993125200271606
NeuMF,2013,2013-12-31,65388,2858,2,0.9988487958908081
NeuMF,2013,2013-12-31,65388,1246,3,0.9987021684646606
NeuMF,2013,2013-12-31,65388,50,4,0.9983598589897156
NeuMF,2013,2013-12-31,65388,1198,5,0.9977992177009583
NeuMF,2013,2013-12-31,65388,2324,6,0.9977220892906189
NeuMF,2013,2013-12-31,65388,7361,7,0.9973047971725464
NeuMF,2013,2013-12-31,65388,1193,8,0.997295081615448
NeuMF,2013,2013-12-31,65388,1357,9,0.9965049028396606
NeuMF,2013,2013-12-31,65388,7669,10,0.9961485862731934
NeuMF,2013,2013-12-31,65680,6874,1,0.9990639090538025
NeuMF,2013,2013-12-31,65680,7438,2,0.999051034450531
NeuMF,2013,2013-12-31,65680,48516,3,0.9986155033111572
NeuMF,2013,2013-12-31,65680,5995,4,0.9980491399765015
NeuMF,2013,2013-12-31,65680,91658,5,0.9979652166366577
NeuMF,2013,2013-12-31,65680,80906,6,0.9978086352348328
NeuMF,2013,2013-12-31,65680,40148,7,0.9974797368049622
NeuMF,2013,2013-12-31,65680,44191,8,0.9969480633735657
NeuMF,2013,2013-12-31,65680,27831,9,0.9967578053474426
NeuMF,2013,2013-12-31,65680,1089,10,0.9959853291511536
NeuMF,2013,2013-12-31,65996,72378,1,0.9998078942298889
NeuMF,2013,2013-12-31,65996,56775,2,0.9994138479232788
NeuMF,2013,2013-12-31,65996,91630,3,0.9991264939308167
NeuMF,2013,2013-12-31,65996,64497,4,0.9990569949150085
NeuMF,2013,2013-12-31,65996,3257,5,0.999049961566925
NeuMF,2013,2013-12-31,65996,4254,6,0.9989370703697205
NeuMF,2013,2013-12-31,65996,485,7,0.9980536699295044
NeuMF,2013,2013-12-31,65996,552,8,0.9976327419281006
NeuMF,2013,2013-12-31,65996,1320,9,0.9975085258483887
NeuMF,2013,2013-12-31,65996,59315,10,0.99747234582901
NeuMF,2013,2013-12-31,66098,3988,1,0.9999758005142212
NeuMF,2013,2013-12-31,66098,239,2,0.9999421834945679
NeuMF,2013,2013-12-31,66098,5066,3,0.9999291896820068
NeuMF,2013,2013-12-31,66098,4366,4,0.9999001026153564
NeuMF,2013,2013-12-31,66098,3990,5,0.9998685121536255
NeuMF,2013,2013-12-31,66098,4090,6,0.9998602867126465
NeuMF,2013,2013-12-31,66098,709,7,0.9998384714126587
NeuMF,2013,2013-12-31,66098,3439,8,0.9997846484184265
NeuMF,2013,2013-12-31,66098,1566,9,0.9996819496154785
NeuMF,2013,2013-12-31,66098,1367,10,0.999627947807312
NeuMF,2013,2013-12-31,66193,48231,1,0.9999001026153564
NeuMF,2013,2013-12-31,66193,26840,2,0.9997047781944275
NeuMF,2013,2013-12-31,66193,7981,3,0.9994626641273499
NeuMF,2013,2013-12-31,66193,61236,4,0.9994126558303833
NeuMF,2013,2013-12-31,66193,41527,5,0.9993863105773926
NeuMF,2013,2013-12-31,66193,6502,6,0.9990559220314026
NeuMF,2013,2013-12-31,66193,4741,7,0.9990293979644775
NeuMF,2013,2013-12-31,66193,2360,8,0.9989928603172302
NeuMF,2013,2013-12-31,66193,79132,9,0.9989757537841797
NeuMF,2013,2013-12-31,66193,34148,10,0.9988246560096741
NeuMF,2013,2013-12-31,66277,1350,1,0.9995933175086975
NeuMF,2013,2013-12-31,66277,4677,2,0.9988555908203125
NeuMF,2013,2013-12-31,66277,6663,3,0.998773992061615
NeuMF,2013,2013-12-31,66277,1086,4,0.9975321292877197
NeuMF,2013,2013-12-31,66277,7022,5,0.9974727034568787
NeuMF,2013,2013-12-31,66277,1343,6,0.9974499344825745
NeuMF,2013,2013-12-31,66277,3020,7,0.9973306655883789
NeuMF,2013,2013-12-31,66277,2178,8,0.9971885085105896
NeuMF,2013,2013-12-31,66277,2729,9,0.9971605539321899
NeuMF,2013,2013-12-31,66277,1193,10,0.9966306090354919
NeuMF,2013,2013-12-31,66630,4291,1,0.9990704655647278
NeuMF,2013,2013-12-31,66630,1042,2,0.9984412789344788
NeuMF,2013,2013-12-31,66630,5991,3,0.9984123706817627
NeuMF,2013,2013-12-31,66630,2803,4,0.9983661770820618
NeuMF,2013,2013-12-31,66630,6765,5,0.998075008392334
NeuMF,2013,2013-12-31,66630,1271,6,0.9980376362800598
NeuMF,2013,2013-12-31,66630,2724,7,0.9979066848754883
NeuMF,2013,2013-12-31,66630,3255,8,0.9978506565093994
NeuMF,2013,2013-12-31,66630,203,9,0.997529923915863
NeuMF,2013,2013-12-31,66630,4587,10,0.9972935318946838
NeuMF,2013,2013-12-31,66646,58559,1,0.9997206330299377
NeuMF,2013,2013-12-31,66646,51255,2,0.9996644258499146
NeuMF,2013,2013-12-31,66646,44191,3,0.9989312291145325
NeuMF,2013,2013-12-31,66646,3000,4,0.9987189769744873
NeuMF,2013,2013-12-31,66646,59315,5,0.9985678195953369
NeuMF,2013,2013-12-31,66646,741,6,0.9985182881355286
NeuMF,2013,2013-12-31,66646,170,7,0.9983129501342773
NeuMF,2013,2013-12-31,66646,59369,8,0.9981173276901245
NeuMF,2013,2013-12-31,66646,1274,9,0.9974875450134277
NeuMF,2013,2013-12-31,66646,55820,10,0.9973847270011902
NeuMF,2013,2013-12-31,66749,69481,1,0.9999233484268188
NeuMF,2013,2013-12-31,66749,72011,2,0.9999152421951294
NeuMF,2013,2013-12-31,66749,48516,3,0.9999035596847534
NeuMF,2013,2013-12-31,66749,64614,4,0.9997679591178894
NeuMF,2013,2013-12-31,66749,85414,5,0.9996024966239929
NeuMF,2013,2013-12-31,66749,84392,6,0.9993706345558167
NeuMF,2013,2013-12-31,66749,49272,7,0.9993208646774292
NeuMF,2013,2013-12-31,66749,78499,8,0.9992009997367859
NeuMF,2013,2013-12-31,66749,81932,9,0.998931348323822
NeuMF,2013,2013-12-31,66749,88129,10,0.9987416863441467
NeuMF,2013,2013-12-31,67081,1962,1,0.9999057054519653
NeuMF,2013,2013-12-31,67081,1721,2,0.9997515082359314
NeuMF,2013,2013-12-31,67081,1955,3,0.9997429251670837
NeuMF,2013,2013-12-31,67081,2803,4,0.9997097849845886
NeuMF,2013,2013-12-31,67081,1704,5,0.9996001124382019
NeuMF,2013,2013-12-31,67081,1357,6,0.9995162487030029
NeuMF,2013,2013-12-31,67081,3256,7,0.9994901418685913
NeuMF,2013,2013-12-31,67081,2762,8,0.9994476437568665
NeuMF,2013,2013-12-31,67081,1198,9,0.9994004964828491
NeuMF,2013,2013-12-31,67081,1784,10,0.9993975162506104
NeuMF,2013,2013-12-31,67298,7766,1,0.9997819066047668
NeuMF,2013,2013-12-31,67298,3091,2,0.9992480874061584
NeuMF,2013,2013-12-31,67298,7925,3,0.9988974332809448
NeuMF,2013,2013-12-31,67298,8861,4,0.9983586668968201
NeuMF,2013,2013-12-31,67298,1217,5,0.9968223571777344
NeuMF,2013,2013-12-31,67298,47997,6,0.9965732097625732
NeuMF,2013,2013-12-31,67298,5417,7,0.9958617687225342
NeuMF,2013,2013-12-31,67298,61026,8,0.9957322478294373
NeuMF,2013,2013-12-31,67298,6776,9,0.995708703994751
NeuMF,2013,2013-12-31,67298,5319,10,0.9956725835800171
NeuMF,2013,2013-12-31,67494,3869,1,0.9990631937980652
NeuMF,2013,2013-12-31,67494,54503,2,0.9987346529960632
NeuMF,2013,2013-12-31,67494,4679,3,0.9985785484313965
NeuMF,2013,2013-12-31,67494,3556,4,0.9983384609222412
NeuMF,2013,2013-12-31,67494,319,5,0.9979857206344604
NeuMF,2013,2013-12-31,67494,79428,6,0.9975305199623108
NeuMF,2013,2013-12-31,67494,1202,7,0.9974424839019775
NeuMF,2013,2013-12-31,67494,76293,8,0.9965618252754211
NeuMF,2013,2013-12-31,67494,1884,9,0.9965434670448303
NeuMF,2013,2013-12-31,67494,61323,10,0.9964943528175354
NeuMF,2013,2013-12-31,68004,44555,1,0.9998718500137329
NeuMF,2013,2013-12-31,68004,4973,2,0.9998677968978882
NeuMF,2013,2013-12-31,68004,79132,3,0.9997683167457581
NeuMF,2013,2013-12-31,68004,6016,4,0.9997519850730896
NeuMF,2013,2013-12-31,68004,4226,5,0.999609649181366
NeuMF,2013,2013-12-31,68004,318,6,0.9995409250259399
NeuMF,2013,2013-12-31,68004,63082,7,0.999488115310669
NeuMF,2013,2013-12-31,68004,55247,8,0.9994188547134399
NeuMF,2013,2013-12-31,68004,778,9,0.999363124370575
NeuMF,2013,2013-12-31,68004,1193,10,0.9993461966514587
NeuMF,2013,2013-12-31,68087,7380,1,0.9997001886367798
NeuMF,2013,2013-12-31,68087,219,2,0.9996567964553833
NeuMF,2013,2013-12-31,68087,56152,3,0.9996103644371033
NeuMF,2013,2013-12-31,68087,38,4,0.9995895028114319
NeuMF,2013,2013-12-31,68087,1271,5,0.9995850920677185
NeuMF,2013,2013-12-31,68087,262,6,0.999546468257904
NeuMF,2013,2013-12-31,68087,4014,7,0.9991625547409058
NeuMF,2013,2013-12-31,68087,6619,8,0.9989688396453857
NeuMF,2013,2013-12-31,68087,2059,9,0.998923122882843
NeuMF,2013,2013-12-31,68087,1873,10,0.9987941980361938
NeuMF,2013,2013-12-31,68097,4979,1,0.9996887445449829
NeuMF,2013,2013-12-31,68097,51255,2,0.9996106028556824
NeuMF,2013,2013-12-31,68097,5618,3,0.9994533658027649
NeuMF,2013,2013-12-31,68097,91622,4,0.9990460276603699
NeuMF,2013,2013-12-31,68097,2542,5,0.9985894560813904
NeuMF,2013,2013-12-31,68097,3949,6,0.9982472658157349
NeuMF,2013,2013-12-31,68097,6807,7,0.9982390403747559
NeuMF,2013,2013-12-31,68097,6618,8,0.9981656670570374
NeuMF,2013,2013-12-31,68097,6502,9,0.9981028437614441
NeuMF,2013,2013-12-31,68097,1206,10,0.9979865550994873
NeuMF,2013,2013-12-31,68102,48516,1,0.9990465044975281
NeuMF,2013,2013-12-31,68102,30749,2,0.99897301197052
NeuMF,2013,2013-12-31,68102,5995,3,0.9987854361534119
NeuMF,2013,2013-12-31,68102,8254,4,0.9985735416412354
NeuMF,2013,2013-12-31,68102,593,5,0.9975861310958862
NeuMF,2013,2013-12-31,68102,858,6,0.9975835084915161
NeuMF,2013,2013-12-31,68102,1354,7,0.9975289702415466
NeuMF,2013,2013-12-31,68102,31,8,0.997060239315033
NeuMF,2013,2013-12-31,68102,48738,9,0.9966379404067993
NeuMF,2013,2013-12-31,68102,5878,10,0.9964098334312439
NeuMF,2013,2013-12-31,68103,5265,1,0.999257504940033
NeuMF,2013,2013-12-31,68103,4898,2,0.9987474679946899
NeuMF,2013,2013-12-31,68103,4558,3,0.9985912442207336
NeuMF,2013,2013-12-31,68103,4068,4,0.9981295466423035
NeuMF,2013,2013-12-31,68103,2318,5,0.9980758428573608
NeuMF,2013,2013-12-31,68103,324,6,0.9980093836784363
NeuMF,2013,2013-12-31,68103,835,7,0.9980005621910095
NeuMF,2013,2013-12-31,68103,1816,8,0.9977840781211853
NeuMF,2013,2013-12-31,68103,4242,9,0.9976323843002319
NeuMF,2013,2013-12-31,68103,2718,10,0.9975131750106812
NeuMF,2013,2013-12-31,68445,81591,1,0.9997701048851013
NeuMF,2013,2013-12-31,68445,6975,2,0.9993452429771423
NeuMF,2013,2013-12-31,68445,71579,3,0.9988465309143066
NeuMF,2013,2013-12-31,68445,81791,4,0.998454213142395
NeuMF,2013,2013-12-31,68445,319,5,0.9980180263519287
NeuMF,2013,2013-12-31,68445,4833,6,0.9978461265563965
NeuMF,2013,2013-12-31,68445,72011,7,0.9977959394454956
NeuMF,2013,2013-12-31,68445,4979,8,0.9976843595504761
NeuMF,2013,2013-12-31,68445,4848,9,0.997435986995697
NeuMF,2013,2013-12-31,68445,68848,10,0.9974060654640198
NeuMF,2013,2013-12-31,68639,4329,1,0.9991820454597473
NeuMF,2013,2013-12-31,68639,4338,2,0.9987873435020447
NeuMF,2013,2013-12-31,68639,6650,3,0.9985308647155762
NeuMF,2013,2013-12-31,68639,3188,4,0.9965369701385498
NeuMF,2013,2013-12-31,68639,3618,5,0.9963765740394592
NeuMF,2013,2013-12-31,68639,2881,6,0.995591938495636
NeuMF,2013,2013-12-31,68639,3090,7,0.9954267144203186
NeuMF,2013,2013-12-31,68639,44694,8,0.9953045845031738
NeuMF,2013,2013-12-31,68639,5034,9,0.9950717091560364
NeuMF,2013,2013-12-31,68639,6534,10,0.9946346282958984
NeuMF,2013,2013-12-31,68722,89745,1,0.9998989105224609
NeuMF,2013,2013-12-31,68722,59315,2,0.9998352527618408
NeuMF,2013,2013-12-31,68722,71135,3,0.9998137354850769
NeuMF,2013,2013-12-31,68722,61248,4,0.9997817873954773
NeuMF,2013,2013-12-31,68722,63113,5,0.9997450709342957
NeuMF,2013,2013-12-31,68722,54736,6,0.9996819496154785
NeuMF,2013,2013-12-31,68722,60040,7,0.999634861946106
NeuMF,2013,2013-12-31,68722,68237,8,0.9995267391204834
NeuMF,2013,2013-12-31,68722,79091,9,0.9994346499443054
NeuMF,2013,2013-12-31,68722,45517,10,0.9993675351142883
NeuMF,2013,2013-12-31,68776,262,1,0.9999477863311768
NeuMF,2013,2013-12-31,68776,2237,2,0.9997232556343079
NeuMF,2013,2013-12-31,68776,613,3,0.9992706179618835
NeuMF,2013,2013-12-31,68776,7075,4,0.9990791082382202
NeuMF,2013,2013-12-31,68776,44004,5,0.9987537860870361
NeuMF,2013,2013-12-31,68776,38994,6,0.9986758828163147
NeuMF,2013,2013-12-31,68776,1397,7,0.9985167384147644
NeuMF,2013,2013-12-31,68776,89470,8,0.9984101057052612
NeuMF,2013,2013-12-31,68776,1012,9,0.9983164072036743
NeuMF,2013,2013-12-31,68776,33437,10,0.9981561303138733
NeuMF,2013,2013-12-31,68805,1022,1,0.9932189583778381
NeuMF,2013,2013-12-31,68805,595,2,0.9883761405944824
NeuMF,2013,2013-12-31,68805,531,3,0.98829585313797
NeuMF,2013,2013-12-31,68805,2085,4,0.9873462319374084
NeuMF,2013,2013-12-31,68805,74089,5,0.9866950511932373
NeuMF,2013,2013-12-31,68805,262,6,0.9855450987815857
NeuMF,2013,2013-12-31,68805,2080,7,0.9852146506309509
NeuMF,2013,2013-12-31,68805,2087,8,0.9848918914794922
NeuMF,2013,2013-12-31,68805,51471,9,0.9846940040588379
NeuMF,2013,2013-12-31,68805,1028,10,0.9842102527618408
NeuMF,2013,2013-12-31,68855,3030,1,0.9998756647109985
NeuMF,2013,2013-12-31,68855,2019,2,0.9993615746498108
NeuMF,2013,2013-12-31,68855,1252,3,0.9992501139640808
NeuMF,2013,2013-12-31,68855,1217,4,0.9991990923881531
NeuMF,2013,2013-12-31,68855,3091,5,0.9991737008094788
NeuMF,2013,2013-12-31,68855,26082,6,0.9991511106491089
NeuMF,2013,2013-12-31,68855,2951,7,0.9986326098442078
NeuMF,2013,2013-12-31,68855,3089,8,0.9985576272010803
NeuMF,2013,2013-12-31,68855,7587,9,0.9982509016990662
NeuMF,2013,2013-12-31,68855,27722,10,0.9979591369628906
NeuMF,2013,2013-12-31,69043,7323,1,0.99980229139328
NeuMF,2013,2013-12-31,69043,4878,2,0.999795138835907
NeuMF,2013,2013-12-31,69043,5618,3,0.9996616840362549
NeuMF,2013,2013-12-31,69043,30810,4,0.9994055032730103
NeuMF,2013,2013-12-31,69043,60950,5,0.9990832805633545
NeuMF,2013,2013-12-31,69043,27773,6,0.9990552067756653
NeuMF,2013,2013-12-31,69043,48394,7,0.9989235997200012
NeuMF,2013,2013-12-31,69043,6016,8,0.9985623955726624
NeuMF,2013,2013-12-31,69043,5952,9,0.9984591007232666
NeuMF,2013,2013-12-31,69043,7460,10,0.9977439641952515
NeuMF,2013,2013-12-31,69148,58559,1,0.9997932314872742
NeuMF,2013,2013-12-31,69148,60069,2,0.9997197985649109
NeuMF,2013,2013-12-31,69148,68358,3,0.9996618032455444
NeuMF,2013,2013-12-31,69148,79132,4,0.9994332194328308
NeuMF,2013,2013-12-31,69148,78499,5,0.9994156360626221
NeuMF,2013,2013-12-31,69148,66097,6,0.9991993308067322
NeuMF,2013,2013-12-31,69148,63082,7,0.9991003274917603
NeuMF,2013,2013-12-31,69148,66934,8,0.9990129470825195
NeuMF,2013,2013-12-31,69148,68237,9,0.9989797472953796
NeuMF,2013,2013-12-31,69148,81564,10,0.998770534992218
NeuMF,2013,2013-12-31,69152,55269,1,0.9996218681335449
NeuMF,2013,2013-12-31,69152,5900,2,0.9994345307350159
NeuMF,2013,2013-12-31,69152,7173,3,0.9988413453102112
NeuMF,2013,2013-12-31,69152,4448,4,0.998763918876648
NeuMF,2013,2013-12-31,69152,89492,5,0.998582124710083
NeuMF,2013,2013-12-31,69152,3814,6,0.9984425902366638
NeuMF,2013,2013-12-31,69152,3007,7,0.9984272718429565
NeuMF,2013,2013-12-31,69152,56607,8,0.9983682036399841
NeuMF,2013,2013-12-31,69152,86882,9,0.9982767105102539
NeuMF,2013,2013-12-31,69152,71466,10,0.9980915188789368
NeuMF,2013,2013-12-31,69401,71248,1,0.9992550015449524
NeuMF,2013,2013-12-31,69401,4799,2,0.9992425441741943
NeuMF,2013,2013-12-31,69401,2072,3,0.9990643858909607
NeuMF,2013,2013-12-31,69401,69306,4,0.99788898229599
NeuMF,2013,2013-12-31,69401,76077,5,0.9975488781929016
NeuMF,2013,2013-12-31,69401,1091,6,0.9965232610702515
NeuMF,2013,2013-12-31,69401,33677,7,0.9963924288749695
NeuMF,2013,2013-12-31,69401,72011,8,0.9962634444236755
NeuMF,2013,2013-12-31,69401,2259,9,0.9960171580314636
NeuMF,2013,2013-12-31,69401,3478,10,0.9958934783935547
NeuMF,2013,2013-12-31,69604,27831,1,0.9987878203392029
NeuMF,2013,2013-12-31,69604,42718,2,0.9983585476875305
NeuMF,2013,2013-12-31,69604,48997,3,0.9982964396476746
NeuMF,2013,2013-12-31,69604,2951,4,0.9981263279914856
NeuMF,2013,2013-12-31,69604,51540,5,0.9981163740158081
NeuMF,2013,2013-12-31,69604,33437,6,0.9979958534240723
NeuMF,2013,2013-12-31,69604,6662,7,0.997776448726654
NeuMF,2013,2013-12-31,69604,1097,8,0.9968336224555969
NeuMF,2013,2013-12-31,69604,7980,9,0.9962950348854065
NeuMF,2013,2013-12-31,69604,1241,10,0.9961622953414917
NeuMF,2013,2013-12-31,69790,390,1,0.999494194984436
NeuMF,2013,2013-12-31,69790,3726,2,0.9988381266593933
NeuMF,2013,2013-12-31,69790,56782,3,0.9986913800239563
NeuMF,2013,2013-12-31,69790,6645,4,0.9984418749809265
NeuMF,2013,2013-12-31,69790,6774,5,0.9983922839164734
NeuMF,2013,2013-12-31,69790,55276,6,0.9978943467140198
NeuMF,2013,2013-12-31,69790,904,7,0.9968569278717041
NeuMF,2013,2013-12-31,69790,8880,8,0.9966914653778076
NeuMF,2013,2013-12-31,69790,50872,9,0.9966272115707397
NeuMF,2013,2013-12-31,69790,53972,10,0.9963780045509338
NeuMF,2013,2013-12-31,69815,62434,1,0.9990637898445129
NeuMF,2013,2013-12-31,69815,4054,2,0.9989105463027954
NeuMF,2013,2013-12-31,69815,2420,3,0.9983789920806885
NeuMF,2013,2013-12-31,69815,2145,4,0.9977868795394897
NeuMF,2013,2013-12-31,69815,4816,5,0.9976130723953247
NeuMF,2013,2013-12-31,69815,59900,6,0.9971087574958801
NeuMF,2013,2013-12-31,69815,7366,7,0.9967954754829407
NeuMF,2013,2013-12-31,69815,56775,8,0.9963390827178955
NeuMF,2013,2013-12-31,69815,61729,9,0.9959810972213745
NeuMF,2013,2013-12-31,69815,8911,10,0.9952746629714966
NeuMF,2013,2013-12-31,69902,82461,1,0.9998615980148315
NeuMF,2013,2013-12-31,69902,79132,2,0.9998538494110107
NeuMF,2013,2013-12-31,69902,65261,3,0.9998397827148438
NeuMF,2013,2013-12-31,69902,5690,4,0.9997827410697937
NeuMF,2013,2013-12-31,69902,90405,5,0.999580442905426
NeuMF,2013,2013-12-31,69902,68791,6,0.9994889497756958
NeuMF,2013,2013-12-31,69902,6350,7,0.9994151592254639
NeuMF,2013,2013-12-31,69902,85510,8,0.9994062185287476
NeuMF,2013,2013-12-31,69902,55908,9,0.9990027546882629
NeuMF,2013,2013-12-31,69902,87520,10,0.9988746047019958
NeuMF,2013,2013-12-31,69931,7173,1,0.9990166425704956
NeuMF,2013,2013-12-31,69931,6705,2,0.9989743232727051
NeuMF,2013,2013-12-31,69931,33004,3,0.9988811612129211
NeuMF,2013,2013-12-31,69931,724,4,0.9988418221473694
NeuMF,2013,2013-12-31,69931,33794,5,0.9988139867782593
NeuMF,2013,2013-12-31,69931,87,6,0.9987817406654358
NeuMF,2013,2013-12-31,69931,2797,7,0.9983912110328674
NeuMF,2013,2013-12-31,69931,8464,8,0.9981632828712463
NeuMF,2013,2013-12-31,69931,8533,9,0.9981497526168823
NeuMF,2013,2013-12-31,69931,45431,10,0.9979792237281799
NeuMF,2013,2013-12-31,70117,58306,1,0.9993103742599487
NeuMF,2013,2013-12-31,70117,61236,2,0.9992200136184692
NeuMF,2013,2013-12-31,70117,63072,3,0.9985730648040771
NeuMF,2013,2013-12-31,70117,8576,4,0.9984201192855835
NeuMF,2013,2013-12-31,70117,55442,5,0.998206377029419
NeuMF,2013,2013-12-31,70117,71466,6,0.9979566335678101
NeuMF,2013,2013-12-31,70117,85414,7,0.9978317618370056
NeuMF,2013,2013-12-31,70117,55290,8,0.9973764419555664
NeuMF,2013,2013-12-31,70117,47629,9,0.997336208820343
NeuMF,2013,2013-12-31,70117,5628,10,0.9963984489440918
NeuMF,2013,2013-12-31,70324,79091,1,0.9986569881439209
NeuMF,2013,2013-12-31,70324,67267,2,0.9985033273696899
NeuMF,2013,2013-12-31,70324,63082,3,0.9983202815055847
NeuMF,2013,2013-12-31,70324,76251,4,0.9982471466064453
NeuMF,2013,2013-12-31,70324,66097,5,0.9977961778640747
NeuMF,2013,2013-12-31,70324,69122,6,0.9972456693649292
NeuMF,2013,2013-12-31,70324,45728,7,0.9970314502716064
NeuMF,2013,2013-12-31,70324,87232,8,0.996024489402771
NeuMF,2013,2013-12-31,70324,85881,9,0.9955599308013916
NeuMF,2013,2013-12-31,70324,8636,10,0.9945734143257141
NeuMF,2013,2013-12-31,70382,720,1,0.9996694326400757
NeuMF,2013,2013-12-31,70382,661,2,0.999527096748352
NeuMF,2013,2013-12-31,70382,1025,3,0.9995100498199463
NeuMF,2013,2013-12-31,70382,1023,4,0.9994220733642578
NeuMF,2013,2013-12-31,70382,2048,5,0.9993569254875183
NeuMF,2013,2013-12-31,70382,107,6,0.9993512034416199
NeuMF,2013,2013-12-31,70382,1713,7,0.9992730021476746
NeuMF,2013,2013-12-31,70382,745,8,0.9991391897201538
NeuMF,2013,2013-12-31,70382,2087,9,0.9988481998443604
NeuMF,2013,2013-12-31,70382,595,10,0.9988420605659485
NeuMF,2013,2013-12-31,70667,55069,1,0.99977046251297
NeuMF,2013,2013-12-31,70667,1952,2,0.9996683597564697
NeuMF,2013,2013-12-31,70667,2361,3,0.9995521903038025
NeuMF,2013,2013-12-31,70667,82459,4,0.9994121789932251
NeuMF,2013,2013-12-31,70667,8645,5,0.9993749260902405
NeuMF,2013,2013-12-31,70667,33154,6,0.9990729093551636
NeuMF,2013,2013-12-31,70667,750,7,0.9989946484565735
NeuMF,2013,2013-12-31,70667,8228,8,0.9989410042762756
NeuMF,2013,2013-12-31,70667,1080,9,0.9988377690315247
NeuMF,2013,2013-12-31,70667,1209,10,0.998822033405304
NeuMF,2013,2013-12-31,70819,5952,1,0.9992250204086304
NeuMF,2013,2013-12-31,70819,30749,2,0.9991137385368347
NeuMF,2013,2013-12-31,70819,49530,3,0.9988675117492676
NeuMF,2013,2013-12-31,70819,44191,4,0.9986245632171631
NeuMF,2013,2013-12-31,70819,4993,5,0.998608410358429
NeuMF,2013,2013-12-31,70819,52319,6,0.9985454082489014
NeuMF,2013,2013-12-31,70819,55721,7,0.9983281493186951
NeuMF,2013,2013-12-31,70819,44665,8,0.9982848763465881
NeuMF,2013,2013-12-31,70819,4973,9,0.9982630610466003
NeuMF,2013,2013-12-31,70819,79132,10,0.9979754090309143
NeuMF,2013,2013-12-31,70862,356,1,0.9992479681968689
NeuMF,2013,2013-12-31,70862,457,2,0.9986003041267395
NeuMF,2013,2013-12-31,70862,1092,3,0.9980194568634033
NeuMF,2013,2013-12-31,70862,593,4,0.9974007606506348
NeuMF,2013,2013-12-31,70862,491,5,0.9973353743553162
NeuMF,2013,2013-12-31,70862,110,6,0.9973190426826477
NeuMF,2013,2013-12-31,70862,381,7,0.996681272983551
NeuMF,2013,2013-12-31,70862,480,8,0.9959670305252075
NeuMF,2013,2013-12-31,70862,150,9,0.9959197044372559
NeuMF,2013,2013-12-31,70862,50,10,0.9955801367759705
NeuMF,2013,2013-12-31,70973,6898,1,0.9996535778045654
NeuMF,2013,2013-12-31,70973,55442,2,0.999428927898407
NeuMF,2013,2013-12-31,70973,41285,3,0.9994238615036011
NeuMF,2013,2013-12-31,70973,55118,4,0.9994183778762817
NeuMF,2013,2013-12-31,70973,53447,5,0.9993933439254761
NeuMF,2013,2013-12-31,70973,6890,6,0.9993864297866821
NeuMF,2013,2013-12-31,70973,27266,7,0.9991200566291809
NeuMF,2013,2013-12-31,70973,3462,8,0.9991022348403931
NeuMF,2013,2013-12-31,70973,56339,9,0.9989234805107117
NeuMF,2013,2013-12-31,70973,53161,10,0.9987849593162537
NeuMF,2013,2013-12-31,71040,62999,1,0.9999586343765259
NeuMF,2013,2013-12-31,71040,78499,2,0.9998831748962402
NeuMF,2013,2013-12-31,71040,72378,3,0.9996821880340576
NeuMF,2013,2013-12-31,71040,44399,4,0.9995095729827881
NeuMF,2013,2013-12-31,71040,6958,5,0.9994066953659058
NeuMF,2013,2013-12-31,71040,71254,6,0.9992638230323792
NeuMF,2013,2013-12-31,71040,52287,7,0.9991719722747803
NeuMF,2013,2013-12-31,71040,69606,8,0.9991549253463745
NeuMF,2013,2013-12-31,71040,68791,9,0.9989919066429138
NeuMF,2013,2013-12-31,71040,2053,10,0.9989896416664124
NeuMF,2013,2013-12-31,71347,33154,1,0.9991832375526428
NeuMF,2013,2013-12-31,71347,31101,2,0.9991668462753296
NeuMF,2013,2013-12-31,71347,51471,3,0.9991391897201538
NeuMF,2013,2013-12-31,71347,47644,4,0.9986299276351929
NeuMF,2013,2013-12-31,71347,44709,5,0.9982560276985168
NeuMF,2013,2013-12-31,71347,4008,6,0.998006284236908
NeuMF,2013,2013-12-31,71347,74545,7,0.9978542923927307
NeuMF,2013,2013-12-31,71347,59141,8,0.9972449541091919
NeuMF,2013,2013-12-31,71347,58295,9,0.9967589974403381
NeuMF,2013,2013-12-31,71347,3467,10,0.9965757727622986
NeuMF,2013,2013-12-31,71873,42004,1,0.9997735619544983
NeuMF,2013,2013-12-31,71873,70293,2,0.9994072914123535
NeuMF,2013,2013-12-31,71873,71579,3,0.9990227222442627
NeuMF,2013,2013-12-31,71873,94959,4,0.9988180994987488
NeuMF,2013,2013-12-31,71873,6385,5,0.9984802603721619
NeuMF,2013,2013-12-31,71873,45720,6,0.9984094500541687
NeuMF,2013,2013-12-31,71873,30812,7,0.9983193278312683
NeuMF,2013,2013-12-31,71873,88125,8,0.9982486963272095
NeuMF,2013,2013-12-31,71873,8943,9,0.9979494214057922
NeuMF,2013,2013-12-31,71873,27878,10,0.9978467226028442
NeuMF,2013,2013-12-31,72186,31410,1,0.9994860887527466
NeuMF,2013,2013-12-31,72186,5995,2,0.9990636706352234
NeuMF,2013,2013-12-31,72186,527,3,0.9988309741020203
NeuMF,2013,2013-12-31,72186,778,4,0.9986550807952881
NeuMF,2013,2013-12-31,72186,296,5,0.9986067414283752
NeuMF,2013,2013-12-31,72186,750,6,0.9983006119728088
NeuMF,2013,2013-12-31,72186,2959,7,0.9981232285499573
NeuMF,2013,2013-12-31,72186,590,8,0.9980707764625549
NeuMF,2013,2013-12-31,72186,1233,9,0.9977276921272278
NeuMF,2013,2013-12-31,72186,58,10,0.9976361989974976
NeuMF,2013,2013-12-31,72217,89745,1,0.999731719493866
NeuMF,2013,2013-12-31,72217,81834,2,0.9994489550590515
NeuMF,2013,2013-12-31,72217,96079,3,0.9994090795516968
NeuMF,2013,2013-12-31,72217,30749,4,0.9992183446884155
NeuMF,2013,2013-12-31,72217,58559,5,0.9991853833198547
NeuMF,2013,2013-12-31,72217,80463,6,0.9991142153739929
NeuMF,2013,2013-12-31,72217,69481,7,0.9990977048873901
NeuMF,2013,2013-12-31,72217,79091,8,0.9990656971931458
NeuMF,2013,2013-12-31,72217,60069,9,0.9988155364990234
NeuMF,2013,2013-12-31,72217,74458,10,0.9988051652908325
NeuMF,2013,2013-12-31,72232,60069,1,0.9998461008071899
NeuMF,2013,2013-12-31,72232,44191,2,0.9997137188911438
NeuMF,2013,2013-12-31,72232,68358,3,0.9996600151062012
NeuMF,2013,2013-12-31,72232,6874,4,0.9996252059936523
NeuMF,2013,2013-12-31,72232,32587,5,0.9996017813682556
NeuMF,2013,2013-12-31,72232,7153,6,0.9995496869087219
NeuMF,2013,2013-12-31,72232,48516,7,0.9995273351669312
NeuMF,2013,2013-12-31,72232,48774,8,0.9994738698005676
NeuMF,2013,2013-12-31,72232,49272,9,0.9994100332260132
NeuMF,2013,2013-12-31,72232,5418,10,0.9993084669113159
NeuMF,2013,2013-12-31,72888,381,1,0.9991536140441895
NeuMF,2013,2013-12-31,72888,4558,2,0.9990791082382202
NeuMF,2013,2013-12-31,72888,4448,3,0.998977541923523
NeuMF,2013,2013-12-31,72888,450,4,0.99893718957901
NeuMF,2013,2013-12-31,72888,6287,5,0.9988976716995239
NeuMF,2013,2013-12-31,72888,36529,6,0.9984583854675293
NeuMF,2013,2013-12-31,72888,39234,7,0.998235821723938
NeuMF,2013,2013-12-31,72888,72641,8,0.9982228875160217
NeuMF,2013,2013-12-31,72888,80489,9,0.9980869293212891
NeuMF,2013,2013-12-31,72888,79132,10,0.9979472756385803
NeuMF,2013,2013-12-31,72964,4062,1,0.9995508790016174
NeuMF,2013,2013-12-31,72964,4155,2,0.9994662404060364
NeuMF,2013,2013-12-31,72964,4823,3,0.998868465423584
NeuMF,2013,2013-12-31,72964,7444,4,0.9980814456939697
NeuMF,2013,2013-12-31,72964,5577,5,0.9980598092079163
NeuMF,2013,2013-12-31,72964,5459,6,0.9974484443664551
NeuMF,2013,2013-12-31,72964,3270,7,0.9973070621490479
NeuMF,2013,2013-12-31,72964,5151,8,0.9972026348114014
NeuMF,2013,2013-12-31,72964,2599,9,0.9970065951347351
NeuMF,2013,2013-12-31,72964,2978,10,0.9969546794891357
NeuMF,2013,2013-12-31,73145,4848,1,0.9980327486991882
NeuMF,2013,2013-12-31,73145,1209,2,0.9976620674133301
NeuMF,2013,2013-12-31,73145,3000,3,0.9973010420799255
NeuMF,2013,2013-12-31,73145,7099,4,0.9969441294670105
NeuMF,2013,2013-12-31,73145,72226,5,0.9957283139228821
NeuMF,2013,2013-12-31,73145,7323,6,0.9954272508621216
NeuMF,2013,2013-12-31,73145,904,7,0.9954061508178711
NeuMF,2013,2013-12-31,73145,2951,8,0.9946075081825256
NeuMF,2013,2013-12-31,73145,1952,9,0.9944711923599243
NeuMF,2013,2013-12-31,73145,38061,10,0.9943357110023499
NeuMF,2013,2013-12-31,73616,7171,1,0.9998778104782104
NeuMF,2013,2013-12-31,73616,3859,2,0.9997304081916809
NeuMF,2013,2013-12-31,73616,5223,3,0.9993295669555664
NeuMF,2013,2013-12-31,73616,1449,4,0.999321699142456
NeuMF,2013,2013-12-31,73616,7260,5,0.9989450573921204
NeuMF,2013,2013-12-31,73616,78116,6,0.9989135265350342
NeuMF,2013,2013-12-31,73616,49961,7,0.9987418055534363
NeuMF,2013,2013-12-31,73616,1734,8,0.9987226128578186
NeuMF,2013,2013-12-31,73616,7879,9,0.9986186027526855
NeuMF,2013,2013-12-31,73616,7158,10,0.9983826875686646
NeuMF,2013,2013-12-31,74000,4754,1,0.9994363188743591
NeuMF,2013,2013-12-31,74000,45028,2,0.9993276596069336
NeuMF,2013,2013-12-31,74000,89470,3,0.9991130232810974
NeuMF,2013,2013-12-31,74000,78499,4,0.9988783001899719
NeuMF,2013,2013-12-31,74000,85367,5,0.998727023601532
NeuMF,2013,2013-12-31,74000,70293,6,0.9982323050498962
NeuMF,2013,2013-12-31,74000,5120,7,0.998045802116394
NeuMF,2013,2013-12-31,74000,3543,8,0.9977155923843384
NeuMF,2013,2013-12-31,74000,6779,9,0.9972876310348511
NeuMF,2013,2013-12-31,74000,4317,10,0.9967448711395264
NeuMF,2013,2013-12-31,74115,2406,1,0.9988920092582703
NeuMF,2013,2013-12-31,74115,63859,2,0.9988101720809937
NeuMF,2013,2013-12-31,74115,912,3,0.9975199103355408
NeuMF,2013,2013-12-31,74115,2628,4,0.9970349073410034
NeuMF,2013,2013-12-31,74115,1234,5,0.9968716502189636
NeuMF,2013,2013-12-31,74115,3255,6,0.9963059425354004
NeuMF,2013,2013-12-31,74115,1101,7,0.996191143989563
NeuMF,2013,2013-12-31,74115,35836,8,0.9961820244789124
NeuMF,2013,2013-12-31,74115,919,9,0.9957743287086487
NeuMF,2013,2013-12-31,74115,89745,10,0.9957565665245056
NeuMF,2013,2013-12-31,74371,68791,1,0.9997734427452087
NeuMF,2013,2013-12-31,74371,68157,2,0.9996252059936523
NeuMF,2013,2013-12-31,74371,76093,3,0.9995927214622498
NeuMF,2013,2013-12-31,74371,52042,4,0.9995844960212708
NeuMF,2013,2013-12-31,74371,63082,5,0.9993813037872314
NeuMF,2013,2013-12-31,74371,68358,6,0.9991829991340637
NeuMF,2013,2013-12-31,74371,80489,7,0.9991375207901001
NeuMF,2013,2013-12-31,74371,69481,8,0.9987264275550842
NeuMF,2013,2013-12-31,74371,77561,9,0.9987251162528992
NeuMF,2013,2013-12-31,74371,48516,10,0.9987006187438965
NeuMF,2013,2013-12-31,74373,69784,1,0.9999102354049683
NeuMF,2013,2013-12-31,74373,90430,2,0.9996490478515625
NeuMF,2013,2013-12-31,74373,71466,3,0.9996367692947388
NeuMF,2013,2013-12-31,74373,53956,4,0.9991872906684875
NeuMF,2013,2013-12-31,74373,59018,5,0.9990824460983276
NeuMF,2013,2013-12-31,74373,7460,6,0.9990609288215637
NeuMF,2013,2013-12-31,74373,71579,7,0.9990196228027344
NeuMF,2013,2013-12-31,74373,69122,8,0.9986774325370789
NeuMF,2013,2013-12-31,74373,63082,9,0.9984776377677917
NeuMF,2013,2013-12-31,74373,52952,10,0.9984468817710876
NeuMF,2013,2013-12-31,75128,71535,1,0.9997307658195496
NeuMF,2013,2013-12-31,75128,51255,2,0.9993809461593628
NeuMF,2013,2013-12-31,75128,72226,3,0.9992747902870178
NeuMF,2013,2013-12-31,75128,68358,4,0.9992178678512573
NeuMF,2013,2013-12-31,75128,95167,5,0.999167799949646
NeuMF,2013,2013-12-31,75128,76251,6,0.9989412426948547
NeuMF,2013,2013-12-31,75128,66097,7,0.9985674619674683
NeuMF,2013,2013-12-31,75128,44191,8,0.9984723925590515
NeuMF,2013,2013-12-31,75128,93510,9,0.9984115362167358
NeuMF,2013,2013-12-31,75128,59315,10,0.9983783960342407
NeuMF,2013,2013-12-31,75348,735,1,0.9986094236373901
NeuMF,2013,2013-12-31,75348,2596,2,0.9971965551376343
NeuMF,2013,2013-12-31,75348,4102,3,0.9956079125404358
NeuMF,2013,2013-12-31,75348,1348,4,0.9953610301017761
NeuMF,2013,2013-12-31,75348,30810,5,0.9941598176956177
NeuMF,2013,2013-12-31,75348,799,6,0.9937002658843994
NeuMF,2013,2013-12-31,75348,30793,7,0.9932860732078552
NeuMF,2013,2013-12-31,75348,3598,8,0.9929722547531128
NeuMF,2013,2013-12-31,75348,1983,9,0.992833137512207
NeuMF,2013,2013-12-31,75348,2132,10,0.9927511215209961
NeuMF,2013,2013-12-31,75734,27660,1,0.9999443292617798
NeuMF,2013,2013-12-31,75734,64997,2,0.9998605251312256
NeuMF,2013,2013-12-31,75734,72737,3,0.9990928173065186
NeuMF,2013,2013-12-31,75734,60684,4,0.9990191459655762
NeuMF,2013,2013-12-31,75734,5378,5,0.9987934827804565
NeuMF,2013,2013-12-31,75734,5690,6,0.998439610004425
NeuMF,2013,2013-12-31,75734,48774,7,0.9980528354644775
NeuMF,2013,2013-12-31,75734,33794,8,0.9980389475822449
NeuMF,2013,2013-12-31,75734,53996,9,0.9980098605155945
NeuMF,2013,2013-12-31,75734,3114,10,0.9976986050605774
NeuMF,2013,2013-12-31,75962,2028,1,0.999735414981842
NeuMF,2013,2013-12-31,75962,1196,2,0.9986818432807922
NeuMF,2013,2013-12-31,75962,1198,3,0.9985722303390503
NeuMF,2013,2013-12-31,75962,4022,4,0.998540997505188
NeuMF,2013,2013-12-31,75962,4306,5,0.9978269934654236
NeuMF,2013,2013-12-31,75962,2710,6,0.9970372915267944
NeuMF,2013,2013-12-31,75962,3147,7,0.9969229102134705
NeuMF,2013,2013-12-31,75962,1097,8,0.9965755343437195
NeuMF,2013,2013-12-31,75962,165,9,0.9961752891540527
NeuMF,2013,2013-12-31,75962,1617,10,0.9961293935775757
NeuMF,2013,2013-12-31,76027,1088,1,0.999434769153595
NeuMF,2013,2013-12-31,76027,7,2,0.999351441860199
NeuMF,2013,2013-12-31,76027,44191,3,0.9993112087249756
NeuMF,2013,2013-12-31,76027,552,4,0.9992972612380981
NeuMF,2013,2013-12-31,76027,47099,5,0.9989109039306641
NeuMF,2013,2013-12-31,76027,2,6,0.9988434314727783
NeuMF,2013,2013-12-31,76027,802,7,0.9987469911575317
NeuMF,2013,2013-12-31,76027,141,8,0.9986893534660339
NeuMF,2013,2013-12-31,76027,344,9,0.9985464215278625
NeuMF,2013,2013-12-31,76027,81845,10,0.998456597328186
NeuMF,2013,2013-12-31,76030,89745,1,0.9996776580810547
NeuMF,2013,2013-12-31,76030,79702,2,0.9993888139724731
NeuMF,2013,2013-12-31,76030,51255,3,0.9993875026702881
NeuMF,2013,2013-12-31,76030,79592,4,0.9992794394493103
NeuMF,2013,2013-12-31,76030,69122,5,0.9990665316581726
NeuMF,2013,2013-12-31,76030,89492,6,0.9989618062973022
NeuMF,2013,2013-12-31,76030,1089,7,0.9989047050476074
NeuMF,2013,2013-12-31,76030,1197,8,0.9987828135490417
NeuMF,2013,2013-12-31,76030,60684,9,0.9987442493438721
NeuMF,2013,2013-12-31,76030,3275,10,0.9986771941184998
NeuMF,2013,2013-12-31,76418,79132,1,0.9999922513961792
NeuMF,2013,2013-12-31,76418,78499,2,0.9999417066574097
NeuMF,2013,2013-12-31,76418,59315,3,0.9998869895935059
NeuMF,2013,2013-12-31,76418,80463,4,0.999884843826294
NeuMF,2013,2013-12-31,76418,67255,5,0.9998338222503662
NeuMF,2013,2013-12-31,76418,64614,6,0.9997637867927551
NeuMF,2013,2013-12-31,76418,1193,7,0.9997029900550842
NeuMF,2013,2013-12-31,76418,76093,8,0.9995719790458679
NeuMF,2013,2013-12-31,76418,91658,9,0.9995006322860718
NeuMF,2013,2013-12-31,76418,72998,10,0.9994214773178101
NeuMF,2013,2013-12-31,76583,63082,1,0.9996052384376526
NeuMF,2013,2013-12-31,76583,59995,2,0.9995115995407104
NeuMF,2013,2013-12-31,76583,85342,3,0.9993619322776794
NeuMF,2013,2013-12-31,76583,48516,4,0.9989795088768005
NeuMF,2013,2013-12-31,76583,62644,5,0.9987586736679077
NeuMF,2013,2013-12-31,76583,67508,6,0.9987115859985352
NeuMF,2013,2013-12-31,76583,55765,7,0.998487114906311
NeuMF,2013,2013-12-31,76583,27376,8,0.9983850717544556
NeuMF,2013,2013-12-31,76583,46723,9,0.9983471632003784
NeuMF,2013,2013-12-31,76583,84273,10,0.9978139400482178
NeuMF,2013,2013-12-31,76634,1086,1,0.9994885921478271
NeuMF,2013,2013-12-31,76634,3275,2,0.9975524544715881
NeuMF,2013,2013-12-31,76634,1080,3,0.9967641830444336
NeuMF,2013,2013-12-31,76634,839,4,0.9956264495849609
NeuMF,2013,2013-12-31,76634,2291,5,0.9952967762947083
NeuMF,2013,2013-12-31,76634,911,6,0.9951202273368835
NeuMF,2013,2013-12-31,76634,8033,7,0.9949724674224854
NeuMF,2013,2013-12-31,76634,945,8,0.9945129156112671
NeuMF,2013,2013-12-31,76634,951,9,0.9939776659011841
NeuMF,2013,2013-12-31,76634,5618,10,0.9939491748809814
NeuMF,2013,2013-12-31,76882,7361,1,0.999845027923584
NeuMF,2013,2013-12-31,76882,7153,2,0.9997522234916687
NeuMF,2013,2013-12-31,76882,48738,3,0.9996905326843262
NeuMF,2013,2013-12-31,76882,55290,4,0.9996201992034912
NeuMF,2013,2013-12-31,76882,34405,5,0.9994926452636719
NeuMF,2013,2013-12-31,76882,56367,6,0.9992307424545288
NeuMF,2013,2013-12-31,76882,33166,7,0.9990596175193787
NeuMF,2013,2013-12-31,76882,4878,8,0.9990353584289551
NeuMF,2013,2013-12-31,76882,52328,9,0.9989840388298035
NeuMF,2013,2013-12-31,76882,62849,10,0.9989601373672485
NeuMF,2013,2013-12-31,76894,52319,1,0.9997047781944275
NeuMF,2013,2013-12-31,76894,73017,2,0.9993690848350525
NeuMF,2013,2013-12-31,76894,55908,3,0.9992052912712097
NeuMF,2013,2013-12-31,76894,68791,4,0.998977541923523
NeuMF,2013,2013-12-31,76894,68157,5,0.9983106851577759
NeuMF,2013,2013-12-31,76894,68554,6,0.998219907283783
NeuMF,2013,2013-12-31,76894,36529,7,0.998171329498291
NeuMF,2013,2013-12-31,76894,55820,8,0.9981641173362732
NeuMF,2013,2013-12-31,76894,6874,9,0.9975346326828003
NeuMF,2013,2013-12-31,76894,68358,10,0.9969736337661743
NeuMF,2013,2013-12-31,77783,26003,1,0.9995759129524231
NeuMF,2013,2013-12-31,77783,5059,2,0.9994524121284485
NeuMF,2013,2013-12-31,77783,27317,3,0.9993581175804138
NeuMF,2013,2013-12-31,77783,79073,4,0.9992600083351135
NeuMF,2013,2013-12-31,77783,4641,5,0.9991459846496582
NeuMF,2013,2013-12-31,77783,32898,6,0.9989767074584961
NeuMF,2013,2013-12-31,77783,2846,7,0.9988694787025452
NeuMF,2013,2013-12-31,77783,7070,8,0.9987093210220337
NeuMF,2013,2013-12-31,77783,7132,9,0.9984920024871826
NeuMF,2013,2013-12-31,77783,6953,10,0.9984657764434814
NeuMF,2013,2013-12-31,78054,5108,1,0.9994626641273499
NeuMF,2013,2013-12-31,78054,450,2,0.9992177486419678
NeuMF,2013,2013-12-31,78054,1476,3,0.9988489151000977
NeuMF,2013,2013-12-31,78054,33660,4,0.998794674873352
NeuMF,2013,2013-12-31,78054,2794,5,0.9986920952796936
NeuMF,2013,2013-12-31,78054,4901,6,0.9985215067863464
NeuMF,2013,2013-12-31,78054,5785,7,0.9984312653541565
NeuMF,2013,2013-12-31,78054,1693,8,0.9982555508613586
NeuMF,2013,2013-12-31,78054,88,9,0.9979640245437622
NeuMF,2013,2013-12-31,78054,804,10,0.9977624416351318
NeuMF,2013,2013-12-31,78107,4621,1,0.9985325336456299
NeuMF,2013,2013-12-31,78107,8201,2,0.9984760880470276
NeuMF,2013,2013-12-31,78107,1769,3,0.9971157312393188
NeuMF,2013,2013-12-31,78107,3704,4,0.9966063499450684
NeuMF,2013,2013-12-31,78107,2300,5,0.9961460828781128
NeuMF,2013,2013-12-31,78107,1955,6,0.9957455992698669
NeuMF,2013,2013-12-31,78107,2052,7,0.9955196380615234
NeuMF,2013,2013-12-31,78107,69784,8,0.9952711462974548
NeuMF,2013,2013-12-31,78107,3959,9,0.9942930936813354
NeuMF,2013,2013-12-31,78107,8610,10,0.9941761493682861
NeuMF,2013,2013-12-31,78386,1955,1,0.9996122717857361
NeuMF,2013,2013-12-31,78386,3801,2,0.9995890259742737
NeuMF,2013,2013-12-31,78386,2927,3,0.9995179176330566
NeuMF,2013,2013-12-31,78386,915,4,0.9994698166847229
NeuMF,2013,2013-12-31,78386,1633,5,0.9991273283958435
NeuMF,2013,2013-12-31,78386,3789,6,0.999119222164154
NeuMF,2013,2013-12-31,78386,5008,7,0.9989025592803955
NeuMF,2013,2013-12-31,78386,3334,8,0.99875807762146
NeuMF,2013,2013-12-31,78386,2076,9,0.9984173774719238
NeuMF,2013,2013-12-31,78386,3307,10,0.9981787204742432
NeuMF,2013,2013-12-31,78425,1569,1,0.9994959831237793
NeuMF,2013,2013-12-31,78425,2565,2,0.9991579055786133
NeuMF,2013,2013-12-31,78425,915,3,0.9990836381912231
NeuMF,2013,2013-12-31,78425,916,4,0.9988791346549988
NeuMF,2013,2013-12-31,78425,43560,5,0.9978443384170532
NeuMF,2013,2013-12-31,78425,2572,6,0.9977675676345825
NeuMF,2013,2013-12-31,78425,5971,7,0.9975056052207947
NeuMF,2013,2013-12-31,78425,1947,8,0.9974101185798645
NeuMF,2013,2013-12-31,78425,1269,9,0.9965574741363525
NeuMF,2013,2013-12-31,78425,955,10,0.9964199066162109
NeuMF,2013,2013-12-31,78595,6564,1,0.9990556836128235
NeuMF,2013,2013-12-31,78595,6239,2,0.9989757537841797
NeuMF,2013,2013-12-31,78595,3066,3,0.9986629486083984
NeuMF,2013,2013-12-31,78595,1204,4,0.998625636100769
NeuMF,2013,2013-12-31,78595,2921,5,0.998589813709259
NeuMF,2013,2013-12-31,78595,5796,6,0.9984641075134277
NeuMF,2013,2013-12-31,78595,7073,7,0.9984484910964966
NeuMF,2013,2013-12-31,78595,2857,8,0.9983622431755066
NeuMF,2013,2013-12-31,78595,70286,9,0.9981240630149841
NeuMF,2013,2013-12-31,78595,44709,10,0.9978561997413635
NeuMF,2013,2013-12-31,79662,60950,1,0.9998131394386292
NeuMF,2013,2013-12-31,79662,53318,2,0.9987550973892212
NeuMF,2013,2013-12-31,79662,48774,3,0.9986059069633484
NeuMF,2013,2013-12-31,79662,76251,4,0.9986057877540588
NeuMF,2013,2013-12-31,79662,6773,5,0.9983629584312439
NeuMF,2013,2013-12-31,79662,55269,6,0.9980292916297913
NeuMF,2013,2013-12-31,79662,59387,7,0.9979623556137085
NeuMF,2013,2013-12-31,79662,72226,8,0.9973996877670288
NeuMF,2013,2013-12-31,79662,60069,9,0.9965540170669556
NeuMF,2013,2013-12-31,79662,67087,10,0.9964543581008911
NeuMF,2013,2013-12-31,79728,7099,1,0.9999228715896606
NeuMF,2013,2013-12-31,79728,31658,2,0.9997474551200867
NeuMF,2013,2013-12-31,79728,4641,3,0.9994388222694397
NeuMF,2013,2013-12-31,79728,4996,4,0.9993785619735718
NeuMF,2013,2013-12-31,79728,38886,5,0.9993451237678528
NeuMF,2013,2013-12-31,79728,2139,6,0.9992902278900146
NeuMF,2013,2013-12-31,79728,6350,7,0.9991092085838318
NeuMF,2013,2013-12-31,79728,80463,8,0.9990156888961792
NeuMF,2013,2013-12-31,79728,82459,9,0.9989979863166809
NeuMF,2013,2013-12-31,79728,81819,10,0.9989014863967896
NeuMF,2013,2013-12-31,79746,6291,1,0.9998034834861755
NeuMF,2013,2013-12-31,79746,3949,2,0.9995549321174622
NeuMF,2013,2013-12-31,79746,55442,3,0.9993056058883667
NeuMF,2013,2013-12-31,79746,53000,4,0.9985561966896057
NeuMF,2013,2013-12-31,79746,33171,5,0.9980584979057312
NeuMF,2013,2013-12-31,79746,3569,6,0.9978813529014587
NeuMF,2013,2013-12-31,79746,1237,7,0.997786283493042
NeuMF,2013,2013-12-31,79746,27831,8,0.997520387172699
NeuMF,2013,2013-12-31,79746,1320,9,0.9974017143249512
NeuMF,2013,2013-12-31,79746,1233,10,0.997302770614624
NeuMF,2013,2013-12-31,79783,58347,1,0.999882698059082
NeuMF,2013,2013-12-31,79783,56152,2,0.9995579123497009
NeuMF,2013,2013-12-31,79783,6093,3,0.9992181062698364
NeuMF,2013,2013-12-31,79783,31658,4,0.9987906813621521
NeuMF,2013,2013-12-31,79783,60684,5,0.9984593391418457
NeuMF,2013,2013-12-31,79783,4016,6,0.998448371887207
NeuMF,2013,2013-12-31,79783,61240,7,0.9984032511711121
NeuMF,2013,2013-12-31,79783,7361,8,0.9983173608779907
NeuMF,2013,2013-12-31,79783,4878,9,0.9977559447288513
NeuMF,2013,2013-12-31,79783,8533,10,0.9977120161056519
NeuMF,2013,2013-12-31,80113,89745,1,0.9997852444648743
NeuMF,2013,2013-12-31,80113,69844,2,0.9994988441467285
NeuMF,2013,2013-12-31,80113,81834,3,0.9990867376327515
NeuMF,2013,2013-12-31,80113,59784,4,0.9987878203392029
NeuMF,2013,2013-12-31,80113,1240,5,0.9985974431037903
NeuMF,2013,2013-12-31,80113,62849,6,0.9979438185691833
NeuMF,2013,2013-12-31,80113,2985,7,0.9977720379829407
NeuMF,2013,2013-12-31,80113,733,8,0.9971535205841064
NeuMF,2013,2013-12-31,80113,82461,9,0.9970799088478088
NeuMF,2013,2013-12-31,80113,4963,10,0.9968492388725281
NeuMF,2013,2013-12-31,80183,175,1,0.9998167157173157
NeuMF,2013,2013-12-31,80183,7285,2,0.9995799660682678
NeuMF,2013,2013-12-31,80183,7045,3,0.9995651841163635
NeuMF,2013,2013-12-31,80183,48082,4,0.9991886019706726
NeuMF,2013,2013-12-31,80183,44974,5,0.9989047050476074
NeuMF,2013,2013-12-31,80183,7371,6,0.9986868500709534
NeuMF,2013,2013-12-31,80183,1093,7,0.9983695149421692
NeuMF,2013,2013-12-31,80183,55814,8,0.9983510971069336
NeuMF,2013,2013-12-31,80183,1251,9,0.9983172416687012
NeuMF,2013,2013-12-31,80183,69951,10,0.9982578158378601
NeuMF,2013,2013-12-31,80188,55729,1,0.9993615746498108
NeuMF,2013,2013-12-31,80188,56715,2,0.9990870952606201
NeuMF,2013,2013-12-31,80188,42725,3,0.9982771873474121
NeuMF,2013,2013-12-31,80188,724,4,0.9979896545410156
NeuMF,2013,2013-12-31,80188,7361,5,0.997951090335846
NeuMF,2013,2013-12-31,80188,6502,6,0.99715256690979
NeuMF,2013,2013-12-31,80188,59727,7,0.9969959259033203
NeuMF,2013,2013-12-31,80188,40732,8,0.9969215989112854
NeuMF,2013,2013-12-31,80188,5952,9,0.9963259100914001
NeuMF,2013,2013-12-31,80188,52462,10,0.9962276220321655
NeuMF,2013,2013-12-31,80215,33660,1,0.9998311996459961
NeuMF,2013,2013-12-31,80215,527,2,0.9998049139976501
NeuMF,2013,2013-12-31,80215,628,3,0.9997830986976624
NeuMF,2013,2013-12-31,80215,1203,4,0.999760091304779
NeuMF,2013,2013-12-31,80215,150,5,0.9993796348571777
NeuMF,2013,2013-12-31,80215,4226,6,0.9993318915367126
NeuMF,2013,2013-12-31,80215,7361,7,0.9993051290512085
NeuMF,2013,2013-12-31,80215,1784,8,0.9992006421089172
NeuMF,2013,2013-12-31,80215,736,9,0.9991625547409058
NeuMF,2013,2013-12-31,80215,2433,10,0.9991551637649536
NeuMF,2013,2013-12-31,80261,52579,1,0.9997677206993103
NeuMF,2013,2013-12-31,80261,48394,2,0.9994920492172241
NeuMF,2013,2013-12-31,80261,71462,3,0.999382734298706
NeuMF,2013,2013-12-31,80261,62344,4,0.9992128610610962
NeuMF,2013,2013-12-31,80261,40870,5,0.9988734126091003
NeuMF,2013,2013-12-31,80261,72011,6,0.9984036087989807
NeuMF,2013,2013-12-31,80261,3083,7,0.9982293248176575
NeuMF,2013,2013-12-31,80261,63808,8,0.9982175230979919
NeuMF,2013,2013-12-31,80261,4226,9,0.9980553388595581
NeuMF,2013,2013-12-31,80261,72226,10,0.9980536699295044
NeuMF,2013,2013-12-31,80586,8957,1,0.9997908473014832
NeuMF,2013,2013-12-31,80586,52722,2,0.9997156262397766
NeuMF,2013,2013-12-31,80586,44191,3,0.999713122844696
NeuMF,2013,2013-12-31,80586,32587,4,0.9994210004806519
NeuMF,2013,2013-12-31,80586,79132,5,0.9993129968643188
NeuMF,2013,2013-12-31,80586,5389,6,0.9992268085479736
NeuMF,2013,2013-12-31,80586,2329,7,0.9991003274917603
NeuMF,2013,2013-12-31,80586,68554,8,0.9989821314811707
NeuMF,2013,2013-12-31,80586,45081,9,0.9988532066345215
NeuMF,2013,2013-12-31,80586,34150,10,0.9987195730209351
NeuMF,2013,2013-12-31,80935,81564,1,0.99982088804245
NeuMF,2013,2013-12-31,80935,93831,2,0.9997683167457581
NeuMF,2013,2013-12-31,80935,79091,3,0.9995569586753845
NeuMF,2013,2013-12-31,80935,69122,4,0.9989846348762512
NeuMF,2013,2013-12-31,80935,78499,5,0.9989745616912842
NeuMF,2013,2013-12-31,80935,84152,6,0.9989296793937683
NeuMF,2013,2013-12-31,80935,83613,7,0.9988499879837036
NeuMF,2013,2013-12-31,80935,90866,8,0.9984038472175598
NeuMF,2013,2013-12-31,80935,53996,9,0.9983391761779785
NeuMF,2013,2013-12-31,80935,219,10,0.9981379508972168
NeuMF,2013,2013-12-31,81378,6459,1,0.9999172687530518
NeuMF,2013,2013-12-31,81378,6781,2,0.999708354473114
NeuMF,2013,2013-12-31,81378,2671,3,0.9996030926704407
NeuMF,2013,2013-12-31,81378,4155,4,0.9995028972625732
NeuMF,2013,2013-12-31,81378,7980,5,0.999472439289093
NeuMF,2013,2013-12-31,81378,1954,6,0.9993721842765808
NeuMF,2013,2013-12-31,81378,5406,7,0.9993553757667542
NeuMF,2013,2013-12-31,81378,5093,8,0.9993194341659546
NeuMF,2013,2013-12-31,81378,3256,9,0.9992227554321289
NeuMF,2013,2013-12-31,81378,2001,10,0.9991563558578491
NeuMF,2013,2013-12-31,81381,56715,1,0.9999902248382568
NeuMF,2013,2013-12-31,81381,44195,2,0.9997439980506897
NeuMF,2013,2013-12-31,81381,54881,3,0.9996606111526489
NeuMF,2013,2013-12-31,81381,54503,4,0.9996325969696045
NeuMF,2013,2013-12-31,81381,55908,5,0.9994959831237793
NeuMF,2013,2013-12-31,81381,223,6,0.9994237422943115
NeuMF,2013,2013-12-31,81381,44788,7,0.9994230270385742
NeuMF,2013,2013-12-31,81381,56782,8,0.9993941783905029
NeuMF,2013,2013-12-31,81381,44633,9,0.9993846416473389
NeuMF,2013,2013-12-31,81381,67087,10,0.9989516735076904
NeuMF,2013,2013-12-31,81530,88179,1,0.99992835521698
NeuMF,2013,2013-12-31,81530,73017,2,0.9997783303260803
NeuMF,2013,2013-12-31,81530,76093,3,0.9997722506523132
NeuMF,2013,2013-12-31,81530,6793,4,0.9997437596321106
NeuMF,2013,2013-12-31,81530,81845,5,0.9997170567512512
NeuMF,2013,2013-12-31,81530,1025,6,0.9996472597122192
NeuMF,2013,2013-12-31,81530,80549,7,0.9996167421340942
NeuMF,2013,2013-12-31,81530,1688,8,0.9995966553688049
NeuMF,2013,2013-12-31,81530,59315,9,0.9995613694190979
NeuMF,2013,2013-12-31,81530,78499,10,0.9995569586753845
NeuMF,2013,2013-12-31,81742,4019,1,0.9996621608734131
NeuMF,2013,2013-12-31,81742,4880,2,0.9991777539253235
NeuMF,2013,2013-12-31,81742,5064,3,0.9988459348678589
NeuMF,2013,2013-12-31,81742,3852,4,0.9987725615501404
NeuMF,2013,2013-12-31,81742,1863,5,0.9985346794128418
NeuMF,2013,2013-12-31,81742,5872,6,0.99837327003479
NeuMF,2013,2013-12-31,81742,2395,7,0.998130738735199
NeuMF,2013,2013-12-31,81742,5377,8,0.99810791015625
NeuMF,2013,2013-12-31,81742,4623,9,0.9979415535926819
NeuMF,2013,2013-12-31,81742,2883,10,0.9979292154312134
NeuMF,2013,2013-12-31,82187,239,1,0.9994070529937744
NeuMF,2013,2013-12-31,82187,1032,2,0.9993618130683899
NeuMF,2013,2013-12-31,82187,2087,3,0.999164342880249
NeuMF,2013,2013-12-31,82187,575,4,0.9990401864051819
NeuMF,2013,2013-12-31,82187,1021,5,0.9989834427833557
NeuMF,2013,2013-12-31,82187,2123,6,0.9982938170433044
NeuMF,2013,2013-12-31,82187,2085,7,0.9978037476539612
NeuMF,2013,2013-12-31,82187,2431,8,0.9971411228179932
NeuMF,2013,2013-12-31,82187,2137,9,0.9963435530662537
NeuMF,2013,2013-12-31,82187,24,10,0.9949610233306885
NeuMF,2013,2013-12-31,82363,31658,1,0.9998650550842285
NeuMF,2013,2013-12-31,82363,44195,2,0.9997565150260925
NeuMF,2013,2013-12-31,82363,51255,3,0.9997554421424866
NeuMF,2013,2013-12-31,82363,7099,4,0.9995309114456177
NeuMF,2013,2013-12-31,82363,5618,5,0.9993003606796265
NeuMF,2013,2013-12-31,82363,74789,6,0.9992533326148987
NeuMF,2013,2013-12-31,82363,79132,7,0.9992284774780273
NeuMF,2013,2013-12-31,82363,33903,8,0.9991787075996399
NeuMF,2013,2013-12-31,82363,26662,9,0.9991631507873535
NeuMF,2013,2013-12-31,82363,73017,10,0.9991459846496582
NeuMF,2013,2013-12-31,82485,68358,1,0.9987344145774841
NeuMF,2013,2013-12-31,82485,59315,2,0.9986342787742615
NeuMF,2013,2013-12-31,82485,223,3,0.9981716871261597
NeuMF,2013,2013-12-31,82485,60069,4,0.9980182647705078
NeuMF,2013,2013-12-31,82485,55820,5,0.997611403465271
NeuMF,2013,2013-12-31,82485,2064,6,0.9973946809768677
NeuMF,2013,2013-12-31,82485,1198,7,0.9973106384277344
NeuMF,2013,2013-12-31,82485,2300,8,0.9968480467796326
NeuMF,2013,2013-12-31,82485,46578,9,0.9968333840370178
NeuMF,2013,2013-12-31,82485,745,10,0.9965840578079224
NeuMF,2013,2013-12-31,82615,6658,1,0.999526858329773
NeuMF,2013,2013-12-31,82615,7888,2,0.9992677569389343
NeuMF,2013,2013-12-31,82615,3196,3,0.9992294311523438
NeuMF,2013,2013-12-31,82615,3725,4,0.9988522529602051
NeuMF,2013,2013-12-31,82615,3016,5,0.9987635612487793
NeuMF,2013,2013-12-31,82615,48322,6,0.9982706308364868
NeuMF,2013,2013-12-31,82615,48061,7,0.9976058006286621
NeuMF,2013,2013-12-31,82615,48385,8,0.9974350333213806
NeuMF,2013,2013-12-31,82615,1023,9,0.9973272085189819
NeuMF,2013,2013-12-31,82615,3420,10,0.9969213008880615
NeuMF,2013,2013-12-31,82778,3030,1,0.999567449092865
NeuMF,2013,2013-12-31,82778,8963,2,0.9994524121284485
NeuMF,2013,2013-12-31,82778,906,3,0.9990038275718689
NeuMF,2013,2013-12-31,82778,5498,4,0.9989288449287415
NeuMF,2013,2013-12-31,82778,1688,5,0.9987442493438721
NeuMF,2013,2013-12-31,82778,1949,6,0.9984902143478394
NeuMF,2013,2013-12-31,82778,5604,7,0.9983745813369751
NeuMF,2013,2013-12-31,82778,714,8,0.9980210065841675
NeuMF,2013,2013-12-31,82778,8254,9,0.9978779554367065
NeuMF,2013,2013-12-31,82778,4419,10,0.9977637529373169
NeuMF,2013,2013-12-31,82821,3435,1,0.9986047148704529
NeuMF,2013,2013-12-31,82821,5991,2,0.9983749389648438
NeuMF,2013,2013-12-31,82821,1212,3,0.9974920749664307
NeuMF,2013,2013-12-31,82821,457,4,0.9973540306091309
NeuMF,2013,2013-12-31,82821,908,5,0.9970481991767883
NeuMF,2013,2013-12-31,82821,4306,6,0.9969933032989502
NeuMF,2013,2013-12-31,82821,50,7,0.9963948130607605
NeuMF,2013,2013-12-31,82821,904,8,0.9962562322616577
NeuMF,2013,2013-12-31,82821,910,9,0.9961557984352112
NeuMF,2013,2013-12-31,82821,923,10,0.995664656162262
NeuMF,2013,2013-12-31,83402,59315,1,0.9997097849845886
NeuMF,2013,2013-12-31,83402,78209,2,0.9993398785591125
NeuMF,2013,2013-12-31,83402,66509,3,0.9992189407348633
NeuMF,2013,2013-12-31,83402,78499,4,0.9986611604690552
NeuMF,2013,2013-12-31,83402,67695,5,0.998529314994812
NeuMF,2013,2013-12-31,83402,69122,6,0.9984546899795532
NeuMF,2013,2013-12-31,83402,59022,7,0.9983848333358765
NeuMF,2013,2013-12-31,83402,31804,8,0.9983319640159607
NeuMF,2013,2013-12-31,83402,60069,9,0.9982308745384216
NeuMF,2013,2013-12-31,83402,62155,10,0.9981040954589844
NeuMF,2013,2013-12-31,83417,87232,1,0.999648928642273
NeuMF,2013,2013-12-31,83417,1028,2,0.9994072914123535
NeuMF,2013,2013-12-31,83417,30803,3,0.9993491768836975
NeuMF,2013,2013-12-31,83417,3000,4,0.9991161227226257
NeuMF,2013,2013-12-31,83417,1022,5,0.9989001750946045
NeuMF,2013,2013-12-31,83417,899,6,0.9986708164215088
NeuMF,2013,2013-12-31,83417,901,7,0.9986553192138672
NeuMF,2013,2013-12-31,83417,81845,8,0.9986082911491394
NeuMF,2013,2013-12-31,83417,914,9,0.9985210299491882
NeuMF,2013,2013-12-31,83417,27266,10,0.9985107779502869
NeuMF,2013,2013-12-31,83521,84772,1,0.999717652797699
NeuMF,2013,2013-12-31,83521,68954,2,0.9994252920150757
NeuMF,2013,2013-12-31,83521,81845,3,0.9987284541130066
NeuMF,2013,2013-12-31,83521,54259,4,0.9987188577651978
NeuMF,2013,2013-12-31,83521,50872,5,0.9987119436264038
NeuMF,2013,2013-12-31,83521,51255,6,0.9985834360122681
NeuMF,2013,2013-12-31,83521,69844,7,0.9984810948371887
NeuMF,2013,2013-12-31,83521,44191,8,0.9984785914421082
NeuMF,2013,2013-12-31,83521,59315,9,0.9984096884727478
NeuMF,2013,2013-12-31,83521,671,10,0.9983487129211426
NeuMF,2013,2013-12-31,83536,95088,1,0.9999748468399048
NeuMF,2013,2013-12-31,83536,95510,2,0.9999672174453735
NeuMF,2013,2013-12-31,83536,95167,3,0.9999351501464844
NeuMF,2013,2013-12-31,83536,58559,4,0.9998879432678223
NeuMF,2013,2013-12-31,83536,81845,5,0.9997368454933167
NeuMF,2013,2013-12-31,83536,94959,6,0.9997112154960632
NeuMF,2013,2013-12-31,83536,82461,7,0.9996322393417358
NeuMF,2013,2013-12-31,83536,91622,8,0.999372661113739
NeuMF,2013,2013-12-31,83536,78499,9,0.9992716908454895
NeuMF,2013,2013-12-31,83536,81018,10,0.9992032647132874
NeuMF,2013,2013-12-31,83730,3255,1,0.9998145699501038
NeuMF,2013,2013-12-31,83730,524,2,0.9996803998947144
NeuMF,2013,2013-12-31,83730,594,3,0.9989093542098999
NeuMF,2013,2013-12-31,83730,7263,4,0.9987881779670715
NeuMF,2013,2013-12-31,83730,2804,5,0.9985472559928894
NeuMF,2013,2013-12-31,83730,39435,6,0.9983564019203186
NeuMF,2013,2013-12-31,83730,356,7,0.99814772605896
NeuMF,2013,2013-12-31,83730,457,8,0.9981252551078796
NeuMF,2013,2013-12-31,83730,2302,9,0.9978603720664978
NeuMF,2013,2013-12-31,83730,4901,10,0.9978589415550232
NeuMF,2013,2013-12-31,83924,7088,1,0.9991118311882019
NeuMF,2013,2013-12-31,83924,8943,2,0.9987176656723022
NeuMF,2013,2013-12-31,83924,1253,3,0.997812032699585
NeuMF,2013,2013-12-31,83924,8638,4,0.9962645173072815
NeuMF,2013,2013-12-31,83924,54745,5,0.9959545135498047
NeuMF,2013,2013-12-31,83924,6062,6,0.9953343272209167
NeuMF,2013,2013-12-31,83924,969,7,0.9946107864379883
NeuMF,2013,2013-12-31,83924,6807,8,0.9945467710494995
NeuMF,2013,2013-12-31,83924,34338,9,0.9938101172447205
NeuMF,2013,2013-12-31,83924,61240,10,0.9937474727630615
NeuMF,2013,2013-12-31,84269,69481,1,0.999388575553894
NeuMF,2013,2013-12-31,84269,57640,2,0.9992049336433411
NeuMF,2013,2013-12-31,84269,91500,3,0.999150276184082
NeuMF,2013,2013-12-31,84269,81845,4,0.9991266131401062
NeuMF,2013,2013-12-31,84269,54881,5,0.9989508390426636
NeuMF,2013,2013-12-31,84269,72737,6,0.9988824725151062
NeuMF,2013,2013-12-31,84269,80219,7,0.9984863996505737
NeuMF,2013,2013-12-31,84269,50872,8,0.9981142282485962
NeuMF,2013,2013-12-31,84269,31878,9,0.9977401494979858
NeuMF,2013,2013-12-31,84269,8917,10,0.9977211356163025
NeuMF,2013,2013-12-31,84345,2431,1,0.9998289346694946
NeuMF,2013,2013-12-31,84345,1801,2,0.9992464780807495
NeuMF,2013,2013-12-31,84345,405,3,0.9991434812545776
NeuMF,2013,2013-12-31,84345,2950,4,0.9990471005439758
NeuMF,2013,2013-12-31,84345,1882,5,0.9990330934524536
NeuMF,2013,2013-12-31,84345,3638,6,0.998921275138855
NeuMF,2013,2013-12-31,84345,3248,7,0.9988425374031067
NeuMF,2013,2013-12-31,84345,2953,8,0.9988075494766235
NeuMF,2013,2013-12-31,84345,1918,9,0.9986887574195862
NeuMF,2013,2013-12-31,84345,2724,10,0.9982503056526184
NeuMF,2013,2013-12-31,84485,82459,1,0.9964339733123779
NeuMF,2013,2013-12-31,84485,37729,2,0.9962993264198303
NeuMF,2013,2013-12-31,84485,40278,3,0.9958109855651855
NeuMF,2013,2013-12-31,84485,6773,4,0.9955540299415588
NeuMF,2013,2013-12-31,84485,1339,5,0.9954652190208435
NeuMF,2013,2013-12-31,84485,4161,6,0.9940391778945923
NeuMF,2013,2013-12-31,84485,55908,7,0.9927265644073486
NeuMF,2013,2013-12-31,84485,79091,8,0.9926531314849854
NeuMF,2013,2013-12-31,84485,3868,9,0.9916187524795532
NeuMF,2013,2013-12-31,84485,507,10,0.9906760454177856
NeuMF,2013,2013-12-31,85286,58998,1,0.9996403455734253
NeuMF,2013,2013-12-31,85286,88405,2,0.999630331993103
NeuMF,2013,2013-12-31,85286,52973,3,0.9993929862976074
NeuMF,2013,2013-12-31,85286,7346,4,0.9992928504943848
NeuMF,2013,2013-12-31,85286,71535,5,0.9989221096038818
NeuMF,2013,2013-12-31,85286,40819,6,0.9987130165100098
NeuMF,2013,2013-12-31,85286,6942,7,0.9986631870269775
NeuMF,2013,2013-12-31,85286,5418,8,0.9985857009887695
NeuMF,2013,2013-12-31,85286,4447,9,0.9984134435653687
NeuMF,2013,2013-12-31,85286,79185,10,0.9978387951850891
NeuMF,2013,2013-12-31,85376,25923,1,0.9998164772987366
NeuMF,2013,2013-12-31,85376,53129,2,0.999264657497406
NeuMF,2013,2013-12-31,85376,3435,3,0.9986763596534729
NeuMF,2013,2013-12-31,85376,60766,4,0.9982008934020996
NeuMF,2013,2013-12-31,85376,25963,5,0.9974599480628967
NeuMF,2013,2013-12-31,85376,46855,6,0.9966802597045898
NeuMF,2013,2013-12-31,85376,7116,7,0.996529757976532
NeuMF,2013,2013-12-31,85376,54997,8,0.9961526989936829
NeuMF,2013,2013-12-31,85376,61236,9,0.9953102469444275
NeuMF,2013,2013-12-31,85376,1907,10,0.9952389001846313
NeuMF,2013,2013-12-31,85788,7669,1,0.9998610019683838
NeuMF,2013,2013-12-31,85788,916,2,0.9982335567474365
NeuMF,2013,2013-12-31,85788,7088,3,0.9979166388511658
NeuMF,2013,2013-12-31,85788,17,4,0.9975451827049255
NeuMF,2013,2013-12-31,85788,5377,5,0.9973440766334534
NeuMF,2013,2013-12-31,85788,2686,6,0.9973224997520447
NeuMF,2013,2013-12-31,85788,541,7,0.9971380233764648
NeuMF,2013,2013-12-31,85788,3578,8,0.9970867037773132
NeuMF,2013,2013-12-31,85788,1132,9,0.9970836043357849
NeuMF,2013,2013-12-31,85788,2336,10,0.9969834685325623
NeuMF,2013,2013-12-31,86005,4799,1,0.9994750618934631
NeuMF,2013,2013-12-31,86005,1204,2,0.9994140863418579
NeuMF,2013,2013-12-31,86005,3468,3,0.999244213104248
NeuMF,2013,2013-12-31,86005,1234,4,0.9990020394325256
NeuMF,2013,2013-12-31,86005,2745,5,0.9986585378646851
NeuMF,2013,2013-12-31,86005,55276,6,0.9985866546630859
NeuMF,2013,2013-12-31,86005,1687,7,0.9984654188156128
NeuMF,2013,2013-12-31,86005,1950,8,0.99825519323349
NeuMF,2013,2013-12-31,86005,3006,9,0.9981049299240112
NeuMF,2013,2013-12-31,86005,3252,10,0.9980564713478088
NeuMF,2013,2013-12-31,86197,51080,1,0.9997555613517761
NeuMF,2013,2013-12-31,86197,55052,2,0.999661922454834
NeuMF,2013,2013-12-31,86197,54736,3,0.9996016621589661
NeuMF,2013,2013-12-31,86197,55290,4,0.9994897842407227
NeuMF,2013,2013-12-31,86197,58803,5,0.9990183115005493
NeuMF,2013,2013-12-31,86197,63062,6,0.9988656044006348
NeuMF,2013,2013-12-31,86197,1873,7,0.9988085031509399
NeuMF,2013,2013-12-31,86197,74946,8,0.9984719157218933
NeuMF,2013,2013-12-31,86197,55276,9,0.9978253841400146
NeuMF,2013,2013-12-31,86197,47644,10,0.9973371624946594
NeuMF,2013,2013-12-31,86849,7124,1,0.9999566078186035
NeuMF,2013,2013-12-31,86849,8906,2,0.9999245405197144
NeuMF,2013,2013-12-31,86849,55908,3,0.9998040795326233
NeuMF,2013,2013-12-31,86849,60333,4,0.999505877494812
NeuMF,2013,2013-12-31,86849,6953,5,0.9991913437843323
NeuMF,2013,2013-12-31,86849,52952,6,0.9986103773117065
NeuMF,2013,2013-12-31,86849,7044,7,0.9985581040382385
NeuMF,2013,2013-12-31,86849,47446,8,0.9984986782073975
NeuMF,2013,2013-12-31,86849,5954,9,0.9982424974441528
NeuMF,2013,2013-12-31,86849,4979,10,0.9977553486824036
NeuMF,2013,2013-12-31,86904,47491,1,0.999972939491272
NeuMF,2013,2013-12-31,86904,27376,2,0.9998063445091248
NeuMF,2013,2013-12-31,86904,2843,3,0.9997598528862
NeuMF,2013,2013-12-31,86904,48738,4,0.9997559189796448
NeuMF,2013,2013-12-31,86904,59018,5,0.999494194984436
NeuMF,2013,2013-12-31,86904,58303,6,0.9994774460792542
NeuMF,2013,2013-12-31,86904,53207,7,0.9993616938591003
NeuMF,2013,2013-12-31,86904,52042,8,0.9993219375610352
NeuMF,2013,2013-12-31,86904,55094,9,0.9992712140083313
NeuMF,2013,2013-12-31,86904,55814,10,0.9992597699165344
NeuMF,2013,2013-12-31,87011,81845,1,0.999843955039978
NeuMF,2013,2013-12-31,87011,48997,2,0.9997456669807434
NeuMF,2013,2013-12-31,87011,41285,3,0.9993728995323181
NeuMF,2013,2013-12-31,87011,86882,4,0.9993693232536316
NeuMF,2013,2013-12-31,87011,71033,5,0.9991602897644043
NeuMF,2013,2013-12-31,87011,79132,6,0.9989112615585327
NeuMF,2013,2013-12-31,87011,48082,7,0.9983566403388977
NeuMF,2013,2013-12-31,87011,81562,8,0.9982866644859314
NeuMF,2013,2013-12-31,87011,55069,9,0.9981797933578491
NeuMF,2013,2013-12-31,87011,46723,10,0.9975320100784302
NeuMF,2013,2013-12-31,87243,27850,1,0.9988454580307007
NeuMF,2013,2013-12-31,87243,63876,2,0.9985450506210327
NeuMF,2013,2013-12-31,87243,5618,3,0.9983933568000793
NeuMF,2013,2013-12-31,87243,1357,4,0.9973472356796265
NeuMF,2013,2013-12-31,87243,6787,5,0.996914267539978
NeuMF,2013,2013-12-31,87243,27846,6,0.9968836903572083
NeuMF,2013,2013-12-31,87243,71282,7,0.996880054473877
NeuMF,2013,2013-12-31,87243,3677,8,0.9967024922370911
NeuMF,2013,2013-12-31,87243,2064,9,0.9965527057647705
NeuMF,2013,2013-12-31,87243,3386,10,0.9964475631713867
NeuMF,2013,2013-12-31,87517,2205,1,0.9988069534301758
NeuMF,2013,2013-12-31,87517,5803,2,0.9984762072563171
NeuMF,2013,2013-12-31,87517,6378,3,0.9983499050140381
NeuMF,2013,2013-12-31,87517,48319,4,0.998084306716919
NeuMF,2013,2013-12-31,87517,57528,5,0.9978922009468079
NeuMF,2013,2013-12-31,87517,52604,6,0.9977396726608276
NeuMF,2013,2013-12-31,87517,6213,7,0.9971354007720947
NeuMF,2013,2013-12-31,87517,36519,8,0.9971281886100769
NeuMF,2013,2013-12-31,87517,2141,9,0.9962730407714844
NeuMF,2013,2013-12-31,87517,46335,10,0.9961599111557007
NeuMF,2013,2013-12-31,87528,73000,1,0.9999279975891113
NeuMF,2013,2013-12-31,87528,78174,2,0.9997071623802185
NeuMF,2013,2013-12-31,87528,39231,3,0.9992523789405823
NeuMF,2013,2013-12-31,87528,68554,4,0.9991961121559143
NeuMF,2013,2013-12-31,87528,40614,5,0.9991850256919861
NeuMF,2013,2013-12-31,87528,56152,6,0.9989664554595947
NeuMF,2013,2013-12-31,87528,46972,7,0.9989638328552246
NeuMF,2013,2013-12-31,87528,71579,8,0.9988709092140198
NeuMF,2013,2013-12-31,87528,68954,9,0.9988297820091248
NeuMF,2013,2013-12-31,87528,59315,10,0.9987057447433472
NeuMF,2013,2013-12-31,88198,534,1,0.998264491558075
NeuMF,2013,2013-12-31,88198,916,2,0.9978798627853394
NeuMF,2013,2013-12-31,88198,3548,3,0.9974287152290344
NeuMF,2013,2013-12-31,88198,6867,4,0.9963666200637817
NeuMF,2013,2013-12-31,88198,3260,5,0.9962926506996155
NeuMF,2013,2013-12-31,88198,218,6,0.9957734942436218
NeuMF,2013,2013-12-31,88198,6367,7,0.9957481026649475
NeuMF,2013,2013-12-31,88198,838,8,0.9944825172424316
NeuMF,2013,2013-12-31,88198,3479,9,0.9944802522659302
NeuMF,2013,2013-12-31,88198,4308,10,0.9938105940818787
NeuMF,2013,2013-12-31,88202,18,1,0.9984922409057617
NeuMF,2013,2013-12-31,88202,1197,2,0.9961867928504944
NeuMF,2013,2013-12-31,88202,50,3,0.9956218600273132
NeuMF,2013,2013-12-31,88202,2028,4,0.9956186413764954
NeuMF,2013,2013-12-31,88202,2858,5,0.994802713394165
NeuMF,2013,2013-12-31,88202,1378,6,0.9946010112762451
NeuMF,2013,2013-12-31,88202,2959,7,0.9944382905960083
NeuMF,2013,2013-12-31,88202,2231,8,0.9940778017044067
NeuMF,2013,2013-12-31,88202,3020,9,0.9927585124969482
NeuMF,2013,2013-12-31,88202,1704,10,0.9916355609893799
NeuMF,2013,2013-12-31,88230,4700,1,0.9996798038482666
NeuMF,2013,2013-12-31,88230,7293,2,0.9994961023330688
NeuMF,2013,2013-12-31,88230,7346,3,0.9991294741630554
NeuMF,2013,2013-12-31,88230,8972,4,0.9988241791725159
NeuMF,2013,2013-12-31,88230,60074,5,0.9984458088874817
NeuMF,2013,2013-12-31,88230,82167,6,0.9983807802200317
NeuMF,2013,2013-12-31,88230,1059,7,0.9980663657188416
NeuMF,2013,2013-12-31,88230,8361,8,0.9978997707366943
NeuMF,2013,2013-12-31,88230,54001,9,0.9972042441368103
NeuMF,2013,2013-12-31,88230,6548,10,0.9967536330223083
NeuMF,2013,2013-12-31,88512,33669,1,0.9993711113929749
NeuMF,2013,2013-12-31,88512,91542,2,0.9992756247520447
NeuMF,2013,2013-12-31,88512,62849,3,0.9991475343704224
NeuMF,2013,2013-12-31,88512,78218,4,0.9990967512130737
NeuMF,2013,2013-12-31,88512,5029,5,0.9990860223770142
NeuMF,2013,2013-12-31,88512,5151,6,0.9989997744560242
NeuMF,2013,2013-12-31,88512,48877,7,0.9989734888076782
NeuMF,2013,2013-12-31,88512,36529,8,0.9989251494407654
NeuMF,2013,2013-12-31,88512,38061,9,0.998746395111084
NeuMF,2013,2013-12-31,88512,88785,10,0.9987013339996338
NeuMF,2013,2013-12-31,88915,68791,1,0.9996352195739746
NeuMF,2013,2013-12-31,88915,4446,2,0.9992844462394714
NeuMF,2013,2013-12-31,88915,231,3,0.9986863732337952
NeuMF,2013,2013-12-31,88915,76093,4,0.9985333681106567
NeuMF,2013,2013-12-31,88915,8861,5,0.9985166192054749
NeuMF,2013,2013-12-31,88915,1320,6,0.9984948635101318
NeuMF,2013,2013-12-31,88915,5218,7,0.9983831644058228
NeuMF,2013,2013-12-31,88915,71535,8,0.998331606388092
NeuMF,2013,2013-12-31,88915,7317,9,0.9982036352157593
NeuMF,2013,2013-12-31,88915,4105,10,0.9980179071426392
NeuMF,2013,2013-12-31,89106,84152,1,0.9998353719711304
NeuMF,2013,2013-12-31,89106,57528,2,0.9996732473373413
NeuMF,2013,2013-12-31,89106,69306,3,0.9995822310447693
NeuMF,2013,2013-12-31,89106,63131,4,0.9995019435882568
NeuMF,2013,2013-12-31,89106,56156,5,0.9993795156478882
NeuMF,2013,2013-12-31,89106,87430,6,0.9992757439613342
NeuMF,2013,2013-12-31,89106,51935,7,0.9991016387939453
NeuMF,2013,2013-12-31,89106,80489,8,0.9987528324127197
NeuMF,2013,2013-12-31,89106,81591,9,0.9987115859985352
NeuMF,2013,2013-12-31,89106,5989,10,0.9985070824623108
NeuMF,2013,2013-12-31,89427,59995,1,0.9999755620956421
NeuMF,2013,2013-12-31,89427,48516,2,0.9997838139533997
NeuMF,2013,2013-12-31,89427,65418,3,0.9996930360794067
NeuMF,2013,2013-12-31,89427,71579,4,0.9996539354324341
NeuMF,2013,2013-12-31,89427,64620,5,0.9995766282081604
NeuMF,2013,2013-12-31,89427,64839,6,0.9995366334915161
NeuMF,2013,2013-12-31,89427,80489,7,0.9994181394577026
NeuMF,2013,2013-12-31,89427,72011,8,0.9993693232536316
NeuMF,2013,2013-12-31,89427,84392,9,0.9993368983268738
NeuMF,2013,2013-12-31,89427,54503,10,0.9990849494934082
NeuMF,2013,2013-12-31,89433,34338,1,0.9999032020568848
NeuMF,2013,2013-12-31,89433,4878,2,0.9996447563171387
NeuMF,2013,2013-12-31,89433,44191,3,0.9991912245750427
NeuMF,2013,2013-12-31,89433,7022,4,0.9990110397338867
NeuMF,2013,2013-12-31,89433,7387,5,0.9989572763442993
NeuMF,2013,2013-12-31,89433,4779,6,0.9987922310829163
NeuMF,2013,2013-12-31,89433,4846,7,0.998721182346344
NeuMF,2013,2013-12-31,89433,46965,8,0.9986429810523987
NeuMF,2013,2013-12-31,89433,44761,9,0.9984217882156372
NeuMF,2013,2013-12-31,89433,7899,10,0.9983788728713989
NeuMF,2013,2013-12-31,89494,3060,1,0.9992926120758057
NeuMF,2013,2013-12-31,89494,3241,2,0.9991637468338013
NeuMF,2013,2013-12-31,89494,4334,3,0.9987066984176636
NeuMF,2013,2013-12-31,89494,2843,4,0.9985136389732361
NeuMF,2013,2013-12-31,89494,5890,5,0.9981379508972168
NeuMF,2013,2013-12-31,89494,3127,6,0.9979854822158813
NeuMF,2013,2013-12-31,89494,1734,7,0.9976673126220703
NeuMF,2013,2013-12-31,89494,3347,8,0.9975797533988953
NeuMF,2013,2013-12-31,89494,2575,9,0.9975724816322327
NeuMF,2013,2013-12-31,89494,60950,10,0.9972760081291199
NeuMF,2013,2013-12-31,89582,58559,1,0.9996790885925293
NeuMF,2013,2013-12-31,89582,60069,2,0.9996368885040283
NeuMF,2013,2013-12-31,89582,72998,3,0.9995906949043274
NeuMF,2013,2013-12-31,89582,76093,4,0.9994083642959595
NeuMF,2013,2013-12-31,89582,63082,5,0.9990749359130859
NeuMF,2013,2013-12-31,89582,87232,6,0.9989527463912964
NeuMF,2013,2013-12-31,89582,68358,7,0.9989294409751892
NeuMF,2013,2013-12-31,89582,89745,8,0.9987121820449829
NeuMF,2013,2013-12-31,89582,76251,9,0.9986841082572937
NeuMF,2013,2013-12-31,89582,296,10,0.9986792206764221
NeuMF,2013,2013-12-31,89645,56941,1,0.9999854564666748
NeuMF,2013,2013-12-31,89645,45720,2,0.9998615980148315
NeuMF,2013,2013-12-31,89645,48997,3,0.9993048906326294
NeuMF,2013,2013-12-31,89645,63992,4,0.9991587400436401
NeuMF,2013,2013-12-31,89645,8533,5,0.9990664124488831
NeuMF,2013,2013-12-31,89645,4993,6,0.998819887638092
NeuMF,2013,2013-12-31,89645,72731,7,0.9988196492195129
NeuMF,2013,2013-12-31,89645,81591,8,0.9986385703086853
NeuMF,2013,2013-12-31,89645,7162,9,0.9985308647155762
NeuMF,2013,2013-12-31,89645,53121,10,0.9985252022743225
NeuMF,2013,2013-12-31,89954,26662,1,0.9998052716255188
NeuMF,2013,2013-12-31,89954,64285,2,0.9995737671852112
NeuMF,2013,2013-12-31,89954,26283,3,0.9995684027671814
NeuMF,2013,2013-12-31,89954,44788,4,0.9994592070579529
NeuMF,2013,2013-12-31,89954,6350,5,0.9993556141853333
NeuMF,2013,2013-12-31,89954,7387,6,0.9991816878318787
NeuMF,2013,2013-12-31,89954,31658,7,0.9991484880447388
NeuMF,2013,2013-12-31,89954,7007,8,0.9990122318267822
NeuMF,2013,2013-12-31,89954,3267,9,0.9988504648208618
NeuMF,2013,2013-12-31,89954,76251,10,0.9986818432807922
NeuMF,2013,2013-12-31,90138,1006,1,0.9991331696510315
NeuMF,2013,2013-12-31,90138,67255,2,0.9988262057304382
NeuMF,2013,2013-12-31,90138,1357,3,0.9987510442733765
NeuMF,2013,2013-12-31,90138,382,4,0.998410701751709
NeuMF,2013,2013-12-31,90138,5995,5,0.9979653358459473
NeuMF,2013,2013-12-31,90138,27803,6,0.9978240728378296
NeuMF,2013,2013-12-31,90138,552,7,0.9977529644966125
NeuMF,2013,2013-12-31,90138,79,8,0.9976602792739868
NeuMF,2013,2013-12-31,90138,44555,9,0.9975231289863586
NeuMF,2013,2013-12-31,90138,215,10,0.9971700310707092
NeuMF,2013,2013-12-31,90370,77854,1,0.9984241724014282
NeuMF,2013,2013-12-31,90370,6807,2,0.9982409477233887
NeuMF,2013,2013-12-31,90370,1967,3,0.9978171586990356
NeuMF,2013,2013-12-31,90370,60069,4,0.9970242381095886
NeuMF,2013,2013-12-31,90370,79132,5,0.9968376159667969
NeuMF,2013,2013-12-31,90370,7836,6,0.9966182112693787
NeuMF,2013,2013-12-31,90370,2657,7,0.996577799320221
NeuMF,2013,2013-12-31,90370,52435,8,0.9965617060661316
NeuMF,2013,2013-12-31,90370,63082,9,0.9960952401161194
NeuMF,2013,2013-12-31,90370,2959,10,0.9959298968315125
NeuMF,2013,2013-12-31,90419,52604,1,0.999380350112915
NeuMF,2013,2013-12-31,90419,647,2,0.9981521964073181
NeuMF,2013,2013-12-31,90419,56782,3,0.9976067543029785
NeuMF,2013,2013-12-31,90419,8532,4,0.9972487092018127
NeuMF,2013,2013-12-31,90419,7158,5,0.9970236420631409
NeuMF,2013,2013-12-31,90419,4007,6,0.9967105388641357
NeuMF,2013,2013-12-31,90419,1727,7,0.9963603615760803
NeuMF,2013,2013-12-31,90419,50923,8,0.9959374666213989
NeuMF,2013,2013-12-31,90419,58295,9,0.9956325888633728
NeuMF,2013,2013-12-31,90419,4023,10,0.994597315788269
NeuMF,2013,2013-12-31,90490,2858,1,0.9995384216308594
NeuMF,2013,2013-12-31,90490,1221,2,0.9985969662666321
NeuMF,2013,2013-12-31,90490,778,3,0.998496413230896
NeuMF,2013,2013-12-31,90490,111,4,0.9973909258842468
NeuMF,2013,2013-12-31,90490,4022,5,0.9956195950508118
NeuMF,2013,2013-12-31,90490,3949,6,0.9948862195014954
NeuMF,2013,2013-12-31,90490,58559,7,0.9942657351493835
NeuMF,2013,2013-12-31,90490,2542,8,0.9941797256469727
NeuMF,2013,2013-12-31,90490,1923,9,0.9939490556716919
NeuMF,2013,2013-12-31,90490,33794,10,0.993866503238678
NeuMF,2013,2013-12-31,90728,302,1,0.9999117851257324
NeuMF,2013,2013-12-31,90728,4981,2,0.9998753070831299
NeuMF,2013,2013-12-31,90728,3429,3,0.9995561242103577
NeuMF,2013,2013-12-31,90728,8983,4,0.9994643330574036
NeuMF,2013,2013-12-31,90728,3984,5,0.9989129304885864
NeuMF,2013,2013-12-31,90728,307,6,0.9984813332557678
NeuMF,2013,2013-12-31,90728,4383,7,0.9980180263519287
NeuMF,2013,2013-12-31,90728,290,8,0.997962474822998
NeuMF,2013,2013-12-31,90728,3186,9,0.9977565407752991
NeuMF,2013,2013-12-31,90728,319,10,0.9977237582206726
NeuMF,2013,2013-12-31,91018,26150,1,0.9999837875366211
NeuMF,2013,2013-12-31,91018,3415,2,0.9999784231185913
NeuMF,2013,2013-12-31,91018,1232,3,0.9999603033065796
NeuMF,2013,2013-12-31,91018,6599,4,0.9999586343765259
NeuMF,2013,2013-12-31,91018,3075,5,0.9999473094940186
NeuMF,2013,2013-12-31,91018,7043,6,0.9998227953910828
NeuMF,2013,2013-12-31,91018,6433,7,0.9998095631599426
NeuMF,2013,2013-12-31,91018,8477,8,0.9998063445091248
NeuMF,2013,2013-12-31,91018,3503,9,0.9997996687889099
NeuMF,2013,2013-12-31,91018,1572,10,0.9997977614402771
NeuMF,2013,2013-12-31,91363,111,1,0.99983811378479
NeuMF,2013,2013-12-31,91363,1193,2,0.9990517497062683
NeuMF,2013,2013-12-31,91363,296,3,0.9990265369415283
NeuMF,2013,2013-12-31,91363,4034,4,0.9989023208618164
NeuMF,2013,2013-12-31,91363,608,5,0.9988687634468079
NeuMF,2013,2013-12-31,91363,1230,6,0.9984889030456543
NeuMF,2013,2013-12-31,91363,1288,7,0.9984865188598633
NeuMF,2013,2013-12-31,91363,6711,8,0.9983880519866943
NeuMF,2013,2013-12-31,91363,1221,9,0.9982603192329407
NeuMF,2013,2013-12-31,91363,3504,10,0.9982183575630188
NeuMF,2013,2013-12-31,91685,60950,1,0.9997460246086121
NeuMF,2013,2013-12-31,91685,55052,2,0.9996277093887329
NeuMF,2013,2013-12-31,91685,55276,3,0.9995697140693665
NeuMF,2013,2013-12-31,91685,40819,4,0.9995467066764832
NeuMF,2013,2013-12-31,91685,48696,5,0.9994447827339172
NeuMF,2013,2013-12-31,91685,69784,6,0.9993436932563782
NeuMF,2013,2013-12-31,91685,64614,7,0.9992340803146362
NeuMF,2013,2013-12-31,91685,63876,8,0.9991999268531799
NeuMF,2013,2013-12-31,91685,69122,9,0.9991318583488464
NeuMF,2013,2013-12-31,91685,56788,10,0.9990249872207642
NeuMF,2013,2013-12-31,91788,44555,1,0.9998836517333984
NeuMF,2013,2013-12-31,91788,54881,2,0.9998674392700195
NeuMF,2013,2013-12-31,91788,44665,3,0.9997870326042175
NeuMF,2013,2013-12-31,91788,61236,4,0.9997695088386536
NeuMF,2013,2013-12-31,91788,49530,5,0.9997112154960632
NeuMF,2013,2013-12-31,91788,70286,6,0.9996862411499023
NeuMF,2013,2013-12-31,91788,55276,7,0.9996210336685181
NeuMF,2013,2013-12-31,91788,71535,8,0.99941086769104
NeuMF,2013,2013-12-31,91788,80489,9,0.9993639588356018
NeuMF,2013,2013-12-31,91788,55247,10,0.9992363452911377
NeuMF,2013,2013-12-31,91844,3201,1,0.9952747821807861
NeuMF,2013,2013-12-31,91844,593,2,0.9950662851333618
NeuMF,2013,2013-12-31,91844,4641,3,0.9945775270462036
NeuMF,2013,2013-12-31,91844,1225,4,0.9944798946380615
NeuMF,2013,2013-12-31,91844,1734,5,0.9943795800209045
NeuMF,2013,2013-12-31,91844,6773,6,0.9936337471008301
NeuMF,2013,2013-12-31,91844,45950,7,0.9935011267662048
NeuMF,2013,2013-12-31,91844,89492,8,0.9930892586708069
NeuMF,2013,2013-12-31,91844,457,9,0.9927740097045898
NeuMF,2013,2013-12-31,91844,4322,10,0.9925289750099182
NeuMF,2013,2013-12-31,91881,745,1,0.9998807907104492
NeuMF,2013,2013-12-31,91881,31410,2,0.9998157620429993
NeuMF,2013,2013-12-31,91881,1255,3,0.9996997117996216
NeuMF,2013,2013-12-31,91881,3000,4,0.9992445707321167
NeuMF,2013,2013-12-31,91881,1221,5,0.9989317059516907
NeuMF,2013,2013-12-31,91881,2726,6,0.9983188509941101
NeuMF,2013,2013-12-31,91881,6807,7,0.998023271560669
NeuMF,2013,2013-12-31,91881,1223,8,0.9977796673774719
NeuMF,2013,2013-12-31,91881,288,9,0.9975791573524475
NeuMF,2013,2013-12-31,91881,4027,10,0.9975379705429077
NeuMF,2013,2013-12-31,92921,54503,1,0.99941086769104
NeuMF,2013,2013-12-31,92921,68358,2,0.9989874958992004
NeuMF,2013,2013-12-31,92921,59369,3,0.9987378716468811
NeuMF,2013,2013-12-31,92921,79132,4,0.9986591339111328
NeuMF,2013,2013-12-31,92921,61132,5,0.9983264803886414
NeuMF,2013,2013-12-31,92921,89745,6,0.9979888200759888
NeuMF,2013,2013-12-31,92921,74458,7,0.9978905320167542
NeuMF,2013,2013-12-31,92921,356,8,0.9977899789810181
NeuMF,2013,2013-12-31,92921,95510,9,0.9976947903633118
NeuMF,2013,2013-12-31,92921,70286,10,0.9974602460861206
NeuMF,2013,2013-12-31,93112,7439,1,0.9996330738067627
NeuMF,2013,2013-12-31,93112,6902,2,0.9992855191230774
NeuMF,2013,2013-12-31,93112,3581,3,0.9990737438201904
NeuMF,2013,2013-12-31,93112,30810,4,0.9988763928413391
NeuMF,2013,2013-12-31,93112,4816,5,0.9985350370407104
NeuMF,2013,2013-12-31,93112,4902,6,0.9984581470489502
NeuMF,2013,2013-12-31,93112,7124,7,0.998455286026001
NeuMF,2013,2013-12-31,93112,8972,8,0.9980840682983398
NeuMF,2013,2013-12-31,93112,4056,9,0.9980575442314148
NeuMF,2013,2013-12-31,93112,7173,10,0.9980193376541138
NeuMF,2013,2013-12-31,93378,58376,1,0.9991663694381714
NeuMF,2013,2013-12-31,93378,4262,2,0.9987289309501648
NeuMF,2013,2013-12-31,93378,231,3,0.9982043504714966
NeuMF,2013,2013-12-31,93378,3005,4,0.9980997443199158
NeuMF,2013,2013-12-31,93378,3949,5,0.9979802966117859
NeuMF,2013,2013-12-31,93378,48516,6,0.9978746175765991
NeuMF,2013,2013-12-31,93378,72998,7,0.9977983236312866
NeuMF,2013,2013-12-31,93378,4018,8,0.9975370168685913
NeuMF,2013,2013-12-31,93378,5137,9,0.9968701004981995
NeuMF,2013,2013-12-31,93378,4022,10,0.9967553019523621
NeuMF,2013,2013-12-31,93479,53129,1,0.9999358654022217
NeuMF,2013,2013-12-31,93479,45730,2,0.9994170665740967
NeuMF,2013,2013-12-31,93479,79057,3,0.9987090826034546
NeuMF,2013,2013-12-31,93479,61705,4,0.9982715845108032
NeuMF,2013,2013-12-31,93479,74948,5,0.9978838562965393
NeuMF,2013,2013-12-31,93479,63992,6,0.9978411197662354
NeuMF,2013,2013-12-31,93479,65230,7,0.99783855676651
NeuMF,2013,2013-12-31,93479,73929,8,0.9974268078804016
NeuMF,2013,2013-12-31,93479,64614,9,0.997036337852478
NeuMF,2013,2013-12-31,93479,7451,10,0.9962524771690369
NeuMF,2013,2013-12-31,93698,54190,1,0.999173104763031
NeuMF,2013,2013-12-31,93698,4132,2,0.9990600943565369
NeuMF,2013,2013-12-31,93698,37729,3,0.9989364743232727
NeuMF,2013,2013-12-31,93698,27563,4,0.9984689354896545
NeuMF,2013,2013-12-31,93698,8809,5,0.998224675655365
NeuMF,2013,2013-12-31,93698,56757,6,0.9980453252792358
NeuMF,2013,2013-12-31,93698,2118,7,0.9979422688484192
NeuMF,2013,2013-12-31,93698,3477,8,0.9969853758811951
NeuMF,2013,2013-12-31,93698,53956,9,0.9967629909515381
NeuMF,2013,2013-12-31,93698,5146,10,0.9966340661048889
NeuMF,2013,2013-12-31,93765,88810,1,0.9993385672569275
NeuMF,2013,2013-12-31,93765,51471,2,0.9966955184936523
NeuMF,2013,2013-12-31,93765,2501,3,0.995166540145874
NeuMF,2013,2013-12-31,93765,82169,4,0.9950841069221497
NeuMF,2013,2013-12-31,93765,1296,5,0.9941893815994263
NeuMF,2013,2013-12-31,93765,91658,6,0.9940983057022095
NeuMF,2013,2013-12-31,93765,6942,7,0.993812084197998
NeuMF,2013,2013-12-31,93765,3105,8,0.9932109713554382
NeuMF,2013,2013-12-31,93765,81591,9,0.9921591281890869
NeuMF,2013,2013-12-31,93765,49772,10,0.9911890029907227
NeuMF,2013,2013-12-31,93951,5890,1,0.9998594522476196
NeuMF,2013,2013-12-31,93951,81845,2,0.9994663596153259
NeuMF,2013,2013-12-31,93951,7323,3,0.9994458556175232
NeuMF,2013,2013-12-31,93951,60069,4,0.9992560744285583
NeuMF,2013,2013-12-31,93951,31410,5,0.9990814924240112
NeuMF,2013,2013-12-31,93951,80463,6,0.998936116695404
NeuMF,2013,2013-12-31,93951,4439,7,0.9987348914146423
NeuMF,2013,2013-12-31,93951,7234,8,0.9986483454704285
NeuMF,2013,2013-12-31,93951,55069,9,0.9983904361724854
NeuMF,2013,2013-12-31,93951,307,10,0.9983590245246887
NeuMF,2013,2013-12-31,93954,80969,1,0.9998887777328491
NeuMF,2013,2013-12-31,93954,90405,2,0.999854564666748
NeuMF,2013,2013-12-31,93954,84152,3,0.9998412132263184
NeuMF,2013,2013-12-31,93954,4878,4,0.9997454285621643
NeuMF,2013,2013-12-31,93954,7361,5,0.9997333884239197
NeuMF,2013,2013-12-31,93954,7323,6,0.9996961355209351
NeuMF,2013,2013-12-31,93954,78574,7,0.9996084570884705
NeuMF,2013,2013-12-31,93954,87232,8,0.9995197057723999
NeuMF,2013,2013-12-31,93954,59995,9,0.9994565844535828
NeuMF,2013,2013-12-31,93954,48516,10,0.9994193315505981
NeuMF,2013,2013-12-31,94122,5267,1,0.9981082677841187
NeuMF,2013,2013-12-31,94122,4016,2,0.9980918765068054
NeuMF,2013,2013-12-31,94122,4954,3,0.9974011182785034
NeuMF,2013,2013-12-31,94122,7293,4,0.9973575472831726
NeuMF,2013,2013-12-31,94122,8972,5,0.9973275661468506
NeuMF,2013,2013-12-31,94122,6322,6,0.9968369007110596
NeuMF,2013,2013-12-31,94122,5957,7,0.9968039989471436
NeuMF,2013,2013-12-31,94122,6856,8,0.9964191913604736
NeuMF,2013,2013-12-31,94122,5667,9,0.9962980151176453
NeuMF,2013,2013-12-31,94122,7324,10,0.9960475564002991
NeuMF,2013,2013-12-31,94291,6062,1,0.9987095594406128
NeuMF,2013,2013-12-31,94291,2155,2,0.998421311378479
NeuMF,2013,2013-12-31,94291,5404,3,0.9983637928962708
NeuMF,2013,2013-12-31,94291,8610,4,0.9982168078422546
NeuMF,2013,2013-12-31,94291,1292,5,0.9979292154312134
NeuMF,2013,2013-12-31,94291,27878,6,0.9978989362716675
NeuMF,2013,2013-12-31,94291,232,7,0.9973880648612976
NeuMF,2013,2013-12-31,94291,1267,8,0.99688321352005
NeuMF,2013,2013-12-31,94291,5120,9,0.9964704513549805
NeuMF,2013,2013-12-31,94291,6936,10,0.9964205026626587
NeuMF,2013,2013-12-31,94292,31410,1,0.9984448552131653
NeuMF,2013,2013-12-31,94292,81932,2,0.9983468055725098
NeuMF,2013,2013-12-31,94292,60950,3,0.9982743263244629
NeuMF,2013,2013-12-31,94292,1263,4,0.9976714253425598
NeuMF,2013,2013-12-31,94292,1729,5,0.9971976280212402
NeuMF,2013,2013-12-31,94292,68157,6,0.9969432950019836
NeuMF,2013,2013-12-31,94292,1228,7,0.9954344630241394
NeuMF,2013,2013-12-31,94292,4878,8,0.9943557977676392
NeuMF,2013,2013-12-31,94292,1466,9,0.9940952062606812
NeuMF,2013,2013-12-31,94292,60069,10,0.9933854937553406
NeuMF,2013,2013-12-31,94512,52435,1,0.9998648166656494
NeuMF,2013,2013-12-31,94512,6618,2,0.9996275901794434
NeuMF,2013,2013-12-31,94512,65261,3,0.9993662238121033
NeuMF,2013,2013-12-31,94512,2924,4,0.9992232322692871
NeuMF,2013,2013-12-31,94512,1967,5,0.9990736246109009
NeuMF,2013,2013-12-31,94512,7700,6,0.9987296462059021
NeuMF,2013,2013-12-31,94512,44191,7,0.9986314177513123
NeuMF,2013,2013-12-31,94512,7899,8,0.9984991550445557
NeuMF,2013,2013-12-31,94512,27773,9,0.9984883069992065
NeuMF,2013,2013-12-31,94512,7090,10,0.9983810186386108
NeuMF,2013,2013-12-31,95043,90376,1,0.9990562796592712
NeuMF,2013,2013-12-31,95043,57980,2,0.9984763264656067
NeuMF,2013,2013-12-31,95043,1246,3,0.9982446432113647
NeuMF,2013,2013-12-31,95043,80463,4,0.9981153011322021
NeuMF,2013,2013-12-31,95043,527,5,0.9981083869934082
NeuMF,2013,2013-12-31,95043,356,6,0.9976083040237427
NeuMF,2013,2013-12-31,95043,86882,7,0.9975919723510742
NeuMF,2013,2013-12-31,95043,87079,8,0.9974543452262878
NeuMF,2013,2013-12-31,95043,7361,9,0.9974309802055359
NeuMF,2013,2013-12-31,95043,64197,10,0.9971652626991272
NeuMF,2013,2013-12-31,95069,7153,1,0.9995453953742981
NeuMF,2013,2013-12-31,95069,1093,2,0.9994244575500488
NeuMF,2013,2013-12-31,95069,4993,3,0.9994205236434937
NeuMF,2013,2013-12-31,95069,50,4,0.9993098974227905
NeuMF,2013,2013-12-31,95069,5952,5,0.9992096424102783
NeuMF,2013,2013-12-31,95069,2329,6,0.9989321827888489
NeuMF,2013,2013-12-31,95069,1704,7,0.9986407160758972
NeuMF,2013,2013-12-31,95069,79132,8,0.998578667640686
NeuMF,2013,2013-12-31,95069,5995,9,0.998565137386322
NeuMF,2013,2013-12-31,95069,2028,10,0.9983212351799011
NeuMF,2013,2013-12-31,95161,58306,1,0.9998310804367065
NeuMF,2013,2013-12-31,95161,52579,2,0.9993278980255127
NeuMF,2013,2013-12-31,95161,60950,3,0.9991870522499084
NeuMF,2013,2013-12-31,95161,53460,4,0.9990395903587341
NeuMF,2013,2013-12-31,95161,800,5,0.9988596439361572
NeuMF,2013,2013-12-31,95161,1834,6,0.9986942410469055
NeuMF,2013,2013-12-31,95161,71466,7,0.9985843896865845
NeuMF,2013,2013-12-31,95161,52604,8,0.9985604882240295
NeuMF,2013,2013-12-31,95161,2696,9,0.9985016584396362
NeuMF,2013,2013-12-31,95161,58295,10,0.9983276724815369
NeuMF,2013,2013-12-31,95354,64034,1,0.9998830556869507
NeuMF,2013,2013-12-31,95354,51412,2,0.9997945427894592
NeuMF,2013,2013-12-31,95354,48997,3,0.9997943043708801
NeuMF,2013,2013-12-31,95354,49278,4,0.9996697902679443
NeuMF,2013,2013-12-31,95354,52604,5,0.9996675252914429
NeuMF,2013,2013-12-31,95354,55247,6,0.999496340751648
NeuMF,2013,2013-12-31,95354,55721,7,0.9993380904197693
NeuMF,2013,2013-12-31,95354,45447,8,0.9992977380752563
NeuMF,2013,2013-12-31,95354,67197,9,0.9992051720619202
NeuMF,2013,2013-12-31,95354,52722,10,0.9990345239639282
NeuMF,2013,2013-12-31,96184,61262,1,0.9999302625656128
NeuMF,2013,2013-12-31,96184,63436,2,0.9999250173568726
NeuMF,2013,2013-12-31,96184,57274,3,0.9999140501022339
NeuMF,2013,2013-12-31,96184,55577,4,0.9998807907104492
NeuMF,2013,2013-12-31,96184,52604,5,0.9997691512107849
NeuMF,2013,2013-12-31,96184,55232,6,0.9997660517692566
NeuMF,2013,2013-12-31,96184,65642,7,0.9997004270553589
NeuMF,2013,2013-12-31,96184,71135,8,0.9996916055679321
NeuMF,2013,2013-12-31,96184,5219,9,0.9996447563171387
NeuMF,2013,2013-12-31,96184,56145,10,0.999642014503479
NeuMF,2013,2013-12-31,96305,55721,1,0.9996026158332825
NeuMF,2013,2013-12-31,96305,64614,2,0.9995160102844238
NeuMF,2013,2013-12-31,96305,68157,3,0.9994986057281494
NeuMF,2013,2013-12-31,96305,80463,4,0.9994470477104187
NeuMF,2013,2013-12-31,96305,81562,5,0.9993802309036255
NeuMF,2013,2013-12-31,96305,44191,6,0.9990828037261963
NeuMF,2013,2013-12-31,96305,52604,7,0.9990785121917725
NeuMF,2013,2013-12-31,96305,72720,8,0.9990703463554382
NeuMF,2013,2013-12-31,96305,44195,9,0.9989022016525269
NeuMF,2013,2013-12-31,96305,84152,10,0.9988330006599426
NeuMF,2013,2013-12-31,96630,34072,1,0.9993676543235779
NeuMF,2013,2013-12-31,96630,30749,2,0.9989093542098999
NeuMF,2013,2013-12-31,96630,6331,3,0.9983716607093811
NeuMF,2013,2013-12-31,96630,45950,4,0.9979919195175171
NeuMF,2013,2013-12-31,96630,7256,5,0.9977434873580933
NeuMF,2013,2013-12-31,96630,7147,6,0.9976623058319092
NeuMF,2013,2013-12-31,96630,1263,7,0.997418999671936
NeuMF,2013,2013-12-31,96630,8207,8,0.9973740577697754
NeuMF,2013,2013-12-31,96630,6874,9,0.997090220451355
NeuMF,2013,2013-12-31,96630,55276,10,0.9970020651817322
NeuMF,2013,2013-12-31,97551,6502,1,0.9952244758605957
NeuMF,2013,2013-12-31,97551,7153,2,0.9952147006988525
NeuMF,2013,2013-12-31,97551,78729,3,0.9940305352210999
NeuMF,2013,2013-12-31,97551,6953,4,0.9939842820167542
NeuMF,2013,2013-12-31,97551,58559,5,0.9938313961029053
NeuMF,2013,2013-12-31,97551,50,6,0.9938219785690308
NeuMF,2013,2013-12-31,97551,318,7,0.9932335019111633
NeuMF,2013,2013-12-31,97551,62081,8,0.9931786060333252
NeuMF,2013,2013-12-31,97551,55820,9,0.9920645356178284
NeuMF,2013,2013-12-31,97551,4963,10,0.9910134673118591
NeuMF,2013,2013-12-31,97769,3470,1,0.9988607168197632
NeuMF,2013,2013-12-31,97769,63876,2,0.9986577033996582
NeuMF,2013,2013-12-31,97769,3504,3,0.9981847405433655
NeuMF,2013,2013-12-31,97769,4190,4,0.9980118274688721
NeuMF,2013,2013-12-31,97769,3852,5,0.9979820251464844
NeuMF,2013,2013-12-31,97769,3182,6,0.997809112071991
NeuMF,2013,2013-12-31,97769,3952,7,0.9977583885192871
NeuMF,2013,2013-12-31,97769,5385,8,0.9976276755332947
NeuMF,2013,2013-12-31,97769,314,9,0.9974092841148376
NeuMF,2013,2013-12-31,97769,534,10,0.997195839881897
NeuMF,2013,2013-12-31,97829,81845,1,0.9998371601104736
NeuMF,2013,2013-12-31,97829,86880,2,0.9994989633560181
NeuMF,2013,2013-12-31,97829,58047,3,0.9994245767593384
NeuMF,2013,2013-12-31,97829,58559,4,0.9989172220230103
NeuMF,2013,2013-12-31,97829,82202,5,0.9988330006599426
NeuMF,2013,2013-12-31,97829,88405,6,0.9986989498138428
NeuMF,2013,2013-12-31,97829,44665,7,0.9986292123794556
NeuMF,2013,2013-12-31,97829,60408,8,0.9985039234161377
NeuMF,2013,2013-12-31,97829,71518,9,0.998472273349762
NeuMF,2013,2013-12-31,97829,80906,10,0.9984626770019531
NeuMF,2013,2013-12-31,97868,68358,1,0.9994376301765442
NeuMF,2013,2013-12-31,97868,46578,2,0.9993674159049988
NeuMF,2013,2013-12-31,97868,60069,3,0.9991851449012756
NeuMF,2013,2013-12-31,97868,48394,4,0.9988951086997986
NeuMF,2013,2013-12-31,97868,8961,5,0.9988155364990234
NeuMF,2013,2013-12-31,97868,1197,6,0.9987976551055908
NeuMF,2013,2013-12-31,97868,5971,7,0.9987924098968506
NeuMF,2013,2013-12-31,97868,2858,8,0.9986642599105835
NeuMF,2013,2013-12-31,97868,58559,9,0.9986544847488403
NeuMF,2013,2013-12-31,97868,2959,10,0.9983561635017395
NeuMF,2013,2013-12-31,98078,97,1,0.9982591271400452
NeuMF,2013,2013-12-31,98078,223,2,0.9980574250221252
NeuMF,2013,2013-12-31,98078,2959,3,0.9966796636581421
NeuMF,2013,2013-12-31,98078,42725,4,0.9963405132293701
NeuMF,2013,2013-12-31,98078,1089,5,0.9954054355621338
NeuMF,2013,2013-12-31,98078,88,6,0.9954016208648682
NeuMF,2013,2013-12-31,98078,1136,7,0.9952776432037354
NeuMF,2013,2013-12-31,98078,1100,8,0.994964599609375
NeuMF,2013,2013-12-31,98078,1293,9,0.9947230815887451
NeuMF,2013,2013-12-31,98078,293,10,0.9944671392440796
NeuMF,2013,2013-12-31,98206,2731,1,0.9998056292533875
NeuMF,2013,2013-12-31,98206,5291,2,0.9996888637542725
NeuMF,2013,2013-12-31,98206,3089,3,0.9992832541465759
NeuMF,2013,2013-12-31,98206,6669,4,0.9984558820724487
NeuMF,2013,2013-12-31,98206,1217,5,0.9977505803108215
NeuMF,2013,2013-12-31,98206,1178,6,0.997308611869812
NeuMF,2013,2013-12-31,98206,7700,7,0.9970436692237854
NeuMF,2013,2013-12-31,98206,31410,8,0.9969661831855774
NeuMF,2013,2013-12-31,98206,1228,9,0.9966993927955627
NeuMF,2013,2013-12-31,98206,3022,10,0.9964683055877686
NeuMF,2013,2013-12-31,98432,1032,1,0.9998699426651001
NeuMF,2013,2013-12-31,98432,107,2,0.9998020529747009
NeuMF,2013,2013-12-31,98432,1022,3,0.9995101690292358
NeuMF,2013,2013-12-31,98432,1967,4,0.9994345307350159
NeuMF,2013,2013-12-31,98432,745,5,0.9993695616722107
NeuMF,2013,2013-12-31,98432,661,6,0.9993267059326172
NeuMF,2013,2013-12-31,98432,2083,7,0.9992712140083313
NeuMF,2013,2013-12-31,98432,2137,8,0.9991112351417542
NeuMF,2013,2013-12-31,98432,2720,9,0.9989894032478333
NeuMF,2013,2013-12-31,98432,1023,10,0.9988256096839905
NeuMF,2013,2013-12-31,98538,5629,1,0.9997851252555847
NeuMF,2013,2013-12-31,98538,78105,2,0.9997147917747498
NeuMF,2013,2013-12-31,98538,5804,3,0.9993795156478882
NeuMF,2013,2013-12-31,98538,66171,4,0.9993448853492737
NeuMF,2013,2013-12-31,98538,81229,5,0.9991798996925354
NeuMF,2013,2013-12-31,98538,3270,6,0.9987720847129822
NeuMF,2013,2013-12-31,98538,3275,7,0.9987040758132935
NeuMF,2013,2013-12-31,98538,3512,8,0.9986487030982971
NeuMF,2013,2013-12-31,98538,58347,9,0.9984812140464783
NeuMF,2013,2013-12-31,98538,5418,10,0.998206377029419
NeuMF,2013,2013-12-31,98666,7099,1,0.9996637105941772
NeuMF,2013,2013-12-31,98666,60069,2,0.9995744824409485
NeuMF,2013,2013-12-31,98666,27741,3,0.9995450377464294
NeuMF,2013,2013-12-31,98666,8368,4,0.9992198944091797
NeuMF,2013,2013-12-31,98666,6776,5,0.9991984963417053
NeuMF,2013,2013-12-31,98666,62999,6,0.9991276860237122
NeuMF,2013,2013-12-31,98666,78499,7,0.9985828399658203
NeuMF,2013,2013-12-31,98666,1223,8,0.9979833364486694
NeuMF,2013,2013-12-31,98666,52694,9,0.997896671295166
NeuMF,2013,2013-12-31,98666,8360,10,0.997657060623169
NeuMF,2013,2013-12-31,98941,1419,1,0.9999313354492188
NeuMF,2013,2013-12-31,98941,2779,2,0.9991708993911743
NeuMF,2013,2013-12-31,98941,6966,3,0.9990367889404297
NeuMF,2013,2013-12-31,98941,3040,4,0.9988330006599426
NeuMF,2013,2013-12-31,98941,1130,5,0.9986997842788696
NeuMF,2013,2013-12-31,98941,4704,6,0.9984875917434692
NeuMF,2013,2013-12-31,98941,2364,7,0.9982275366783142
NeuMF,2013,2013-12-31,98941,2872,8,0.9979022741317749
NeuMF,2013,2013-12-31,98941,6803,9,0.9977948665618896
NeuMF,2013,2013-12-31,98941,162,10,0.9972209930419922
NeuMF,2013,2013-12-31,98963,1198,1,0.9992356300354004
NeuMF,2013,2013-12-31,98963,1089,2,0.9992145299911499
NeuMF,2013,2013-12-31,98963,1197,3,0.9991525411605835
NeuMF,2013,2013-12-31,98963,55820,4,0.9991242289543152
NeuMF,2013,2013-12-31,98963,1196,5,0.9991145730018616
NeuMF,2013,2013-12-31,98963,48394,6,0.9988974332809448
NeuMF,2013,2013-12-31,98963,1210,7,0.9987547397613525
NeuMF,2013,2013-12-31,98963,1291,8,0.9986515641212463
NeuMF,2013,2013-12-31,98963,44191,9,0.9983647465705872
NeuMF,2013,2013-12-31,98963,260,10,0.9980685114860535
NeuMF,2013,2013-12-31,98974,3535,1,0.9995360374450684
NeuMF,2013,2013-12-31,98974,5945,2,0.9981209635734558
NeuMF,2013,2013-12-31,98974,3176,3,0.9978249073028564
NeuMF,2013,2013-12-31,98974,3418,4,0.9977854490280151
NeuMF,2013,2013-12-31,98974,4381,5,0.9975948929786682
NeuMF,2013,2013-12-31,98974,8957,6,0.9971862435340881
NeuMF,2013,2013-12-31,98974,6197,7,0.9968470931053162
NeuMF,2013,2013-12-31,98974,5508,8,0.9968300461769104
NeuMF,2013,2013-12-31,98974,5954,9,0.996677041053772
NeuMF,2013,2013-12-31,98974,3581,10,0.9965786337852478
NeuMF,2013,2013-12-31,99156,6016,1,0.9998176693916321
NeuMF,2013,2013-12-31,99156,8950,2,0.999672532081604
NeuMF,2013,2013-12-31,99156,63082,3,0.9991726279258728
NeuMF,2013,2013-12-31,99156,7323,4,0.9989455342292786
NeuMF,2013,2013-12-31,99156,27831,5,0.9985008239746094
NeuMF,2013,2013-12-31,99156,55442,6,0.998318076133728
NeuMF,2013,2013-12-31,99156,30749,7,0.9979932308197021
NeuMF,2013,2013-12-31,99156,74458,8,0.997319757938385
NeuMF,2013,2013-12-31,99156,59315,9,0.9971228241920471
NeuMF,2013,2013-12-31,99156,750,10,0.996749997138977
NeuMF,2013,2013-12-31,99165,79132,1,0.9999788999557495
NeuMF,2013,2013-12-31,99165,72998,2,0.9999760389328003
NeuMF,2013,2013-12-31,99165,78499,3,0.9999700784683228
NeuMF,2013,2013-12-31,99165,80463,4,0.9999477863311768
NeuMF,2013,2013-12-31,99165,81845,5,0.9999428987503052
NeuMF,2013,2013-12-31,99165,87232,6,0.9999171495437622
NeuMF,2013,2013-12-31,99165,68954,7,0.9998679161071777
NeuMF,2013,2013-12-31,99165,84152,8,0.9998218417167664
NeuMF,2013,2013-12-31,99165,90746,9,0.9997949004173279
NeuMF,2013,2013-12-31,99165,88140,10,0.9997730851173401
NeuMF,2013,2013-12-31,99329,54503,1,0.9994593262672424
NeuMF,2013,2013-12-31,99329,46578,2,0.9994377493858337
NeuMF,2013,2013-12-31,99329,51255,3,0.9992079138755798
NeuMF,2013,2013-12-31,99329,63082,4,0.9990636706352234
NeuMF,2013,2013-12-31,99329,2329,5,0.9977364540100098
NeuMF,2013,2013-12-31,99329,67997,6,0.9971804618835449
NeuMF,2013,2013-12-31,99329,52973,7,0.9969269633293152
NeuMF,2013,2013-12-31,99329,69784,8,0.9967161417007446
NeuMF,2013,2013-12-31,99329,72226,9,0.9964807629585266
NeuMF,2013,2013-12-31,99329,3949,10,0.9963741898536682
NeuMF,2013,2013-12-31,99682,1479,1,0.9994449019432068
NeuMF,2013,2013-12-31,99682,5995,2,0.9990097284317017
NeuMF,2013,2013-12-31,99682,33615,3,0.9989851117134094
NeuMF,2013,2013-12-31,99682,5530,4,0.9987483024597168
NeuMF,2013,2013-12-31,99682,3005,5,0.9987475872039795
NeuMF,2013,2013-12-31,99682,1487,6,0.998536229133606
NeuMF,2013,2013-12-31,99682,1892,7,0.9985241293907166
NeuMF,2013,2013-12-31,99682,2803,8,0.9983306527137756
NeuMF,2013,2013-12-31,99682,33166,9,0.998329222202301
NeuMF,2013,2013-12-31,99682,63082,10,0.998212456703186
NeuMF,2013,2013-12-31,99723,5572,1,0.9998732805252075
NeuMF,2013,2013-12-31,99723,6322,2,0.9995169639587402
NeuMF,2013,2013-12-31,99723,6378,3,0.9990436434745789
NeuMF,2013,2013-12-31,99723,39449,4,0.9988647699356079
NeuMF,2013,2013-12-31,99723,50685,5,0.9988613128662109
NeuMF,2013,2013-12-31,99723,63131,6,0.9988285899162292
NeuMF,2013,2013-12-31,99723,6624,7,0.9987892508506775
NeuMF,2013,2013-12-31,99723,81229,8,0.9986397624015808
NeuMF,2013,2013-12-31,99723,84392,9,0.9984575510025024
NeuMF,2013,2013-12-31,99723,5693,10,0.998441755771637
NeuMF,2013,2013-12-31,99743,1292,1,0.9991115927696228
NeuMF,2013,2013-12-31,99743,1956,2,0.9984867572784424
NeuMF,2013,2013-12-31,99743,951,3,0.9977617263793945
NeuMF,2013,2013-12-31,99743,47629,4,0.99745112657547
NeuMF,2013,2013-12-31,99743,5377,5,0.9972489476203918
NeuMF,2013,2013-12-31,99743,2952,6,0.9969744682312012
NeuMF,2013,2013-12-31,99743,5266,7,0.996206521987915
NeuMF,2013,2013-12-31,99743,4448,8,0.9960516095161438
NeuMF,2013,2013-12-31,99743,2583,9,0.9958423972129822
NeuMF,2013,2013-12-31,99743,5293,10,0.9958055019378662
NeuMF,2013,2013-12-31,99965,52319,1,0.9999432563781738
NeuMF,2013,2013-12-31,99965,27376,2,0.9997943043708801
NeuMF,2013,2013-12-31,99965,55721,3,0.9997842907905579
NeuMF,2013,2013-12-31,99965,60069,4,0.9995113611221313
NeuMF,2013,2013-12-31,99965,72998,5,0.9994841814041138
NeuMF,2013,2013-12-31,99965,57669,6,0.9994029998779297
NeuMF,2013,2013-12-31,99965,66097,7,0.9992483258247375
NeuMF,2013,2013-12-31,99965,60753,8,0.9991336464881897
NeuMF,2013,2013-12-31,99965,71535,9,0.9989991784095764
NeuMF,2013,2013-12-31,99965,68157,10,0.9986506104469299
NeuMF,2013,2013-12-31,100145,778,1,0.9991863369941711
NeuMF,2013,2013-12-31,100145,48516,2,0.9990954399108887
NeuMF,2013,2013-12-31,100145,356,3,0.9986924529075623
NeuMF,2013,2013-12-31,100145,111,4,0.9979093670845032
NeuMF,2013,2013-12-31,100145,40819,5,0.9977906942367554
NeuMF,2013,2013-12-31,100145,69757,6,0.9974274039268494
NeuMF,2013,2013-12-31,100145,6377,7,0.9969442486763
NeuMF,2013,2013-12-31,100145,55247,8,0.9967792630195618
NeuMF,2013,2013-12-31,100145,36,9,0.9961285591125488
NeuMF,2013,2013-12-31,100145,7153,10,0.9960274696350098
NeuMF,2013,2013-12-31,100422,85774,1,0.999839186668396
NeuMF,2013,2013-12-31,100422,85354,2,0.9998040795326233
NeuMF,2013,2013-12-31,100422,26462,3,0.9995686411857605
NeuMF,2013,2013-12-31,100422,27831,4,0.9995425939559937
NeuMF,2013,2013-12-31,100422,428,5,0.9993658661842346
NeuMF,2013,2013-12-31,100422,74948,6,0.9991727471351624
NeuMF,2013,2013-12-31,100422,3252,7,0.9991145730018616
NeuMF,2013,2013-12-31,100422,86142,8,0.99910968542099
NeuMF,2013,2013-12-31,100422,5009,9,0.9989401698112488
NeuMF,2013,2013-12-31,100422,54736,10,0.9989008903503418
NeuMF,2013,2013-12-31,100445,898,1,0.999338686466217
NeuMF,2013,2013-12-31,100445,27803,2,0.9992895126342773
NeuMF,2013,2013-12-31,100445,71579,3,0.9979482293128967
NeuMF,2013,2013-12-31,100445,232,4,0.9978358149528503
NeuMF,2013,2013-12-31,100445,6636,5,0.9971729516983032
NeuMF,2013,2013-12-31,100445,6373,6,0.9961711764335632
NeuMF,2013,2013-12-31,100445,5225,7,0.9961302280426025
NeuMF,2013,2013-12-31,100445,70567,8,0.9954600930213928
NeuMF,2013,2013-12-31,100445,3424,9,0.9954458475112915
NeuMF,2013,2013-12-31,100445,30825,10,0.9953774213790894
NeuMF,2013,2013-12-31,100491,273,1,0.9916914701461792
NeuMF,2013,2013-12-31,100491,593,2,0.9901543855667114
NeuMF,2013,2013-12-31,100491,724,3,0.9867485761642456
NeuMF,2013,2013-12-31,100491,253,4,0.9847155809402466
NeuMF,2013,2013-12-31,100491,296,5,0.9830918908119202
NeuMF,2013,2013-12-31,100491,260,6,0.9822242856025696
NeuMF,2013,2013-12-31,100491,47,7,0.9803527593612671
NeuMF,2013,2013-12-31,100491,1347,8,0.9788913130760193
NeuMF,2013,2013-12-31,100491,1320,9,0.9754544496536255
NeuMF,2013,2013-12-31,100491,480,10,0.9739891290664673
NeuMF,2013,2013-12-31,101156,1036,1,0.9992444515228271
NeuMF,2013,2013-12-31,101156,912,2,0.9990872144699097
NeuMF,2013,2013-12-31,101156,1225,3,0.9988922476768494
NeuMF,2013,2013-12-31,101156,1080,4,0.9983476400375366
NeuMF,2013,2013-12-31,101156,1234,5,0.9982019662857056
NeuMF,2013,2013-12-31,101156,527,6,0.9981764554977417
NeuMF,2013,2013-12-31,101156,1172,7,0.9975977540016174
NeuMF,2013,2013-12-31,101156,1275,8,0.9975870847702026
NeuMF,2013,2013-12-31,101156,1079,9,0.997569739818573
NeuMF,2013,2013-12-31,101156,110,10,0.997559666633606
NeuMF,2013,2013-12-31,101626,7034,1,0.9990028738975525
NeuMF,2013,2013-12-31,101626,382,2,0.9986981153488159
NeuMF,2013,2013-12-31,101626,7099,3,0.9983518123626709
NeuMF,2013,2013-12-31,101626,10,4,0.9963498115539551
NeuMF,2013,2013-12-31,101626,6291,5,0.996051013469696
NeuMF,2013,2013-12-31,101626,1270,6,0.9959838390350342
NeuMF,2013,2013-12-31,101626,1216,7,0.9947944283485413
NeuMF,2013,2013-12-31,101626,6350,8,0.9943072199821472
NeuMF,2013,2013-12-31,101626,7060,9,0.9942260384559631
NeuMF,2013,2013-12-31,101626,27821,10,0.9936582446098328
NeuMF,2013,2013-12-31,101903,71535,1,0.9995754361152649
NeuMF,2013,2013-12-31,101903,78469,2,0.9989232420921326
NeuMF,2013,2013-12-31,101903,8810,3,0.9985756874084473
NeuMF,2013,2013-12-31,101903,72378,4,0.9984985589981079
NeuMF,2013,2013-12-31,101903,70286,5,0.9984183311462402
NeuMF,2013,2013-12-31,101903,66097,6,0.9983661770820618
NeuMF,2013,2013-12-31,101903,78499,7,0.9982354640960693
NeuMF,2013,2013-12-31,101903,71057,8,0.9978766441345215
NeuMF,2013,2013-12-31,101903,77561,9,0.9976772665977478
NeuMF,2013,2013-12-31,101903,60069,10,0.9975320100784302
NeuMF,2013,2013-12-31,102085,48082,1,0.9994250535964966
NeuMF,2013,2013-12-31,102085,8914,2,0.999313235282898
NeuMF,2013,2013-12-31,102085,123,3,0.9992571473121643
NeuMF,2013,2013-12-31,102085,1464,4,0.9992161989212036
NeuMF,2013,2013-12-31,102085,714,5,0.9991651773452759
NeuMF,2013,2013-12-31,102085,1206,6,0.9991224408149719
NeuMF,2013,2013-12-31,102085,3083,7,0.9990515112876892
NeuMF,2013,2013-12-31,102085,55269,8,0.9989269375801086
NeuMF,2013,2013-12-31,102085,4642,9,0.9989063739776611
NeuMF,2013,2013-12-31,102085,1884,10,0.9988583326339722
NeuMF,2013,2013-12-31,102849,63082,1,0.9999876022338867
NeuMF,2013,2013-12-31,102849,47491,2,0.9997991919517517
NeuMF,2013,2013-12-31,102849,67087,3,0.9997932314872742
NeuMF,2013,2013-12-31,102849,72998,4,0.9996819496154785
NeuMF,2013,2013-12-31,102849,80549,5,0.9994668364524841
NeuMF,2013,2013-12-31,102849,64957,6,0.9993957281112671
NeuMF,2013,2013-12-31,102849,7361,7,0.9992772936820984
NeuMF,2013,2013-12-31,102849,63876,8,0.99924635887146
NeuMF,2013,2013-12-31,102849,60950,9,0.999190628528595
NeuMF,2013,2013-12-31,102849,72011,10,0.999110996723175
NeuMF,2013,2013-12-31,102905,44665,1,0.9995923638343811
NeuMF,2013,2013-12-31,102905,36529,2,0.998843789100647
NeuMF,2013,2013-12-31,102905,32587,3,0.998766303062439
NeuMF,2013,2013-12-31,102905,59315,4,0.9986771941184998
NeuMF,2013,2013-12-31,102905,63082,5,0.9985159039497375
NeuMF,2013,2013-12-31,102905,33794,6,0.9979217648506165
NeuMF,2013,2013-12-31,102905,4011,7,0.9975710511207581
NeuMF,2013,2013-12-31,102905,40819,8,0.9974552989006042
NeuMF,2013,2013-12-31,102905,6874,9,0.9973101615905762
NeuMF,2013,2013-12-31,102905,33162,10,0.9971505999565125
NeuMF,2013,2013-12-31,102960,3819,1,0.9997302889823914
NeuMF,2013,2013-12-31,102960,5051,2,0.9990264177322388
NeuMF,2013,2013-12-31,102960,4372,3,0.9985775947570801
NeuMF,2013,2013-12-31,102960,45728,4,0.998384952545166
NeuMF,2013,2013-12-31,102960,2132,5,0.9980049729347229
NeuMF,2013,2013-12-31,102960,949,6,0.9979665279388428
NeuMF,2013,2013-12-31,102960,5440,7,0.9977754950523376
NeuMF,2013,2013-12-31,102960,30820,8,0.9974229335784912
NeuMF,2013,2013-12-31,102960,5690,9,0.9973145127296448
NeuMF,2013,2013-12-31,102960,3022,10,0.9969906806945801
NeuMF,2013,2013-12-31,103188,7318,1,0.9974935054779053
NeuMF,2013,2013-12-31,103188,6874,2,0.9965764880180359
NeuMF,2013,2013-12-31,103188,8372,3,0.9957022070884705
NeuMF,2013,2013-12-31,103188,1209,4,0.9956790804862976
NeuMF,2013,2013-12-31,103188,6365,5,0.995455265045166
NeuMF,2013,2013-12-31,103188,8636,6,0.9953565001487732
NeuMF,2013,2013-12-31,103188,31685,7,0.9946059584617615
NeuMF,2013,2013-12-31,103188,8370,8,0.9942546486854553
NeuMF,2013,2013-12-31,103188,4720,9,0.9939031004905701
NeuMF,2013,2013-12-31,103188,1253,10,0.9937939643859863
NeuMF,2013,2013-12-31,103240,44555,1,0.999886155128479
NeuMF,2013,2013-12-31,103240,48516,2,0.9997343420982361
NeuMF,2013,2013-12-31,103240,6016,3,0.9997112154960632
NeuMF,2013,2013-12-31,103240,48394,4,0.9993300437927246
NeuMF,2013,2013-12-31,103240,46578,5,0.9993065595626831
NeuMF,2013,2013-12-31,103240,1172,6,0.9992120265960693
NeuMF,2013,2013-12-31,103240,26729,7,0.9990898370742798
NeuMF,2013,2013-12-31,103240,60069,8,0.9989522695541382
NeuMF,2013,2013-12-31,103240,3462,9,0.9988362193107605
NeuMF,2013,2013-12-31,103240,5291,10,0.9986857771873474
NeuMF,2013,2013-12-31,103322,30810,1,0.9998788833618164
NeuMF,2013,2013-12-31,103322,8917,2,0.9997269511222839
NeuMF,2013,2013-12-31,103322,38886,3,0.999692440032959
NeuMF,2013,2013-12-31,103322,5225,4,0.9996564388275146
NeuMF,2013,2013-12-31,103322,4649,5,0.9996469020843506
NeuMF,2013,2013-12-31,103322,101,6,0.9996260404586792
NeuMF,2013,2013-12-31,103322,8874,7,0.9995846152305603
NeuMF,2013,2013-12-31,103322,6016,8,0.9994860887527466
NeuMF,2013,2013-12-31,103322,30812,9,0.9994827508926392
NeuMF,2013,2013-12-31,103322,7361,10,0.9994619488716125
NeuMF,2013,2013-12-31,103631,68157,1,0.9999525547027588
NeuMF,2013,2013-12-31,103631,86142,2,0.9997590184211731
NeuMF,2013,2013-12-31,103631,82459,3,0.999467670917511
NeuMF,2013,2013-12-31,103631,72171,4,0.9992415904998779
NeuMF,2013,2013-12-31,103631,84152,5,0.9991658926010132
NeuMF,2013,2013-12-31,103631,51255,6,0.9990069270133972
NeuMF,2013,2013-12-31,103631,61240,7,0.9989063739776611
NeuMF,2013,2013-12-31,103631,4448,8,0.9987238049507141
NeuMF,2013,2013-12-31,103631,68358,9,0.9986479878425598
NeuMF,2013,2013-12-31,103631,4239,10,0.9985641837120056
NeuMF,2013,2013-12-31,103804,46335,1,0.9998518228530884
NeuMF,2013,2013-12-31,103804,3051,2,0.9996764659881592
NeuMF,2013,2013-12-31,103804,79224,3,0.9996533393859863
NeuMF,2013,2013-12-31,103804,8911,4,0.9996523857116699
NeuMF,2013,2013-12-31,103804,78105,5,0.9996320009231567
NeuMF,2013,2013-12-31,103804,56949,6,0.9996250867843628
NeuMF,2013,2013-12-31,103804,47122,7,0.9995668530464172
NeuMF,2013,2013-12-31,103804,84374,8,0.9995251893997192
NeuMF,2013,2013-12-31,103804,91134,9,0.9995182752609253
NeuMF,2013,2013-12-31,103804,30825,10,0.9995182752609253
NeuMF,2013,2013-12-31,103925,100,1,0.9996151924133301
NeuMF,2013,2013-12-31,103925,4103,2,0.9995629191398621
NeuMF,2013,2013-12-31,103925,5404,3,0.9993939399719238
NeuMF,2013,2013-12-31,103925,55276,4,0.9989084005355835
NeuMF,2013,2013-12-31,103925,3182,5,0.9988144636154175
NeuMF,2013,2013-12-31,103925,4799,6,0.99846351146698
NeuMF,2013,2013-12-31,103925,26085,7,0.9983251690864563
NeuMF,2013,2013-12-31,103925,4082,8,0.9982036352157593
NeuMF,2013,2013-12-31,103925,5505,9,0.9979877471923828
NeuMF,2013,2013-12-31,103925,25855,10,0.9976420402526855
NeuMF,2013,2013-12-31,103977,6,1,0.9996486902236938
NeuMF,2013,2013-12-31,103977,1089,2,0.9995629191398621
NeuMF,2013,2013-12-31,103977,2542,3,0.9994814991950989
NeuMF,2013,2013-12-31,103977,48774,4,0.9991579055786133
NeuMF,2013,2013-12-31,103977,47200,5,0.9990482926368713
NeuMF,2013,2013-12-31,103977,51255,6,0.9990019202232361
NeuMF,2013,2013-12-31,103977,733,7,0.9987819790840149
NeuMF,2013,2013-12-31,103977,44195,8,0.9987190961837769
NeuMF,2013,2013-12-31,103977,6874,9,0.9983820915222168
NeuMF,2013,2013-12-31,103977,2231,10,0.9982072114944458
NeuMF,2013,2013-12-31,104009,7669,1,0.9997592568397522
NeuMF,2013,2013-12-31,104009,63992,2,0.9997153878211975
NeuMF,2013,2013-12-31,104009,54259,3,0.9996374845504761
NeuMF,2013,2013-12-31,104009,5021,4,0.9996128678321838
NeuMF,2013,2013-12-31,104009,33722,5,0.9994351267814636
NeuMF,2013,2013-12-31,104009,62293,6,0.9994064569473267
NeuMF,2013,2013-12-31,104009,56715,7,0.9993618130683899
NeuMF,2013,2013-12-31,104009,66934,8,0.9993347525596619
NeuMF,2013,2013-12-31,104009,6377,9,0.999321699142456
NeuMF,2013,2013-12-31,104009,915,10,0.9992582201957703
NeuMF,2013,2013-12-31,104279,63131,1,0.9996737241744995
NeuMF,2013,2013-12-31,104279,73323,2,0.9995344877243042
NeuMF,2013,2013-12-31,104279,7387,3,0.999248206615448
NeuMF,2013,2013-12-31,104279,51935,4,0.9989340901374817
NeuMF,2013,2013-12-31,104279,52604,5,0.9988237023353577
NeuMF,2013,2013-12-31,104279,4438,6,0.9987449645996094
NeuMF,2013,2013-12-31,104279,31878,7,0.9986879229545593
NeuMF,2013,2013-12-31,104279,42718,8,0.9984416365623474
NeuMF,2013,2013-12-31,104279,55247,9,0.998342752456665
NeuMF,2013,2013-12-31,104279,57528,10,0.9980204105377197
NeuMF,2013,2013-12-31,104283,88235,1,0.9999796152114868
NeuMF,2013,2013-12-31,104283,63131,2,0.9999536275863647
NeuMF,2013,2013-12-31,104283,33725,3,0.9998962879180908
NeuMF,2013,2013-12-31,104283,58559,4,0.9998098015785217
NeuMF,2013,2013-12-31,104283,80693,5,0.9997747540473938
NeuMF,2013,2013-12-31,104283,64614,6,0.999714195728302
NeuMF,2013,2013-12-31,104283,87869,7,0.9996575117111206
NeuMF,2013,2013-12-31,104283,59141,8,0.9995961785316467
NeuMF,2013,2013-12-31,104283,52604,9,0.9994580149650574
NeuMF,2013,2013-12-31,104283,74228,10,0.9994445443153381
NeuMF,2013,2013-12-31,104492,7361,1,0.999612033367157
NeuMF,2013,2013-12-31,104492,5903,2,0.9996070265769958
NeuMF,2013,2013-12-31,104492,73344,3,0.9995930790901184
NeuMF,2013,2013-12-31,104492,68237,4,0.9994833469390869
NeuMF,2013,2013-12-31,104492,1175,5,0.9986000657081604
NeuMF,2013,2013-12-31,104492,72171,6,0.9983078241348267
NeuMF,2013,2013-12-31,104492,522,7,0.998221218585968
NeuMF,2013,2013-12-31,104492,85412,8,0.9982110261917114
NeuMF,2013,2013-12-31,104492,76251,9,0.9980239868164062
NeuMF,2013,2013-12-31,104492,27592,10,0.9978140592575073
NeuMF,2013,2013-12-31,104618,38886,1,0.9992401599884033
NeuMF,2013,2013-12-31,104618,7361,2,0.9980886578559875
NeuMF,2013,2013-12-31,104618,36535,3,0.9978538155555725
NeuMF,2013,2013-12-31,104618,48082,4,0.9973844885826111
NeuMF,2013,2013-12-31,104618,30810,5,0.9973840117454529
NeuMF,2013,2013-12-31,104618,8873,6,0.9964308738708496
NeuMF,2013,2013-12-31,104618,8970,7,0.996345579624176
NeuMF,2013,2013-12-31,104618,34542,8,0.9961810111999512
NeuMF,2013,2013-12-31,104618,7147,9,0.9958333969116211
NeuMF,2013,2013-12-31,104618,8910,10,0.9952280521392822
NeuMF,2013,2013-12-31,105575,90647,1,0.9998778104782104
NeuMF,2013,2013-12-31,105575,72378,2,0.9997722506523132
NeuMF,2013,2013-12-31,105575,81591,3,0.9996911287307739
NeuMF,2013,2013-12-31,105575,64957,4,0.9995319843292236
NeuMF,2013,2013-12-31,105575,1032,5,0.9993680119514465
NeuMF,2013,2013-12-31,105575,81229,6,0.999339759349823
NeuMF,2013,2013-12-31,105575,72407,7,0.9992009997367859
NeuMF,2013,2013-12-31,105575,74458,8,0.9990831613540649
NeuMF,2013,2013-12-31,105575,54190,9,0.999057948589325
NeuMF,2013,2013-12-31,105575,68319,10,0.9988493919372559
NeuMF,2013,2013-12-31,105979,1281,1,0.999739944934845
NeuMF,2013,2013-12-31,105979,79132,2,0.9996297359466553
NeuMF,2013,2013-12-31,105979,89492,3,0.9994935989379883
NeuMF,2013,2013-12-31,105979,60069,4,0.9994785189628601
NeuMF,2013,2013-12-31,105979,81591,5,0.9993384480476379
NeuMF,2013,2013-12-31,105979,6440,6,0.9991899132728577
NeuMF,2013,2013-12-31,105979,57243,7,0.9991763234138489
NeuMF,2013,2013-12-31,105979,78499,8,0.9991728663444519
NeuMF,2013,2013-12-31,105979,1230,9,0.9991152882575989
NeuMF,2013,2013-12-31,105979,81932,10,0.9987859129905701
NeuMF,2013,2013-12-31,106053,1129,1,0.9991557598114014
NeuMF,2013,2013-12-31,106053,7894,2,0.9986440539360046
NeuMF,2013,2013-12-31,106053,49314,3,0.9978979825973511
NeuMF,2013,2013-12-31,106053,3836,4,0.9976744055747986
NeuMF,2013,2013-12-31,106053,1615,5,0.9975735545158386
NeuMF,2013,2013-12-31,106053,4574,6,0.9973010420799255
NeuMF,2013,2013-12-31,106053,5388,7,0.9971932768821716
NeuMF,2013,2013-12-31,106053,72378,8,0.9963774085044861
NeuMF,2013,2013-12-31,106053,1918,9,0.9963639378547668
NeuMF,2013,2013-12-31,106053,3654,10,0.9961944818496704
NeuMF,2013,2013-12-31,106187,2959,1,0.9995657801628113
NeuMF,2013,2013-12-31,106187,58559,2,0.9994951486587524
NeuMF,2013,2013-12-31,106187,2858,3,0.9994370341300964
NeuMF,2013,2013-12-31,106187,44555,4,0.9993090629577637
NeuMF,2013,2013-12-31,106187,67255,5,0.999202311038971
NeuMF,2013,2013-12-31,106187,88125,6,0.9991200566291809
NeuMF,2013,2013-12-31,106187,2028,7,0.9991108775138855
NeuMF,2013,2013-12-31,106187,6016,8,0.999052107334137
NeuMF,2013,2013-12-31,106187,1196,9,0.9989047050476074
NeuMF,2013,2013-12-31,106187,91500,10,0.9988774657249451
NeuMF,2013,2013-12-31,106650,553,1,0.9985180497169495
NeuMF,2013,2013-12-31,106650,5055,2,0.9979275465011597
NeuMF,2013,2013-12-31,106650,383,3,0.997217059135437
NeuMF,2013,2013-12-31,106650,3252,4,0.9971081614494324
NeuMF,2013,2013-12-31,106650,161,5,0.9967843294143677
NeuMF,2013,2013-12-31,106650,1772,6,0.9967544674873352
NeuMF,2013,2013-12-31,106650,8948,7,0.996446430683136
NeuMF,2013,2013-12-31,106650,344,8,0.9958711266517639
NeuMF,2013,2013-12-31,106650,356,9,0.9956484436988831
NeuMF,2013,2013-12-31,106650,1693,10,0.9953814744949341
NeuMF,2013,2013-12-31,106741,2283,1,0.9987043142318726
NeuMF,2013,2013-12-31,106741,373,2,0.9986212253570557
NeuMF,2013,2013-12-31,106741,2917,3,0.9983474016189575
NeuMF,2013,2013-12-31,106741,3148,4,0.9981884360313416
NeuMF,2013,2013-12-31,106741,39444,5,0.9980837106704712
NeuMF,2013,2013-12-31,106741,233,6,0.9978394508361816
NeuMF,2013,2013-12-31,106741,2871,7,0.9976359605789185
NeuMF,2013,2013-12-31,106741,2166,8,0.9976204037666321
NeuMF,2013,2013-12-31,106741,1179,9,0.9969004392623901
NeuMF,2013,2013-12-31,106741,308,10,0.9968074560165405
NeuMF,2013,2013-12-31,106808,5055,1,0.9968096613883972
NeuMF,2013,2013-12-31,106808,527,2,0.99598628282547
NeuMF,2013,2013-12-31,106808,72641,3,0.9949223399162292
NeuMF,2013,2013-12-31,106808,475,4,0.9948239326477051
NeuMF,2013,2013-12-31,106808,253,5,0.9946521520614624
NeuMF,2013,2013-12-31,106808,8010,6,0.9942702054977417
NeuMF,2013,2013-12-31,106808,2542,7,0.9933633804321289
NeuMF,2013,2013-12-31,106808,6539,8,0.9933580756187439
NeuMF,2013,2013-12-31,106808,48394,9,0.9926828742027283
NeuMF,2013,2013-12-31,106808,47610,10,0.9912979602813721
NeuMF,2013,2013-12-31,107155,111,1,0.9996097683906555
NeuMF,2013,2013-12-31,107155,53996,2,0.9994481205940247
NeuMF,2013,2013-12-31,107155,55276,3,0.9994213581085205
NeuMF,2013,2013-12-31,107155,55765,4,0.9993948936462402
NeuMF,2013,2013-12-31,107155,42718,5,0.9993293285369873
NeuMF,2013,2013-12-31,107155,1228,6,0.9991218447685242
NeuMF,2013,2013-12-31,107155,74668,7,0.9991140961647034
NeuMF,2013,2013-12-31,107155,60069,8,0.998796820640564
NeuMF,2013,2013-12-31,107155,57368,9,0.9987469911575317
NeuMF,2013,2013-12-31,107155,74458,10,0.9986103773117065
NeuMF,2013,2013-12-31,107245,2808,1,0.9994743466377258
NeuMF,2013,2013-12-31,107245,1779,2,0.9991832375526428
NeuMF,2013,2013-12-31,107245,57528,3,0.9991543292999268
NeuMF,2013,2013-12-31,107245,94864,4,0.9991301894187927
NeuMF,2013,2013-12-31,107245,27482,5,0.9990530610084534
NeuMF,2013,2013-12-31,107245,74685,6,0.9990398287773132
NeuMF,2013,2013-12-31,107245,2403,7,0.9990372657775879
NeuMF,2013,2013-12-31,107245,6731,8,0.9990228414535522
NeuMF,2013,2013-12-31,107245,1587,9,0.9988676309585571
NeuMF,2013,2013-12-31,107245,56174,10,0.9987388253211975
NeuMF,2013,2013-12-31,107272,194,1,0.9990149736404419
NeuMF,2013,2013-12-31,107272,3685,2,0.9978488683700562
NeuMF,2013,2013-12-31,107272,448,3,0.996484637260437
NeuMF,2013,2013-12-31,107272,2518,4,0.995830237865448
NeuMF,2013,2013-12-31,107272,3551,5,0.9958229064941406
NeuMF,2013,2013-12-31,107272,7698,6,0.9951983094215393
NeuMF,2013,2013-12-31,107272,4056,7,0.994541347026825
NeuMF,2013,2013-12-31,107272,4002,8,0.9944595098495483
NeuMF,2013,2013-12-31,107272,3201,9,0.9939883947372437
NeuMF,2013,2013-12-31,107272,1061,10,0.9939570426940918
NeuMF,2013,2013-12-31,107315,3742,1,0.9992402791976929
NeuMF,2013,2013-12-31,107315,88140,2,0.9976162910461426
NeuMF,2013,2013-12-31,107315,2206,3,0.9968364238739014
NeuMF,2013,2013-12-31,107315,4754,4,0.9955322742462158
NeuMF,2013,2013-12-31,107315,4406,5,0.9954969882965088
NeuMF,2013,2013-12-31,107315,56171,6,0.9953722357749939
NeuMF,2013,2013-12-31,107315,2186,7,0.9948124885559082
NeuMF,2013,2013-12-31,107315,2202,8,0.994574785232544
NeuMF,2013,2013-12-31,107315,2182,9,0.993331253528595
NeuMF,2013,2013-12-31,107315,1348,10,0.9930872321128845
NeuMF,2013,2013-12-31,107406,2949,1,0.9999845027923584
NeuMF,2013,2013-12-31,107406,1303,2,0.9999629259109497
NeuMF,2013,2013-12-31,107406,2948,3,0.9999567270278931
NeuMF,2013,2013-12-31,107406,969,4,0.9999301433563232
NeuMF,2013,2013-12-31,107406,2951,5,0.9999086856842041
NeuMF,2013,2013-12-31,107406,3639,6,0.9999074935913086
NeuMF,2013,2013-12-31,107406,7569,7,0.9998977184295654
NeuMF,2013,2013-12-31,107406,2991,8,0.9998158812522888
NeuMF,2013,2013-12-31,107406,1209,9,0.9998026490211487
NeuMF,2013,2013-12-31,107406,3681,10,0.9997803568840027
NeuMF,2013,2013-12-31,107546,90405,1,0.9999192953109741
NeuMF,2013,2013-12-31,107546,68791,2,0.9995809197425842
NeuMF,2013,2013-12-31,107546,71535,3,0.9992687106132507
NeuMF,2013,2013-12-31,107546,69122,4,0.9992678761482239
NeuMF,2013,2013-12-31,107546,58559,5,0.9992252588272095
NeuMF,2013,2013-12-31,107546,2959,6,0.9989370703697205
NeuMF,2013,2013-12-31,107546,94864,7,0.9988958835601807
NeuMF,2013,2013-12-31,107546,85401,8,0.9988596439361572
NeuMF,2013,2013-12-31,107546,59369,9,0.9988046884536743
NeuMF,2013,2013-12-31,107546,68358,10,0.9984893798828125
NeuMF,2013,2013-12-31,107817,6721,1,0.9972317814826965
NeuMF,2013,2013-12-31,107817,3697,2,0.9967283010482788
NeuMF,2013,2013-12-31,107817,2431,3,0.996711015701294
NeuMF,2013,2013-12-31,107817,26865,4,0.9958882927894592
NeuMF,2013,2013-12-31,107817,4508,5,0.99327552318573
NeuMF,2013,2013-12-31,107817,8132,6,0.9926844239234924
NeuMF,2013,2013-12-31,107817,1858,7,0.9920895099639893
NeuMF,2013,2013-12-31,107817,6966,8,0.9910673499107361
NeuMF,2013,2013-12-31,107817,43936,9,0.9909699559211731
NeuMF,2013,2013-12-31,107817,6887,10,0.9890885949134827
NeuMF,2013,2013-12-31,107893,1721,1,0.9994046688079834
NeuMF,2013,2013-12-31,107893,3980,2,0.9993444085121155
NeuMF,2013,2013-12-31,107893,3147,3,0.9993329644203186
NeuMF,2013,2013-12-31,107893,350,4,0.999147891998291
NeuMF,2013,2013-12-31,107893,55274,5,0.9991167187690735
NeuMF,2013,2013-12-31,107893,508,6,0.9990411400794983
NeuMF,2013,2013-12-31,107893,1693,7,0.9990091323852539
NeuMF,2013,2013-12-31,107893,1393,8,0.9990052580833435
NeuMF,2013,2013-12-31,107893,266,9,0.9989509582519531
NeuMF,2013,2013-12-31,107893,48738,10,0.9988725781440735
NeuMF,2013,2013-12-31,107989,6016,1,0.9988657236099243
NeuMF,2013,2013-12-31,107989,63113,2,0.9987527132034302
NeuMF,2013,2013-12-31,107989,2542,3,0.9986009001731873
NeuMF,2013,2013-12-31,107989,66691,4,0.9984793066978455
NeuMF,2013,2013-12-31,107989,7361,5,0.9983750581741333
NeuMF,2013,2013-12-31,107989,76251,6,0.9982761144638062
NeuMF,2013,2013-12-31,107989,3949,7,0.9979934692382812
NeuMF,2013,2013-12-31,107989,63131,8,0.9978673458099365
NeuMF,2013,2013-12-31,107989,89745,9,0.9974647760391235
NeuMF,2013,2013-12-31,107989,65216,10,0.9974410533905029
NeuMF,2013,2013-12-31,108058,6711,1,0.9983046054840088
NeuMF,2013,2013-12-31,108058,1704,2,0.9980884194374084
NeuMF,2013,2013-12-31,108058,4306,3,0.99800044298172
NeuMF,2013,2013-12-31,108058,318,4,0.9976900815963745
NeuMF,2013,2013-12-31,108058,68157,5,0.9975663423538208
NeuMF,2013,2013-12-31,108058,2858,6,0.9975336790084839
NeuMF,2013,2013-12-31,108058,8121,7,0.9973050355911255
NeuMF,2013,2013-12-31,108058,1246,8,0.9972609281539917
NeuMF,2013,2013-12-31,108058,7361,9,0.9970644116401672
NeuMF,2013,2013-12-31,108058,1193,10,0.9967538714408875
NeuMF,2013,2013-12-31,108262,8810,1,0.9991188645362854
NeuMF,2013,2013-12-31,108262,1320,2,0.9987877011299133
NeuMF,2013,2013-12-31,108262,2985,3,0.998641312122345
NeuMF,2013,2013-12-31,108262,4262,4,0.9983470439910889
NeuMF,2013,2013-12-31,108262,4238,5,0.9982351064682007
NeuMF,2013,2013-12-31,108262,3826,6,0.9980946183204651
NeuMF,2013,2013-12-31,108262,44191,7,0.9972142577171326
NeuMF,2013,2013-12-31,108262,3697,8,0.9971828460693359
NeuMF,2013,2013-12-31,108262,8957,9,0.9968641400337219
NeuMF,2013,2013-12-31,108262,2411,10,0.9967414736747742
NeuMF,2013,2013-12-31,109159,80917,1,0.9998445510864258
NeuMF,2013,2013-12-31,109159,89745,2,0.9998040795326233
NeuMF,2013,2013-12-31,109159,68358,3,0.99859219789505
NeuMF,2013,2013-12-31,109159,56757,4,0.9985783100128174
NeuMF,2013,2013-12-31,109159,7034,5,0.9985472559928894
NeuMF,2013,2013-12-31,109159,69951,6,0.9985013008117676
NeuMF,2013,2013-12-31,109159,6214,7,0.9981096982955933
NeuMF,2013,2013-12-31,109159,6001,8,0.9979252815246582
NeuMF,2013,2013-12-31,109159,67255,9,0.9975791573524475
NeuMF,2013,2013-12-31,109159,91529,10,0.9973871111869812
NeuMF,2013,2013-12-31,109302,5692,1,0.9996071457862854
NeuMF,2013,2013-12-31,109302,6979,2,0.9994280934333801
NeuMF,2013,2013-12-31,109302,4047,3,0.9993209838867188
NeuMF,2013,2013-12-31,109302,5792,4,0.9991387128829956
NeuMF,2013,2013-12-31,109302,3087,5,0.9986535310745239
NeuMF,2013,2013-12-31,109302,4036,6,0.9985079169273376
NeuMF,2013,2013-12-31,109302,39414,7,0.9984679818153381
NeuMF,2013,2013-12-31,109302,2459,8,0.9984669089317322
NeuMF,2013,2013-12-31,109302,5577,9,0.9981393814086914
NeuMF,2013,2013-12-31,109302,4826,10,0.9977983832359314
NeuMF,2013,2013-12-31,109504,78209,1,0.9999402761459351
NeuMF,2013,2013-12-31,109504,62434,2,0.9999048709869385
NeuMF,2013,2013-12-31,109504,88235,3,0.9998890161514282
NeuMF,2013,2013-12-31,109504,50442,4,0.9998390674591064
NeuMF,2013,2013-12-31,109504,45728,5,0.999824583530426
NeuMF,2013,2013-12-31,109504,62155,6,0.9998099207878113
NeuMF,2013,2013-12-31,109504,58156,7,0.9996744394302368
NeuMF,2013,2013-12-31,109504,59315,8,0.9996110796928406
NeuMF,2013,2013-12-31,109504,52973,9,0.9995689988136292
NeuMF,2013,2013-12-31,109504,26471,10,0.9995214939117432
NeuMF,2013,2013-12-31,109662,2019,1,0.9998912811279297
NeuMF,2013,2013-12-31,109662,3030,2,0.9996992349624634
NeuMF,2013,2013-12-31,109662,922,3,0.9994854927062988
NeuMF,2013,2013-12-31,109662,29,4,0.9994551539421082
NeuMF,2013,2013-12-31,109662,162,5,0.9994520545005798
NeuMF,2013,2013-12-31,109662,1280,6,0.9994176626205444
NeuMF,2013,2013-12-31,109662,7925,7,0.9992844462394714
NeuMF,2013,2013-12-31,109662,1217,8,0.9992777705192566
NeuMF,2013,2013-12-31,109662,1172,9,0.9991348385810852
NeuMF,2013,2013-12-31,109662,1147,10,0.9990479350090027
NeuMF,2013,2013-12-31,109713,3462,1,0.9994058609008789
NeuMF,2013,2013-12-31,109713,2361,2,0.9992571473121643
NeuMF,2013,2013-12-31,109713,26171,3,0.9990567564964294
NeuMF,2013,2013-12-31,109713,6645,4,0.9987288117408752
NeuMF,2013,2013-12-31,109713,3742,5,0.9985126852989197
NeuMF,2013,2013-12-31,109713,1298,6,0.9984930753707886
NeuMF,2013,2013-12-31,109713,1357,7,0.9983426332473755
NeuMF,2013,2013-12-31,109713,1772,8,0.998181939125061
NeuMF,2013,2013-12-31,109713,2010,9,0.9978896975517273
NeuMF,2013,2013-12-31,109713,6987,10,0.9972366094589233
NeuMF,2013,2013-12-31,109718,56367,1,0.9980735778808594
NeuMF,2013,2013-12-31,109718,31,2,0.9976977705955505
NeuMF,2013,2013-12-31,109718,110,3,0.9973729848861694
NeuMF,2013,2013-12-31,109718,60950,4,0.9970477223396301
NeuMF,2013,2013-12-31,109718,5418,5,0.9970054030418396
NeuMF,2013,2013-12-31,109718,364,6,0.9968403577804565
NeuMF,2013,2013-12-31,109718,273,7,0.9967225193977356
NeuMF,2013,2013-12-31,109718,56587,8,0.9964708089828491
NeuMF,2013,2013-12-31,109718,527,9,0.9964311122894287
NeuMF,2013,2013-12-31,109718,56607,10,0.9962722063064575
NeuMF,2013,2013-12-31,110030,59315,1,0.9998455047607422
NeuMF,2013,2013-12-31,110030,70286,2,0.9995575547218323
NeuMF,2013,2013-12-31,110030,89745,3,0.9994142055511475
NeuMF,2013,2013-12-31,110030,68358,4,0.9994121789932251
NeuMF,2013,2013-12-31,110030,36519,5,0.9993263483047485
NeuMF,2013,2013-12-31,110030,55820,6,0.9993058443069458
NeuMF,2013,2013-12-31,110030,81229,7,0.9992446899414062
NeuMF,2013,2013-12-31,110030,55290,8,0.9990720748901367
NeuMF,2013,2013-12-31,110030,68157,9,0.9988698363304138
NeuMF,2013,2013-12-31,110030,260,10,0.998771607875824
NeuMF,2013,2013-12-31,110598,4765,1,0.9994713664054871
NeuMF,2013,2013-12-31,110598,66509,2,0.999407172203064
NeuMF,2013,2013-12-31,110598,59725,3,0.9993181228637695
NeuMF,2013,2013-12-31,110598,60758,4,0.9991090893745422
NeuMF,2013,2013-12-31,110598,4897,5,0.998945415019989
NeuMF,2013,2013-12-31,110598,59315,6,0.9988909363746643
NeuMF,2013,2013-12-31,110598,4077,7,0.9986459612846375
NeuMF,2013,2013-12-31,110598,4450,8,0.9983067512512207
NeuMF,2013,2013-12-31,110598,44974,9,0.9981849789619446
NeuMF,2013,2013-12-31,110598,4054,10,0.9981667995452881
NeuMF,2013,2013-12-31,110853,7451,1,0.9995748400688171
NeuMF,2013,2013-12-31,110853,2139,2,0.999196469783783
NeuMF,2013,2013-12-31,110853,52973,3,0.9986655712127686
NeuMF,2013,2013-12-31,110853,1582,4,0.9984471201896667
NeuMF,2013,2013-12-31,110853,53996,5,0.9984273910522461
NeuMF,2013,2013-12-31,110853,3100,6,0.9979535341262817
NeuMF,2013,2013-12-31,110853,8958,7,0.9969248175621033
NeuMF,2013,2013-12-31,110853,2083,8,0.9968704581260681
NeuMF,2013,2013-12-31,110853,2424,9,0.9968342185020447
NeuMF,2013,2013-12-31,110853,33660,10,0.9968336224555969
NeuMF,2013,2013-12-31,111334,40278,1,0.9997105002403259
NeuMF,2013,2013-12-31,111334,84152,2,0.9993218183517456
NeuMF,2013,2013-12-31,111334,8807,3,0.9991759657859802
NeuMF,2013,2013-12-31,111334,63082,4,0.9990420937538147
NeuMF,2013,2013-12-31,111334,7361,5,0.9989399313926697
NeuMF,2013,2013-12-31,111334,48877,6,0.9988646507263184
NeuMF,2013,2013-12-31,111334,89804,7,0.9983215928077698
NeuMF,2013,2013-12-31,111334,44974,8,0.9982712268829346
NeuMF,2013,2013-12-31,111334,58047,9,0.9982219338417053
NeuMF,2013,2013-12-31,111334,147,10,0.9981251358985901
NeuMF,2013,2013-12-31,111765,3684,1,0.9994142055511475
NeuMF,2013,2013-12-31,111765,2160,2,0.9990755319595337
NeuMF,2013,2013-12-31,111765,3384,3,0.999064028263092
NeuMF,2013,2013-12-31,111765,2288,4,0.9989790916442871
NeuMF,2013,2013-12-31,111765,4280,5,0.9985226988792419
NeuMF,2013,2013-12-31,111765,4837,6,0.9984602928161621
NeuMF,2013,2013-12-31,111765,3730,7,0.9982123374938965
NeuMF,2013,2013-12-31,111765,7371,8,0.998210072517395
NeuMF,2013,2013-12-31,111765,5008,9,0.99803227186203
NeuMF,2013,2013-12-31,111765,4361,10,0.9979987740516663
NeuMF,2013,2013-12-31,111887,709,1,0.9999971389770508
NeuMF,2013,2013-12-31,111887,1033,2,0.9999854564666748
NeuMF,2013,2013-12-31,111887,616,3,0.9999761581420898
NeuMF,2013,2013-12-31,111887,78772,4,0.9998365640640259
NeuMF,2013,2013-12-31,111887,1025,5,0.9998098015785217
NeuMF,2013,2013-12-31,111887,48,6,0.9998024106025696
NeuMF,2013,2013-12-31,111887,73017,7,0.999800980091095
NeuMF,2013,2013-12-31,111887,31193,8,0.9997552037239075
NeuMF,2013,2013-12-31,111887,2089,9,0.9997428059577942
NeuMF,2013,2013-12-31,111887,1023,10,0.9997383952140808
NeuMF,2013,2013-12-31,112246,37733,1,0.99960857629776
NeuMF,2013,2013-12-31,112246,80489,2,0.9993112087249756
NeuMF,2013,2013-12-31,112246,55290,3,0.9992996454238892
NeuMF,2013,2013-12-31,112246,30812,4,0.9988715052604675
NeuMF,2013,2013-12-31,112246,4041,5,0.9987296462059021
NeuMF,2013,2013-12-31,112246,4062,6,0.9978975057601929
NeuMF,2013,2013-12-31,112246,8798,7,0.9978539347648621
NeuMF,2013,2013-12-31,112246,34162,8,0.9974345564842224
NeuMF,2013,2013-12-31,112246,3098,9,0.9974282383918762
NeuMF,2013,2013-12-31,112246,51080,10,0.9971808195114136
NeuMF,2013,2013-12-31,112854,60950,1,0.9993834495544434
NeuMF,2013,2013-12-31,112854,41285,2,0.9990001320838928
NeuMF,2013,2013-12-31,112854,8879,3,0.9986661672592163
NeuMF,2013,2013-12-31,112854,73323,4,0.9982159733772278
NeuMF,2013,2013-12-31,112854,59141,5,0.9981746673583984
NeuMF,2013,2013-12-31,112854,48696,6,0.9980465173721313
NeuMF,2013,2013-12-31,112854,37733,7,0.998033344745636
NeuMF,2013,2013-12-31,112854,55280,8,0.997723400592804
NeuMF,2013,2013-12-31,112854,8880,9,0.9976410865783691
NeuMF,2013,2013-12-31,112854,83270,10,0.9973551034927368
NeuMF,2013,2013-12-31,112953,79702,1,0.9995790123939514
NeuMF,2013,2013-12-31,112953,60069,2,0.999464213848114
NeuMF,2013,2013-12-31,112953,81562,3,0.9992666840553284
NeuMF,2013,2013-12-31,112953,59369,4,0.9981562495231628
NeuMF,2013,2013-12-31,112953,2701,5,0.9981075525283813
NeuMF,2013,2013-12-31,112953,72226,6,0.9980370402336121
NeuMF,2013,2013-12-31,112953,1196,7,0.9979454874992371
NeuMF,2013,2013-12-31,112953,67087,8,0.9975977540016174
NeuMF,2013,2013-12-31,112953,1193,9,0.9973936080932617
NeuMF,2013,2013-12-31,112953,3717,10,0.9973013997077942
NeuMF,2013,2013-12-31,113093,2973,1,0.9991077780723572
NeuMF,2013,2013-12-31,113093,1693,2,0.9990430474281311
NeuMF,2013,2013-12-31,113093,3359,3,0.9988034963607788
NeuMF,2013,2013-12-31,113093,7225,4,0.9986894726753235
NeuMF,2013,2013-12-31,113093,3035,5,0.9984073042869568
NeuMF,2013,2013-12-31,113093,3100,6,0.9979650974273682
NeuMF,2013,2013-12-31,113093,7151,7,0.9975913763046265
NeuMF,2013,2013-12-31,113093,6392,8,0.9975070357322693
NeuMF,2013,2013-12-31,113093,4835,9,0.997368574142456
NeuMF,2013,2013-12-31,113093,1704,10,0.9971940517425537
NeuMF,2013,2013-12-31,113521,32587,1,0.9997217059135437
NeuMF,2013,2013-12-31,113521,5418,2,0.9997062087059021
NeuMF,2013,2013-12-31,113521,6874,3,0.9996272325515747
NeuMF,2013,2013-12-31,113521,55820,4,0.999427080154419
NeuMF,2013,2013-12-31,113521,33794,5,0.9993743300437927
NeuMF,2013,2013-12-31,113521,7438,6,0.9993547797203064
NeuMF,2013,2013-12-31,113521,4995,7,0.9992926120758057
NeuMF,2013,2013-12-31,113521,69481,8,0.999190628528595
NeuMF,2013,2013-12-31,113521,27773,9,0.9991562366485596
NeuMF,2013,2013-12-31,113521,6365,10,0.9991554021835327
NeuMF,2013,2013-12-31,114475,1721,1,0.9865628480911255
NeuMF,2013,2013-12-31,114475,296,2,0.9799638390541077
NeuMF,2013,2013-12-31,114475,1625,3,0.9776200652122498
NeuMF,2013,2013-12-31,114475,2028,4,0.9764906167984009
NeuMF,2013,2013-12-31,114475,47,5,0.9757428765296936
NeuMF,2013,2013-12-31,114475,858,6,0.9736958742141724
NeuMF,2013,2013-12-31,114475,593,7,0.9724488258361816
NeuMF,2013,2013-12-31,114475,356,8,0.9717112183570862
NeuMF,2013,2013-12-31,114475,110,9,0.9660494327545166
NeuMF,2013,2013-12-31,114475,2858,10,0.9657456874847412
NeuMF,2013,2013-12-31,114616,81562,1,0.9999309778213501
NeuMF,2013,2013-12-31,114616,74228,2,0.9997410178184509
NeuMF,2013,2013-12-31,114616,57368,3,0.9997145533561707
NeuMF,2013,2013-12-31,114616,1214,4,0.9997074007987976
NeuMF,2013,2013-12-31,114616,2288,5,0.999664306640625
NeuMF,2013,2013-12-31,114616,55721,6,0.9995660185813904
NeuMF,2013,2013-12-31,114616,74668,7,0.9992265701293945
NeuMF,2013,2013-12-31,114616,71535,8,0.9990886449813843
NeuMF,2013,2013-12-31,114616,64839,9,0.9990065693855286
NeuMF,2013,2013-12-31,114616,68157,10,0.9989996552467346
NeuMF,2013,2013-12-31,114763,32587,1,0.9998264908790588
NeuMF,2013,2013-12-31,114763,56757,2,0.9997252821922302
NeuMF,2013,2013-12-31,114763,59315,3,0.9996167421340942
NeuMF,2013,2013-12-31,114763,1221,4,0.9996119141578674
NeuMF,2013,2013-12-31,114763,1200,5,0.9995243549346924
NeuMF,2013,2013-12-31,114763,6539,6,0.9994515776634216
NeuMF,2013,2013-12-31,114763,60069,7,0.9993909597396851
NeuMF,2013,2013-12-31,114763,55908,8,0.9992541670799255
NeuMF,2013,2013-12-31,114763,6333,9,0.9991055130958557
NeuMF,2013,2013-12-31,114763,5349,10,0.9990203380584717
NeuMF,2013,2013-12-31,114888,87232,1,0.9999871253967285
NeuMF,2013,2013-12-31,114888,79702,2,0.9999816417694092
NeuMF,2013,2013-12-31,114888,72226,3,0.999962568283081
NeuMF,2013,2013-12-31,114888,60684,4,0.9999620914459229
NeuMF,2013,2013-12-31,114888,68237,5,0.999961256980896
NeuMF,2013,2013-12-31,114888,66097,6,0.999961256980896
NeuMF,2013,2013-12-31,114888,68358,7,0.9999552965164185
NeuMF,2013,2013-12-31,114888,71057,8,0.999941349029541
NeuMF,2013,2013-12-31,114888,59315,9,0.9999383687973022
NeuMF,2013,2013-12-31,114888,87306,10,0.9999370574951172
NeuMF,2013,2013-12-31,114932,1834,1,0.9990554451942444
NeuMF,2013,2013-12-31,114932,319,2,0.998727023601532
NeuMF,2013,2013-12-31,114932,2278,3,0.9970192909240723
NeuMF,2013,2013-12-31,114932,3000,4,0.9969390630722046
NeuMF,2013,2013-12-31,114932,3006,5,0.9965850114822388
NeuMF,2013,2013-12-31,114932,4844,6,0.9963215589523315
NeuMF,2013,2013-12-31,114932,3020,7,0.994140088558197
NeuMF,2013,2013-12-31,114932,2058,8,0.9935979843139648
NeuMF,2013,2013-12-31,114932,555,9,0.9934908747673035
NeuMF,2013,2013-12-31,114932,3328,10,0.993099570274353
NeuMF,2013,2013-12-31,115200,1974,1,0.9996535778045654
NeuMF,2013,2013-12-31,115200,8957,2,0.999500036239624
NeuMF,2013,2013-12-31,115200,64839,3,0.999454915523529
NeuMF,2013,2013-12-31,115200,59315,4,0.9994149208068848
NeuMF,2013,2013-12-31,115200,1983,5,0.9991839528083801
NeuMF,2013,2013-12-31,115200,2459,6,0.9981468915939331
NeuMF,2013,2013-12-31,115200,1221,7,0.998023509979248
NeuMF,2013,2013-12-31,115200,4993,8,0.9975666999816895
NeuMF,2013,2013-12-31,115200,1240,9,0.9973785877227783
NeuMF,2013,2013-12-31,115200,2762,10,0.9972463846206665
NeuMF,2013,2013-12-31,115222,79091,1,0.9992218017578125
NeuMF,2013,2013-12-31,115222,84152,2,0.9991746544837952
NeuMF,2013,2013-12-31,115222,87232,3,0.9990037083625793
NeuMF,2013,2013-12-31,115222,59615,4,0.9989651441574097
NeuMF,2013,2013-12-31,115222,89745,5,0.9988480806350708
NeuMF,2013,2013-12-31,115222,47644,6,0.9988346695899963
NeuMF,2013,2013-12-31,115222,78499,7,0.9986886382102966
NeuMF,2013,2013-12-31,115222,53972,8,0.9985070824623108
NeuMF,2013,2013-12-31,115222,60684,9,0.9984481334686279
NeuMF,2013,2013-12-31,115222,73017,10,0.9984354376792908
NeuMF,2013,2013-12-31,115250,5380,1,0.999629020690918
NeuMF,2013,2013-12-31,115250,30816,2,0.9994704127311707
NeuMF,2013,2013-12-31,115250,4992,3,0.9992910623550415
NeuMF,2013,2013-12-31,115250,5667,4,0.9992268085479736
NeuMF,2013,2013-12-31,115250,38798,5,0.9991348385810852
NeuMF,2013,2013-12-31,115250,7614,6,0.9989805817604065
NeuMF,2013,2013-12-31,115250,7386,7,0.9987260699272156
NeuMF,2013,2013-12-31,115250,5267,8,0.9985291957855225
NeuMF,2013,2013-12-31,115250,4700,9,0.9982548356056213
NeuMF,2013,2013-12-31,115250,45720,10,0.9979123473167419
NeuMF,2013,2013-12-31,115328,599,1,0.9999256134033203
NeuMF,2013,2013-12-31,115328,1931,2,0.9997856020927429
NeuMF,2013,2013-12-31,115328,1750,3,0.9997534155845642
NeuMF,2013,2013-12-31,115328,3347,4,0.9996612071990967
NeuMF,2013,2013-12-31,115328,1099,5,0.9995833039283752
NeuMF,2013,2013-12-31,115328,1376,6,0.999090313911438
NeuMF,2013,2013-12-31,115328,2013,7,0.9988627433776855
NeuMF,2013,2013-12-31,115328,2135,8,0.9987657070159912
NeuMF,2013,2013-12-31,115328,976,9,0.9986762404441833
NeuMF,2013,2013-12-31,115328,2571,10,0.9985629916191101
NeuMF,2013,2013-12-31,115868,5060,1,0.9997345805168152
NeuMF,2013,2013-12-31,115868,4973,2,0.9996161460876465
NeuMF,2013,2013-12-31,115868,858,3,0.9993558526039124
NeuMF,2013,2013-12-31,115868,2067,4,0.9991980195045471
NeuMF,2013,2013-12-31,115868,1225,5,0.9990430474281311
NeuMF,2013,2013-12-31,115868,1250,6,0.9990224838256836
NeuMF,2013,2013-12-31,115868,1953,7,0.9987890124320984
NeuMF,2013,2013-12-31,115868,1287,8,0.9986485838890076
NeuMF,2013,2013-12-31,115868,541,9,0.9985632300376892
NeuMF,2013,2013-12-31,115868,904,10,0.9983920454978943
NeuMF,2013,2013-12-31,115938,4228,1,0.9989499449729919
NeuMF,2013,2013-12-31,115938,6852,2,0.9987232089042664
NeuMF,2013,2013-12-31,115938,2009,3,0.9981881976127625
NeuMF,2013,2013-12-31,115938,2917,4,0.9978942275047302
NeuMF,2013,2013-12-31,115938,5572,5,0.9976861476898193
NeuMF,2013,2013-12-31,115938,2145,6,0.9970678687095642
NeuMF,2013,2013-12-31,115938,3035,7,0.9967184662818909
NeuMF,2013,2013-12-31,115938,1272,8,0.9964669942855835
NeuMF,2013,2013-12-31,115938,3555,9,0.9964070916175842
NeuMF,2013,2013-12-31,115938,1422,10,0.9962118864059448
NeuMF,2013,2013-12-31,116218,223,1,0.9997072815895081
NeuMF,2013,2013-12-31,116218,714,2,0.9996262788772583
NeuMF,2013,2013-12-31,116218,1197,3,0.9994820952415466
NeuMF,2013,2013-12-31,116218,2959,4,0.9994295239448547
NeuMF,2013,2013-12-31,116218,58559,5,0.9992030262947083
NeuMF,2013,2013-12-31,116218,54503,6,0.9991763234138489
NeuMF,2013,2013-12-31,116218,1258,7,0.9989743232727051
NeuMF,2013,2013-12-31,116218,4878,8,0.998895525932312
NeuMF,2013,2013-12-31,116218,2329,9,0.9986989498138428
NeuMF,2013,2013-12-31,116218,111,10,0.9985222220420837
NeuMF,2013,2013-12-31,116437,63062,1,0.9995831847190857
NeuMF,2013,2013-12-31,116437,56782,2,0.9990423321723938
NeuMF,2013,2013-12-31,116437,55908,3,0.998683750629425
NeuMF,2013,2013-12-31,116437,44974,4,0.9986066222190857
NeuMF,2013,2013-12-31,116437,1263,5,0.9984524250030518
NeuMF,2013,2013-12-31,116437,1246,6,0.9984419941902161
NeuMF,2013,2013-12-31,116437,6187,7,0.9984215497970581
NeuMF,2013,2013-12-31,116437,27904,8,0.9980833530426025
NeuMF,2013,2013-12-31,116437,904,9,0.9978125095367432
NeuMF,2013,2013-12-31,116437,48774,10,0.9976907968521118
NeuMF,2013,2013-12-31,116678,839,1,0.9999549388885498
NeuMF,2013,2013-12-31,116678,70,2,0.9992332458496094
NeuMF,2013,2013-12-31,116678,4148,3,0.9990369081497192
NeuMF,2013,2013-12-31,116678,253,4,0.9988892674446106
NeuMF,2013,2013-12-31,116678,1255,5,0.9983263611793518
NeuMF,2013,2013-12-31,116678,1089,6,0.9983194470405579
NeuMF,2013,2013-12-31,116678,296,7,0.9982093572616577
NeuMF,2013,2013-12-31,116678,778,8,0.9974365830421448
NeuMF,2013,2013-12-31,116678,2505,9,0.9973970651626587
NeuMF,2013,2013-12-31,116678,7438,10,0.997112512588501
NeuMF,2013,2013-12-31,116907,5103,1,0.9971815347671509
NeuMF,2013,2013-12-31,116907,4509,2,0.9971254467964172
NeuMF,2013,2013-12-31,116907,4247,3,0.9969145059585571
NeuMF,2013,2013-12-31,116907,1387,4,0.9955364465713501
NeuMF,2013,2013-12-31,116907,7570,5,0.9947307109832764
NeuMF,2013,2013-12-31,116907,1231,6,0.9945915341377258
NeuMF,2013,2013-12-31,116907,62344,7,0.9945871829986572
NeuMF,2013,2013-12-31,116907,34542,8,0.9942869544029236
NeuMF,2013,2013-12-31,116907,46850,9,0.9940705895423889
NeuMF,2013,2013-12-31,116907,47423,10,0.9940457344055176
NeuMF,2013,2013-12-31,117160,82459,1,0.9997414946556091
NeuMF,2013,2013-12-31,117160,77561,2,0.9997205138206482
NeuMF,2013,2013-12-31,117160,6743,3,0.9996415376663208
NeuMF,2013,2013-12-31,117160,81562,4,0.9994057416915894
NeuMF,2013,2013-12-31,117160,76251,5,0.9991973042488098
NeuMF,2013,2013-12-31,117160,8984,6,0.9991777539253235
NeuMF,2013,2013-12-31,117160,79091,7,0.9989357590675354
NeuMF,2013,2013-12-31,117160,355,8,0.9987528324127197
NeuMF,2013,2013-12-31,117160,6016,9,0.9984820485115051
NeuMF,2013,2013-12-31,117160,88140,10,0.9981537461280823
NeuMF,2013,2013-12-31,117358,3996,1,0.9994425177574158
NeuMF,2013,2013-12-31,117358,5349,2,0.9984696507453918
NeuMF,2013,2013-12-31,117358,2600,3,0.9984446167945862
NeuMF,2013,2013-12-31,117358,2987,4,0.9981285929679871
NeuMF,2013,2013-12-31,117358,7090,5,0.9980646967887878
NeuMF,2013,2013-12-31,117358,2028,6,0.997890055179596
NeuMF,2013,2013-12-31,117358,3793,7,0.9976261258125305
NeuMF,2013,2013-12-31,117358,49272,8,0.9970097541809082
NeuMF,2013,2013-12-31,117358,2692,9,0.9968326687812805
NeuMF,2013,2013-12-31,117358,2677,10,0.9958536624908447
NeuMF,2013,2013-12-31,117497,45950,1,0.9989084005355835
NeuMF,2013,2013-12-31,117497,70293,2,0.9987412095069885
NeuMF,2013,2013-12-31,117497,48516,3,0.9983598589897156
NeuMF,2013,2013-12-31,117497,57640,4,0.9982628226280212
NeuMF,2013,2013-12-31,117497,1196,5,0.9977726340293884
NeuMF,2013,2013-12-31,117497,68954,6,0.9976676106452942
NeuMF,2013,2013-12-31,117497,63082,7,0.9973387122154236
NeuMF,2013,2013-12-31,117497,68358,8,0.9972777962684631
NeuMF,2013,2013-12-31,117497,79702,9,0.9967591166496277
NeuMF,2013,2013-12-31,117497,265,10,0.9967464208602905
NeuMF,2013,2013-12-31,117620,50068,1,0.999559223651886
NeuMF,2013,2013-12-31,117620,3006,2,0.9994151592254639
NeuMF,2013,2013-12-31,117620,6787,3,0.9992486834526062
NeuMF,2013,2013-12-31,117620,3552,4,0.9991377592086792
NeuMF,2013,2013-12-31,117620,6016,5,0.9988062381744385
NeuMF,2013,2013-12-31,117620,5782,6,0.9987678527832031
NeuMF,2013,2013-12-31,117620,46976,7,0.9986516833305359
NeuMF,2013,2013-12-31,117620,7256,8,0.9981666803359985
NeuMF,2013,2013-12-31,117620,7482,9,0.9979368448257446
NeuMF,2013,2013-12-31,117620,35836,10,0.9977723956108093
NeuMF,2013,2013-12-31,117832,79132,1,0.9997298121452332
NeuMF,2013,2013-12-31,117832,60069,2,0.9987437129020691
NeuMF,2013,2013-12-31,117832,33794,3,0.9976533055305481
NeuMF,2013,2013-12-31,117832,48,4,0.9975228905677795
NeuMF,2013,2013-12-31,117832,55820,5,0.9973747730255127
NeuMF,2013,2013-12-31,117832,2329,6,0.9969454407691956
NeuMF,2013,2013-12-31,117832,4973,7,0.9968589544296265
NeuMF,2013,2013-12-31,117832,6377,8,0.9968315958976746
NeuMF,2013,2013-12-31,117832,7438,9,0.9967477321624756
NeuMF,2013,2013-12-31,117832,51662,10,0.996705949306488
NeuMF,2013,2013-12-31,117866,8695,1,0.999967098236084
NeuMF,2013,2013-12-31,117866,7155,2,0.9999192953109741
NeuMF,2013,2013-12-31,117866,6032,3,0.9998998641967773
NeuMF,2013,2013-12-31,117866,916,4,0.9998928308486938
NeuMF,2013,2013-12-31,117866,7082,5,0.9996869564056396
NeuMF,2013,2013-12-31,117866,3097,6,0.9996731281280518
NeuMF,2013,2013-12-31,117866,53123,7,0.999426007270813
NeuMF,2013,2013-12-31,117866,7834,8,0.999411940574646
NeuMF,2013,2013-12-31,117866,7669,9,0.9994097948074341
NeuMF,2013,2013-12-31,117866,3451,10,0.9993255138397217
NeuMF,2013,2013-12-31,118005,1292,1,0.9998879432678223
NeuMF,2013,2013-12-31,118005,1079,2,0.9997661709785461
NeuMF,2013,2013-12-31,118005,1246,3,0.9996875524520874
NeuMF,2013,2013-12-31,118005,1235,4,0.9995194673538208
NeuMF,2013,2013-12-31,118005,1259,5,0.9994416832923889
NeuMF,2013,2013-12-31,118005,1225,6,0.999423623085022
NeuMF,2013,2013-12-31,118005,1090,7,0.9993428587913513
NeuMF,2013,2013-12-31,118005,40819,8,0.9992824196815491
NeuMF,2013,2013-12-31,118005,1732,9,0.9992497563362122
NeuMF,2013,2013-12-31,118005,1258,10,0.9991864562034607
NeuMF,2013,2013-12-31,118113,599,1,0.9999580383300781
NeuMF,2013,2013-12-31,118113,3681,2,0.9999120235443115
NeuMF,2013,2013-12-31,118113,71535,3,0.9998692274093628
NeuMF,2013,2013-12-31,118113,2951,4,0.9998182654380798
NeuMF,2013,2013-12-31,118113,1234,5,0.9998080134391785
NeuMF,2013,2013-12-31,118113,111,6,0.9995641112327576
NeuMF,2013,2013-12-31,118113,2921,7,0.9995142221450806
NeuMF,2013,2013-12-31,118113,70286,8,0.9994258880615234
NeuMF,2013,2013-12-31,118113,1252,9,0.9994254112243652
NeuMF,2013,2013-12-31,118113,1245,10,0.9993433356285095
NeuMF,2013,2013-12-31,118230,3863,1,0.999248206615448
NeuMF,2013,2013-12-31,118230,6156,2,0.9992218017578125
NeuMF,2013,2013-12-31,118230,3968,3,0.9990131855010986
NeuMF,2013,2013-12-31,118230,3802,4,0.9988345503807068
NeuMF,2013,2013-12-31,118230,4643,5,0.9984544515609741
NeuMF,2013,2013-12-31,118230,5541,6,0.9984153509140015
NeuMF,2013,2013-12-31,118230,5785,7,0.9981504082679749
NeuMF,2013,2013-12-31,118230,4874,8,0.9981080293655396
NeuMF,2013,2013-12-31,118230,2598,9,0.9981051683425903
NeuMF,2013,2013-12-31,118230,5572,10,0.9978795051574707
NeuMF,2013,2013-12-31,118431,1831,1,0.9998960494995117
NeuMF,2013,2013-12-31,118431,8985,2,0.9997456669807434
NeuMF,2013,2013-12-31,118431,4133,3,0.9996423721313477
NeuMF,2013,2013-12-31,118431,61350,4,0.9996358156204224
NeuMF,2013,2013-12-31,118431,2643,5,0.9994667172431946
NeuMF,2013,2013-12-31,118431,1876,6,0.9994551539421082
NeuMF,2013,2013-12-31,118431,60074,7,0.9994192123413086
NeuMF,2013,2013-12-31,118431,2986,8,0.9993126392364502
NeuMF,2013,2013-12-31,118431,519,9,0.9993072748184204
NeuMF,2013,2013-12-31,118431,5609,10,0.9992558360099792
NeuMF,2013,2013-12-31,118495,5325,1,0.999444305896759
NeuMF,2013,2013-12-31,118495,5693,2,0.999189555644989
NeuMF,2013,2013-12-31,118495,3007,3,0.9991249442100525
NeuMF,2013,2013-12-31,118495,101,4,0.9990676045417786
NeuMF,2013,2013-12-31,118495,720,5,0.9988320469856262
NeuMF,2013,2013-12-31,118495,6188,6,0.9985368251800537
NeuMF,2013,2013-12-31,118495,147,7,0.9983615279197693
NeuMF,2013,2013-12-31,118495,5792,8,0.998299777507782
NeuMF,2013,2013-12-31,118495,5991,9,0.9977419376373291
NeuMF,2013,2013-12-31,118495,7132,10,0.9975923895835876
NeuMF,2013,2013-12-31,118756,55069,1,0.9998778104782104
NeuMF,2013,2013-12-31,118756,111,2,0.9998672008514404
NeuMF,2013,2013-12-31,118756,4144,3,0.9997716546058655
NeuMF,2013,2013-12-31,118756,7327,4,0.9996598958969116
NeuMF,2013,2013-12-31,118756,47491,5,0.9989768266677856
NeuMF,2013,2013-12-31,118756,1247,6,0.9989655017852783
NeuMF,2013,2013-12-31,118756,3266,7,0.9987797141075134
NeuMF,2013,2013-12-31,118756,26131,8,0.9986496567726135
NeuMF,2013,2013-12-31,118756,308,9,0.9984719157218933
NeuMF,2013,2013-12-31,118756,1208,10,0.9983633160591125
NeuMF,2013,2013-12-31,119022,68237,1,0.9994244575500488
NeuMF,2013,2013-12-31,119022,1884,2,0.9992642998695374
NeuMF,2013,2013-12-31,119022,68157,3,0.9992191791534424
NeuMF,2013,2013-12-31,119022,88129,4,0.998606264591217
NeuMF,2013,2013-12-31,119022,87232,5,0.9983096122741699
NeuMF,2013,2013-12-31,119022,3949,6,0.9982299208641052
NeuMF,2013,2013-12-31,119022,69757,7,0.9980113506317139
NeuMF,2013,2013-12-31,119022,71535,8,0.9976121187210083
NeuMF,2013,2013-12-31,119022,88125,9,0.9975981116294861
NeuMF,2013,2013-12-31,119022,80463,10,0.9974403381347656
NeuMF,2013,2013-12-31,119100,52287,1,0.999251663684845
NeuMF,2013,2013-12-31,119100,44022,2,0.9988747239112854
NeuMF,2013,2013-12-31,119100,4886,3,0.9988370537757874
NeuMF,2013,2013-12-31,119100,60069,4,0.9984976053237915
NeuMF,2013,2013-12-31,119100,58299,5,0.9982976317405701
NeuMF,2013,2013-12-31,119100,59784,6,0.998234748840332
NeuMF,2013,2013-12-31,119100,55908,7,0.9981271624565125
NeuMF,2013,2013-12-31,119100,2403,8,0.9981095790863037
NeuMF,2013,2013-12-31,119100,1754,9,0.9978925585746765
NeuMF,2013,2013-12-31,119100,552,10,0.9977439641952515
NeuMF,2013,2013-12-31,119241,7164,1,0.9988409876823425
NeuMF,2013,2013-12-31,119241,69951,2,0.9981343150138855
NeuMF,2013,2013-12-31,119241,7352,3,0.9976596832275391
NeuMF,2013,2013-12-31,119241,67193,4,0.9976420402526855
NeuMF,2013,2013-12-31,119241,6807,5,0.9969032406806946
NeuMF,2013,2013-12-31,119241,78499,6,0.996898889541626
NeuMF,2013,2013-12-31,119241,5530,7,0.9967883825302124
NeuMF,2013,2013-12-31,119241,53996,8,0.9964765906333923
NeuMF,2013,2013-12-31,119241,87232,9,0.9963213205337524
NeuMF,2013,2013-12-31,119241,76251,10,0.9963006973266602
NeuMF,2013,2013-12-31,119269,36517,1,0.9989084005355835
NeuMF,2013,2013-12-31,119269,1693,2,0.9983817338943481
NeuMF,2013,2013-12-31,119269,7361,3,0.9981010556221008
NeuMF,2013,2013-12-31,119269,41769,4,0.9977224469184875
NeuMF,2013,2013-12-31,119269,45668,5,0.9974339604377747
NeuMF,2013,2013-12-31,119269,56715,6,0.9972518086433411
NeuMF,2013,2013-12-31,119269,46723,7,0.997240424156189
NeuMF,2013,2013-12-31,119269,68157,8,0.9965085387229919
NeuMF,2013,2013-12-31,119269,82459,9,0.9964704513549805
NeuMF,2013,2013-12-31,119269,5992,10,0.9961326122283936
NeuMF,2013,2013-12-31,119583,30803,1,0.9993706345558167
NeuMF,2013,2013-12-31,119583,27109,2,0.9992306232452393
NeuMF,2013,2013-12-31,119583,6987,3,0.9991198182106018
NeuMF,2013,2013-12-31,119583,26776,4,0.9990696310997009
NeuMF,2013,2013-12-31,119583,42632,5,0.9989792108535767
NeuMF,2013,2013-12-31,119583,31658,6,0.9989153146743774
NeuMF,2013,2013-12-31,119583,27317,7,0.9987205862998962
NeuMF,2013,2013-12-31,119583,26662,8,0.9977607727050781
NeuMF,2013,2013-12-31,119583,5690,9,0.9976983666419983
NeuMF,2013,2013-12-31,119583,26133,10,0.9976584911346436
NeuMF,2013,2013-12-31,119724,26776,1,0.9999548196792603
NeuMF,2013,2013-12-31,119724,79132,2,0.9999370574951172
NeuMF,2013,2013-12-31,119724,68237,3,0.9998168349266052
NeuMF,2013,2013-12-31,119724,7099,4,0.9998088479042053
NeuMF,2013,2013-12-31,119724,5971,5,0.9997785687446594
NeuMF,2013,2013-12-31,119724,61240,6,0.9996932744979858
NeuMF,2013,2013-12-31,119724,52806,7,0.9994315505027771
NeuMF,2013,2013-12-31,119724,71057,8,0.9992930889129639
NeuMF,2013,2013-12-31,119724,71379,9,0.9992697834968567
NeuMF,2013,2013-12-31,119724,76093,10,0.9992389678955078
NeuMF,2013,2013-12-31,120054,5608,1,0.9999086856842041
NeuMF,2013,2013-12-31,120054,33585,2,0.9992800354957581
NeuMF,2013,2013-12-31,120054,80969,3,0.9991769194602966
NeuMF,2013,2013-12-31,120054,55442,4,0.999169111251831
NeuMF,2013,2013-12-31,120054,55901,5,0.999071478843689
NeuMF,2013,2013-12-31,120054,7371,6,0.9989677667617798
NeuMF,2013,2013-12-31,120054,61240,7,0.9988781809806824
NeuMF,2013,2013-12-31,120054,37857,8,0.9988117218017578
NeuMF,2013,2013-12-31,120054,56145,9,0.9987951517105103
NeuMF,2013,2013-12-31,120054,59387,10,0.9986338019371033
NeuMF,2013,2013-12-31,120567,68791,1,0.9995554089546204
NeuMF,2013,2013-12-31,120567,69134,2,0.9994531273841858
NeuMF,2013,2013-12-31,120567,58154,3,0.9994441866874695
NeuMF,2013,2013-12-31,120567,1779,4,0.9993680119514465
NeuMF,2013,2013-12-31,120567,56339,5,0.9993263483047485
NeuMF,2013,2013-12-31,120567,89745,6,0.9987899661064148
NeuMF,2013,2013-12-31,120567,91529,7,0.9986489415168762
NeuMF,2013,2013-12-31,120567,85414,8,0.9984385371208191
NeuMF,2013,2013-12-31,120567,91542,9,0.9984116554260254
NeuMF,2013,2013-12-31,120567,27482,10,0.9983610510826111
NeuMF,2013,2013-12-31,120568,5294,1,0.9988512992858887
NeuMF,2013,2013-12-31,120568,3147,2,0.9988502264022827
NeuMF,2013,2013-12-31,120568,3105,3,0.9986497759819031
NeuMF,2013,2013-12-31,120568,3980,4,0.998231828212738
NeuMF,2013,2013-12-31,120568,3386,5,0.9982172846794128
NeuMF,2013,2013-12-31,120568,3978,6,0.9981651902198792
NeuMF,2013,2013-12-31,120568,3174,7,0.9980247020721436
NeuMF,2013,2013-12-31,120568,3916,8,0.9978572726249695
NeuMF,2013,2013-12-31,120568,3186,9,0.9972791075706482
NeuMF,2013,2013-12-31,120568,46976,10,0.9972108006477356
NeuMF,2013,2013-12-31,120720,48997,1,0.9997794032096863
NeuMF,2013,2013-12-31,120720,72737,2,0.9995613694190979
NeuMF,2013,2013-12-31,120720,69481,3,0.999167799949646
NeuMF,2013,2013-12-31,120720,4226,4,0.9988092184066772
NeuMF,2013,2013-12-31,120720,81564,5,0.9988023042678833
NeuMF,2013,2013-12-31,120720,78105,6,0.9986763596534729
NeuMF,2013,2013-12-31,120720,6016,7,0.9986342787742615
NeuMF,2013,2013-12-31,120720,71254,8,0.9985452890396118
NeuMF,2013,2013-12-31,120720,76175,9,0.9983555674552917
NeuMF,2013,2013-12-31,120720,5378,10,0.9980353713035583
NeuMF,2013,2013-12-31,120813,2080,1,0.9998846054077148
NeuMF,2013,2013-12-31,120813,2018,2,0.9997549653053284
NeuMF,2013,2013-12-31,120813,1023,3,0.9996602535247803
NeuMF,2013,2013-12-31,120813,60069,4,0.9995688796043396
NeuMF,2013,2013-12-31,120813,2085,5,0.9995287656784058
NeuMF,2013,2013-12-31,120813,2090,6,0.9994969367980957
NeuMF,2013,2013-12-31,120813,2078,7,0.9994248151779175
NeuMF,2013,2013-12-31,120813,902,8,0.9990085959434509
NeuMF,2013,2013-12-31,120813,68793,9,0.99893718957901
NeuMF,2013,2013-12-31,120813,3668,10,0.998934805393219
NeuMF,2013,2013-12-31,120951,78469,1,0.9995514750480652
NeuMF,2013,2013-12-31,120951,95167,2,0.9985864162445068
NeuMF,2013,2013-12-31,120951,83349,3,0.9984943866729736
NeuMF,2013,2013-12-31,120951,79702,4,0.9981004595756531
NeuMF,2013,2013-12-31,120951,79592,5,0.9980714917182922
NeuMF,2013,2013-12-31,120951,7293,6,0.9977949857711792
NeuMF,2013,2013-12-31,120951,7361,7,0.9976759552955627
NeuMF,2013,2013-12-31,120951,673,8,0.99744713306427
NeuMF,2013,2013-12-31,120951,80615,9,0.9961798191070557
NeuMF,2013,2013-12-31,120951,50794,10,0.9960700273513794
NeuMF,2013,2013-12-31,121356,53996,1,0.9998793601989746
NeuMF,2013,2013-12-31,121356,56171,2,0.9998571872711182
NeuMF,2013,2013-12-31,121356,7454,3,0.99962317943573
NeuMF,2013,2013-12-31,121356,45499,4,0.9995831847190857
NeuMF,2013,2013-12-31,121356,3997,5,0.9995498061180115
NeuMF,2013,2013-12-31,121356,59784,6,0.9994797110557556
NeuMF,2013,2013-12-31,121356,58559,7,0.9993715882301331
NeuMF,2013,2013-12-31,121356,74530,8,0.999220609664917
NeuMF,2013,2013-12-31,121356,58047,9,0.9991963505744934
NeuMF,2013,2013-12-31,121356,27706,10,0.9990692734718323
NeuMF,2013,2013-12-31,121376,48414,1,0.9999020099639893
NeuMF,2013,2013-12-31,121376,72378,2,0.9995965361595154
NeuMF,2013,2013-12-31,121376,52694,3,0.9994785189628601
NeuMF,2013,2013-12-31,121376,46972,4,0.9994286894798279
NeuMF,2013,2013-12-31,121376,45210,5,0.99922776222229
NeuMF,2013,2013-12-31,121376,3980,6,0.9989461302757263
NeuMF,2013,2013-12-31,121376,6764,7,0.9984433054924011
NeuMF,2013,2013-12-31,121376,51698,8,0.9983956217765808
NeuMF,2013,2013-12-31,121376,63859,9,0.9982516169548035
NeuMF,2013,2013-12-31,121376,47200,10,0.9981870055198669
NeuMF,2013,2013-12-31,121628,1111,1,0.9999041557312012
NeuMF,2013,2013-12-31,121628,3091,2,0.9993064403533936
NeuMF,2013,2013-12-31,121628,6790,3,0.9991573095321655
NeuMF,2013,2013-12-31,121628,3461,4,0.9989448189735413
NeuMF,2013,2013-12-31,121628,6216,5,0.9988698363304138
NeuMF,2013,2013-12-31,121628,2022,6,0.9984307885169983
NeuMF,2013,2013-12-31,121628,2173,7,0.9983865022659302
NeuMF,2013,2013-12-31,121628,2431,8,0.998382568359375
NeuMF,2013,2013-12-31,121628,671,9,0.9979076385498047
NeuMF,2013,2013-12-31,121628,26122,10,0.9978792667388916
NeuMF,2013,2013-12-31,122012,79091,1,0.9999747276306152
NeuMF,2013,2013-12-31,122012,79702,2,0.9998672008514404
NeuMF,2013,2013-12-31,122012,80549,3,0.9997870326042175
NeuMF,2013,2013-12-31,122012,89864,4,0.9997767806053162
NeuMF,2013,2013-12-31,122012,66097,5,0.9996743202209473
NeuMF,2013,2013-12-31,122012,81591,6,0.9996658563613892
NeuMF,2013,2013-12-31,122012,81847,7,0.9996380805969238
NeuMF,2013,2013-12-31,122012,76251,8,0.9996341466903687
NeuMF,2013,2013-12-31,122012,89745,9,0.9994925260543823
NeuMF,2013,2013-12-31,122012,60069,10,0.9994072914123535
NeuMF,2013,2013-12-31,122083,50442,1,0.9999923706054688
NeuMF,2013,2013-12-31,122083,84152,2,0.9998781681060791
NeuMF,2013,2013-12-31,122083,60072,3,0.9998624324798584
NeuMF,2013,2013-12-31,122083,59369,4,0.9998181462287903
NeuMF,2013,2013-12-31,122083,55765,5,0.9998080134391785
NeuMF,2013,2013-12-31,122083,62849,6,0.9997363686561584
NeuMF,2013,2013-12-31,122083,51662,7,0.9997292160987854
NeuMF,2013,2013-12-31,122083,58803,8,0.999701201915741
NeuMF,2013,2013-12-31,122083,52604,9,0.9996790885925293
NeuMF,2013,2013-12-31,122083,57528,10,0.9995778203010559
NeuMF,2013,2013-12-31,122402,89745,1,0.9999277591705322
NeuMF,2013,2013-12-31,122402,79091,2,0.9999144077301025
NeuMF,2013,2013-12-31,122402,69122,3,0.9999117851257324
NeuMF,2013,2013-12-31,122402,60684,4,0.9997339844703674
NeuMF,2013,2013-12-31,122402,63131,5,0.9995229244232178
NeuMF,2013,2013-12-31,122402,60069,6,0.9993234872817993
NeuMF,2013,2013-12-31,122402,94677,7,0.9991901516914368
NeuMF,2013,2013-12-31,122402,71535,8,0.9991644620895386
NeuMF,2013,2013-12-31,122402,63082,9,0.9990467429161072
NeuMF,2013,2013-12-31,122402,87232,10,0.9989628791809082
NeuMF,2013,2013-12-31,122437,7153,1,0.9993256330490112
NeuMF,2013,2013-12-31,122437,2858,2,0.9986414313316345
NeuMF,2013,2013-12-31,122437,48516,3,0.9985429048538208
NeuMF,2013,2013-12-31,122437,59315,4,0.9984222650527954
NeuMF,2013,2013-12-31,122437,53996,5,0.998407781124115
NeuMF,2013,2013-12-31,122437,6377,6,0.9982926249504089
NeuMF,2013,2013-12-31,122437,67087,7,0.9979519248008728
NeuMF,2013,2013-12-31,122437,3578,8,0.9978958368301392
NeuMF,2013,2013-12-31,122437,54503,9,0.9978339076042175
NeuMF,2013,2013-12-31,122437,72998,10,0.9978170394897461
NeuMF,2013,2013-12-31,123182,62155,1,0.9987432360649109
NeuMF,2013,2013-12-31,123182,5989,2,0.9984022974967957
NeuMF,2013,2013-12-31,123182,107,3,0.9982794523239136
NeuMF,2013,2013-12-31,123182,914,4,0.9981870055198669
NeuMF,2013,2013-12-31,123182,89864,5,0.9976208806037903
NeuMF,2013,2013-12-31,123182,89774,6,0.9974965453147888
NeuMF,2013,2013-12-31,123182,1269,7,0.9973926544189453
NeuMF,2013,2013-12-31,123182,910,8,0.9968671202659607
NeuMF,2013,2013-12-31,123182,60126,9,0.996803879737854
NeuMF,2013,2013-12-31,123182,930,10,0.9965687990188599
NeuMF,2013,2013-12-31,123532,3000,1,0.999576985836029
NeuMF,2013,2013-12-31,123532,4467,2,0.9994491934776306
NeuMF,2013,2013-12-31,123532,3429,3,0.9992923736572266
NeuMF,2013,2013-12-31,123532,5971,4,0.9990119934082031
NeuMF,2013,2013-12-31,123532,1967,5,0.9984500408172607
NeuMF,2013,2013-12-31,123532,2723,6,0.9982635378837585
NeuMF,2013,2013-12-31,123532,5618,7,0.9980208873748779
NeuMF,2013,2013-12-31,123532,66934,8,0.9979994893074036
NeuMF,2013,2013-12-31,123532,3175,9,0.9978317618370056
NeuMF,2013,2013-12-31,123532,70286,10,0.997739315032959
NeuMF,2013,2013-12-31,123734,63876,1,0.9992190599441528
NeuMF,2013,2013-12-31,123734,5791,2,0.9982403516769409
NeuMF,2013,2013-12-31,123734,45880,3,0.997892439365387
NeuMF,2013,2013-12-31,123734,2360,4,0.9978607296943665
NeuMF,2013,2013-12-31,123734,49961,5,0.9978017210960388
NeuMF,2013,2013-12-31,123734,5995,6,0.9976853132247925
NeuMF,2013,2013-12-31,123734,41285,7,0.9972221851348877
NeuMF,2013,2013-12-31,123734,64575,8,0.9971299767494202
NeuMF,2013,2013-12-31,123734,8957,9,0.9970805048942566
NeuMF,2013,2013-12-31,123734,8533,10,0.9970759153366089
NeuMF,2013,2013-12-31,123912,38886,1,0.9999096393585205
NeuMF,2013,2013-12-31,123912,42418,2,0.9998806715011597
NeuMF,2013,2013-12-31,123912,42004,3,0.9998478889465332
NeuMF,2013,2013-12-31,123912,44555,4,0.9998189806938171
NeuMF,2013,2013-12-31,123912,6016,5,0.9996175765991211
NeuMF,2013,2013-12-31,123912,48696,6,0.9996160268783569
NeuMF,2013,2013-12-31,123912,36535,7,0.9996001124382019
NeuMF,2013,2013-12-31,123912,48774,8,0.9994514584541321
NeuMF,2013,2013-12-31,123912,44761,9,0.9994478821754456
NeuMF,2013,2013-12-31,123912,8950,10,0.9994215965270996
NeuMF,2013,2013-12-31,124042,8530,1,0.9997864365577698
NeuMF,2013,2013-12-31,124042,3357,2,0.9991781115531921
NeuMF,2013,2013-12-31,124042,3831,3,0.9991395473480225
NeuMF,2013,2013-12-31,124042,5379,4,0.9989911913871765
NeuMF,2013,2013-12-31,124042,5817,5,0.9989359974861145
NeuMF,2013,2013-12-31,124042,41527,6,0.9988322854042053
NeuMF,2013,2013-12-31,124042,4273,7,0.99849534034729
NeuMF,2013,2013-12-31,124042,41285,8,0.9984155893325806
NeuMF,2013,2013-12-31,124042,2677,9,0.9981054067611694
NeuMF,2013,2013-12-31,124042,3618,10,0.998103141784668
NeuMF,2013,2013-12-31,124179,33004,1,0.9990496039390564
NeuMF,2013,2013-12-31,124179,19,2,0.99863201379776
NeuMF,2013,2013-12-31,124179,68791,3,0.9984121322631836
NeuMF,2013,2013-12-31,124179,2792,4,0.9983841180801392
NeuMF,2013,2013-12-31,124179,48997,5,0.998274564743042
NeuMF,2013,2013-12-31,124179,69526,6,0.9982143640518188
NeuMF,2013,2013-12-31,124179,8360,7,0.9978308081626892
NeuMF,2013,2013-12-31,124179,2409,8,0.9974849224090576
NeuMF,2013,2013-12-31,124179,47640,9,0.9974049925804138
NeuMF,2013,2013-12-31,124179,4306,10,0.9972298741340637
NeuMF,2013,2013-12-31,124401,34153,1,0.9986155033111572
NeuMF,2013,2013-12-31,124401,64614,2,0.9981348514556885
NeuMF,2013,2013-12-31,124401,59784,3,0.9978456497192383
NeuMF,2013,2013-12-31,124401,45183,4,0.9976327419281006
NeuMF,2013,2013-12-31,124401,48774,5,0.9970585107803345
NeuMF,2013,2013-12-31,124401,4235,6,0.996970534324646
NeuMF,2013,2013-12-31,124401,69951,7,0.9967652559280396
NeuMF,2013,2013-12-31,124401,30803,8,0.9956796765327454
NeuMF,2013,2013-12-31,124401,428,9,0.9953989386558533
NeuMF,2013,2013-12-31,124401,2953,10,0.9947167038917542
NeuMF,2013,2013-12-31,124504,42011,1,0.9990953207015991
NeuMF,2013,2013-12-31,124504,8529,2,0.9989039897918701
NeuMF,2013,2013-12-31,124504,4679,3,0.9983958601951599
NeuMF,2013,2013-12-31,124504,7101,4,0.9983528852462769
NeuMF,2013,2013-12-31,124504,8807,5,0.9982740879058838
NeuMF,2013,2013-12-31,124504,8972,6,0.9981828331947327
NeuMF,2013,2013-12-31,124504,4022,7,0.9979782700538635
NeuMF,2013,2013-12-31,124504,5066,8,0.9979445338249207
NeuMF,2013,2013-12-31,124504,42730,9,0.9978625178337097
NeuMF,2013,2013-12-31,124504,3916,10,0.997791051864624
NeuMF,2013,2013-12-31,124731,8914,1,0.9997953772544861
NeuMF,2013,2013-12-31,124731,778,2,0.999675989151001
NeuMF,2013,2013-12-31,124731,6807,3,0.9996172189712524
NeuMF,2013,2013-12-31,124731,7153,4,0.999485969543457
NeuMF,2013,2013-12-31,124731,29,5,0.9992551207542419
NeuMF,2013,2013-12-31,124731,8576,6,0.9991638660430908
NeuMF,2013,2013-12-31,124731,7323,7,0.9990881681442261
NeuMF,2013,2013-12-31,124731,3869,8,0.9988923668861389
NeuMF,2013,2013-12-31,124731,541,9,0.9988564252853394
NeuMF,2013,2013-12-31,124731,7438,10,0.9988116025924683
NeuMF,2013,2013-12-31,124791,81845,1,0.9997205138206482
NeuMF,2013,2013-12-31,124791,2730,2,0.9991579055786133
NeuMF,2013,2013-12-31,124791,7505,3,0.9984374642372131
NeuMF,2013,2013-12-31,124791,97304,4,0.9982938170433044
NeuMF,2013,2013-12-31,124791,8905,5,0.9980916380882263
NeuMF,2013,2013-12-31,124791,2022,6,0.9976673126220703
NeuMF,2013,2013-12-31,124791,33162,7,0.9974435567855835
NeuMF,2013,2013-12-31,124791,1408,8,0.9973884224891663
NeuMF,2013,2013-12-31,124791,7371,9,0.9973026514053345
NeuMF,2013,2013-12-31,124791,51277,10,0.997161865234375
NeuMF,2013,2013-12-31,124858,96079,1,0.9996521472930908
NeuMF,2013,2013-12-31,124858,60069,2,0.9996392726898193
NeuMF,2013,2013-12-31,124858,60684,3,0.9994780421257019
NeuMF,2013,2013-12-31,124858,3412,4,0.99946528673172
NeuMF,2013,2013-12-31,124858,8581,5,0.9994082450866699
NeuMF,2013,2013-12-31,124858,63876,6,0.9993253946304321
NeuMF,2013,2013-12-31,124858,2633,7,0.9991999268531799
NeuMF,2013,2013-12-31,124858,68358,8,0.9990118741989136
NeuMF,2013,2013-12-31,124858,43869,9,0.9986181259155273
NeuMF,2013,2013-12-31,124858,63082,10,0.9985257983207703
NeuMF,2013,2013-12-31,124959,79091,1,0.9997983574867249
NeuMF,2013,2013-12-31,124959,91653,2,0.9996840953826904
NeuMF,2013,2013-12-31,124959,76175,3,0.9996544122695923
NeuMF,2013,2013-12-31,124959,70183,4,0.9995957016944885
NeuMF,2013,2013-12-31,124959,84772,5,0.9995877146720886
NeuMF,2013,2013-12-31,124959,89745,6,0.999546229839325
NeuMF,2013,2013-12-31,124959,80463,7,0.9994706511497498
NeuMF,2013,2013-12-31,124959,94864,8,0.9993340373039246
NeuMF,2013,2013-12-31,124959,91630,9,0.9991722106933594
NeuMF,2013,2013-12-31,124959,93326,10,0.9990921020507812
NeuMF,2013,2013-12-31,125091,71535,1,0.9995419979095459
NeuMF,2013,2013-12-31,125091,5618,2,0.9992042183876038
NeuMF,2013,2013-12-31,125091,58559,3,0.9991698265075684
NeuMF,2013,2013-12-31,125091,7153,4,0.9989814162254333
NeuMF,2013,2013-12-31,125091,88129,5,0.9986938834190369
NeuMF,2013,2013-12-31,125091,5379,6,0.9985823631286621
NeuMF,2013,2013-12-31,125091,55247,7,0.9983604550361633
NeuMF,2013,2013-12-31,125091,5952,8,0.998199462890625
NeuMF,2013,2013-12-31,125091,82459,9,0.9980350136756897
NeuMF,2013,2013-12-31,125091,1208,10,0.9977662563323975
NeuMF,2013,2013-12-31,125368,87232,1,0.9989959597587585
NeuMF,2013,2013-12-31,125368,4226,2,0.9986900687217712
NeuMF,2013,2013-12-31,125368,4011,3,0.9981971383094788
NeuMF,2013,2013-12-31,125368,6016,4,0.9971669316291809
NeuMF,2013,2013-12-31,125368,1196,5,0.9969756603240967
NeuMF,2013,2013-12-31,125368,1036,6,0.9968915581703186
NeuMF,2013,2013-12-31,125368,3275,7,0.996541440486908
NeuMF,2013,2013-12-31,125368,1089,8,0.9962791800498962
NeuMF,2013,2013-12-31,125368,5952,9,0.9959990978240967
NeuMF,2013,2013-12-31,125368,34405,10,0.9958252906799316
NeuMF,2013,2013-12-31,125448,78105,1,0.9996470212936401
NeuMF,2013,2013-12-31,125448,84944,2,0.9994780421257019
NeuMF,2013,2013-12-31,125448,77561,3,0.9991796612739563
NeuMF,2013,2013-12-31,125448,81834,4,0.9990691542625427
NeuMF,2013,2013-12-31,125448,78772,5,0.9985907673835754
NeuMF,2013,2013-12-31,125448,95167,6,0.9980883002281189
NeuMF,2013,2013-12-31,125448,90866,7,0.998004138469696
NeuMF,2013,2013-12-31,125448,64030,8,0.9977056384086609
NeuMF,2013,2013-12-31,125448,60069,9,0.9975735545158386
NeuMF,2013,2013-12-31,125448,4886,10,0.997425377368927
NeuMF,2013,2013-12-31,125508,56788,1,0.9990065693855286
NeuMF,2013,2013-12-31,125508,64839,2,0.9988635778427124
NeuMF,2013,2013-12-31,125508,6957,3,0.9964026212692261
NeuMF,2013,2013-12-31,125508,3253,4,0.9957905411720276
NeuMF,2013,2013-12-31,125508,55276,5,0.9956606030464172
NeuMF,2013,2013-12-31,125508,55290,6,0.9950968623161316
NeuMF,2013,2013-12-31,125508,2947,7,0.9950567483901978
NeuMF,2013,2013-12-31,125508,4085,8,0.9946374297142029
NeuMF,2013,2013-12-31,125508,1968,9,0.993744432926178
NeuMF,2013,2013-12-31,125508,235,10,0.9934995174407959
NeuMF,2013,2013-12-31,126119,3707,1,0.9998086094856262
NeuMF,2013,2013-12-31,126119,3505,2,0.9992734789848328
NeuMF,2013,2013-12-31,126119,37733,3,0.998749852180481
NeuMF,2013,2013-12-31,126119,3552,4,0.9986258745193481
NeuMF,2013,2013-12-31,126119,3480,5,0.9973821043968201
NeuMF,2013,2013-12-31,126119,1268,6,0.9957913160324097
NeuMF,2013,2013-12-31,126119,3169,7,0.9957181811332703
NeuMF,2013,2013-12-31,126119,180,8,0.9953641891479492
NeuMF,2013,2013-12-31,126119,4600,9,0.9952887296676636
NeuMF,2013,2013-12-31,126119,1500,10,0.9950217008590698
NeuMF,2013,2013-12-31,126198,45950,1,0.9996908903121948
NeuMF,2013,2013-12-31,126198,6768,2,0.9995324611663818
NeuMF,2013,2013-12-31,126198,4912,3,0.9995155334472656
NeuMF,2013,2013-12-31,126198,26111,4,0.9994993209838867
NeuMF,2013,2013-12-31,126198,40583,5,0.9989450573921204
NeuMF,2013,2013-12-31,126198,6777,6,0.9988948702812195
NeuMF,2013,2013-12-31,126198,45028,7,0.9988672733306885
NeuMF,2013,2013-12-31,126198,17,8,0.9988076686859131
NeuMF,2013,2013-12-31,126198,64622,9,0.9987816214561462
NeuMF,2013,2013-12-31,126198,8970,10,0.9987565279006958
NeuMF,2013,2013-12-31,126262,81562,1,0.9999231100082397
NeuMF,2013,2013-12-31,126262,84152,2,0.9997151494026184
NeuMF,2013,2013-12-31,126262,63082,3,0.9995515942573547
NeuMF,2013,2013-12-31,126262,62849,4,0.9995352029800415
NeuMF,2013,2013-12-31,126262,84772,5,0.9995334148406982
NeuMF,2013,2013-12-31,126262,71535,6,0.9994569420814514
NeuMF,2013,2013-12-31,126262,78209,7,0.9993739724159241
NeuMF,2013,2013-12-31,126262,74458,8,0.9993088245391846
NeuMF,2013,2013-12-31,126262,79702,9,0.9988362193107605
NeuMF,2013,2013-12-31,126262,4878,10,0.9987616539001465
NeuMF,2013,2013-12-31,126314,215,1,0.998849630355835
NeuMF,2013,2013-12-31,126314,7371,2,0.9981691837310791
NeuMF,2013,2013-12-31,126314,2692,3,0.9979771971702576
NeuMF,2013,2013-12-31,126314,5477,4,0.9962602853775024
NeuMF,2013,2013-12-31,126314,1193,5,0.9959773421287537
NeuMF,2013,2013-12-31,126314,2502,6,0.9959043860435486
NeuMF,2013,2013-12-31,126314,1206,7,0.9954178333282471
NeuMF,2013,2013-12-31,126314,7460,8,0.9953991770744324
NeuMF,2013,2013-12-31,126314,1246,9,0.9951540231704712
NeuMF,2013,2013-12-31,126314,7323,10,0.994997501373291
NeuMF,2013,2013-12-31,126921,1660,1,0.9994751811027527
NeuMF,2013,2013-12-31,126921,495,2,0.9994344115257263
NeuMF,2013,2013-12-31,126921,6639,3,0.9990065693855286
NeuMF,2013,2013-12-31,126921,25868,4,0.9989953637123108
NeuMF,2013,2013-12-31,126921,3115,5,0.9986763596534729
NeuMF,2013,2013-12-31,126921,5963,6,0.9986178874969482
NeuMF,2013,2013-12-31,126921,5300,7,0.9984498023986816
NeuMF,2013,2013-12-31,126921,946,8,0.9980087876319885
NeuMF,2013,2013-12-31,126921,2289,9,0.9979135394096375
NeuMF,2013,2013-12-31,126921,3095,10,0.9978331923484802
NeuMF,2013,2013-12-31,127103,55069,1,0.999945878982544
NeuMF,2013,2013-12-31,127103,7323,2,0.9997454285621643
NeuMF,2013,2013-12-31,127103,55555,3,0.9997208714485168
NeuMF,2013,2013-12-31,127103,42418,4,0.9996825456619263
NeuMF,2013,2013-12-31,127103,71464,5,0.9995444416999817
NeuMF,2013,2013-12-31,127103,33880,6,0.999504804611206
NeuMF,2013,2013-12-31,127103,1279,7,0.9994358420372009
NeuMF,2013,2013-12-31,127103,3556,8,0.9994267225265503
NeuMF,2013,2013-12-31,127103,8800,9,0.9993771910667419
NeuMF,2013,2013-12-31,127103,62437,10,0.9992897510528564
NeuMF,2013,2013-12-31,127227,1753,1,0.9992846846580505
NeuMF,2013,2013-12-31,127227,54881,2,0.9992051720619202
NeuMF,2013,2013-12-31,127227,1405,3,0.9990741014480591
NeuMF,2013,2013-12-31,127227,81156,4,0.9990136623382568
NeuMF,2013,2013-12-31,127227,63131,5,0.9987667798995972
NeuMF,2013,2013-12-31,127227,30810,6,0.9987444877624512
NeuMF,2013,2013-12-31,127227,59315,7,0.9982574582099915
NeuMF,2013,2013-12-31,127227,79702,8,0.9981153011322021
NeuMF,2013,2013-12-31,127227,44191,9,0.9979698061943054
NeuMF,2013,2013-12-31,127227,18,10,0.9977144002914429
NeuMF,2013,2013-12-31,127242,1645,1,0.9994012117385864
NeuMF,2013,2013-12-31,127242,640,2,0.999189555644989
NeuMF,2013,2013-12-31,127242,1721,3,0.9990159273147583
NeuMF,2013,2013-12-31,127242,1835,4,0.9988875985145569
NeuMF,2013,2013-12-31,127242,1061,5,0.9988136291503906
NeuMF,2013,2013-12-31,127242,1393,6,0.998497724533081
NeuMF,2013,2013-12-31,127242,1407,7,0.9982288479804993
NeuMF,2013,2013-12-31,127242,1784,8,0.9979641437530518
NeuMF,2013,2013-12-31,127242,68554,9,0.9977638721466064
NeuMF,2013,2013-12-31,127242,253,10,0.9974373579025269
NeuMF,2013,2013-12-31,127475,1032,1,0.9999285936355591
NeuMF,2013,2013-12-31,127475,1022,2,0.999884843826294
NeuMF,2013,2013-12-31,127475,919,3,0.9997841715812683
NeuMF,2013,2013-12-31,127475,1207,4,0.9997414946556091
NeuMF,2013,2013-12-31,127475,899,5,0.9997332692146301
NeuMF,2013,2013-12-31,127475,2087,6,0.9997139573097229
NeuMF,2013,2013-12-31,127475,1197,7,0.9997010231018066
NeuMF,2013,2013-12-31,127475,1029,8,0.9995796084403992
NeuMF,2013,2013-12-31,127475,265,9,0.9995607733726501
NeuMF,2013,2013-12-31,127475,1028,10,0.999524712562561
NeuMF,2013,2013-12-31,127571,91077,1,0.9999301433563232
NeuMF,2013,2013-12-31,127571,88129,2,0.9999079704284668
NeuMF,2013,2013-12-31,127571,94959,3,0.9998999834060669
NeuMF,2013,2013-12-31,127571,82459,4,0.9998914003372192
NeuMF,2013,2013-12-31,127571,80463,5,0.9998297691345215
NeuMF,2013,2013-12-31,127571,91976,6,0.9996289014816284
NeuMF,2013,2013-12-31,127571,69481,7,0.9995294809341431
NeuMF,2013,2013-12-31,127571,87232,8,0.9994643330574036
NeuMF,2013,2013-12-31,127571,68157,9,0.9994432330131531
NeuMF,2013,2013-12-31,127571,84152,10,0.9994173049926758
NeuMF,2013,2013-12-31,127737,1221,1,0.9996007084846497
NeuMF,2013,2013-12-31,127737,7153,2,0.9990429282188416
NeuMF,2013,2013-12-31,127737,541,3,0.9989222288131714
NeuMF,2013,2013-12-31,127737,1721,4,0.9989144802093506
NeuMF,2013,2013-12-31,127737,60069,5,0.9988333582878113
NeuMF,2013,2013-12-31,127737,1208,6,0.9987378716468811
NeuMF,2013,2013-12-31,127737,4993,7,0.9985692501068115
NeuMF,2013,2013-12-31,127737,4973,8,0.998562753200531
NeuMF,2013,2013-12-31,127737,1704,9,0.998272180557251
NeuMF,2013,2013-12-31,127737,6016,10,0.998123824596405
NeuMF,2013,2013-12-31,127822,839,1,0.9998341798782349
NeuMF,2013,2013-12-31,127822,42718,2,0.9995558857917786
NeuMF,2013,2013-12-31,127822,44191,3,0.9988129138946533
NeuMF,2013,2013-12-31,127822,5219,4,0.9985811710357666
NeuMF,2013,2013-12-31,127822,5418,5,0.9982927441596985
NeuMF,2013,2013-12-31,127822,55232,6,0.9981309771537781
NeuMF,2013,2013-12-31,127822,53000,7,0.9978821873664856
NeuMF,2013,2013-12-31,127822,59315,8,0.9977532029151917
NeuMF,2013,2013-12-31,127822,71535,9,0.9970598816871643
NeuMF,2013,2013-12-31,127822,68358,10,0.9969538450241089
NeuMF,2013,2013-12-31,128524,7327,1,0.9996482133865356
NeuMF,2013,2013-12-31,128524,307,2,0.9995550513267517
NeuMF,2013,2013-12-31,128524,56782,3,0.9993158578872681
NeuMF,2013,2013-12-31,128524,2348,4,0.998823344707489
NeuMF,2013,2013-12-31,128524,8684,5,0.9986951947212219
NeuMF,2013,2013-12-31,128524,18,6,0.9984512329101562
NeuMF,2013,2013-12-31,128524,3415,7,0.9983931183815002
NeuMF,2013,2013-12-31,128524,1251,8,0.9981116056442261
NeuMF,2013,2013-12-31,128524,308,9,0.9980273842811584
NeuMF,2013,2013-12-31,128524,3677,10,0.9980117082595825
NeuMF,2013,2013-12-31,128655,60950,1,0.9999620914459229
NeuMF,2013,2013-12-31,128655,34437,2,0.9998032450675964
NeuMF,2013,2013-12-31,128655,1232,3,0.9997605681419373
NeuMF,2013,2013-12-31,128655,5477,4,0.99973064661026
NeuMF,2013,2013-12-31,128655,7123,5,0.999579131603241
NeuMF,2013,2013-12-31,128655,56171,6,0.9992929697036743
NeuMF,2013,2013-12-31,128655,47725,7,0.9986687898635864
NeuMF,2013,2013-12-31,128655,345,8,0.99850994348526
NeuMF,2013,2013-12-31,128655,55444,9,0.9983090162277222
NeuMF,2013,2013-12-31,128655,5618,10,0.9978418350219727
NeuMF,2013,2013-12-31,128657,9010,1,0.9995163679122925
NeuMF,2013,2013-12-31,128657,73323,2,0.9994593262672424
NeuMF,2013,2013-12-31,128657,8530,3,0.9993077516555786
NeuMF,2013,2013-12-31,128657,6016,4,0.9993053674697876
NeuMF,2013,2013-12-31,128657,60408,5,0.9992775321006775
NeuMF,2013,2013-12-31,128657,86781,6,0.9992623925209045
NeuMF,2013,2013-12-31,128657,54372,7,0.999259889125824
NeuMF,2013,2013-12-31,128657,64716,8,0.9989259839057922
NeuMF,2013,2013-12-31,128657,4995,9,0.9986327290534973
NeuMF,2013,2013-12-31,128657,55247,10,0.998591959476471
NeuMF,2013,2013-12-31,128710,64614,1,0.9994845390319824
NeuMF,2013,2013-12-31,128710,3430,2,0.9992938041687012
NeuMF,2013,2013-12-31,128710,3821,3,0.9991194605827332
NeuMF,2013,2013-12-31,128710,3508,4,0.9989222288131714
NeuMF,2013,2013-12-31,128710,4022,5,0.9989204406738281
NeuMF,2013,2013-12-31,128710,2409,6,0.9988403916358948
NeuMF,2013,2013-12-31,128710,64839,7,0.9983914494514465
NeuMF,2013,2013-12-31,128710,2866,8,0.998227059841156
NeuMF,2013,2013-12-31,128710,3179,9,0.9982041120529175
NeuMF,2013,2013-12-31,128710,4855,10,0.9980961680412292
NeuMF,2013,2013-12-31,129411,81845,1,0.9995388984680176
NeuMF,2013,2013-12-31,129411,7361,2,0.9993886947631836
NeuMF,2013,2013-12-31,129411,922,3,0.99913090467453
NeuMF,2013,2013-12-31,129411,59315,4,0.9990589022636414
NeuMF,2013,2013-12-31,129411,8970,5,0.9984215497970581
NeuMF,2013,2013-12-31,129411,8665,6,0.9983606934547424
NeuMF,2013,2013-12-31,129411,8961,7,0.9979902505874634
NeuMF,2013,2013-12-31,129411,8636,8,0.9977911710739136
NeuMF,2013,2013-12-31,129411,68954,9,0.9977701902389526
NeuMF,2013,2013-12-31,129411,7147,10,0.9972710013389587
NeuMF,2013,2013-12-31,129521,56145,1,0.9999330043792725
NeuMF,2013,2013-12-31,129521,82461,2,0.9998016953468323
NeuMF,2013,2013-12-31,129521,48997,3,0.9996936321258545
NeuMF,2013,2013-12-31,129521,68157,4,0.9992563128471375
NeuMF,2013,2013-12-31,129521,6902,5,0.9992144107818604
NeuMF,2013,2013-12-31,129521,81562,6,0.9991672039031982
NeuMF,2013,2013-12-31,129521,55118,7,0.9990750551223755
NeuMF,2013,2013-12-31,129521,81591,8,0.9987194538116455
NeuMF,2013,2013-12-31,129521,6502,9,0.998689591884613
NeuMF,2013,2013-12-31,129521,90405,10,0.9986054301261902
NeuMF,2013,2013-12-31,129573,56757,1,0.9999868869781494
NeuMF,2013,2013-12-31,129573,48394,2,0.9999773502349854
NeuMF,2013,2013-12-31,129573,79702,3,0.9999668598175049
NeuMF,2013,2013-12-31,129573,59315,4,0.9999538660049438
NeuMF,2013,2013-12-31,129573,58559,5,0.9998838901519775
NeuMF,2013,2013-12-31,129573,44191,6,0.9998806715011597
NeuMF,2013,2013-12-31,129573,48774,7,0.99986732006073
NeuMF,2013,2013-12-31,129573,51255,8,0.9998621940612793
NeuMF,2013,2013-12-31,129573,7153,9,0.9998550415039062
NeuMF,2013,2013-12-31,129573,48780,10,0.9998252987861633
NeuMF,2013,2013-12-31,129833,2959,1,0.9997536540031433
NeuMF,2013,2013-12-31,129833,2571,2,0.9997053742408752
NeuMF,2013,2013-12-31,129833,2858,3,0.9996411800384521
NeuMF,2013,2013-12-31,129833,1198,4,0.9995566010475159
NeuMF,2013,2013-12-31,129833,858,5,0.99944669008255
NeuMF,2013,2013-12-31,129833,5952,6,0.9994131326675415
NeuMF,2013,2013-12-31,129833,778,7,0.9993101358413696
NeuMF,2013,2013-12-31,129833,608,8,0.9992361068725586
NeuMF,2013,2013-12-31,129833,50,9,0.9992189407348633
NeuMF,2013,2013-12-31,129833,1270,10,0.9990963935852051
NeuMF,2013,2013-12-31,129909,70286,1,0.9993372559547424
NeuMF,2013,2013-12-31,129909,2990,2,0.9992879033088684
NeuMF,2013,2013-12-31,129909,89745,3,0.9992383718490601
NeuMF,2013,2013-12-31,129909,53996,4,0.9990523457527161
NeuMF,2013,2013-12-31,129909,69951,5,0.9990050196647644
NeuMF,2013,2013-12-31,129909,52328,6,0.998940646648407
NeuMF,2013,2013-12-31,129909,61323,7,0.9984692931175232
NeuMF,2013,2013-12-31,129909,4741,8,0.9984012246131897
NeuMF,2013,2013-12-31,129909,71535,9,0.9982825517654419
NeuMF,2013,2013-12-31,129909,91529,10,0.9976001381874084
NeuMF,2013,2013-12-31,129920,4878,1,0.9993133544921875
NeuMF,2013,2013-12-31,129920,55820,2,0.9985285997390747
NeuMF,2013,2013-12-31,129920,68157,3,0.9984766840934753
NeuMF,2013,2013-12-31,129920,64839,4,0.998408854007721
NeuMF,2013,2013-12-31,129920,58559,5,0.9982129335403442
NeuMF,2013,2013-12-31,129920,296,6,0.9978760480880737
NeuMF,2013,2013-12-31,129920,3949,7,0.9975945353507996
NeuMF,2013,2013-12-31,129920,2959,8,0.9975515007972717
NeuMF,2013,2013-12-31,129920,44191,9,0.9968440532684326
NeuMF,2013,2013-12-31,129920,69122,10,0.9962278604507446
NeuMF,2013,2013-12-31,129929,2792,1,0.9990113973617554
NeuMF,2013,2013-12-31,129929,2378,2,0.9984311461448669
NeuMF,2013,2013-12-31,129929,54259,3,0.9971432089805603
NeuMF,2013,2013-12-31,129929,59615,4,0.9971103668212891
NeuMF,2013,2013-12-31,129929,63113,5,0.9959783554077148
NeuMF,2013,2013-12-31,129929,52722,6,0.9958375692367554
NeuMF,2013,2013-12-31,129929,6807,7,0.9954144954681396
NeuMF,2013,2013-12-31,129929,3635,8,0.9953739047050476
NeuMF,2013,2013-12-31,129929,455,9,0.9950725436210632
NeuMF,2013,2013-12-31,129929,48774,10,0.99503493309021
NeuMF,2013,2013-12-31,130342,30749,1,0.9995846152305603
NeuMF,2013,2013-12-31,130342,49272,2,0.9987454414367676
NeuMF,2013,2013-12-31,130342,1246,3,0.9986922144889832
NeuMF,2013,2013-12-31,130342,5995,4,0.9985015392303467
NeuMF,2013,2013-12-31,130342,56788,5,0.9984052777290344
NeuMF,2013,2013-12-31,130342,6377,6,0.998298704624176
NeuMF,2013,2013-12-31,130342,4993,7,0.9979952573776245
NeuMF,2013,2013-12-31,130342,55765,8,0.9977315068244934
NeuMF,2013,2013-12-31,130342,1036,9,0.9977091550827026
NeuMF,2013,2013-12-31,130342,7361,10,0.9976934790611267
NeuMF,2013,2013-12-31,130620,72378,1,0.9997594952583313
NeuMF,2013,2013-12-31,130620,72641,2,0.9993311166763306
NeuMF,2013,2013-12-31,130620,61352,3,0.9990505576133728
NeuMF,2013,2013-12-31,130620,7161,4,0.9987408518791199
NeuMF,2013,2013-12-31,130620,4042,5,0.9986604452133179
NeuMF,2013,2013-12-31,130620,2121,6,0.9986453652381897
NeuMF,2013,2013-12-31,130620,1982,7,0.9981997013092041
NeuMF,2013,2013-12-31,130620,84152,8,0.9980871677398682
NeuMF,2013,2013-12-31,130620,8533,9,0.997961163520813
NeuMF,2013,2013-12-31,130620,2662,10,0.9979544878005981
NeuMF,2013,2013-12-31,130819,7323,1,0.9998325109481812
NeuMF,2013,2013-12-31,130819,44204,2,0.9997610449790955
NeuMF,2013,2013-12-31,130819,33166,3,0.9997164607048035
NeuMF,2013,2013-12-31,130819,86781,4,0.9994468092918396
NeuMF,2013,2013-12-31,130819,55069,5,0.9991082549095154
NeuMF,2013,2013-12-31,130819,7034,6,0.9990693926811218
NeuMF,2013,2013-12-31,130819,74458,7,0.9989705085754395
NeuMF,2013,2013-12-31,130819,81562,8,0.9986085295677185
NeuMF,2013,2013-12-31,130819,47491,9,0.998439371585846
NeuMF,2013,2013-12-31,130819,6770,10,0.9984256029129028
NeuMF,2013,2013-12-31,130839,5608,1,0.9996620416641235
NeuMF,2013,2013-12-31,130839,36517,2,0.9995759129524231
NeuMF,2013,2013-12-31,130839,6380,3,0.9994816184043884
NeuMF,2013,2013-12-31,130839,4304,4,0.9994624257087708
NeuMF,2013,2013-12-31,130839,7139,5,0.9994615912437439
NeuMF,2013,2013-12-31,130839,3967,6,0.9993818998336792
NeuMF,2013,2013-12-31,130839,6552,7,0.9993137121200562
NeuMF,2013,2013-12-31,130839,3949,8,0.9993058443069458
NeuMF,2013,2013-12-31,130839,3176,9,0.9992127418518066
NeuMF,2013,2013-12-31,130839,5528,10,0.9991175532341003
NeuMF,2013,2013-12-31,130881,5418,1,0.9994680285453796
NeuMF,2013,2013-12-31,130881,4886,2,0.9993833303451538
NeuMF,2013,2013-12-31,130881,4306,3,0.9993264675140381
NeuMF,2013,2013-12-31,130881,5349,4,0.9991217255592346
NeuMF,2013,2013-12-31,130881,6377,5,0.9986554384231567
NeuMF,2013,2013-12-31,130881,1721,6,0.9984147548675537
NeuMF,2013,2013-12-31,130881,6874,7,0.9983636736869812
NeuMF,2013,2013-12-31,130881,2959,8,0.9981605410575867
NeuMF,2013,2013-12-31,130881,5445,9,0.9981063604354858
NeuMF,2013,2013-12-31,130881,5989,10,0.9980922341346741
NeuMF,2013,2013-12-31,131062,70451,1,0.9997236132621765
NeuMF,2013,2013-12-31,131062,86142,2,0.999560534954071
NeuMF,2013,2013-12-31,131062,58559,3,0.999482274055481
NeuMF,2013,2013-12-31,131062,65642,4,0.9993058443069458
NeuMF,2013,2013-12-31,131062,53318,5,0.9991567134857178
NeuMF,2013,2013-12-31,131062,6300,6,0.9991157650947571
NeuMF,2013,2013-12-31,131062,80463,7,0.9990376234054565
NeuMF,2013,2013-12-31,131062,55247,8,0.9990105628967285
NeuMF,2013,2013-12-31,131062,55908,9,0.9989724159240723
NeuMF,2013,2013-12-31,131062,55820,10,0.998704195022583
NeuMF,2013,2013-12-31,131294,32213,1,0.9992469549179077
NeuMF,2013,2013-12-31,131294,6301,2,0.9990885257720947
NeuMF,2013,2013-12-31,131294,714,3,0.9984663724899292
NeuMF,2013,2013-12-31,131294,7371,4,0.997960090637207
NeuMF,2013,2013-12-31,131294,6214,5,0.997919499874115
NeuMF,2013,2013-12-31,131294,1729,6,0.9978062510490417
NeuMF,2013,2013-12-31,131294,2074,7,0.9976230263710022
NeuMF,2013,2013-12-31,131294,53129,8,0.9972733855247498
NeuMF,2013,2013-12-31,131294,1232,9,0.9969961643218994
NeuMF,2013,2013-12-31,131294,48394,10,0.9969692826271057
NeuMF,2013,2013-12-31,131404,63082,1,0.9993389248847961
NeuMF,2013,2013-12-31,131404,79091,2,0.9990979433059692
NeuMF,2013,2013-12-31,131404,1446,3,0.9986594915390015
NeuMF,2013,2013-12-31,131404,4225,4,0.9986562728881836
NeuMF,2013,2013-12-31,131404,3060,5,0.9983286261558533
NeuMF,2013,2013-12-31,131404,72011,6,0.9983135461807251
NeuMF,2013,2013-12-31,131404,357,7,0.9981603026390076
NeuMF,2013,2013-12-31,131404,68135,8,0.9972147345542908
NeuMF,2013,2013-12-31,131404,69122,9,0.9967194199562073
NeuMF,2013,2013-12-31,131404,60950,10,0.9965289235115051
NeuMF,2013,2013-12-31,131405,170,1,0.9997835755348206
NeuMF,2013,2013-12-31,131405,64839,2,0.9977564215660095
NeuMF,2013,2013-12-31,131405,36529,3,0.9975152015686035
NeuMF,2013,2013-12-31,131405,68954,4,0.9975130558013916
NeuMF,2013,2013-12-31,131405,73344,5,0.9973835349082947
NeuMF,2013,2013-12-31,131405,26729,6,0.9969971179962158
NeuMF,2013,2013-12-31,131405,198,7,0.9967730641365051
NeuMF,2013,2013-12-31,131405,44195,8,0.9967400431632996
NeuMF,2013,2013-12-31,131405,50068,9,0.9959114789962769
NeuMF,2013,2013-12-31,131405,6281,10,0.995784342288971
NeuMF,2013,2013-12-31,131417,52328,1,0.9997667670249939
NeuMF,2013,2013-12-31,131417,3949,2,0.9995467066764832
NeuMF,2013,2013-12-31,131417,68358,3,0.9994314312934875
NeuMF,2013,2013-12-31,131417,5219,4,0.9989914298057556
NeuMF,2013,2013-12-31,131417,5463,5,0.9987872242927551
NeuMF,2013,2013-12-31,131417,3863,6,0.9985536932945251
NeuMF,2013,2013-12-31,131417,45499,7,0.9984728693962097
NeuMF,2013,2013-12-31,131417,3275,8,0.9982777833938599
NeuMF,2013,2013-12-31,131417,3994,9,0.9980735778808594
NeuMF,2013,2013-12-31,131417,48043,10,0.9980372786521912
NeuMF,2013,2013-12-31,131484,60069,1,0.9994342923164368
NeuMF,2013,2013-12-31,131484,4973,2,0.9991242289543152
NeuMF,2013,2013-12-31,131484,6377,3,0.9990068078041077
NeuMF,2013,2013-12-31,131484,1982,4,0.9988210797309875
NeuMF,2013,2013-12-31,131484,7361,5,0.9985847473144531
NeuMF,2013,2013-12-31,131484,1196,6,0.9983657002449036
NeuMF,2013,2013-12-31,131484,1198,7,0.9983457326889038
NeuMF,2013,2013-12-31,131484,2762,8,0.9979335069656372
NeuMF,2013,2013-12-31,131484,1270,9,0.9977001547813416
NeuMF,2013,2013-12-31,131484,2662,10,0.997565746307373
NeuMF,2013,2013-12-31,131590,59315,1,0.999595582485199
NeuMF,2013,2013-12-31,131590,60069,2,0.9995903372764587
NeuMF,2013,2013-12-31,131590,68954,3,0.99957674741745
NeuMF,2013,2013-12-31,131590,63876,4,0.9995467066764832
NeuMF,2013,2013-12-31,131590,6377,5,0.9995212554931641
NeuMF,2013,2013-12-31,131590,53123,6,0.9994211196899414
NeuMF,2013,2013-12-31,131590,7153,7,0.998896598815918
NeuMF,2013,2013-12-31,131590,919,8,0.998705267906189
NeuMF,2013,2013-12-31,131590,1198,9,0.9986295700073242
NeuMF,2013,2013-12-31,131590,3114,10,0.9983408451080322
NeuMF,2013,2013-12-31,131866,85354,1,0.9998668432235718
NeuMF,2013,2013-12-31,131866,52319,2,0.9998364448547363
NeuMF,2013,2013-12-31,131866,80489,3,0.9996986389160156
NeuMF,2013,2013-12-31,131866,3822,4,0.999478280544281
NeuMF,2013,2013-12-31,131866,71464,5,0.9994521737098694
NeuMF,2013,2013-12-31,131866,74545,6,0.999433696269989
NeuMF,2013,2013-12-31,131866,42632,7,0.9994155168533325
NeuMF,2013,2013-12-31,131866,4144,8,0.9993707537651062
NeuMF,2013,2013-12-31,131866,87232,9,0.999117910861969
NeuMF,2013,2013-12-31,131866,27266,10,0.9990763664245605
NeuMF,2013,2013-12-31,131976,56367,1,0.9999306201934814
NeuMF,2013,2013-12-31,131976,74488,2,0.9996052384376526
NeuMF,2013,2013-12-31,131976,26662,3,0.9995607733726501
NeuMF,2013,2013-12-31,131976,44191,4,0.9995230436325073
NeuMF,2013,2013-12-31,131976,58154,5,0.9992246627807617
NeuMF,2013,2013-12-31,131976,55247,6,0.9991937279701233
NeuMF,2013,2013-12-31,131976,55442,7,0.9991664886474609
NeuMF,2013,2013-12-31,131976,7361,8,0.9989995360374451
NeuMF,2013,2013-12-31,131976,54190,9,0.9989379048347473
NeuMF,2013,2013-12-31,131976,48516,10,0.9985890984535217
NeuMF,2013,2013-12-31,132118,85414,1,0.9998700618743896
NeuMF,2013,2013-12-31,132118,44665,2,0.9998557567596436
NeuMF,2013,2013-12-31,132118,87232,3,0.9998239874839783
NeuMF,2013,2013-12-31,132118,68157,4,0.9997393488883972
NeuMF,2013,2013-12-31,132118,47,5,0.9996476173400879
NeuMF,2013,2013-12-31,132118,33794,6,0.9994140863418579
NeuMF,2013,2013-12-31,132118,59315,7,0.9993695616722107
NeuMF,2013,2013-12-31,132118,8665,8,0.9993687272071838
NeuMF,2013,2013-12-31,132118,1089,9,0.9993434548377991
NeuMF,2013,2013-12-31,132118,32587,10,0.9993269443511963
NeuMF,2013,2013-12-31,132352,69526,1,0.9999518394470215
NeuMF,2013,2013-12-31,132352,98809,2,0.9998351335525513
NeuMF,2013,2013-12-31,132352,78105,3,0.9995276927947998
NeuMF,2013,2013-12-31,132352,67695,4,0.9993911981582642
NeuMF,2013,2013-12-31,132352,68791,5,0.9990583062171936
NeuMF,2013,2013-12-31,132352,87520,6,0.9990058541297913
NeuMF,2013,2013-12-31,132352,89745,7,0.9989184141159058
NeuMF,2013,2013-12-31,132352,81537,8,0.998624324798584
NeuMF,2013,2013-12-31,132352,76077,9,0.99836665391922
NeuMF,2013,2013-12-31,132352,80463,10,0.9980649352073669
NeuMF,2013,2013-12-31,132613,71579,1,0.9994989633560181
NeuMF,2013,2013-12-31,132613,72641,2,0.9990707039833069
NeuMF,2013,2013-12-31,132613,1327,3,0.9986224174499512
NeuMF,2013,2013-12-31,132613,4880,4,0.9976574182510376
NeuMF,2013,2013-12-31,132613,33171,5,0.997613787651062
NeuMF,2013,2013-12-31,132613,6942,6,0.9975197911262512
NeuMF,2013,2013-12-31,132613,7444,7,0.9971237778663635
NeuMF,2013,2013-12-31,132613,4067,8,0.9968464970588684
NeuMF,2013,2013-12-31,132613,802,9,0.9963595271110535
NeuMF,2013,2013-12-31,132613,282,10,0.9962367415428162
NeuMF,2013,2013-12-31,132804,79132,1,0.9998200535774231
NeuMF,2013,2013-12-31,132804,56757,2,0.9997267127037048
NeuMF,2013,2013-12-31,132804,79702,3,0.9994351267814636
NeuMF,2013,2013-12-31,132804,69757,4,0.9993853569030762
NeuMF,2013,2013-12-31,132804,72737,5,0.9993435740470886
NeuMF,2013,2013-12-31,132804,71264,6,0.9992375373840332
NeuMF,2013,2013-12-31,132804,81834,7,0.9988846182823181
NeuMF,2013,2013-12-31,132804,4878,8,0.9987678527832031
NeuMF,2013,2013-12-31,132804,66097,9,0.9986782670021057
NeuMF,2013,2013-12-31,132804,2,10,0.9986605644226074
NeuMF,2013,2013-12-31,132926,1367,1,0.9992561936378479
NeuMF,2013,2013-12-31,132926,2953,2,0.9988825917243958
NeuMF,2013,2013-12-31,132926,1721,3,0.9986401200294495
NeuMF,2013,2013-12-31,132926,2572,4,0.9980941414833069
NeuMF,2013,2013-12-31,132926,356,5,0.9962487816810608
NeuMF,2013,2013-12-31,132926,2959,6,0.9943337440490723
NeuMF,2013,2013-12-31,132926,6377,7,0.9942793846130371
NeuMF,2013,2013-12-31,132926,2028,8,0.9934436082839966
NeuMF,2013,2013-12-31,132926,333,9,0.9933723211288452
NeuMF,2013,2013-12-31,132926,1,10,0.9933666586875916
NeuMF,2013,2013-12-31,133046,25923,1,0.9999061822891235
NeuMF,2013,2013-12-31,133046,8459,2,0.9997797608375549
NeuMF,2013,2013-12-31,133046,7013,3,0.9997681975364685
NeuMF,2013,2013-12-31,133046,3545,4,0.9995934367179871
NeuMF,2013,2013-12-31,133046,6331,5,0.9995179176330566
NeuMF,2013,2013-12-31,133046,7116,6,0.9994800686836243
NeuMF,2013,2013-12-31,133046,2731,7,0.9994146823883057
NeuMF,2013,2013-12-31,133046,900,8,0.9993849992752075
NeuMF,2013,2013-12-31,133046,51884,9,0.9993407130241394
NeuMF,2013,2013-12-31,133046,3089,10,0.9993202686309814
NeuMF,2013,2013-12-31,133126,81591,1,0.9993758797645569
NeuMF,2013,2013-12-31,133126,68237,2,0.9992772936820984
NeuMF,2013,2013-12-31,133126,1175,3,0.9992374181747437
NeuMF,2013,2013-12-31,133126,60950,4,0.9991044402122498
NeuMF,2013,2013-12-31,133126,5608,5,0.9990724325180054
NeuMF,2013,2013-12-31,133126,59315,6,0.9986275434494019
NeuMF,2013,2013-12-31,133126,3129,7,0.9985296726226807
NeuMF,2013,2013-12-31,133126,68358,8,0.9980288147926331
NeuMF,2013,2013-12-31,133126,85412,9,0.9978378415107727
NeuMF,2013,2013-12-31,133126,94864,10,0.997593104839325
NeuMF,2013,2013-12-31,133145,1032,1,0.9991426467895508
NeuMF,2013,2013-12-31,133145,1025,2,0.9988138675689697
NeuMF,2013,2013-12-31,133145,48774,3,0.9986692667007446
NeuMF,2013,2013-12-31,133145,111,4,0.9986567497253418
NeuMF,2013,2013-12-31,133145,1201,5,0.9985913634300232
NeuMF,2013,2013-12-31,133145,1232,6,0.9985572695732117
NeuMF,2013,2013-12-31,133145,1287,7,0.9983710646629333
NeuMF,2013,2013-12-31,133145,2467,8,0.9983677268028259
NeuMF,2013,2013-12-31,133145,8861,9,0.9983165264129639
NeuMF,2013,2013-12-31,133145,56339,10,0.9982733726501465
NeuMF,2013,2013-12-31,133452,88125,1,0.9997798800468445
NeuMF,2013,2013-12-31,133452,90405,2,0.9996470212936401
NeuMF,2013,2013-12-31,133452,80463,3,0.9995341300964355
NeuMF,2013,2013-12-31,133452,94864,4,0.9994263648986816
NeuMF,2013,2013-12-31,133452,86882,5,0.9993566870689392
NeuMF,2013,2013-12-31,133452,79702,6,0.999354898929596
NeuMF,2013,2013-12-31,133452,64614,7,0.999076247215271
NeuMF,2013,2013-12-31,133452,74458,8,0.9989917874336243
NeuMF,2013,2013-12-31,133452,81562,9,0.9989475607872009
NeuMF,2013,2013-12-31,133452,81932,10,0.9988716244697571
NeuMF,2013,2013-12-31,133595,2560,1,0.9997861981391907
NeuMF,2013,2013-12-31,133595,80489,2,0.9997050166130066
NeuMF,2013,2013-12-31,133595,91630,3,0.999640703201294
NeuMF,2013,2013-12-31,133595,5968,4,0.9995583891868591
NeuMF,2013,2013-12-31,133595,4448,5,0.9993863105773926
NeuMF,2013,2013-12-31,133595,79132,6,0.9991569519042969
NeuMF,2013,2013-12-31,133595,80463,7,0.9989946484565735
NeuMF,2013,2013-12-31,133595,70984,8,0.9989479184150696
NeuMF,2013,2013-12-31,133595,1840,9,0.9987612962722778
NeuMF,2013,2013-12-31,133595,79720,10,0.9987534284591675
NeuMF,2013,2013-12-31,134001,74851,1,0.9993699193000793
NeuMF,2013,2013-12-31,134001,71535,2,0.9993670582771301
NeuMF,2013,2013-12-31,134001,91542,3,0.9993398785591125
NeuMF,2013,2013-12-31,134001,63131,4,0.9992663264274597
NeuMF,2013,2013-12-31,134001,5572,5,0.9991115927696228
NeuMF,2013,2013-12-31,134001,75985,6,0.9986705780029297
NeuMF,2013,2013-12-31,134001,69526,7,0.9983924031257629
NeuMF,2013,2013-12-31,134001,60040,8,0.99830162525177
NeuMF,2013,2013-12-31,134001,78499,9,0.9982761144638062
NeuMF,2013,2013-12-31,134001,6213,10,0.9981583952903748
NeuMF,2013,2013-12-31,134403,764,1,0.9999810457229614
NeuMF,2013,2013-12-31,134403,303,2,0.9988897442817688
NeuMF,2013,2013-12-31,134403,3952,3,0.998164713382721
NeuMF,2013,2013-12-31,134403,3075,4,0.9979335069656372
NeuMF,2013,2013-12-31,134403,5193,5,0.9977422952651978
NeuMF,2013,2013-12-31,134403,6548,6,0.9970284104347229
NeuMF,2013,2013-12-31,134403,358,7,0.9968953132629395
NeuMF,2013,2013-12-31,134403,5303,8,0.9964954257011414
NeuMF,2013,2013-12-31,134403,3138,9,0.9961177110671997
NeuMF,2013,2013-12-31,134403,1344,10,0.9960644841194153
NeuMF,2013,2013-12-31,134523,7153,1,0.9996936321258545
NeuMF,2013,2013-12-31,134523,4993,2,0.9988447427749634
NeuMF,2013,2013-12-31,134523,4226,3,0.9984739422798157
NeuMF,2013,2013-12-31,134523,7361,4,0.9983702301979065
NeuMF,2013,2013-12-31,134523,5952,5,0.9983637928962708
NeuMF,2013,2013-12-31,134523,55820,6,0.9973472356796265
NeuMF,2013,2013-12-31,134523,38061,7,0.9973374009132385
NeuMF,2013,2013-12-31,134523,49530,8,0.9971991777420044
NeuMF,2013,2013-12-31,134523,63082,9,0.9970912933349609
NeuMF,2013,2013-12-31,134523,6377,10,0.9969991445541382
NeuMF,2013,2013-12-31,134664,56152,1,0.9999551773071289
NeuMF,2013,2013-12-31,134664,5066,2,0.9997338652610779
NeuMF,2013,2013-12-31,134664,47122,3,0.9996534585952759
NeuMF,2013,2013-12-31,134664,7374,4,0.9996449947357178
NeuMF,2013,2013-12-31,134664,69644,5,0.9994624257087708
NeuMF,2013,2013-12-31,134664,6550,6,0.9992809891700745
NeuMF,2013,2013-12-31,134664,72395,7,0.9991900324821472
NeuMF,2013,2013-12-31,134664,45672,8,0.9991455078125
NeuMF,2013,2013-12-31,134664,66097,9,0.9991031885147095
NeuMF,2013,2013-12-31,134664,56171,10,0.999036431312561
NeuMF,2013,2013-12-31,134695,333,1,0.9991187453269958
NeuMF,2013,2013-12-31,134695,45499,2,0.9989646673202515
NeuMF,2013,2013-12-31,134695,71466,3,0.9988948702812195
NeuMF,2013,2013-12-31,134695,6377,4,0.9986306428909302
NeuMF,2013,2013-12-31,134695,72378,5,0.9985528588294983
NeuMF,2013,2013-12-31,134695,61132,6,0.9983757734298706
NeuMF,2013,2013-12-31,134695,5464,7,0.9982037544250488
NeuMF,2013,2013-12-31,134695,6187,8,0.998078465461731
NeuMF,2013,2013-12-31,134695,4816,9,0.9977806210517883
NeuMF,2013,2013-12-31,134695,8368,10,0.9972326159477234
NeuMF,2013,2013-12-31,134842,1088,1,0.9065308570861816
NeuMF,2013,2013-12-31,134842,1197,2,0.8946951627731323
NeuMF,2013,2013-12-31,134842,1968,3,0.8776331543922424
NeuMF,2013,2013-12-31,134842,916,4,0.8774887323379517
NeuMF,2013,2013-12-31,134842,356,5,0.8585900664329529
NeuMF,2013,2013-12-31,134842,1193,6,0.8375880122184753
NeuMF,2013,2013-12-31,134842,3072,7,0.831825852394104
NeuMF,2013,2013-12-31,134842,914,8,0.8280863761901855
NeuMF,2013,2013-12-31,134842,527,9,0.823887288570404
NeuMF,2013,2013-12-31,134842,1073,10,0.8218126893043518
NeuMF,2013,2013-12-31,135290,44555,1,0.9996415376663208
NeuMF,2013,2013-12-31,135290,2076,2,0.999245285987854
NeuMF,2013,2013-12-31,135290,63082,3,0.999138593673706
NeuMF,2013,2013-12-31,135290,72998,4,0.9990547299385071
NeuMF,2013,2013-12-31,135290,55069,5,0.9986853003501892
NeuMF,2013,2013-12-31,135290,60069,6,0.9986611604690552
NeuMF,2013,2013-12-31,135290,60950,7,0.9984475374221802
NeuMF,2013,2013-12-31,135290,58559,8,0.9983571171760559
NeuMF,2013,2013-12-31,135290,48738,9,0.997901439666748
NeuMF,2013,2013-12-31,135290,48516,10,0.9973063468933105
NeuMF,2013,2013-12-31,135317,2858,1,0.9961387515068054
NeuMF,2013,2013-12-31,135317,608,2,0.9951801300048828
NeuMF,2013,2013-12-31,135317,858,3,0.9936649799346924
NeuMF,2013,2013-12-31,135317,3105,4,0.9931679368019104
NeuMF,2013,2013-12-31,135317,1,5,0.9924152493476868
NeuMF,2013,2013-12-31,135317,1073,6,0.9916749596595764
NeuMF,2013,2013-12-31,135317,318,7,0.9914278388023376
NeuMF,2013,2013-12-31,135317,1193,8,0.9912263751029968
NeuMF,2013,2013-12-31,135317,356,9,0.9893772602081299
NeuMF,2013,2013-12-31,135317,2384,10,0.9887523055076599
NeuMF,2013,2013-12-31,135965,8970,1,0.999151349067688
NeuMF,2013,2013-12-31,135965,6502,2,0.998893678188324
NeuMF,2013,2013-12-31,135965,1542,3,0.9982854723930359
NeuMF,2013,2013-12-31,135965,838,4,0.9982531666755676
NeuMF,2013,2013-12-31,135965,5055,5,0.9981961846351624
NeuMF,2013,2013-12-31,135965,5095,6,0.998019814491272
NeuMF,2013,2013-12-31,135965,8368,7,0.9979963898658752
NeuMF,2013,2013-12-31,135965,7155,8,0.9979785084724426
NeuMF,2013,2013-12-31,135965,8865,9,0.9972208738327026
NeuMF,2013,2013-12-31,135965,4105,10,0.9970381259918213
NeuMF,2013,2013-12-31,136273,7382,1,0.9994701743125916
NeuMF,2013,2013-12-31,136273,7323,2,0.9989683628082275
NeuMF,2013,2013-12-31,136273,68358,3,0.9989318251609802
NeuMF,2013,2013-12-31,136273,55269,4,0.9984685778617859
NeuMF,2013,2013-12-31,136273,4979,5,0.9980284571647644
NeuMF,2013,2013-12-31,136273,6942,6,0.9978082776069641
NeuMF,2013,2013-12-31,136273,5508,7,0.9974831938743591
NeuMF,2013,2013-12-31,136273,64701,8,0.9974574446678162
NeuMF,2013,2013-12-31,136273,5618,9,0.9974541068077087
NeuMF,2013,2013-12-31,136273,55280,10,0.9974320530891418
NeuMF,2013,2013-12-31,137085,68237,1,0.999618649482727
NeuMF,2013,2013-12-31,137085,94864,2,0.9995129108428955
NeuMF,2013,2013-12-31,137085,27773,3,0.9994509816169739
NeuMF,2013,2013-12-31,137085,4226,4,0.9994235038757324
NeuMF,2013,2013-12-31,137085,37830,5,0.9994188547134399
NeuMF,2013,2013-12-31,137085,81845,6,0.9993999004364014
NeuMF,2013,2013-12-31,137085,64614,7,0.9992457628250122
NeuMF,2013,2013-12-31,137085,1527,8,0.9991324543952942
NeuMF,2013,2013-12-31,137085,78499,9,0.9991108775138855
NeuMF,2013,2013-12-31,137085,71535,10,0.9990752935409546
NeuMF,2013,2013-12-31,137120,70286,1,0.9994339346885681
NeuMF,2013,2013-12-31,137120,59315,2,0.9990353584289551
NeuMF,2013,2013-12-31,137120,31,3,0.9987718462944031
NeuMF,2013,2013-12-31,137120,68358,4,0.998496413230896
NeuMF,2013,2013-12-31,137120,70293,5,0.9982157945632935
NeuMF,2013,2013-12-31,137120,4973,6,0.9969441294670105
NeuMF,2013,2013-12-31,137120,72011,7,0.9967369437217712
NeuMF,2013,2013-12-31,137120,5995,8,0.9964479207992554
NeuMF,2013,2013-12-31,137120,2605,9,0.996377170085907
NeuMF,2013,2013-12-31,137120,69122,10,0.9960107803344727
NeuMF,2013,2013-12-31,137221,26662,1,0.9999513626098633
NeuMF,2013,2013-12-31,137221,5971,2,0.9996055960655212
NeuMF,2013,2013-12-31,137221,53121,3,0.9995782971382141
NeuMF,2013,2013-12-31,137221,57504,4,0.9995152950286865
NeuMF,2013,2013-12-31,137221,1027,5,0.9992839694023132
NeuMF,2013,2013-12-31,137221,26776,6,0.99910968542099
NeuMF,2013,2013-12-31,137221,6550,7,0.9986662864685059
NeuMF,2013,2013-12-31,137221,2431,8,0.9983900785446167
NeuMF,2013,2013-12-31,137221,1032,9,0.9983017444610596
NeuMF,2013,2013-12-31,137221,6618,10,0.998065173625946
NeuMF,2013,2013-12-31,137287,56788,1,0.999570906162262
NeuMF,2013,2013-12-31,137287,8368,2,0.9994426369667053
NeuMF,2013,2013-12-31,137287,6377,3,0.9993420243263245
NeuMF,2013,2013-12-31,137287,7361,4,0.9992349147796631
NeuMF,2013,2013-12-31,137287,33166,5,0.9990888833999634
NeuMF,2013,2013-12-31,137287,60069,6,0.9989547729492188
NeuMF,2013,2013-12-31,137287,3147,7,0.9988880753517151
NeuMF,2013,2013-12-31,137287,40815,8,0.9986791014671326
NeuMF,2013,2013-12-31,137287,44199,9,0.998656153678894
NeuMF,2013,2013-12-31,137287,4995,10,0.9982125759124756
NeuMF,2013,2013-12-31,137464,74795,1,0.9991260170936584
NeuMF,2013,2013-12-31,137464,68237,2,0.9987989664077759
NeuMF,2013,2013-12-31,137464,4262,3,0.9982140064239502
NeuMF,2013,2013-12-31,137464,72998,4,0.9977874755859375
NeuMF,2013,2013-12-31,137464,36529,5,0.9974191188812256
NeuMF,2013,2013-12-31,137464,58559,6,0.9974036812782288
NeuMF,2013,2013-12-31,137464,55820,7,0.9971027970314026
NeuMF,2013,2013-12-31,137464,8957,8,0.9968966245651245
NeuMF,2013,2013-12-31,137464,67197,9,0.9968383312225342
NeuMF,2013,2013-12-31,137464,5903,10,0.9967619180679321
NeuMF,2013,2013-12-31,138024,46559,1,0.999573290348053
NeuMF,2013,2013-12-31,138024,32213,2,0.9991902709007263
NeuMF,2013,2013-12-31,138024,5971,3,0.9991397857666016
NeuMF,2013,2013-12-31,138024,48774,4,0.9991171956062317
NeuMF,2013,2013-12-31,138024,3000,5,0.9990872144699097
NeuMF,2013,2013-12-31,138024,3623,6,0.9988712668418884
NeuMF,2013,2013-12-31,138024,50804,7,0.9985581040382385
NeuMF,2013,2013-12-31,138024,4235,8,0.9982775449752808
NeuMF,2013,2013-12-31,138024,37830,9,0.9981802701950073
NeuMF,2013,2013-12-31,138024,5818,10,0.9981551766395569
NeuMF,2013,2013-12-31,138099,89745,1,0.9999842643737793
NeuMF,2013,2013-12-31,138099,65261,2,0.9998786449432373
NeuMF,2013,2013-12-31,138099,85020,3,0.999761164188385
NeuMF,2013,2013-12-31,138099,68791,4,0.99956876039505
NeuMF,2013,2013-12-31,138099,73344,5,0.9995120763778687
NeuMF,2013,2013-12-31,138099,67997,6,0.9993703961372375
NeuMF,2013,2013-12-31,138099,62849,7,0.9993489384651184
NeuMF,2013,2013-12-31,138099,68358,8,0.9992936849594116
NeuMF,2013,2013-12-31,138099,80906,9,0.9991418123245239
NeuMF,2013,2013-12-31,138099,68237,10,0.9990519881248474
NeuMF,2013,2013-12-31,138106,750,1,0.9998464584350586
NeuMF,2013,2013-12-31,138106,1193,2,0.9996201992034912
NeuMF,2013,2013-12-31,138106,1199,3,0.9995067119598389
NeuMF,2013,2013-12-31,138106,6001,4,0.9994770884513855
NeuMF,2013,2013-12-31,138106,3683,5,0.9993307590484619
NeuMF,2013,2013-12-31,138106,1206,6,0.9993244409561157
NeuMF,2013,2013-12-31,138106,541,7,0.9992551207542419
NeuMF,2013,2013-12-31,138106,111,8,0.9990311861038208
NeuMF,2013,2013-12-31,138106,3504,9,0.9984833598136902
NeuMF,2013,2013-12-31,138106,4226,10,0.9984373450279236
NeuMF,2013,2013-12-31,138143,194,1,0.9983181953430176
NeuMF,2013,2013-12-31,138143,5319,2,0.9981402158737183
NeuMF,2013,2013-12-31,138143,745,3,0.9965523481369019
NeuMF,2013,2013-12-31,138143,50,4,0.9964391589164734
NeuMF,2013,2013-12-31,138143,2329,5,0.9963216781616211
NeuMF,2013,2013-12-31,138143,2360,6,0.9961967468261719
NeuMF,2013,2013-12-31,138143,5791,7,0.9950705766677856
NeuMF,2013,2013-12-31,138143,2442,8,0.9944792985916138
NeuMF,2013,2013-12-31,138143,5816,9,0.9942775368690491
NeuMF,2013,2013-12-31,138143,7147,10,0.9939965009689331
NeuMF,2013,2013-12-31,138161,59315,1,0.9997978806495667
NeuMF,2013,2013-12-31,138161,4011,2,0.999552309513092
NeuMF,2013,2013-12-31,138161,57368,3,0.9992282390594482
NeuMF,2013,2013-12-31,138161,7438,4,0.9990743398666382
NeuMF,2013,2013-12-31,138161,48774,5,0.9990490078926086
NeuMF,2013,2013-12-31,138161,49278,6,0.998897910118103
NeuMF,2013,2013-12-31,138161,57669,7,0.9988890290260315
NeuMF,2013,2013-12-31,138161,1258,8,0.9988377690315247
NeuMF,2013,2013-12-31,138161,5989,9,0.9985502362251282
NeuMF,2013,2013-12-31,138161,55247,10,0.9985324144363403
NeuMF,2013,2013-12-31,138307,1261,1,0.9999573230743408
NeuMF,2013,2013-12-31,138307,6731,2,0.999862551689148
NeuMF,2013,2013-12-31,138307,69275,3,0.9997826218605042
NeuMF,2013,2013-12-31,138307,4105,4,0.999530553817749
NeuMF,2013,2013-12-31,138307,60941,5,0.9994613528251648
NeuMF,2013,2013-12-31,138307,4902,6,0.9994148015975952
NeuMF,2013,2013-12-31,138307,58559,7,0.9994016885757446
NeuMF,2013,2013-12-31,138307,4645,8,0.9993816614151001
NeuMF,2013,2013-12-31,138307,1089,9,0.999311089515686
NeuMF,2013,2013-12-31,138307,32587,10,0.9992743134498596
NeuMF,2013,2013-12-31,138764,1270,1,0.9993079900741577
NeuMF,2013,2013-12-31,138764,1080,2,0.9991208910942078
NeuMF,2013,2013-12-31,138764,4306,3,0.9990472197532654
NeuMF,2013,2013-12-31,138764,2028,4,0.9990466237068176
NeuMF,2013,2013-12-31,138764,1923,5,0.9990000128746033
NeuMF,2013,2013-12-31,138764,1196,6,0.9989351630210876
NeuMF,2013,2013-12-31,138764,1208,7,0.9988594055175781
NeuMF,2013,2013-12-31,138764,1961,8,0.9988530874252319
NeuMF,2013,2013-12-31,138764,7153,9,0.9987560510635376
NeuMF,2013,2013-12-31,138764,1704,10,0.9987133741378784
NeuMF,2013,2013-12-31,138953,63082,1,0.9995279312133789
NeuMF,2013,2013-12-31,138953,7293,2,0.999516487121582
NeuMF,2013,2013-12-31,138953,58347,3,0.9994276165962219
NeuMF,2013,2013-12-31,138953,4161,4,0.999363124370575
NeuMF,2013,2013-12-31,138953,84152,5,0.9992169141769409
NeuMF,2013,2013-12-31,138953,55267,6,0.9991340041160583
NeuMF,2013,2013-12-31,138953,5449,7,0.9991140961647034
NeuMF,2013,2013-12-31,138953,52604,8,0.9989257454872131
NeuMF,2013,2013-12-31,138953,56941,9,0.9987727999687195
NeuMF,2013,2013-12-31,138953,70183,10,0.9986627101898193
NeuMF,2013,2013-12-31,139813,79702,1,0.9999886751174927
NeuMF,2013,2013-12-31,139813,72226,2,0.9999861717224121
NeuMF,2013,2013-12-31,139813,76251,3,0.9999704360961914
NeuMF,2013,2013-12-31,139813,76093,4,0.9999488592147827
NeuMF,2013,2013-12-31,139813,78209,5,0.9999322891235352
NeuMF,2013,2013-12-31,139813,61240,6,0.9999264478683472
NeuMF,2013,2013-12-31,139813,81847,7,0.9999154806137085
NeuMF,2013,2013-12-31,139813,65261,8,0.9999041557312012
NeuMF,2013,2013-12-31,139813,71535,9,0.999875545501709
NeuMF,2013,2013-12-31,139813,90866,10,0.9998300075531006
NeuMF,2013,2013-12-31,139846,7454,1,0.9998377561569214
NeuMF,2013,2013-12-31,139846,8861,2,0.9998020529747009
NeuMF,2013,2013-12-31,139846,49278,3,0.9989380240440369
NeuMF,2013,2013-12-31,139846,4993,4,0.9986422657966614
NeuMF,2013,2013-12-31,139846,8972,5,0.9985721111297607
NeuMF,2013,2013-12-31,139846,5349,6,0.9982799291610718
NeuMF,2013,2013-12-31,139846,31685,7,0.9981029033660889
NeuMF,2013,2013-12-31,139846,60074,8,0.9978312849998474
NeuMF,2013,2013-12-31,139846,8957,9,0.997821569442749
NeuMF,2013,2013-12-31,139846,7458,10,0.997612714767456
NeuMF,2013,2013-12-31,139872,1232,1,0.999794065952301
NeuMF,2013,2013-12-31,139872,3949,2,0.999612033367157
NeuMF,2013,2013-12-31,139872,1258,3,0.9994208812713623
NeuMF,2013,2013-12-31,139872,6016,4,0.9993890523910522
NeuMF,2013,2013-12-31,139872,2360,5,0.9990133047103882
NeuMF,2013,2013-12-31,139872,2011,6,0.9985345602035522
NeuMF,2013,2013-12-31,139872,2712,7,0.9985283613204956
NeuMF,2013,2013-12-31,139872,8957,8,0.9984644651412964
NeuMF,2013,2013-12-31,139872,2843,9,0.9983629584312439
NeuMF,2013,2013-12-31,139872,69134,10,0.9982736110687256
NeuMF,2013,2013-12-31,140221,4027,1,0.9987648725509644
NeuMF,2013,2013-12-31,140221,3787,2,0.9983965754508972
NeuMF,2013,2013-12-31,140221,4848,3,0.998132050037384
NeuMF,2013,2013-12-31,140221,3677,4,0.9979826211929321
NeuMF,2013,2013-12-31,140221,1132,5,0.9978131055831909
NeuMF,2013,2013-12-31,140221,1961,6,0.9977547526359558
NeuMF,2013,2013-12-31,140221,4361,7,0.9974560141563416
NeuMF,2013,2013-12-31,140221,4014,8,0.9973601698875427
NeuMF,2013,2013-12-31,140221,4306,9,0.9972460269927979
NeuMF,2013,2013-12-31,140221,4783,10,0.9971721768379211
NeuMF,2013,2013-12-31,140419,59018,1,0.999862790107727
NeuMF,2013,2013-12-31,140419,53129,2,0.9994932413101196
NeuMF,2013,2013-12-31,140419,58559,3,0.9992855191230774
NeuMF,2013,2013-12-31,140419,60950,4,0.9992006421089172
NeuMF,2013,2013-12-31,140419,52042,5,0.9991815686225891
NeuMF,2013,2013-12-31,140419,54372,6,0.999061644077301
NeuMF,2013,2013-12-31,140419,79132,7,0.9988881945610046
NeuMF,2013,2013-12-31,140419,48738,8,0.9988818764686584
NeuMF,2013,2013-12-31,140419,47610,9,0.9987244009971619
NeuMF,2013,2013-12-31,140419,63062,10,0.9985103011131287
NeuMF,2013,2013-12-31,140670,308,1,0.9997567534446716
NeuMF,2013,2013-12-31,140670,3747,2,0.9997320771217346
NeuMF,2013,2013-12-31,140670,2575,3,0.999710738658905
NeuMF,2013,2013-12-31,140670,1635,4,0.999509334564209
NeuMF,2013,2013-12-31,140670,1594,5,0.99950110912323
NeuMF,2013,2013-12-31,140670,4273,6,0.9994662404060364
NeuMF,2013,2013-12-31,140670,1719,7,0.9994593262672424
NeuMF,2013,2013-12-31,140670,85,8,0.9992893934249878
NeuMF,2013,2013-12-31,140670,1885,9,0.9992260932922363
NeuMF,2013,2013-12-31,140670,5447,10,0.9991681575775146
NeuMF,2013,2013-12-31,140876,71535,1,0.9998799562454224
NeuMF,2013,2013-12-31,140876,67997,2,0.9998389482498169
NeuMF,2013,2013-12-31,140876,68157,3,0.9997439980506897
NeuMF,2013,2013-12-31,140876,63082,4,0.9997158646583557
NeuMF,2013,2013-12-31,140876,86833,5,0.9997139573097229
NeuMF,2013,2013-12-31,140876,61240,6,0.9995456337928772
NeuMF,2013,2013-12-31,140876,74458,7,0.9994956254959106
NeuMF,2013,2013-12-31,140876,88744,8,0.9994860887527466
NeuMF,2013,2013-12-31,140876,57274,9,0.9994743466377258
NeuMF,2013,2013-12-31,140876,64957,10,0.9993075132369995
NeuMF,2013,2013-12-31,141058,7366,1,0.9992977380752563
NeuMF,2013,2013-12-31,141058,6288,2,0.998238205909729
NeuMF,2013,2013-12-31,141058,57274,3,0.9958816766738892
NeuMF,2013,2013-12-31,141058,6586,4,0.9958232641220093
NeuMF,2013,2013-12-31,141058,54259,5,0.9956383109092712
NeuMF,2013,2013-12-31,141058,5816,6,0.9954320192337036
NeuMF,2013,2013-12-31,141058,79057,7,0.9952658414840698
NeuMF,2013,2013-12-31,141058,2273,8,0.9951812624931335
NeuMF,2013,2013-12-31,141058,88140,9,0.9948988556861877
NeuMF,2013,2013-12-31,141058,6242,10,0.9947987794876099
NeuMF,2013,2013-12-31,141289,80463,1,0.999592125415802
NeuMF,2013,2013-12-31,141289,72171,2,0.9995629191398621
NeuMF,2013,2013-12-31,141289,79702,3,0.9994243383407593
NeuMF,2013,2013-12-31,141289,63082,4,0.9993472695350647
NeuMF,2013,2013-12-31,141289,79132,5,0.9992462396621704
NeuMF,2013,2013-12-31,141289,78469,6,0.999189555644989
NeuMF,2013,2013-12-31,141289,77561,7,0.9987764954566956
NeuMF,2013,2013-12-31,141289,80693,8,0.9986981153488159
NeuMF,2013,2013-12-31,141289,44022,9,0.9984325766563416
NeuMF,2013,2013-12-31,141289,81562,10,0.9983184337615967
NeuMF,2013,2013-12-31,141812,1051,1,0.9990273714065552
NeuMF,2013,2013-12-31,141812,2141,2,0.998880922794342
NeuMF,2013,2013-12-31,141812,2641,3,0.9976730942726135
NeuMF,2013,2013-12-31,141812,2518,4,0.9947240948677063
NeuMF,2013,2013-12-31,141812,2348,5,0.994679868221283
NeuMF,2013,2013-12-31,141812,2137,6,0.9946328401565552
NeuMF,2013,2013-12-31,141812,1200,7,0.9939868450164795
NeuMF,2013,2013-12-31,141812,4351,8,0.9938222169876099
NeuMF,2013,2013-12-31,141812,1441,9,0.9933852553367615
NeuMF,2013,2013-12-31,141812,456,10,0.9933783411979675
NeuMF,2013,2013-12-31,142766,3147,1,0.9988841414451599
NeuMF,2013,2013-12-31,142766,6377,2,0.9987713694572449
NeuMF,2013,2013-12-31,142766,6502,3,0.9982947707176208
NeuMF,2013,2013-12-31,142766,3552,4,0.9981979727745056
NeuMF,2013,2013-12-31,142766,2174,5,0.9968199729919434
NeuMF,2013,2013-12-31,142766,2329,6,0.9966855645179749
NeuMF,2013,2013-12-31,142766,4128,7,0.9966323971748352
NeuMF,2013,2013-12-31,142766,8961,8,0.9965311884880066
NeuMF,2013,2013-12-31,142766,2797,9,0.9965232610702515
NeuMF,2013,2013-12-31,142766,1258,10,0.9964084029197693
NeuMF,2013,2013-12-31,142821,765,1,0.9997208714485168
NeuMF,2013,2013-12-31,142821,2072,2,0.999599039554596
NeuMF,2013,2013-12-31,142821,524,3,0.999560534954071
NeuMF,2013,2013-12-31,142821,250,4,0.999545156955719
NeuMF,2013,2013-12-31,142821,5103,5,0.999079704284668
NeuMF,2013,2013-12-31,142821,2082,6,0.9989604949951172
NeuMF,2013,2013-12-31,142821,3988,7,0.9986888766288757
NeuMF,2013,2013-12-31,142821,2054,8,0.9985619187355042
NeuMF,2013,2013-12-31,142821,1262,9,0.9985010623931885
NeuMF,2013,2013-12-31,142821,8169,10,0.9984985589981079
NeuMF,2013,2013-12-31,142952,2661,1,0.999671220779419
NeuMF,2013,2013-12-31,142952,2411,2,0.9986165761947632
NeuMF,2013,2013-12-31,142952,72378,3,0.9979525804519653
NeuMF,2013,2013-12-31,142952,1687,4,0.9977940320968628
NeuMF,2013,2013-12-31,142952,1982,5,0.9974422454833984
NeuMF,2013,2013-12-31,142952,2662,6,0.9974237680435181
NeuMF,2013,2013-12-31,142952,1779,7,0.9963763356208801
NeuMF,2013,2013-12-31,142952,2412,8,0.9963675737380981
NeuMF,2013,2013-12-31,142952,2410,9,0.9958077669143677
NeuMF,2013,2013-12-31,142952,3697,10,0.9948691129684448
NeuMF,2013,2013-12-31,143011,3000,1,0.9992673993110657
NeuMF,2013,2013-12-31,143011,1176,2,0.9984952211380005
NeuMF,2013,2013-12-31,143011,2600,3,0.9975613355636597
NeuMF,2013,2013-12-31,143011,54995,4,0.9974187612533569
NeuMF,2013,2013-12-31,143011,4006,5,0.997346043586731
NeuMF,2013,2013-12-31,143011,65216,6,0.9970003962516785
NeuMF,2013,2013-12-31,143011,6966,7,0.9965553283691406
NeuMF,2013,2013-12-31,143011,198,8,0.9965490102767944
NeuMF,2013,2013-12-31,143011,922,9,0.9964877367019653
NeuMF,2013,2013-12-31,143011,3462,10,0.9961643218994141
NeuMF,2013,2013-12-31,143618,79702,1,0.9997482895851135
NeuMF,2013,2013-12-31,143618,66097,2,0.999721348285675
NeuMF,2013,2013-12-31,143618,1032,3,0.9996793270111084
NeuMF,2013,2013-12-31,143618,66934,4,0.999640703201294
NeuMF,2013,2013-12-31,143618,80549,5,0.9996286630630493
NeuMF,2013,2013-12-31,143618,59315,6,0.9993621706962585
NeuMF,2013,2013-12-31,143618,67087,7,0.9989898800849915
NeuMF,2013,2013-12-31,143618,72226,8,0.9989824891090393
NeuMF,2013,2013-12-31,143618,90866,9,0.9987026453018188
NeuMF,2013,2013-12-31,143618,67734,10,0.9986988306045532
NeuMF,2013,2013-12-31,143962,4155,1,0.9989328980445862
NeuMF,2013,2013-12-31,143962,1275,2,0.9986743927001953
NeuMF,2013,2013-12-31,143962,3745,3,0.9968973398208618
NeuMF,2013,2013-12-31,143962,5040,4,0.9964195489883423
NeuMF,2013,2013-12-31,143962,3261,5,0.9963296055793762
NeuMF,2013,2013-12-31,143962,3354,6,0.9962679743766785
NeuMF,2013,2013-12-31,143962,550,7,0.9962456822395325
NeuMF,2013,2013-12-31,143962,4939,8,0.9961214661598206
NeuMF,2013,2013-12-31,143962,2668,9,0.9957541227340698
NeuMF,2013,2013-12-31,143962,1680,10,0.9956444501876831
NeuMF,2013,2013-12-31,144015,6373,1,0.9983476400375366
NeuMF,2013,2013-12-31,144015,3629,2,0.9981675148010254
NeuMF,2013,2013-12-31,144015,55290,3,0.9980886578559875
NeuMF,2013,2013-12-31,144015,3705,4,0.9970691800117493
NeuMF,2013,2013-12-31,144015,58803,5,0.997006356716156
NeuMF,2013,2013-12-31,144015,37384,6,0.9969327449798584
NeuMF,2013,2013-12-31,144015,333,7,0.9968344569206238
NeuMF,2013,2013-12-31,144015,56607,8,0.9964093565940857
NeuMF,2013,2013-12-31,144015,2502,9,0.9958630800247192
NeuMF,2013,2013-12-31,144015,3624,10,0.9958594441413879
NeuMF,2013,2013-12-31,144253,60684,1,0.9999490976333618
NeuMF,2013,2013-12-31,144253,71535,2,0.9999048709869385
NeuMF,2013,2013-12-31,144253,79702,3,0.9998390674591064
NeuMF,2013,2013-12-31,144253,7099,4,0.9997358918190002
NeuMF,2013,2013-12-31,144253,69844,5,0.9997089505195618
NeuMF,2013,2013-12-31,144253,89745,6,0.9996340274810791
NeuMF,2013,2013-12-31,144253,5903,7,0.9996125102043152
NeuMF,2013,2013-12-31,144253,87232,8,0.9996065497398376
NeuMF,2013,2013-12-31,144253,62155,9,0.999409556388855
NeuMF,2013,2013-12-31,144253,80549,10,0.999377965927124
NeuMF,2013,2013-12-31,144361,58559,1,0.9999523162841797
NeuMF,2013,2013-12-31,144361,1215,2,0.9998502731323242
NeuMF,2013,2013-12-31,144361,59315,3,0.9997913241386414
NeuMF,2013,2013-12-31,144361,1198,4,0.9997773766517639
NeuMF,2013,2013-12-31,144361,8874,5,0.9997645020484924
NeuMF,2013,2013-12-31,144361,7387,6,0.9996510744094849
NeuMF,2013,2013-12-31,144361,7360,7,0.9995306730270386
NeuMF,2013,2013-12-31,144361,2542,8,0.9993224143981934
NeuMF,2013,2013-12-31,144361,6016,9,0.9992677569389343
NeuMF,2013,2013-12-31,144361,2628,10,0.9992544054985046
NeuMF,2013,2013-12-31,144455,61024,1,0.999207079410553
NeuMF,2013,2013-12-31,144455,2111,2,0.9989894032478333
NeuMF,2013,2013-12-31,144455,5500,3,0.9987444877624512
NeuMF,2013,2013-12-31,144455,6618,4,0.9984305500984192
NeuMF,2013,2013-12-31,144455,3398,5,0.998079776763916
NeuMF,2013,2013-12-31,144455,58425,6,0.9978450536727905
NeuMF,2013,2013-12-31,144455,3725,7,0.9975443482398987
NeuMF,2013,2013-12-31,144455,3397,8,0.9973020553588867
NeuMF,2013,2013-12-31,144455,3070,9,0.9968845248222351
NeuMF,2013,2013-12-31,144455,59143,10,0.9968352913856506
NeuMF,2013,2013-12-31,144646,2085,1,0.9995515942573547
NeuMF,2013,2013-12-31,144646,1713,2,0.999545156955719
NeuMF,2013,2013-12-31,144646,2571,3,0.9985193610191345
NeuMF,2013,2013-12-31,144646,2136,4,0.9977303147315979
NeuMF,2013,2013-12-31,144646,1210,5,0.9966918230056763
NeuMF,2013,2013-12-31,144646,1721,6,0.9964685440063477
NeuMF,2013,2013-12-31,144646,2028,7,0.9961400628089905
NeuMF,2013,2013-12-31,144646,1270,8,0.9956173896789551
NeuMF,2013,2013-12-31,144646,1580,9,0.9955044388771057
NeuMF,2013,2013-12-31,144646,1196,10,0.995316743850708
NeuMF,2013,2013-12-31,144669,2959,1,0.9998482465744019
NeuMF,2013,2013-12-31,144669,71535,2,0.999824583530426
NeuMF,2013,2013-12-31,144669,68237,3,0.9996780157089233
NeuMF,2013,2013-12-31,144669,66097,4,0.9996600151062012
NeuMF,2013,2013-12-31,144669,68358,5,0.9996591806411743
NeuMF,2013,2013-12-31,144669,2571,6,0.9996565580368042
NeuMF,2013,2013-12-31,144669,1241,7,0.9996090531349182
NeuMF,2013,2013-12-31,144669,1274,8,0.9995293617248535
NeuMF,2013,2013-12-31,144669,1590,9,0.9994868040084839
NeuMF,2013,2013-12-31,144669,58559,10,0.9994521737098694
NeuMF,2013,2013-12-31,144742,80549,1,0.9998772144317627
NeuMF,2013,2013-12-31,144742,8533,2,0.9998152852058411
NeuMF,2013,2013-12-31,144742,67734,3,0.999678373336792
NeuMF,2013,2013-12-31,144742,45720,4,0.9993522763252258
NeuMF,2013,2013-12-31,144742,80094,5,0.9991633892059326
NeuMF,2013,2013-12-31,144742,55052,6,0.9989618062973022
NeuMF,2013,2013-12-31,144742,71579,7,0.9989055395126343
NeuMF,2013,2013-12-31,144742,74789,8,0.9988232254981995
NeuMF,2013,2013-12-31,144742,5528,9,0.9988170862197876
NeuMF,2013,2013-12-31,144742,58998,10,0.9987309575080872
NeuMF,2013,2013-12-31,144836,4967,1,0.9996824264526367
NeuMF,2013,2013-12-31,144836,27376,2,0.999383807182312
NeuMF,2013,2013-12-31,144836,2686,3,0.9993199110031128
NeuMF,2013,2013-12-31,144836,1653,4,0.9991440773010254
NeuMF,2013,2013-12-31,144836,36517,5,0.9990237951278687
NeuMF,2013,2013-12-31,144836,52328,6,0.9984931945800781
NeuMF,2013,2013-12-31,144836,4995,7,0.9976263642311096
NeuMF,2013,2013-12-31,144836,4973,8,0.9976108074188232
NeuMF,2013,2013-12-31,144836,61236,9,0.9974005222320557
NeuMF,2013,2013-12-31,144836,3176,10,0.9968892931938171
NeuMF,2013,2013-12-31,145493,12,1,0.9992703795433044
NeuMF,2013,2013-12-31,145493,2701,2,0.998895525932312
NeuMF,2013,2013-12-31,145493,87232,3,0.9987577199935913
NeuMF,2013,2013-12-31,145493,7458,4,0.997579038143158
NeuMF,2013,2013-12-31,145493,81845,5,0.9975038170814514
NeuMF,2013,2013-12-31,145493,48774,6,0.9972319006919861
NeuMF,2013,2013-12-31,145493,2763,7,0.9965540170669556
NeuMF,2013,2013-12-31,145493,4148,8,0.9963825941085815
NeuMF,2013,2013-12-31,145493,6550,9,0.9958977103233337
NeuMF,2013,2013-12-31,145493,80906,10,0.995882511138916
NeuMF,2013,2013-12-31,146307,5812,1,0.9998515844345093
NeuMF,2013,2013-12-31,146307,7156,2,0.9996856451034546
NeuMF,2013,2013-12-31,146307,3859,3,0.9995744824409485
NeuMF,2013,2013-12-31,146307,910,4,0.999524712562561
NeuMF,2013,2013-12-31,146307,2819,5,0.9993646740913391
NeuMF,2013,2013-12-31,146307,5319,6,0.9989423155784607
NeuMF,2013,2013-12-31,146307,5791,7,0.998528242111206
NeuMF,2013,2013-12-31,146307,6724,8,0.9984815716743469
NeuMF,2013,2013-12-31,146307,3952,9,0.9983489513397217
NeuMF,2013,2013-12-31,146307,3893,10,0.9982841610908508
NeuMF,2013,2013-12-31,146484,63082,1,0.9996296167373657
NeuMF,2013,2013-12-31,146484,89753,2,0.9994532465934753
NeuMF,2013,2013-12-31,146484,8914,3,0.9986699819564819
NeuMF,2013,2013-12-31,146484,36529,4,0.9985766410827637
NeuMF,2013,2013-12-31,146484,67255,5,0.9979863166809082
NeuMF,2013,2013-12-31,146484,86142,6,0.997650682926178
NeuMF,2013,2013-12-31,146484,30749,7,0.9968565702438354
NeuMF,2013,2013-12-31,146484,44555,8,0.9968212842941284
NeuMF,2013,2013-12-31,146484,1258,9,0.9967621564865112
NeuMF,2013,2013-12-31,146484,79702,10,0.995888888835907
NeuMF,2013,2013-12-31,146518,56176,1,0.9999182224273682
NeuMF,2013,2013-12-31,146518,6078,2,0.9999024868011475
NeuMF,2013,2013-12-31,146518,58299,3,0.9998420476913452
NeuMF,2013,2013-12-31,146518,8974,4,0.9998186230659485
NeuMF,2013,2013-12-31,146518,4625,5,0.9997976422309875
NeuMF,2013,2013-12-31,146518,68358,6,0.9997498393058777
NeuMF,2013,2013-12-31,146518,5418,7,0.9997255206108093
NeuMF,2013,2013-12-31,146518,6333,8,0.9997203946113586
NeuMF,2013,2013-12-31,146518,58559,9,0.9997046589851379
NeuMF,2013,2013-12-31,146518,1876,10,0.9996606111526489
NeuMF,2013,2013-12-31,146615,48394,1,0.9998130202293396
NeuMF,2013,2013-12-31,146615,26662,2,0.9997921586036682
NeuMF,2013,2013-12-31,146615,56367,3,0.9995649456977844
NeuMF,2013,2013-12-31,146615,5952,4,0.9995428323745728
NeuMF,2013,2013-12-31,146615,52042,5,0.9994224309921265
NeuMF,2013,2013-12-31,146615,7153,6,0.9993985891342163
NeuMF,2013,2013-12-31,146615,6874,7,0.9993796348571777
NeuMF,2013,2013-12-31,146615,49530,8,0.999267041683197
NeuMF,2013,2013-12-31,146615,48516,9,0.9992037415504456
NeuMF,2013,2013-12-31,146615,7099,10,0.9991686344146729
NeuMF,2013,2013-12-31,146975,8961,1,0.9996311664581299
NeuMF,2013,2013-12-31,146975,7153,2,0.9994211196899414
NeuMF,2013,2013-12-31,146975,2948,3,0.9990348815917969
NeuMF,2013,2013-12-31,146975,8970,4,0.9989461302757263
NeuMF,2013,2013-12-31,146975,8949,5,0.9988425970077515
NeuMF,2013,2013-12-31,146975,2762,6,0.9986609220504761
NeuMF,2013,2013-12-31,146975,8781,7,0.9986317753791809
NeuMF,2013,2013-12-31,146975,33794,8,0.998412013053894
NeuMF,2013,2013-12-31,146975,2371,9,0.9983738660812378
NeuMF,2013,2013-12-31,146975,3552,10,0.9983030557632446
NeuMF,2013,2013-12-31,147116,58559,1,0.9992570281028748
NeuMF,2013,2013-12-31,147116,59315,2,0.9982308745384216
NeuMF,2013,2013-12-31,147116,3147,3,0.998207688331604
NeuMF,2013,2013-12-31,147116,2162,4,0.998195469379425
NeuMF,2013,2013-12-31,147116,3527,5,0.9978634715080261
NeuMF,2013,2013-12-31,147116,2762,6,0.9973719120025635
NeuMF,2013,2013-12-31,147116,76093,7,0.9969342947006226
NeuMF,2013,2013-12-31,147116,95510,8,0.996766209602356
NeuMF,2013,2013-12-31,147116,1968,9,0.9966385364532471
NeuMF,2013,2013-12-31,147116,2918,10,0.9960518479347229
NeuMF,2013,2013-12-31,147260,1193,1,0.9996825456619263
NeuMF,2013,2013-12-31,147260,4878,2,0.9992930889129639
NeuMF,2013,2013-12-31,147260,1732,3,0.9991632699966431
NeuMF,2013,2013-12-31,147260,60069,4,0.9991501569747925
NeuMF,2013,2013-12-31,147260,2959,5,0.9990876913070679
NeuMF,2013,2013-12-31,147260,4973,6,0.9990503191947937
NeuMF,2013,2013-12-31,147260,72226,7,0.9988658428192139
NeuMF,2013,2013-12-31,147260,1148,8,0.9985976815223694
NeuMF,2013,2013-12-31,147260,32587,9,0.9985364675521851
NeuMF,2013,2013-12-31,147260,745,10,0.9985160231590271
NeuMF,2013,2013-12-31,147316,7293,1,0.9990379810333252
NeuMF,2013,2013-12-31,147316,7153,2,0.9981729984283447
NeuMF,2013,2013-12-31,147316,81834,3,0.9977434873580933
NeuMF,2013,2013-12-31,147316,63859,4,0.997456967830658
NeuMF,2013,2013-12-31,147316,7324,5,0.9972763657569885
NeuMF,2013,2013-12-31,147316,69844,6,0.9967727065086365
NeuMF,2013,2013-12-31,147316,79091,7,0.99666827917099
NeuMF,2013,2013-12-31,147316,4886,8,0.9965277314186096
NeuMF,2013,2013-12-31,147316,6377,9,0.9961140155792236
NeuMF,2013,2013-12-31,147316,33794,10,0.9958702921867371
NeuMF,2013,2013-12-31,148004,30825,1,0.9998800754547119
NeuMF,2013,2013-12-31,148004,273,2,0.9998754262924194
NeuMF,2013,2013-12-31,148004,4833,3,0.9998179078102112
NeuMF,2013,2013-12-31,148004,1327,4,0.9997742772102356
NeuMF,2013,2013-12-31,148004,1258,5,0.9997170567512512
NeuMF,2013,2013-12-31,148004,2517,6,0.9996432065963745
NeuMF,2013,2013-12-31,148004,1973,7,0.9996225833892822
NeuMF,2013,2013-12-31,148004,2719,8,0.9995203018188477
NeuMF,2013,2013-12-31,148004,2118,9,0.9992127418518066
NeuMF,2013,2013-12-31,148004,3917,10,0.9991089701652527
NeuMF,2013,2013-12-31,148046,7444,1,0.9997687935829163
NeuMF,2013,2013-12-31,148046,72294,2,0.9996169805526733
NeuMF,2013,2013-12-31,148046,78499,3,0.9995469450950623
NeuMF,2013,2013-12-31,148046,8972,4,0.9994722008705139
NeuMF,2013,2013-12-31,148046,837,5,0.9993594288825989
NeuMF,2013,2013-12-31,148046,76093,6,0.9989411234855652
NeuMF,2013,2013-12-31,148046,47122,7,0.998924195766449
NeuMF,2013,2013-12-31,148046,64716,8,0.9987284541130066
NeuMF,2013,2013-12-31,148046,48600,9,0.9986696243286133
NeuMF,2013,2013-12-31,148046,74450,10,0.9984782338142395
NeuMF,2013,2013-12-31,148076,8576,1,0.9992539286613464
NeuMF,2013,2013-12-31,148076,34405,2,0.9992190599441528
NeuMF,2013,2013-12-31,148076,1220,3,0.9988508224487305
NeuMF,2013,2013-12-31,148076,7022,4,0.9987953901290894
NeuMF,2013,2013-12-31,148076,1240,5,0.998096764087677
NeuMF,2013,2013-12-31,148076,41571,6,0.9979386925697327
NeuMF,2013,2013-12-31,148076,1214,7,0.9971581697463989
NeuMF,2013,2013-12-31,148076,1339,8,0.9971444010734558
NeuMF,2013,2013-12-31,148076,6807,9,0.9969983100891113
NeuMF,2013,2013-12-31,148076,1079,10,0.9967742562294006
NeuMF,2013,2013-12-31,148399,1417,1,0.9996877908706665
NeuMF,2013,2013-12-31,148399,6341,2,0.9995946288108826
NeuMF,2013,2013-12-31,148399,2583,3,0.9986767172813416
NeuMF,2013,2013-12-31,148399,2390,4,0.9983164072036743
NeuMF,2013,2013-12-31,148399,2696,5,0.9981807470321655
NeuMF,2013,2013-12-31,148399,2443,6,0.9979979395866394
NeuMF,2013,2013-12-31,148399,33669,7,0.997159481048584
NeuMF,2013,2013-12-31,148399,4888,8,0.9967623949050903
NeuMF,2013,2013-12-31,148399,2711,9,0.9964995384216309
NeuMF,2013,2013-12-31,148399,34437,10,0.9964095950126648
NeuMF,2013,2013-12-31,148736,6772,1,0.9996289014816284
NeuMF,2013,2013-12-31,148736,7123,2,0.9994437098503113
NeuMF,2013,2013-12-31,148736,1077,3,0.9994128942489624
NeuMF,2013,2013-12-31,148736,8125,4,0.9994083642959595
NeuMF,2013,2013-12-31,148736,7209,5,0.9993867874145508
NeuMF,2013,2013-12-31,148736,2593,6,0.9993056058883667
NeuMF,2013,2013-12-31,148736,7745,7,0.9992260932922363
NeuMF,2013,2013-12-31,148736,1793,8,0.9990741014480591
NeuMF,2013,2013-12-31,148736,8370,9,0.9989612102508545
NeuMF,2013,2013-12-31,148736,7156,10,0.9989575147628784
NeuMF,2013,2013-12-31,148896,2803,1,0.9994984865188599
NeuMF,2013,2013-12-31,148896,6776,2,0.9982848763465881
NeuMF,2013,2013-12-31,148896,2949,3,0.9975950121879578
NeuMF,2013,2013-12-31,148896,4506,4,0.9970644116401672
NeuMF,2013,2013-12-31,148896,3633,5,0.9968696236610413
NeuMF,2013,2013-12-31,148896,1049,6,0.9968390464782715
NeuMF,2013,2013-12-31,148896,8961,7,0.996819257736206
NeuMF,2013,2013-12-31,148896,49272,8,0.9968030452728271
NeuMF,2013,2013-12-31,148896,6016,9,0.9966312050819397
NeuMF,2013,2013-12-31,148896,3274,10,0.9966034889221191
NeuMF,2013,2013-12-31,149314,2953,1,0.9997648596763611
NeuMF,2013,2013-12-31,149314,8807,2,0.9996318817138672
NeuMF,2013,2013-12-31,149314,45726,3,0.9995672106742859
NeuMF,2013,2013-12-31,149314,5110,4,0.9991720914840698
NeuMF,2013,2013-12-31,149314,30825,5,0.9991556406021118
NeuMF,2013,2013-12-31,149314,39234,6,0.9989946484565735
NeuMF,2013,2013-12-31,149314,65,7,0.9989413619041443
NeuMF,2013,2013-12-31,149314,63131,8,0.9989032745361328
NeuMF,2013,2013-12-31,149314,46972,9,0.9985615611076355
NeuMF,2013,2013-12-31,149314,6586,10,0.9985563158988953
NeuMF,2013,2013-12-31,149479,2288,1,0.989834725856781
NeuMF,2013,2013-12-31,149479,968,2,0.9703725576400757
NeuMF,2013,2013-12-31,149479,541,3,0.9669668078422546
NeuMF,2013,2013-12-31,149479,1200,4,0.9653200507164001
NeuMF,2013,2013-12-31,149479,593,5,0.9633386135101318
NeuMF,2013,2013-12-31,149479,1193,6,0.9599045515060425
NeuMF,2013,2013-12-31,149479,1214,7,0.9554603099822998
NeuMF,2013,2013-12-31,149479,356,8,0.9535335302352905
NeuMF,2013,2013-12-31,149479,2858,9,0.9483681917190552
NeuMF,2013,2013-12-31,149479,1240,10,0.9379068613052368
NeuMF,2013,2013-12-31,149720,60684,1,0.9999034404754639
NeuMF,2013,2013-12-31,149720,58047,2,0.9997945427894592
NeuMF,2013,2013-12-31,149720,76251,3,0.9997405409812927
NeuMF,2013,2013-12-31,149720,59141,4,0.999715268611908
NeuMF,2013,2013-12-31,149720,87430,5,0.9996944665908813
NeuMF,2013,2013-12-31,149720,52328,6,0.9996250867843628
NeuMF,2013,2013-12-31,149720,77561,7,0.9995684027671814
NeuMF,2013,2013-12-31,149720,5418,8,0.9994820952415466
NeuMF,2013,2013-12-31,149720,53996,9,0.9994820952415466
NeuMF,2013,2013-12-31,149720,67087,10,0.9993360638618469
NeuMF,2013,2013-12-31,150077,70293,1,0.9999483823776245
NeuMF,2013,2013-12-31,150077,60950,2,0.9997097849845886
NeuMF,2013,2013-12-31,150077,63876,3,0.9994812607765198
NeuMF,2013,2013-12-31,150077,71619,4,0.9994725584983826
NeuMF,2013,2013-12-31,150077,69712,5,0.9993997812271118
NeuMF,2013,2013-12-31,150077,74545,6,0.9992557168006897
NeuMF,2013,2013-12-31,150077,52975,7,0.9992079138755798
NeuMF,2013,2013-12-31,150077,71518,8,0.9989086389541626
NeuMF,2013,2013-12-31,150077,68522,9,0.998737633228302
NeuMF,2013,2013-12-31,150077,74275,10,0.9983893632888794
NeuMF,2013,2013-12-31,150276,6780,1,0.9996050000190735
NeuMF,2013,2013-12-31,150276,3930,2,0.9991520643234253
NeuMF,2013,2013-12-31,150276,1232,3,0.9987198114395142
NeuMF,2013,2013-12-31,150276,2301,4,0.9982619881629944
NeuMF,2013,2013-12-31,150276,1340,5,0.9981254935264587
NeuMF,2013,2013-12-31,150276,2660,6,0.998001754283905
NeuMF,2013,2013-12-31,150276,2025,7,0.9979673027992249
NeuMF,2013,2013-12-31,150276,4754,8,0.9975449442863464
NeuMF,2013,2013-12-31,150276,7073,9,0.9973174929618835
NeuMF,2013,2013-12-31,150276,1284,10,0.996852457523346
NeuMF,2013,2013-12-31,150455,5618,1,0.9998569488525391
NeuMF,2013,2013-12-31,150455,40815,2,0.9998037219047546
NeuMF,2013,2013-12-31,150455,48774,3,0.9997783303260803
NeuMF,2013,2013-12-31,150455,39292,4,0.9997290968894958
NeuMF,2013,2013-12-31,150455,541,5,0.9996373653411865
NeuMF,2013,2013-12-31,150455,33493,6,0.9996299743652344
NeuMF,2013,2013-12-31,150455,3000,7,0.9996247291564941
NeuMF,2013,2013-12-31,150455,60684,8,0.9995251893997192
NeuMF,2013,2013-12-31,150455,32587,9,0.9994908571243286
NeuMF,2013,2013-12-31,150455,31658,10,0.9993973970413208
NeuMF,2013,2013-12-31,150742,8207,1,0.9996179342269897
NeuMF,2013,2013-12-31,150742,3066,2,0.9995089769363403
NeuMF,2013,2013-12-31,150742,5944,3,0.9987510442733765
NeuMF,2013,2013-12-31,150742,4007,4,0.9987379908561707
NeuMF,2013,2013-12-31,150742,4005,5,0.9986516833305359
NeuMF,2013,2013-12-31,150742,5049,6,0.9984623193740845
NeuMF,2013,2013-12-31,150742,2688,7,0.998445451259613
NeuMF,2013,2013-12-31,150742,4310,8,0.9983409643173218
NeuMF,2013,2013-12-31,150742,6662,9,0.998150110244751
NeuMF,2013,2013-12-31,150742,7980,10,0.9979705214500427
NeuMF,2013,2013-12-31,150869,1066,1,0.9994196891784668
NeuMF,2013,2013-12-31,150869,5147,2,0.9989318251609802
NeuMF,2013,2013-12-31,150869,1281,3,0.9987747073173523
NeuMF,2013,2013-12-31,150869,3629,4,0.9986065030097961
NeuMF,2013,2013-12-31,150869,915,5,0.9985027313232422
NeuMF,2013,2013-12-31,150869,3483,6,0.9976922273635864
NeuMF,2013,2013-12-31,150869,6711,7,0.997569739818573
NeuMF,2013,2013-12-31,150869,3000,8,0.9975606203079224
NeuMF,2013,2013-12-31,150869,6773,9,0.997477114200592
NeuMF,2013,2013-12-31,150869,5690,10,0.9973384737968445
NeuMF,2013,2013-12-31,150917,45,1,0.999751627445221
NeuMF,2013,2013-12-31,150917,3256,2,0.9990062117576599
NeuMF,2013,2013-12-31,150917,1034,3,0.9989749193191528
NeuMF,2013,2013-12-31,150917,3007,4,0.998823344707489
NeuMF,2013,2013-12-31,150917,4649,5,0.998161256313324
NeuMF,2013,2013-12-31,150917,2948,6,0.9978651404380798
NeuMF,2013,2013-12-31,150917,194,7,0.9972188472747803
NeuMF,2013,2013-12-31,150917,501,8,0.9960777163505554
NeuMF,2013,2013-12-31,150917,4211,9,0.9959043860435486
NeuMF,2013,2013-12-31,150917,913,10,0.9958731532096863
NeuMF,2013,2013-12-31,151086,7034,1,0.9998389482498169
NeuMF,2013,2013-12-31,151086,69951,2,0.9995183944702148
NeuMF,2013,2013-12-31,151086,6016,3,0.9994518160820007
NeuMF,2013,2013-12-31,151086,39869,4,0.9994423985481262
NeuMF,2013,2013-12-31,151086,71057,5,0.9994379878044128
NeuMF,2013,2013-12-31,151086,1232,6,0.9991946816444397
NeuMF,2013,2013-12-31,151086,30803,7,0.9990634322166443
NeuMF,2013,2013-12-31,151086,1237,8,0.9987346529960632
NeuMF,2013,2013-12-31,151086,27660,9,0.998601496219635
NeuMF,2013,2013-12-31,151086,4306,10,0.9979621171951294
NeuMF,2013,2013-12-31,151675,63082,1,0.9999915361404419
NeuMF,2013,2013-12-31,151675,74458,2,0.999953031539917
NeuMF,2013,2013-12-31,151675,68237,3,0.9999468326568604
NeuMF,2013,2013-12-31,151675,79132,4,0.9999457597732544
NeuMF,2013,2013-12-31,151675,67087,5,0.9999264478683472
NeuMF,2013,2013-12-31,151675,72226,6,0.9999011754989624
NeuMF,2013,2013-12-31,151675,55820,7,0.9998766183853149
NeuMF,2013,2013-12-31,151675,68157,8,0.9998635053634644
NeuMF,2013,2013-12-31,151675,64614,9,0.9998610019683838
NeuMF,2013,2013-12-31,151675,69122,10,0.9998506307601929
NeuMF,2013,2013-12-31,151871,60950,1,0.9997929930686951
NeuMF,2013,2013-12-31,151871,357,2,0.9997609257698059
NeuMF,2013,2013-12-31,151871,3083,3,0.9996167421340942
NeuMF,2013,2013-12-31,151871,307,4,0.9995535016059875
NeuMF,2013,2013-12-31,151871,5992,5,0.99951171875
NeuMF,2013,2013-12-31,151871,55069,6,0.9995079040527344
NeuMF,2013,2013-12-31,151871,4973,7,0.9992383718490601
NeuMF,2013,2013-12-31,151871,1193,8,0.9989786148071289
NeuMF,2013,2013-12-31,151871,306,9,0.9989094734191895
NeuMF,2013,2013-12-31,151871,6953,10,0.9987466335296631
NeuMF,2013,2013-12-31,152110,30749,1,0.9998276233673096
NeuMF,2013,2013-12-31,152110,55765,2,0.9995782971382141
NeuMF,2013,2013-12-31,152110,7153,3,0.9995694756507874
NeuMF,2013,2013-12-31,152110,6887,4,0.9995656609535217
NeuMF,2013,2013-12-31,152110,3578,5,0.9994451403617859
NeuMF,2013,2013-12-31,152110,49530,6,0.9994422793388367
NeuMF,2013,2013-12-31,152110,7445,7,0.9994350075721741
NeuMF,2013,2013-12-31,152110,3753,8,0.9993941783905029
NeuMF,2013,2013-12-31,152110,53129,9,0.9992756247520447
NeuMF,2013,2013-12-31,152110,56367,10,0.9990884065628052
NeuMF,2013,2013-12-31,152219,2858,1,0.9996292591094971
NeuMF,2013,2013-12-31,152219,2028,2,0.999523401260376
NeuMF,2013,2013-12-31,152219,47,3,0.9995030164718628
NeuMF,2013,2013-12-31,152219,593,4,0.9994741082191467
NeuMF,2013,2013-12-31,152219,2959,5,0.9993034601211548
NeuMF,2013,2013-12-31,152219,2762,6,0.999254047870636
NeuMF,2013,2013-12-31,152219,2329,7,0.9991675615310669
NeuMF,2013,2013-12-31,152219,356,8,0.9989412426948547
NeuMF,2013,2013-12-31,152219,111,9,0.9988864064216614
NeuMF,2013,2013-12-31,152219,6,10,0.9984777569770813
NeuMF,2013,2013-12-31,152232,96821,1,0.999848484992981
NeuMF,2013,2013-12-31,152232,89085,2,0.9995399713516235
NeuMF,2013,2013-12-31,152232,78574,3,0.9989581108093262
NeuMF,2013,2013-12-31,152232,94777,4,0.998909592628479
NeuMF,2013,2013-12-31,152232,45928,5,0.9984467625617981
NeuMF,2013,2013-12-31,152232,81591,6,0.9982563853263855
NeuMF,2013,2013-12-31,152232,95088,7,0.9981110095977783
NeuMF,2013,2013-12-31,152232,86882,8,0.9977850914001465
NeuMF,2013,2013-12-31,152232,49530,9,0.9972075819969177
NeuMF,2013,2013-12-31,152232,60950,10,0.9970665574073792
NeuMF,2013,2013-12-31,152255,55820,1,0.9999257326126099
NeuMF,2013,2013-12-31,152255,55118,2,0.9996291399002075
NeuMF,2013,2013-12-31,152255,5782,3,0.9995108842849731
NeuMF,2013,2013-12-31,152255,79357,4,0.9994844198226929
NeuMF,2013,2013-12-31,152255,52606,5,0.9993371367454529
NeuMF,2013,2013-12-31,152255,48516,6,0.9991759657859802
NeuMF,2013,2013-12-31,152255,56367,7,0.9990367889404297
NeuMF,2013,2013-12-31,152255,49272,8,0.9990209341049194
NeuMF,2013,2013-12-31,152255,54997,9,0.9989652633666992
NeuMF,2013,2013-12-31,152255,48394,10,0.9986237287521362
NeuMF,2013,2013-12-31,152292,104,1,0.9998416900634766
NeuMF,2013,2013-12-31,152292,34162,2,0.9997633099555969
NeuMF,2013,2013-12-31,152292,3916,3,0.9996664524078369
NeuMF,2013,2013-12-31,152292,2953,4,0.999545156955719
NeuMF,2013,2013-12-31,152292,63131,5,0.999377429485321
NeuMF,2013,2013-12-31,152292,6005,6,0.9993520379066467
NeuMF,2013,2013-12-31,152292,8528,7,0.9991195797920227
NeuMF,2013,2013-12-31,152292,35836,8,0.9991161227226257
NeuMF,2013,2013-12-31,152292,45726,9,0.9989932179450989
NeuMF,2013,2013-12-31,152292,2012,10,0.9987339377403259
NeuMF,2013,2013-12-31,152457,1931,1,0.999612033367157
NeuMF,2013,2013-12-31,152457,6743,2,0.9989796280860901
NeuMF,2013,2013-12-31,152457,1958,3,0.9988508224487305
NeuMF,2013,2013-12-31,152457,1693,4,0.9988219141960144
NeuMF,2013,2013-12-31,152457,6536,5,0.9982587695121765
NeuMF,2013,2013-12-31,152457,1955,6,0.9980018734931946
NeuMF,2013,2013-12-31,152457,1011,7,0.9977632761001587
NeuMF,2013,2013-12-31,152457,3310,8,0.9976595640182495
NeuMF,2013,2013-12-31,152457,5629,9,0.9973562955856323
NeuMF,2013,2013-12-31,152457,2001,10,0.9969801306724548
NeuMF,2013,2013-12-31,152894,3844,1,0.9990434050559998
NeuMF,2013,2013-12-31,152894,6216,2,0.9988747239112854
NeuMF,2013,2013-12-31,152894,5014,3,0.9986543655395508
NeuMF,2013,2013-12-31,152894,4155,4,0.9985743761062622
NeuMF,2013,2013-12-31,152894,7444,5,0.9985353946685791
NeuMF,2013,2013-12-31,152894,3988,6,0.9984500408172607
NeuMF,2013,2013-12-31,152894,7139,7,0.9978612065315247
NeuMF,2013,2013-12-31,152894,6565,8,0.9976598024368286
NeuMF,2013,2013-12-31,152894,26111,9,0.9974034428596497
NeuMF,2013,2013-12-31,152894,43396,10,0.9972878694534302
NeuMF,2013,2013-12-31,152994,48774,1,0.9991995692253113
NeuMF,2013,2013-12-31,152994,93510,2,0.9991217255592346
NeuMF,2013,2013-12-31,152994,3020,3,0.9990779161453247
NeuMF,2013,2013-12-31,152994,62434,4,0.9990636706352234
NeuMF,2013,2013-12-31,152994,55247,5,0.9989023208618164
NeuMF,2013,2013-12-31,152994,44974,6,0.9989000558853149
NeuMF,2013,2013-12-31,152994,67087,7,0.9988837838172913
NeuMF,2013,2013-12-31,152994,89804,8,0.9988383650779724
NeuMF,2013,2013-12-31,152994,80463,9,0.9987668991088867
NeuMF,2013,2013-12-31,152994,76251,10,0.9987192153930664
NeuMF,2013,2013-12-31,153085,79224,1,0.9999452829360962
NeuMF,2013,2013-12-31,153085,66171,2,0.9998500347137451
NeuMF,2013,2013-12-31,153085,81229,3,0.999800980091095
NeuMF,2013,2013-12-31,153085,76175,4,0.999616265296936
NeuMF,2013,2013-12-31,153085,76093,5,0.9996102452278137
NeuMF,2013,2013-12-31,153085,81564,6,0.999488353729248
NeuMF,2013,2013-12-31,153085,72294,7,0.9994180202484131
NeuMF,2013,2013-12-31,153085,60072,8,0.9993836879730225
NeuMF,2013,2013-12-31,153085,60397,9,0.9993323683738708
NeuMF,2013,2013-12-31,153085,62999,10,0.9992660880088806
NeuMF,2013,2013-12-31,153172,3536,1,0.9996820688247681
NeuMF,2013,2013-12-31,153172,4018,2,0.9989915490150452
NeuMF,2013,2013-12-31,153172,56587,3,0.9985449314117432
NeuMF,2013,2013-12-31,153172,56941,4,0.9982402324676514
NeuMF,2013,2013-12-31,153172,81784,5,0.9980018734931946
NeuMF,2013,2013-12-31,153172,3897,6,0.9979202151298523
NeuMF,2013,2013-12-31,153172,69406,7,0.9964219331741333
NeuMF,2013,2013-12-31,153172,805,8,0.995796799659729
NeuMF,2013,2013-12-31,153172,1408,9,0.9957723021507263
NeuMF,2013,2013-12-31,153172,4487,10,0.9954174757003784
NeuMF,2013,2013-12-31,153642,68237,1,0.9996300935745239
NeuMF,2013,2013-12-31,153642,79702,2,0.9991530179977417
NeuMF,2013,2013-12-31,153642,93510,3,0.9987524747848511
NeuMF,2013,2013-12-31,153642,55247,4,0.998683512210846
NeuMF,2013,2013-12-31,153642,64614,5,0.9983428716659546
NeuMF,2013,2013-12-31,153642,90439,6,0.9982576966285706
NeuMF,2013,2013-12-31,153642,71535,7,0.9981665015220642
NeuMF,2013,2013-12-31,153642,47099,8,0.9980879426002502
NeuMF,2013,2013-12-31,153642,68358,9,0.9980689883232117
NeuMF,2013,2013-12-31,153642,63033,10,0.9980387091636658
NeuMF,2013,2013-12-31,153919,1320,1,0.999562680721283
NeuMF,2013,2013-12-31,153919,7153,2,0.9993608593940735
NeuMF,2013,2013-12-31,153919,1232,3,0.9993521571159363
NeuMF,2013,2013-12-31,153919,5349,4,0.9992192983627319
NeuMF,2013,2013-12-31,153919,2011,5,0.9992038607597351
NeuMF,2013,2013-12-31,153919,5445,6,0.9989217519760132
NeuMF,2013,2013-12-31,153919,5952,7,0.9988884329795837
NeuMF,2013,2013-12-31,153919,2012,8,0.9988320469856262
NeuMF,2013,2013-12-31,153919,6539,9,0.998802661895752
NeuMF,2013,2013-12-31,153919,1210,10,0.9987660646438599
NeuMF,2013,2013-12-31,153962,63082,1,0.9997743964195251
NeuMF,2013,2013-12-31,153962,45668,2,0.9994747042655945
NeuMF,2013,2013-12-31,153962,80551,3,0.9993686079978943
NeuMF,2013,2013-12-31,153962,65230,4,0.9992819428443909
NeuMF,2013,2013-12-31,153962,27843,5,0.9987899661064148
NeuMF,2013,2013-12-31,153962,64614,6,0.9987712502479553
NeuMF,2013,2013-12-31,153962,4878,7,0.9986862540245056
NeuMF,2013,2013-12-31,153962,82202,8,0.9981297850608826
NeuMF,2013,2013-12-31,153962,1101,9,0.9981166124343872
NeuMF,2013,2013-12-31,153962,69604,10,0.9978417158126831
NeuMF,2013,2013-12-31,154095,62999,1,0.9998589754104614
NeuMF,2013,2013-12-31,154095,44022,2,0.9998534917831421
NeuMF,2013,2013-12-31,154095,59784,3,0.9994376301765442
NeuMF,2013,2013-12-31,154095,46972,4,0.9992953538894653
NeuMF,2013,2013-12-31,154095,8360,5,0.9991303086280823
NeuMF,2013,2013-12-31,154095,72998,6,0.999049723148346
NeuMF,2013,2013-12-31,154095,53996,7,0.9988762736320496
NeuMF,2013,2013-12-31,154095,50872,8,0.9988730549812317
NeuMF,2013,2013-12-31,154095,45517,9,0.9987025260925293
NeuMF,2013,2013-12-31,154095,7293,10,0.9986729621887207
NeuMF,2013,2013-12-31,154682,3000,1,0.9998570680618286
NeuMF,2013,2013-12-31,154682,741,2,0.9997686743736267
NeuMF,2013,2013-12-31,154682,1274,3,0.9992213249206543
NeuMF,2013,2013-12-31,154682,327,4,0.9991829991340637
NeuMF,2013,2013-12-31,154682,5618,5,0.999062716960907
NeuMF,2013,2013-12-31,154682,71535,6,0.9989846348762512
NeuMF,2013,2013-12-31,154682,1261,7,0.9989701509475708
NeuMF,2013,2013-12-31,154682,223,8,0.9988813996315002
NeuMF,2013,2013-12-31,154682,1215,9,0.998871386051178
NeuMF,2013,2013-12-31,154682,1967,10,0.9987187385559082
NeuMF,2013,2013-12-31,154703,55814,1,0.9995607733726501
NeuMF,2013,2013-12-31,154703,47894,2,0.9994004964828491
NeuMF,2013,2013-12-31,154703,52579,3,0.9992040991783142
NeuMF,2013,2013-12-31,154703,61236,4,0.999015212059021
NeuMF,2013,2013-12-31,154703,76173,5,0.9988787770271301
NeuMF,2013,2013-12-31,154703,52042,6,0.9986635446548462
NeuMF,2013,2013-12-31,154703,55444,7,0.998296320438385
NeuMF,2013,2013-12-31,154703,59315,8,0.9982306361198425
NeuMF,2013,2013-12-31,154703,61024,9,0.9982131719589233
NeuMF,2013,2013-12-31,154703,67193,10,0.9977418184280396
NeuMF,2013,2013-12-31,154786,3272,1,0.9992707371711731
NeuMF,2013,2013-12-31,154786,7802,2,0.9992196559906006
NeuMF,2013,2013-12-31,154786,37733,3,0.9987687468528748
NeuMF,2013,2013-12-31,154786,76251,4,0.9981021285057068
NeuMF,2013,2013-12-31,154786,2474,5,0.997988224029541
NeuMF,2013,2013-12-31,154786,2560,6,0.9977529644966125
NeuMF,2013,2013-12-31,154786,1687,7,0.9976632595062256
NeuMF,2013,2013-12-31,154786,2403,8,0.9975605010986328
NeuMF,2013,2013-12-31,154786,81562,9,0.9971237778663635
NeuMF,2013,2013-12-31,154786,4085,10,0.9967735409736633
NeuMF,2013,2013-12-31,155172,63131,1,0.9989928603172302
NeuMF,2013,2013-12-31,155172,78469,2,0.9989444613456726
NeuMF,2013,2013-12-31,155172,8914,3,0.9989336133003235
NeuMF,2013,2013-12-31,155172,73321,4,0.998677670955658
NeuMF,2013,2013-12-31,155172,74789,5,0.9986066222190857
NeuMF,2013,2013-12-31,155172,61024,6,0.9981278777122498
NeuMF,2013,2013-12-31,155172,46972,7,0.9980706572532654
NeuMF,2013,2013-12-31,155172,70183,8,0.997938334941864
NeuMF,2013,2013-12-31,155172,57640,9,0.9979079961776733
NeuMF,2013,2013-12-31,155172,55269,10,0.9971374273300171
NeuMF,2013,2013-12-31,155185,1197,1,0.9992411136627197
NeuMF,2013,2013-12-31,155185,3479,2,0.9991461038589478
NeuMF,2013,2013-12-31,155185,4361,3,0.9990924596786499
NeuMF,2013,2013-12-31,155185,4062,4,0.9990527033805847
NeuMF,2013,2013-12-31,155185,8865,5,0.9987878203392029
NeuMF,2013,2013-12-31,155185,3261,6,0.9981855750083923
NeuMF,2013,2013-12-31,155185,1962,7,0.9981715679168701
NeuMF,2013,2013-12-31,155185,1371,8,0.997784435749054
NeuMF,2013,2013-12-31,155185,4085,9,0.9974631071090698
NeuMF,2013,2013-12-31,155185,3317,10,0.9972336888313293
NeuMF,2013,2013-12-31,155350,91535,1,0.9995898604393005
NeuMF,2013,2013-12-31,155350,55721,2,0.9988527297973633
NeuMF,2013,2013-12-31,155350,80463,3,0.998473584651947
NeuMF,2013,2013-12-31,155350,86882,4,0.9980564713478088
NeuMF,2013,2013-12-31,155350,87520,5,0.9979972243309021
NeuMF,2013,2013-12-31,155350,88140,6,0.9976089000701904
NeuMF,2013,2013-12-31,155350,27788,7,0.9973335266113281
NeuMF,2013,2013-12-31,155350,78088,8,0.9972251653671265
NeuMF,2013,2013-12-31,155350,84392,9,0.9966742992401123
NeuMF,2013,2013-12-31,155350,66198,10,0.9952484965324402
NeuMF,2013,2013-12-31,155435,40412,1,0.9995321035385132
NeuMF,2013,2013-12-31,155435,63479,2,0.9993940591812134
NeuMF,2013,2013-12-31,155435,27831,3,0.9993571639060974
NeuMF,2013,2013-12-31,155435,27788,4,0.9993178844451904
NeuMF,2013,2013-12-31,155435,62849,5,0.999201238155365
NeuMF,2013,2013-12-31,155435,74458,6,0.9989043474197388
NeuMF,2013,2013-12-31,155435,73017,7,0.9988486766815186
NeuMF,2013,2013-12-31,155435,73321,8,0.998552143573761
NeuMF,2013,2013-12-31,155435,55820,9,0.9983123540878296
NeuMF,2013,2013-12-31,155435,89840,10,0.9981964230537415
NeuMF,2013,2013-12-31,155459,48516,1,0.999518871307373
NeuMF,2013,2013-12-31,155459,56367,2,0.9992541670799255
NeuMF,2013,2013-12-31,155459,64614,3,0.9988993406295776
NeuMF,2013,2013-12-31,155459,55820,4,0.99888676404953
NeuMF,2013,2013-12-31,155459,62434,5,0.998772919178009
NeuMF,2013,2013-12-31,155459,45728,6,0.9987284541130066
NeuMF,2013,2013-12-31,155459,59784,7,0.9986284971237183
NeuMF,2013,2013-12-31,155459,61323,8,0.998399555683136
NeuMF,2013,2013-12-31,155459,6502,9,0.9981709718704224
NeuMF,2013,2013-12-31,155459,54503,10,0.9978089928627014
NeuMF,2013,2013-12-31,155652,44191,1,0.9997327923774719
NeuMF,2013,2013-12-31,155652,60069,2,0.99956876039505
NeuMF,2013,2013-12-31,155652,77866,3,0.9993441700935364
NeuMF,2013,2013-12-31,155652,8360,4,0.9992528557777405
NeuMF,2013,2013-12-31,155652,1270,5,0.9988712668418884
NeuMF,2013,2013-12-31,155652,4306,6,0.9988607168197632
NeuMF,2013,2013-12-31,155652,67923,7,0.9987794756889343
NeuMF,2013,2013-12-31,155652,51255,8,0.9986231327056885
NeuMF,2013,2013-12-31,155652,1240,9,0.9986065030097961
NeuMF,2013,2013-12-31,155652,32587,10,0.9983614087104797
NeuMF,2013,2013-12-31,155683,45880,1,0.9997727274894714
NeuMF,2013,2013-12-31,155683,46967,2,0.9997469782829285
NeuMF,2013,2013-12-31,155683,781,3,0.9997076392173767
NeuMF,2013,2013-12-31,155683,78316,4,0.9996744394302368
NeuMF,2013,2013-12-31,155683,613,5,0.9989826083183289
NeuMF,2013,2013-12-31,155683,605,6,0.9988677501678467
NeuMF,2013,2013-12-31,155683,88125,7,0.9987536668777466
NeuMF,2013,2013-12-31,155683,69406,8,0.9986909031867981
NeuMF,2013,2013-12-31,155683,49961,9,0.9985184073448181
NeuMF,2013,2013-12-31,155683,47629,10,0.9984388947486877
NeuMF,2013,2013-12-31,155770,5530,1,0.9995593428611755
NeuMF,2013,2013-12-31,155770,2328,2,0.9994175434112549
NeuMF,2013,2013-12-31,155770,27869,3,0.999099850654602
NeuMF,2013,2013-12-31,155770,76093,4,0.9985517859458923
NeuMF,2013,2013-12-31,155770,27801,5,0.9984476566314697
NeuMF,2013,2013-12-31,155770,5046,6,0.9983186721801758
NeuMF,2013,2013-12-31,155770,3869,7,0.9981927275657654
NeuMF,2013,2013-12-31,155770,3979,8,0.9981094598770142
NeuMF,2013,2013-12-31,155770,12,9,0.9979696869850159
NeuMF,2013,2013-12-31,155770,31878,10,0.9979197382926941
NeuMF,2013,2013-12-31,155896,1193,1,0.9995055198669434
NeuMF,2013,2013-12-31,155896,79132,2,0.9992270469665527
NeuMF,2013,2013-12-31,155896,7361,3,0.9989649057388306
NeuMF,2013,2013-12-31,155896,72226,4,0.9988182187080383
NeuMF,2013,2013-12-31,155896,2762,5,0.998163640499115
NeuMF,2013,2013-12-31,155896,1240,6,0.9980373978614807
NeuMF,2013,2013-12-31,155896,32587,7,0.997975766658783
NeuMF,2013,2013-12-31,155896,60069,8,0.9979344606399536
NeuMF,2013,2013-12-31,155896,4973,9,0.9979268312454224
NeuMF,2013,2013-12-31,155896,3578,10,0.9976850748062134
NeuMF,2013,2013-12-31,155914,61160,1,0.9993239641189575
NeuMF,2013,2013-12-31,155914,52722,2,0.9992002844810486
NeuMF,2013,2013-12-31,155914,2379,3,0.999114453792572
NeuMF,2013,2013-12-31,155914,2985,4,0.9989540576934814
NeuMF,2013,2013-12-31,155914,53972,5,0.9987393021583557
NeuMF,2013,2013-12-31,155914,6966,6,0.9987315535545349
NeuMF,2013,2013-12-31,155914,48394,7,0.9981414079666138
NeuMF,2013,2013-12-31,155914,76093,8,0.9980767965316772
NeuMF,2013,2013-12-31,155914,2717,9,0.9979733824729919
NeuMF,2013,2013-12-31,155914,1275,10,0.9977249503135681
NeuMF,2013,2013-12-31,156319,63082,1,0.9999499320983887
NeuMF,2013,2013-12-31,156319,67255,2,0.9996306896209717
NeuMF,2013,2013-12-31,156319,69844,3,0.9996166229248047
NeuMF,2013,2013-12-31,156319,56367,4,0.9993495345115662
NeuMF,2013,2013-12-31,156319,49272,5,0.9991247057914734
NeuMF,2013,2013-12-31,156319,73017,6,0.9989959597587585
NeuMF,2013,2013-12-31,156319,5816,7,0.9989579916000366
NeuMF,2013,2013-12-31,156319,6564,8,0.9988526105880737
NeuMF,2013,2013-12-31,156319,7256,9,0.9988345503807068
NeuMF,2013,2013-12-31,156319,86781,10,0.9984536170959473
NeuMF,2013,2013-12-31,156467,45950,1,0.9997089505195618
NeuMF,2013,2013-12-31,156467,61236,2,0.9992495179176331
NeuMF,2013,2013-12-31,156467,1232,3,0.9983739852905273
NeuMF,2013,2013-12-31,156467,1281,4,0.9982509016990662
NeuMF,2013,2013-12-31,156467,7099,5,0.9981955885887146
NeuMF,2013,2013-12-31,156467,2068,6,0.9977526068687439
NeuMF,2013,2013-12-31,156467,5690,7,0.9977403879165649
NeuMF,2013,2013-12-31,156467,745,8,0.9976208806037903
NeuMF,2013,2013-12-31,156467,70286,9,0.9976108074188232
NeuMF,2013,2013-12-31,156467,1237,10,0.9966680407524109
NeuMF,2013,2013-12-31,156550,63082,1,0.9999051094055176
NeuMF,2013,2013-12-31,156550,71668,2,0.9997808337211609
NeuMF,2013,2013-12-31,156550,84954,3,0.9996507167816162
NeuMF,2013,2013-12-31,156550,64614,4,0.999562680721283
NeuMF,2013,2013-12-31,156550,60069,5,0.9995317459106445
NeuMF,2013,2013-12-31,156550,80906,6,0.9995242357254028
NeuMF,2013,2013-12-31,156550,8984,7,0.9994854927062988
NeuMF,2013,2013-12-31,156550,84772,8,0.9994409680366516
NeuMF,2013,2013-12-31,156550,69844,9,0.9994392991065979
NeuMF,2013,2013-12-31,156550,84944,10,0.9993256330490112
NeuMF,2013,2013-12-31,156562,54648,1,0.9999817609786987
NeuMF,2013,2013-12-31,156562,37380,2,0.9999163150787354
NeuMF,2013,2013-12-31,156562,87430,3,0.9998051524162292
NeuMF,2013,2013-12-31,156562,83349,4,0.9995922446250916
NeuMF,2013,2013-12-31,156562,2404,5,0.9994841814041138
NeuMF,2013,2013-12-31,156562,33004,6,0.999426007270813
NeuMF,2013,2013-12-31,156562,44191,7,0.9991928935050964
NeuMF,2013,2013-12-31,156562,54732,8,0.9991224408149719
NeuMF,2013,2013-12-31,156562,86880,9,0.9990276098251343
NeuMF,2013,2013-12-31,156562,8984,10,0.9990012049674988
NeuMF,2013,2013-12-31,156708,80463,1,0.9991593360900879
NeuMF,2013,2013-12-31,156708,91658,2,0.9991104006767273
NeuMF,2013,2013-12-31,156708,81591,3,0.9990876913070679
NeuMF,2013,2013-12-31,156708,6380,4,0.9988893866539001
NeuMF,2013,2013-12-31,156708,1296,5,0.9987647533416748
NeuMF,2013,2013-12-31,156708,87232,6,0.9982172846794128
NeuMF,2013,2013-12-31,156708,79242,7,0.9981203675270081
NeuMF,2013,2013-12-31,156708,69406,8,0.9979884624481201
NeuMF,2013,2013-12-31,156708,2959,9,0.9978389143943787
NeuMF,2013,2013-12-31,156708,79132,10,0.9977890253067017
NeuMF,2013,2013-12-31,156887,3819,1,0.9993669390678406
NeuMF,2013,2013-12-31,156887,4678,2,0.9986880421638489
NeuMF,2013,2013-12-31,156887,3760,3,0.9981305003166199
NeuMF,2013,2013-12-31,156887,2155,4,0.9955930113792419
NeuMF,2013,2013-12-31,156887,5522,5,0.9951363205909729
NeuMF,2013,2013-12-31,156887,5049,6,0.9948542714118958
NeuMF,2013,2013-12-31,156887,2300,7,0.994503378868103
NeuMF,2013,2013-12-31,156887,2857,8,0.9938393235206604
NeuMF,2013,2013-12-31,156887,3507,9,0.9929021000862122
NeuMF,2013,2013-12-31,156887,1276,10,0.992741584777832
NeuMF,2013,2013-12-31,156931,7293,1,0.9997631907463074
NeuMF,2013,2013-12-31,156931,49910,2,0.9997166991233826
NeuMF,2013,2013-12-31,156931,8937,3,0.9995799660682678
NeuMF,2013,2013-12-31,156931,3980,4,0.9995751976966858
NeuMF,2013,2013-12-31,156931,49793,5,0.999574601650238
NeuMF,2013,2013-12-31,156931,27808,6,0.9995583891868591
NeuMF,2013,2013-12-31,156931,5066,7,0.9995125532150269
NeuMF,2013,2013-12-31,156931,5900,8,0.9994539618492126
NeuMF,2013,2013-12-31,156931,7444,9,0.9994063377380371
NeuMF,2013,2013-12-31,156931,31225,10,0.9993298053741455
NeuMF,2013,2013-12-31,157004,4718,1,0.999321699142456
NeuMF,2013,2013-12-31,157004,5504,2,0.999235987663269
NeuMF,2013,2013-12-31,157004,4613,3,0.9990905523300171
NeuMF,2013,2013-12-31,157004,1911,4,0.9990819692611694
NeuMF,2013,2013-12-31,157004,1858,5,0.9987382292747498
NeuMF,2013,2013-12-31,157004,3208,6,0.9984258413314819
NeuMF,2013,2013-12-31,157004,1687,7,0.9980833530426025
NeuMF,2013,2013-12-31,157004,4084,8,0.997978150844574
NeuMF,2013,2013-12-31,157004,5481,9,0.9979429841041565
NeuMF,2013,2013-12-31,157004,7101,10,0.9978989362716675
NeuMF,2013,2013-12-31,157154,4226,1,0.9996503591537476
NeuMF,2013,2013-12-31,157154,3949,2,0.9995749592781067
NeuMF,2013,2013-12-31,157154,71535,3,0.9994655251502991
NeuMF,2013,2013-12-31,157154,38061,4,0.9993389248847961
NeuMF,2013,2013-12-31,157154,74458,5,0.9991067051887512
NeuMF,2013,2013-12-31,157154,53318,6,0.9990935325622559
NeuMF,2013,2013-12-31,157154,2762,7,0.9989738464355469
NeuMF,2013,2013-12-31,157154,7147,8,0.9988948702812195
NeuMF,2013,2013-12-31,157154,6223,9,0.998684823513031
NeuMF,2013,2013-12-31,157154,1206,10,0.9981847405433655
NeuMF,2013,2013-12-31,157582,1027,1,0.9978138208389282
NeuMF,2013,2013-12-31,157582,59315,2,0.9976307153701782
NeuMF,2013,2013-12-31,157582,2728,3,0.9972341656684875
NeuMF,2013,2013-12-31,157582,37857,4,0.9972180128097534
NeuMF,2013,2013-12-31,157582,26662,5,0.9969577789306641
NeuMF,2013,2013-12-31,157582,8914,6,0.9966076612472534
NeuMF,2013,2013-12-31,157582,48696,7,0.996573805809021
NeuMF,2013,2013-12-31,157582,3668,8,0.9962992072105408
NeuMF,2013,2013-12-31,157582,1059,9,0.9953174591064453
NeuMF,2013,2013-12-31,157582,47640,10,0.9952343106269836
NeuMF,2013,2013-12-31,157655,79132,1,0.9997510313987732
NeuMF,2013,2013-12-31,157655,59315,2,0.9996355772018433
NeuMF,2013,2013-12-31,157655,48780,3,0.9993853569030762
NeuMF,2013,2013-12-31,157655,74458,4,0.9992668032646179
NeuMF,2013,2013-12-31,157655,68358,5,0.999257504940033
NeuMF,2013,2013-12-31,157655,73017,6,0.9992127418518066
NeuMF,2013,2013-12-31,157655,52328,7,0.9990241527557373
NeuMF,2013,2013-12-31,157655,53996,8,0.9983731508255005
NeuMF,2013,2013-12-31,157655,81845,9,0.9982752799987793
NeuMF,2013,2013-12-31,157655,54503,10,0.9982514977455139
NeuMF,2013,2013-12-31,157699,82459,1,0.9979948997497559
NeuMF,2013,2013-12-31,157699,56607,2,0.9979470372200012
NeuMF,2013,2013-12-31,157699,54503,3,0.997650682926178
NeuMF,2013,2013-12-31,157699,61323,4,0.9970088601112366
NeuMF,2013,2013-12-31,157699,60950,5,0.9967969059944153
NeuMF,2013,2013-12-31,157699,56367,6,0.996773898601532
NeuMF,2013,2013-12-31,157699,69122,7,0.996654748916626
NeuMF,2013,2013-12-31,157699,74458,8,0.9957181811332703
NeuMF,2013,2013-12-31,157699,49530,9,0.9956941604614258
NeuMF,2013,2013-12-31,157699,4310,10,0.9956823587417603
NeuMF,2013,2013-12-31,157784,7669,1,0.9999686479568481
NeuMF,2013,2013-12-31,157784,72998,2,0.9997345805168152
NeuMF,2013,2013-12-31,157784,64034,3,0.9997163414955139
NeuMF,2013,2013-12-31,157784,70567,4,0.9997109770774841
NeuMF,2013,2013-12-31,157784,47491,5,0.9996460676193237
NeuMF,2013,2013-12-31,157784,53161,6,0.9994377493858337
NeuMF,2013,2013-12-31,157784,54259,7,0.9994257688522339
NeuMF,2013,2013-12-31,157784,69757,8,0.9993094205856323
NeuMF,2013,2013-12-31,157784,55247,9,0.9992983341217041
NeuMF,2013,2013-12-31,157784,86882,10,0.9991507530212402
NeuMF,2013,2013-12-31,158384,55908,1,0.9999151229858398
NeuMF,2013,2013-12-31,158384,27800,2,0.999744713306427
NeuMF,2013,2013-12-31,158384,71106,3,0.9995701909065247
NeuMF,2013,2013-12-31,158384,2959,4,0.9995265007019043
NeuMF,2013,2013-12-31,158384,60069,5,0.9993695616722107
NeuMF,2013,2013-12-31,158384,44191,6,0.9993019104003906
NeuMF,2013,2013-12-31,158384,52328,7,0.999193012714386
NeuMF,2013,2013-12-31,158384,7361,8,0.9991081357002258
NeuMF,2013,2013-12-31,158384,48043,9,0.999068558216095
NeuMF,2013,2013-12-31,158384,27904,10,0.9986664056777954
NeuMF,2013,2013-12-31,158543,1704,1,0.9997398257255554
NeuMF,2013,2013-12-31,158543,1617,2,0.9993190765380859
NeuMF,2013,2013-12-31,158543,2028,3,0.9988709092140198
NeuMF,2013,2013-12-31,158543,2542,4,0.9984649419784546
NeuMF,2013,2013-12-31,158543,32,5,0.998023509979248
NeuMF,2013,2013-12-31,158543,3176,6,0.9978797435760498
NeuMF,2013,2013-12-31,158543,48516,7,0.9970628619194031
NeuMF,2013,2013-12-31,158543,6291,8,0.9970346689224243
NeuMF,2013,2013-12-31,158543,1844,9,0.9969747066497803
NeuMF,2013,2013-12-31,158543,1573,10,0.9962818026542664
NeuMF,2013,2013-12-31,158662,88235,1,0.9991201758384705
NeuMF,2013,2013-12-31,158662,7236,2,0.9990087747573853
NeuMF,2013,2013-12-31,158662,5254,3,0.9987006187438965
NeuMF,2013,2013-12-31,158662,2517,4,0.9986169338226318
NeuMF,2013,2013-12-31,158662,2654,5,0.9984605312347412
NeuMF,2013,2013-12-31,158662,4725,6,0.998397171497345
NeuMF,2013,2013-12-31,158662,5833,7,0.9983204007148743
NeuMF,2013,2013-12-31,158662,3300,8,0.9981980919837952
NeuMF,2013,2013-12-31,158662,4865,9,0.9976902008056641
NeuMF,2013,2013-12-31,158662,111,10,0.9976765513420105
NeuMF,2013,2013-12-31,158957,60684,1,0.9999251365661621
NeuMF,2013,2013-12-31,158957,49272,2,0.9999094009399414
NeuMF,2013,2013-12-31,158957,44191,3,0.999813973903656
NeuMF,2013,2013-12-31,158957,76251,4,0.9997904896736145
NeuMF,2013,2013-12-31,158957,59369,5,0.9997542500495911
NeuMF,2013,2013-12-31,158957,62155,6,0.9996980428695679
NeuMF,2013,2013-12-31,158957,34405,7,0.9996771812438965
NeuMF,2013,2013-12-31,158957,48385,8,0.9996691942214966
NeuMF,2013,2013-12-31,158957,64614,9,0.9996596574783325
NeuMF,2013,2013-12-31,158957,79132,10,0.9996187686920166
NeuMF,2013,2013-12-31,159060,59315,1,0.9998626708984375
NeuMF,2013,2013-12-31,159060,72011,2,0.999459445476532
NeuMF,2013,2013-12-31,159060,69481,3,0.9992135763168335
NeuMF,2013,2013-12-31,159060,76251,4,0.9990463852882385
NeuMF,2013,2013-12-31,159060,89745,5,0.9990283250808716
NeuMF,2013,2013-12-31,159060,1644,6,0.9989810585975647
NeuMF,2013,2013-12-31,159060,53996,7,0.9989223480224609
NeuMF,2013,2013-12-31,159060,61323,8,0.9986829161643982
NeuMF,2013,2013-12-31,159060,49530,9,0.9986452460289001
NeuMF,2013,2013-12-31,159060,1938,10,0.9985554814338684
NeuMF,2013,2013-12-31,159446,4878,1,0.9999873638153076
NeuMF,2013,2013-12-31,159446,3949,2,0.9999300241470337
NeuMF,2013,2013-12-31,159446,7361,3,0.9999198913574219
NeuMF,2013,2013-12-31,159446,61240,4,0.9998738765716553
NeuMF,2013,2013-12-31,159446,58559,5,0.9997902512550354
NeuMF,2013,2013-12-31,159446,6502,6,0.9997544884681702
NeuMF,2013,2013-12-31,159446,32587,7,0.9997444748878479
NeuMF,2013,2013-12-31,159446,55820,8,0.9997280240058899
NeuMF,2013,2013-12-31,159446,1193,9,0.999707043170929
NeuMF,2013,2013-12-31,159446,4226,10,0.9996463060379028
NeuMF,2013,2013-12-31,159649,59220,1,0.9998958110809326
NeuMF,2013,2013-12-31,159649,27899,2,0.9998237490653992
NeuMF,2013,2013-12-31,159649,66371,3,0.9994040727615356
NeuMF,2013,2013-12-31,159649,71282,4,0.9993663430213928
NeuMF,2013,2013-12-31,159649,63082,5,0.999164342880249
NeuMF,2013,2013-12-31,159649,5137,6,0.9986176490783691
NeuMF,2013,2013-12-31,159649,8914,7,0.9985117316246033
NeuMF,2013,2013-12-31,159649,58652,8,0.99847012758255
NeuMF,2013,2013-12-31,159649,55269,9,0.9981706142425537
NeuMF,2013,2013-12-31,159649,3894,10,0.9980520009994507
NeuMF,2013,2013-12-31,159661,77455,1,0.9998238682746887
NeuMF,2013,2013-12-31,159661,7256,2,0.9995318651199341
NeuMF,2013,2013-12-31,159661,7099,3,0.9993718266487122
NeuMF,2013,2013-12-31,159661,72226,4,0.9993534684181213
NeuMF,2013,2013-12-31,159661,7153,5,0.9993439316749573
NeuMF,2013,2013-12-31,159661,3007,6,0.99928879737854
NeuMF,2013,2013-12-31,159661,4886,7,0.9991579055786133
NeuMF,2013,2013-12-31,159661,7925,8,0.9990429282188416
NeuMF,2013,2013-12-31,159661,6299,9,0.9990314245223999
NeuMF,2013,2013-12-31,159661,78499,10,0.9990270137786865
NeuMF,2013,2013-12-31,159685,33136,1,0.9986892342567444
NeuMF,2013,2013-12-31,159685,2966,2,0.998430073261261
NeuMF,2013,2013-12-31,159685,5613,3,0.997982382774353
NeuMF,2013,2013-12-31,159685,1061,4,0.9973076581954956
NeuMF,2013,2013-12-31,159685,3180,5,0.9965577721595764
NeuMF,2013,2013-12-31,159685,3783,6,0.99642014503479
NeuMF,2013,2013-12-31,159685,4427,7,0.9961275458335876
NeuMF,2013,2013-12-31,159685,2834,8,0.996116042137146
NeuMF,2013,2013-12-31,159685,51935,9,0.9955654740333557
NeuMF,2013,2013-12-31,159685,30820,10,0.9949835538864136
NeuMF,2013,2013-12-31,159690,55276,1,0.9990683197975159
NeuMF,2013,2013-12-31,159690,2732,2,0.9985120892524719
NeuMF,2013,2013-12-31,159690,549,3,0.998346209526062
NeuMF,2013,2013-12-31,159690,8879,4,0.9981070756912231
NeuMF,2013,2013-12-31,159690,3801,5,0.9980315566062927
NeuMF,2013,2013-12-31,159690,5899,6,0.9977126121520996
NeuMF,2013,2013-12-31,159690,1419,7,0.9969614148139954
NeuMF,2013,2013-12-31,159690,3100,8,0.9969426989555359
NeuMF,2013,2013-12-31,159690,5500,9,0.9967009425163269
NeuMF,2013,2013-12-31,159690,608,10,0.9964984655380249
NeuMF,2013,2013-12-31,159922,63082,1,0.9999721050262451
NeuMF,2013,2013-12-31,159922,79091,2,0.9999699592590332
NeuMF,2013,2013-12-31,159922,80463,3,0.9998717308044434
NeuMF,2013,2013-12-31,159922,69757,4,0.9998694658279419
NeuMF,2013,2013-12-31,159922,79132,5,0.9998218417167664
NeuMF,2013,2013-12-31,159922,69122,6,0.9998194575309753
NeuMF,2013,2013-12-31,159922,84392,7,0.999646782875061
NeuMF,2013,2013-12-31,159922,68954,8,0.99964439868927
NeuMF,2013,2013-12-31,159922,81845,9,0.9995678067207336
NeuMF,2013,2013-12-31,159922,95510,10,0.9994091987609863
NeuMF,2013,2013-12-31,160073,57640,1,0.9998313188552856
NeuMF,2013,2013-12-31,160073,80363,2,0.9997797608375549
NeuMF,2013,2013-12-31,160073,78469,3,0.9993258714675903
NeuMF,2013,2013-12-31,160073,90249,4,0.999043881893158
NeuMF,2013,2013-12-31,160073,84601,5,0.9988884329795837
NeuMF,2013,2013-12-31,160073,71057,6,0.9987238049507141
NeuMF,2013,2013-12-31,160073,60072,7,0.9986255168914795
NeuMF,2013,2013-12-31,160073,68319,8,0.99830162525177
NeuMF,2013,2013-12-31,160073,79057,9,0.9981802701950073
NeuMF,2013,2013-12-31,160073,42718,10,0.998017430305481
NeuMF,2013,2013-12-31,160598,2596,1,0.9990614056587219
NeuMF,2013,2013-12-31,160598,36537,2,0.9990474581718445
NeuMF,2013,2013-12-31,160598,6217,3,0.9990074038505554
NeuMF,2013,2013-12-31,160598,65585,4,0.998295247554779
NeuMF,2013,2013-12-31,160598,74624,5,0.9981796741485596
NeuMF,2013,2013-12-31,160598,94959,6,0.9980853796005249
NeuMF,2013,2013-12-31,160598,91094,7,0.9977688789367676
NeuMF,2013,2013-12-31,160598,764,8,0.9974808096885681
NeuMF,2013,2013-12-31,160598,44889,9,0.9973371624946594
NeuMF,2013,2013-12-31,160598,2590,10,0.9970970153808594
NeuMF,2013,2013-12-31,160911,91500,1,0.9998910427093506
NeuMF,2013,2013-12-31,160911,87232,2,0.9998723268508911
NeuMF,2013,2013-12-31,160911,68358,3,0.9998650550842285
NeuMF,2013,2013-12-31,160911,62999,4,0.999169111251831
NeuMF,2013,2013-12-31,160911,82461,5,0.9990837574005127
NeuMF,2013,2013-12-31,160911,77561,6,0.998710036277771
NeuMF,2013,2013-12-31,160911,5378,7,0.9986438155174255
NeuMF,2013,2013-12-31,160911,94864,8,0.9985721111297607
NeuMF,2013,2013-12-31,160911,4226,9,0.9985462427139282
NeuMF,2013,2013-12-31,160911,5445,10,0.9984788298606873
NeuMF,2013,2013-12-31,162038,8807,1,0.9992467164993286
NeuMF,2013,2013-12-31,162038,78469,2,0.9989238381385803
NeuMF,2013,2013-12-31,162038,68205,3,0.9987425208091736
NeuMF,2013,2013-12-31,162038,2411,4,0.9984993934631348
NeuMF,2013,2013-12-31,162038,63131,5,0.9982951283454895
NeuMF,2013,2013-12-31,162038,80219,6,0.998193085193634
NeuMF,2013,2013-12-31,162038,54999,7,0.9979185461997986
NeuMF,2013,2013-12-31,162038,60950,8,0.9978693723678589
NeuMF,2013,2013-12-31,162038,145,9,0.9976690411567688
NeuMF,2013,2013-12-31,162038,33896,10,0.9973153471946716
NeuMF,2013,2013-12-31,162055,60069,1,0.9996174573898315
NeuMF,2013,2013-12-31,162055,1281,2,0.9993541836738586
NeuMF,2013,2013-12-31,162055,63808,3,0.9987364411354065
NeuMF,2013,2013-12-31,162055,79132,4,0.9986171722412109
NeuMF,2013,2013-12-31,162055,63876,5,0.998472273349762
NeuMF,2013,2013-12-31,162055,59315,6,0.9983466863632202
NeuMF,2013,2013-12-31,162055,60950,7,0.9981934428215027
NeuMF,2013,2013-12-31,162055,49530,8,0.9980027079582214
NeuMF,2013,2013-12-31,162055,61236,9,0.9978713989257812
NeuMF,2013,2013-12-31,162055,81562,10,0.9978448152542114
NeuMF,2013,2013-12-31,162153,107,1,0.9990234375
NeuMF,2013,2013-12-31,162153,33794,2,0.9983824491500854
NeuMF,2013,2013-12-31,162153,2542,3,0.9983721375465393
NeuMF,2013,2013-12-31,162153,5418,4,0.9979962706565857
NeuMF,2013,2013-12-31,162153,1265,5,0.9978645443916321
NeuMF,2013,2013-12-31,162153,457,6,0.9977635145187378
NeuMF,2013,2013-12-31,162153,1380,7,0.9974775910377502
NeuMF,2013,2013-12-31,162153,44191,8,0.9970366954803467
NeuMF,2013,2013-12-31,162153,60069,9,0.9969802498817444
NeuMF,2013,2013-12-31,162153,58559,10,0.9969121217727661
NeuMF,2013,2013-12-31,162217,5404,1,0.9994710087776184
NeuMF,2013,2013-12-31,162217,839,2,0.9994441866874695
NeuMF,2013,2013-12-31,162217,2467,3,0.9989370703697205
NeuMF,2013,2013-12-31,162217,4478,4,0.9983367919921875
NeuMF,2013,2013-12-31,162217,2482,5,0.9982748031616211
NeuMF,2013,2013-12-31,162217,7155,6,0.9982507824897766
NeuMF,2013,2013-12-31,162217,6989,7,0.9982183575630188
NeuMF,2013,2013-12-31,162217,3831,8,0.9982069730758667
NeuMF,2013,2013-12-31,162217,7569,9,0.9978151321411133
NeuMF,2013,2013-12-31,162217,4639,10,0.9974979758262634
NeuMF,2013,2013-12-31,162250,91500,1,0.9994221925735474
NeuMF,2013,2013-12-31,162250,91630,2,0.9991413354873657
NeuMF,2013,2013-12-31,162250,5952,3,0.9989497065544128
NeuMF,2013,2013-12-31,162250,64839,4,0.998916506767273
NeuMF,2013,2013-12-31,162250,61132,5,0.9988540410995483
NeuMF,2013,2013-12-31,162250,53996,6,0.9988351464271545
NeuMF,2013,2013-12-31,162250,7153,7,0.998792290687561
NeuMF,2013,2013-12-31,162250,5903,8,0.9986366629600525
NeuMF,2013,2013-12-31,162250,52885,9,0.9986261129379272
NeuMF,2013,2013-12-31,162250,71264,10,0.9984996318817139
NeuMF,2013,2013-12-31,162271,1687,1,0.9993771910667419
NeuMF,2013,2013-12-31,162271,3623,2,0.9990267753601074
NeuMF,2013,2013-12-31,162271,7438,3,0.9984408020973206
NeuMF,2013,2013-12-31,162271,2948,4,0.9981350898742676
NeuMF,2013,2013-12-31,162271,44665,5,0.9980379939079285
NeuMF,2013,2013-12-31,162271,7323,6,0.9976636171340942
NeuMF,2013,2013-12-31,162271,70286,7,0.9976438879966736
NeuMF,2013,2013-12-31,162271,6564,8,0.997597873210907
NeuMF,2013,2013-12-31,162271,8644,9,0.9972731471061707
NeuMF,2013,2013-12-31,162271,3869,10,0.9971234202384949
NeuMF,2013,2013-12-31,162347,52328,1,0.9999731779098511
NeuMF,2013,2013-12-31,162347,48394,2,0.9998985528945923
NeuMF,2013,2013-12-31,162347,48774,3,0.9998602867126465
NeuMF,2013,2013-12-31,162347,37857,4,0.9996525049209595
NeuMF,2013,2013-12-31,162347,51255,5,0.9996178150177002
NeuMF,2013,2013-12-31,162347,2542,6,0.9995750784873962
NeuMF,2013,2013-12-31,162347,54259,7,0.9995713829994202
NeuMF,2013,2013-12-31,162347,5903,8,0.9994072914123535
NeuMF,2013,2013-12-31,162347,27904,9,0.9993202686309814
NeuMF,2013,2013-12-31,162347,48043,10,0.999031662940979
NeuMF,2013,2013-12-31,162935,71535,1,0.9999786615371704
NeuMF,2013,2013-12-31,162935,69481,2,0.9999468326568604
NeuMF,2013,2013-12-31,162935,58559,3,0.9998801946640015
NeuMF,2013,2013-12-31,162935,74458,4,0.9997798800468445
NeuMF,2013,2013-12-31,162935,51255,5,0.9997463822364807
NeuMF,2013,2013-12-31,162935,4011,6,0.9996683597564697
NeuMF,2013,2013-12-31,162935,60684,7,0.9996473789215088
NeuMF,2013,2013-12-31,162935,84392,8,0.9996317625045776
NeuMF,2013,2013-12-31,162935,80463,9,0.999606192111969
NeuMF,2013,2013-12-31,162935,63082,10,0.9995390176773071
NeuMF,2013,2013-12-31,163355,82461,1,0.9999618530273438
NeuMF,2013,2013-12-31,163355,1873,2,0.999954342842102
NeuMF,2013,2013-12-31,163355,56171,3,0.9999328851699829
NeuMF,2013,2013-12-31,163355,6785,4,0.9997119307518005
NeuMF,2013,2013-12-31,163355,68319,5,0.9996920824050903
NeuMF,2013,2013-12-31,163355,87306,6,0.9996579885482788
NeuMF,2013,2013-12-31,163355,72131,7,0.9996490478515625
NeuMF,2013,2013-12-31,163355,54881,8,0.9994014501571655
NeuMF,2013,2013-12-31,163355,72737,9,0.9993170499801636
NeuMF,2013,2013-12-31,163355,62081,10,0.9992121458053589
NeuMF,2013,2013-12-31,163697,4920,1,0.9991809725761414
NeuMF,2013,2013-12-31,163697,2859,2,0.9991711378097534
NeuMF,2013,2013-12-31,163697,5304,3,0.9991563558578491
NeuMF,2013,2013-12-31,163697,7419,4,0.999148964881897
NeuMF,2013,2013-12-31,163697,6001,5,0.9989275336265564
NeuMF,2013,2013-12-31,163697,2173,6,0.9987961053848267
NeuMF,2013,2013-12-31,163697,4432,7,0.9987665414810181
NeuMF,2013,2013-12-31,163697,3741,8,0.9982513785362244
NeuMF,2013,2013-12-31,163697,5632,9,0.9982287287712097
NeuMF,2013,2013-12-31,163697,501,10,0.998004138469696
NeuMF,2013,2013-12-31,163917,3569,1,0.9998282194137573
NeuMF,2013,2013-12-31,163917,1232,2,0.9997588992118835
NeuMF,2013,2013-12-31,163917,50842,3,0.9995514750480652
NeuMF,2013,2013-12-31,163917,74370,4,0.9992715716362
NeuMF,2013,2013-12-31,163917,40732,5,0.9992064833641052
NeuMF,2013,2013-12-31,163917,71579,6,0.9990279674530029
NeuMF,2013,2013-12-31,163917,95558,7,0.9989822506904602
NeuMF,2013,2013-12-31,163917,7034,8,0.9984449744224548
NeuMF,2013,2013-12-31,163917,31364,9,0.9980600476264954
NeuMF,2013,2013-12-31,163917,55805,10,0.9980035424232483
NeuMF,2013,2013-12-31,163928,85510,1,0.9999423027038574
NeuMF,2013,2013-12-31,163928,76093,2,0.9999241828918457
NeuMF,2013,2013-12-31,163928,81564,3,0.9999090433120728
NeuMF,2013,2013-12-31,163928,70286,4,0.9997581839561462
NeuMF,2013,2013-12-31,163928,83613,5,0.9997527003288269
NeuMF,2013,2013-12-31,163928,71535,6,0.9997292160987854
NeuMF,2013,2013-12-31,163928,81845,7,0.9997265934944153
NeuMF,2013,2013-12-31,163928,89753,8,0.9997166991233826
NeuMF,2013,2013-12-31,163928,68554,9,0.9996675252914429
NeuMF,2013,2013-12-31,163928,68791,10,0.9996564388275146
NeuMF,2013,2013-12-31,164366,748,1,0.9980801343917847
NeuMF,2013,2013-12-31,164366,818,2,0.997714638710022
NeuMF,2013,2013-12-31,164366,2334,3,0.9971362352371216
NeuMF,2013,2013-12-31,164366,46965,4,0.9964290261268616
NeuMF,2013,2013-12-31,164366,42723,5,0.9961056113243103
NeuMF,2013,2013-12-31,164366,7162,6,0.9959832429885864
NeuMF,2013,2013-12-31,164366,8861,7,0.9946045279502869
NeuMF,2013,2013-12-31,164366,47044,8,0.9943839311599731
NeuMF,2013,2013-12-31,164366,1236,9,0.9940310120582581
NeuMF,2013,2013-12-31,164366,3032,10,0.9936553239822388
NeuMF,2013,2013-12-31,164391,3952,1,0.9982383251190186
NeuMF,2013,2013-12-31,164391,69122,2,0.996797502040863
NeuMF,2013,2013-12-31,164391,73323,3,0.9964638352394104
NeuMF,2013,2013-12-31,164391,3555,4,0.9961885809898376
NeuMF,2013,2013-12-31,164391,68159,5,0.9959339499473572
NeuMF,2013,2013-12-31,164391,59315,6,0.9958516359329224
NeuMF,2013,2013-12-31,164391,4978,7,0.995517909526825
NeuMF,2013,2013-12-31,164391,73017,8,0.9952935576438904
NeuMF,2013,2013-12-31,164391,161,9,0.995036780834198
NeuMF,2013,2013-12-31,164391,1208,10,0.9949954748153687
NeuMF,2013,2013-12-31,164463,7579,1,0.999937891960144
NeuMF,2013,2013-12-31,164463,4535,2,0.999724805355072
NeuMF,2013,2013-12-31,164463,7386,3,0.9994657635688782
NeuMF,2013,2013-12-31,164463,4958,4,0.9990935325622559
NeuMF,2013,2013-12-31,164463,4835,5,0.9988734126091003
NeuMF,2013,2013-12-31,164463,26729,6,0.9986446499824524
NeuMF,2013,2013-12-31,164463,5193,7,0.9985995888710022
NeuMF,2013,2013-12-31,164463,51471,8,0.9983674883842468
NeuMF,2013,2013-12-31,164463,50685,9,0.9980011582374573
NeuMF,2013,2013-12-31,164463,45928,10,0.9976224303245544
NeuMF,2013,2013-12-31,164721,1263,1,0.9998927116394043
NeuMF,2013,2013-12-31,164721,58559,2,0.9997910857200623
NeuMF,2013,2013-12-31,164721,1200,3,0.9997842907905579
NeuMF,2013,2013-12-31,164721,1196,4,0.9997616410255432
NeuMF,2013,2013-12-31,164721,55820,5,0.9996321201324463
NeuMF,2013,2013-12-31,164721,55908,6,0.9995439648628235
NeuMF,2013,2013-12-31,164721,1208,7,0.999531626701355
NeuMF,2013,2013-12-31,164721,26554,8,0.9994710087776184
NeuMF,2013,2013-12-31,164721,1293,9,0.9994581341743469
NeuMF,2013,2013-12-31,164721,1193,10,0.9993044137954712
NeuMF,2013,2013-12-31,165242,60950,1,0.9998879432678223
NeuMF,2013,2013-12-31,165242,6286,2,0.9997789263725281
NeuMF,2013,2013-12-31,165242,6291,3,0.9997788071632385
NeuMF,2013,2013-12-31,165242,65130,4,0.9997591376304626
NeuMF,2013,2013-12-31,165242,36537,5,0.9997408986091614
NeuMF,2013,2013-12-31,165242,42418,6,0.9994214773178101
NeuMF,2013,2013-12-31,165242,8360,7,0.9993525147438049
NeuMF,2013,2013-12-31,165242,36517,8,0.9993361830711365
NeuMF,2013,2013-12-31,165242,4878,9,0.9991981387138367
NeuMF,2013,2013-12-31,165242,64957,10,0.998993456363678
NeuMF,2013,2013-12-31,165361,62434,1,0.9999961853027344
NeuMF,2013,2013-12-31,165361,63131,2,0.9999929666519165
NeuMF,2013,2013-12-31,165361,61024,3,0.999988317489624
NeuMF,2013,2013-12-31,165361,62155,4,0.9999784231185913
NeuMF,2013,2013-12-31,165361,76077,5,0.9999749660491943
NeuMF,2013,2013-12-31,165361,60756,6,0.9999731779098511
NeuMF,2013,2013-12-31,165361,81537,7,0.9999523162841797
NeuMF,2013,2013-12-31,165361,67087,8,0.9999520778656006
NeuMF,2013,2013-12-31,165361,27478,9,0.9999467134475708
NeuMF,2013,2013-12-31,165361,53318,10,0.9997460246086121
NeuMF,2013,2013-12-31,165460,6889,1,0.9997220635414124
NeuMF,2013,2013-12-31,165460,47099,2,0.9995660185813904
NeuMF,2013,2013-12-31,165460,8643,3,0.9995446801185608
NeuMF,2013,2013-12-31,165460,8970,4,0.9994409680366516
NeuMF,2013,2013-12-31,165460,8961,5,0.9993249177932739
NeuMF,2013,2013-12-31,165460,33166,6,0.9988364577293396
NeuMF,2013,2013-12-31,165460,4995,7,0.9985359907150269
NeuMF,2013,2013-12-31,165460,80549,8,0.9985001087188721
NeuMF,2013,2013-12-31,165460,53121,9,0.9984739422798157
NeuMF,2013,2013-12-31,165460,8984,10,0.9984594583511353
NeuMF,2013,2013-12-31,165764,780,1,0.998991072177887
NeuMF,2013,2013-12-31,165764,839,2,0.9988716244697571
NeuMF,2013,2013-12-31,165764,5219,3,0.9983861446380615
NeuMF,2013,2013-12-31,165764,733,4,0.9981642365455627
NeuMF,2013,2013-12-31,165764,58559,5,0.9979934692382812
NeuMF,2013,2013-12-31,165764,47,6,0.997958779335022
NeuMF,2013,2013-12-31,165764,1210,7,0.9978764057159424
NeuMF,2013,2013-12-31,165764,7153,8,0.9973942041397095
NeuMF,2013,2013-12-31,165764,1527,9,0.9973673224449158
NeuMF,2013,2013-12-31,165764,1196,10,0.9971069693565369
NeuMF,2013,2013-12-31,165821,3285,1,0.999785840511322
NeuMF,2013,2013-12-31,165821,4677,2,0.9997660517692566
NeuMF,2013,2013-12-31,165821,2688,3,0.9996961355209351
NeuMF,2013,2013-12-31,165821,637,4,0.9996273517608643
NeuMF,2013,2013-12-31,165821,1357,5,0.999462902545929
NeuMF,2013,2013-12-31,165821,2840,6,0.9994396567344666
NeuMF,2013,2013-12-31,165821,4148,7,0.9994059801101685
NeuMF,2013,2013-12-31,165821,376,8,0.9992641806602478
NeuMF,2013,2013-12-31,165821,2719,9,0.9991446733474731
NeuMF,2013,2013-12-31,165821,18,10,0.9991402626037598
NeuMF,2013,2013-12-31,166030,1305,1,0.9997629523277283
NeuMF,2013,2013-12-31,166030,1244,2,0.9992204904556274
NeuMF,2013,2013-12-31,166030,1172,3,0.9990198612213135
NeuMF,2013,2013-12-31,166030,7327,4,0.9988623857498169
NeuMF,2013,2013-12-31,166030,4848,5,0.9985600113868713
NeuMF,2013,2013-12-31,166030,72386,6,0.9985460042953491
NeuMF,2013,2013-12-31,166030,307,7,0.9982781410217285
NeuMF,2013,2013-12-31,166030,4334,8,0.9980325102806091
NeuMF,2013,2013-12-31,166030,3462,9,0.9978505373001099
NeuMF,2013,2013-12-31,166030,5269,10,0.997799813747406
NeuMF,2013,2013-12-31,166501,6874,1,0.9994218349456787
NeuMF,2013,2013-12-31,166501,76251,2,0.9989705085754395
NeuMF,2013,2013-12-31,166501,60684,3,0.9987114667892456
NeuMF,2013,2013-12-31,166501,30810,4,0.9983698725700378
NeuMF,2013,2013-12-31,166501,60069,5,0.998304009437561
NeuMF,2013,2013-12-31,166501,4886,6,0.9980584979057312
NeuMF,2013,2013-12-31,166501,77561,7,0.9980081915855408
NeuMF,2013,2013-12-31,166501,1269,8,0.9977092742919922
NeuMF,2013,2013-12-31,166501,2478,9,0.9973840117454529
NeuMF,2013,2013-12-31,166501,6987,10,0.997369647026062
NeuMF,2013,2013-12-31,166653,74946,1,0.9997537732124329
NeuMF,2013,2013-12-31,166653,90439,2,0.999121367931366
NeuMF,2013,2013-12-31,166653,64620,3,0.997919499874115
NeuMF,2013,2013-12-31,166653,58025,4,0.997684121131897
NeuMF,2013,2013-12-31,166653,88163,5,0.9976754784584045
NeuMF,2013,2013-12-31,166653,68554,6,0.9973071813583374
NeuMF,2013,2013-12-31,166653,6281,7,0.9972744584083557
NeuMF,2013,2013-12-31,166653,90430,8,0.9970400929450989
NeuMF,2013,2013-12-31,166653,4776,9,0.9965134263038635
NeuMF,2013,2013-12-31,166653,80463,10,0.9963621497154236
NeuMF,2013,2013-12-31,166776,63082,1,0.9996798038482666
NeuMF,2013,2013-12-31,166776,53996,2,0.9993675351142883
NeuMF,2013,2013-12-31,166776,79091,3,0.9993652701377869
NeuMF,2013,2013-12-31,166776,59369,4,0.9991784691810608
NeuMF,2013,2013-12-31,166776,1270,5,0.9990936517715454
NeuMF,2013,2013-12-31,166776,60684,6,0.999066174030304
NeuMF,2013,2013-12-31,166776,318,7,0.9985874891281128
NeuMF,2013,2013-12-31,166776,32587,8,0.9983586668968201
NeuMF,2013,2013-12-31,166776,66097,9,0.9982481002807617
NeuMF,2013,2013-12-31,166776,1240,10,0.9980251789093018
NeuMF,2013,2013-12-31,166820,5899,1,0.9980581402778625
NeuMF,2013,2013-12-31,166820,5479,2,0.9978734254837036
NeuMF,2013,2013-12-31,166820,48783,3,0.9974157810211182
NeuMF,2013,2013-12-31,166820,2409,4,0.9967519044876099
NeuMF,2013,2013-12-31,166820,5267,5,0.9966976642608643
NeuMF,2013,2013-12-31,166820,4232,6,0.9966604709625244
NeuMF,2013,2013-12-31,166820,2641,7,0.996268630027771
NeuMF,2013,2013-12-31,166820,940,8,0.9962043166160583
NeuMF,2013,2013-12-31,166820,5530,9,0.9960404634475708
NeuMF,2013,2013-12-31,166820,6565,10,0.9957869648933411
NeuMF,2013,2013-12-31,166850,25771,1,0.999295711517334
NeuMF,2013,2013-12-31,166850,2010,2,0.9988597631454468
NeuMF,2013,2013-12-31,166850,5900,3,0.9981133937835693
NeuMF,2013,2013-12-31,166850,56788,4,0.9979579448699951
NeuMF,2013,2013-12-31,166850,52606,5,0.9979515671730042
NeuMF,2013,2013-12-31,166850,93510,6,0.9976028800010681
NeuMF,2013,2013-12-31,166850,40412,7,0.9973827004432678
NeuMF,2013,2013-12-31,166850,67087,8,0.9970068335533142
NeuMF,2013,2013-12-31,166850,2731,9,0.9969680905342102
NeuMF,2013,2013-12-31,166850,1173,10,0.9967861175537109
NeuMF,2013,2013-12-31,166979,37955,1,0.999198853969574
NeuMF,2013,2013-12-31,166979,63992,2,0.9991970658302307
NeuMF,2013,2013-12-31,166979,8530,3,0.9989019632339478
NeuMF,2013,2013-12-31,166979,2671,4,0.9986282587051392
NeuMF,2013,2013-12-31,166979,59018,5,0.9985268115997314
NeuMF,2013,2013-12-31,166979,307,6,0.9982837438583374
NeuMF,2013,2013-12-31,166979,199,7,0.9980846643447876
NeuMF,2013,2013-12-31,166979,308,8,0.9980394244194031
NeuMF,2013,2013-12-31,166979,2424,9,0.9979223608970642
NeuMF,2013,2013-12-31,166979,53988,10,0.9977778792381287
NeuMF,2013,2013-12-31,167287,29,1,0.9993221759796143
NeuMF,2013,2013-12-31,167287,1218,2,0.999301552772522
NeuMF,2013,2013-12-31,167287,1897,3,0.9991986155509949
NeuMF,2013,2013-12-31,167287,2351,4,0.9986428618431091
NeuMF,2013,2013-12-31,167287,1077,5,0.9982442855834961
NeuMF,2013,2013-12-31,167287,3032,6,0.9980571866035461
NeuMF,2013,2013-12-31,167287,1244,7,0.9975806474685669
NeuMF,2013,2013-12-31,167287,1345,8,0.9974306225776672
NeuMF,2013,2013-12-31,167287,123,9,0.9971821308135986
NeuMF,2013,2013-12-31,167287,6001,10,0.9966541528701782
NeuMF,2013,2013-12-31,167478,60069,1,0.9994803071022034
NeuMF,2013,2013-12-31,167478,46578,2,0.9994719624519348
NeuMF,2013,2013-12-31,167478,26662,3,0.9994663596153259
NeuMF,2013,2013-12-31,167478,1527,4,0.9994470477104187
NeuMF,2013,2013-12-31,167478,6377,5,0.9994416832923889
NeuMF,2013,2013-12-31,167478,8360,6,0.9993651509284973
NeuMF,2013,2013-12-31,167478,53125,7,0.9993042945861816
NeuMF,2013,2013-12-31,167478,1682,8,0.9992578625679016
NeuMF,2013,2013-12-31,167478,4973,9,0.9991965889930725
NeuMF,2013,2013-12-31,167478,50872,10,0.9990901947021484
NeuMF,2013,2013-12-31,167602,1198,1,0.9996476173400879
NeuMF,2013,2013-12-31,167602,2858,2,0.9996123909950256
NeuMF,2013,2013-12-31,167602,1127,3,0.9994797110557556
NeuMF,2013,2013-12-31,167602,2762,4,0.9994581341743469
NeuMF,2013,2013-12-31,167602,7361,5,0.9994258880615234
NeuMF,2013,2013-12-31,167602,1200,6,0.9993937015533447
NeuMF,2013,2013-12-31,167602,1270,7,0.9993288516998291
NeuMF,2013,2013-12-31,167602,1240,8,0.9993138313293457
NeuMF,2013,2013-12-31,167602,2502,9,0.9992551207542419
NeuMF,2013,2013-12-31,167602,1214,10,0.9991581439971924
NeuMF,2013,2013-12-31,168198,5527,1,0.9997240900993347
NeuMF,2013,2013-12-31,168198,2280,2,0.9990317821502686
NeuMF,2013,2013-12-31,168198,4830,3,0.9990211725234985
NeuMF,2013,2013-12-31,168198,1446,4,0.9987614154815674
NeuMF,2013,2013-12-31,168198,37736,5,0.9987033605575562
NeuMF,2013,2013-12-31,168198,3079,6,0.9985682964324951
NeuMF,2013,2013-12-31,168198,2312,7,0.9985144734382629
NeuMF,2013,2013-12-31,168198,1759,8,0.9985100626945496
NeuMF,2013,2013-12-31,168198,3654,9,0.9984604120254517
NeuMF,2013,2013-12-31,168198,7121,10,0.9983761310577393
NeuMF,2013,2013-12-31,168394,62434,1,0.9996987581253052
NeuMF,2013,2013-12-31,168394,3438,2,0.9988903403282166
NeuMF,2013,2013-12-31,168394,68791,3,0.9988288283348083
NeuMF,2013,2013-12-31,168394,1588,4,0.9987932443618774
NeuMF,2013,2013-12-31,168394,63082,5,0.9973133206367493
NeuMF,2013,2013-12-31,168394,33615,6,0.9971126317977905
NeuMF,2013,2013-12-31,168394,42725,7,0.9970501661300659
NeuMF,2013,2013-12-31,168394,39446,8,0.9969852566719055
NeuMF,2013,2013-12-31,168394,49396,9,0.9968903660774231
NeuMF,2013,2013-12-31,168394,3483,10,0.9966636300086975
NeuMF,2013,2013-12-31,168426,72226,1,0.999531626701355
NeuMF,2013,2013-12-31,168426,60684,2,0.999295711517334
NeuMF,2013,2013-12-31,168426,35836,3,0.9992431402206421
NeuMF,2013,2013-12-31,168426,66097,4,0.9991422891616821
NeuMF,2013,2013-12-31,168426,71579,5,0.999021053314209
NeuMF,2013,2013-12-31,168426,36537,6,0.9989975094795227
NeuMF,2013,2013-12-31,168426,89804,7,0.9988685846328735
NeuMF,2013,2013-12-31,168426,1230,8,0.9986695051193237
NeuMF,2013,2013-12-31,168426,79091,9,0.9986222982406616
NeuMF,2013,2013-12-31,168426,87304,10,0.9984108209609985
NeuMF,2013,2013-12-31,168606,4448,1,0.9995163679122925
NeuMF,2013,2013-12-31,168606,40412,2,0.9991666078567505
NeuMF,2013,2013-12-31,168606,7022,3,0.9989089965820312
NeuMF,2013,2013-12-31,168606,2976,4,0.9986467957496643
NeuMF,2013,2013-12-31,168606,5628,5,0.9981897473335266
NeuMF,2013,2013-12-31,168606,4161,6,0.9980562925338745
NeuMF,2013,2013-12-31,168606,319,7,0.9978233575820923
NeuMF,2013,2013-12-31,168606,3986,8,0.9977585077285767
NeuMF,2013,2013-12-31,168606,4878,9,0.997725784778595
NeuMF,2013,2013-12-31,168606,73344,10,0.9975658655166626
NeuMF,2013,2013-12-31,169240,5364,1,0.9991406202316284
NeuMF,2013,2013-12-31,169240,5620,2,0.9986392855644226
NeuMF,2013,2013-12-31,169240,6378,3,0.9984515905380249
NeuMF,2013,2013-12-31,169240,3269,4,0.9983896017074585
NeuMF,2013,2013-12-31,169240,1610,5,0.9970096349716187
NeuMF,2013,2013-12-31,169240,4901,6,0.9965332746505737
NeuMF,2013,2013-12-31,169240,2948,7,0.9962739944458008
NeuMF,2013,2013-12-31,169240,1197,8,0.9959551095962524
NeuMF,2013,2013-12-31,169240,1172,9,0.9952335953712463
NeuMF,2013,2013-12-31,169240,4992,10,0.9952324032783508
NeuMF,2013,2013-12-31,169653,37380,1,0.9999890327453613
NeuMF,2013,2013-12-31,169653,91974,2,0.9999268054962158
NeuMF,2013,2013-12-31,169653,68319,3,0.9998213648796082
NeuMF,2013,2013-12-31,169653,42738,4,0.9997072815895081
NeuMF,2013,2013-12-31,169653,61210,5,0.9994964599609375
NeuMF,2013,2013-12-31,169653,53996,6,0.9992761015892029
NeuMF,2013,2013-12-31,169653,87232,7,0.9992548823356628
NeuMF,2013,2013-12-31,169653,3793,8,0.9992522597312927
NeuMF,2013,2013-12-31,169653,88140,9,0.9992419481277466
NeuMF,2013,2013-12-31,169653,51255,10,0.9991565942764282
NeuMF,2013,2013-12-31,169946,55442,1,0.9997863173484802
NeuMF,2013,2013-12-31,169946,55269,2,0.9996997117996216
NeuMF,2013,2013-12-31,169946,58299,3,0.9996691942214966
NeuMF,2013,2013-12-31,169946,58559,4,0.9996662139892578
NeuMF,2013,2013-12-31,169946,45028,5,0.9994237422943115
NeuMF,2013,2013-12-31,169946,44555,6,0.9993725419044495
NeuMF,2013,2013-12-31,169946,60069,7,0.9992749094963074
NeuMF,2013,2013-12-31,169946,3949,8,0.999230146408081
NeuMF,2013,2013-12-31,169946,68237,9,0.9989570379257202
NeuMF,2013,2013-12-31,169946,44191,10,0.9988754391670227
NeuMF,2013,2013-12-31,170149,60684,1,0.9996976852416992
NeuMF,2013,2013-12-31,170149,74553,2,0.9994683861732483
NeuMF,2013,2013-12-31,170149,27728,3,0.999180018901825
NeuMF,2013,2013-12-31,170149,2021,4,0.9984921216964722
NeuMF,2013,2013-12-31,170149,6283,5,0.9975849390029907
NeuMF,2013,2013-12-31,170149,59315,6,0.9974877834320068
NeuMF,2013,2013-12-31,170149,73017,7,0.9971845746040344
NeuMF,2013,2013-12-31,170149,6755,8,0.9964810609817505
NeuMF,2013,2013-12-31,170149,60069,9,0.9963913559913635
NeuMF,2013,2013-12-31,170149,77561,10,0.9963766932487488
NeuMF,2013,2013-12-31,170442,48738,1,0.9999510049819946
NeuMF,2013,2013-12-31,170442,49530,2,0.999925971031189
NeuMF,2013,2013-12-31,170442,48774,3,0.9998887777328491
NeuMF,2013,2013-12-31,170442,44199,4,0.9997108578681946
NeuMF,2013,2013-12-31,170442,36529,5,0.9996956586837769
NeuMF,2013,2013-12-31,170442,55290,6,0.9996002316474915
NeuMF,2013,2013-12-31,170442,431,7,0.9995781779289246
NeuMF,2013,2013-12-31,170442,46723,8,0.9995504021644592
NeuMF,2013,2013-12-31,170442,53129,9,0.9995297193527222
NeuMF,2013,2013-12-31,170442,37731,10,0.9995044469833374
NeuMF,2013,2013-12-31,171110,63859,1,0.9997268319129944
NeuMF,2013,2013-12-31,171110,1198,2,0.9977834820747375
NeuMF,2013,2013-12-31,171110,912,3,0.9974575638771057
NeuMF,2013,2013-12-31,171110,4973,4,0.9966579675674438
NeuMF,2013,2013-12-31,171110,72737,5,0.9966275095939636
NeuMF,2013,2013-12-31,171110,68358,6,0.9964777827262878
NeuMF,2013,2013-12-31,171110,58559,7,0.9964016675949097
NeuMF,2013,2013-12-31,171110,59315,8,0.9963628649711609
NeuMF,2013,2013-12-31,171110,1036,9,0.9959120750427246
NeuMF,2013,2013-12-31,171110,858,10,0.9958635568618774
NeuMF,2013,2013-12-31,171115,969,1,0.9989400506019592
NeuMF,2013,2013-12-31,171115,81845,2,0.9988541603088379
NeuMF,2013,2013-12-31,171115,2662,3,0.9986860156059265
NeuMF,2013,2013-12-31,171115,5899,4,0.998600423336029
NeuMF,2013,2013-12-31,171115,2019,5,0.9975619316101074
NeuMF,2013,2013-12-31,171115,34405,6,0.9969925880432129
NeuMF,2013,2013-12-31,171115,1073,7,0.9957004189491272
NeuMF,2013,2013-12-31,171115,5782,8,0.9955754280090332
NeuMF,2013,2013-12-31,171115,1136,9,0.9948331117630005
NeuMF,2013,2013-12-31,171115,3654,10,0.9944983124732971
NeuMF,2013,2013-12-31,171454,74275,1,0.9998694658279419
NeuMF,2013,2013-12-31,171454,3615,2,0.9991280436515808
NeuMF,2013,2013-12-31,171454,59418,3,0.9990864992141724
NeuMF,2013,2013-12-31,171454,1894,4,0.9984652996063232
NeuMF,2013,2013-12-31,171454,6942,5,0.9979473948478699
NeuMF,2013,2013-12-31,171454,6944,6,0.9978203773498535
NeuMF,2013,2013-12-31,171454,55247,7,0.9978148937225342
NeuMF,2013,2013-12-31,171454,71264,8,0.9976167678833008
NeuMF,2013,2013-12-31,171454,2908,9,0.9975255131721497
NeuMF,2013,2013-12-31,171454,69406,10,0.9974600672721863
NeuMF,2013,2013-12-31,171720,26840,1,0.9998278617858887
NeuMF,2013,2013-12-31,171720,7981,2,0.9996607303619385
NeuMF,2013,2013-12-31,171720,3267,3,0.9995705485343933
NeuMF,2013,2013-12-31,171720,31658,4,0.9995113611221313
NeuMF,2013,2013-12-31,171720,61240,5,0.9995099306106567
NeuMF,2013,2013-12-31,171720,26662,6,0.9994732737541199
NeuMF,2013,2013-12-31,171720,7802,7,0.999082088470459
NeuMF,2013,2013-12-31,171720,1274,8,0.9989306330680847
NeuMF,2013,2013-12-31,171720,5971,9,0.9989129304885864
NeuMF,2013,2013-12-31,171720,1248,10,0.998855710029602
NeuMF,2013,2013-12-31,171741,64614,1,0.9997664093971252
NeuMF,2013,2013-12-31,171741,69481,2,0.9996820688247681
NeuMF,2013,2013-12-31,171741,55765,3,0.9996086955070496
NeuMF,2013,2013-12-31,171741,69122,4,0.9995879530906677
NeuMF,2013,2013-12-31,171741,40819,5,0.9994872808456421
NeuMF,2013,2013-12-31,171741,72998,6,0.9994274377822876
NeuMF,2013,2013-12-31,171741,4776,7,0.9993909597396851
NeuMF,2013,2013-12-31,171741,44665,8,0.9993149042129517
NeuMF,2013,2013-12-31,171741,81845,9,0.9993066787719727
NeuMF,2013,2013-12-31,171741,79720,10,0.9991527795791626
NeuMF,2013,2013-12-31,171825,80549,1,0.9998819828033447
NeuMF,2013,2013-12-31,171825,84374,2,0.9998713731765747
NeuMF,2013,2013-12-31,171825,8533,3,0.9998024106025696
NeuMF,2013,2013-12-31,171825,4155,4,0.9997891783714294
NeuMF,2013,2013-12-31,171825,92507,5,0.9996978044509888
NeuMF,2013,2013-12-31,171825,63082,6,0.9996784925460815
NeuMF,2013,2013-12-31,171825,79091,7,0.9995119571685791
NeuMF,2013,2013-12-31,171825,8957,8,0.9993183612823486
NeuMF,2013,2013-12-31,171825,33669,9,0.999076247215271
NeuMF,2013,2013-12-31,171825,8972,10,0.9988840222358704
NeuMF,2013,2013-12-31,171886,54001,1,0.9999111890792847
NeuMF,2013,2013-12-31,171886,40815,2,0.9998875856399536
NeuMF,2013,2013-12-31,171886,58293,3,0.999764621257782
NeuMF,2013,2013-12-31,171886,48161,4,0.9996875524520874
NeuMF,2013,2013-12-31,171886,56949,5,0.999653697013855
NeuMF,2013,2013-12-31,171886,7454,6,0.9995970129966736
NeuMF,2013,2013-12-31,171886,47518,7,0.9995802044868469
NeuMF,2013,2013-12-31,171886,52458,8,0.9995487332344055
NeuMF,2013,2013-12-31,171886,49910,9,0.9994961023330688
NeuMF,2013,2013-12-31,171886,44191,10,0.9994435906410217
NeuMF,2013,2013-12-31,172041,1483,1,0.9998384714126587
NeuMF,2013,2013-12-31,172041,968,2,0.9995239973068237
NeuMF,2013,2013-12-31,172041,308,3,0.9992324113845825
NeuMF,2013,2013-12-31,172041,44555,4,0.9988880753517151
NeuMF,2013,2013-12-31,172041,306,5,0.9985609650611877
NeuMF,2013,2013-12-31,172041,67255,6,0.9985014200210571
NeuMF,2013,2013-12-31,172041,307,7,0.9983994364738464
NeuMF,2013,2013-12-31,172041,1209,8,0.9983826875686646
NeuMF,2013,2013-12-31,172041,175,9,0.9979367256164551
NeuMF,2013,2013-12-31,172041,1232,10,0.9979323148727417
NeuMF,2013,2013-12-31,172153,3275,1,0.9985952973365784
NeuMF,2013,2013-12-31,172153,3949,2,0.9985828399658203
NeuMF,2013,2013-12-31,172153,5954,3,0.9979041814804077
NeuMF,2013,2013-12-31,172153,60684,4,0.9975887537002563
NeuMF,2013,2013-12-31,172153,6953,5,0.9974715709686279
NeuMF,2013,2013-12-31,172153,59315,6,0.9972429275512695
NeuMF,2013,2013-12-31,172153,66097,7,0.9971209168434143
NeuMF,2013,2013-12-31,172153,54503,8,0.9970192909240723
NeuMF,2013,2013-12-31,172153,53000,9,0.9964634776115417
NeuMF,2013,2013-12-31,172153,1061,10,0.996439516544342
NeuMF,2013,2013-12-31,172436,4703,1,0.999521017074585
NeuMF,2013,2013-12-31,172436,49130,2,0.999483585357666
NeuMF,2013,2013-12-31,172436,53894,3,0.999365508556366
NeuMF,2013,2013-12-31,172436,54190,4,0.9989333748817444
NeuMF,2013,2013-12-31,172436,30803,5,0.9986205101013184
NeuMF,2013,2013-12-31,172436,55247,6,0.9982286095619202
NeuMF,2013,2013-12-31,172436,63876,7,0.9981611371040344
NeuMF,2013,2013-12-31,172436,50685,8,0.9978992938995361
NeuMF,2013,2013-12-31,172436,60950,9,0.9976832866668701
NeuMF,2013,2013-12-31,172436,3668,10,0.9965621829032898
NeuMF,2013,2013-12-31,172740,78209,1,0.9999719858169556
NeuMF,2013,2013-12-31,172740,77561,2,0.9997972846031189
NeuMF,2013,2013-12-31,172740,59315,3,0.9997259974479675
NeuMF,2013,2013-12-31,172740,75813,4,0.9997244477272034
NeuMF,2013,2013-12-31,172740,79185,5,0.9996291399002075
NeuMF,2013,2013-12-31,172740,89753,6,0.9996125102043152
NeuMF,2013,2013-12-31,172740,69757,7,0.9995743632316589
NeuMF,2013,2013-12-31,172740,89864,8,0.9995337724685669
NeuMF,2013,2013-12-31,172740,79091,9,0.9994739890098572
NeuMF,2013,2013-12-31,172740,89745,10,0.9994290471076965
NeuMF,2013,2013-12-31,172876,2028,1,0.9996694326400757
NeuMF,2013,2013-12-31,172876,59369,2,0.999627947807312
NeuMF,2013,2013-12-31,172876,110,3,0.9995506405830383
NeuMF,2013,2013-12-31,172876,3527,4,0.999210000038147
NeuMF,2013,2013-12-31,172876,2000,5,0.9992080330848694
NeuMF,2013,2013-12-31,172876,3552,6,0.9990279674530029
NeuMF,2013,2013-12-31,172876,480,7,0.9990279674530029
NeuMF,2013,2013-12-31,172876,1089,8,0.9989522695541382
NeuMF,2013,2013-12-31,172876,1917,9,0.998666524887085
NeuMF,2013,2013-12-31,172876,2762,10,0.9985149502754211
NeuMF,2013,2013-12-31,173540,830,1,0.9994972944259644
NeuMF,2013,2013-12-31,173540,31,2,0.9993150234222412
NeuMF,2013,2013-12-31,173540,5991,3,0.9990803003311157
NeuMF,2013,2013-12-31,173540,1022,4,0.9988001585006714
NeuMF,2013,2013-12-31,173540,72011,5,0.9987406134605408
NeuMF,2013,2013-12-31,173540,1271,6,0.9983667731285095
NeuMF,2013,2013-12-31,173540,261,7,0.9983658194541931
NeuMF,2013,2013-12-31,173540,55052,8,0.9979865550994873
NeuMF,2013,2013-12-31,173540,81845,9,0.9976927042007446
NeuMF,2013,2013-12-31,173540,917,10,0.99762362241745
NeuMF,2013,2013-12-31,173804,7155,1,0.9991204142570496
NeuMF,2013,2013-12-31,173804,4304,2,0.9982438087463379
NeuMF,2013,2013-12-31,173804,1392,3,0.997022807598114
NeuMF,2013,2013-12-31,173804,4452,4,0.9968505501747131
NeuMF,2013,2013-12-31,173804,2356,5,0.9968108534812927
NeuMF,2013,2013-12-31,173804,534,6,0.9965826869010925
NeuMF,2013,2013-12-31,173804,52975,7,0.9965033531188965
NeuMF,2013,2013-12-31,173804,6380,8,0.9963571429252625
NeuMF,2013,2013-12-31,173804,5572,9,0.9962600469589233
NeuMF,2013,2013-12-31,173804,3072,10,0.9961743354797363
NeuMF,2013,2013-12-31,173979,5358,1,0.999925971031189
NeuMF,2013,2013-12-31,173979,2070,2,0.9999059438705444
NeuMF,2013,2013-12-31,173979,1303,3,0.9998832941055298
NeuMF,2013,2013-12-31,173979,3036,4,0.999843955039978
NeuMF,2013,2013-12-31,173979,4432,5,0.9998010993003845
NeuMF,2013,2013-12-31,173979,7218,6,0.9996089339256287
NeuMF,2013,2013-12-31,173979,50601,7,0.9992662072181702
NeuMF,2013,2013-12-31,173979,37739,8,0.9991267323493958
NeuMF,2013,2013-12-31,173979,2764,9,0.9988793730735779
NeuMF,2013,2013-12-31,173979,3684,10,0.9988749623298645
NeuMF,2013,2013-12-31,174092,27317,1,0.9996979236602783
NeuMF,2013,2013-12-31,174092,27741,2,0.9995288848876953
NeuMF,2013,2013-12-31,174092,33585,3,0.9993391633033752
NeuMF,2013,2013-12-31,174092,2843,4,0.9991662502288818
NeuMF,2013,2013-12-31,174092,27882,5,0.9986959099769592
NeuMF,2013,2013-12-31,174092,7177,6,0.9982600808143616
NeuMF,2013,2013-12-31,174092,33171,7,0.9977918863296509
NeuMF,2013,2013-12-31,174092,4754,8,0.9977802634239197
NeuMF,2013,2013-12-31,174092,3008,9,0.9977466464042664
NeuMF,2013,2013-12-31,174092,6975,10,0.9976442456245422
NeuMF,2013,2013-12-31,174514,59018,1,0.9998632669448853
NeuMF,2013,2013-12-31,174514,47629,2,0.9996497631072998
NeuMF,2013,2013-12-31,174514,52604,3,0.9995684027671814
NeuMF,2013,2013-12-31,174514,52241,4,0.9995442032814026
NeuMF,2013,2013-12-31,174514,8972,5,0.9992923736572266
NeuMF,2013,2013-12-31,174514,49824,6,0.9991486072540283
NeuMF,2013,2013-12-31,174514,68358,7,0.9990490078926086
NeuMF,2013,2013-12-31,174514,71530,8,0.9989520311355591
NeuMF,2013,2013-12-31,174514,4723,9,0.9984810948371887
NeuMF,2013,2013-12-31,174514,62081,10,0.9982579350471497
NeuMF,2013,2013-12-31,174693,63082,1,0.9999840259552002
NeuMF,2013,2013-12-31,174693,56782,2,0.9999592304229736
NeuMF,2013,2013-12-31,174693,2329,3,0.9999353885650635
NeuMF,2013,2013-12-31,174693,54503,4,0.999894380569458
NeuMF,2013,2013-12-31,174693,55247,5,0.9998679161071777
NeuMF,2013,2013-12-31,174693,55820,6,0.9998642206192017
NeuMF,2013,2013-12-31,174693,3949,7,0.9998506307601929
NeuMF,2013,2013-12-31,174693,64614,8,0.9998445510864258
NeuMF,2013,2013-12-31,174693,63876,9,0.9998087286949158
NeuMF,2013,2013-12-31,174693,69757,10,0.9997503161430359
NeuMF,2013,2013-12-31,174941,63082,1,0.9996134638786316
NeuMF,2013,2013-12-31,174941,79132,2,0.9992238283157349
NeuMF,2013,2013-12-31,174941,48774,3,0.9992024302482605
NeuMF,2013,2013-12-31,174941,6016,4,0.9991981387138367
NeuMF,2013,2013-12-31,174941,81562,5,0.9988884329795837
NeuMF,2013,2013-12-31,174941,73017,6,0.9987688660621643
NeuMF,2013,2013-12-31,174941,68237,7,0.998719334602356
NeuMF,2013,2013-12-31,174941,49530,8,0.9987046718597412
NeuMF,2013,2013-12-31,174941,64839,9,0.9986961483955383
NeuMF,2013,2013-12-31,174941,72395,10,0.9985672235488892
NeuMF,2013,2013-12-31,175271,680,1,0.9999101161956787
NeuMF,2013,2013-12-31,175271,2117,2,0.9997624754905701
NeuMF,2013,2013-12-31,175271,2495,3,0.9997472167015076
NeuMF,2013,2013-12-31,175271,3339,4,0.9993096590042114
NeuMF,2013,2013-12-31,175271,4928,5,0.999233603477478
NeuMF,2013,2013-12-31,175271,4429,6,0.9991638660430908
NeuMF,2013,2013-12-31,175271,2728,7,0.9989773035049438
NeuMF,2013,2013-12-31,175271,2285,8,0.9989401698112488
NeuMF,2013,2013-12-31,175271,3693,9,0.9989109039306641
NeuMF,2013,2013-12-31,175271,47465,10,0.9987608194351196
NeuMF,2013,2013-12-31,175326,68237,1,0.9990285634994507
NeuMF,2013,2013-12-31,175326,2436,2,0.9982413053512573
NeuMF,2013,2013-12-31,175326,2598,3,0.9978183507919312
NeuMF,2013,2013-12-31,175326,67087,4,0.9978043437004089
NeuMF,2013,2013-12-31,175326,70286,5,0.9975989460945129
NeuMF,2013,2013-12-31,175326,50068,6,0.9975259900093079
NeuMF,2013,2013-12-31,175326,71464,7,0.9973722696304321
NeuMF,2013,2013-12-31,175326,4308,8,0.9972445964813232
NeuMF,2013,2013-12-31,175326,2065,9,0.9970284104347229
NeuMF,2013,2013-12-31,175326,72226,10,0.9969839453697205
NeuMF,2013,2013-12-31,175892,176,1,0.999340832233429
NeuMF,2013,2013-12-31,175892,3783,2,0.9983159303665161
NeuMF,2013,2013-12-31,175892,37733,3,0.9982130527496338
NeuMF,2013,2013-12-31,175892,36517,4,0.9981606602668762
NeuMF,2013,2013-12-31,175892,39292,5,0.9980140924453735
NeuMF,2013,2013-12-31,175892,3093,6,0.9979599714279175
NeuMF,2013,2013-12-31,175892,6001,7,0.9976450800895691
NeuMF,2013,2013-12-31,175892,4103,8,0.997533917427063
NeuMF,2013,2013-12-31,175892,4327,9,0.9974551796913147
NeuMF,2013,2013-12-31,175892,417,10,0.9971025586128235
NeuMF,2013,2013-12-31,175914,49396,1,0.9997833371162415
NeuMF,2013,2013-12-31,175914,3275,2,0.9995461106300354
NeuMF,2013,2013-12-31,175914,4878,3,0.999423623085022
NeuMF,2013,2013-12-31,175914,59404,4,0.9993984699249268
NeuMF,2013,2013-12-31,175914,76251,5,0.9993364214897156
NeuMF,2013,2013-12-31,175914,5418,6,0.998950183391571
NeuMF,2013,2013-12-31,175914,44665,7,0.9984562397003174
NeuMF,2013,2013-12-31,175914,223,8,0.9982160925865173
NeuMF,2013,2013-12-31,175914,62155,9,0.9981300234794617
NeuMF,2013,2013-12-31,175914,2329,10,0.9980430603027344
NeuMF,2013,2013-12-31,176228,44709,1,0.9994845390319824
NeuMF,2013,2013-12-31,176228,30822,2,0.9992423057556152
NeuMF,2013,2013-12-31,176228,54513,3,0.9989984631538391
NeuMF,2013,2013-12-31,176228,50160,4,0.9988295435905457
NeuMF,2013,2013-12-31,176228,6216,5,0.9986864924430847
NeuMF,2013,2013-12-31,176228,3079,6,0.9985938668251038
NeuMF,2013,2013-12-31,176228,37475,7,0.9984649419784546
NeuMF,2013,2013-12-31,176228,49130,8,0.9983446598052979
NeuMF,2013,2013-12-31,176228,6591,9,0.998099148273468
NeuMF,2013,2013-12-31,176228,33639,10,0.9978258013725281
NeuMF,2013,2013-12-31,176252,48394,1,0.9996008276939392
NeuMF,2013,2013-12-31,176252,43396,2,0.9992223978042603
NeuMF,2013,2013-12-31,176252,68157,3,0.9991129040718079
NeuMF,2013,2013-12-31,176252,80463,4,0.9988111257553101
NeuMF,2013,2013-12-31,176252,36529,5,0.9983275532722473
NeuMF,2013,2013-12-31,176252,69757,6,0.9981368780136108
NeuMF,2013,2013-12-31,176252,53956,7,0.9980756044387817
NeuMF,2013,2013-12-31,176252,48738,8,0.9974666833877563
NeuMF,2013,2013-12-31,176252,48774,9,0.9974541068077087
NeuMF,2013,2013-12-31,176252,79702,10,0.997201681137085
NeuMF,2013,2013-12-31,176569,78772,1,0.9993232488632202
NeuMF,2013,2013-12-31,176569,84374,2,0.9990124702453613
NeuMF,2013,2013-12-31,176569,50804,3,0.9986752867698669
NeuMF,2013,2013-12-31,176569,4155,4,0.9986276626586914
NeuMF,2013,2013-12-31,176569,45081,5,0.9981415271759033
NeuMF,2013,2013-12-31,176569,261,6,0.9976202845573425
NeuMF,2013,2013-12-31,176569,2432,7,0.997455894947052
NeuMF,2013,2013-12-31,176569,65585,8,0.9972200393676758
NeuMF,2013,2013-12-31,176569,79091,9,0.9965834021568298
NeuMF,2013,2013-12-31,176569,5266,10,0.9964767098426819
NeuMF,2013,2013-12-31,176610,3755,1,0.9994962215423584
NeuMF,2013,2013-12-31,176610,2501,2,0.9987687468528748
NeuMF,2013,2013-12-31,176610,3897,3,0.9985051155090332
NeuMF,2013,2013-12-31,176610,3176,4,0.9983336329460144
NeuMF,2013,2013-12-31,176610,6377,5,0.9983065128326416
NeuMF,2013,2013-12-31,176610,3948,6,0.9982786178588867
NeuMF,2013,2013-12-31,176610,2605,7,0.9980375170707703
NeuMF,2013,2013-12-31,176610,3256,8,0.9978986978530884
NeuMF,2013,2013-12-31,176610,6187,9,0.9975053668022156
NeuMF,2013,2013-12-31,176610,3448,10,0.9973164200782776
NeuMF,2013,2013-12-31,176695,51471,1,0.999881386756897
NeuMF,2013,2013-12-31,176695,56885,2,0.9998775720596313
NeuMF,2013,2013-12-31,176695,3916,3,0.9998683929443359
NeuMF,2013,2013-12-31,176695,1271,4,0.9995695948600769
NeuMF,2013,2013-12-31,176695,49772,5,0.9993842840194702
NeuMF,2013,2013-12-31,176695,1357,6,0.9989644289016724
NeuMF,2013,2013-12-31,176695,4095,7,0.9989401698112488
NeuMF,2013,2013-12-31,176695,475,8,0.9984801411628723
NeuMF,2013,2013-12-31,176695,92507,9,0.9979596138000488
NeuMF,2013,2013-12-31,176695,69712,10,0.9979304075241089
NeuMF,2013,2013-12-31,176899,35836,1,0.9988104104995728
NeuMF,2013,2013-12-31,176899,1962,2,0.9987939596176147
NeuMF,2013,2013-12-31,176899,37733,3,0.998717188835144
NeuMF,2013,2013-12-31,176899,71211,4,0.998539924621582
NeuMF,2013,2013-12-31,176899,45210,5,0.9982860684394836
NeuMF,2013,2013-12-31,176899,64614,6,0.9981592297554016
NeuMF,2013,2013-12-31,176899,60069,7,0.9981426000595093
NeuMF,2013,2013-12-31,176899,70286,8,0.9975403547286987
NeuMF,2013,2013-12-31,176899,64620,9,0.99720299243927
NeuMF,2013,2013-12-31,176899,4304,10,0.9969885945320129
NeuMF,2013,2013-12-31,177059,52319,1,0.9995996356010437
NeuMF,2013,2013-12-31,177059,4262,2,0.9993172883987427
NeuMF,2013,2013-12-31,177059,3868,3,0.9988995790481567
NeuMF,2013,2013-12-31,177059,69784,4,0.9988476037979126
NeuMF,2013,2013-12-31,177059,55765,5,0.9987664222717285
NeuMF,2013,2013-12-31,177059,4008,6,0.9986461997032166
NeuMF,2013,2013-12-31,177059,2403,7,0.9983038902282715
NeuMF,2013,2013-12-31,177059,7371,8,0.9982366561889648
NeuMF,2013,2013-12-31,177059,64839,9,0.9982147216796875
NeuMF,2013,2013-12-31,177059,6291,10,0.9981631636619568
NeuMF,2013,2013-12-31,177766,45028,1,0.9995750784873962
NeuMF,2013,2013-12-31,177766,33154,2,0.9990788698196411
NeuMF,2013,2013-12-31,177766,2132,3,0.9988699555397034
NeuMF,2013,2013-12-31,177766,44709,4,0.9988648891448975
NeuMF,2013,2013-12-31,177766,8915,5,0.998735249042511
NeuMF,2013,2013-12-31,177766,7151,6,0.9983698725700378
NeuMF,2013,2013-12-31,177766,50068,7,0.9980719089508057
NeuMF,2013,2013-12-31,177766,3494,8,0.9979729056358337
NeuMF,2013,2013-12-31,177766,8147,9,0.9978618025779724
NeuMF,2013,2013-12-31,177766,1235,10,0.9975169897079468
NeuMF,2013,2013-12-31,178139,26662,1,0.9990092515945435
NeuMF,2013,2013-12-31,178139,31410,2,0.9988040924072266
NeuMF,2013,2013-12-31,178139,48394,3,0.9987340569496155
NeuMF,2013,2013-12-31,178139,59315,4,0.9984633922576904
NeuMF,2013,2013-12-31,178139,58559,5,0.998212456703186
NeuMF,2013,2013-12-31,178139,48774,6,0.997778594493866
NeuMF,2013,2013-12-31,178139,30803,7,0.9975606203079224
NeuMF,2013,2013-12-31,178139,61160,8,0.9965851306915283
NeuMF,2013,2013-12-31,178139,5690,9,0.9964022636413574
NeuMF,2013,2013-12-31,178139,6502,10,0.9960567951202393
NeuMF,2013,2013-12-31,178154,1483,1,0.999632716178894
NeuMF,2013,2013-12-31,178154,778,2,0.9986433386802673
NeuMF,2013,2013-12-31,178154,62203,3,0.998615026473999
NeuMF,2013,2013-12-31,178154,1206,4,0.9984307885169983
NeuMF,2013,2013-12-31,178154,152,5,0.9980934262275696
NeuMF,2013,2013-12-31,178154,8914,6,0.9979233145713806
NeuMF,2013,2013-12-31,178154,175,7,0.9979093670845032
NeuMF,2013,2013-12-31,178154,1921,8,0.9978880286216736
NeuMF,2013,2013-12-31,178154,481,9,0.9976913928985596
NeuMF,2013,2013-12-31,178154,924,10,0.9976323843002319
NeuMF,2013,2013-12-31,179047,55908,1,0.9998594522476196
NeuMF,2013,2013-12-31,179047,53996,2,0.9998494386672974
NeuMF,2013,2013-12-31,179047,51255,3,0.999681830406189
NeuMF,2013,2013-12-31,179047,49272,4,0.9994295239448547
NeuMF,2013,2013-12-31,179047,48385,5,0.9992425441741943
NeuMF,2013,2013-12-31,179047,52328,6,0.9992192983627319
NeuMF,2013,2013-12-31,179047,3253,7,0.9985455274581909
NeuMF,2013,2013-12-31,179047,34405,8,0.9984787106513977
NeuMF,2013,2013-12-31,179047,57640,9,0.9982101917266846
NeuMF,2013,2013-12-31,179047,44195,10,0.9981951117515564
NeuMF,2013,2013-12-31,179324,4465,1,0.9995052814483643
NeuMF,2013,2013-12-31,179324,1804,2,0.9993804693222046
NeuMF,2013,2013-12-31,179324,2561,3,0.9993777275085449
NeuMF,2013,2013-12-31,179324,51931,4,0.9991908669471741
NeuMF,2013,2013-12-31,179324,54881,5,0.9981396198272705
NeuMF,2013,2013-12-31,179324,49822,6,0.9981300234794617
NeuMF,2013,2013-12-31,179324,53322,7,0.9978657364845276
NeuMF,2013,2013-12-31,179324,50794,8,0.9970728158950806
NeuMF,2013,2013-12-31,179324,2112,9,0.997042715549469
NeuMF,2013,2013-12-31,179324,3007,10,0.9967387318611145
NeuMF,2013,2013-12-31,179951,60950,1,0.9998784065246582
NeuMF,2013,2013-12-31,179951,50912,2,0.9996577501296997
NeuMF,2013,2013-12-31,179951,61323,3,0.9993095397949219
NeuMF,2013,2013-12-31,179951,64957,4,0.998565137386322
NeuMF,2013,2013-12-31,179951,63062,5,0.998381495475769
NeuMF,2013,2013-12-31,179951,63082,6,0.9981833100318909
NeuMF,2013,2013-12-31,179951,54259,7,0.9979655742645264
NeuMF,2013,2013-12-31,179951,63876,8,0.9977056384086609
NeuMF,2013,2013-12-31,179951,64839,9,0.9976327419281006
NeuMF,2013,2013-12-31,179951,46578,10,0.9966686367988586
NeuMF,2013,2013-12-31,180036,8132,1,0.999901533126831
NeuMF,2013,2013-12-31,180036,1291,2,0.9997389912605286
NeuMF,2013,2013-12-31,180036,1208,3,0.9995974898338318
NeuMF,2013,2013-12-31,180036,7153,4,0.9992438554763794
NeuMF,2013,2013-12-31,180036,1036,5,0.9991648197174072
NeuMF,2013,2013-12-31,180036,1262,6,0.9990736246109009
NeuMF,2013,2013-12-31,180036,1378,7,0.9987289309501648
NeuMF,2013,2013-12-31,180036,1250,8,0.998543381690979
NeuMF,2013,2013-12-31,180036,1200,9,0.9985236525535583
NeuMF,2013,2013-12-31,180036,44555,10,0.9984745383262634
NeuMF,2013,2013-12-31,180149,1982,1,0.9998589754104614
NeuMF,2013,2013-12-31,180149,7371,2,0.9988540410995483
NeuMF,2013,2013-12-31,180149,34323,3,0.9987536668777466
NeuMF,2013,2013-12-31,180149,6731,4,0.9985851049423218
NeuMF,2013,2013-12-31,180149,80969,5,0.9976206421852112
NeuMF,2013,2013-12-31,180149,7419,6,0.9975956082344055
NeuMF,2013,2013-12-31,180149,2648,7,0.99720698595047
NeuMF,2013,2013-12-31,180149,519,8,0.9971626400947571
NeuMF,2013,2013-12-31,180149,4396,9,0.9970093369483948
NeuMF,2013,2013-12-31,180149,5508,10,0.99689120054245
NeuMF,2013,2013-12-31,180322,64575,1,0.9996156692504883
NeuMF,2013,2013-12-31,180322,2611,2,0.9992119073867798
NeuMF,2013,2013-12-31,180322,2330,3,0.9989757537841797
NeuMF,2013,2013-12-31,180322,3022,4,0.998672366142273
NeuMF,2013,2013-12-31,180322,3456,5,0.9985742568969727
NeuMF,2013,2013-12-31,180322,1176,6,0.9985492825508118
NeuMF,2013,2013-12-31,180322,86833,7,0.9982098340988159
NeuMF,2013,2013-12-31,180322,48385,8,0.9978936314582825
NeuMF,2013,2013-12-31,180322,1260,9,0.997512936592102
NeuMF,2013,2013-12-31,180322,1357,10,0.9973679184913635
NeuMF,2013,2013-12-31,180462,92259,1,0.9999276399612427
NeuMF,2013,2013-12-31,180462,81845,2,0.9998670816421509
NeuMF,2013,2013-12-31,180462,63082,3,0.9998537302017212
NeuMF,2013,2013-12-31,180462,80463,4,0.9998478889465332
NeuMF,2013,2013-12-31,180462,72998,5,0.9997476935386658
NeuMF,2013,2013-12-31,180462,81591,6,0.9997145533561707
NeuMF,2013,2013-12-31,180462,91529,7,0.9996750354766846
NeuMF,2013,2013-12-31,180462,79132,8,0.9996520280838013
NeuMF,2013,2013-12-31,180462,89492,9,0.9996192455291748
NeuMF,2013,2013-12-31,180462,60766,10,0.9992720484733582
NeuMF,2013,2013-12-31,180588,58559,1,0.9999668598175049
NeuMF,2013,2013-12-31,180588,59315,2,0.999840259552002
NeuMF,2013,2013-12-31,180588,2959,3,0.9997993111610413
NeuMF,2013,2013-12-31,180588,4878,4,0.9997537732124329
NeuMF,2013,2013-12-31,180588,4226,5,0.9997485280036926
NeuMF,2013,2013-12-31,180588,1198,6,0.9996403455734253
NeuMF,2013,2013-12-31,180588,7153,7,0.9996253252029419
NeuMF,2013,2013-12-31,180588,7361,8,0.9996140599250793
NeuMF,2013,2013-12-31,180588,1089,9,0.9995984435081482
NeuMF,2013,2013-12-31,180588,2858,10,0.999591052532196
NeuMF,2013,2013-12-31,180925,81845,1,0.99784255027771
NeuMF,2013,2013-12-31,180925,1196,2,0.9974797368049622
NeuMF,2013,2013-12-31,180925,76251,3,0.9966912269592285
NeuMF,2013,2013-12-31,180925,40815,4,0.996616780757904
NeuMF,2013,2013-12-31,180925,88125,5,0.9962170720100403
NeuMF,2013,2013-12-31,180925,68358,6,0.9961370825767517
NeuMF,2013,2013-12-31,180925,1210,7,0.9957042336463928
NeuMF,2013,2013-12-31,180925,260,8,0.9955333471298218
NeuMF,2013,2013-12-31,180925,1704,9,0.9954948425292969
NeuMF,2013,2013-12-31,180925,63082,10,0.9951936602592468
NeuMF,2013,2013-12-31,181165,1733,1,0.9995718598365784
NeuMF,2013,2013-12-31,181165,1449,2,0.9993788003921509
NeuMF,2013,2013-12-31,181165,6380,3,0.9993014335632324
NeuMF,2013,2013-12-31,181165,2594,4,0.998941957950592
NeuMF,2013,2013-12-31,181165,778,5,0.9988162517547607
NeuMF,2013,2013-12-31,181165,5577,6,0.9986769556999207
NeuMF,2013,2013-12-31,181165,233,7,0.9986452460289001
NeuMF,2013,2013-12-31,181165,73344,8,0.9985218644142151
NeuMF,2013,2013-12-31,181165,2607,9,0.9984344840049744
NeuMF,2013,2013-12-31,181165,2580,10,0.9983008503913879
NeuMF,2013,2013-12-31,181818,3347,1,0.9999580383300781
NeuMF,2013,2013-12-31,181818,1449,2,0.9999129772186279
NeuMF,2013,2013-12-31,181818,3095,3,0.9997878670692444
NeuMF,2013,2013-12-31,181818,2871,4,0.99974125623703
NeuMF,2013,2013-12-31,181818,923,5,0.9996008276939392
NeuMF,2013,2013-12-31,181818,6331,6,0.999548614025116
NeuMF,2013,2013-12-31,181818,1392,7,0.9995310306549072
NeuMF,2013,2013-12-31,181818,3007,8,0.9994369149208069
NeuMF,2013,2013-12-31,181818,2391,9,0.999396800994873
NeuMF,2013,2013-12-31,181818,2183,10,0.9993446469306946
NeuMF,2013,2013-12-31,181897,31410,1,0.9993969202041626
NeuMF,2013,2013-12-31,181897,1835,2,0.9993181228637695
NeuMF,2013,2013-12-31,181897,6873,3,0.9987667798995972
NeuMF,2013,2013-12-31,181897,6016,4,0.9983280301094055
NeuMF,2013,2013-12-31,181897,1061,5,0.9982694387435913
NeuMF,2013,2013-12-31,181897,3252,6,0.9981971383094788
NeuMF,2013,2013-12-31,181897,71462,7,0.9981861710548401
NeuMF,2013,2013-12-31,181897,33679,8,0.998175859451294
NeuMF,2013,2013-12-31,181897,5989,9,0.9980865716934204
NeuMF,2013,2013-12-31,181897,1672,10,0.9980827569961548
NeuMF,2013,2013-12-31,182137,44555,1,0.999861478805542
NeuMF,2013,2013-12-31,182137,91622,2,0.9998421669006348
NeuMF,2013,2013-12-31,182137,60333,3,0.9995670914649963
NeuMF,2013,2013-12-31,182137,66371,4,0.9994741082191467
NeuMF,2013,2013-12-31,182137,55069,5,0.9993956089019775
NeuMF,2013,2013-12-31,182137,58425,6,0.9992276430130005
NeuMF,2013,2013-12-31,182137,6542,7,0.9986553192138672
NeuMF,2013,2013-12-31,182137,8684,8,0.9986422657966614
NeuMF,2013,2013-12-31,182137,4973,9,0.9980079531669617
NeuMF,2013,2013-12-31,182137,6016,10,0.9975437521934509
NeuMF,2013,2013-12-31,182293,2396,1,0.998772919178009
NeuMF,2013,2013-12-31,182293,6711,2,0.9986513257026672
NeuMF,2013,2013-12-31,182293,7361,3,0.9985969662666321
NeuMF,2013,2013-12-31,182293,81845,4,0.9983707070350647
NeuMF,2013,2013-12-31,182293,60684,5,0.9977808594703674
NeuMF,2013,2013-12-31,182293,89745,6,0.9974127411842346
NeuMF,2013,2013-12-31,182293,59315,7,0.9971683621406555
NeuMF,2013,2013-12-31,182293,2692,8,0.9970664381980896
NeuMF,2013,2013-12-31,182293,44191,9,0.9970141649246216
NeuMF,2013,2013-12-31,182293,4014,10,0.9968083500862122
NeuMF,2013,2013-12-31,182783,2701,1,0.9982532858848572
NeuMF,2013,2013-12-31,182783,3033,2,0.9972564578056335
NeuMF,2013,2013-12-31,182783,2021,3,0.9971434473991394
NeuMF,2013,2013-12-31,182783,317,4,0.9969847798347473
NeuMF,2013,2013-12-31,182783,160,5,0.996303915977478
NeuMF,2013,2013-12-31,182783,69436,6,0.995831310749054
NeuMF,2013,2013-12-31,182783,1690,7,0.9952433705329895
NeuMF,2013,2013-12-31,182783,10,8,0.9947385191917419
NeuMF,2013,2013-12-31,182783,57640,9,0.9946619868278503
NeuMF,2013,2013-12-31,182783,56145,10,0.994120180606842
NeuMF,2013,2013-12-31,182827,80549,1,0.9996479749679565
NeuMF,2013,2013-12-31,182827,3565,2,0.9995610117912292
NeuMF,2013,2013-12-31,182827,3952,3,0.9994743466377258
NeuMF,2013,2013-12-31,182827,3784,4,0.9993686079978943
NeuMF,2013,2013-12-31,182827,5791,5,0.9992178678512573
NeuMF,2013,2013-12-31,182827,78574,6,0.9989113807678223
NeuMF,2013,2013-12-31,182827,72011,7,0.9986754059791565
NeuMF,2013,2013-12-31,182827,86833,8,0.9984052777290344
NeuMF,2013,2013-12-31,182827,80551,9,0.9983916878700256
NeuMF,2013,2013-12-31,182827,74450,10,0.9982131719589233
NeuMF,2013,2013-12-31,182850,1961,1,0.9976224303245544
NeuMF,2013,2013-12-31,182850,750,2,0.9966756105422974
NeuMF,2013,2013-12-31,182850,8636,3,0.996673583984375
NeuMF,2013,2013-12-31,182850,1206,4,0.9964962601661682
NeuMF,2013,2013-12-31,182850,6870,5,0.9961993098258972
NeuMF,2013,2013-12-31,182850,296,6,0.9956638216972351
NeuMF,2013,2013-12-31,182850,5956,7,0.9954745173454285
NeuMF,2013,2013-12-31,182850,6502,8,0.9953920841217041
NeuMF,2013,2013-12-31,182850,1732,9,0.9947236776351929
NeuMF,2013,2013-12-31,182850,7143,10,0.9945355653762817
NeuMF,2013,2013-12-31,182901,4967,1,0.9997014403343201
NeuMF,2013,2013-12-31,182901,47,2,0.9989173412322998
NeuMF,2013,2013-12-31,182901,2360,3,0.9989044666290283
NeuMF,2013,2013-12-31,182901,4878,4,0.9987327456474304
NeuMF,2013,2013-12-31,182901,30803,5,0.9986608028411865
NeuMF,2013,2013-12-31,182901,48774,6,0.9983158111572266
NeuMF,2013,2013-12-31,182901,213,7,0.9981932044029236
NeuMF,2013,2013-12-31,182901,55820,8,0.9981861710548401
NeuMF,2013,2013-12-31,182901,1653,9,0.9981415271759033
NeuMF,2013,2013-12-31,182901,3083,10,0.9979491829872131
NeuMF,2013,2013-12-31,183349,3546,1,0.9997668862342834
NeuMF,2013,2013-12-31,183349,62293,2,0.9994669556617737
NeuMF,2013,2013-12-31,183349,8772,3,0.9992961883544922
NeuMF,2013,2013-12-31,183349,2917,4,0.9990072846412659
NeuMF,2013,2013-12-31,183349,49824,5,0.9989375472068787
NeuMF,2013,2013-12-31,183349,2239,6,0.9985942244529724
NeuMF,2013,2013-12-31,183349,926,7,0.9982341527938843
NeuMF,2013,2013-12-31,183349,8492,8,0.9973270893096924
NeuMF,2013,2013-12-31,183349,2852,9,0.9972532391548157
NeuMF,2013,2013-12-31,183349,2967,10,0.9972169399261475
NeuMF,2013,2013-12-31,183397,1135,1,0.9999070167541504
NeuMF,2013,2013-12-31,183397,157,2,0.9998465776443481
NeuMF,2013,2013-12-31,183397,1257,3,0.9992153644561768
NeuMF,2013,2013-12-31,183397,2134,4,0.9990969896316528
NeuMF,2013,2013-12-31,183397,54732,5,0.9990496039390564
NeuMF,2013,2013-12-31,183397,1231,6,0.9986007809638977
NeuMF,2013,2013-12-31,183397,1270,7,0.9983565211296082
NeuMF,2013,2013-12-31,183397,2144,8,0.9981366395950317
NeuMF,2013,2013-12-31,183397,1485,9,0.998083233833313
NeuMF,2013,2013-12-31,183397,1288,10,0.9980529546737671
NeuMF,2013,2013-12-31,183441,73266,1,0.9990150928497314
NeuMF,2013,2013-12-31,183441,63131,2,0.9988420605659485
NeuMF,2013,2013-12-31,183441,356,3,0.9983301758766174
NeuMF,2013,2013-12-31,183441,216,4,0.9983048439025879
NeuMF,2013,2013-12-31,183441,86290,5,0.9981086254119873
NeuMF,2013,2013-12-31,183441,72226,6,0.9979516863822937
NeuMF,2013,2013-12-31,183441,54503,7,0.9978806972503662
NeuMF,2013,2013-12-31,183441,3949,8,0.99785977602005
NeuMF,2013,2013-12-31,183441,4979,9,0.9976649284362793
NeuMF,2013,2013-12-31,183441,2105,10,0.9972612857818604
NeuMF,2013,2013-12-31,183514,54259,1,0.999886155128479
NeuMF,2013,2013-12-31,183514,70286,2,0.999862551689148
NeuMF,2013,2013-12-31,183514,76093,3,0.9998180270195007
NeuMF,2013,2013-12-31,183514,89745,4,0.9997404217720032
NeuMF,2013,2013-12-31,183514,71535,5,0.9996674060821533
NeuMF,2013,2013-12-31,183514,76251,6,0.9993430972099304
NeuMF,2013,2013-12-31,183514,55908,7,0.9992744326591492
NeuMF,2013,2013-12-31,183514,60040,8,0.999171257019043
NeuMF,2013,2013-12-31,183514,59784,9,0.9990002512931824
NeuMF,2013,2013-12-31,183514,58025,10,0.9989587068557739
NeuMF,2013,2013-12-31,183771,4292,1,0.9984129667282104
NeuMF,2013,2013-12-31,183771,7364,2,0.9976630210876465
NeuMF,2013,2013-12-31,183771,455,3,0.997014045715332
NeuMF,2013,2013-12-31,183771,1417,4,0.9965144991874695
NeuMF,2013,2013-12-31,183771,5450,5,0.9948776960372925
NeuMF,2013,2013-12-31,183771,2348,6,0.9940808415412903
NeuMF,2013,2013-12-31,183771,5847,7,0.9940423369407654
NeuMF,2013,2013-12-31,183771,3494,8,0.9938389658927917
NeuMF,2013,2013-12-31,183771,4316,9,0.9931943416595459
NeuMF,2013,2013-12-31,183771,5451,10,0.9930756092071533
NeuMF,2013,2013-12-31,183890,48394,1,0.9999380111694336
NeuMF,2013,2013-12-31,183890,5903,2,0.9998452663421631
NeuMF,2013,2013-12-31,183890,36529,3,0.9993153810501099
NeuMF,2013,2013-12-31,183890,4226,4,0.9992532134056091
NeuMF,2013,2013-12-31,183890,6016,5,0.9992197751998901
NeuMF,2013,2013-12-31,183890,81845,6,0.998958945274353
NeuMF,2013,2013-12-31,183890,30749,7,0.9987964630126953
NeuMF,2013,2013-12-31,183890,54001,8,0.998691976070404
NeuMF,2013,2013-12-31,183890,8970,9,0.9983468055725098
NeuMF,2013,2013-12-31,183890,5618,10,0.9983453750610352
NeuMF,2013,2013-12-31,183941,2467,1,0.9993270635604858
NeuMF,2013,2013-12-31,183941,5147,2,0.9986431002616882
NeuMF,2013,2013-12-31,183941,3683,3,0.9984690546989441
NeuMF,2013,2013-12-31,183941,5288,4,0.9978766441345215
NeuMF,2013,2013-12-31,183941,5404,5,0.9977102279663086
NeuMF,2013,2013-12-31,183941,3342,6,0.9974874258041382
NeuMF,2013,2013-12-31,183941,55269,7,0.9974387884140015
NeuMF,2013,2013-12-31,183941,58306,8,0.9969127178192139
NeuMF,2013,2013-12-31,183941,534,9,0.9969013929367065
NeuMF,2013,2013-12-31,183941,3108,10,0.9968536496162415
NeuMF,2013,2013-12-31,184219,56152,1,0.9999595880508423
NeuMF,2013,2013-12-31,184219,63082,2,0.9998766183853149
NeuMF,2013,2013-12-31,184219,59315,3,0.9997342228889465
NeuMF,2013,2013-12-31,184219,53123,4,0.9996774196624756
NeuMF,2013,2013-12-31,184219,58559,5,0.9996651411056519
NeuMF,2013,2013-12-31,184219,4993,6,0.9996140599250793
NeuMF,2013,2013-12-31,184219,60950,7,0.9995137453079224
NeuMF,2013,2013-12-31,184219,54190,8,0.9993584752082825
NeuMF,2013,2013-12-31,184219,58047,9,0.9993284940719604
NeuMF,2013,2013-12-31,184219,4973,10,0.9991356730461121
NeuMF,2013,2013-12-31,184264,45668,1,0.999883770942688
NeuMF,2013,2013-12-31,184264,89904,2,0.9998507499694824
NeuMF,2013,2013-12-31,184264,5570,3,0.9997221827507019
NeuMF,2013,2013-12-31,184264,63082,4,0.9996272325515747
NeuMF,2013,2013-12-31,184264,88179,5,0.9996165037155151
NeuMF,2013,2013-12-31,184264,8254,6,0.9995456337928772
NeuMF,2013,2013-12-31,184264,5613,7,0.9993767142295837
NeuMF,2013,2013-12-31,184264,6370,8,0.9993242025375366
NeuMF,2013,2013-12-31,184264,86882,9,0.9992963075637817
NeuMF,2013,2013-12-31,184264,70183,10,0.9991833567619324
NeuMF,2013,2013-12-31,184479,8620,1,0.9998396635055542
NeuMF,2013,2013-12-31,184479,26082,2,0.999710738658905
NeuMF,2013,2013-12-31,184479,3030,3,0.9994900226593018
NeuMF,2013,2013-12-31,184479,6790,4,0.9991466999053955
NeuMF,2013,2013-12-31,184479,5498,5,0.9990491271018982
NeuMF,2013,2013-12-31,184479,6987,6,0.9989722967147827
NeuMF,2013,2013-12-31,184479,27741,7,0.9986091256141663
NeuMF,2013,2013-12-31,184479,6270,8,0.9984672665596008
NeuMF,2013,2013-12-31,184479,5304,9,0.9984452128410339
NeuMF,2013,2013-12-31,184479,7577,10,0.9981338381767273
NeuMF,2013,2013-12-31,184503,7766,1,0.9997667670249939
NeuMF,2013,2013-12-31,184503,4809,2,0.9997585415840149
NeuMF,2013,2013-12-31,184503,8228,3,0.9995513558387756
NeuMF,2013,2013-12-31,184503,3310,4,0.99924635887146
NeuMF,2013,2013-12-31,184503,5385,5,0.9981953501701355
NeuMF,2013,2013-12-31,184503,922,6,0.9980524778366089
NeuMF,2013,2013-12-31,184503,495,7,0.9980265498161316
NeuMF,2013,2013-12-31,184503,1248,8,0.9979144930839539
NeuMF,2013,2013-12-31,184503,2757,9,0.9978910088539124
NeuMF,2013,2013-12-31,184503,909,10,0.9973383545875549
NeuMF,2013,2013-12-31,185020,4881,1,0.999424934387207
NeuMF,2013,2013-12-31,185020,6538,2,0.9991772770881653
NeuMF,2013,2013-12-31,185020,5388,3,0.9984626770019531
NeuMF,2013,2013-12-31,185020,60950,4,0.998434841632843
NeuMF,2013,2013-12-31,185020,2391,5,0.9979269504547119
NeuMF,2013,2013-12-31,185020,1178,6,0.9977387189865112
NeuMF,2013,2013-12-31,185020,1730,7,0.9977092742919922
NeuMF,2013,2013-12-31,185020,6552,8,0.9975070357322693
NeuMF,2013,2013-12-31,185020,5391,9,0.9972375631332397
NeuMF,2013,2013-12-31,185020,55276,10,0.9970909357070923
NeuMF,2013,2013-12-31,185039,594,1,0.997706413269043
NeuMF,2013,2013-12-31,185039,2,2,0.997701108455658
NeuMF,2013,2013-12-31,185039,69844,3,0.997234046459198
NeuMF,2013,2013-12-31,185039,78105,4,0.996992826461792
NeuMF,2013,2013-12-31,185039,2792,5,0.996863842010498
NeuMF,2013,2013-12-31,185039,5418,6,0.9968386888504028
NeuMF,2013,2013-12-31,185039,81845,7,0.996626615524292
NeuMF,2013,2013-12-31,185039,1721,8,0.9963165521621704
NeuMF,2013,2013-12-31,185039,107,9,0.9963105320930481
NeuMF,2013,2013-12-31,185039,4857,10,0.9960601925849915
NeuMF,2013,2013-12-31,185072,51935,1,0.9998774528503418
NeuMF,2013,2013-12-31,185072,40278,2,0.9994112253189087
NeuMF,2013,2013-12-31,185072,27904,3,0.9994039535522461
NeuMF,2013,2013-12-31,185072,6283,4,0.9990190267562866
NeuMF,2013,2013-12-31,185072,49530,5,0.9986975193023682
NeuMF,2013,2013-12-31,185072,56174,6,0.9984980821609497
NeuMF,2013,2013-12-31,185072,47997,7,0.9983481168746948
NeuMF,2013,2013-12-31,185072,61132,8,0.9982413053512573
NeuMF,2013,2013-12-31,185072,6213,9,0.998236894607544
NeuMF,2013,2013-12-31,185072,6618,10,0.9981997013092041
NeuMF,2013,2013-12-31,185197,4878,1,0.9999896287918091
NeuMF,2013,2013-12-31,185197,7387,2,0.9999589920043945
NeuMF,2013,2013-12-31,185197,4262,3,0.9999383687973022
NeuMF,2013,2013-12-31,185197,1884,4,0.9999359846115112
NeuMF,2013,2013-12-31,185197,27773,5,0.9998227953910828
NeuMF,2013,2013-12-31,185197,6502,6,0.999761164188385
NeuMF,2013,2013-12-31,185197,6874,7,0.9996588230133057
NeuMF,2013,2013-12-31,185197,48385,8,0.9996566772460938
NeuMF,2013,2013-12-31,185197,1206,9,0.9995641112327576
NeuMF,2013,2013-12-31,185197,2959,10,0.9995608925819397
NeuMF,2013,2013-12-31,185366,61236,1,0.9999281167984009
NeuMF,2013,2013-12-31,185366,66097,2,0.9997366070747375
NeuMF,2013,2013-12-31,185366,61240,3,0.9997193217277527
NeuMF,2013,2013-12-31,185366,44191,4,0.9996786117553711
NeuMF,2013,2013-12-31,185366,71535,5,0.9996480941772461
NeuMF,2013,2013-12-31,185366,55908,6,0.9995018243789673
NeuMF,2013,2013-12-31,185366,52885,7,0.9994645714759827
NeuMF,2013,2013-12-31,185366,31658,8,0.999413013458252
NeuMF,2013,2013-12-31,185366,48394,9,0.9992454051971436
NeuMF,2013,2013-12-31,185366,80969,10,0.9991137385368347
NeuMF,2013,2013-12-31,185479,37731,1,0.9999876022338867
NeuMF,2013,2013-12-31,185479,31410,2,0.9996987581253052
NeuMF,2013,2013-12-31,185479,175,3,0.9995226860046387
NeuMF,2013,2013-12-31,185479,40583,4,0.9985262155532837
NeuMF,2013,2013-12-31,185479,34534,5,0.9984751343727112
NeuMF,2013,2013-12-31,185479,6502,6,0.9984130859375
NeuMF,2013,2013-12-31,185479,27773,7,0.9984081387519836
NeuMF,2013,2013-12-31,185479,8665,8,0.9983179569244385
NeuMF,2013,2013-12-31,185479,5608,9,0.9983000159263611
NeuMF,2013,2013-12-31,185479,40278,10,0.998261034488678
NeuMF,2013,2013-12-31,185486,61323,1,0.9997872710227966
NeuMF,2013,2013-12-31,185486,65261,2,0.999273955821991
NeuMF,2013,2013-12-31,185486,1732,3,0.999103307723999
NeuMF,2013,2013-12-31,185486,67997,4,0.9990641474723816
NeuMF,2013,2013-12-31,185486,58998,5,0.9989659786224365
NeuMF,2013,2013-12-31,185486,37955,6,0.9988999366760254
NeuMF,2013,2013-12-31,185486,56715,7,0.9987701773643494
NeuMF,2013,2013-12-31,185486,70286,8,0.998604953289032
NeuMF,2013,2013-12-31,185486,51255,9,0.9985890984535217
NeuMF,2013,2013-12-31,185486,8950,10,0.9982299208641052
NeuMF,2013,2013-12-31,186572,72226,1,0.9989683628082275
NeuMF,2013,2013-12-31,186572,69951,2,0.9978533387184143
NeuMF,2013,2013-12-31,186572,7099,3,0.9970555305480957
NeuMF,2013,2013-12-31,186572,5618,4,0.9965190887451172
NeuMF,2013,2013-12-31,186572,4973,5,0.9964354038238525
NeuMF,2013,2013-12-31,186572,2174,6,0.996224045753479
NeuMF,2013,2013-12-31,186572,1732,7,0.9961757659912109
NeuMF,2013,2013-12-31,186572,26662,8,0.9959047436714172
NeuMF,2013,2013-12-31,186572,1032,9,0.9957593083381653
NeuMF,2013,2013-12-31,186572,750,10,0.9952108263969421
NeuMF,2013,2013-12-31,186827,48774,1,0.9989527463912964
NeuMF,2013,2013-12-31,186827,7323,2,0.9981879591941833
NeuMF,2013,2013-12-31,186827,27834,3,0.9981474876403809
NeuMF,2013,2013-12-31,186827,5878,4,0.9980385899543762
NeuMF,2013,2013-12-31,186827,97,5,0.9980323910713196
NeuMF,2013,2013-12-31,186827,2076,6,0.9976330995559692
NeuMF,2013,2013-12-31,186827,5995,7,0.9971392154693604
NeuMF,2013,2013-12-31,186827,922,8,0.9970165491104126
NeuMF,2013,2013-12-31,186827,6953,9,0.9970134496688843
NeuMF,2013,2013-12-31,186827,194,10,0.9968001842498779
NeuMF,2013,2013-12-31,187070,2060,1,0.9991384744644165
NeuMF,2013,2013-12-31,187070,8917,2,0.9988977909088135
NeuMF,2013,2013-12-31,187070,1405,3,0.9988172054290771
NeuMF,2013,2013-12-31,187070,3213,4,0.9987051486968994
NeuMF,2013,2013-12-31,187070,4450,5,0.9985424280166626
NeuMF,2013,2013-12-31,187070,5618,6,0.9980214834213257
NeuMF,2013,2013-12-31,187070,3396,7,0.9978322386741638
NeuMF,2013,2013-12-31,187070,203,8,0.9978278279304504
NeuMF,2013,2013-12-31,187070,71057,9,0.9977598190307617
NeuMF,2013,2013-12-31,187070,79702,10,0.9975455403327942
NeuMF,2013,2013-12-31,187110,89745,1,0.9996209144592285
NeuMF,2013,2013-12-31,187110,78499,2,0.9994627833366394
NeuMF,2013,2013-12-31,187110,81845,3,0.9991926550865173
NeuMF,2013,2013-12-31,187110,2378,4,0.9991260170936584
NeuMF,2013,2013-12-31,187110,91630,5,0.9989884495735168
NeuMF,2013,2013-12-31,187110,81562,6,0.9989272952079773
NeuMF,2013,2013-12-31,187110,76093,7,0.997410237789154
NeuMF,2013,2013-12-31,187110,79132,8,0.9973535537719727
NeuMF,2013,2013-12-31,187110,2949,9,0.99722820520401
NeuMF,2013,2013-12-31,187110,1036,10,0.9969070553779602
NeuMF,2013,2013-12-31,187213,2315,1,0.999997615814209
NeuMF,2013,2013-12-31,187213,40732,2,0.9998242259025574
NeuMF,2013,2013-12-31,187213,2483,3,0.9992853999137878
NeuMF,2013,2013-12-31,187213,52666,4,0.9991685152053833
NeuMF,2013,2013-12-31,187213,8917,5,0.9990648627281189
NeuMF,2013,2013-12-31,187213,85412,6,0.9980446100234985
NeuMF,2013,2013-12-31,187213,2117,7,0.9977850914001465
NeuMF,2013,2013-12-31,187213,4251,8,0.9975318908691406
NeuMF,2013,2013-12-31,187213,5489,9,0.9974073767662048
NeuMF,2013,2013-12-31,187213,4262,10,0.9972944855690002
NeuMF,2013,2013-12-31,188439,76251,1,0.999152421951294
NeuMF,2013,2013-12-31,188439,6104,2,0.9984138011932373
NeuMF,2013,2013-12-31,188439,8340,3,0.9981162548065186
NeuMF,2013,2013-12-31,188439,3508,4,0.9979493021965027
NeuMF,2013,2013-12-31,188439,1209,5,0.9973963499069214
NeuMF,2013,2013-12-31,188439,1220,6,0.9970157146453857
NeuMF,2013,2013-12-31,188439,1288,7,0.9967972636222839
NeuMF,2013,2013-12-31,188439,5292,8,0.996787428855896
NeuMF,2013,2013-12-31,188439,2843,9,0.9965680837631226
NeuMF,2013,2013-12-31,188439,7076,10,0.9964061379432678
NeuMF,2013,2013-12-31,188777,3152,1,0.9994267225265503
NeuMF,2013,2013-12-31,188777,3135,2,0.9985266923904419
NeuMF,2013,2013-12-31,188777,971,3,0.9978117346763611
NeuMF,2013,2013-12-31,188777,2310,4,0.9973945617675781
NeuMF,2013,2013-12-31,188777,74510,5,0.9971143007278442
NeuMF,2013,2013-12-31,188777,3537,6,0.99702388048172
NeuMF,2013,2013-12-31,188777,8493,7,0.9969547986984253
NeuMF,2013,2013-12-31,188777,6992,8,0.996929943561554
NeuMF,2013,2013-12-31,188777,4644,9,0.9965876340866089
NeuMF,2013,2013-12-31,188777,89085,10,0.9965308308601379
NeuMF,2013,2013-12-31,189107,31410,1,0.9996058344841003
NeuMF,2013,2013-12-31,189107,6502,2,0.9991746544837952
NeuMF,2013,2013-12-31,189107,68791,3,0.9991700649261475
NeuMF,2013,2013-12-31,189107,64285,4,0.9988547563552856
NeuMF,2013,2013-12-31,189107,1241,5,0.9987207055091858
NeuMF,2013,2013-12-31,189107,6987,6,0.9986440539360046
NeuMF,2013,2013-12-31,189107,26152,7,0.9985918402671814
NeuMF,2013,2013-12-31,189107,93838,8,0.9984217882156372
NeuMF,2013,2013-12-31,189107,61132,9,0.9980042576789856
NeuMF,2013,2013-12-31,189107,1884,10,0.9978158473968506
NeuMF,2013,2013-12-31,189358,1234,1,0.9997565150260925
NeuMF,2013,2013-12-31,189358,63082,2,0.9997498393058777
NeuMF,2013,2013-12-31,189358,1247,3,0.9992380142211914
NeuMF,2013,2013-12-31,189358,1307,4,0.9991446733474731
NeuMF,2013,2013-12-31,189358,1244,5,0.9991416931152344
NeuMF,2013,2013-12-31,189358,1207,6,0.9990302324295044
NeuMF,2013,2013-12-31,189358,1193,7,0.998846173286438
NeuMF,2013,2013-12-31,189358,2917,8,0.9985074400901794
NeuMF,2013,2013-12-31,189358,1198,9,0.9983628392219543
NeuMF,2013,2013-12-31,189358,1265,10,0.9982981085777283
NeuMF,2013,2013-12-31,189385,60950,1,0.9995874762535095
NeuMF,2013,2013-12-31,189385,54503,2,0.9993859529495239
NeuMF,2013,2013-12-31,189385,1884,3,0.9988301396369934
NeuMF,2013,2013-12-31,189385,7123,4,0.9986883997917175
NeuMF,2013,2013-12-31,189385,6870,5,0.9986730813980103
NeuMF,2013,2013-12-31,189385,4848,6,0.9984514713287354
NeuMF,2013,2013-12-31,189385,48385,7,0.9983183145523071
NeuMF,2013,2013-12-31,189385,5954,8,0.9981738328933716
NeuMF,2013,2013-12-31,189385,71464,9,0.9978006482124329
NeuMF,2013,2013-12-31,189385,8949,10,0.9976174235343933
NeuMF,2013,2013-12-31,189429,71535,1,0.9994951486587524
NeuMF,2013,2013-12-31,189429,8874,2,0.9991877675056458
NeuMF,2013,2013-12-31,189429,49272,3,0.998606264591217
NeuMF,2013,2013-12-31,189429,47,4,0.9983830451965332
NeuMF,2013,2013-12-31,189429,2003,5,0.9982782602310181
NeuMF,2013,2013-12-31,189429,40815,6,0.9980353713035583
NeuMF,2013,2013-12-31,189429,2858,7,0.9978755712509155
NeuMF,2013,2013-12-31,189429,541,8,0.9977085590362549
NeuMF,2013,2013-12-31,189429,5418,9,0.99695885181427
NeuMF,2013,2013-12-31,189429,4306,10,0.9963937401771545
NeuMF,2013,2013-12-31,189561,2792,1,0.9982037544250488
NeuMF,2013,2013-12-31,189561,4066,2,0.9982030391693115
NeuMF,2013,2013-12-31,189561,62434,3,0.9980334639549255
NeuMF,2013,2013-12-31,189561,81229,4,0.9978988170623779
NeuMF,2013,2013-12-31,189561,101,5,0.9971838593482971
NeuMF,2013,2013-12-31,189561,5945,6,0.9964296221733093
NeuMF,2013,2013-12-31,189561,47640,7,0.9961244463920593
NeuMF,2013,2013-12-31,189561,40819,8,0.9957323670387268
NeuMF,2013,2013-12-31,189561,95167,9,0.9950264096260071
NeuMF,2013,2013-12-31,189561,8972,10,0.994825005531311
NeuMF,2013,2013-12-31,189665,72605,1,0.9999773502349854
NeuMF,2013,2013-12-31,189665,347,2,0.9999750852584839
NeuMF,2013,2013-12-31,189665,49961,3,0.9999470710754395
NeuMF,2013,2013-12-31,189665,52604,4,0.999936580657959
NeuMF,2013,2013-12-31,189665,69712,5,0.9998051524162292
NeuMF,2013,2013-12-31,189665,77843,6,0.9997108578681946
NeuMF,2013,2013-12-31,189665,33171,7,0.9996664524078369
NeuMF,2013,2013-12-31,189665,74156,8,0.9996522665023804
NeuMF,2013,2013-12-31,189665,6975,9,0.9996159076690674
NeuMF,2013,2013-12-31,189665,45382,10,0.9995121955871582
NeuMF,2013,2013-12-31,189763,6370,1,0.9999319314956665
NeuMF,2013,2013-12-31,189763,53123,2,0.9998540878295898
NeuMF,2013,2013-12-31,189763,3677,3,0.9998520612716675
NeuMF,2013,2013-12-31,189763,52042,4,0.9994803071022034
NeuMF,2013,2013-12-31,189763,55444,5,0.999398946762085
NeuMF,2013,2013-12-31,189763,2843,6,0.999321460723877
NeuMF,2013,2013-12-31,189763,59018,7,0.9989174604415894
NeuMF,2013,2013-12-31,189763,80463,8,0.9987057447433472
NeuMF,2013,2013-12-31,189763,59141,9,0.9984830021858215
NeuMF,2013,2013-12-31,189763,6954,10,0.997974693775177
NeuMF,2013,2013-12-31,189899,6974,1,0.999550998210907
NeuMF,2013,2013-12-31,189899,4795,2,0.9993587136268616
NeuMF,2013,2013-12-31,189899,4705,3,0.999072790145874
NeuMF,2013,2013-12-31,189899,6743,4,0.9989056587219238
NeuMF,2013,2013-12-31,189899,8492,5,0.9988372921943665
NeuMF,2013,2013-12-31,189899,4467,6,0.9986162185668945
NeuMF,2013,2013-12-31,189899,5500,7,0.9985260367393494
NeuMF,2013,2013-12-31,189899,7075,8,0.9985026121139526
NeuMF,2013,2013-12-31,189899,3435,9,0.9983242154121399
NeuMF,2013,2013-12-31,189899,6724,10,0.9982319474220276
NeuMF,2013,2013-12-31,190262,2803,1,0.9994207620620728
NeuMF,2013,2013-12-31,190262,4022,2,0.9993240833282471
NeuMF,2013,2013-12-31,190262,1090,3,0.9991822838783264
NeuMF,2013,2013-12-31,190262,1246,4,0.9990321397781372
NeuMF,2013,2013-12-31,190262,4995,5,0.9989715814590454
NeuMF,2013,2013-12-31,190262,1370,6,0.9989608526229858
NeuMF,2013,2013-12-31,190262,1625,7,0.9986270666122437
NeuMF,2013,2013-12-31,190262,1208,8,0.9986215829849243
NeuMF,2013,2013-12-31,190262,474,9,0.9985501170158386
NeuMF,2013,2013-12-31,190262,5418,10,0.9985308647155762
NeuMF,2013,2013-12-31,190293,72998,1,0.9994774460792542
NeuMF,2013,2013-12-31,190293,97752,2,0.9994051456451416
NeuMF,2013,2013-12-31,190293,95167,3,0.999108612537384
NeuMF,2013,2013-12-31,190293,76251,4,0.9985731840133667
NeuMF,2013,2013-12-31,190293,80463,5,0.9983413219451904
NeuMF,2013,2013-12-31,190293,76093,6,0.9983038902282715
NeuMF,2013,2013-12-31,190293,89745,7,0.9978512525558472
NeuMF,2013,2013-12-31,190293,1274,8,0.9978241920471191
NeuMF,2013,2013-12-31,190293,1479,9,0.9978194236755371
NeuMF,2013,2013-12-31,190293,2959,10,0.9978039860725403
NeuMF,2013,2013-12-31,190327,72011,1,0.9999845027923584
NeuMF,2013,2013-12-31,190327,72998,2,0.999953031539917
NeuMF,2013,2013-12-31,190327,63082,3,0.9999518394470215
NeuMF,2013,2013-12-31,190327,64614,4,0.9999498128890991
NeuMF,2013,2013-12-31,190327,69122,5,0.999934196472168
NeuMF,2013,2013-12-31,190327,72226,6,0.9999146461486816
NeuMF,2013,2013-12-31,190327,84392,7,0.9998841285705566
NeuMF,2013,2013-12-31,190327,89745,8,0.9998809099197388
NeuMF,2013,2013-12-31,190327,90439,9,0.9998440742492676
NeuMF,2013,2013-12-31,190327,77561,10,0.9998400211334229
NeuMF,2013,2013-12-31,191122,73321,1,0.9998513460159302
NeuMF,2013,2013-12-31,191122,78105,2,0.9998350143432617
NeuMF,2013,2013-12-31,191122,87232,3,0.999775230884552
NeuMF,2013,2013-12-31,191122,86298,4,0.9991368651390076
NeuMF,2013,2013-12-31,191122,58297,5,0.9989457726478577
NeuMF,2013,2013-12-31,191122,73268,6,0.9988911747932434
NeuMF,2013,2013-12-31,191122,42718,7,0.9987597465515137
NeuMF,2013,2013-12-31,191122,87430,8,0.9987353682518005
NeuMF,2013,2013-12-31,191122,76175,9,0.99858558177948
NeuMF,2013,2013-12-31,191122,91976,10,0.9985201954841614
NeuMF,2013,2013-12-31,191441,52328,1,0.9999817609786987
NeuMF,2013,2013-12-31,191441,54771,2,0.9998389482498169
NeuMF,2013,2013-12-31,191441,53996,3,0.9998224377632141
NeuMF,2013,2013-12-31,191441,5608,4,0.9997134804725647
NeuMF,2013,2013-12-31,191441,4995,5,0.9990788698196411
NeuMF,2013,2013-12-31,191441,3949,6,0.9988728165626526
NeuMF,2013,2013-12-31,191441,4306,7,0.998786985874176
NeuMF,2013,2013-12-31,191441,38061,8,0.99868243932724
NeuMF,2013,2013-12-31,191441,54001,9,0.9986093044281006
NeuMF,2013,2013-12-31,191441,5219,10,0.9984593391418457
NeuMF,2013,2013-12-31,191670,5952,1,0.9990517497062683
NeuMF,2013,2013-12-31,191670,30810,2,0.9988572597503662
NeuMF,2013,2013-12-31,191670,8950,3,0.9987989664077759
NeuMF,2013,2013-12-31,191670,32587,4,0.9987384676933289
NeuMF,2013,2013-12-31,191670,2594,5,0.9986625909805298
NeuMF,2013,2013-12-31,191670,4973,6,0.9985029697418213
NeuMF,2013,2013-12-31,191670,6874,7,0.9984317421913147
NeuMF,2013,2013-12-31,191670,4546,8,0.9984020590782166
NeuMF,2013,2013-12-31,191670,5570,9,0.9981720447540283
NeuMF,2013,2013-12-31,191670,6934,10,0.9981252551078796
NeuMF,2013,2013-12-31,191845,8199,1,0.9998723268508911
NeuMF,2013,2013-12-31,191845,7941,2,0.9997182488441467
NeuMF,2013,2013-12-31,191845,6773,3,0.9996720552444458
NeuMF,2013,2013-12-31,191845,8638,4,0.9996507167816162
NeuMF,2013,2013-12-31,191845,27741,5,0.9994645714759827
NeuMF,2013,2013-12-31,191845,6385,6,0.99937504529953
NeuMF,2013,2013-12-31,191845,52042,7,0.999258816242218
NeuMF,2013,2013-12-31,191845,48394,8,0.9992464780807495
NeuMF,2013,2013-12-31,191845,55069,9,0.9992110729217529
NeuMF,2013,2013-12-31,191845,6377,10,0.9990015625953674
NeuMF,2013,2013-12-31,192366,7153,1,0.9994983673095703
NeuMF,2013,2013-12-31,192366,69306,2,0.9993091821670532
NeuMF,2013,2013-12-31,192366,3147,3,0.9986452460289001
NeuMF,2013,2013-12-31,192366,2471,4,0.99826979637146
NeuMF,2013,2013-12-31,192366,79224,5,0.9977405071258545
NeuMF,2013,2013-12-31,192366,6550,6,0.9976624250411987
NeuMF,2013,2013-12-31,192366,74458,7,0.9974229335784912
NeuMF,2013,2013-12-31,192366,72998,8,0.997312068939209
NeuMF,2013,2013-12-31,192366,2959,9,0.9967081546783447
NeuMF,2013,2013-12-31,192366,60069,10,0.9965332746505737
NeuMF,2013,2013-12-31,192955,79132,1,0.9998592138290405
NeuMF,2013,2013-12-31,192955,59315,2,0.9998306035995483
NeuMF,2013,2013-12-31,192955,81845,3,0.9998266100883484
NeuMF,2013,2013-12-31,192955,69122,4,0.9998118281364441
NeuMF,2013,2013-12-31,192955,69481,5,0.9997743964195251
NeuMF,2013,2013-12-31,192955,76251,6,0.9996498823165894
NeuMF,2013,2013-12-31,192955,64614,7,0.9996330738067627
NeuMF,2013,2013-12-31,192955,58559,8,0.999626874923706
NeuMF,2013,2013-12-31,192955,80906,9,0.9995381832122803
NeuMF,2013,2013-12-31,192955,63082,10,0.9994457364082336
NeuMF,2013,2013-12-31,193143,2379,1,0.9995811581611633
NeuMF,2013,2013-12-31,193143,1772,2,0.9991722106933594
NeuMF,2013,2013-12-31,193143,3868,3,0.9989388585090637
NeuMF,2013,2013-12-31,193143,2136,4,0.9988592863082886
NeuMF,2013,2013-12-31,193143,3450,5,0.9985426664352417
NeuMF,2013,2013-12-31,193143,2378,6,0.9984338879585266
NeuMF,2013,2013-12-31,193143,1262,7,0.9984192848205566
NeuMF,2013,2013-12-31,193143,6663,8,0.9984111785888672
NeuMF,2013,2013-12-31,193143,3869,9,0.9982767105102539
NeuMF,2013,2013-12-31,193143,4679,10,0.9980714917182922
NeuMF,2013,2013-12-31,193210,80463,1,0.9999985694885254
NeuMF,2013,2013-12-31,193210,90376,2,0.9999793767929077
NeuMF,2013,2013-12-31,193210,74458,3,0.9999731779098511
NeuMF,2013,2013-12-31,193210,82459,4,0.9999570846557617
NeuMF,2013,2013-12-31,193210,87232,5,0.9999558925628662
NeuMF,2013,2013-12-31,193210,91529,6,0.9999556541442871
NeuMF,2013,2013-12-31,193210,72011,7,0.999950647354126
NeuMF,2013,2013-12-31,193210,87234,8,0.9999455213546753
NeuMF,2013,2013-12-31,193210,76251,9,0.9999383687973022
NeuMF,2013,2013-12-31,193210,91077,10,0.9999045133590698
NeuMF,2013,2013-12-31,193248,322,1,0.9992741942405701
NeuMF,2013,2013-12-31,193248,2983,2,0.9987878203392029
NeuMF,2013,2013-12-31,193248,6997,3,0.9983610510826111
NeuMF,2013,2013-12-31,193248,7018,4,0.9983012676239014
NeuMF,2013,2013-12-31,193248,431,5,0.9980047345161438
NeuMF,2013,2013-12-31,193248,1912,6,0.9978972673416138
NeuMF,2013,2013-12-31,193248,45028,7,0.9978019595146179
NeuMF,2013,2013-12-31,193248,6617,8,0.997724711894989
NeuMF,2013,2013-12-31,193248,3684,9,0.9973464012145996
NeuMF,2013,2013-12-31,193248,6764,10,0.9972387552261353
NeuMF,2013,2013-12-31,193485,56367,1,0.9972629547119141
NeuMF,2013,2013-12-31,193485,58803,2,0.9965646862983704
NeuMF,2013,2013-12-31,193485,51084,3,0.995846688747406
NeuMF,2013,2013-12-31,193485,4226,4,0.9948495030403137
NeuMF,2013,2013-12-31,193485,2959,5,0.9948462247848511
NeuMF,2013,2013-12-31,193485,780,6,0.9944790601730347
NeuMF,2013,2013-12-31,193485,1198,7,0.993950605392456
NeuMF,2013,2013-12-31,193485,70183,8,0.9936324954032898
NeuMF,2013,2013-12-31,193485,2571,9,0.9935030341148376
NeuMF,2013,2013-12-31,193485,53125,10,0.9930805563926697
NeuMF,2013,2013-12-31,193536,78469,1,0.9998513460159302
NeuMF,2013,2013-12-31,193536,59784,2,0.9994057416915894
NeuMF,2013,2013-12-31,193536,57640,3,0.9992799162864685
NeuMF,2013,2013-12-31,193536,51255,4,0.9992364645004272
NeuMF,2013,2013-12-31,193536,3972,5,0.9991969466209412
NeuMF,2013,2013-12-31,193536,58559,6,0.9990779161453247
NeuMF,2013,2013-12-31,193536,31878,7,0.9986336827278137
NeuMF,2013,2013-12-31,193536,58295,8,0.9985686540603638
NeuMF,2013,2013-12-31,193536,68791,9,0.9985007047653198
NeuMF,2013,2013-12-31,193536,3868,10,0.9984862208366394
NeuMF,2013,2013-12-31,193539,53996,1,0.9993249177932739
NeuMF,2013,2013-12-31,193539,110,2,0.9984654188156128
NeuMF,2013,2013-12-31,193539,87306,3,0.9983360171318054
NeuMF,2013,2013-12-31,193539,64614,4,0.9981237053871155
NeuMF,2013,2013-12-31,193539,474,5,0.997721254825592
NeuMF,2013,2013-12-31,193539,50,6,0.9975799322128296
NeuMF,2013,2013-12-31,193539,356,7,0.9972712397575378
NeuMF,2013,2013-12-31,193539,72011,8,0.9972129464149475
NeuMF,2013,2013-12-31,193539,58559,9,0.9971356391906738
NeuMF,2013,2013-12-31,193539,45928,10,0.9970880150794983
NeuMF,2013,2013-12-31,193945,58559,1,0.9997259974479675
NeuMF,2013,2013-12-31,193945,4022,2,0.9988585710525513
NeuMF,2013,2013-12-31,193945,33794,3,0.998297393321991
NeuMF,2013,2013-12-31,193945,5989,4,0.9982249140739441
NeuMF,2013,2013-12-31,193945,7361,5,0.997506320476532
NeuMF,2013,2013-12-31,193945,49272,6,0.997221827507019
NeuMF,2013,2013-12-31,193945,4226,7,0.9968611001968384
NeuMF,2013,2013-12-31,193945,72998,8,0.9967597126960754
NeuMF,2013,2013-12-31,193945,5445,9,0.9965575933456421
NeuMF,2013,2013-12-31,193945,50,10,0.9964536428451538
NeuMF,2013,2013-12-31,194165,49272,1,0.9998170733451843
NeuMF,2013,2013-12-31,194165,51255,2,0.9998151659965515
NeuMF,2013,2013-12-31,194165,68358,3,0.9998138546943665
NeuMF,2013,2013-12-31,194165,66097,4,0.999728262424469
NeuMF,2013,2013-12-31,194165,74789,5,0.999535083770752
NeuMF,2013,2013-12-31,194165,56367,6,0.9994862079620361
NeuMF,2013,2013-12-31,194165,44191,7,0.9994454979896545
NeuMF,2013,2013-12-31,194165,69844,8,0.999388575553894
NeuMF,2013,2013-12-31,194165,71057,9,0.9991735816001892
NeuMF,2013,2013-12-31,194165,55820,10,0.9991223216056824
NeuMF,2013,2013-12-31,194431,1201,1,0.999123752117157
NeuMF,2013,2013-12-31,194431,5026,2,0.9988874793052673
NeuMF,2013,2013-12-31,194431,2826,3,0.9988622665405273
NeuMF,2013,2013-12-31,194431,89745,4,0.9988601207733154
NeuMF,2013,2013-12-31,194431,3681,5,0.9987755417823792
NeuMF,2013,2013-12-31,194431,64614,6,0.9987358450889587
NeuMF,2013,2013-12-31,194431,3984,7,0.9987173080444336
NeuMF,2013,2013-12-31,194431,3740,8,0.9985877275466919
NeuMF,2013,2013-12-31,194431,2951,9,0.9984727501869202
NeuMF,2013,2013-12-31,194431,82459,10,0.9983593821525574
NeuMF,2013,2013-12-31,194819,7981,1,0.9996861219406128
NeuMF,2013,2013-12-31,194819,786,2,0.9996514320373535
NeuMF,2013,2013-12-31,194819,7153,3,0.9996453523635864
NeuMF,2013,2013-12-31,194819,6016,4,0.9991359114646912
NeuMF,2013,2013-12-31,194819,8665,5,0.9989767074584961
NeuMF,2013,2013-12-31,194819,4223,6,0.9988995790481567
NeuMF,2013,2013-12-31,194819,6378,7,0.9988721013069153
NeuMF,2013,2013-12-31,194819,5418,8,0.9983173608779907
NeuMF,2013,2013-12-31,194819,7361,9,0.9982458353042603
NeuMF,2013,2013-12-31,194819,95,10,0.9982386827468872
NeuMF,2013,2013-12-31,194863,80549,1,0.9997259974479675
NeuMF,2013,2013-12-31,194863,86882,2,0.9993446469306946
NeuMF,2013,2013-12-31,194863,81591,3,0.9993205070495605
NeuMF,2013,2013-12-31,194863,80463,4,0.9992828965187073
NeuMF,2013,2013-12-31,194863,81562,5,0.9991123080253601
NeuMF,2013,2013-12-31,194863,88810,6,0.9986637830734253
NeuMF,2013,2013-12-31,194863,79132,7,0.9982510209083557
NeuMF,2013,2013-12-31,194863,90376,8,0.9975823163986206
NeuMF,2013,2013-12-31,194863,74458,9,0.997101366519928
NeuMF,2013,2013-12-31,194863,79091,10,0.9962764382362366
NeuMF,2013,2013-12-31,195051,55442,1,0.9997041821479797
NeuMF,2013,2013-12-31,195051,2488,2,0.9996875524520874
NeuMF,2013,2013-12-31,195051,69951,3,0.9996525049209595
NeuMF,2013,2013-12-31,195051,61236,4,0.9995858073234558
NeuMF,2013,2013-12-31,195051,7123,5,0.9993044137954712
NeuMF,2013,2013-12-31,195051,48082,6,0.9992625117301941
NeuMF,2013,2013-12-31,195051,1241,7,0.9992440938949585
NeuMF,2013,2013-12-31,195051,3000,8,0.9991949200630188
NeuMF,2013,2013-12-31,195051,1175,9,0.9991294741630554
NeuMF,2013,2013-12-31,195051,32840,10,0.9991029500961304
NeuMF,2013,2013-12-31,195471,79702,1,0.9999305009841919
NeuMF,2013,2013-12-31,195471,79091,2,0.9999077320098877
NeuMF,2013,2013-12-31,195471,78499,3,0.9998830556869507
NeuMF,2013,2013-12-31,195471,67087,4,0.9997691512107849
NeuMF,2013,2013-12-31,195471,87869,5,0.9997666478157043
NeuMF,2013,2013-12-31,195471,87232,6,0.999729335308075
NeuMF,2013,2013-12-31,195471,82461,7,0.9995872378349304
NeuMF,2013,2013-12-31,195471,58559,8,0.9995667338371277
NeuMF,2013,2013-12-31,195471,79132,9,0.9995654225349426
NeuMF,2013,2013-12-31,195471,71057,10,0.9995428323745728
NeuMF,2013,2013-12-31,195510,4754,1,0.9998094439506531
NeuMF,2013,2013-12-31,195510,1967,2,0.9995001554489136
NeuMF,2013,2013-12-31,195510,2414,3,0.9981828331947327
NeuMF,2013,2013-12-31,195510,2162,4,0.9980704188346863
NeuMF,2013,2013-12-31,195510,1848,5,0.9977778792381287
NeuMF,2013,2013-12-31,195510,27441,6,0.9968492388725281
NeuMF,2013,2013-12-31,195510,107,7,0.996773898601532
NeuMF,2013,2013-12-31,195510,8783,8,0.9967024922370911
NeuMF,2013,2013-12-31,195510,48774,9,0.9965240359306335
NeuMF,2013,2013-12-31,195510,7036,10,0.9961299896240234
NeuMF,2013,2013-12-31,195582,2384,1,0.9998544454574585
NeuMF,2013,2013-12-31,195582,1210,2,0.9997093081474304
NeuMF,2013,2013-12-31,195582,2571,3,0.9996987581253052
NeuMF,2013,2013-12-31,195582,1270,4,0.9995749592781067
NeuMF,2013,2013-12-31,195582,2959,5,0.9995699524879456
NeuMF,2013,2013-12-31,195582,2858,6,0.999568521976471
NeuMF,2013,2013-12-31,195582,1196,7,0.9995326995849609
NeuMF,2013,2013-12-31,195582,2087,8,0.9994682669639587
NeuMF,2013,2013-12-31,195582,1198,9,0.9994296431541443
NeuMF,2013,2013-12-31,195582,1193,10,0.9994254112243652
NeuMF,2013,2013-12-31,195660,5944,1,0.9995237588882446
NeuMF,2013,2013-12-31,195660,49278,2,0.9988114833831787
NeuMF,2013,2013-12-31,195660,5420,3,0.998737633228302
NeuMF,2013,2013-12-31,195660,87520,4,0.9985231757164001
NeuMF,2013,2013-12-31,195660,1371,5,0.9981524348258972
NeuMF,2013,2013-12-31,195660,2393,6,0.9974574446678162
NeuMF,2013,2013-12-31,195660,3624,7,0.9966110587120056
NeuMF,2013,2013-12-31,195660,44191,8,0.9954187870025635
NeuMF,2013,2013-12-31,195660,1240,9,0.9953228831291199
NeuMF,2013,2013-12-31,195660,379,10,0.9947608113288879
NeuMF,2013,2013-12-31,195670,307,1,0.9997513890266418
NeuMF,2013,2013-12-31,195670,308,2,0.9996236562728882
NeuMF,2013,2013-12-31,195670,44555,3,0.999432384967804
NeuMF,2013,2013-12-31,195670,18,4,0.9992997646331787
NeuMF,2013,2013-12-31,195670,2730,5,0.9991496801376343
NeuMF,2013,2013-12-31,195670,306,6,0.9991346001625061
NeuMF,2013,2013-12-31,195670,3992,7,0.9990988969802856
NeuMF,2013,2013-12-31,195670,617,8,0.9989590644836426
NeuMF,2013,2013-12-31,195670,6286,9,0.9988756775856018
NeuMF,2013,2013-12-31,195670,52042,10,0.9987040758132935
NeuMF,2013,2013-12-31,195740,56171,1,0.9997184872627258
NeuMF,2013,2013-12-31,195740,69526,2,0.9995239973068237
NeuMF,2013,2013-12-31,195740,81782,3,0.9992535710334778
NeuMF,2013,2013-12-31,195740,78105,4,0.9991507530212402
NeuMF,2013,2013-12-31,195740,68791,5,0.9991369843482971
NeuMF,2013,2013-12-31,195740,79702,6,0.9990193843841553
NeuMF,2013,2013-12-31,195740,48394,7,0.9986279010772705
NeuMF,2013,2013-12-31,195740,86880,8,0.9985793828964233
NeuMF,2013,2013-12-31,195740,86548,9,0.9985129237174988
NeuMF,2013,2013-12-31,195740,77866,10,0.9984910488128662
NeuMF,2013,2013-12-31,196113,52885,1,0.9993541836738586
NeuMF,2013,2013-12-31,196113,50005,2,0.9991725087165833
NeuMF,2013,2013-12-31,196113,52435,3,0.999016523361206
NeuMF,2013,2013-12-31,196113,56715,4,0.9989038705825806
NeuMF,2013,2013-12-31,196113,60295,5,0.9984379410743713
NeuMF,2013,2013-12-31,196113,65642,6,0.9981903433799744
NeuMF,2013,2013-12-31,196113,76251,7,0.998076319694519
NeuMF,2013,2013-12-31,196113,671,8,0.9978829026222229
NeuMF,2013,2013-12-31,196113,72226,9,0.9976020455360413
NeuMF,2013,2013-12-31,196113,27741,10,0.9975278973579407
NeuMF,2013,2013-12-31,196431,1093,1,0.9992737174034119
NeuMF,2013,2013-12-31,196431,1097,2,0.9984619617462158
NeuMF,2013,2013-12-31,196431,1291,3,0.998346209526062
NeuMF,2013,2013-12-31,196431,2580,4,0.9979846477508545
NeuMF,2013,2013-12-31,196431,356,5,0.9979209303855896
NeuMF,2013,2013-12-31,196431,1246,6,0.9979130625724792
NeuMF,2013,2013-12-31,196431,1222,7,0.9978770017623901
NeuMF,2013,2013-12-31,196431,2542,8,0.997633695602417
NeuMF,2013,2013-12-31,196431,47,9,0.9973639845848083
NeuMF,2013,2013-12-31,196431,4262,10,0.9973558187484741
NeuMF,2013,2013-12-31,197034,1320,1,0.9974308609962463
NeuMF,2013,2013-12-31,197034,62049,2,0.9973551034927368
NeuMF,2013,2013-12-31,197034,541,3,0.9973422884941101
NeuMF,2013,2013-12-31,197034,2916,4,0.9972659349441528
NeuMF,2013,2013-12-31,197034,55555,5,0.9969979524612427
NeuMF,2013,2013-12-31,197034,172,6,0.9956938028335571
NeuMF,2013,2013-12-31,197034,64197,7,0.9949883222579956
NeuMF,2013,2013-12-31,197034,57274,8,0.9937350153923035
NeuMF,2013,2013-12-31,197034,1573,9,0.9926382303237915
NeuMF,2013,2013-12-31,197034,72378,10,0.9925364255905151
NeuMF,2013,2013-12-31,197441,7327,1,0.9998862743377686
NeuMF,2013,2013-12-31,197441,7766,2,0.9997161030769348
NeuMF,2013,2013-12-31,197441,42632,3,0.9996987581253052
NeuMF,2013,2013-12-31,197441,111,4,0.9996170997619629
NeuMF,2013,2013-12-31,197441,2951,5,0.9995538592338562
NeuMF,2013,2013-12-31,197441,2019,6,0.999537467956543
NeuMF,2013,2013-12-31,197441,8014,7,0.9994292855262756
NeuMF,2013,2013-12-31,197441,4235,8,0.999424934387207
NeuMF,2013,2013-12-31,197441,431,9,0.9993988275527954
NeuMF,2013,2013-12-31,197441,3091,10,0.9992349147796631
NeuMF,2013,2013-12-31,197531,38886,1,0.9994288086891174
NeuMF,2013,2013-12-31,197531,45950,2,0.999245285987854
NeuMF,2013,2013-12-31,197531,1197,3,0.9989043474197388
NeuMF,2013,2013-12-31,197531,7153,4,0.9987726807594299
NeuMF,2013,2013-12-31,197531,1230,5,0.9982701539993286
NeuMF,2013,2013-12-31,197531,4993,6,0.9980950951576233
NeuMF,2013,2013-12-31,197531,34338,7,0.9978702068328857
NeuMF,2013,2013-12-31,197531,3578,8,0.9977947473526001
NeuMF,2013,2013-12-31,197531,8636,9,0.9976844787597656
NeuMF,2013,2013-12-31,197531,2791,10,0.9976728558540344
NeuMF,2013,2013-12-31,197577,64839,1,0.9998601675033569
NeuMF,2013,2013-12-31,197577,6188,2,0.99977046251297
NeuMF,2013,2013-12-31,197577,89492,3,0.9995773434638977
NeuMF,2013,2013-12-31,197577,49651,4,0.9991705417633057
NeuMF,2013,2013-12-31,197577,54503,5,0.9991445541381836
NeuMF,2013,2013-12-31,197577,82534,6,0.9988793730735779
NeuMF,2013,2013-12-31,197577,51931,7,0.9987550973892212
NeuMF,2013,2013-12-31,197577,86882,8,0.997822642326355
NeuMF,2013,2013-12-31,197577,89745,9,0.9976547956466675
NeuMF,2013,2013-12-31,197577,71466,10,0.9968709349632263
NeuMF,2013,2013-12-31,197896,3210,1,0.9982728958129883
NeuMF,2013,2013-12-31,197896,1968,2,0.9963776469230652
NeuMF,2013,2013-12-31,197896,2881,3,0.9956890940666199
NeuMF,2013,2013-12-31,197896,2915,4,0.995257556438446
NeuMF,2013,2013-12-31,197896,1663,5,0.9952359795570374
NeuMF,2013,2013-12-31,197896,1285,6,0.994766116142273
NeuMF,2013,2013-12-31,197896,3072,7,0.9947415590286255
NeuMF,2013,2013-12-31,197896,2406,8,0.9935241937637329
NeuMF,2013,2013-12-31,197896,3404,9,0.9934418201446533
NeuMF,2013,2013-12-31,197896,2144,10,0.9931433200836182
NeuMF,2013,2013-12-31,198066,58559,1,0.9996709823608398
NeuMF,2013,2013-12-31,198066,62203,2,0.9995924830436707
NeuMF,2013,2013-12-31,198066,59369,3,0.9991826415061951
NeuMF,2013,2013-12-31,198066,71535,4,0.9988725781440735
NeuMF,2013,2013-12-31,198066,70286,5,0.9988662004470825
NeuMF,2013,2013-12-31,198066,63082,6,0.9986692667007446
NeuMF,2013,2013-12-31,198066,74458,7,0.9983528852462769
NeuMF,2013,2013-12-31,198066,64839,8,0.9981657862663269
NeuMF,2013,2013-12-31,198066,64614,9,0.998139500617981
NeuMF,2013,2013-12-31,198066,72998,10,0.9980467557907104
NeuMF,2013,2013-12-31,198495,1292,1,0.9998539686203003
NeuMF,2013,2013-12-31,198495,914,2,0.9998090863227844
NeuMF,2013,2013-12-31,198495,2971,3,0.9996191263198853
NeuMF,2013,2013-12-31,198495,898,4,0.9995507597923279
NeuMF,2013,2013-12-31,198495,1304,5,0.9995446801185608
NeuMF,2013,2013-12-31,198495,952,6,0.9992875456809998
NeuMF,2013,2013-12-31,198495,1250,7,0.9992120265960693
NeuMF,2013,2013-12-31,198495,1207,8,0.9991642236709595
NeuMF,2013,2013-12-31,198495,899,9,0.9990485310554504
NeuMF,2013,2013-12-31,198495,3545,10,0.9989357590675354
NeuMF,2013,2013-12-31,198515,2975,1,0.9997641444206238
NeuMF,2013,2013-12-31,198515,3741,2,0.9994491934776306
NeuMF,2013,2013-12-31,198515,6533,3,0.9993264675140381
NeuMF,2013,2013-12-31,198515,6247,4,0.9992849230766296
NeuMF,2013,2013-12-31,198515,7223,5,0.9991400241851807
NeuMF,2013,2013-12-31,198515,565,6,0.999030590057373
NeuMF,2013,2013-12-31,198515,5682,7,0.9989799857139587
NeuMF,2013,2013-12-31,198515,4422,8,0.9987959861755371
NeuMF,2013,2013-12-31,198515,3528,9,0.9984248876571655
NeuMF,2013,2013-12-31,198515,3153,10,0.9977052807807922
NeuMF,2013,2013-12-31,198525,63876,1,0.9994832277297974
NeuMF,2013,2013-12-31,198525,53988,2,0.9994127750396729
NeuMF,2013,2013-12-31,198525,55052,3,0.9993715882301331
NeuMF,2013,2013-12-31,198525,8128,4,0.9983844757080078
NeuMF,2013,2013-12-31,198525,3910,5,0.9980164766311646
NeuMF,2013,2013-12-31,198525,928,6,0.9979840517044067
NeuMF,2013,2013-12-31,198525,54259,7,0.9979249238967896
NeuMF,2013,2013-12-31,198525,219,8,0.9977320432662964
NeuMF,2013,2013-12-31,198525,2545,9,0.9976623058319092
NeuMF,2013,2013-12-31,198525,45880,10,0.9973069429397583
NeuMF,2013,2013-12-31,198580,374,1,0.9998941421508789
NeuMF,2013,2013-12-31,198580,68135,2,0.998659610748291
NeuMF,2013,2013-12-31,198580,7255,3,0.9985349178314209
NeuMF,2013,2013-12-31,198580,1035,4,0.9983526468276978
NeuMF,2013,2013-12-31,198580,1020,5,0.9981322884559631
NeuMF,2013,2013-12-31,198580,47382,6,0.9979039430618286
NeuMF,2013,2013-12-31,198580,32017,7,0.9973787069320679
NeuMF,2013,2013-12-31,198580,69406,8,0.997149646282196
NeuMF,2013,2013-12-31,198580,4519,9,0.9970706701278687
NeuMF,2013,2013-12-31,198580,1760,10,0.9970048069953918
NeuMF,2013,2013-12-31,198676,92259,1,0.9996078610420227
NeuMF,2013,2013-12-31,198676,27773,2,0.9995785355567932
NeuMF,2013,2013-12-31,198676,7099,3,0.9995088577270508
NeuMF,2013,2013-12-31,198676,55269,4,0.9994496703147888
NeuMF,2013,2013-12-31,198676,56782,5,0.9992830157279968
NeuMF,2013,2013-12-31,198676,51255,6,0.9991326928138733
NeuMF,2013,2013-12-31,198676,72226,7,0.9991231560707092
NeuMF,2013,2013-12-31,198676,73392,8,0.9988417029380798
NeuMF,2013,2013-12-31,198676,54503,9,0.9986947178840637
NeuMF,2013,2013-12-31,198676,31660,10,0.9985436201095581
NeuMF,2013,2013-12-31,198929,32587,1,0.9986151456832886
NeuMF,2013,2013-12-31,198929,43396,2,0.9985058307647705
NeuMF,2013,2013-12-31,198929,5528,3,0.9980594515800476
NeuMF,2013,2013-12-31,198929,52604,4,0.9979851245880127
NeuMF,2013,2013-12-31,198929,4223,5,0.9977364540100098
NeuMF,2013,2013-12-31,198929,7346,6,0.9968744516372681
NeuMF,2013,2013-12-31,198929,23,7,0.9967204928398132
NeuMF,2013,2013-12-31,198929,6263,8,0.9966344237327576
NeuMF,2013,2013-12-31,198929,8810,9,0.9966287016868591
NeuMF,2013,2013-12-31,198929,5152,10,0.9965212345123291
NeuMF,2013,2013-12-31,199188,3545,1,0.9996802806854248
NeuMF,2013,2013-12-31,199188,5017,2,0.9992460012435913
NeuMF,2013,2013-12-31,199188,2686,3,0.999207079410553
NeuMF,2013,2013-12-31,199188,2801,4,0.9990360736846924
NeuMF,2013,2013-12-31,199188,7669,5,0.9990164041519165
NeuMF,2013,2013-12-31,199188,715,6,0.9989745616912842
NeuMF,2013,2013-12-31,199188,4918,7,0.9988189339637756
NeuMF,2013,2013-12-31,199188,39292,8,0.9986308217048645
NeuMF,2013,2013-12-31,199188,36517,9,0.9986031651496887
NeuMF,2013,2013-12-31,199188,1296,10,0.9984440207481384
NeuMF,2013,2013-12-31,200102,27803,1,0.9996576309204102
NeuMF,2013,2013-12-31,200102,4967,2,0.9995765089988708
NeuMF,2013,2013-12-31,200102,1955,3,0.9994350075721741
NeuMF,2013,2013-12-31,200102,1279,4,0.9992560744285583
NeuMF,2013,2013-12-31,200102,5945,5,0.9991508722305298
NeuMF,2013,2013-12-31,200102,308,6,0.9990542531013489
NeuMF,2013,2013-12-31,200102,4103,7,0.9990507960319519
NeuMF,2013,2013-12-31,200102,4235,8,0.9990260601043701
NeuMF,2013,2013-12-31,200102,1176,9,0.9986881613731384
NeuMF,2013,2013-12-31,200102,2745,10,0.9981265664100647
NeuMF,2013,2013-12-31,200161,2136,1,0.9990288019180298
NeuMF,2013,2013-12-31,200161,58103,2,0.9987541437149048
NeuMF,2013,2013-12-31,200161,1894,3,0.9985879063606262
NeuMF,2013,2013-12-31,200161,5804,4,0.9983281493186951
NeuMF,2013,2013-12-31,200161,52722,5,0.9979312419891357
NeuMF,2013,2013-12-31,200161,1616,6,0.9972962737083435
NeuMF,2013,2013-12-31,200161,53322,7,0.9972956776618958
NeuMF,2013,2013-12-31,200161,5308,8,0.9965267777442932
NeuMF,2013,2013-12-31,200161,169,9,0.9961004257202148
NeuMF,2013,2013-12-31,200161,5066,10,0.9959654808044434
NeuMF,2013,2013-12-31,200322,3918,1,0.999545156955719
NeuMF,2013,2013-12-31,200322,107,2,0.9989022016525269
NeuMF,2013,2013-12-31,200322,1243,3,0.9988983869552612
NeuMF,2013,2013-12-31,200322,6093,4,0.9984879493713379
NeuMF,2013,2013-12-31,200322,2117,5,0.998339056968689
NeuMF,2013,2013-12-31,200322,1921,6,0.9976484179496765
NeuMF,2013,2013-12-31,200322,71129,7,0.9975300431251526
NeuMF,2013,2013-12-31,200322,53996,8,0.9974070191383362
NeuMF,2013,2013-12-31,200322,77427,9,0.9974064230918884
NeuMF,2013,2013-12-31,200322,7569,10,0.9973874688148499
NeuMF,2013,2013-12-31,200352,69306,1,0.9996981620788574
NeuMF,2013,2013-12-31,200352,60072,2,0.999267041683197
NeuMF,2013,2013-12-31,200352,68554,3,0.9992621541023254
NeuMF,2013,2013-12-31,200352,61697,4,0.999258816242218
NeuMF,2013,2013-12-31,200352,62081,5,0.9989940524101257
NeuMF,2013,2013-12-31,200352,86880,6,0.9988422989845276
NeuMF,2013,2013-12-31,200352,81564,7,0.9986948370933533
NeuMF,2013,2013-12-31,200352,71838,8,0.998354434967041
NeuMF,2013,2013-12-31,200352,1370,9,0.9982407093048096
NeuMF,2013,2013-12-31,200352,45726,10,0.9982022047042847
NeuMF,2013,2013-12-31,200390,48872,1,0.9998514652252197
NeuMF,2013,2013-12-31,200390,8260,2,0.9998420476913452
NeuMF,2013,2013-12-31,200390,65261,3,0.9997172951698303
NeuMF,2013,2013-12-31,200390,7099,4,0.9996591806411743
NeuMF,2013,2013-12-31,200390,65126,5,0.9995877146720886
NeuMF,2013,2013-12-31,200390,52885,6,0.9994944334030151
NeuMF,2013,2013-12-31,200390,40870,7,0.9994256496429443
NeuMF,2013,2013-12-31,200390,33171,8,0.9994094371795654
NeuMF,2013,2013-12-31,200390,26662,9,0.999398946762085
NeuMF,2013,2013-12-31,200390,2696,10,0.9993602633476257
NeuMF,2013,2013-12-31,200449,1202,1,0.9999840259552002
NeuMF,2013,2013-12-31,200449,319,2,0.9998672008514404
NeuMF,2013,2013-12-31,200449,53519,3,0.9991033673286438
NeuMF,2013,2013-12-31,200449,3868,4,0.998866081237793
NeuMF,2013,2013-12-31,200449,223,5,0.9987712502479553
NeuMF,2013,2013-12-31,200449,70286,6,0.9986395239830017
NeuMF,2013,2013-12-31,200449,3869,7,0.9980456829071045
NeuMF,2013,2013-12-31,200449,2788,8,0.9977380037307739
NeuMF,2013,2013-12-31,200449,6,9,0.997718334197998
NeuMF,2013,2013-12-31,200449,6104,10,0.9975570440292358
NeuMF,2013,2013-12-31,200915,76251,1,0.999803364276886
NeuMF,2013,2013-12-31,200915,61697,2,0.9991894364356995
NeuMF,2013,2013-12-31,200915,89745,3,0.9990656971931458
NeuMF,2013,2013-12-31,200915,86882,4,0.9990423321723938
NeuMF,2013,2013-12-31,200915,85414,5,0.9990373849868774
NeuMF,2013,2013-12-31,200915,73023,6,0.998885452747345
NeuMF,2013,2013-12-31,200915,64839,7,0.9988666772842407
NeuMF,2013,2013-12-31,200915,59369,8,0.9988245368003845
NeuMF,2013,2013-12-31,200915,71535,9,0.9988065958023071
NeuMF,2013,2013-12-31,200915,81932,10,0.9987282156944275
NeuMF,2013,2013-12-31,200943,4187,1,0.9997555613517761
NeuMF,2013,2013-12-31,200943,5816,2,0.9996644258499146
NeuMF,2013,2013-12-31,200943,8368,3,0.9995985627174377
NeuMF,2013,2013-12-31,200943,6539,4,0.9989141225814819
NeuMF,2013,2013-12-31,200943,4223,5,0.9988563060760498
NeuMF,2013,2013-12-31,200943,326,6,0.9987610578536987
NeuMF,2013,2013-12-31,200943,110,7,0.9987528324127197
NeuMF,2013,2013-12-31,200943,4103,8,0.9987280964851379
NeuMF,2013,2013-12-31,200943,1204,9,0.9986299276351929
NeuMF,2013,2013-12-31,200943,2872,10,0.9985785484313965
