model,year,timestamp,user_id,item_id,rank,score
NeuMF,2002,2002-12-31,208,728,1,0.9998522996902466
NeuMF,2002,2002-12-31,208,39,2,0.9996057152748108
NeuMF,2002,2002-12-31,208,232,3,0.9995061159133911
NeuMF,2002,2002-12-31,208,1914,4,0.9993802309036255
NeuMF,2002,2002-12-31,208,2708,5,0.9989615678787231
NeuMF,2002,2002-12-31,208,2321,6,0.9980770349502563
NeuMF,2002,2002-12-31,208,1136,7,0.9977595806121826
NeuMF,2002,2002-12-31,208,1207,8,0.9967165589332581
NeuMF,2002,2002-12-31,208,3819,9,0.9958295226097107
NeuMF,2002,2002-12-31,208,1223,10,0.9949120879173279
NeuMF,2002,2002-12-31,533,3996,1,0.997635006904602
NeuMF,2002,2002-12-31,533,3527,2,0.9968057870864868
NeuMF,2002,2002-12-31,533,836,3,0.9957973957061768
NeuMF,2002,2002-12-31,533,4022,4,0.9954267740249634
NeuMF,2002,2002-12-31,533,3190,5,0.9920724034309387
NeuMF,2002,2002-12-31,533,3986,6,0.991312563419342
NeuMF,2002,2002-12-31,533,3418,7,0.9911604523658752
NeuMF,2002,2002-12-31,533,76,8,0.9906591176986694
NeuMF,2002,2002-12-31,533,1089,9,0.9905951023101807
NeuMF,2002,2002-12-31,533,4361,10,0.9900519251823425
NeuMF,2002,2002-12-31,673,3753,1,0.9999080896377563
NeuMF,2002,2002-12-31,673,4019,2,0.999875545501709
NeuMF,2002,2002-12-31,673,3980,3,0.9997912049293518
NeuMF,2002,2002-12-31,673,3978,4,0.9997351765632629
NeuMF,2002,2002-12-31,673,4816,5,0.9997162222862244
NeuMF,2002,2002-12-31,673,3916,6,0.9997095465660095
NeuMF,2002,2002-12-31,673,4022,7,0.9996393918991089
NeuMF,2002,2002-12-31,673,4161,8,0.9996234178543091
NeuMF,2002,2002-12-31,673,3354,9,0.9994900226593018
NeuMF,2002,2002-12-31,673,4310,10,0.9994788765907288
NeuMF,2002,2002-12-31,721,940,1,0.9998540878295898
NeuMF,2002,2002-12-31,721,1196,2,0.9991083741188049
NeuMF,2002,2002-12-31,721,1387,3,0.9979708790779114
NeuMF,2002,2002-12-31,721,1272,4,0.9973446726799011
NeuMF,2002,2002-12-31,721,3062,5,0.9973288774490356
NeuMF,2002,2002-12-31,721,2067,6,0.9972164630889893
NeuMF,2002,2002-12-31,721,1208,7,0.9966592788696289
NeuMF,2002,2002-12-31,721,953,8,0.9963322281837463
NeuMF,2002,2002-12-31,721,3461,9,0.9960432052612305
NeuMF,2002,2002-12-31,721,1099,10,0.9943180680274963
NeuMF,2002,2002-12-31,798,3861,1,0.9993755221366882
NeuMF,2002,2002-12-31,798,4447,2,0.9974220991134644
NeuMF,2002,2002-12-31,798,4388,3,0.9973825812339783
NeuMF,2002,2002-12-31,798,3911,4,0.9968852400779724
NeuMF,2002,2002-12-31,798,4054,5,0.9964577555656433
NeuMF,2002,2002-12-31,798,4085,6,0.9948896169662476
NeuMF,2002,2002-12-31,798,3998,7,0.9946547746658325
NeuMF,2002,2002-12-31,798,4299,8,0.991910994052887
NeuMF,2002,2002-12-31,798,3977,9,0.99136883020401
NeuMF,2002,2002-12-31,798,4069,10,0.9912933707237244
NeuMF,2002,2002-12-31,1082,2393,1,0.9996321201324463
NeuMF,2002,2002-12-31,1082,1690,2,0.9995155334472656
NeuMF,2002,2002-12-31,1082,1779,3,0.9993046522140503
NeuMF,2002,2002-12-31,1082,1215,4,0.9991645812988281
NeuMF,2002,2002-12-31,1082,1527,5,0.998893678188324
NeuMF,2002,2002-12-31,1082,611,6,0.9988841414451599
NeuMF,2002,2002-12-31,1082,1214,7,0.998543381690979
NeuMF,2002,2002-12-31,1082,1748,8,0.9984734654426575
NeuMF,2002,2002-12-31,1082,3527,9,0.9983384609222412
NeuMF,2002,2002-12-31,1082,1375,10,0.9981449842453003
NeuMF,2002,2002-12-31,1149,3408,1,0.99953293800354
NeuMF,2002,2002-12-31,1149,3996,2,0.9995235204696655
NeuMF,2002,2002-12-31,1149,3578,3,0.999159574508667
NeuMF,2002,2002-12-31,1149,3527,4,0.9991335272789001
NeuMF,2002,2002-12-31,1149,4008,5,0.9990198612213135
NeuMF,2002,2002-12-31,1149,3952,6,0.9986979961395264
NeuMF,2002,2002-12-31,1149,1961,7,0.9982670545578003
NeuMF,2002,2002-12-31,1149,3005,8,0.9980027079582214
NeuMF,2002,2002-12-31,1149,4027,9,0.9979743361473083
NeuMF,2002,2002-12-31,1149,3256,10,0.9975544810295105
NeuMF,2002,2002-12-31,1423,2628,1,0.9976638555526733
NeuMF,2002,2002-12-31,1423,3978,2,0.9971076846122742
NeuMF,2002,2002-12-31,1423,1097,3,0.996005117893219
NeuMF,2002,2002-12-31,1423,2501,4,0.9950512051582336
NeuMF,2002,2002-12-31,1423,1240,5,0.9948458671569824
NeuMF,2002,2002-12-31,1423,1961,6,0.9947827458381653
NeuMF,2002,2002-12-31,1423,1569,7,0.9922391176223755
NeuMF,2002,2002-12-31,1423,3999,8,0.9907219409942627
NeuMF,2002,2002-12-31,1423,4022,9,0.990285336971283
NeuMF,2002,2002-12-31,1423,2571,10,0.9902406930923462
NeuMF,2002,2002-12-31,1426,2717,1,0.9995905756950378
NeuMF,2002,2002-12-31,1426,2699,2,0.9990610480308533
NeuMF,2002,2002-12-31,1426,2003,3,0.9990577101707458
NeuMF,2002,2002-12-31,1426,2700,4,0.9987741112709045
NeuMF,2002,2002-12-31,1426,1991,5,0.9986806511878967
NeuMF,2002,2002-12-31,1426,2722,6,0.9986467957496643
NeuMF,2002,2002-12-31,1426,724,7,0.9981764554977417
NeuMF,2002,2002-12-31,1426,2712,8,0.9981495141983032
NeuMF,2002,2002-12-31,1426,1339,9,0.9972389936447144
NeuMF,2002,2002-12-31,1426,1690,10,0.9971417784690857
NeuMF,2002,2002-12-31,1877,3996,1,0.9997648596763611
NeuMF,2002,2002-12-31,1877,4225,2,0.9979706406593323
NeuMF,2002,2002-12-31,1877,4054,3,0.9974852800369263
NeuMF,2002,2002-12-31,1877,924,4,0.9973394274711609
NeuMF,2002,2002-12-31,1877,260,5,0.9969710111618042
NeuMF,2002,2002-12-31,1877,858,6,0.9968549013137817
NeuMF,2002,2002-12-31,1877,3928,7,0.9965156316757202
NeuMF,2002,2002-12-31,1877,1132,8,0.9962409734725952
NeuMF,2002,2002-12-31,1877,3744,9,0.9959023594856262
NeuMF,2002,2002-12-31,1877,2744,10,0.9952410459518433
NeuMF,2002,2002-12-31,2380,1584,1,0.998331606388092
NeuMF,2002,2002-12-31,2380,2640,2,0.9982531666755676
NeuMF,2002,2002-12-31,2380,1224,3,0.9981232285499573
NeuMF,2002,2002-12-31,2380,497,4,0.9972109198570251
NeuMF,2002,2002-12-31,2380,1127,5,0.9966789484024048
NeuMF,2002,2002-12-31,2380,2363,6,0.9960169196128845
NeuMF,2002,2002-12-31,2380,728,7,0.9953874945640564
NeuMF,2002,2002-12-31,2380,1396,8,0.9935064315795898
NeuMF,2002,2002-12-31,2380,256,9,0.9933621883392334
NeuMF,2002,2002-12-31,2380,272,10,0.9924310445785522
NeuMF,2002,2002-12-31,2406,3952,1,0.9983131885528564
NeuMF,2002,2002-12-31,2406,346,2,0.9974246025085449
NeuMF,2002,2002-12-31,2406,2687,3,0.9968462586402893
NeuMF,2002,2002-12-31,2406,1375,4,0.9948045611381531
NeuMF,2002,2002-12-31,2406,3977,5,0.994779109954834
NeuMF,2002,2002-12-31,2406,381,6,0.9938182234764099
NeuMF,2002,2002-12-31,2406,3784,7,0.9917340278625488
NeuMF,2002,2002-12-31,2406,1173,8,0.9907703399658203
NeuMF,2002,2002-12-31,2406,4062,9,0.990326464176178
NeuMF,2002,2002-12-31,2406,2432,10,0.9882208108901978
NeuMF,2002,2002-12-31,2515,2687,1,0.9995113611221313
NeuMF,2002,2002-12-31,2515,1147,2,0.9990928173065186
NeuMF,2002,2002-12-31,2515,1688,3,0.9989823698997498
NeuMF,2002,2002-12-31,2515,2761,4,0.9984336495399475
NeuMF,2002,2002-12-31,2515,4027,5,0.9978774785995483
NeuMF,2002,2002-12-31,2515,866,6,0.9974258542060852
NeuMF,2002,2002-12-31,2515,1032,7,0.9973567724227905
NeuMF,2002,2002-12-31,2515,541,8,0.9969377517700195
NeuMF,2002,2002-12-31,2515,1097,9,0.9960144758224487
NeuMF,2002,2002-12-31,2515,2997,10,0.9957927465438843
NeuMF,2002,2002-12-31,2628,1230,1,0.9976357221603394
NeuMF,2002,2002-12-31,2628,1968,2,0.9976307153701782
NeuMF,2002,2002-12-31,2628,1196,3,0.9975111484527588
NeuMF,2002,2002-12-31,2628,2804,4,0.9973832964897156
NeuMF,2002,2002-12-31,2628,3911,5,0.9972363710403442
NeuMF,2002,2002-12-31,2628,4361,6,0.9962820410728455
NeuMF,2002,2002-12-31,2628,1197,7,0.9954560995101929
NeuMF,2002,2002-12-31,2628,3897,8,0.994840681552887
NeuMF,2002,2002-12-31,2628,3793,9,0.9939926266670227
NeuMF,2002,2002-12-31,2628,541,10,0.9939755797386169
NeuMF,2002,2002-12-31,2940,3316,1,0.9986217021942139
NeuMF,2002,2002-12-31,2940,3861,2,0.9985696077346802
NeuMF,2002,2002-12-31,2940,1961,3,0.9980073571205139
NeuMF,2002,2002-12-31,2940,3821,4,0.9977645874023438
NeuMF,2002,2002-12-31,2940,2404,5,0.9967870712280273
NeuMF,2002,2002-12-31,2940,2518,6,0.9959588646888733
NeuMF,2002,2002-12-31,2940,4214,7,0.9958190321922302
NeuMF,2002,2002-12-31,2940,3527,8,0.9952882528305054
NeuMF,2002,2002-12-31,2940,1982,9,0.9952322840690613
NeuMF,2002,2002-12-31,2940,597,10,0.9947319030761719
NeuMF,2002,2002-12-31,3126,920,1,0.998994767665863
NeuMF,2002,2002-12-31,3126,902,2,0.9982166886329651
NeuMF,2002,2002-12-31,3126,4912,3,0.9975284934043884
NeuMF,2002,2002-12-31,3126,838,4,0.997523844242096
NeuMF,2002,2002-12-31,3126,258,5,0.9965971112251282
NeuMF,2002,2002-12-31,3126,17,6,0.996276319026947
NeuMF,2002,2002-12-31,3126,1370,7,0.9952104687690735
NeuMF,2002,2002-12-31,3126,4246,8,0.9947308301925659
NeuMF,2002,2002-12-31,3126,339,9,0.9946885108947754
NeuMF,2002,2002-12-31,3126,1270,10,0.9945961833000183
NeuMF,2002,2002-12-31,3346,1214,1,0.9995213747024536
NeuMF,2002,2002-12-31,3346,541,2,0.9992107152938843
NeuMF,2002,2002-12-31,3346,1376,3,0.9987447261810303
NeuMF,2002,2002-12-31,3346,3745,4,0.9987295269966125
NeuMF,2002,2002-12-31,3346,1253,5,0.9986711740493774
NeuMF,2002,2002-12-31,3346,2428,6,0.9981327652931213
NeuMF,2002,2002-12-31,3346,750,7,0.9976674914360046
NeuMF,2002,2002-12-31,3346,3753,8,0.9972072243690491
NeuMF,2002,2002-12-31,3346,1250,9,0.9965123534202576
NeuMF,2002,2002-12-31,3346,3300,10,0.996211051940918
NeuMF,2002,2002-12-31,3642,3578,1,0.9998526573181152
NeuMF,2002,2002-12-31,3642,2959,2,0.999834418296814
NeuMF,2002,2002-12-31,3642,3793,3,0.9998195767402649
NeuMF,2002,2002-12-31,3642,3996,4,0.9998014569282532
NeuMF,2002,2002-12-31,3642,2762,5,0.9996325969696045
NeuMF,2002,2002-12-31,3642,3755,6,0.99958735704422
NeuMF,2002,2002-12-31,3642,2571,7,0.9995672106742859
NeuMF,2002,2002-12-31,3642,3863,8,0.9995348453521729
NeuMF,2002,2002-12-31,3642,3994,9,0.9994230270385742
NeuMF,2002,2002-12-31,3642,3300,10,0.9991989731788635
NeuMF,2002,2002-12-31,3708,273,1,0.9998156428337097
NeuMF,2002,2002-12-31,3708,2721,2,0.9973486661911011
NeuMF,2002,2002-12-31,3708,1523,3,0.9955461025238037
NeuMF,2002,2002-12-31,3708,2093,4,0.99470055103302
NeuMF,2002,2002-12-31,3708,288,5,0.9943512678146362
NeuMF,2002,2002-12-31,3708,1884,6,0.993877112865448
NeuMF,2002,2002-12-31,3708,69,7,0.9935656189918518
NeuMF,2002,2002-12-31,3708,1321,8,0.9928587675094604
NeuMF,2002,2002-12-31,3708,2485,9,0.9911613464355469
NeuMF,2002,2002-12-31,3708,2193,10,0.9905419945716858
NeuMF,2002,2002-12-31,3751,3717,1,0.9998016953468323
NeuMF,2002,2002-12-31,3751,3300,2,0.9995526671409607
NeuMF,2002,2002-12-31,3751,3354,3,0.999275267124176
NeuMF,2002,2002-12-31,3751,4084,4,0.9991958737373352
NeuMF,2002,2002-12-31,3751,3555,5,0.9990617632865906
NeuMF,2002,2002-12-31,3751,3981,6,0.9961140155792236
NeuMF,2002,2002-12-31,3751,3285,7,0.9960055947303772
NeuMF,2002,2002-12-31,3751,3623,8,0.9950167536735535
NeuMF,2002,2002-12-31,3751,3753,9,0.9937043786048889
NeuMF,2002,2002-12-31,3751,4002,10,0.992466390132904
NeuMF,2002,2002-12-31,4044,2369,1,0.9997639060020447
NeuMF,2002,2002-12-31,4044,1356,2,0.9992732405662537
NeuMF,2002,2002-12-31,4044,1199,3,0.9991456270217896
NeuMF,2002,2002-12-31,4044,1129,4,0.9988226294517517
NeuMF,2002,2002-12-31,4044,3269,5,0.9973064661026001
NeuMF,2002,2002-12-31,4044,3543,6,0.9952294826507568
NeuMF,2002,2002-12-31,4044,1269,7,0.9945471286773682
NeuMF,2002,2002-12-31,4044,898,8,0.9943041205406189
NeuMF,2002,2002-12-31,4044,1197,9,0.9940651655197144
NeuMF,2002,2002-12-31,4044,1304,10,0.9939327836036682
NeuMF,2002,2002-12-31,4774,4014,1,0.9976498484611511
NeuMF,2002,2002-12-31,4774,3554,2,0.9965121150016785
NeuMF,2002,2002-12-31,4774,4034,3,0.9948668479919434
NeuMF,2002,2002-12-31,4774,1968,4,0.9943395256996155
NeuMF,2002,2002-12-31,4774,351,5,0.9940677881240845
NeuMF,2002,2002-12-31,4774,3996,6,0.9938129186630249
NeuMF,2002,2002-12-31,4774,5,7,0.9927160143852234
NeuMF,2002,2002-12-31,4774,3528,8,0.9925553202629089
NeuMF,2002,2002-12-31,4774,587,9,0.991956353187561
NeuMF,2002,2002-12-31,4774,342,10,0.9918267726898193
NeuMF,2002,2002-12-31,5141,184,1,0.999333918094635
NeuMF,2002,2002-12-31,5141,1476,2,0.999196469783783
NeuMF,2002,2002-12-31,5141,3476,3,0.9990911483764648
NeuMF,2002,2002-12-31,5141,3693,4,0.9988877177238464
NeuMF,2002,2002-12-31,5141,923,5,0.9978553652763367
NeuMF,2002,2002-12-31,5141,1276,6,0.9960363507270813
NeuMF,2002,2002-12-31,5141,1217,7,0.9953455328941345
NeuMF,2002,2002-12-31,5141,2117,8,0.9940623641014099
NeuMF,2002,2002-12-31,5141,3529,9,0.9934146404266357
NeuMF,2002,2002-12-31,5141,2009,10,0.9933700561523438
NeuMF,2002,2002-12-31,5249,3717,1,0.9955065250396729
NeuMF,2002,2002-12-31,5249,1373,2,0.99470055103302
NeuMF,2002,2002-12-31,5249,3827,3,0.9946894645690918
NeuMF,2002,2002-12-31,5249,1377,4,0.9930909872055054
NeuMF,2002,2002-12-31,5249,1201,5,0.991702139377594
NeuMF,2002,2002-12-31,5249,3704,6,0.9915425777435303
NeuMF,2002,2002-12-31,5249,216,7,0.9914030432701111
NeuMF,2002,2002-12-31,5249,370,8,0.9903112649917603
NeuMF,2002,2002-12-31,5249,256,9,0.9895882606506348
NeuMF,2002,2002-12-31,5249,3997,10,0.9894434213638306
NeuMF,2002,2002-12-31,5402,1148,1,0.999535083770752
NeuMF,2002,2002-12-31,5402,4161,2,0.998955488204956
NeuMF,2002,2002-12-31,5402,1391,3,0.998893678188324
NeuMF,2002,2002-12-31,5402,3355,4,0.9988760352134705
NeuMF,2002,2002-12-31,5402,1732,5,0.9987996816635132
NeuMF,2002,2002-12-31,5402,4720,6,0.9987660646438599
NeuMF,2002,2002-12-31,5402,1690,7,0.9966306090354919
NeuMF,2002,2002-12-31,5402,4036,8,0.99642413854599
NeuMF,2002,2002-12-31,5402,29,9,0.9959915280342102
NeuMF,2002,2002-12-31,5402,371,10,0.9957410097122192
NeuMF,2002,2002-12-31,5852,3996,1,0.9999614953994751
NeuMF,2002,2002-12-31,5852,4310,2,0.9998294115066528
NeuMF,2002,2002-12-31,5852,2706,3,0.9997323155403137
NeuMF,2002,2002-12-31,5852,4011,4,0.9994204044342041
NeuMF,2002,2002-12-31,5852,4344,5,0.9993072748184204
NeuMF,2002,2002-12-31,5852,4161,6,0.9993032217025757
NeuMF,2002,2002-12-31,5852,3793,7,0.9992546439170837
NeuMF,2002,2002-12-31,5852,4238,8,0.9992238283157349
NeuMF,2002,2002-12-31,5852,3798,9,0.9991732239723206
NeuMF,2002,2002-12-31,5852,3977,10,0.9991720914840698
NeuMF,2002,2002-12-31,5853,2908,1,0.9987452030181885
NeuMF,2002,2002-12-31,5853,2628,2,0.9967106580734253
NeuMF,2002,2002-12-31,5853,2836,3,0.9966937303543091
NeuMF,2002,2002-12-31,5853,1027,4,0.9963427186012268
NeuMF,2002,2002-12-31,5853,1041,5,0.9950528740882874
NeuMF,2002,2002-12-31,5853,4262,6,0.9937207698822021
NeuMF,2002,2002-12-31,5853,1722,7,0.9925693869590759
NeuMF,2002,2002-12-31,5853,2143,8,0.9903085827827454
NeuMF,2002,2002-12-31,5853,2822,9,0.9886606931686401
NeuMF,2002,2002-12-31,5853,4848,10,0.9857754707336426
NeuMF,2002,2002-12-31,5991,1917,1,0.9998427629470825
NeuMF,2002,2002-12-31,5991,2571,2,0.9997391104698181
NeuMF,2002,2002-12-31,5991,2617,3,0.999722421169281
NeuMF,2002,2002-12-31,5991,2412,4,0.9991021156311035
NeuMF,2002,2002-12-31,5991,2012,5,0.9986103773117065
NeuMF,2002,2002-12-31,5991,1801,6,0.9985081553459167
NeuMF,2002,2002-12-31,5991,3082,7,0.9983758926391602
NeuMF,2002,2002-12-31,5991,1923,8,0.9983432292938232
NeuMF,2002,2002-12-31,5991,1918,9,0.9981635212898254
NeuMF,2002,2002-12-31,5991,2002,10,0.9980748891830444
NeuMF,2002,2002-12-31,6227,45,1,0.9971215128898621
NeuMF,2002,2002-12-31,6227,1356,2,0.9956029653549194
NeuMF,2002,2002-12-31,6227,2600,3,0.9946721196174622
NeuMF,2002,2002-12-31,6227,94,4,0.9936938881874084
NeuMF,2002,2002-12-31,6227,3160,5,0.9929674863815308
NeuMF,2002,2002-12-31,6227,1366,6,0.9929383397102356
NeuMF,2002,2002-12-31,6227,1635,7,0.9895589351654053
NeuMF,2002,2002-12-31,6227,1212,8,0.9894123673439026
NeuMF,2002,2002-12-31,6227,573,9,0.9892746806144714
NeuMF,2002,2002-12-31,6227,480,10,0.9891811013221741
NeuMF,2002,2002-12-31,7388,412,1,0.9995546936988831
NeuMF,2002,2002-12-31,7388,2791,2,0.9982853531837463
NeuMF,2002,2002-12-31,7388,3097,3,0.9979966282844543
NeuMF,2002,2002-12-31,7388,4216,4,0.9979093670845032
NeuMF,2002,2002-12-31,7388,269,5,0.9968923926353455
NeuMF,2002,2002-12-31,7388,928,6,0.9962353110313416
NeuMF,2002,2002-12-31,7388,1733,7,0.9961695075035095
NeuMF,2002,2002-12-31,7388,781,8,0.9961321353912354
NeuMF,2002,2002-12-31,7388,2436,9,0.9947576522827148
NeuMF,2002,2002-12-31,7388,3967,10,0.994419276714325
NeuMF,2002,2002-12-31,7404,1562,1,0.9953881502151489
NeuMF,2002,2002-12-31,7404,3697,2,0.9937849044799805
NeuMF,2002,2002-12-31,7404,839,3,0.992552638053894
NeuMF,2002,2002-12-31,7404,1833,4,0.9913978576660156
NeuMF,2002,2002-12-31,7404,2496,5,0.9912469983100891
NeuMF,2002,2002-12-31,7404,3249,6,0.9891570806503296
NeuMF,2002,2002-12-31,7404,2003,7,0.9891067147254944
NeuMF,2002,2002-12-31,7404,762,8,0.9830998182296753
NeuMF,2002,2002-12-31,7404,2870,9,0.981480062007904
NeuMF,2002,2002-12-31,7404,2535,10,0.981438159942627
NeuMF,2002,2002-12-31,7405,2419,1,0.9998295307159424
NeuMF,2002,2002-12-31,7405,1084,2,0.9990389347076416
NeuMF,2002,2002-12-31,7405,2430,3,0.9980069994926453
NeuMF,2002,2002-12-31,7405,1099,4,0.997015118598938
NeuMF,2002,2002-12-31,7405,3370,5,0.9969922304153442
NeuMF,2002,2002-12-31,7405,2739,6,0.9948511719703674
NeuMF,2002,2002-12-31,7405,2985,7,0.994805634021759
NeuMF,2002,2002-12-31,7405,968,8,0.9946730732917786
NeuMF,2002,2002-12-31,7405,2346,9,0.9944530129432678
NeuMF,2002,2002-12-31,7405,3469,10,0.9922469854354858
NeuMF,2002,2002-12-31,7525,3538,1,0.999140739440918
NeuMF,2002,2002-12-31,7525,4066,2,0.9989250302314758
NeuMF,2002,2002-12-31,7525,1020,3,0.9987302422523499
NeuMF,2002,2002-12-31,7525,3177,4,0.9984354376792908
NeuMF,2002,2002-12-31,7525,4306,5,0.9982672929763794
NeuMF,2002,2002-12-31,7525,3967,6,0.9982112646102905
NeuMF,2002,2002-12-31,7525,2064,7,0.9980126619338989
NeuMF,2002,2002-12-31,7525,2171,8,0.9978128671646118
NeuMF,2002,2002-12-31,7525,4054,9,0.9976661205291748
NeuMF,2002,2002-12-31,7525,69,10,0.997025191783905
NeuMF,2002,2002-12-31,7634,4234,1,0.9994341731071472
NeuMF,2002,2002-12-31,7634,1732,2,0.9986711740493774
NeuMF,2002,2002-12-31,7634,4881,3,0.9982525706291199
NeuMF,2002,2002-12-31,7634,3790,4,0.9976387023925781
NeuMF,2002,2002-12-31,7634,4144,5,0.997056245803833
NeuMF,2002,2002-12-31,7634,2700,6,0.9965838193893433
NeuMF,2002,2002-12-31,7634,1077,7,0.9962765574455261
NeuMF,2002,2002-12-31,7634,2596,8,0.9957808256149292
NeuMF,2002,2002-12-31,7634,1405,9,0.9950902462005615
NeuMF,2002,2002-12-31,7634,3730,10,0.9943971633911133
NeuMF,2002,2002-12-31,7777,3869,1,0.999648928642273
NeuMF,2002,2002-12-31,7777,3467,2,0.9989449381828308
NeuMF,2002,2002-12-31,7777,3424,3,0.9985062479972839
NeuMF,2002,2002-12-31,7777,5060,4,0.9970346689224243
NeuMF,2002,2002-12-31,7777,3729,5,0.9909276962280273
NeuMF,2002,2002-12-31,7777,3089,6,0.9885234236717224
NeuMF,2002,2002-12-31,7777,2117,7,0.9840742349624634
NeuMF,2002,2002-12-31,7777,1148,8,0.9826571345329285
NeuMF,2002,2002-12-31,7777,3634,9,0.9823236465454102
NeuMF,2002,2002-12-31,7777,370,10,0.9773600697517395
NeuMF,2002,2002-12-31,7858,3515,1,0.9996159076690674
NeuMF,2002,2002-12-31,7858,3959,2,0.9973690509796143
NeuMF,2002,2002-12-31,7858,610,3,0.9972808361053467
NeuMF,2002,2002-12-31,7858,1381,4,0.9964361190795898
NeuMF,2002,2002-12-31,7858,2348,5,0.9960779547691345
NeuMF,2002,2002-12-31,7858,1454,6,0.996070146560669
NeuMF,2002,2002-12-31,7858,493,7,0.9960169196128845
NeuMF,2002,2002-12-31,7858,2139,8,0.9957841038703918
NeuMF,2002,2002-12-31,7858,3450,9,0.9954389929771423
NeuMF,2002,2002-12-31,7858,3984,10,0.9951233267784119
NeuMF,2002,2002-12-31,7882,1580,1,0.9937217831611633
NeuMF,2002,2002-12-31,7882,1608,2,0.9922745823860168
NeuMF,2002,2002-12-31,7882,1193,3,0.9919651746749878
NeuMF,2002,2002-12-31,7882,1259,4,0.9918487071990967
NeuMF,2002,2002-12-31,7882,349,5,0.9915001392364502
NeuMF,2002,2002-12-31,7882,1197,6,0.9912624359130859
NeuMF,2002,2002-12-31,7882,1287,7,0.9903925657272339
NeuMF,2002,2002-12-31,7882,1387,8,0.9887984395027161
NeuMF,2002,2002-12-31,7882,1552,9,0.9883735775947571
NeuMF,2002,2002-12-31,7882,1265,10,0.988300085067749
NeuMF,2002,2002-12-31,8954,1265,1,0.9985405206680298
NeuMF,2002,2002-12-31,8954,940,2,0.9983072280883789
NeuMF,2002,2002-12-31,8954,5060,3,0.998219907283783
NeuMF,2002,2002-12-31,8954,1210,4,0.9975777268409729
NeuMF,2002,2002-12-31,8954,1376,5,0.9957399368286133
NeuMF,2002,2002-12-31,8954,1270,6,0.9942451119422913
NeuMF,2002,2002-12-31,8954,1240,7,0.99368816614151
NeuMF,2002,2002-12-31,8954,1201,8,0.9935862421989441
NeuMF,2002,2002-12-31,8954,898,9,0.9934066534042358
NeuMF,2002,2002-12-31,8954,1188,10,0.9904338121414185
NeuMF,2002,2002-12-31,9026,3261,1,0.9992156028747559
NeuMF,2002,2002-12-31,9026,1176,2,0.9990527033805847
NeuMF,2002,2002-12-31,9026,3060,3,0.998908519744873
NeuMF,2002,2002-12-31,9026,306,4,0.99883633852005
NeuMF,2002,2002-12-31,9026,1482,5,0.9985234141349792
NeuMF,2002,2002-12-31,9026,551,6,0.9983481168746948
NeuMF,2002,2002-12-31,9026,308,7,0.997899055480957
NeuMF,2002,2002-12-31,9026,3852,8,0.9962738752365112
NeuMF,2002,2002-12-31,9026,574,9,0.9959955215454102
NeuMF,2002,2002-12-31,9026,2324,10,0.9957360029220581
NeuMF,2002,2002-12-31,9080,4345,1,0.9990621209144592
NeuMF,2002,2002-12-31,9080,3408,2,0.9988440275192261
NeuMF,2002,2002-12-31,9080,1694,3,0.9984470009803772
NeuMF,2002,2002-12-31,9080,2501,4,0.9973432421684265
NeuMF,2002,2002-12-31,9080,3246,5,0.9972994923591614
NeuMF,2002,2002-12-31,9080,2889,6,0.9972631931304932
NeuMF,2002,2002-12-31,9080,2425,7,0.9971779584884644
NeuMF,2002,2002-12-31,9080,2966,8,0.9971376657485962
NeuMF,2002,2002-12-31,9080,3173,9,0.996565043926239
NeuMF,2002,2002-12-31,9080,1784,10,0.9962918758392334
NeuMF,2002,2002-12-31,9098,4018,1,0.9966164231300354
NeuMF,2002,2002-12-31,9098,2398,2,0.9958958625793457
NeuMF,2002,2002-12-31,9098,1059,3,0.9952065348625183
NeuMF,2002,2002-12-31,9098,1584,4,0.9938284754753113
NeuMF,2002,2002-12-31,9098,1416,5,0.9932718873023987
NeuMF,2002,2002-12-31,9098,2406,6,0.9925491809844971
NeuMF,2002,2002-12-31,9098,466,7,0.9920988082885742
NeuMF,2002,2002-12-31,9098,1036,8,0.991338849067688
NeuMF,2002,2002-12-31,9098,44,9,0.9913101196289062
NeuMF,2002,2002-12-31,9098,1801,10,0.9907447695732117
NeuMF,2002,2002-12-31,9208,928,1,0.9998626708984375
NeuMF,2002,2002-12-31,9208,28,2,0.9992111921310425
NeuMF,2002,2002-12-31,9208,1224,3,0.9988183379173279
NeuMF,2002,2002-12-31,9208,1249,4,0.998777449131012
NeuMF,2002,2002-12-31,9208,1280,5,0.9987087249755859
NeuMF,2002,2002-12-31,9208,1217,6,0.998518168926239
NeuMF,2002,2002-12-31,9208,1296,7,0.9978446960449219
NeuMF,2002,2002-12-31,9208,1283,8,0.997008740901947
NeuMF,2002,2002-12-31,9208,1960,9,0.9969981908798218
NeuMF,2002,2002-12-31,9208,916,10,0.9969490170478821
NeuMF,2002,2002-12-31,9266,1131,1,0.9995463490486145
NeuMF,2002,2002-12-31,9266,3067,2,0.999372661113739
NeuMF,2002,2002-12-31,9266,1235,3,0.9993554949760437
NeuMF,2002,2002-12-31,9266,2858,4,0.9993175268173218
NeuMF,2002,2002-12-31,9266,1078,5,0.9993023872375488
NeuMF,2002,2002-12-31,9266,1136,6,0.9992530941963196
NeuMF,2002,2002-12-31,9266,1244,7,0.9988872408866882
NeuMF,2002,2002-12-31,9266,1132,8,0.9988353848457336
NeuMF,2002,2002-12-31,9266,272,9,0.9988319277763367
NeuMF,2002,2002-12-31,9266,1914,10,0.9987637996673584
NeuMF,2002,2002-12-31,10115,3179,1,0.999795138835907
NeuMF,2002,2002-12-31,10115,4733,2,0.9996514320373535
NeuMF,2002,2002-12-31,10115,4370,3,0.9989393353462219
NeuMF,2002,2002-12-31,10115,3911,4,0.9962854385375977
NeuMF,2002,2002-12-31,10115,3148,5,0.9956383109092712
NeuMF,2002,2002-12-31,10115,2501,6,0.995468258857727
NeuMF,2002,2002-12-31,10115,1734,7,0.9951500296592712
NeuMF,2002,2002-12-31,10115,4014,8,0.9949973821640015
NeuMF,2002,2002-12-31,10115,2829,9,0.993889331817627
NeuMF,2002,2002-12-31,10115,1834,10,0.9938020706176758
NeuMF,2002,2002-12-31,10798,357,1,0.9976115226745605
NeuMF,2002,2002-12-31,10798,3751,2,0.9975480437278748
NeuMF,2002,2002-12-31,10798,1244,3,0.9974672794342041
NeuMF,2002,2002-12-31,10798,3072,4,0.9966129660606384
NeuMF,2002,2002-12-31,10798,1569,5,0.9957342743873596
NeuMF,2002,2002-12-31,10798,34,6,0.9951419830322266
NeuMF,2002,2002-12-31,10798,272,7,0.9945125579833984
NeuMF,2002,2002-12-31,10798,60,8,0.9934980869293213
NeuMF,2002,2002-12-31,10798,1094,9,0.9934720993041992
NeuMF,2002,2002-12-31,10798,1784,10,0.9923571348190308
NeuMF,2002,2002-12-31,10849,1148,1,0.9995461106300354
NeuMF,2002,2002-12-31,10849,745,2,0.9985646605491638
NeuMF,2002,2002-12-31,10849,4232,3,0.998221218585968
NeuMF,2002,2002-12-31,10849,1073,4,0.9975957274436951
NeuMF,2002,2002-12-31,10849,3397,5,0.997067391872406
NeuMF,2002,2002-12-31,10849,1288,6,0.9967418313026428
NeuMF,2002,2002-12-31,10849,3421,7,0.9964855909347534
NeuMF,2002,2002-12-31,10849,2470,8,0.9960438013076782
NeuMF,2002,2002-12-31,10849,2421,9,0.994343638420105
NeuMF,2002,2002-12-31,10849,3363,10,0.9931173324584961
NeuMF,2002,2002-12-31,11010,2908,1,0.9991315007209778
NeuMF,2002,2002-12-31,11010,3298,2,0.9990488886833191
NeuMF,2002,2002-12-31,11010,3809,3,0.9989404082298279
NeuMF,2002,2002-12-31,11010,2890,4,0.9975364208221436
NeuMF,2002,2002-12-31,11010,3174,5,0.9973811507225037
NeuMF,2002,2002-12-31,11010,3408,6,0.9970985651016235
NeuMF,2002,2002-12-31,11010,1270,7,0.9967415928840637
NeuMF,2002,2002-12-31,11010,3481,8,0.9966486096382141
NeuMF,2002,2002-12-31,11010,2770,9,0.9961531758308411
NeuMF,2002,2002-12-31,11010,2836,10,0.9961186647415161
NeuMF,2002,2002-12-31,11165,1537,1,0.999724805355072
NeuMF,2002,2002-12-31,11165,1147,2,0.9995343685150146
NeuMF,2002,2002-12-31,11165,549,3,0.9991855025291443
NeuMF,2002,2002-12-31,11165,1649,4,0.9979445338249207
NeuMF,2002,2002-12-31,11165,235,5,0.9977265000343323
NeuMF,2002,2002-12-31,11165,1077,6,0.9976179003715515
NeuMF,2002,2002-12-31,11165,1965,7,0.9969062209129333
NeuMF,2002,2002-12-31,11165,5060,8,0.9946824908256531
NeuMF,2002,2002-12-31,11165,2395,9,0.99455726146698
NeuMF,2002,2002-12-31,11165,3037,10,0.9932335019111633
NeuMF,2002,2002-12-31,11193,3783,1,0.9998791217803955
NeuMF,2002,2002-12-31,11193,2952,2,0.999595582485199
NeuMF,2002,2002-12-31,11193,3730,3,0.9995911717414856
NeuMF,2002,2002-12-31,11193,3985,4,0.9995737671852112
NeuMF,2002,2002-12-31,11193,3618,5,0.9990344047546387
NeuMF,2002,2002-12-31,11193,4292,6,0.9988752007484436
NeuMF,2002,2002-12-31,11193,3755,7,0.9986976385116577
NeuMF,2002,2002-12-31,11193,1344,8,0.9985639452934265
NeuMF,2002,2002-12-31,11193,4339,9,0.9982062578201294
NeuMF,2002,2002-12-31,11193,3814,10,0.9978825449943542
NeuMF,2002,2002-12-31,11212,1274,1,0.999496340751648
NeuMF,2002,2002-12-31,11212,3000,2,0.9988710284233093
NeuMF,2002,2002-12-31,11212,1223,3,0.9987722039222717
NeuMF,2002,2002-12-31,11212,2273,4,0.9983611702919006
NeuMF,2002,2002-12-31,11212,1210,5,0.9982722997665405
NeuMF,2002,2002-12-31,11212,1591,6,0.9972997307777405
NeuMF,2002,2002-12-31,11212,1527,7,0.9969785213470459
NeuMF,2002,2002-12-31,11212,1,8,0.9969701766967773
NeuMF,2002,2002-12-31,11212,3703,9,0.9964056015014648
NeuMF,2002,2002-12-31,11212,741,10,0.9961807727813721
NeuMF,2002,2002-12-31,11719,926,1,0.9958124756813049
NeuMF,2002,2002-12-31,11719,3253,2,0.9948548078536987
NeuMF,2002,2002-12-31,11719,1673,3,0.993975818157196
NeuMF,2002,2002-12-31,11719,1247,4,0.993708610534668
NeuMF,2002,2002-12-31,11719,2858,5,0.9935092329978943
NeuMF,2002,2002-12-31,11719,908,6,0.9930688142776489
NeuMF,2002,2002-12-31,11719,910,7,0.9922831654548645
NeuMF,2002,2002-12-31,11719,2791,8,0.991973876953125
NeuMF,2002,2002-12-31,11719,1784,9,0.9899174571037292
NeuMF,2002,2002-12-31,11719,3255,10,0.9894960522651672
NeuMF,2002,2002-12-31,11720,3980,1,0.999922513961792
NeuMF,2002,2002-12-31,11720,3993,2,0.999592125415802
NeuMF,2002,2002-12-31,11720,3977,3,0.9991523027420044
NeuMF,2002,2002-12-31,11720,3994,4,0.9988008737564087
NeuMF,2002,2002-12-31,11720,4027,5,0.9986075758934021
NeuMF,2002,2002-12-31,11720,3998,6,0.9978431463241577
NeuMF,2002,2002-12-31,11720,4018,7,0.997808039188385
NeuMF,2002,2002-12-31,11720,4019,8,0.9974601864814758
NeuMF,2002,2002-12-31,11720,4056,9,0.9971556663513184
NeuMF,2002,2002-12-31,11720,4448,10,0.9960235357284546
NeuMF,2002,2002-12-31,11723,1580,1,0.9969466328620911
NeuMF,2002,2002-12-31,11723,3578,2,0.9955011010169983
NeuMF,2002,2002-12-31,11723,3052,3,0.9944378137588501
NeuMF,2002,2002-12-31,11723,3421,4,0.9943448305130005
NeuMF,2002,2002-12-31,11723,2321,5,0.9943403005599976
NeuMF,2002,2002-12-31,11723,1270,6,0.993137001991272
NeuMF,2002,2002-12-31,11723,3361,7,0.991872251033783
NeuMF,2002,2002-12-31,11723,1042,8,0.9906272888183594
NeuMF,2002,2002-12-31,11723,923,9,0.990318775177002
NeuMF,2002,2002-12-31,11723,2628,10,0.9864014983177185
NeuMF,2002,2002-12-31,12156,1066,1,0.9997913241386414
NeuMF,2002,2002-12-31,12156,7,2,0.9994957447052002
NeuMF,2002,2002-12-31,12156,1409,3,0.9994673132896423
NeuMF,2002,2002-12-31,12156,1353,4,0.9992627501487732
NeuMF,2002,2002-12-31,12156,4014,5,0.9990959167480469
NeuMF,2002,2002-12-31,12156,1480,6,0.9989953637123108
NeuMF,2002,2002-12-31,12156,3244,7,0.9985021352767944
NeuMF,2002,2002-12-31,12156,945,8,0.9979968667030334
NeuMF,2002,2002-12-31,12156,902,9,0.9975563287734985
NeuMF,2002,2002-12-31,12156,916,10,0.9974561333656311
NeuMF,2002,2002-12-31,13019,2006,1,0.9989640712738037
NeuMF,2002,2002-12-31,13019,3156,2,0.9987989664077759
NeuMF,2002,2002-12-31,13019,3978,3,0.9966198205947876
NeuMF,2002,2002-12-31,13019,5,4,0.9958391189575195
NeuMF,2002,2002-12-31,13019,3489,5,0.9957186579704285
NeuMF,2002,2002-12-31,13019,3578,6,0.9957127571105957
NeuMF,2002,2002-12-31,13019,4023,7,0.9950826168060303
NeuMF,2002,2002-12-31,13019,3155,8,0.9948403239250183
NeuMF,2002,2002-12-31,13019,3301,9,0.9911403059959412
NeuMF,2002,2002-12-31,13019,1488,10,0.9909461736679077
NeuMF,2002,2002-12-31,13164,3061,1,0.9997867941856384
NeuMF,2002,2002-12-31,13164,2648,2,0.9986490607261658
NeuMF,2002,2002-12-31,13164,899,3,0.9974188804626465
NeuMF,2002,2002-12-31,13164,2668,4,0.9972192049026489
NeuMF,2002,2002-12-31,13164,2644,5,0.9961709380149841
NeuMF,2002,2002-12-31,13164,1340,6,0.9952802658081055
NeuMF,2002,2002-12-31,13164,785,7,0.9945816397666931
NeuMF,2002,2002-12-31,13164,910,8,0.9937105178833008
NeuMF,2002,2002-12-31,13164,594,9,0.9935458302497864
NeuMF,2002,2002-12-31,13164,3254,10,0.9934811592102051
NeuMF,2002,2002-12-31,13745,4276,1,0.9999312162399292
NeuMF,2002,2002-12-31,13745,4005,2,0.9994844198226929
NeuMF,2002,2002-12-31,13745,3159,3,0.9990109205245972
NeuMF,2002,2002-12-31,13745,4692,4,0.9966996312141418
NeuMF,2002,2002-12-31,13745,4052,5,0.9966297745704651
NeuMF,2002,2002-12-31,13745,3483,6,0.9956849813461304
NeuMF,2002,2002-12-31,13745,4103,7,0.9945149421691895
NeuMF,2002,2002-12-31,13745,3071,8,0.9939392805099487
NeuMF,2002,2002-12-31,13745,4589,9,0.9939115047454834
NeuMF,2002,2002-12-31,13745,3579,10,0.992395281791687
NeuMF,2002,2002-12-31,13777,232,1,0.9988653659820557
NeuMF,2002,2002-12-31,13777,2150,2,0.9980792999267578
NeuMF,2002,2002-12-31,13777,523,3,0.9976115226745605
NeuMF,2002,2002-12-31,13777,307,4,0.9970826506614685
NeuMF,2002,2002-12-31,13777,2312,5,0.9968661665916443
NeuMF,2002,2002-12-31,13777,111,6,0.9967342615127563
NeuMF,2002,2002-12-31,13777,1957,7,0.9962629675865173
NeuMF,2002,2002-12-31,13777,1147,8,0.9958348274230957
NeuMF,2002,2002-12-31,13777,2357,9,0.9947413206100464
NeuMF,2002,2002-12-31,13777,2068,10,0.9939151406288147
NeuMF,2002,2002-12-31,13986,4886,1,0.9996706247329712
NeuMF,2002,2002-12-31,13986,1947,2,0.9993045330047607
NeuMF,2002,2002-12-31,13986,3993,3,0.9986345171928406
NeuMF,2002,2002-12-31,13986,4018,4,0.9983667731285095
NeuMF,2002,2002-12-31,13986,4014,5,0.9980720281600952
NeuMF,2002,2002-12-31,13986,926,6,0.9980567097663879
NeuMF,2002,2002-12-31,13986,3114,7,0.9977282881736755
NeuMF,2002,2002-12-31,13986,923,8,0.9963860511779785
NeuMF,2002,2002-12-31,13986,2966,9,0.9963729381561279
NeuMF,2002,2002-12-31,13986,4306,10,0.9957937002182007
NeuMF,2002,2002-12-31,13987,1298,1,0.9986447691917419
NeuMF,2002,2002-12-31,13987,1197,2,0.9979987740516663
NeuMF,2002,2002-12-31,13987,353,3,0.9979695677757263
NeuMF,2002,2002-12-31,13987,592,4,0.9979057312011719
NeuMF,2002,2002-12-31,13987,377,5,0.9977705478668213
NeuMF,2002,2002-12-31,13987,2000,6,0.9976341724395752
NeuMF,2002,2002-12-31,13987,112,7,0.997607946395874
NeuMF,2002,2002-12-31,13987,1036,8,0.9970921277999878
NeuMF,2002,2002-12-31,13987,543,9,0.9967093467712402
NeuMF,2002,2002-12-31,13987,1297,10,0.9966791868209839
NeuMF,2002,2002-12-31,14663,4386,1,0.999784529209137
NeuMF,2002,2002-12-31,14663,3785,2,0.9979233741760254
NeuMF,2002,2002-12-31,14663,3273,3,0.9976528286933899
NeuMF,2002,2002-12-31,14663,3717,4,0.997212827205658
NeuMF,2002,2002-12-31,14663,4148,5,0.9969074130058289
NeuMF,2002,2002-12-31,14663,4228,6,0.9965793490409851
NeuMF,2002,2002-12-31,14663,4143,7,0.9960536956787109
NeuMF,2002,2002-12-31,14663,4011,8,0.9948496222496033
NeuMF,2002,2002-12-31,14663,4718,9,0.9945313334465027
NeuMF,2002,2002-12-31,14663,4167,10,0.9931973218917847
NeuMF,2002,2002-12-31,14680,3316,1,0.999067485332489
NeuMF,2002,2002-12-31,14680,2334,2,0.9970449805259705
NeuMF,2002,2002-12-31,14680,3578,3,0.9968008995056152
NeuMF,2002,2002-12-31,14680,3986,4,0.9958779811859131
NeuMF,2002,2002-12-31,14680,1370,5,0.9952627420425415
NeuMF,2002,2002-12-31,14680,1833,6,0.994162380695343
NeuMF,2002,2002-12-31,14680,4224,7,0.9941205382347107
NeuMF,2002,2002-12-31,14680,733,8,0.9937684535980225
NeuMF,2002,2002-12-31,14680,3301,9,0.9933211207389832
NeuMF,2002,2002-12-31,14680,2916,10,0.9925470948219299
NeuMF,2002,2002-12-31,15123,3983,1,0.9998927116394043
NeuMF,2002,2002-12-31,15123,2671,2,0.999683141708374
NeuMF,2002,2002-12-31,15123,2231,3,0.9991959929466248
NeuMF,2002,2002-12-31,15123,3949,4,0.9991853833198547
NeuMF,2002,2002-12-31,15123,4056,5,0.9991095662117004
NeuMF,2002,2002-12-31,15123,3006,6,0.9986186027526855
NeuMF,2002,2002-12-31,15123,2391,7,0.9985740184783936
NeuMF,2002,2002-12-31,15123,3952,8,0.9983237385749817
NeuMF,2002,2002-12-31,15123,3118,9,0.9982479810714722
NeuMF,2002,2002-12-31,15123,2436,10,0.9980031847953796
NeuMF,2002,2002-12-31,15406,2618,1,0.9982607960700989
NeuMF,2002,2002-12-31,15406,3081,2,0.996987521648407
NeuMF,2002,2002-12-31,15406,1682,3,0.9959591031074524
NeuMF,2002,2002-12-31,15406,1704,4,0.9957892298698425
NeuMF,2002,2002-12-31,15406,515,5,0.995332658290863
NeuMF,2002,2002-12-31,15406,2336,6,0.9938115477561951
NeuMF,2002,2002-12-31,15406,1183,7,0.992613673210144
NeuMF,2002,2002-12-31,15406,2605,8,0.9915797710418701
NeuMF,2002,2002-12-31,15406,2470,9,0.9909142255783081
NeuMF,2002,2002-12-31,15406,2826,10,0.99085533618927
NeuMF,2002,2002-12-31,15490,2881,1,0.9996422529220581
NeuMF,2002,2002-12-31,15490,2231,2,0.9986687898635864
NeuMF,2002,2002-12-31,15490,3952,3,0.99856036901474
NeuMF,2002,2002-12-31,15490,3556,4,0.9954538345336914
NeuMF,2002,2002-12-31,15490,2166,5,0.9951007962226868
NeuMF,2002,2002-12-31,15490,322,6,0.9950277209281921
NeuMF,2002,2002-12-31,15490,1393,7,0.9949215054512024
NeuMF,2002,2002-12-31,15490,1584,8,0.9940943121910095
NeuMF,2002,2002-12-31,15490,2126,9,0.9931066632270813
NeuMF,2002,2002-12-31,15490,4239,10,0.9926716089248657
NeuMF,2002,2002-12-31,15772,4498,1,0.993290901184082
NeuMF,2002,2002-12-31,15772,1892,2,0.9908720850944519
NeuMF,2002,2002-12-31,15772,799,3,0.9880844950675964
NeuMF,2002,2002-12-31,15772,4572,4,0.987885057926178
NeuMF,2002,2002-12-31,15772,4047,5,0.9836246967315674
NeuMF,2002,2002-12-31,15772,1303,6,0.9808326959609985
NeuMF,2002,2002-12-31,15772,3129,7,0.9806200265884399
NeuMF,2002,2002-12-31,15772,1086,8,0.9791553616523743
NeuMF,2002,2002-12-31,15772,951,9,0.9782986044883728
NeuMF,2002,2002-12-31,15772,1589,10,0.977325975894928
NeuMF,2002,2002-12-31,15839,2231,1,0.9998037219047546
NeuMF,2002,2002-12-31,15839,3157,2,0.9990094900131226
NeuMF,2002,2002-12-31,15839,3155,3,0.9988147020339966
NeuMF,2002,2002-12-31,15839,4262,4,0.9983494281768799
NeuMF,2002,2002-12-31,15839,1610,5,0.9982123374938965
NeuMF,2002,2002-12-31,15839,3298,6,0.997776448726654
NeuMF,2002,2002-12-31,15839,2890,7,0.9969863295555115
NeuMF,2002,2002-12-31,15839,3185,8,0.9966995120048523
NeuMF,2002,2002-12-31,15839,4304,9,0.9964150190353394
NeuMF,2002,2002-12-31,15839,4344,10,0.9964048862457275
NeuMF,2002,2002-12-31,15853,2915,1,0.9986132383346558
NeuMF,2002,2002-12-31,15853,3477,2,0.9980165958404541
NeuMF,2002,2002-12-31,15853,2003,3,0.9950923919677734
NeuMF,2002,2002-12-31,15853,2792,4,0.9948208332061768
NeuMF,2002,2002-12-31,15853,2717,5,0.9947499632835388
NeuMF,2002,2002-12-31,15853,2372,6,0.9942770600318909
NeuMF,2002,2002-12-31,15853,2301,7,0.9926488995552063
NeuMF,2002,2002-12-31,15853,2581,8,0.9896700978279114
NeuMF,2002,2002-12-31,15853,2000,9,0.9878215193748474
NeuMF,2002,2002-12-31,15853,3087,10,0.9877408146858215
NeuMF,2002,2002-12-31,15872,29,1,0.999921441078186
NeuMF,2002,2002-12-31,15872,163,2,0.9984147548675537
NeuMF,2002,2002-12-31,15872,1214,3,0.9981210827827454
NeuMF,2002,2002-12-31,15872,3994,4,0.9972666501998901
NeuMF,2002,2002-12-31,15872,1912,5,0.9969955682754517
NeuMF,2002,2002-12-31,15872,1252,6,0.9964787364006042
NeuMF,2002,2002-12-31,15872,2692,7,0.9957108497619629
NeuMF,2002,2002-12-31,15872,3481,8,0.995309054851532
NeuMF,2002,2002-12-31,15872,1200,9,0.9952801465988159
NeuMF,2002,2002-12-31,15872,247,10,0.9947399497032166
NeuMF,2002,2002-12-31,16397,1722,1,0.9994767308235168
NeuMF,2002,2002-12-31,16397,1608,2,0.9987128973007202
NeuMF,2002,2002-12-31,16397,3555,3,0.9983225464820862
NeuMF,2002,2002-12-31,16397,1610,4,0.9981170892715454
NeuMF,2002,2002-12-31,16397,2501,5,0.9964019060134888
NeuMF,2002,2002-12-31,16397,3998,6,0.9961705803871155
NeuMF,2002,2002-12-31,16397,2085,7,0.9957439303398132
NeuMF,2002,2002-12-31,16397,89,8,0.9942019581794739
NeuMF,2002,2002-12-31,16397,1641,9,0.9941423535346985
NeuMF,2002,2002-12-31,16397,454,10,0.991259753704071
NeuMF,2002,2002-12-31,16496,2166,1,0.9990052580833435
NeuMF,2002,2002-12-31,16496,3100,2,0.9986371397972107
NeuMF,2002,2002-12-31,16496,2408,3,0.9976523518562317
NeuMF,2002,2002-12-31,16496,1302,4,0.9973527193069458
NeuMF,2002,2002-12-31,16496,2194,5,0.9971981048583984
NeuMF,2002,2002-12-31,16496,3254,6,0.9966989159584045
NeuMF,2002,2002-12-31,16496,4262,7,0.9961867928504944
NeuMF,2002,2002-12-31,16496,104,8,0.9954270124435425
NeuMF,2002,2002-12-31,16496,1097,9,0.9946129322052002
NeuMF,2002,2002-12-31,16496,2908,10,0.9936175346374512
NeuMF,2002,2002-12-31,16579,213,1,0.9983993172645569
NeuMF,2002,2002-12-31,16579,1449,2,0.9974138736724854
NeuMF,2002,2002-12-31,16579,1147,3,0.9973453879356384
NeuMF,2002,2002-12-31,16579,1,4,0.996687114238739
NeuMF,2002,2002-12-31,16579,1500,5,0.9955818057060242
NeuMF,2002,2002-12-31,16579,1111,6,0.9947525262832642
NeuMF,2002,2002-12-31,16579,2396,7,0.9942747950553894
NeuMF,2002,2002-12-31,16579,869,8,0.9939483404159546
NeuMF,2002,2002-12-31,16579,40,9,0.9937781095504761
NeuMF,2002,2002-12-31,16579,101,10,0.9929935336112976
NeuMF,2002,2002-12-31,17030,177,1,0.999884843826294
NeuMF,2002,2002-12-31,17030,1342,2,0.9998006224632263
NeuMF,2002,2002-12-31,17030,724,3,0.9996259212493896
NeuMF,2002,2002-12-31,17030,3798,4,0.9995836615562439
NeuMF,2002,2002-12-31,17030,188,5,0.9995352029800415
NeuMF,2002,2002-12-31,17030,3861,6,0.9993515610694885
NeuMF,2002,2002-12-31,17030,366,7,0.9992870688438416
NeuMF,2002,2002-12-31,17030,4027,8,0.9988266825675964
NeuMF,2002,2002-12-31,17030,3408,9,0.9986507296562195
NeuMF,2002,2002-12-31,17030,1336,10,0.9983792304992676
NeuMF,2002,2002-12-31,17032,1744,1,0.9985463619232178
NeuMF,2002,2002-12-31,17032,3173,2,0.9974886178970337
NeuMF,2002,2002-12-31,17032,3821,3,0.9974459409713745
NeuMF,2002,2002-12-31,17032,3238,4,0.9973020553588867
NeuMF,2002,2002-12-31,17032,3316,5,0.997061550617218
NeuMF,2002,2002-12-31,17032,3798,6,0.9957290291786194
NeuMF,2002,2002-12-31,17032,198,7,0.9956398010253906
NeuMF,2002,2002-12-31,17032,1586,8,0.9951966404914856
NeuMF,2002,2002-12-31,17032,266,9,0.9950810670852661
NeuMF,2002,2002-12-31,17032,2882,10,0.993122398853302
NeuMF,2002,2002-12-31,17036,3996,1,0.9989823698997498
NeuMF,2002,2002-12-31,17036,2826,2,0.9980748891830444
NeuMF,2002,2002-12-31,17036,2355,3,0.9963149428367615
NeuMF,2002,2002-12-31,17036,4052,4,0.9962762594223022
NeuMF,2002,2002-12-31,17036,3285,5,0.9959402084350586
NeuMF,2002,2002-12-31,17036,4239,6,0.9956775307655334
NeuMF,2002,2002-12-31,17036,2997,7,0.9927613735198975
NeuMF,2002,2002-12-31,17036,3409,8,0.992703914642334
NeuMF,2002,2002-12-31,17036,2723,9,0.9911043643951416
NeuMF,2002,2002-12-31,17036,4701,10,0.9907031059265137
NeuMF,2002,2002-12-31,17135,1148,1,0.999790608882904
NeuMF,2002,2002-12-31,17135,1201,2,0.9997181296348572
NeuMF,2002,2002-12-31,17135,2401,3,0.9994688630104065
NeuMF,2002,2002-12-31,17135,3030,4,0.9994480013847351
NeuMF,2002,2002-12-31,17135,1208,5,0.9993451237678528
NeuMF,2002,2002-12-31,17135,2761,6,0.9987051486968994
NeuMF,2002,2002-12-31,17135,720,7,0.9984055161476135
NeuMF,2002,2002-12-31,17135,2921,8,0.998201847076416
NeuMF,2002,2002-12-31,17135,745,9,0.9981589913368225
NeuMF,2002,2002-12-31,17135,1224,10,0.9980600476264954
NeuMF,2002,2002-12-31,17424,1037,1,0.9994391798973083
NeuMF,2002,2002-12-31,17424,2105,2,0.9990302324295044
NeuMF,2002,2002-12-31,17424,3527,3,0.998268723487854
NeuMF,2002,2002-12-31,17424,4306,4,0.9981443881988525
NeuMF,2002,2002-12-31,17424,160,5,0.9975911378860474
NeuMF,2002,2002-12-31,17424,4299,6,0.9947163462638855
NeuMF,2002,2002-12-31,17424,4223,7,0.9946433305740356
NeuMF,2002,2002-12-31,17424,4025,8,0.9938181042671204
NeuMF,2002,2002-12-31,17424,1690,9,0.9936121106147766
NeuMF,2002,2002-12-31,17424,2640,10,0.9932940006256104
NeuMF,2002,2002-12-31,17581,340,1,0.9976444840431213
NeuMF,2002,2002-12-31,17581,3113,2,0.9953421354293823
NeuMF,2002,2002-12-31,17581,941,3,0.9952390193939209
NeuMF,2002,2002-12-31,17581,168,4,0.9941549897193909
NeuMF,2002,2002-12-31,17581,303,5,0.9919264316558838
NeuMF,2002,2002-12-31,17581,969,6,0.9906941056251526
NeuMF,2002,2002-12-31,17581,1586,7,0.9899336695671082
NeuMF,2002,2002-12-31,17581,2617,8,0.9898926615715027
NeuMF,2002,2002-12-31,17581,432,9,0.9892560243606567
NeuMF,2002,2002-12-31,17581,913,10,0.9870181679725647
NeuMF,2002,2002-12-31,17680,1268,1,0.9981423616409302
NeuMF,2002,2002-12-31,17680,159,2,0.9979973435401917
NeuMF,2002,2002-12-31,17680,26,3,0.9979008436203003
NeuMF,2002,2002-12-31,17680,508,4,0.9953258037567139
NeuMF,2002,2002-12-31,17680,1860,5,0.9948047995567322
NeuMF,2002,2002-12-31,17680,1660,6,0.993899941444397
NeuMF,2002,2002-12-31,17680,475,7,0.9938931465148926
NeuMF,2002,2002-12-31,17680,1729,8,0.9933789968490601
NeuMF,2002,2002-12-31,17680,647,9,0.9930580854415894
NeuMF,2002,2002-12-31,17680,848,10,0.9921213388442993
NeuMF,2002,2002-12-31,17772,581,1,0.9998632669448853
NeuMF,2002,2002-12-31,17772,3473,2,0.9998202919960022
NeuMF,2002,2002-12-31,17772,123,3,0.9987658262252808
NeuMF,2002,2002-12-31,17772,247,4,0.9986671209335327
NeuMF,2002,2002-12-31,17772,3019,5,0.9984803795814514
NeuMF,2002,2002-12-31,17772,1252,6,0.9984246492385864
NeuMF,2002,2002-12-31,17772,1269,7,0.9984048008918762
NeuMF,2002,2002-12-31,17772,1199,8,0.9982345104217529
NeuMF,2002,2002-12-31,17772,3504,9,0.9976513981819153
NeuMF,2002,2002-12-31,17772,2020,10,0.9976058006286621
NeuMF,2002,2002-12-31,17831,1015,1,0.9568204879760742
NeuMF,2002,2002-12-31,17831,633,2,0.926039457321167
NeuMF,2002,2002-12-31,17831,1575,3,0.6861147880554199
NeuMF,2002,2002-12-31,17831,662,4,0.6838932037353516
NeuMF,2002,2002-12-31,17831,737,5,0.589276134967804
NeuMF,2002,2002-12-31,17831,1018,6,0.5349239110946655
NeuMF,2002,2002-12-31,17831,1919,7,0.519346296787262
NeuMF,2002,2002-12-31,17831,2393,8,0.5096196532249451
NeuMF,2002,2002-12-31,17831,2094,9,0.4845717251300812
NeuMF,2002,2002-12-31,17831,3040,10,0.4476843476295471
NeuMF,2002,2002-12-31,18212,58,1,0.9973264932632446
NeuMF,2002,2002-12-31,18212,425,2,0.9965388774871826
NeuMF,2002,2002-12-31,18212,2132,3,0.9953687191009521
NeuMF,2002,2002-12-31,18212,477,4,0.9949620962142944
NeuMF,2002,2002-12-31,18212,1885,5,0.9946592450141907
NeuMF,2002,2002-12-31,18212,2331,6,0.9939814209938049
NeuMF,2002,2002-12-31,18212,2583,7,0.9939047694206238
NeuMF,2002,2002-12-31,18212,3072,8,0.9938645958900452
NeuMF,2002,2002-12-31,18212,1247,9,0.9919875860214233
NeuMF,2002,2002-12-31,18212,3260,10,0.9910241365432739
NeuMF,2002,2002-12-31,18795,1952,1,0.9991255402565002
NeuMF,2002,2002-12-31,18795,1810,2,0.9971538782119751
NeuMF,2002,2002-12-31,18795,1357,3,0.9970544576644897
NeuMF,2002,2002-12-31,18795,1466,4,0.9967615008354187
NeuMF,2002,2002-12-31,18795,1726,5,0.9963951706886292
NeuMF,2002,2002-12-31,18795,1840,6,0.995864987373352
NeuMF,2002,2002-12-31,18795,1263,7,0.9939084053039551
NeuMF,2002,2002-12-31,18795,2291,8,0.9926769733428955
NeuMF,2002,2002-12-31,18795,1171,9,0.9924498796463013
NeuMF,2002,2002-12-31,18795,2302,10,0.9919735193252563
NeuMF,2002,2002-12-31,19186,1094,1,0.9989462494850159
NeuMF,2002,2002-12-31,19186,4306,2,0.9988000392913818
NeuMF,2002,2002-12-31,19186,4085,3,0.9985724687576294
NeuMF,2002,2002-12-31,19186,4148,4,0.9984763264656067
NeuMF,2002,2002-12-31,19186,4467,5,0.9980910420417786
NeuMF,2002,2002-12-31,19186,4958,6,0.9979568719863892
NeuMF,2002,2002-12-31,19186,4011,7,0.9976958632469177
NeuMF,2002,2002-12-31,19186,1625,8,0.9967966675758362
NeuMF,2002,2002-12-31,19186,3108,9,0.9965728521347046
NeuMF,2002,2002-12-31,19186,4361,10,0.9962091445922852
NeuMF,2002,2002-12-31,19189,709,1,0.9980952143669128
NeuMF,2002,2002-12-31,19189,1022,2,0.997054934501648
NeuMF,2002,2002-12-31,19189,2087,3,0.9962552785873413
NeuMF,2002,2002-12-31,19189,2081,4,0.9960482716560364
NeuMF,2002,2002-12-31,19189,3897,5,0.9954729676246643
NeuMF,2002,2002-12-31,19189,2018,6,0.9953254461288452
NeuMF,2002,2002-12-31,19189,1676,7,0.9945768117904663
NeuMF,2002,2002-12-31,19189,2433,8,0.9940505623817444
NeuMF,2002,2002-12-31,19189,4019,9,0.9940226674079895
NeuMF,2002,2002-12-31,19189,2641,10,0.9930564761161804
NeuMF,2002,2002-12-31,19325,216,1,0.9997597336769104
NeuMF,2002,2002-12-31,19325,1644,2,0.999151349067688
NeuMF,2002,2002-12-31,19325,1665,3,0.9983901977539062
NeuMF,2002,2002-12-31,19325,1485,4,0.9974749684333801
NeuMF,2002,2002-12-31,19325,27,5,0.9964750409126282
NeuMF,2002,2002-12-31,19325,2296,6,0.9957534074783325
NeuMF,2002,2002-12-31,19325,1416,7,0.995572566986084
NeuMF,2002,2002-12-31,19325,3889,8,0.9949719905853271
NeuMF,2002,2002-12-31,19325,1367,9,0.9947687387466431
NeuMF,2002,2002-12-31,19325,1986,10,0.9937987923622131
NeuMF,2002,2002-12-31,19898,1921,1,0.9995688796043396
NeuMF,2002,2002-12-31,19898,2997,2,0.9992882609367371
NeuMF,2002,2002-12-31,19898,2706,3,0.9991024732589722
NeuMF,2002,2002-12-31,19898,3114,4,0.9986805319786072
NeuMF,2002,2002-12-31,19898,2336,5,0.9984121322631836
NeuMF,2002,2002-12-31,19898,3996,6,0.9982682466506958
NeuMF,2002,2002-12-31,19898,2580,7,0.9981990456581116
NeuMF,2002,2002-12-31,19898,180,8,0.9979707598686218
NeuMF,2002,2002-12-31,19898,3578,9,0.9979483485221863
NeuMF,2002,2002-12-31,19898,24,10,0.9979475140571594
NeuMF,2002,2002-12-31,20128,492,1,0.994513750076294
NeuMF,2002,2002-12-31,20128,4262,2,0.9906401634216309
NeuMF,2002,2002-12-31,20128,1094,3,0.989512026309967
NeuMF,2002,2002-12-31,20128,4034,4,0.9884733557701111
NeuMF,2002,2002-12-31,20128,1673,5,0.9883848428726196
NeuMF,2002,2002-12-31,20128,1097,6,0.9877653121948242
NeuMF,2002,2002-12-31,20128,474,7,0.987697422504425
NeuMF,2002,2002-12-31,20128,2302,8,0.9874958992004395
NeuMF,2002,2002-12-31,20128,3703,9,0.9867746829986572
NeuMF,2002,2002-12-31,20128,1276,10,0.9847407937049866
NeuMF,2002,2002-12-31,20306,1722,1,0.9983671307563782
NeuMF,2002,2002-12-31,20306,1831,2,0.997784435749054
NeuMF,2002,2002-12-31,20306,4388,3,0.997712254524231
NeuMF,2002,2002-12-31,20306,4343,4,0.997570812702179
NeuMF,2002,2002-12-31,20306,4370,5,0.9969252943992615
NeuMF,2002,2002-12-31,20306,485,6,0.9958867430686951
NeuMF,2002,2002-12-31,20306,173,7,0.9957703948020935
NeuMF,2002,2002-12-31,20306,1641,8,0.9943631887435913
NeuMF,2002,2002-12-31,20306,2617,9,0.9941490888595581
NeuMF,2002,2002-12-31,20306,2722,10,0.9921614527702332
NeuMF,2002,2002-12-31,20484,1734,1,0.9982665777206421
NeuMF,2002,2002-12-31,20484,2352,2,0.9980764389038086
NeuMF,2002,2002-12-31,20484,2696,3,0.9979436993598938
NeuMF,2002,2002-12-31,20484,2324,4,0.9973068237304688
NeuMF,2002,2002-12-31,20484,3831,5,0.9972347617149353
NeuMF,2002,2002-12-31,20484,1794,6,0.9966529011726379
NeuMF,2002,2002-12-31,20484,1914,7,0.9965381622314453
NeuMF,2002,2002-12-31,20484,1177,8,0.9962993264198303
NeuMF,2002,2002-12-31,20484,1694,9,0.9962558746337891
NeuMF,2002,2002-12-31,20484,4452,10,0.9962446093559265
NeuMF,2002,2002-12-31,20874,1248,1,0.9997548460960388
NeuMF,2002,2002-12-31,20874,2010,2,0.9994275569915771
NeuMF,2002,2002-12-31,20874,1594,3,0.9993160963058472
NeuMF,2002,2002-12-31,20874,1673,4,0.9978690147399902
NeuMF,2002,2002-12-31,20874,3160,5,0.9973238706588745
NeuMF,2002,2002-12-31,20874,3539,6,0.9968438148498535
NeuMF,2002,2002-12-31,20874,1217,7,0.9963975548744202
NeuMF,2002,2002-12-31,20874,1348,8,0.995855987071991
NeuMF,2002,2002-12-31,20874,2700,9,0.9957784414291382
NeuMF,2002,2002-12-31,20874,488,10,0.9954761862754822
NeuMF,2002,2002-12-31,20905,4034,1,0.9991555213928223
NeuMF,2002,2002-12-31,20905,3865,2,0.997722327709198
NeuMF,2002,2002-12-31,20905,4128,3,0.9948754906654358
NeuMF,2002,2002-12-31,20905,69,4,0.9921371340751648
NeuMF,2002,2002-12-31,20905,216,5,0.9862870573997498
NeuMF,2002,2002-12-31,20905,3812,6,0.9855133891105652
NeuMF,2002,2002-12-31,20905,2959,7,0.9844054579734802
NeuMF,2002,2002-12-31,20905,3993,8,0.9838801026344299
NeuMF,2002,2002-12-31,20905,3270,9,0.9824726581573486
NeuMF,2002,2002-12-31,20905,839,10,0.9808996915817261
NeuMF,2002,2002-12-31,21050,1961,1,0.9990112781524658
NeuMF,2002,2002-12-31,21050,3617,2,0.9962443113327026
NeuMF,2002,2002-12-31,21050,2918,3,0.9954941272735596
NeuMF,2002,2002-12-31,21050,3718,4,0.9944724440574646
NeuMF,2002,2002-12-31,21050,1079,5,0.9937844276428223
NeuMF,2002,2002-12-31,21050,3285,6,0.9936485886573792
NeuMF,2002,2002-12-31,21050,424,7,0.9928764700889587
NeuMF,2002,2002-12-31,21050,2804,8,0.9910893440246582
NeuMF,2002,2002-12-31,21050,2268,9,0.9890207648277283
NeuMF,2002,2002-12-31,21050,3105,10,0.9877899885177612
NeuMF,2002,2002-12-31,21767,2571,1,0.9992532134056091
NeuMF,2002,2002-12-31,21767,2668,2,0.9982550740242004
NeuMF,2002,2002-12-31,21767,2867,3,0.9982271790504456
NeuMF,2002,2002-12-31,21767,2871,4,0.9974703788757324
NeuMF,2002,2002-12-31,21767,3608,5,0.9973098039627075
NeuMF,2002,2002-12-31,21767,2947,6,0.9963611960411072
NeuMF,2002,2002-12-31,21767,2527,7,0.995486319065094
NeuMF,2002,2002-12-31,21767,3700,8,0.9950971007347107
NeuMF,2002,2002-12-31,21767,198,9,0.9950546026229858
NeuMF,2002,2002-12-31,21767,1247,10,0.9949632883071899
NeuMF,2002,2002-12-31,21914,3298,1,0.9995410442352295
NeuMF,2002,2002-12-31,21914,1320,2,0.9989646673202515
NeuMF,2002,2002-12-31,21914,1690,3,0.9987913966178894
NeuMF,2002,2002-12-31,21914,2877,4,0.9980747699737549
NeuMF,2002,2002-12-31,21914,778,5,0.9975009560585022
NeuMF,2002,2002-12-31,21914,2167,6,0.996629536151886
NeuMF,2002,2002-12-31,21914,2976,7,0.9962886571884155
NeuMF,2002,2002-12-31,21914,2702,8,0.9961605072021484
NeuMF,2002,2002-12-31,21914,1717,9,0.9961549639701843
NeuMF,2002,2002-12-31,21914,3852,10,0.9959443211555481
NeuMF,2002,2002-12-31,22095,4019,1,0.9994863271713257
NeuMF,2002,2002-12-31,22095,4022,2,0.998985230922699
NeuMF,2002,2002-12-31,22095,1307,3,0.998950183391571
NeuMF,2002,2002-12-31,22095,919,4,0.9988221526145935
NeuMF,2002,2002-12-31,22095,1247,5,0.998766303062439
NeuMF,2002,2002-12-31,22095,2671,6,0.9972550272941589
NeuMF,2002,2002-12-31,22095,1193,7,0.9965090155601501
NeuMF,2002,2002-12-31,22095,1015,8,0.9958575367927551
NeuMF,2002,2002-12-31,22095,3408,9,0.9949309229850769
NeuMF,2002,2002-12-31,22095,1961,10,0.9939174056053162
NeuMF,2002,2002-12-31,22140,2761,1,0.9995860457420349
NeuMF,2002,2002-12-31,22140,235,2,0.9990070462226868
NeuMF,2002,2002-12-31,22140,4638,3,0.9986351132392883
NeuMF,2002,2002-12-31,22140,2713,4,0.9986074566841125
NeuMF,2002,2002-12-31,22140,1968,5,0.9971504807472229
NeuMF,2002,2002-12-31,22140,2890,6,0.9959551095962524
NeuMF,2002,2002-12-31,22140,1663,7,0.9959477782249451
NeuMF,2002,2002-12-31,22140,2294,8,0.9955936074256897
NeuMF,2002,2002-12-31,22140,1517,9,0.9951848387718201
NeuMF,2002,2002-12-31,22140,2139,10,0.9951466917991638
NeuMF,2002,2002-12-31,22355,2087,1,0.9997041821479797
NeuMF,2002,2002-12-31,22355,2015,2,0.9985055923461914
NeuMF,2002,2002-12-31,22355,1025,3,0.9984549283981323
NeuMF,2002,2002-12-31,22355,362,4,0.9953325390815735
NeuMF,2002,2002-12-31,22355,4090,5,0.994055986404419
NeuMF,2002,2002-12-31,22355,3753,6,0.9940031170845032
NeuMF,2002,2002-12-31,22355,1882,7,0.9922637939453125
NeuMF,2002,2002-12-31,22355,2355,8,0.9922292828559875
NeuMF,2002,2002-12-31,22355,3114,9,0.9915875792503357
NeuMF,2002,2002-12-31,22355,1801,10,0.9907806515693665
NeuMF,2002,2002-12-31,22601,1298,1,0.998007595539093
NeuMF,2002,2002-12-31,22601,29,2,0.9973816275596619
NeuMF,2002,2002-12-31,22601,1173,3,0.9959920048713684
NeuMF,2002,2002-12-31,22601,319,4,0.9947071671485901
NeuMF,2002,2002-12-31,22601,2020,5,0.9925763607025146
NeuMF,2002,2002-12-31,22601,1305,6,0.9923019409179688
NeuMF,2002,2002-12-31,22601,3499,7,0.9918344020843506
NeuMF,2002,2002-12-31,22601,1295,8,0.9918340444564819
NeuMF,2002,2002-12-31,22601,3067,9,0.9916561841964722
NeuMF,2002,2002-12-31,22601,1273,10,0.9908037185668945
NeuMF,2002,2002-12-31,22651,1264,1,0.9998738765716553
NeuMF,2002,2002-12-31,22651,1217,2,0.9997932314872742
NeuMF,2002,2002-12-31,22651,58,3,0.9997115731239319
NeuMF,2002,2002-12-31,22651,1252,4,0.9993249177932739
NeuMF,2002,2002-12-31,22651,1960,5,0.9991575479507446
NeuMF,2002,2002-12-31,22651,1480,6,0.9991452693939209
NeuMF,2002,2002-12-31,22651,1249,7,0.999004065990448
NeuMF,2002,2002-12-31,22651,2067,8,0.9989263415336609
NeuMF,2002,2002-12-31,22651,715,9,0.9988917708396912
NeuMF,2002,2002-12-31,22651,1211,10,0.9984966516494751
NeuMF,2002,2002-12-31,22994,1077,1,0.9995793700218201
NeuMF,2002,2002-12-31,22994,4034,2,0.9991747736930847
NeuMF,2002,2002-12-31,22994,1148,3,0.9990237951278687
NeuMF,2002,2002-12-31,22994,1413,4,0.9987860321998596
NeuMF,2002,2002-12-31,22994,162,5,0.9986265897750854
NeuMF,2002,2002-12-31,22994,3996,6,0.9985811710357666
NeuMF,2002,2002-12-31,22994,50,7,0.9984986782073975
NeuMF,2002,2002-12-31,22994,3783,8,0.9982908368110657
NeuMF,2002,2002-12-31,22994,745,9,0.9980641007423401
NeuMF,2002,2002-12-31,22994,2858,10,0.9976084232330322
NeuMF,2002,2002-12-31,23366,3984,1,0.9981790781021118
NeuMF,2002,2002-12-31,23366,4007,2,0.9978376030921936
NeuMF,2002,2002-12-31,23366,3448,3,0.997448205947876
NeuMF,2002,2002-12-31,23366,1954,4,0.997329831123352
NeuMF,2002,2002-12-31,23366,1955,5,0.9972236156463623
NeuMF,2002,2002-12-31,23366,3753,6,0.99662184715271
NeuMF,2002,2002-12-31,23366,2001,7,0.9965375661849976
NeuMF,2002,2002-12-31,23366,3927,8,0.9964558482170105
NeuMF,2002,2002-12-31,23366,3363,9,0.9953957200050354
NeuMF,2002,2002-12-31,23366,2861,10,0.9953845143318176
NeuMF,2002,2002-12-31,23530,920,1,0.9999066591262817
NeuMF,2002,2002-12-31,23530,2028,2,0.9994627833366394
NeuMF,2002,2002-12-31,23530,1242,3,0.999303936958313
NeuMF,2002,2002-12-31,23530,1270,4,0.9992145299911499
NeuMF,2002,2002-12-31,23530,1196,5,0.9986875653266907
NeuMF,2002,2002-12-31,23530,1221,6,0.9985149502754211
NeuMF,2002,2002-12-31,23530,1608,7,0.9983798265457153
NeuMF,2002,2002-12-31,23530,1954,8,0.9983332753181458
NeuMF,2002,2002-12-31,23530,1278,9,0.9982043504714966
NeuMF,2002,2002-12-31,23530,1674,10,0.9981992840766907
NeuMF,2002,2002-12-31,23582,3365,1,0.9993225336074829
NeuMF,2002,2002-12-31,23582,3681,2,0.9990304708480835
NeuMF,2002,2002-12-31,23582,3704,3,0.9978981018066406
NeuMF,2002,2002-12-31,23582,1302,4,0.9975454211235046
NeuMF,2002,2002-12-31,23582,3210,5,0.9929065704345703
NeuMF,2002,2002-12-31,23582,2890,6,0.9920405745506287
NeuMF,2002,2002-12-31,23582,954,7,0.9914946556091309
NeuMF,2002,2002-12-31,23582,2288,8,0.991125762462616
NeuMF,2002,2002-12-31,23582,2951,9,0.98974609375
NeuMF,2002,2002-12-31,23582,1517,10,0.9890056848526001
NeuMF,2002,2002-12-31,23604,2436,1,0.9994605183601379
NeuMF,2002,2002-12-31,23604,1148,2,0.998184859752655
NeuMF,2002,2002-12-31,23604,2062,3,0.9975500702857971
NeuMF,2002,2002-12-31,23604,2829,4,0.9971060156822205
NeuMF,2002,2002-12-31,23604,1050,5,0.9967818260192871
NeuMF,2002,2002-12-31,23604,2721,6,0.9963812232017517
NeuMF,2002,2002-12-31,23604,1449,7,0.9963719844818115
NeuMF,2002,2002-12-31,23604,1256,8,0.9962199330329895
NeuMF,2002,2002-12-31,23604,1131,9,0.9953088164329529
NeuMF,2002,2002-12-31,23604,720,10,0.9952427744865417
NeuMF,2002,2002-12-31,23642,2966,1,0.9996150732040405
NeuMF,2002,2002-12-31,23642,1248,2,0.9926647543907166
NeuMF,2002,2002-12-31,23642,1252,3,0.9923394918441772
NeuMF,2002,2002-12-31,23642,913,4,0.988806962966919
NeuMF,2002,2002-12-31,23642,3078,5,0.9856598377227783
NeuMF,2002,2002-12-31,23642,1282,6,0.9846541881561279
NeuMF,2002,2002-12-31,23642,2624,7,0.9828652143478394
NeuMF,2002,2002-12-31,23642,1264,8,0.9720078110694885
NeuMF,2002,2002-12-31,23642,3949,9,0.9655724763870239
NeuMF,2002,2002-12-31,23642,3483,10,0.9655330181121826
NeuMF,2002,2002-12-31,23747,4234,1,0.9988981485366821
NeuMF,2002,2002-12-31,23747,111,2,0.9983782768249512
NeuMF,2002,2002-12-31,23747,4239,3,0.9976794123649597
NeuMF,2002,2002-12-31,23747,4378,4,0.9970017075538635
NeuMF,2002,2002-12-31,23747,1617,5,0.9969995021820068
NeuMF,2002,2002-12-31,23747,260,6,0.9968217611312866
NeuMF,2002,2002-12-31,23747,4448,7,0.9967541098594666
NeuMF,2002,2002-12-31,23747,3730,8,0.9947993755340576
NeuMF,2002,2002-12-31,23747,3741,9,0.9936798810958862
NeuMF,2002,2002-12-31,23747,608,10,0.9916912317276001
NeuMF,2002,2002-12-31,23918,2329,1,0.9985601305961609
NeuMF,2002,2002-12-31,23918,3053,2,0.9977631568908691
NeuMF,2002,2002-12-31,23918,1732,3,0.997194766998291
NeuMF,2002,2002-12-31,23918,1356,4,0.9969311952590942
NeuMF,2002,2002-12-31,23918,1552,5,0.9969242215156555
NeuMF,2002,2002-12-31,23918,2542,6,0.9959904551506042
NeuMF,2002,2002-12-31,23918,296,7,0.9952608942985535
NeuMF,2002,2002-12-31,23918,2231,8,0.9949238896369934
NeuMF,2002,2002-12-31,23918,2605,9,0.9948429465293884
NeuMF,2002,2002-12-31,23918,2306,10,0.9947091341018677
NeuMF,2002,2002-12-31,23923,4238,1,0.9994142055511475
NeuMF,2002,2002-12-31,23923,4270,2,0.9948058724403381
NeuMF,2002,2002-12-31,23923,3301,3,0.9940797090530396
NeuMF,2002,2002-12-31,23923,2490,4,0.9938487410545349
NeuMF,2002,2002-12-31,23923,743,5,0.9933034777641296
NeuMF,2002,2002-12-31,23923,3825,6,0.9920137524604797
NeuMF,2002,2002-12-31,23923,491,7,0.9918232560157776
NeuMF,2002,2002-12-31,23923,1769,8,0.9893450140953064
NeuMF,2002,2002-12-31,23923,3744,9,0.989302933216095
NeuMF,2002,2002-12-31,23923,1488,10,0.9885860085487366
NeuMF,2002,2002-12-31,24023,2364,1,0.9997357726097107
NeuMF,2002,2002-12-31,24023,327,2,0.9995319843292236
NeuMF,2002,2002-12-31,24023,3697,3,0.9994006156921387
NeuMF,2002,2002-12-31,24023,4081,4,0.9989192485809326
NeuMF,2002,2002-12-31,24023,1257,5,0.998842716217041
NeuMF,2002,2002-12-31,24023,4321,6,0.9984827637672424
NeuMF,2002,2002-12-31,24023,4526,7,0.9983077049255371
NeuMF,2002,2002-12-31,24023,1020,8,0.9979058504104614
NeuMF,2002,2002-12-31,24023,2625,9,0.9978364109992981
NeuMF,2002,2002-12-31,24023,3396,10,0.9977318644523621
NeuMF,2002,2002-12-31,24034,2396,1,0.9985440969467163
NeuMF,2002,2002-12-31,24034,1197,2,0.9979701638221741
NeuMF,2002,2002-12-31,24034,2248,3,0.9964097142219543
NeuMF,2002,2002-12-31,24034,1290,4,0.9945388436317444
NeuMF,2002,2002-12-31,24034,2291,5,0.993539035320282
NeuMF,2002,2002-12-31,24034,1961,6,0.9927499294281006
NeuMF,2002,2002-12-31,24034,2716,7,0.9924554824829102
NeuMF,2002,2002-12-31,24034,2443,8,0.9910097122192383
NeuMF,2002,2002-12-31,24034,3528,9,0.990628182888031
NeuMF,2002,2002-12-31,24034,3578,10,0.9894830584526062
NeuMF,2002,2002-12-31,24100,3909,1,0.9997506737709045
NeuMF,2002,2002-12-31,24100,4023,2,0.9996352195739746
NeuMF,2002,2002-12-31,24100,4285,3,0.9995757937431335
NeuMF,2002,2002-12-31,24100,4019,4,0.9995005130767822
NeuMF,2002,2002-12-31,24100,4021,5,0.9994100332260132
NeuMF,2002,2002-12-31,24100,2996,6,0.9993951320648193
NeuMF,2002,2002-12-31,24100,3409,7,0.999322772026062
NeuMF,2002,2002-12-31,24100,4031,8,0.9991297125816345
NeuMF,2002,2002-12-31,24100,4720,9,0.9989696741104126
NeuMF,2002,2002-12-31,24100,4366,10,0.9985108971595764
NeuMF,2002,2002-12-31,24670,3070,1,0.9981305003166199
NeuMF,2002,2002-12-31,24670,2117,2,0.9978793859481812
NeuMF,2002,2002-12-31,24670,1299,3,0.9967382550239563
NeuMF,2002,2002-12-31,24670,2020,4,0.9964700937271118
NeuMF,2002,2002-12-31,24670,1927,5,0.9949747323989868
NeuMF,2002,2002-12-31,24670,1296,6,0.9948797225952148
NeuMF,2002,2002-12-31,24670,2130,7,0.9945430755615234
NeuMF,2002,2002-12-31,24670,1264,8,0.9944981932640076
NeuMF,2002,2002-12-31,24670,2065,9,0.9944143295288086
NeuMF,2002,2002-12-31,24670,1293,10,0.994182288646698
NeuMF,2002,2002-12-31,24830,2966,1,0.9956858158111572
NeuMF,2002,2002-12-31,24830,1537,2,0.9955052137374878
NeuMF,2002,2002-12-31,24830,2942,3,0.9937670230865479
NeuMF,2002,2002-12-31,24830,3831,4,0.9933915138244629
NeuMF,2002,2002-12-31,24830,2174,5,0.9919798374176025
NeuMF,2002,2002-12-31,24830,3408,6,0.9917616844177246
NeuMF,2002,2002-12-31,24830,3251,7,0.9912022352218628
NeuMF,2002,2002-12-31,24830,3618,8,0.9907082319259644
NeuMF,2002,2002-12-31,24830,3100,9,0.9874509572982788
NeuMF,2002,2002-12-31,24830,3529,10,0.9860672354698181
NeuMF,2002,2002-12-31,25227,3180,1,0.9987855553627014
NeuMF,2002,2002-12-31,25227,3513,2,0.99869304895401
NeuMF,2002,2002-12-31,25227,3717,3,0.997990608215332
NeuMF,2002,2002-12-31,25227,3948,4,0.9978383183479309
NeuMF,2002,2002-12-31,25227,3301,5,0.9977210164070129
NeuMF,2002,2002-12-31,25227,1517,6,0.9951335787773132
NeuMF,2002,2002-12-31,25227,3146,7,0.9941148161888123
NeuMF,2002,2002-12-31,25227,3616,8,0.9929218888282776
NeuMF,2002,2002-12-31,25227,2908,9,0.9921287298202515
NeuMF,2002,2002-12-31,25227,3535,10,0.9916115403175354
NeuMF,2002,2002-12-31,25480,4019,1,0.9998615980148315
NeuMF,2002,2002-12-31,25480,3998,2,0.9985777139663696
NeuMF,2002,2002-12-31,25480,2071,3,0.9983952641487122
NeuMF,2002,2002-12-31,25480,1784,4,0.998241662979126
NeuMF,2002,2002-12-31,25480,1366,5,0.9980133771896362
NeuMF,2002,2002-12-31,25480,2915,6,0.9979677796363831
NeuMF,2002,2002-12-31,25480,3176,7,0.9971004128456116
NeuMF,2002,2002-12-31,25480,1678,8,0.9950065612792969
NeuMF,2002,2002-12-31,25480,2803,9,0.9945711493492126
NeuMF,2002,2002-12-31,25480,1358,10,0.9938257932662964
NeuMF,2002,2002-12-31,25914,3424,1,0.9990900754928589
NeuMF,2002,2002-12-31,25914,1247,2,0.9979713559150696
NeuMF,2002,2002-12-31,25914,1193,3,0.9962970614433289
NeuMF,2002,2002-12-31,25914,1883,4,0.9959049820899963
NeuMF,2002,2002-12-31,25914,1231,5,0.9958786964416504
NeuMF,2002,2002-12-31,25914,1265,6,0.9957626461982727
NeuMF,2002,2002-12-31,25914,2352,7,0.9949023723602295
NeuMF,2002,2002-12-31,25914,3448,8,0.9945366382598877
NeuMF,2002,2002-12-31,25914,1732,9,0.9944118857383728
NeuMF,2002,2002-12-31,25914,1617,10,0.9944117665290833
NeuMF,2002,2002-12-31,26056,441,1,0.9993022680282593
NeuMF,2002,2002-12-31,26056,1673,2,0.9988086223602295
NeuMF,2002,2002-12-31,26056,1288,3,0.9984326958656311
NeuMF,2002,2002-12-31,26056,1200,4,0.9983880519866943
NeuMF,2002,2002-12-31,26056,2580,5,0.9982377290725708
NeuMF,2002,2002-12-31,26056,2064,6,0.9968926906585693
NeuMF,2002,2002-12-31,26056,4993,7,0.9964029788970947
NeuMF,2002,2002-12-31,26056,1997,8,0.9961458444595337
NeuMF,2002,2002-12-31,26056,2692,9,0.9953820109367371
NeuMF,2002,2002-12-31,26056,2193,10,0.9953077435493469
NeuMF,2002,2002-12-31,26563,2791,1,0.9955297112464905
NeuMF,2002,2002-12-31,26563,2759,2,0.9942346215248108
NeuMF,2002,2002-12-31,26563,2716,3,0.993486762046814
NeuMF,2002,2002-12-31,26563,3159,4,0.992554247379303
NeuMF,2002,2002-12-31,26563,2761,5,0.9917210340499878
NeuMF,2002,2002-12-31,26563,2770,6,0.9901701807975769
NeuMF,2002,2002-12-31,26563,2194,7,0.9886400699615479
NeuMF,2002,2002-12-31,26563,1270,8,0.9873008728027344
NeuMF,2002,2002-12-31,26563,1148,9,0.9866806864738464
NeuMF,2002,2002-12-31,26563,910,10,0.9861711859703064
NeuMF,2002,2002-12-31,26817,2628,1,0.9970095157623291
NeuMF,2002,2002-12-31,26817,1608,2,0.9966160655021667
NeuMF,2002,2002-12-31,26817,3404,3,0.996055006980896
NeuMF,2002,2002-12-31,26817,4018,4,0.9950435161590576
NeuMF,2002,2002-12-31,26817,3107,5,0.9939569234848022
NeuMF,2002,2002-12-31,26817,4310,6,0.9922608733177185
NeuMF,2002,2002-12-31,26817,356,7,0.991939127445221
NeuMF,2002,2002-12-31,26817,3999,8,0.9912669062614441
NeuMF,2002,2002-12-31,26817,780,9,0.9911435842514038
NeuMF,2002,2002-12-31,26817,368,10,0.9908835291862488
NeuMF,2002,2002-12-31,27037,2944,1,0.9994301199913025
NeuMF,2002,2002-12-31,27037,6,2,0.9989744424819946
NeuMF,2002,2002-12-31,27037,3062,3,0.9984976053237915
NeuMF,2002,2002-12-31,27037,1247,4,0.9981655478477478
NeuMF,2002,2002-12-31,27037,912,5,0.9980019927024841
NeuMF,2002,2002-12-31,27037,1208,6,0.9977865219116211
NeuMF,2002,2002-12-31,27037,2396,7,0.9969140291213989
NeuMF,2002,2002-12-31,27037,2985,8,0.9952638149261475
NeuMF,2002,2002-12-31,27037,2951,9,0.9949458241462708
NeuMF,2002,2002-12-31,27037,1250,10,0.9936574101448059
NeuMF,2002,2002-12-31,27046,1584,1,0.9995080232620239
NeuMF,2002,2002-12-31,27046,1704,2,0.9992751479148865
NeuMF,2002,2002-12-31,27046,3317,3,0.9990990161895752
NeuMF,2002,2002-12-31,27046,1466,4,0.9973606467247009
NeuMF,2002,2002-12-31,27046,1729,5,0.9972044825553894
NeuMF,2002,2002-12-31,27046,858,6,0.9970266222953796
NeuMF,2002,2002-12-31,27046,1270,7,0.9966132044792175
NeuMF,2002,2002-12-31,27046,1580,8,0.9966111779212952
NeuMF,2002,2002-12-31,27046,2712,9,0.9966096878051758
NeuMF,2002,2002-12-31,27046,3173,10,0.9964796900749207
NeuMF,2002,2002-12-31,27103,319,1,0.9995718598365784
NeuMF,2002,2002-12-31,27103,4577,2,0.999170184135437
NeuMF,2002,2002-12-31,27103,3996,3,0.9987290501594543
NeuMF,2002,2002-12-31,27103,3578,4,0.9986557960510254
NeuMF,2002,2002-12-31,27103,1127,5,0.9980365633964539
NeuMF,2002,2002-12-31,27103,3755,6,0.9971209168434143
NeuMF,2002,2002-12-31,27103,161,7,0.9966142773628235
NeuMF,2002,2002-12-31,27103,4034,8,0.9953621029853821
NeuMF,2002,2002-12-31,27103,1358,9,0.9946692585945129
NeuMF,2002,2002-12-31,27103,349,10,0.9940370321273804
NeuMF,2002,2002-12-31,27314,2125,1,0.9993382096290588
NeuMF,2002,2002-12-31,27314,3114,2,0.9981050491333008
NeuMF,2002,2002-12-31,27314,4310,3,0.9968525767326355
NeuMF,2002,2002-12-31,27314,4246,4,0.9966669678688049
NeuMF,2002,2002-12-31,27314,2541,5,0.9963957667350769
NeuMF,2002,2002-12-31,27314,1398,6,0.9963924288749695
NeuMF,2002,2002-12-31,27314,3916,7,0.9959670305252075
NeuMF,2002,2002-12-31,27314,3147,8,0.9957602620124817
NeuMF,2002,2002-12-31,27314,2269,9,0.994272768497467
NeuMF,2002,2002-12-31,27314,3148,10,0.9930483102798462
NeuMF,2002,2002-12-31,27435,2605,1,0.9992784857749939
NeuMF,2002,2002-12-31,27435,3198,2,0.9990319013595581
NeuMF,2002,2002-12-31,27435,2527,3,0.9985870122909546
NeuMF,2002,2002-12-31,27435,2724,4,0.998501181602478
NeuMF,2002,2002-12-31,27435,3005,5,0.9980044960975647
NeuMF,2002,2002-12-31,27435,3703,6,0.9975318908691406
NeuMF,2002,2002-12-31,27435,3753,7,0.9974033236503601
NeuMF,2002,2002-12-31,27435,2529,8,0.9970154762268066
NeuMF,2002,2002-12-31,27435,2455,9,0.996891438961029
NeuMF,2002,2002-12-31,27435,2985,10,0.9964603781700134
NeuMF,2002,2002-12-31,27455,1966,1,0.9974836707115173
NeuMF,2002,2002-12-31,27455,14,2,0.9971436858177185
NeuMF,2002,2002-12-31,27455,1673,3,0.9963261485099792
NeuMF,2002,2002-12-31,27455,3953,4,0.9952594637870789
NeuMF,2002,2002-12-31,27455,2952,5,0.9947252869606018
NeuMF,2002,2002-12-31,27455,1246,6,0.9942118525505066
NeuMF,2002,2002-12-31,27455,1344,7,0.9941627383232117
NeuMF,2002,2002-12-31,27455,2594,8,0.9940431714057922
NeuMF,2002,2002-12-31,27455,1228,9,0.9930300116539001
NeuMF,2002,2002-12-31,27455,2966,10,0.9926888346672058
NeuMF,2002,2002-12-31,27729,1251,1,0.999779999256134
NeuMF,2002,2002-12-31,27729,1464,2,0.9993834495544434
NeuMF,2002,2002-12-31,27729,1284,3,0.9990556836128235
NeuMF,2002,2002-12-31,27729,1230,4,0.9985881447792053
NeuMF,2002,2002-12-31,27729,1235,5,0.9983254075050354
NeuMF,2002,2002-12-31,27729,778,6,0.9982333183288574
NeuMF,2002,2002-12-31,27729,1199,7,0.9981151819229126
NeuMF,2002,2002-12-31,27729,176,8,0.9977376461029053
NeuMF,2002,2002-12-31,27729,1244,9,0.9974894523620605
NeuMF,2002,2002-12-31,27729,1248,10,0.9974494576454163
NeuMF,2002,2002-12-31,27777,1398,1,0.9930938482284546
NeuMF,2002,2002-12-31,27777,543,2,0.9888468384742737
NeuMF,2002,2002-12-31,27777,205,3,0.9866090416908264
NeuMF,2002,2002-12-31,27777,73,4,0.9836475253105164
NeuMF,2002,2002-12-31,27777,3271,5,0.9835708141326904
NeuMF,2002,2002-12-31,27777,783,6,0.9834951758384705
NeuMF,2002,2002-12-31,27777,3317,7,0.9833371043205261
NeuMF,2002,2002-12-31,27777,2491,8,0.9793660640716553
NeuMF,2002,2002-12-31,27777,4308,9,0.9776688814163208
NeuMF,2002,2002-12-31,27777,1951,10,0.9758904576301575
NeuMF,2002,2002-12-31,28207,4701,1,0.9991410970687866
NeuMF,2002,2002-12-31,28207,4886,2,0.9989407658576965
NeuMF,2002,2002-12-31,28207,4225,3,0.9984630346298218
NeuMF,2002,2002-12-31,28207,2273,4,0.9983713030815125
NeuMF,2002,2002-12-31,28207,4034,5,0.9978088736534119
NeuMF,2002,2002-12-31,28207,1036,6,0.9969469904899597
NeuMF,2002,2002-12-31,28207,4993,7,0.9968904852867126
NeuMF,2002,2002-12-31,28207,4161,8,0.9967781901359558
NeuMF,2002,2002-12-31,28207,2,9,0.9967691898345947
NeuMF,2002,2002-12-31,28207,4011,10,0.9964548349380493
NeuMF,2002,2002-12-31,28648,2700,1,0.9998140931129456
NeuMF,2002,2002-12-31,28648,111,2,0.9997443556785583
NeuMF,2002,2002-12-31,28648,3362,3,0.999180257320404
NeuMF,2002,2002-12-31,28648,3730,4,0.9984827637672424
NeuMF,2002,2002-12-31,28648,190,5,0.9978396892547607
NeuMF,2002,2002-12-31,28648,1285,6,0.9978272318840027
NeuMF,2002,2002-12-31,28648,1252,7,0.9975416660308838
NeuMF,2002,2002-12-31,28648,3083,8,0.9971209168434143
NeuMF,2002,2002-12-31,28648,2600,9,0.9968608617782593
NeuMF,2002,2002-12-31,28648,1994,10,0.9967599511146545
NeuMF,2002,2002-12-31,28777,3083,1,0.9996538162231445
NeuMF,2002,2002-12-31,28777,3160,2,0.9994282126426697
NeuMF,2002,2002-12-31,28777,176,3,0.9993941783905029
NeuMF,2002,2002-12-31,28777,492,4,0.9991900324821472
NeuMF,2002,2002-12-31,28777,1179,5,0.9991594552993774
NeuMF,2002,2002-12-31,28777,1600,6,0.9989413619041443
NeuMF,2002,2002-12-31,28777,1219,7,0.9987047910690308
NeuMF,2002,2002-12-31,28777,1078,8,0.9977250695228577
NeuMF,2002,2002-12-31,28777,764,9,0.9946426153182983
NeuMF,2002,2002-12-31,28777,230,10,0.9935865998268127
NeuMF,2002,2002-12-31,28819,3163,1,0.9985151886940002
NeuMF,2002,2002-12-31,28819,2971,2,0.9982000589370728
NeuMF,2002,2002-12-31,28819,162,3,0.998193085193634
NeuMF,2002,2002-12-31,28819,3543,4,0.9979280233383179
NeuMF,2002,2002-12-31,28819,1090,5,0.9968522191047668
NeuMF,2002,2002-12-31,28819,3504,6,0.9962210655212402
NeuMF,2002,2002-12-31,28819,493,7,0.9959307312965393
NeuMF,2002,2002-12-31,28819,2570,8,0.9955009818077087
NeuMF,2002,2002-12-31,28819,3506,9,0.9953233599662781
NeuMF,2002,2002-12-31,28819,1186,10,0.9926649928092957
NeuMF,2002,2002-12-31,29288,839,1,0.9995269775390625
NeuMF,2002,2002-12-31,29288,663,2,0.999293327331543
NeuMF,2002,2002-12-31,29288,1320,3,0.9961842894554138
NeuMF,2002,2002-12-31,29288,3254,4,0.9956782460212708
NeuMF,2002,2002-12-31,29288,2294,5,0.9952801465988159
NeuMF,2002,2002-12-31,29288,784,6,0.9948506951332092
NeuMF,2002,2002-12-31,29288,3477,7,0.9940549731254578
NeuMF,2002,2002-12-31,29288,2139,8,0.9935793876647949
NeuMF,2002,2002-12-31,29288,1405,9,0.9923359751701355
NeuMF,2002,2002-12-31,29288,1243,10,0.9920654892921448
NeuMF,2002,2002-12-31,29721,3798,1,0.9995612502098083
NeuMF,2002,2002-12-31,29721,3174,2,0.999405026435852
NeuMF,2002,2002-12-31,29721,2710,3,0.9991119503974915
NeuMF,2002,2002-12-31,29721,253,4,0.9989107847213745
NeuMF,2002,2002-12-31,29721,3354,5,0.9983739852905273
NeuMF,2002,2002-12-31,29721,4022,6,0.9983429908752441
NeuMF,2002,2002-12-31,29721,2997,7,0.9982300400733948
NeuMF,2002,2002-12-31,29721,2700,8,0.9978286623954773
NeuMF,2002,2002-12-31,29721,2541,9,0.9973540306091309
NeuMF,2002,2002-12-31,29721,3300,10,0.996976375579834
NeuMF,2002,2002-12-31,30157,2132,1,0.9974785447120667
NeuMF,2002,2002-12-31,30157,1293,2,0.9964331388473511
NeuMF,2002,2002-12-31,30157,1909,3,0.9962932467460632
NeuMF,2002,2002-12-31,30157,2430,4,0.9948722720146179
NeuMF,2002,2002-12-31,30157,2916,5,0.9941889047622681
NeuMF,2002,2002-12-31,30157,589,6,0.9939472675323486
NeuMF,2002,2002-12-31,30157,3471,7,0.9933585524559021
NeuMF,2002,2002-12-31,30157,849,8,0.9931443929672241
NeuMF,2002,2002-12-31,30157,2770,9,0.9921830296516418
NeuMF,2002,2002-12-31,30157,4148,10,0.9920326471328735
NeuMF,2002,2002-12-31,30577,4238,1,0.9983343482017517
NeuMF,2002,2002-12-31,30577,2236,2,0.997195839881897
NeuMF,2002,2002-12-31,30577,1672,3,0.9965580105781555
NeuMF,2002,2002-12-31,30577,4448,4,0.9960620999336243
NeuMF,2002,2002-12-31,30577,22,5,0.9959636926651001
NeuMF,2002,2002-12-31,30577,2795,6,0.9946984052658081
NeuMF,2002,2002-12-31,30577,2301,7,0.9932460784912109
NeuMF,2002,2002-12-31,30577,4030,8,0.9927965998649597
NeuMF,2002,2002-12-31,30577,3505,9,0.9915339350700378
NeuMF,2002,2002-12-31,30577,2688,10,0.9913240671157837
NeuMF,2002,2002-12-31,30635,6,1,0.9997369647026062
NeuMF,2002,2002-12-31,30635,555,2,0.9986833930015564
NeuMF,2002,2002-12-31,30635,1639,3,0.9974368214607239
NeuMF,2002,2002-12-31,30635,1732,4,0.9957633018493652
NeuMF,2002,2002-12-31,30635,2916,5,0.9956831932067871
NeuMF,2002,2002-12-31,30635,608,6,0.994835615158081
NeuMF,2002,2002-12-31,30635,1265,7,0.9938831329345703
NeuMF,2002,2002-12-31,30635,1060,8,0.9936584830284119
NeuMF,2002,2002-12-31,30635,1625,9,0.9934978485107422
NeuMF,2002,2002-12-31,30635,2329,10,0.9930425882339478
NeuMF,2002,2002-12-31,30713,2942,1,0.9993452429771423
NeuMF,2002,2002-12-31,30713,2259,2,0.9988492727279663
NeuMF,2002,2002-12-31,30713,2406,3,0.9980015158653259
NeuMF,2002,2002-12-31,30713,2379,4,0.9977020621299744
NeuMF,2002,2002-12-31,30713,2468,5,0.9975023865699768
NeuMF,2002,2002-12-31,30713,2524,6,0.9973680377006531
NeuMF,2002,2002-12-31,30713,2404,7,0.997353196144104
NeuMF,2002,2002-12-31,30713,2245,8,0.996755063533783
NeuMF,2002,2002-12-31,30713,2080,9,0.9962700605392456
NeuMF,2002,2002-12-31,30713,2899,10,0.9959021210670471
NeuMF,2002,2002-12-31,31296,306,1,0.9998414516448975
NeuMF,2002,2002-12-31,31296,2924,2,0.9998032450675964
NeuMF,2002,2002-12-31,31296,101,3,0.9993637204170227
NeuMF,2002,2002-12-31,31296,858,4,0.9990988969802856
NeuMF,2002,2002-12-31,31296,308,5,0.99852055311203
NeuMF,2002,2002-12-31,31296,4653,6,0.9979643821716309
NeuMF,2002,2002-12-31,31296,1809,7,0.9975687861442566
NeuMF,2002,2002-12-31,31296,3910,8,0.9975062012672424
NeuMF,2002,2002-12-31,31296,714,9,0.997261643409729
NeuMF,2002,2002-12-31,31296,2360,10,0.9970591068267822
NeuMF,2002,2002-12-31,31498,1247,1,0.9998652935028076
NeuMF,2002,2002-12-31,31498,910,2,0.9997631907463074
NeuMF,2002,2002-12-31,31498,905,3,0.9996542930603027
NeuMF,2002,2002-12-31,31498,1230,4,0.9996293783187866
NeuMF,2002,2002-12-31,31498,916,5,0.9995388984680176
NeuMF,2002,2002-12-31,31498,908,6,0.9994018077850342
NeuMF,2002,2002-12-31,31498,898,7,0.9991788268089294
NeuMF,2002,2002-12-31,31498,1136,8,0.9991142153739929
NeuMF,2002,2002-12-31,31498,1250,9,0.9987169504165649
NeuMF,2002,2002-12-31,31498,1278,10,0.9986664056777954
NeuMF,2002,2002-12-31,31521,1304,1,0.9979183077812195
NeuMF,2002,2002-12-31,31521,4993,2,0.9977784752845764
NeuMF,2002,2002-12-31,31521,4306,3,0.9970859885215759
NeuMF,2002,2002-12-31,31521,2112,4,0.9951598048210144
NeuMF,2002,2002-12-31,31521,4639,5,0.9939762353897095
NeuMF,2002,2002-12-31,31521,1968,6,0.993724524974823
NeuMF,2002,2002-12-31,31521,1080,7,0.9932172894477844
NeuMF,2002,2002-12-31,31521,1955,8,0.9917901754379272
NeuMF,2002,2002-12-31,31521,1667,9,0.9915871620178223
NeuMF,2002,2002-12-31,31521,1288,10,0.9912276864051819
NeuMF,2002,2002-12-31,32198,2985,1,0.9994500279426575
NeuMF,2002,2002-12-31,32198,1221,2,0.9977120161056519
NeuMF,2002,2002-12-31,32198,858,3,0.9976786971092224
NeuMF,2002,2002-12-31,32198,2961,4,0.9972075819969177
NeuMF,2002,2002-12-31,32198,3006,5,0.9970605969429016
NeuMF,2002,2002-12-31,32198,2572,6,0.9967491626739502
NeuMF,2002,2002-12-31,32198,2580,7,0.9934717416763306
NeuMF,2002,2002-12-31,32198,1036,8,0.9933573603630066
NeuMF,2002,2002-12-31,32198,2856,9,0.9929817914962769
NeuMF,2002,2002-12-31,32198,2918,10,0.9923844337463379
NeuMF,2002,2002-12-31,32312,1673,1,0.9972532391548157
NeuMF,2002,2002-12-31,32312,2042,2,0.9965031147003174
NeuMF,2002,2002-12-31,32312,616,3,0.9962416887283325
NeuMF,2002,2002-12-31,32312,2291,4,0.9961102604866028
NeuMF,2002,2002-12-31,32312,1350,5,0.9960705041885376
NeuMF,2002,2002-12-31,32312,2581,6,0.9947571754455566
NeuMF,2002,2002-12-31,32312,2138,7,0.9947314262390137
NeuMF,2002,2002-12-31,32312,2021,8,0.994654655456543
NeuMF,2002,2002-12-31,32312,1342,9,0.9939367175102234
NeuMF,2002,2002-12-31,32312,1584,10,0.9929559230804443
NeuMF,2002,2002-12-31,32457,3578,1,0.9966421127319336
NeuMF,2002,2002-12-31,32457,2321,2,0.9965092539787292
NeuMF,2002,2002-12-31,32457,3863,3,0.9961645603179932
NeuMF,2002,2002-12-31,32457,3285,4,0.9960333704948425
NeuMF,2002,2002-12-31,32457,4718,5,0.9956799745559692
NeuMF,2002,2002-12-31,32457,3623,6,0.9945584535598755
NeuMF,2002,2002-12-31,32457,3300,7,0.9943515062332153
NeuMF,2002,2002-12-31,32457,1396,8,0.993984043598175
NeuMF,2002,2002-12-31,32457,3527,9,0.993627667427063
NeuMF,2002,2002-12-31,32457,2353,10,0.9936144351959229
NeuMF,2002,2002-12-31,32711,322,1,0.9994066953659058
NeuMF,2002,2002-12-31,32711,914,2,0.9973089694976807
NeuMF,2002,2002-12-31,32711,3102,3,0.9963356256484985
NeuMF,2002,2002-12-31,32711,2908,4,0.9944776296615601
NeuMF,2002,2002-12-31,32711,2527,5,0.9929499626159668
NeuMF,2002,2002-12-31,32711,2357,6,0.992658793926239
NeuMF,2002,2002-12-31,32711,1082,7,0.9922459721565247
NeuMF,2002,2002-12-31,32711,965,8,0.9914741516113281
NeuMF,2002,2002-12-31,32711,3152,9,0.9897255301475525
NeuMF,2002,2002-12-31,32711,549,10,0.9885340332984924
NeuMF,2002,2002-12-31,32935,4023,1,0.9993139505386353
NeuMF,2002,2002-12-31,32935,1225,2,0.9992225170135498
NeuMF,2002,2002-12-31,32935,2137,3,0.9981416463851929
NeuMF,2002,2002-12-31,32935,4232,4,0.9980981945991516
NeuMF,2002,2002-12-31,32935,5060,5,0.9971163272857666
NeuMF,2002,2002-12-31,32935,2087,6,0.9970945119857788
NeuMF,2002,2002-12-31,32935,4993,7,0.99676513671875
NeuMF,2002,2002-12-31,32935,3408,8,0.9964296221733093
NeuMF,2002,2002-12-31,32935,616,9,0.9952911138534546
NeuMF,2002,2002-12-31,32935,1234,10,0.9950165152549744
NeuMF,2002,2002-12-31,32974,3061,1,0.9998444318771362
NeuMF,2002,2002-12-31,32974,2870,2,0.9992259740829468
NeuMF,2002,2002-12-31,32974,2874,3,0.9992170333862305
NeuMF,2002,2002-12-31,32974,2511,4,0.9988045692443848
NeuMF,2002,2002-12-31,32974,1949,5,0.9987117052078247
NeuMF,2002,2002-12-31,32974,2312,6,0.9976484179496765
NeuMF,2002,2002-12-31,32974,3037,7,0.9975501894950867
NeuMF,2002,2002-12-31,32974,2983,8,0.9969491362571716
NeuMF,2002,2002-12-31,32974,3076,9,0.9968909621238708
NeuMF,2002,2002-12-31,32974,1256,10,0.9968405961990356
NeuMF,2002,2002-12-31,33172,483,1,0.9983766078948975
NeuMF,2002,2002-12-31,33172,385,2,0.9968632459640503
NeuMF,2002,2002-12-31,33172,3789,3,0.9938980937004089
NeuMF,2002,2002-12-31,33172,2836,4,0.9925268888473511
NeuMF,2002,2002-12-31,33172,2578,5,0.9896990656852722
NeuMF,2002,2002-12-31,33172,2347,6,0.9894834160804749
NeuMF,2002,2002-12-31,33172,2753,7,0.9890519976615906
NeuMF,2002,2002-12-31,33172,2069,8,0.9888749122619629
NeuMF,2002,2002-12-31,33172,68,9,0.9884340167045593
NeuMF,2002,2002-12-31,33172,40,10,0.988124430179596
NeuMF,2002,2002-12-31,33364,2124,1,0.9992774128913879
NeuMF,2002,2002-12-31,33364,157,2,0.9975679516792297
NeuMF,2002,2002-12-31,33364,2378,3,0.9958156943321228
NeuMF,2002,2002-12-31,33364,151,4,0.9949297308921814
NeuMF,2002,2002-12-31,33364,1220,5,0.9946828484535217
NeuMF,2002,2002-12-31,33364,3263,6,0.9946804642677307
NeuMF,2002,2002-12-31,33364,2134,7,0.9946085214614868
NeuMF,2002,2002-12-31,33364,1125,8,0.9943832159042358
NeuMF,2002,2002-12-31,33364,596,9,0.9941433072090149
NeuMF,2002,2002-12-31,33364,2097,10,0.9938513040542603
NeuMF,2002,2002-12-31,33783,2137,1,0.9996654987335205
NeuMF,2002,2002-12-31,33783,741,2,0.9995961785316467
NeuMF,2002,2002-12-31,33783,2046,3,0.9995575547218323
NeuMF,2002,2002-12-31,33783,353,4,0.9990405440330505
NeuMF,2002,2002-12-31,33783,2502,5,0.9981610178947449
NeuMF,2002,2002-12-31,33783,2700,6,0.9976257681846619
NeuMF,2002,2002-12-31,33783,2248,7,0.9973906874656677
NeuMF,2002,2002-12-31,33783,1274,8,0.9971471428871155
NeuMF,2002,2002-12-31,33783,3105,9,0.9966326355934143
NeuMF,2002,2002-12-31,33783,1405,10,0.9961087107658386
NeuMF,2002,2002-12-31,33796,4025,1,0.999767005443573
NeuMF,2002,2002-12-31,33796,3980,2,0.9995300769805908
NeuMF,2002,2002-12-31,33796,4022,3,0.9990614056587219
NeuMF,2002,2002-12-31,33796,3978,4,0.9986065030097961
NeuMF,2002,2002-12-31,33796,4054,5,0.9974203109741211
NeuMF,2002,2002-12-31,33796,3993,6,0.9970837235450745
NeuMF,2002,2002-12-31,33796,3998,7,0.9968330264091492
NeuMF,2002,2002-12-31,33796,4246,8,0.9964781403541565
NeuMF,2002,2002-12-31,33796,4019,9,0.9962382316589355
NeuMF,2002,2002-12-31,33796,4029,10,0.9935705661773682
NeuMF,2002,2002-12-31,33905,3948,1,0.9995177984237671
NeuMF,2002,2002-12-31,33905,3526,2,0.9994000196456909
NeuMF,2002,2002-12-31,33905,4025,3,0.9983301758766174
NeuMF,2002,2002-12-31,33905,4040,4,0.9982870221138
NeuMF,2002,2002-12-31,33905,4246,5,0.9982049465179443
NeuMF,2002,2002-12-31,33905,3210,6,0.9982002973556519
NeuMF,2002,2002-12-31,33905,3977,7,0.995253324508667
NeuMF,2002,2002-12-31,33905,231,8,0.9951317310333252
NeuMF,2002,2002-12-31,33905,4361,9,0.9950061440467834
NeuMF,2002,2002-12-31,33905,3967,10,0.9944977164268494
NeuMF,2002,2002-12-31,34172,3911,1,0.9999661445617676
NeuMF,2002,2002-12-31,34172,3909,2,0.9999418258666992
NeuMF,2002,2002-12-31,34172,3969,3,0.9998873472213745
NeuMF,2002,2002-12-31,34172,3751,4,0.9996887445449829
NeuMF,2002,2002-12-31,34172,3554,5,0.9994460940361023
NeuMF,2002,2002-12-31,34172,1569,6,0.9993784427642822
NeuMF,2002,2002-12-31,34172,3317,7,0.9991455078125
NeuMF,2002,2002-12-31,34172,1777,8,0.9989386200904846
NeuMF,2002,2002-12-31,34172,3952,9,0.998874843120575
NeuMF,2002,2002-12-31,34172,934,10,0.9988512992858887
NeuMF,2002,2002-12-31,34346,3100,1,0.9988522529602051
NeuMF,2002,2002-12-31,34346,1025,2,0.9988409876823425
NeuMF,2002,2002-12-31,34346,1884,3,0.9981277585029602
NeuMF,2002,2002-12-31,34346,1126,4,0.9979193806648254
NeuMF,2002,2002-12-31,34346,2622,5,0.9967177510261536
NeuMF,2002,2002-12-31,34346,2374,6,0.9965739250183105
NeuMF,2002,2002-12-31,34346,1215,7,0.9965571165084839
NeuMF,2002,2002-12-31,34346,1093,8,0.9964895844459534
NeuMF,2002,2002-12-31,34346,1379,9,0.9949140548706055
NeuMF,2002,2002-12-31,34346,1960,10,0.9931395649909973
NeuMF,2002,2002-12-31,34369,1346,1,0.9965948462486267
NeuMF,2002,2002-12-31,34369,2518,2,0.9964879751205444
NeuMF,2002,2002-12-31,34369,2150,3,0.9959327578544617
NeuMF,2002,2002-12-31,34369,427,4,0.995610773563385
NeuMF,2002,2002-12-31,34369,2968,5,0.9955193996429443
NeuMF,2002,2002-12-31,34369,198,6,0.9955054521560669
NeuMF,2002,2002-12-31,34369,1187,7,0.9954999089241028
NeuMF,2002,2002-12-31,34369,2985,8,0.9954243302345276
NeuMF,2002,2002-12-31,34369,2912,9,0.993335485458374
NeuMF,2002,2002-12-31,34369,2044,10,0.9933032393455505
NeuMF,2002,2002-12-31,34382,1407,1,0.9996090531349182
NeuMF,2002,2002-12-31,34382,2107,2,0.9994896650314331
NeuMF,2002,2002-12-31,34382,724,3,0.9982450008392334
NeuMF,2002,2002-12-31,34382,145,4,0.9981712102890015
NeuMF,2002,2002-12-31,34382,2513,5,0.9947003126144409
NeuMF,2002,2002-12-31,34382,1644,6,0.993416428565979
NeuMF,2002,2002-12-31,34382,3717,7,0.9931861162185669
NeuMF,2002,2002-12-31,34382,555,8,0.9931648373603821
NeuMF,2002,2002-12-31,34382,3785,9,0.9898930191993713
NeuMF,2002,2002-12-31,34382,1645,10,0.9895995855331421
NeuMF,2002,2002-12-31,34432,342,1,0.9986880421638489
NeuMF,2002,2002-12-31,34432,339,2,0.9975783228874207
NeuMF,2002,2002-12-31,34432,1188,3,0.9936034083366394
NeuMF,2002,2002-12-31,34432,588,4,0.9935591816902161
NeuMF,2002,2002-12-31,34432,539,5,0.9933829307556152
NeuMF,2002,2002-12-31,34432,587,6,0.992164134979248
NeuMF,2002,2002-12-31,34432,1416,7,0.991172730922699
NeuMF,2002,2002-12-31,34432,597,8,0.9886192083358765
NeuMF,2002,2002-12-31,34432,2081,9,0.9864259958267212
NeuMF,2002,2002-12-31,34432,1641,10,0.9860643148422241
NeuMF,2002,2002-12-31,34709,940,1,0.9997357726097107
NeuMF,2002,2002-12-31,34709,1204,2,0.9997352957725525
NeuMF,2002,2002-12-31,34709,3134,3,0.9995050430297852
NeuMF,2002,2002-12-31,34709,1253,4,0.9992616772651672
NeuMF,2002,2002-12-31,34709,1250,5,0.9982818365097046
NeuMF,2002,2002-12-31,34709,1019,6,0.9981430768966675
NeuMF,2002,2002-12-31,34709,1196,7,0.9974459409713745
NeuMF,2002,2002-12-31,34709,1252,8,0.9973924160003662
NeuMF,2002,2002-12-31,34709,2728,9,0.9971592426300049
NeuMF,2002,2002-12-31,34709,1264,10,0.997086226940155
NeuMF,2002,2002-12-31,35038,1213,1,0.9984700083732605
NeuMF,2002,2002-12-31,35038,1221,2,0.9981829524040222
NeuMF,2002,2002-12-31,35038,1307,3,0.9976455569267273
NeuMF,2002,2002-12-31,35038,527,4,0.9975888729095459
NeuMF,2002,2002-12-31,35038,3066,5,0.997442364692688
NeuMF,2002,2002-12-31,35038,3735,6,0.9958803653717041
NeuMF,2002,2002-12-31,35038,2132,7,0.9944776296615601
NeuMF,2002,2002-12-31,35038,50,8,0.9928268790245056
NeuMF,2002,2002-12-31,35038,2409,9,0.9923467636108398
NeuMF,2002,2002-12-31,35038,2580,10,0.9915036559104919
NeuMF,2002,2002-12-31,35308,3450,1,0.9984676241874695
NeuMF,2002,2002-12-31,35308,3489,2,0.9950816631317139
NeuMF,2002,2002-12-31,35308,3499,3,0.9947472214698792
NeuMF,2002,2002-12-31,35308,112,4,0.9927009344100952
NeuMF,2002,2002-12-31,35308,1461,5,0.9919231534004211
NeuMF,2002,2002-12-31,35308,2502,6,0.9907739758491516
NeuMF,2002,2002-12-31,35308,879,7,0.9902392625808716
NeuMF,2002,2002-12-31,35308,1347,8,0.9899647831916809
NeuMF,2002,2002-12-31,35308,366,9,0.983876645565033
NeuMF,2002,2002-12-31,35308,2747,10,0.9836762547492981
NeuMF,2002,2002-12-31,35326,3993,1,0.9990633130073547
NeuMF,2002,2002-12-31,35326,1682,2,0.9978150129318237
NeuMF,2002,2002-12-31,35326,2424,3,0.99647456407547
NeuMF,2002,2002-12-31,35326,2321,4,0.9962198138237
NeuMF,2002,2002-12-31,35326,1625,5,0.9957097768783569
NeuMF,2002,2002-12-31,35326,2391,6,0.9957095384597778
NeuMF,2002,2002-12-31,35326,4370,7,0.9941917061805725
NeuMF,2002,2002-12-31,35326,3751,8,0.9940635561943054
NeuMF,2002,2002-12-31,35326,1653,9,0.9933051466941833
NeuMF,2002,2002-12-31,35326,2671,10,0.9932410717010498
NeuMF,2002,2002-12-31,35628,1034,1,0.9996069073677063
NeuMF,2002,2002-12-31,35628,4262,2,0.9994681477546692
NeuMF,2002,2002-12-31,35628,104,3,0.9974578022956848
NeuMF,2002,2002-12-31,35628,2872,4,0.9974314570426941
NeuMF,2002,2002-12-31,35628,2513,5,0.9969452023506165
NeuMF,2002,2002-12-31,35628,2364,6,0.9956873059272766
NeuMF,2002,2002-12-31,35628,743,7,0.9942716360092163
NeuMF,2002,2002-12-31,35628,1361,8,0.9940657615661621
NeuMF,2002,2002-12-31,35628,1298,9,0.9936250448226929
NeuMF,2002,2002-12-31,35628,4568,10,0.9923732876777649
NeuMF,2002,2002-12-31,35686,2692,1,0.9996620416641235
NeuMF,2002,2002-12-31,35686,247,2,0.9993019104003906
NeuMF,2002,2002-12-31,35686,930,3,0.9974851608276367
NeuMF,2002,2002-12-31,35686,1248,4,0.9971302151679993
NeuMF,2002,2002-12-31,35686,928,5,0.9955697655677795
NeuMF,2002,2002-12-31,35686,951,6,0.9953593611717224
NeuMF,2002,2002-12-31,35686,2100,7,0.994738757610321
NeuMF,2002,2002-12-31,35686,1617,8,0.9939409494400024
NeuMF,2002,2002-12-31,35686,2707,9,0.9934808015823364
NeuMF,2002,2002-12-31,35686,1267,10,0.9931875467300415
NeuMF,2002,2002-12-31,36277,475,1,0.9971449971199036
NeuMF,2002,2002-12-31,36277,2001,2,0.9955108165740967
NeuMF,2002,2002-12-31,36277,2011,3,0.9947770833969116
NeuMF,2002,2002-12-31,36277,164,4,0.9944689273834229
NeuMF,2002,2002-12-31,36277,2527,5,0.9943650960922241
NeuMF,2002,2002-12-31,36277,1921,6,0.9924187660217285
NeuMF,2002,2002-12-31,36277,534,7,0.9923983216285706
NeuMF,2002,2002-12-31,36277,1129,8,0.9923475980758667
NeuMF,2002,2002-12-31,36277,3152,9,0.9922516942024231
NeuMF,2002,2002-12-31,36277,1375,10,0.9920614957809448
NeuMF,2002,2002-12-31,36368,2946,1,0.9980193376541138
NeuMF,2002,2002-12-31,36368,3267,2,0.9965613484382629
NeuMF,2002,2002-12-31,36368,1295,3,0.9962213039398193
NeuMF,2002,2002-12-31,36368,2020,4,0.9950425624847412
NeuMF,2002,2002-12-31,36368,2303,5,0.9935153722763062
NeuMF,2002,2002-12-31,36368,2863,6,0.9931713342666626
NeuMF,2002,2002-12-31,36368,2687,7,0.9906771183013916
NeuMF,2002,2002-12-31,36368,581,8,0.9905298352241516
NeuMF,2002,2002-12-31,36368,1231,9,0.9904330968856812
NeuMF,2002,2002-12-31,36368,3927,10,0.9898324012756348
NeuMF,2002,2002-12-31,36478,3983,1,0.9996515512466431
NeuMF,2002,2002-12-31,36478,3006,2,0.9994586110115051
NeuMF,2002,2002-12-31,36478,3967,3,0.9993972778320312
NeuMF,2002,2002-12-31,36478,4144,4,0.9991594552993774
NeuMF,2002,2002-12-31,36478,2966,5,0.9989670515060425
NeuMF,2002,2002-12-31,36478,4027,6,0.9989287257194519
NeuMF,2002,2002-12-31,36478,3005,7,0.9979972243309021
NeuMF,2002,2002-12-31,36478,1805,8,0.9977924823760986
NeuMF,2002,2002-12-31,36478,4246,9,0.9976460337638855
NeuMF,2002,2002-12-31,36478,1251,10,0.9968889355659485
NeuMF,2002,2002-12-31,36535,2908,1,0.9984305500984192
NeuMF,2002,2002-12-31,36535,3618,2,0.997352123260498
NeuMF,2002,2002-12-31,36535,116,3,0.9956828355789185
NeuMF,2002,2002-12-31,36535,3247,4,0.9956788420677185
NeuMF,2002,2002-12-31,36535,2953,5,0.9943456053733826
NeuMF,2002,2002-12-31,36535,2433,6,0.993878185749054
NeuMF,2002,2002-12-31,36535,2115,7,0.9936093091964722
NeuMF,2002,2002-12-31,36535,1953,8,0.9929821491241455
NeuMF,2002,2002-12-31,36535,2791,9,0.9926447868347168
NeuMF,2002,2002-12-31,36535,2863,10,0.9920061230659485
NeuMF,2002,2002-12-31,36597,1673,1,0.9991507530212402
NeuMF,2002,2002-12-31,36597,2688,2,0.9988219141960144
NeuMF,2002,2002-12-31,36597,3081,3,0.9985639452934265
NeuMF,2002,2002-12-31,36597,608,4,0.9982707500457764
NeuMF,2002,2002-12-31,36597,543,5,0.9979298114776611
NeuMF,2002,2002-12-31,36597,4027,6,0.9963359832763672
NeuMF,2002,2002-12-31,36597,2791,7,0.9956615567207336
NeuMF,2002,2002-12-31,36597,2174,8,0.9956156015396118
NeuMF,2002,2002-12-31,36597,2657,9,0.9952083230018616
NeuMF,2002,2002-12-31,36597,1090,10,0.9950379729270935
NeuMF,2002,2002-12-31,37075,1183,1,0.9994292855262756
NeuMF,2002,2002-12-31,37075,82,2,0.9989734888076782
NeuMF,2002,2002-12-31,37075,58,3,0.9986498951911926
NeuMF,2002,2002-12-31,37075,745,4,0.9982353448867798
NeuMF,2002,2002-12-31,37075,1303,5,0.9976919889450073
NeuMF,2002,2002-12-31,37075,1293,6,0.9972013235092163
NeuMF,2002,2002-12-31,37075,1131,7,0.9966453909873962
NeuMF,2002,2002-12-31,37075,1132,8,0.9959971904754639
NeuMF,2002,2002-12-31,37075,314,9,0.9950683116912842
NeuMF,2002,2002-12-31,37075,1292,10,0.9939140677452087
NeuMF,2002,2002-12-31,37390,4262,1,0.9988699555397034
NeuMF,2002,2002-12-31,37390,42,2,0.9953601956367493
NeuMF,2002,2002-12-31,37390,1857,3,0.9946371912956238
NeuMF,2002,2002-12-31,37390,2333,4,0.9937399625778198
NeuMF,2002,2002-12-31,37390,2970,5,0.9923255443572998
NeuMF,2002,2002-12-31,37390,3863,6,0.9897022247314453
NeuMF,2002,2002-12-31,37390,3948,7,0.9871925115585327
NeuMF,2002,2002-12-31,37390,1327,8,0.9856888055801392
NeuMF,2002,2002-12-31,37390,1794,9,0.9853801131248474
NeuMF,2002,2002-12-31,37390,2533,10,0.9850191473960876
NeuMF,2002,2002-12-31,37463,247,1,0.999600350856781
NeuMF,2002,2002-12-31,37463,17,2,0.9995477795600891
NeuMF,2002,2002-12-31,37463,1041,3,0.9993390440940857
NeuMF,2002,2002-12-31,37463,85,4,0.9992799162864685
NeuMF,2002,2002-12-31,37463,2020,5,0.9992536902427673
NeuMF,2002,2002-12-31,37463,928,6,0.9989321827888489
NeuMF,2002,2002-12-31,37463,920,7,0.9985314607620239
NeuMF,2002,2002-12-31,37463,2336,8,0.9984241724014282
NeuMF,2002,2002-12-31,37463,3551,9,0.9980630278587341
NeuMF,2002,2002-12-31,37463,2130,10,0.9980251789093018
NeuMF,2002,2002-12-31,37654,2393,1,0.9997381567955017
NeuMF,2002,2002-12-31,37654,2916,2,0.9994375109672546
NeuMF,2002,2002-12-31,37654,3471,3,0.998779833316803
NeuMF,2002,2002-12-31,37654,4238,4,0.9980177879333496
NeuMF,2002,2002-12-31,37654,2600,5,0.9979090690612793
NeuMF,2002,2002-12-31,37654,4370,6,0.9974246025085449
NeuMF,2002,2002-12-31,37654,3798,7,0.996177077293396
NeuMF,2002,2002-12-31,37654,1900,8,0.9952059388160706
NeuMF,2002,2002-12-31,37654,1653,9,0.9950824975967407
NeuMF,2002,2002-12-31,37654,3175,10,0.9942786693572998
NeuMF,2002,2002-12-31,37706,1527,1,0.9994188547134399
NeuMF,2002,2002-12-31,37706,653,2,0.9992676377296448
NeuMF,2002,2002-12-31,37706,3114,3,0.998457670211792
NeuMF,2002,2002-12-31,37706,3159,4,0.9979403614997864
NeuMF,2002,2002-12-31,37706,4993,5,0.9949851036071777
NeuMF,2002,2002-12-31,37706,780,6,0.99365234375
NeuMF,2002,2002-12-31,37706,2625,7,0.9935486912727356
NeuMF,2002,2002-12-31,37706,2355,8,0.9928622841835022
NeuMF,2002,2002-12-31,37706,1032,9,0.9926591515541077
NeuMF,2002,2002-12-31,37706,1029,10,0.9916292428970337
NeuMF,2002,2002-12-31,37759,2391,1,0.9996306896209717
NeuMF,2002,2002-12-31,37759,1280,2,0.9995573163032532
NeuMF,2002,2002-12-31,37759,994,3,0.9992715716362
NeuMF,2002,2002-12-31,37759,82,4,0.9992274045944214
NeuMF,2002,2002-12-31,37759,2671,5,0.9988431930541992
NeuMF,2002,2002-12-31,37759,2186,6,0.9988211989402771
NeuMF,2002,2002-12-31,37759,232,7,0.9981759786605835
NeuMF,2002,2002-12-31,37759,1719,8,0.9979846477508545
NeuMF,2002,2002-12-31,37759,2442,9,0.9977586269378662
NeuMF,2002,2002-12-31,37759,36,10,0.9976715445518494
NeuMF,2002,2002-12-31,37885,1230,1,0.9992915391921997
NeuMF,2002,2002-12-31,37885,1147,2,0.999110758304596
NeuMF,2002,2002-12-31,37885,2245,3,0.9990590214729309
NeuMF,2002,2002-12-31,37885,3967,4,0.9990516304969788
NeuMF,2002,2002-12-31,37885,2248,5,0.9990077614784241
NeuMF,2002,2002-12-31,37885,2396,6,0.998414158821106
NeuMF,2002,2002-12-31,37885,2313,7,0.9983916878700256
NeuMF,2002,2002-12-31,37885,639,8,0.9977818131446838
NeuMF,2002,2002-12-31,37885,2262,9,0.9973568916320801
NeuMF,2002,2002-12-31,37885,1296,10,0.9969778060913086
NeuMF,2002,2002-12-31,37895,3189,1,0.9994524121284485
NeuMF,2002,2002-12-31,37895,4027,2,0.9991586208343506
NeuMF,2002,2002-12-31,37895,3911,3,0.9991180300712585
NeuMF,2002,2002-12-31,37895,1020,4,0.9989418387413025
NeuMF,2002,2002-12-31,37895,144,5,0.9987300038337708
NeuMF,2002,2002-12-31,37895,2861,6,0.9985236525535583
NeuMF,2002,2002-12-31,37895,3317,7,0.9985186457633972
NeuMF,2002,2002-12-31,37895,1230,8,0.9973925352096558
NeuMF,2002,2002-12-31,37895,2502,9,0.9957335591316223
NeuMF,2002,2002-12-31,37895,3948,10,0.9952030181884766
NeuMF,2002,2002-12-31,37938,950,1,0.9996083378791809
NeuMF,2002,2002-12-31,37938,806,2,0.999544084072113
NeuMF,2002,2002-12-31,37938,930,3,0.9995299577713013
NeuMF,2002,2002-12-31,37938,3125,4,0.9994785189628601
NeuMF,2002,2002-12-31,37938,2206,5,0.9993444085121155
NeuMF,2002,2002-12-31,37938,906,6,0.999188244342804
NeuMF,2002,2002-12-31,37938,3089,7,0.9991457462310791
NeuMF,2002,2002-12-31,37938,2935,8,0.9987121820449829
NeuMF,2002,2002-12-31,37938,1179,9,0.9986286163330078
NeuMF,2002,2002-12-31,37938,3649,10,0.9985656142234802
NeuMF,2002,2002-12-31,38023,2710,1,0.9997794032096863
NeuMF,2002,2002-12-31,38023,3081,2,0.9996716976165771
NeuMF,2002,2002-12-31,38023,2706,3,0.9994706511497498
NeuMF,2002,2002-12-31,38023,2694,4,0.9991534948348999
NeuMF,2002,2002-12-31,38023,3016,5,0.999057948589325
NeuMF,2002,2002-12-31,38023,2502,6,0.9989332556724548
NeuMF,2002,2002-12-31,38023,2428,7,0.9987534284591675
NeuMF,2002,2002-12-31,38023,2580,8,0.9987039566040039
NeuMF,2002,2002-12-31,38023,2841,9,0.998666524887085
NeuMF,2002,2002-12-31,38023,2959,10,0.9981672763824463
NeuMF,2002,2002-12-31,38237,2396,1,0.9995766282081604
NeuMF,2002,2002-12-31,38237,1784,2,0.9984643459320068
NeuMF,2002,2002-12-31,38237,2671,3,0.9981461763381958
NeuMF,2002,2002-12-31,38237,2858,4,0.9977957010269165
NeuMF,2002,2002-12-31,38237,4014,5,0.9973178505897522
NeuMF,2002,2002-12-31,38237,2791,6,0.9969563484191895
NeuMF,2002,2002-12-31,38237,3751,7,0.9969300627708435
NeuMF,2002,2002-12-31,38237,2302,8,0.9948704242706299
NeuMF,2002,2002-12-31,38237,2359,9,0.9944055080413818
NeuMF,2002,2002-12-31,38237,1923,10,0.9939915537834167
NeuMF,2002,2002-12-31,38314,3018,1,0.999956488609314
NeuMF,2002,2002-12-31,38314,2519,2,0.9999368190765381
NeuMF,2002,2002-12-31,38314,152,3,0.9997535347938538
NeuMF,2002,2002-12-31,38314,1258,4,0.9997420907020569
NeuMF,2002,2002-12-31,38314,1321,5,0.9996750354766846
NeuMF,2002,2002-12-31,38314,2781,6,0.9996583461761475
NeuMF,2002,2002-12-31,38314,1334,7,0.9992528557777405
NeuMF,2002,2002-12-31,38314,3024,8,0.9991967082023621
NeuMF,2002,2002-12-31,38314,2793,9,0.9987950325012207
NeuMF,2002,2002-12-31,38314,4195,10,0.9969011545181274
NeuMF,2002,2002-12-31,38527,4023,1,0.9995877146720886
NeuMF,2002,2002-12-31,38527,487,2,0.9990932941436768
NeuMF,2002,2002-12-31,38527,4228,3,0.998923122882843
NeuMF,2002,2002-12-31,38527,3978,4,0.998396098613739
NeuMF,2002,2002-12-31,38527,3957,5,0.9975065588951111
NeuMF,2002,2002-12-31,38527,3985,6,0.9973872303962708
NeuMF,2002,2002-12-31,38527,4003,7,0.9970712661743164
NeuMF,2002,2002-12-31,38527,4022,8,0.9967561364173889
NeuMF,2002,2002-12-31,38527,3793,9,0.996216356754303
NeuMF,2002,2002-12-31,38527,3698,10,0.9960605502128601
NeuMF,2002,2002-12-31,38652,2966,1,0.9996169805526733
NeuMF,2002,2002-12-31,38652,125,2,0.9989148378372192
NeuMF,2002,2002-12-31,38652,1683,3,0.998863935470581
NeuMF,2002,2002-12-31,38652,1300,4,0.9978076815605164
NeuMF,2002,2002-12-31,38652,302,5,0.9971765279769897
NeuMF,2002,2002-12-31,38652,3457,6,0.996968686580658
NeuMF,2002,2002-12-31,38652,4238,7,0.9967239499092102
NeuMF,2002,2002-12-31,38652,2639,8,0.9967164397239685
NeuMF,2002,2002-12-31,38652,2577,9,0.9966678023338318
NeuMF,2002,2002-12-31,38652,1419,10,0.9964137673377991
NeuMF,2002,2002-12-31,39454,610,1,0.9966541528701782
NeuMF,2002,2002-12-31,39454,1285,2,0.9965619444847107
NeuMF,2002,2002-12-31,39454,562,3,0.9950344562530518
NeuMF,2002,2002-12-31,39454,1060,4,0.9937332272529602
NeuMF,2002,2002-12-31,39454,247,5,0.9927142262458801
NeuMF,2002,2002-12-31,39454,246,6,0.9919529557228088
NeuMF,2002,2002-12-31,39454,1073,7,0.9903422594070435
NeuMF,2002,2002-12-31,39454,94,8,0.9900963306427002
NeuMF,2002,2002-12-31,39454,4034,9,0.9895851016044617
NeuMF,2002,2002-12-31,39454,1333,10,0.9893391728401184
NeuMF,2002,2002-12-31,39555,81,1,0.9945060610771179
NeuMF,2002,2002-12-31,39555,1552,2,0.9934383034706116
NeuMF,2002,2002-12-31,39555,2329,3,0.9908508658409119
NeuMF,2002,2002-12-31,39555,3210,4,0.9906471371650696
NeuMF,2002,2002-12-31,39555,358,5,0.9881889820098877
NeuMF,2002,2002-12-31,39555,1994,6,0.9874681234359741
NeuMF,2002,2002-12-31,39555,507,7,0.9855707883834839
NeuMF,2002,2002-12-31,39555,145,8,0.9849403500556946
NeuMF,2002,2002-12-31,39555,762,9,0.9819757342338562
NeuMF,2002,2002-12-31,39555,2126,10,0.9810201525688171
NeuMF,2002,2002-12-31,39954,1196,1,0.9998395442962646
NeuMF,2002,2002-12-31,39954,1291,2,0.9996387958526611
NeuMF,2002,2002-12-31,39954,1197,3,0.9991015195846558
NeuMF,2002,2002-12-31,39954,1270,4,0.9985136389732361
NeuMF,2002,2002-12-31,39954,1136,5,0.9983432292938232
NeuMF,2002,2002-12-31,39954,1240,6,0.997583270072937
NeuMF,2002,2002-12-31,39954,1210,7,0.9971895813941956
NeuMF,2002,2002-12-31,39954,1214,8,0.9966721534729004
NeuMF,2002,2002-12-31,39954,260,9,0.9966405630111694
NeuMF,2002,2002-12-31,39954,1200,10,0.9965973496437073
NeuMF,2002,2002-12-31,39963,1653,1,0.9994394183158875
NeuMF,2002,2002-12-31,39963,1037,2,0.998583197593689
NeuMF,2002,2002-12-31,39963,3786,3,0.9984751343727112
NeuMF,2002,2002-12-31,39963,2541,4,0.9978620409965515
NeuMF,2002,2002-12-31,39963,2722,5,0.9971529245376587
NeuMF,2002,2002-12-31,39963,2,6,0.996414303779602
NeuMF,2002,2002-12-31,39963,223,7,0.9949278831481934
NeuMF,2002,2002-12-31,39963,327,8,0.9944387674331665
NeuMF,2002,2002-12-31,39963,1573,9,0.994326651096344
NeuMF,2002,2002-12-31,39963,2393,10,0.9942622184753418
NeuMF,2002,2002-12-31,39975,3996,1,0.9992800354957581
NeuMF,2002,2002-12-31,39975,724,2,0.9968665242195129
NeuMF,2002,2002-12-31,39975,3863,3,0.9962402582168579
NeuMF,2002,2002-12-31,39975,2005,4,0.9961313009262085
NeuMF,2002,2002-12-31,39975,3556,5,0.9956597685813904
NeuMF,2002,2002-12-31,39975,778,6,0.9953070282936096
NeuMF,2002,2002-12-31,39975,4022,7,0.9950813055038452
NeuMF,2002,2002-12-31,39975,3744,8,0.9943810105323792
NeuMF,2002,2002-12-31,39975,1061,9,0.9943259358406067
NeuMF,2002,2002-12-31,39975,4034,10,0.9935548901557922
NeuMF,2002,2002-12-31,40374,3081,1,0.9998098015785217
NeuMF,2002,2002-12-31,40374,253,2,0.999431312084198
NeuMF,2002,2002-12-31,40374,594,3,0.9993748068809509
NeuMF,2002,2002-12-31,40374,2558,4,0.999247670173645
NeuMF,2002,2002-12-31,40374,3489,5,0.9991043210029602
NeuMF,2002,2002-12-31,40374,1059,6,0.9988228678703308
NeuMF,2002,2002-12-31,40374,1721,7,0.9987209439277649
NeuMF,2002,2002-12-31,40374,1982,8,0.9983881711959839
NeuMF,2002,2002-12-31,40374,1777,9,0.9979807734489441
NeuMF,2002,2002-12-31,40374,1967,10,0.9979117512702942
NeuMF,2002,2002-12-31,40387,1244,1,0.9980900883674622
NeuMF,2002,2002-12-31,40387,2356,2,0.9969471096992493
NeuMF,2002,2002-12-31,40387,3504,3,0.9968295693397522
NeuMF,2002,2002-12-31,40387,3067,4,0.9966267347335815
NeuMF,2002,2002-12-31,40387,1247,5,0.9961594343185425
NeuMF,2002,2002-12-31,40387,858,6,0.9948754906654358
NeuMF,2002,2002-12-31,40387,3102,7,0.9940667152404785
NeuMF,2002,2002-12-31,40387,912,8,0.9929158687591553
NeuMF,2002,2002-12-31,40387,2186,9,0.9924032688140869
NeuMF,2002,2002-12-31,40387,2396,10,0.9920684099197388
NeuMF,2002,2002-12-31,40456,3030,1,0.9976755976676941
NeuMF,2002,2002-12-31,40456,3812,2,0.9972230195999146
NeuMF,2002,2002-12-31,40456,3089,3,0.9970575571060181
NeuMF,2002,2002-12-31,40456,3783,4,0.9969858527183533
NeuMF,2002,2002-12-31,40456,1916,5,0.9967523813247681
NeuMF,2002,2002-12-31,40456,2866,6,0.996421217918396
NeuMF,2002,2002-12-31,40456,4117,7,0.9949150085449219
NeuMF,2002,2002-12-31,40456,348,8,0.9947170615196228
NeuMF,2002,2002-12-31,40456,4690,9,0.9946417808532715
NeuMF,2002,2002-12-31,40456,2065,10,0.9944678544998169
NeuMF,2002,2002-12-31,40486,720,1,0.9995864033699036
NeuMF,2002,2002-12-31,40486,151,2,0.9994163513183594
NeuMF,2002,2002-12-31,40486,1408,3,0.9991063475608826
NeuMF,2002,2002-12-31,40486,2944,4,0.9981786012649536
NeuMF,2002,2002-12-31,40486,1287,5,0.9976763129234314
NeuMF,2002,2002-12-31,40486,2478,6,0.9959688186645508
NeuMF,2002,2002-12-31,40486,2797,7,0.994599461555481
NeuMF,2002,2002-12-31,40486,2949,8,0.9945520758628845
NeuMF,2002,2002-12-31,40486,1250,9,0.9940290451049805
NeuMF,2002,2002-12-31,40486,4226,10,0.9935768246650696
NeuMF,2002,2002-12-31,40731,4367,1,0.999554455280304
NeuMF,2002,2002-12-31,40731,4270,2,0.9986762404441833
NeuMF,2002,2002-12-31,40731,4310,3,0.9975771307945251
NeuMF,2002,2002-12-31,40731,2916,4,0.99692302942276
NeuMF,2002,2002-12-31,40731,3717,5,0.9968606233596802
NeuMF,2002,2002-12-31,40731,1240,6,0.9964280724525452
NeuMF,2002,2002-12-31,40731,4299,7,0.9943733215332031
NeuMF,2002,2002-12-31,40731,4386,8,0.991585373878479
NeuMF,2002,2002-12-31,40731,1917,9,0.9904770851135254
NeuMF,2002,2002-12-31,40731,3997,10,0.9901754260063171
NeuMF,2002,2002-12-31,41094,4246,1,0.9988946318626404
NeuMF,2002,2002-12-31,41094,2997,2,0.9987970590591431
NeuMF,2002,2002-12-31,41094,3408,3,0.9984607696533203
NeuMF,2002,2002-12-31,41094,3751,4,0.9981681108474731
NeuMF,2002,2002-12-31,41094,4306,5,0.9980660080909729
NeuMF,2002,2002-12-31,41094,3911,6,0.9959149956703186
NeuMF,2002,2002-12-31,41094,3793,7,0.9951556921005249
NeuMF,2002,2002-12-31,41094,3179,8,0.9943711161613464
NeuMF,2002,2002-12-31,41094,2396,9,0.9943476319313049
NeuMF,2002,2002-12-31,41094,3882,10,0.9938699007034302
NeuMF,2002,2002-12-31,41237,3000,1,0.9998546838760376
NeuMF,2002,2002-12-31,41237,3745,2,0.9997196793556213
NeuMF,2002,2002-12-31,41237,2394,3,0.9997146725654602
NeuMF,2002,2002-12-31,41237,2625,4,0.9994538426399231
NeuMF,2002,2002-12-31,41237,745,5,0.9991061091423035
NeuMF,2002,2002-12-31,41237,122,6,0.996401309967041
NeuMF,2002,2002-12-31,41237,1858,7,0.9961004257202148
NeuMF,2002,2002-12-31,41237,3114,8,0.9955377578735352
NeuMF,2002,2002-12-31,41237,1148,9,0.9953781366348267
NeuMF,2002,2002-12-31,41237,246,10,0.9953609108924866
NeuMF,2002,2002-12-31,42136,4643,1,0.9999910593032837
NeuMF,2002,2002-12-31,42136,4427,2,0.9999277591705322
NeuMF,2002,2002-12-31,42136,4447,3,0.9994661211967468
NeuMF,2002,2002-12-31,42136,4639,4,0.9953415393829346
NeuMF,2002,2002-12-31,42136,4865,5,0.9950785636901855
NeuMF,2002,2002-12-31,42136,4121,6,0.9945946335792542
NeuMF,2002,2002-12-31,42136,4306,7,0.9942869544029236
NeuMF,2002,2002-12-31,42136,923,8,0.9928556084632874
NeuMF,2002,2002-12-31,42136,4361,9,0.9927571415901184
NeuMF,2002,2002-12-31,42136,1206,10,0.9900582432746887
NeuMF,2002,2002-12-31,42696,1912,1,0.9999291896820068
NeuMF,2002,2002-12-31,42696,2764,2,0.9995425939559937
NeuMF,2002,2002-12-31,42696,933,3,0.9974507689476013
NeuMF,2002,2002-12-31,42696,293,4,0.9973800778388977
NeuMF,2002,2002-12-31,42696,6,5,0.9964388608932495
NeuMF,2002,2002-12-31,42696,1269,6,0.9955134987831116
NeuMF,2002,2002-12-31,42696,1805,7,0.9954646229743958
NeuMF,2002,2002-12-31,42696,1089,8,0.9941930174827576
NeuMF,2002,2002-12-31,42696,866,9,0.9934640526771545
NeuMF,2002,2002-12-31,42696,1254,10,0.9931951761245728
NeuMF,2002,2002-12-31,43749,4361,1,0.9999210834503174
NeuMF,2002,2002-12-31,43749,3751,2,0.9990990161895752
NeuMF,2002,2002-12-31,43749,3072,3,0.9985857009887695
NeuMF,2002,2002-12-31,43749,2396,4,0.9983677268028259
NeuMF,2002,2002-12-31,43749,3543,5,0.9979800581932068
NeuMF,2002,2002-12-31,43749,3408,6,0.997965931892395
NeuMF,2002,2002-12-31,43749,3448,7,0.9977972507476807
NeuMF,2002,2002-12-31,43749,1947,8,0.996935248374939
NeuMF,2002,2002-12-31,43749,1961,9,0.9959480166435242
NeuMF,2002,2002-12-31,43749,4041,10,0.9958027005195618
NeuMF,2002,2002-12-31,43854,3994,1,0.9998574256896973
NeuMF,2002,2002-12-31,43854,3999,2,0.9998169541358948
NeuMF,2002,2002-12-31,43854,3409,3,0.9995724558830261
NeuMF,2002,2002-12-31,43854,3510,4,0.9995430707931519
NeuMF,2002,2002-12-31,43854,4033,5,0.9993608593940735
NeuMF,2002,2002-12-31,43854,3987,6,0.999018669128418
NeuMF,2002,2002-12-31,43854,3906,7,0.9985138773918152
NeuMF,2002,2002-12-31,43854,4018,8,0.9982956051826477
NeuMF,2002,2002-12-31,43854,2858,9,0.9974365830421448
NeuMF,2002,2002-12-31,43854,3594,10,0.9969263672828674
NeuMF,2002,2002-12-31,44058,800,1,0.9993343949317932
NeuMF,2002,2002-12-31,44058,1344,2,0.9987977743148804
NeuMF,2002,2002-12-31,44058,1094,3,0.9967838525772095
NeuMF,2002,2002-12-31,44058,293,4,0.9964255690574646
NeuMF,2002,2002-12-31,44058,1260,5,0.9959749579429626
NeuMF,2002,2002-12-31,44058,232,6,0.9954836368560791
NeuMF,2002,2002-12-31,44058,1296,7,0.9953941106796265
NeuMF,2002,2002-12-31,44058,933,8,0.995170533657074
NeuMF,2002,2002-12-31,44058,1258,9,0.9940401911735535
NeuMF,2002,2002-12-31,44058,1732,10,0.9938395619392395
NeuMF,2002,2002-12-31,44361,151,1,0.9989585876464844
NeuMF,2002,2002-12-31,44361,1059,2,0.9985470175743103
NeuMF,2002,2002-12-31,44361,372,3,0.9963480830192566
NeuMF,2002,2002-12-31,44361,720,4,0.9956697225570679
NeuMF,2002,2002-12-31,44361,2803,5,0.995208203792572
NeuMF,2002,2002-12-31,44361,1647,6,0.9938185811042786
NeuMF,2002,2002-12-31,44361,2648,7,0.9937059283256531
NeuMF,2002,2002-12-31,44361,3461,8,0.9936805963516235
NeuMF,2002,2002-12-31,44361,2140,9,0.9932936429977417
NeuMF,2002,2002-12-31,44361,1645,10,0.9928871989250183
NeuMF,2002,2002-12-31,44377,4351,1,0.9994602799415588
NeuMF,2002,2002-12-31,44377,3617,2,0.9990956783294678
NeuMF,2002,2002-12-31,44377,2245,3,0.999062716960907
NeuMF,2002,2002-12-31,44377,2517,4,0.998450517654419
NeuMF,2002,2002-12-31,44377,2513,5,0.9978419542312622
NeuMF,2002,2002-12-31,44377,2420,6,0.99648118019104
NeuMF,2002,2002-12-31,44377,3948,7,0.9959849119186401
NeuMF,2002,2002-12-31,44377,227,8,0.9955249428749084
NeuMF,2002,2002-12-31,44377,1401,9,0.9942187070846558
NeuMF,2002,2002-12-31,44377,3701,10,0.9941640496253967
NeuMF,2002,2002-12-31,44462,1594,1,0.9978882670402527
NeuMF,2002,2002-12-31,44462,474,2,0.9974499344825745
NeuMF,2002,2002-12-31,44462,493,3,0.9970290064811707
NeuMF,2002,2002-12-31,44462,3298,4,0.9964421391487122
NeuMF,2002,2002-12-31,44462,1476,5,0.9958186745643616
NeuMF,2002,2002-12-31,44462,3160,6,0.9957872033119202
NeuMF,2002,2002-12-31,44462,1092,7,0.9956390857696533
NeuMF,2002,2002-12-31,44462,4020,8,0.9948634505271912
NeuMF,2002,2002-12-31,44462,2291,9,0.9946699738502502
NeuMF,2002,2002-12-31,44462,1408,10,0.9943423271179199
NeuMF,2002,2002-12-31,44652,3160,1,0.999778687953949
NeuMF,2002,2002-12-31,44652,4017,2,0.9976670742034912
NeuMF,2002,2002-12-31,44652,3083,3,0.9976376295089722
NeuMF,2002,2002-12-31,44652,4027,4,0.9975214600563049
NeuMF,2002,2002-12-31,44652,3578,5,0.9966191053390503
NeuMF,2002,2002-12-31,44652,164,6,0.9962014555931091
NeuMF,2002,2002-12-31,44652,3173,7,0.9954614043235779
NeuMF,2002,2002-12-31,44652,3408,8,0.9951163530349731
NeuMF,2002,2002-12-31,44652,3893,9,0.9941755533218384
NeuMF,2002,2002-12-31,44652,3751,10,0.9939677715301514
NeuMF,2002,2002-12-31,44681,2289,1,0.998630166053772
NeuMF,2002,2002-12-31,44681,474,2,0.9971458315849304
NeuMF,2002,2002-12-31,44681,1480,3,0.9969486594200134
NeuMF,2002,2002-12-31,44681,1608,4,0.9965341091156006
NeuMF,2002,2002-12-31,44681,3481,5,0.9957214593887329
NeuMF,2002,2002-12-31,44681,3044,6,0.9952192902565002
NeuMF,2002,2002-12-31,44681,2353,7,0.9945856928825378
NeuMF,2002,2002-12-31,44681,3728,8,0.9945564270019531
NeuMF,2002,2002-12-31,44681,3798,9,0.994050920009613
NeuMF,2002,2002-12-31,44681,800,10,0.9917306303977966
NeuMF,2002,2002-12-31,44698,3996,1,0.9994118213653564
NeuMF,2002,2002-12-31,44698,3408,2,0.9988151788711548
NeuMF,2002,2002-12-31,44698,4023,3,0.9987877011299133
NeuMF,2002,2002-12-31,44698,4018,4,0.9977726340293884
NeuMF,2002,2002-12-31,44698,1961,5,0.9974971413612366
NeuMF,2002,2002-12-31,44698,3863,6,0.9974320530891418
NeuMF,2002,2002-12-31,44698,4027,7,0.9971703886985779
NeuMF,2002,2002-12-31,44698,3821,8,0.9956992864608765
NeuMF,2002,2002-12-31,44698,3826,9,0.9955957531929016
NeuMF,2002,2002-12-31,44698,924,10,0.9940377473831177
NeuMF,2002,2002-12-31,45080,3925,1,0.9991376399993896
NeuMF,2002,2002-12-31,45080,2730,2,0.9988417029380798
NeuMF,2002,2002-12-31,45080,3006,3,0.9971241354942322
NeuMF,2002,2002-12-31,45080,1959,4,0.9944907426834106
NeuMF,2002,2002-12-31,45080,2908,5,0.9928275942802429
NeuMF,2002,2002-12-31,45080,3033,6,0.9924697279930115
NeuMF,2002,2002-12-31,45080,1635,7,0.992299497127533
NeuMF,2002,2002-12-31,45080,111,8,0.9922407865524292
NeuMF,2002,2002-12-31,45080,3910,9,0.9919188618659973
NeuMF,2002,2002-12-31,45080,488,10,0.991279661655426
NeuMF,2002,2002-12-31,45301,996,1,0.9998989105224609
NeuMF,2002,2002-12-31,45301,1848,2,0.9984258413314819
NeuMF,2002,2002-12-31,45301,2826,3,0.9981793165206909
NeuMF,2002,2002-12-31,45301,2440,4,0.9978892207145691
NeuMF,2002,2002-12-31,45301,170,5,0.9969430565834045
NeuMF,2002,2002-12-31,45301,1918,6,0.9968070983886719
NeuMF,2002,2002-12-31,45301,2167,7,0.9958795309066772
NeuMF,2002,2002-12-31,45301,198,8,0.9947375655174255
NeuMF,2002,2002-12-31,45301,2471,9,0.9943139553070068
NeuMF,2002,2002-12-31,45301,1586,10,0.9938154220581055
NeuMF,2002,2002-12-31,46082,4386,1,0.9998031258583069
NeuMF,2002,2002-12-31,46082,4306,2,0.999756395816803
NeuMF,2002,2002-12-31,46082,2421,3,0.9986135959625244
NeuMF,2002,2002-12-31,46082,4446,4,0.9972997307777405
NeuMF,2002,2002-12-31,46082,2085,5,0.9968889355659485
NeuMF,2002,2002-12-31,46082,4321,6,0.9954160451889038
NeuMF,2002,2002-12-31,46082,4896,7,0.9953804016113281
NeuMF,2002,2002-12-31,46082,2273,8,0.9948346614837646
NeuMF,2002,2002-12-31,46082,3159,9,0.9946625828742981
NeuMF,2002,2002-12-31,46082,1029,10,0.9940640330314636
NeuMF,2002,2002-12-31,46590,2392,1,0.9999560117721558
NeuMF,2002,2002-12-31,46590,3285,2,0.9999285936355591
NeuMF,2002,2002-12-31,46590,2975,3,0.9998741149902344
NeuMF,2002,2002-12-31,46590,2861,4,0.999829888343811
NeuMF,2002,2002-12-31,46590,2688,5,0.9994992017745972
NeuMF,2002,2002-12-31,46590,2841,6,0.9988229870796204
NeuMF,2002,2002-12-31,46590,3752,7,0.9971919655799866
NeuMF,2002,2002-12-31,46590,3051,8,0.9971765279769897
NeuMF,2002,2002-12-31,46590,2707,9,0.9951950907707214
NeuMF,2002,2002-12-31,46590,2702,10,0.9950336217880249
NeuMF,2002,2002-12-31,46621,1653,1,0.9991175532341003
NeuMF,2002,2002-12-31,46621,1921,2,0.9987725615501404
NeuMF,2002,2002-12-31,46621,1748,3,0.9958343505859375
NeuMF,2002,2002-12-31,46621,4886,4,0.9944986701011658
NeuMF,2002,2002-12-31,46621,2105,5,0.9941032528877258
NeuMF,2002,2002-12-31,46621,4223,6,0.9935935139656067
NeuMF,2002,2002-12-31,46621,1527,7,0.9930126070976257
NeuMF,2002,2002-12-31,46621,1573,8,0.9924567937850952
NeuMF,2002,2002-12-31,46621,1411,9,0.9915695786476135
NeuMF,2002,2002-12-31,46621,3527,10,0.9892936944961548
NeuMF,2002,2002-12-31,46663,2771,1,0.9998255372047424
NeuMF,2002,2002-12-31,46663,3185,2,0.9998186230659485
NeuMF,2002,2002-12-31,46663,3004,3,0.9998055100440979
NeuMF,2002,2002-12-31,46663,4368,4,0.999792754650116
NeuMF,2002,2002-12-31,46663,2995,5,0.9997689127922058
NeuMF,2002,2002-12-31,46663,3824,6,0.9997630715370178
NeuMF,2002,2002-12-31,46663,2806,7,0.9991545677185059
NeuMF,2002,2002-12-31,46663,3755,8,0.9990793466567993
NeuMF,2002,2002-12-31,46663,4265,9,0.9989946484565735
NeuMF,2002,2002-12-31,46663,3624,10,0.9981743097305298
NeuMF,2002,2002-12-31,46692,1091,1,0.9995550513267517
NeuMF,2002,2002-12-31,46692,1958,2,0.9995042085647583
NeuMF,2002,2002-12-31,46692,1302,3,0.9982345104217529
NeuMF,2002,2002-12-31,46692,2145,4,0.9977411031723022
NeuMF,2002,2002-12-31,46692,3194,5,0.9962614178657532
NeuMF,2002,2002-12-31,46692,1079,6,0.9962248802185059
NeuMF,2002,2002-12-31,46692,2150,7,0.9956165552139282
NeuMF,2002,2002-12-31,46692,5,8,0.9954191446304321
NeuMF,2002,2002-12-31,46692,2926,9,0.9949642419815063
NeuMF,2002,2002-12-31,46692,2431,10,0.9948126077651978
NeuMF,2002,2002-12-31,47066,1688,1,0.999004065990448
NeuMF,2002,2002-12-31,47066,207,2,0.9989005327224731
NeuMF,2002,2002-12-31,47066,2541,3,0.9986594915390015
NeuMF,2002,2002-12-31,47066,2581,4,0.9985237717628479
NeuMF,2002,2002-12-31,47066,2724,5,0.9967308044433594
NeuMF,2002,2002-12-31,47066,3081,6,0.992625892162323
NeuMF,2002,2002-12-31,47066,543,7,0.9925179481506348
NeuMF,2002,2002-12-31,47066,2,8,0.9924027919769287
NeuMF,2002,2002-12-31,47066,2485,9,0.990578830242157
NeuMF,2002,2002-12-31,47066,3489,10,0.9883837699890137
NeuMF,2002,2002-12-31,48181,2739,1,0.9978739023208618
NeuMF,2002,2002-12-31,48181,3105,2,0.993156373500824
NeuMF,2002,2002-12-31,48181,3071,3,0.9925236105918884
NeuMF,2002,2002-12-31,48181,3169,4,0.9911154508590698
NeuMF,2002,2002-12-31,48181,2090,5,0.9904700517654419
NeuMF,2002,2002-12-31,48181,2455,6,0.9897775053977966
NeuMF,2002,2002-12-31,48181,3102,7,0.9880433082580566
NeuMF,2002,2002-12-31,48181,1258,8,0.9867320656776428
NeuMF,2002,2002-12-31,48181,41,9,0.9863320589065552
NeuMF,2002,2002-12-31,48181,29,10,0.9846882224082947
NeuMF,2002,2002-12-31,48226,494,1,0.9992548823356628
NeuMF,2002,2002-12-31,48226,1488,2,0.9992407560348511
NeuMF,2002,2002-12-31,48226,1610,3,0.996672511100769
NeuMF,2002,2002-12-31,48226,1589,4,0.9960136413574219
NeuMF,2002,2002-12-31,48226,349,5,0.9951061010360718
NeuMF,2002,2002-12-31,48226,1784,6,0.9944451451301575
NeuMF,2002,2002-12-31,48226,1485,7,0.9944285154342651
NeuMF,2002,2002-12-31,48226,1375,8,0.9940671920776367
NeuMF,2002,2002-12-31,48226,513,9,0.9936019778251648
NeuMF,2002,2002-12-31,48226,1291,10,0.9921483993530273
NeuMF,2002,2002-12-31,48244,3556,1,0.99908447265625
NeuMF,2002,2002-12-31,48244,2318,2,0.9988670349121094
NeuMF,2002,2002-12-31,48244,2791,3,0.9987204074859619
NeuMF,2002,2002-12-31,48244,2692,4,0.9986951947212219
NeuMF,2002,2002-12-31,48244,4226,5,0.9986660480499268
NeuMF,2002,2002-12-31,48244,2700,6,0.9986296892166138
NeuMF,2002,2002-12-31,48244,3418,7,0.998336672782898
NeuMF,2002,2002-12-31,48244,3481,8,0.9982154369354248
NeuMF,2002,2002-12-31,48244,3300,9,0.9975861310958862
NeuMF,2002,2002-12-31,48244,3210,10,0.9969748258590698
NeuMF,2002,2002-12-31,48540,2455,1,0.9995878338813782
NeuMF,2002,2002-12-31,48540,745,2,0.9989166259765625
NeuMF,2002,2002-12-31,48540,3006,3,0.9988508224487305
NeuMF,2002,2002-12-31,48540,1148,4,0.9987503290176392
NeuMF,2002,2002-12-31,48540,2985,5,0.9981057643890381
NeuMF,2002,2002-12-31,48540,1892,6,0.9974849224090576
NeuMF,2002,2002-12-31,48540,1223,7,0.9973952770233154
NeuMF,2002,2002-12-31,48540,176,8,0.9973416924476624
NeuMF,2002,2002-12-31,48540,3788,9,0.9971206188201904
NeuMF,2002,2002-12-31,48540,1244,10,0.9970201849937439
NeuMF,2002,2002-12-31,48632,1968,1,0.9998258948326111
NeuMF,2002,2002-12-31,48632,2518,2,0.9996644258499146
NeuMF,2002,2002-12-31,48632,2371,3,0.9986567497253418
NeuMF,2002,2002-12-31,48632,1394,4,0.9981880784034729
NeuMF,2002,2002-12-31,48632,2064,5,0.9979091286659241
NeuMF,2002,2002-12-31,48632,1994,6,0.9978622794151306
NeuMF,2002,2002-12-31,48632,1136,7,0.9973801970481873
NeuMF,2002,2002-12-31,48632,2791,8,0.9973083734512329
NeuMF,2002,2002-12-31,48632,1961,9,0.9970287680625916
NeuMF,2002,2002-12-31,48632,1197,10,0.9965636134147644
NeuMF,2002,2002-12-31,49122,2702,1,0.9973987340927124
NeuMF,2002,2002-12-31,49122,2329,2,0.9971729516983032
NeuMF,2002,2002-12-31,49122,1584,3,0.9966675639152527
NeuMF,2002,2002-12-31,49122,1061,4,0.99516761302948
NeuMF,2002,2002-12-31,49122,1688,5,0.9944196343421936
NeuMF,2002,2002-12-31,49122,1921,6,0.9940892457962036
NeuMF,2002,2002-12-31,49122,2997,7,0.9926209449768066
NeuMF,2002,2002-12-31,49122,3477,8,0.9922967553138733
NeuMF,2002,2002-12-31,49122,1225,9,0.9920245409011841
NeuMF,2002,2002-12-31,49122,1320,10,0.9911194443702698
NeuMF,2002,2002-12-31,49361,1927,1,0.9985764026641846
NeuMF,2002,2002-12-31,49361,3702,2,0.9981781244277954
NeuMF,2002,2002-12-31,49361,4006,3,0.9969594478607178
NeuMF,2002,2002-12-31,49361,720,4,0.9952709078788757
NeuMF,2002,2002-12-31,49361,4085,5,0.994543194770813
NeuMF,2002,2002-12-31,49361,112,6,0.9937898516654968
NeuMF,2002,2002-12-31,49361,2294,7,0.9937505125999451
NeuMF,2002,2002-12-31,49361,3827,8,0.9934549927711487
NeuMF,2002,2002-12-31,49361,3793,9,0.9927419424057007
NeuMF,2002,2002-12-31,49361,2046,10,0.9915487766265869
NeuMF,2002,2002-12-31,49460,3261,1,0.9992144107818604
NeuMF,2002,2002-12-31,49460,1923,2,0.9988985061645508
NeuMF,2002,2002-12-31,49460,4117,3,0.9982872605323792
NeuMF,2002,2002-12-31,49460,69,4,0.9981010556221008
NeuMF,2002,2002-12-31,49460,497,5,0.998082160949707
NeuMF,2002,2002-12-31,49460,2128,6,0.9975950121879578
NeuMF,2002,2002-12-31,49460,3783,7,0.9971899390220642
NeuMF,2002,2002-12-31,49460,4321,8,0.9970594048500061
NeuMF,2002,2002-12-31,49460,2109,9,0.9963477253913879
NeuMF,2002,2002-12-31,49460,2150,10,0.9962877035140991
NeuMF,2002,2002-12-31,49545,2109,1,0.9986394047737122
NeuMF,2002,2002-12-31,49545,1721,2,0.9984935522079468
NeuMF,2002,2002-12-31,49545,3618,3,0.997603714466095
NeuMF,2002,2002-12-31,49545,282,4,0.9975824356079102
NeuMF,2002,2002-12-31,49545,2294,5,0.9974967837333679
NeuMF,2002,2002-12-31,49545,1683,6,0.9970594048500061
NeuMF,2002,2002-12-31,49545,1177,7,0.9966574907302856
NeuMF,2002,2002-12-31,49545,3844,8,0.9961242079734802
NeuMF,2002,2002-12-31,49545,2352,9,0.9959270358085632
NeuMF,2002,2002-12-31,49545,1643,10,0.9955039620399475
NeuMF,2002,2002-12-31,49774,858,1,0.9984667897224426
NeuMF,2002,2002-12-31,49774,608,2,0.9982882142066956
NeuMF,2002,2002-12-31,49774,2858,3,0.9979485869407654
NeuMF,2002,2002-12-31,49774,1912,4,0.9969492554664612
NeuMF,2002,2002-12-31,49774,2997,5,0.9956739544868469
NeuMF,2002,2002-12-31,49774,2395,6,0.9953488707542419
NeuMF,2002,2002-12-31,49774,50,7,0.9927797913551331
NeuMF,2002,2002-12-31,49774,2791,8,0.9914421439170837
NeuMF,2002,2002-12-31,49774,2599,9,0.9911653399467468
NeuMF,2002,2002-12-31,49774,1639,10,0.9895055890083313
NeuMF,2002,2002-12-31,49834,1129,1,0.9993357062339783
NeuMF,2002,2002-12-31,49834,1372,2,0.9988652467727661
NeuMF,2002,2002-12-31,49834,3703,3,0.9985308647155762
NeuMF,2002,2002-12-31,49834,1222,4,0.998236894607544
NeuMF,2002,2002-12-31,49834,1201,5,0.9980231523513794
NeuMF,2002,2002-12-31,49834,2019,6,0.9977389574050903
NeuMF,2002,2002-12-31,49834,908,7,0.9977177381515503
NeuMF,2002,2002-12-31,49834,329,8,0.9964298605918884
NeuMF,2002,2002-12-31,49834,2275,9,0.9952849745750427
NeuMF,2002,2002-12-31,49834,1231,10,0.9947973489761353
NeuMF,2002,2002-12-31,49967,3948,1,0.9998037219047546
NeuMF,2002,2002-12-31,49967,4090,2,0.9993177652359009
NeuMF,2002,2002-12-31,49967,3827,3,0.9983761310577393
NeuMF,2002,2002-12-31,49967,3869,4,0.9983600974082947
NeuMF,2002,2002-12-31,49967,3301,5,0.9982426166534424
NeuMF,2002,2002-12-31,49967,3793,6,0.9972383975982666
NeuMF,2002,2002-12-31,49967,3916,7,0.9971889853477478
NeuMF,2002,2002-12-31,49967,1282,8,0.9961722493171692
NeuMF,2002,2002-12-31,49967,3751,9,0.9941827654838562
NeuMF,2002,2002-12-31,49967,4019,10,0.9936602711677551
NeuMF,2002,2002-12-31,50149,916,1,0.9997685551643372
NeuMF,2002,2002-12-31,50149,910,2,0.9996912479400635
NeuMF,2002,2002-12-31,50149,3421,3,0.9994262456893921
NeuMF,2002,2002-12-31,50149,306,4,0.9993568062782288
NeuMF,2002,2002-12-31,50149,1256,5,0.9974219799041748
NeuMF,2002,2002-12-31,50149,497,6,0.9970095157623291
NeuMF,2002,2002-12-31,50149,1148,7,0.9958378076553345
NeuMF,2002,2002-12-31,50149,1234,8,0.994785487651825
NeuMF,2002,2002-12-31,50149,3972,9,0.9944191575050354
NeuMF,2002,2002-12-31,50149,1276,10,0.9943957328796387
NeuMF,2002,2002-12-31,50267,1343,1,0.9981344938278198
NeuMF,2002,2002-12-31,50267,3249,2,0.99664705991745
NeuMF,2002,2002-12-31,50267,2841,3,0.9906346201896667
NeuMF,2002,2002-12-31,50267,3100,4,0.9897714257240295
NeuMF,2002,2002-12-31,50267,1805,5,0.9858229756355286
NeuMF,2002,2002-12-31,50267,2280,6,0.9843115210533142
NeuMF,2002,2002-12-31,50267,2291,7,0.9839178323745728
NeuMF,2002,2002-12-31,50267,3753,8,0.9826033711433411
NeuMF,2002,2002-12-31,50267,1619,9,0.9825164079666138
NeuMF,2002,2002-12-31,50267,1732,10,0.9822620153427124
NeuMF,2002,2002-12-31,50359,45,1,0.9993785619735718
NeuMF,2002,2002-12-31,50359,1057,2,0.9990943670272827
NeuMF,2002,2002-12-31,50359,41,3,0.9990745782852173
NeuMF,2002,2002-12-31,50359,930,4,0.9985291957855225
NeuMF,2002,2002-12-31,50359,650,5,0.9981955885887146
NeuMF,2002,2002-12-31,50359,35,6,0.9977947473526001
NeuMF,2002,2002-12-31,50359,82,7,0.9955594539642334
NeuMF,2002,2002-12-31,50359,3528,8,0.9952001571655273
NeuMF,2002,2002-12-31,50359,728,9,0.9937376976013184
NeuMF,2002,2002-12-31,50359,3823,10,0.9927849769592285
NeuMF,2002,2002-12-31,50472,3178,1,0.9977476000785828
NeuMF,2002,2002-12-31,50472,3812,2,0.9966889023780823
NeuMF,2002,2002-12-31,50472,1405,3,0.9965543746948242
NeuMF,2002,2002-12-31,50472,1388,4,0.9958412051200867
NeuMF,2002,2002-12-31,50472,2942,5,0.9956663846969604
NeuMF,2002,2002-12-31,50472,4002,6,0.9949373006820679
NeuMF,2002,2002-12-31,50472,3928,7,0.9943293929100037
NeuMF,2002,2002-12-31,50472,19,8,0.9941979646682739
NeuMF,2002,2002-12-31,50472,2524,9,0.9933795928955078
NeuMF,2002,2002-12-31,50472,4306,10,0.9930007457733154
NeuMF,2002,2002-12-31,50506,3456,1,0.9995087385177612
NeuMF,2002,2002-12-31,50506,3083,2,0.9990587830543518
NeuMF,2002,2002-12-31,50506,3978,3,0.9989515542984009
NeuMF,2002,2002-12-31,50506,2436,4,0.9981510043144226
NeuMF,2002,2002-12-31,50506,3469,5,0.997576892375946
NeuMF,2002,2002-12-31,50506,3408,6,0.9971041083335876
NeuMF,2002,2002-12-31,50506,3969,7,0.9959761500358582
NeuMF,2002,2002-12-31,50506,3317,8,0.9952408075332642
NeuMF,2002,2002-12-31,50506,3751,9,0.99424147605896
NeuMF,2002,2002-12-31,50506,3118,10,0.9938873648643494
NeuMF,2002,2002-12-31,50810,517,1,0.9963984489440918
NeuMF,2002,2002-12-31,50810,2352,2,0.9950278401374817
NeuMF,2002,2002-12-31,50810,3552,3,0.9940230250358582
NeuMF,2002,2002-12-31,50810,3753,4,0.9938871264457703
NeuMF,2002,2002-12-31,50810,1101,5,0.9937196969985962
NeuMF,2002,2002-12-31,50810,3408,6,0.9923067688941956
NeuMF,2002,2002-12-31,50810,3578,7,0.99221271276474
NeuMF,2002,2002-12-31,50810,3527,8,0.9917922019958496
NeuMF,2002,2002-12-31,50810,1012,9,0.9913308620452881
NeuMF,2002,2002-12-31,50810,3526,10,0.9897799491882324
NeuMF,2002,2002-12-31,51560,3005,1,0.9998910427093506
NeuMF,2002,2002-12-31,51560,4344,2,0.9998899698257446
NeuMF,2002,2002-12-31,51560,4022,3,0.9998871088027954
NeuMF,2002,2002-12-31,51560,3081,4,0.9998565912246704
NeuMF,2002,2002-12-31,51560,3988,5,0.9997522234916687
NeuMF,2002,2002-12-31,51560,3185,6,0.9997382760047913
NeuMF,2002,2002-12-31,51560,4306,7,0.9997255206108093
NeuMF,2002,2002-12-31,51560,3408,8,0.9997051358222961
NeuMF,2002,2002-12-31,51560,2712,9,0.9995933175086975
NeuMF,2002,2002-12-31,51560,3175,10,0.9994804263114929
NeuMF,2002,2002-12-31,51956,1730,1,0.9984573125839233
NeuMF,2002,2002-12-31,51956,155,2,0.9964932799339294
NeuMF,2002,2002-12-31,51956,299,3,0.995590329170227
NeuMF,2002,2002-12-31,51956,1498,4,0.9948500990867615
NeuMF,2002,2002-12-31,51956,1411,5,0.992697536945343
NeuMF,2002,2002-12-31,51956,2353,6,0.9876854419708252
NeuMF,2002,2002-12-31,51956,2425,7,0.987330436706543
NeuMF,2002,2002-12-31,51956,3467,8,0.9839361906051636
NeuMF,2002,2002-12-31,51956,1057,9,0.9830564260482788
NeuMF,2002,2002-12-31,51956,1860,10,0.9814265370368958
NeuMF,2002,2002-12-31,52329,4381,1,0.9994267225265503
NeuMF,2002,2002-12-31,52329,1446,2,0.9993426203727722
NeuMF,2002,2002-12-31,52329,4014,3,0.9991907477378845
NeuMF,2002,2002-12-31,52329,2302,4,0.9991576671600342
NeuMF,2002,2002-12-31,52329,1836,5,0.9984328150749207
NeuMF,2002,2002-12-31,52329,1784,6,0.9979789853096008
NeuMF,2002,2002-12-31,52329,105,7,0.9979206919670105
NeuMF,2002,2002-12-31,52329,1365,8,0.9977260231971741
NeuMF,2002,2002-12-31,52329,4246,9,0.9976688027381897
NeuMF,2002,2002-12-31,52329,357,10,0.9975576400756836
NeuMF,2002,2002-12-31,52769,232,1,0.999241828918457
NeuMF,2002,2002-12-31,52769,29,2,0.9990615248680115
NeuMF,2002,2002-12-31,52769,417,3,0.9989272952079773
NeuMF,2002,2002-12-31,52769,322,4,0.998712420463562
NeuMF,2002,2002-12-31,52769,307,5,0.9985241293907166
NeuMF,2002,2002-12-31,52769,176,6,0.9981321692466736
NeuMF,2002,2002-12-31,52769,1921,7,0.9979390501976013
NeuMF,2002,2002-12-31,52769,247,8,0.9977983832359314
NeuMF,2002,2002-12-31,52769,745,9,0.9977800250053406
NeuMF,2002,2002-12-31,52769,3006,10,0.9974422454833984
NeuMF,2002,2002-12-31,53244,1084,1,0.9966508746147156
NeuMF,2002,2002-12-31,53244,2527,2,0.996405839920044
NeuMF,2002,2002-12-31,53244,2571,3,0.9961905479431152
NeuMF,2002,2002-12-31,53244,2764,4,0.9953444600105286
NeuMF,2002,2002-12-31,53244,2202,5,0.9949443936347961
NeuMF,2002,2002-12-31,53244,3095,6,0.994823694229126
NeuMF,2002,2002-12-31,53244,1193,7,0.9947823882102966
NeuMF,2002,2002-12-31,53244,260,8,0.9942471981048584
NeuMF,2002,2002-12-31,53244,2670,9,0.992624044418335
NeuMF,2002,2002-12-31,53244,1272,10,0.9918128252029419
NeuMF,2002,2002-12-31,53680,2694,1,0.998765230178833
NeuMF,2002,2002-12-31,53680,2355,2,0.9967758059501648
NeuMF,2002,2002-12-31,53680,2997,3,0.9963241815567017
NeuMF,2002,2002-12-31,53680,2599,4,0.9959039092063904
NeuMF,2002,2002-12-31,53680,3114,5,0.9917377829551697
NeuMF,2002,2002-12-31,53680,2318,6,0.9912605881690979
NeuMF,2002,2002-12-31,53680,111,7,0.9908615350723267
NeuMF,2002,2002-12-31,53680,2908,8,0.9907528162002563
NeuMF,2002,2002-12-31,53680,858,9,0.9872484803199768
NeuMF,2002,2002-12-31,53680,1213,10,0.985348641872406
NeuMF,2002,2002-12-31,53730,2941,1,0.9980927109718323
NeuMF,2002,2002-12-31,53730,1078,2,0.9967271089553833
NeuMF,2002,2002-12-31,53730,2539,3,0.994422972202301
NeuMF,2002,2002-12-31,53730,1367,4,0.9929102063179016
NeuMF,2002,2002-12-31,53730,1500,5,0.9923094511032104
NeuMF,2002,2002-12-31,53730,918,6,0.9899015426635742
NeuMF,2002,2002-12-31,53730,3090,7,0.989620566368103
NeuMF,2002,2002-12-31,53730,1302,8,0.9893442988395691
NeuMF,2002,2002-12-31,53730,2110,9,0.9884238839149475
NeuMF,2002,2002-12-31,53730,1806,10,0.9865370988845825
NeuMF,2002,2002-12-31,54287,1833,1,0.9989013671875
NeuMF,2002,2002-12-31,54287,2735,2,0.9987280964851379
NeuMF,2002,2002-12-31,54287,2986,3,0.9979225993156433
NeuMF,2002,2002-12-31,54287,1615,4,0.9978007674217224
NeuMF,2002,2002-12-31,54287,2803,5,0.9969223141670227
NeuMF,2002,2002-12-31,54287,511,6,0.9966825842857361
NeuMF,2002,2002-12-31,54287,2524,7,0.9962271451950073
NeuMF,2002,2002-12-31,54287,485,8,0.9961205124855042
NeuMF,2002,2002-12-31,54287,2402,9,0.9953155517578125
NeuMF,2002,2002-12-31,54287,2367,10,0.9951961636543274
NeuMF,2002,2002-12-31,54594,3097,1,0.9978700876235962
NeuMF,2002,2002-12-31,54594,678,2,0.9967734217643738
NeuMF,2002,2002-12-31,54594,3095,3,0.9965143799781799
NeuMF,2002,2002-12-31,54594,2178,4,0.9955601692199707
NeuMF,2002,2002-12-31,54594,3076,5,0.9950110912322998
NeuMF,2002,2002-12-31,54594,1694,6,0.9937718510627747
NeuMF,2002,2002-12-31,54594,1099,7,0.9924801588058472
NeuMF,2002,2002-12-31,54594,3088,8,0.9920395612716675
NeuMF,2002,2002-12-31,54594,3365,9,0.9912347793579102
NeuMF,2002,2002-12-31,54594,2677,10,0.9899028539657593
NeuMF,2002,2002-12-31,54711,16,1,0.9988657236099243
NeuMF,2002,2002-12-31,54711,1573,2,0.9985754489898682
NeuMF,2002,2002-12-31,54711,1617,3,0.9972648620605469
NeuMF,2002,2002-12-31,54711,1213,4,0.9959206581115723
NeuMF,2002,2002-12-31,54711,1754,5,0.9948721528053284
NeuMF,2002,2002-12-31,54711,3173,6,0.9937519431114197
NeuMF,2002,2002-12-31,54711,260,7,0.9925772547721863
NeuMF,2002,2002-12-31,54711,2028,8,0.9923629760742188
NeuMF,2002,2002-12-31,54711,1527,9,0.9920966625213623
NeuMF,2002,2002-12-31,54711,1499,10,0.9919459223747253
NeuMF,2002,2002-12-31,54759,116,1,0.9998877048492432
NeuMF,2002,2002-12-31,54759,1648,2,0.9993540644645691
NeuMF,2002,2002-12-31,54759,2686,3,0.9993141889572144
NeuMF,2002,2002-12-31,54759,1836,4,0.9992458820343018
NeuMF,2002,2002-12-31,54759,3317,5,0.9987119436264038
NeuMF,2002,2002-12-31,54759,1834,6,0.9986670017242432
NeuMF,2002,2002-12-31,54759,1856,7,0.9986180067062378
NeuMF,2002,2002-12-31,54759,1916,8,0.9984877109527588
NeuMF,2002,2002-12-31,54759,2572,9,0.9975712895393372
NeuMF,2002,2002-12-31,54759,1251,10,0.9972098469734192
NeuMF,2002,2002-12-31,54783,2987,1,0.9975547194480896
NeuMF,2002,2002-12-31,54783,2762,2,0.9958826303482056
NeuMF,2002,2002-12-31,54783,1537,3,0.9956666231155396
NeuMF,2002,2002-12-31,54783,2357,4,0.9956032037734985
NeuMF,2002,2002-12-31,54783,3114,5,0.9947994947433472
NeuMF,2002,2002-12-31,54783,29,6,0.9946122169494629
NeuMF,2002,2002-12-31,54783,2947,7,0.9940767288208008
NeuMF,2002,2002-12-31,54783,1028,8,0.9928238391876221
NeuMF,2002,2002-12-31,54783,1198,9,0.9917837381362915
NeuMF,2002,2002-12-31,54783,1080,10,0.991236686706543
NeuMF,2002,2002-12-31,55229,4855,1,0.999115526676178
NeuMF,2002,2002-12-31,55229,3168,2,0.9965240359306335
NeuMF,2002,2002-12-31,55229,4280,3,0.9963635802268982
NeuMF,2002,2002-12-31,55229,2094,4,0.9960741996765137
NeuMF,2002,2002-12-31,55229,3701,5,0.9955033659934998
NeuMF,2002,2002-12-31,55229,2245,6,0.9945675134658813
NeuMF,2002,2002-12-31,55229,2054,7,0.9939559102058411
NeuMF,2002,2002-12-31,55229,1587,8,0.9932767748832703
NeuMF,2002,2002-12-31,55229,1125,9,0.9931932091712952
NeuMF,2002,2002-12-31,55229,2193,10,0.9921239018440247
NeuMF,2002,2002-12-31,55234,18,1,0.9988231062889099
NeuMF,2002,2002-12-31,55234,2413,2,0.9987867474555969
NeuMF,2002,2002-12-31,55234,1753,3,0.99836665391922
NeuMF,2002,2002-12-31,55234,2011,4,0.9969480633735657
NeuMF,2002,2002-12-31,55234,344,5,0.9965507984161377
NeuMF,2002,2002-12-31,55234,1265,6,0.9964067339897156
NeuMF,2002,2002-12-31,55234,3246,7,0.996168315410614
NeuMF,2002,2002-12-31,55234,3396,8,0.9960201382637024
NeuMF,2002,2002-12-31,55234,2014,9,0.9953858256340027
NeuMF,2002,2002-12-31,55234,520,10,0.9948084950447083
NeuMF,2002,2002-12-31,55855,3863,1,0.9979300498962402
NeuMF,2002,2002-12-31,55855,1196,2,0.9962959885597229
NeuMF,2002,2002-12-31,55855,2502,3,0.9960632920265198
NeuMF,2002,2002-12-31,55855,2009,4,0.9952076077461243
NeuMF,2002,2002-12-31,55855,1214,5,0.9949560761451721
NeuMF,2002,2002-12-31,55855,3793,6,0.9940846562385559
NeuMF,2002,2002-12-31,55855,4308,7,0.9924713373184204
NeuMF,2002,2002-12-31,55855,3977,8,0.9922893643379211
NeuMF,2002,2002-12-31,55855,4226,9,0.9908609390258789
NeuMF,2002,2002-12-31,55855,2598,10,0.9907061457633972
NeuMF,2002,2002-12-31,56318,1060,1,0.9998170733451843
NeuMF,2002,2002-12-31,56318,2858,2,0.999788224697113
NeuMF,2002,2002-12-31,56318,223,3,0.9996145963668823
NeuMF,2002,2002-12-31,56318,1968,4,0.9980723857879639
NeuMF,2002,2002-12-31,56318,608,5,0.997936487197876
NeuMF,2002,2002-12-31,56318,1500,6,0.997266411781311
NeuMF,2002,2002-12-31,56318,1358,7,0.9970293045043945
NeuMF,2002,2002-12-31,56318,1394,8,0.9969218373298645
NeuMF,2002,2002-12-31,56318,1288,9,0.9961430430412292
NeuMF,2002,2002-12-31,56318,2396,10,0.9958186745643616
NeuMF,2002,2002-12-31,56838,3793,1,0.9985306262969971
NeuMF,2002,2002-12-31,56838,4239,2,0.9983848333358765
NeuMF,2002,2002-12-31,56838,3535,3,0.9980473518371582
NeuMF,2002,2002-12-31,56838,3753,4,0.996537446975708
NeuMF,2002,2002-12-31,56838,3510,5,0.9963282942771912
NeuMF,2002,2002-12-31,56838,3554,6,0.9955049157142639
NeuMF,2002,2002-12-31,56838,4262,7,0.9953997731208801
NeuMF,2002,2002-12-31,56838,3466,8,0.9945052266120911
NeuMF,2002,2002-12-31,56838,4085,9,0.9943610429763794
NeuMF,2002,2002-12-31,56838,543,10,0.9941283464431763
NeuMF,2002,2002-12-31,57114,1361,1,0.9999516010284424
NeuMF,2002,2002-12-31,57114,3863,2,0.9977450966835022
NeuMF,2002,2002-12-31,57114,3671,3,0.9977251887321472
NeuMF,2002,2002-12-31,57114,1280,4,0.9974251985549927
NeuMF,2002,2002-12-31,57114,3006,5,0.9973199963569641
NeuMF,2002,2002-12-31,57114,3615,6,0.9963011741638184
NeuMF,2002,2002-12-31,57114,2396,7,0.996256947517395
NeuMF,2002,2002-12-31,57114,2712,8,0.9959617257118225
NeuMF,2002,2002-12-31,57114,3510,9,0.9958761930465698
NeuMF,2002,2002-12-31,57114,3155,10,0.9944494962692261
NeuMF,2002,2002-12-31,57304,665,1,0.9997448325157166
NeuMF,2002,2002-12-31,57304,341,2,0.9997161030769348
NeuMF,2002,2002-12-31,57304,149,3,0.9997076392173767
NeuMF,2002,2002-12-31,57304,1904,4,0.9996824264526367
NeuMF,2002,2002-12-31,57304,2575,5,0.9994257688522339
NeuMF,2002,2002-12-31,57304,3328,6,0.9994059801101685
NeuMF,2002,2002-12-31,57304,1844,7,0.9991263747215271
NeuMF,2002,2002-12-31,57304,233,8,0.9990148544311523
NeuMF,2002,2002-12-31,57304,96,9,0.99868243932724
NeuMF,2002,2002-12-31,57304,156,10,0.9984447360038757
NeuMF,2002,2002-12-31,57563,2139,1,0.9991497993469238
NeuMF,2002,2002-12-31,57563,1270,2,0.9987202882766724
NeuMF,2002,2002-12-31,57563,2146,3,0.9973031282424927
NeuMF,2002,2002-12-31,57563,2011,4,0.9966377019882202
NeuMF,2002,2002-12-31,57563,1676,5,0.9965446591377258
NeuMF,2002,2002-12-31,57563,1625,6,0.9964993000030518
NeuMF,2002,2002-12-31,57563,836,7,0.9957697987556458
NeuMF,2002,2002-12-31,57563,2745,8,0.9955262541770935
NeuMF,2002,2002-12-31,57563,1645,9,0.9936639070510864
NeuMF,2002,2002-12-31,57563,370,10,0.9927414655685425
NeuMF,2002,2002-12-31,57737,1912,1,0.9993964433670044
NeuMF,2002,2002-12-31,57737,950,2,0.9991772770881653
NeuMF,2002,2002-12-31,57737,1077,3,0.9971615076065063
NeuMF,2002,2002-12-31,57737,1913,4,0.9970081448554993
NeuMF,2002,2002-12-31,57737,1041,5,0.9966245889663696
NeuMF,2002,2002-12-31,57737,2020,6,0.9964307546615601
NeuMF,2002,2002-12-31,57737,247,7,0.9960108995437622
NeuMF,2002,2002-12-31,57737,58,8,0.9948291182518005
NeuMF,2002,2002-12-31,57737,535,9,0.9946455955505371
NeuMF,2002,2002-12-31,57737,678,10,0.9946349859237671
NeuMF,2002,2002-12-31,58000,2762,1,0.9996535778045654
NeuMF,2002,2002-12-31,58000,2396,2,0.9995328187942505
NeuMF,2002,2002-12-31,58000,1617,3,0.9993366599082947
NeuMF,2002,2002-12-31,58000,2858,4,0.9987378716468811
NeuMF,2002,2002-12-31,58000,2959,5,0.9987108707427979
NeuMF,2002,2002-12-31,58000,2628,6,0.9986613988876343
NeuMF,2002,2002-12-31,58000,2763,7,0.9984114170074463
NeuMF,2002,2002-12-31,58000,1653,8,0.9978771209716797
NeuMF,2002,2002-12-31,58000,2997,9,0.9978204965591431
NeuMF,2002,2002-12-31,58000,1704,10,0.9970163106918335
NeuMF,2002,2002-12-31,58968,3387,1,0.9998400211334229
NeuMF,2002,2002-12-31,58968,3248,2,0.9996788501739502
NeuMF,2002,2002-12-31,58968,833,3,0.9995156526565552
NeuMF,2002,2002-12-31,58968,135,4,0.9995152950286865
NeuMF,2002,2002-12-31,58968,370,5,0.9985981583595276
NeuMF,2002,2002-12-31,58968,743,6,0.9980546236038208
NeuMF,2002,2002-12-31,58968,2301,7,0.9980508089065552
NeuMF,2002,2002-12-31,58968,3448,8,0.9979138970375061
NeuMF,2002,2002-12-31,58968,3159,9,0.9975881576538086
NeuMF,2002,2002-12-31,58968,3114,10,0.9974989295005798
NeuMF,2002,2002-12-31,59466,299,1,0.9852573275566101
NeuMF,2002,2002-12-31,59466,3476,2,0.9852331280708313
NeuMF,2002,2002-12-31,59466,3527,3,0.9829172492027283
NeuMF,2002,2002-12-31,59466,3100,4,0.9770596027374268
NeuMF,2002,2002-12-31,59466,4993,5,0.9732593297958374
NeuMF,2002,2002-12-31,59466,1095,6,0.9732038974761963
NeuMF,2002,2002-12-31,59466,203,7,0.9694138765335083
NeuMF,2002,2002-12-31,59466,2071,8,0.9666309356689453
NeuMF,2002,2002-12-31,59466,1061,9,0.9664093255996704
NeuMF,2002,2002-12-31,59466,2340,10,0.9660942554473877
NeuMF,2002,2002-12-31,59667,3082,1,0.9972456693649292
NeuMF,2002,2002-12-31,59667,3751,2,0.9904010891914368
NeuMF,2002,2002-12-31,59667,1246,3,0.9891048073768616
NeuMF,2002,2002-12-31,59667,165,4,0.9876119494438171
NeuMF,2002,2002-12-31,59667,2763,5,0.9868713617324829
NeuMF,2002,2002-12-31,59667,2058,6,0.9865319132804871
NeuMF,2002,2002-12-31,59667,4223,7,0.9852241277694702
NeuMF,2002,2002-12-31,59667,2394,8,0.9847120046615601
NeuMF,2002,2002-12-31,59667,157,9,0.9845655560493469
NeuMF,2002,2002-12-31,59667,910,10,0.9843584299087524
NeuMF,2002,2002-12-31,59683,3134,1,0.9997273087501526
NeuMF,2002,2002-12-31,59683,720,2,0.998965859413147
NeuMF,2002,2002-12-31,59683,1264,3,0.9989515542984009
NeuMF,2002,2002-12-31,59683,1148,4,0.9988045692443848
NeuMF,2002,2002-12-31,59683,910,5,0.997688889503479
NeuMF,2002,2002-12-31,59683,2859,6,0.9969454407691956
NeuMF,2002,2002-12-31,59683,2203,7,0.9965307116508484
NeuMF,2002,2002-12-31,59683,913,8,0.9952430129051208
NeuMF,2002,2002-12-31,59683,1273,9,0.9945787191390991
NeuMF,2002,2002-12-31,59683,2351,10,0.9925204515457153
NeuMF,2002,2002-12-31,60043,2078,1,0.9992009997367859
NeuMF,2002,2002-12-31,60043,2747,2,0.9991758465766907
NeuMF,2002,2002-12-31,60043,2941,3,0.998781144618988
NeuMF,2002,2002-12-31,60043,3244,4,0.9985074400901794
NeuMF,2002,2002-12-31,60043,901,5,0.9983657002449036
NeuMF,2002,2002-12-31,60043,4356,6,0.9980233907699585
NeuMF,2002,2002-12-31,60043,2857,7,0.9979867935180664
NeuMF,2002,2002-12-31,60043,3086,8,0.9975398778915405
NeuMF,2002,2002-12-31,60043,1077,9,0.9973464012145996
NeuMF,2002,2002-12-31,60043,2946,10,0.9973010420799255
NeuMF,2002,2002-12-31,60969,3082,1,0.9998680353164673
NeuMF,2002,2002-12-31,60969,3334,2,0.9994342923164368
NeuMF,2002,2002-12-31,60969,3675,3,0.9987531900405884
NeuMF,2002,2002-12-31,60969,4085,4,0.9986536502838135
NeuMF,2002,2002-12-31,60969,2457,5,0.997894823551178
NeuMF,2002,2002-12-31,60969,3035,6,0.9971720576286316
NeuMF,2002,2002-12-31,60969,2815,7,0.9961024522781372
NeuMF,2002,2002-12-31,60969,3061,8,0.9943758249282837
NeuMF,2002,2002-12-31,60969,1247,9,0.9933226704597473
NeuMF,2002,2002-12-31,60969,3052,10,0.9932116270065308
NeuMF,2002,2002-12-31,60992,4343,1,0.9988790154457092
NeuMF,2002,2002-12-31,60992,2622,2,0.9986692667007446
NeuMF,2002,2002-12-31,60992,610,3,0.9984540939331055
NeuMF,2002,2002-12-31,60992,2987,4,0.997527539730072
NeuMF,2002,2002-12-31,60992,107,5,0.9970152378082275
NeuMF,2002,2002-12-31,60992,3549,6,0.9965277314186096
NeuMF,2002,2002-12-31,60992,4915,7,0.9962747097015381
NeuMF,2002,2002-12-31,60992,2005,8,0.9936935305595398
NeuMF,2002,2002-12-31,60992,3949,9,0.9931461811065674
NeuMF,2002,2002-12-31,60992,2137,10,0.9910625219345093
NeuMF,2002,2002-12-31,61108,2527,1,0.9989185333251953
NeuMF,2002,2002-12-31,61108,3311,2,0.9981566071510315
NeuMF,2002,2002-12-31,61108,3527,3,0.9976281523704529
NeuMF,2002,2002-12-31,61108,1101,4,0.9969082474708557
NeuMF,2002,2002-12-31,61108,2532,5,0.9964486360549927
NeuMF,2002,2002-12-31,61108,553,6,0.9961207509040833
NeuMF,2002,2002-12-31,61108,161,7,0.9945951104164124
NeuMF,2002,2002-12-31,61108,373,8,0.9945476055145264
NeuMF,2002,2002-12-31,61108,2808,9,0.9943378567695618
NeuMF,2002,2002-12-31,61108,2453,10,0.9921892881393433
NeuMF,2002,2002-12-31,61468,2671,1,0.9993552565574646
NeuMF,2002,2002-12-31,61468,2940,2,0.9989027976989746
NeuMF,2002,2002-12-31,61468,1230,3,0.9984843134880066
NeuMF,2002,2002-12-31,61468,1282,4,0.9982727766036987
NeuMF,2002,2002-12-31,61468,7,5,0.9979525804519653
NeuMF,2002,2002-12-31,61468,1197,6,0.9977378845214844
NeuMF,2002,2002-12-31,61468,357,7,0.9970924854278564
NeuMF,2002,2002-12-31,61468,1566,8,0.9964202642440796
NeuMF,2002,2002-12-31,61468,852,9,0.9963821172714233
NeuMF,2002,2002-12-31,61468,1078,10,0.9958606362342834
NeuMF,2002,2002-12-31,61550,2072,1,0.9996916055679321
NeuMF,2002,2002-12-31,61550,3396,2,0.9984703660011292
NeuMF,2002,2002-12-31,61550,1440,3,0.9971734285354614
NeuMF,2002,2002-12-31,61550,4308,4,0.9967848062515259
NeuMF,2002,2002-12-31,61550,1405,5,0.9967665672302246
NeuMF,2002,2002-12-31,61550,3689,6,0.9965984225273132
NeuMF,2002,2002-12-31,61550,3146,7,0.9965963959693909
NeuMF,2002,2002-12-31,61550,3793,8,0.9965496063232422
NeuMF,2002,2002-12-31,61550,785,9,0.9965139031410217
NeuMF,2002,2002-12-31,61550,2354,10,0.996428906917572
NeuMF,2002,2002-12-31,61554,3081,1,0.9988868832588196
NeuMF,2002,2002-12-31,61554,1268,2,0.9985449314117432
NeuMF,2002,2002-12-31,61554,4488,3,0.9982138872146606
NeuMF,2002,2002-12-31,61554,3682,4,0.997895359992981
NeuMF,2002,2002-12-31,61554,3498,5,0.9977276921272278
NeuMF,2002,2002-12-31,61554,482,6,0.9975365400314331
NeuMF,2002,2002-12-31,61554,4128,7,0.9961721301078796
NeuMF,2002,2002-12-31,61554,3016,8,0.996008038520813
NeuMF,2002,2002-12-31,61554,233,9,0.9936654567718506
NeuMF,2002,2002-12-31,61554,2901,10,0.9930819869041443
NeuMF,2002,2002-12-31,61651,2243,1,0.9989635944366455
NeuMF,2002,2002-12-31,61651,2736,2,0.9989550113677979
NeuMF,2002,2002-12-31,61651,1958,3,0.9973374009132385
NeuMF,2002,2002-12-31,61651,1307,4,0.9970570802688599
NeuMF,2002,2002-12-31,61651,2763,5,0.9957808256149292
NeuMF,2002,2002-12-31,61651,1073,6,0.9954777359962463
NeuMF,2002,2002-12-31,61651,914,7,0.9949067234992981
NeuMF,2002,2002-12-31,61651,3037,8,0.9947896003723145
NeuMF,2002,2002-12-31,61651,2858,9,0.9946850538253784
NeuMF,2002,2002-12-31,61651,2384,10,0.9946686625480652
NeuMF,2002,2002-12-31,61931,2139,1,0.9993789196014404
NeuMF,2002,2002-12-31,61931,2872,2,0.9991934895515442
NeuMF,2002,2002-12-31,61931,3704,3,0.9970576763153076
NeuMF,2002,2002-12-31,61931,2716,4,0.9962550401687622
NeuMF,2002,2002-12-31,61931,2194,5,0.9956986904144287
NeuMF,2002,2002-12-31,61931,1653,6,0.9943260550498962
NeuMF,2002,2002-12-31,61931,1921,7,0.9927698969841003
NeuMF,2002,2002-12-31,61931,2311,8,0.9921293258666992
NeuMF,2002,2002-12-31,61931,1270,9,0.9911187291145325
NeuMF,2002,2002-12-31,61931,1967,10,0.9907316565513611
NeuMF,2002,2002-12-31,61962,3983,1,0.9985733032226562
NeuMF,2002,2002-12-31,61962,3978,2,0.9981110095977783
NeuMF,2002,2002-12-31,61962,3099,3,0.9973229765892029
NeuMF,2002,2002-12-31,61962,3471,4,0.9933558702468872
NeuMF,2002,2002-12-31,61962,1660,5,0.9922903180122375
NeuMF,2002,2002-12-31,61962,3194,6,0.9904689192771912
NeuMF,2002,2002-12-31,61962,2946,7,0.9895399212837219
NeuMF,2002,2002-12-31,61962,3753,8,0.9880187511444092
NeuMF,2002,2002-12-31,61962,2300,9,0.986120879650116
NeuMF,2002,2002-12-31,61962,2132,10,0.9859516620635986
NeuMF,2002,2002-12-31,62238,3408,1,0.9992844462394714
NeuMF,2002,2002-12-31,62238,509,2,0.9984061121940613
NeuMF,2002,2002-12-31,62238,4014,3,0.9969666600227356
NeuMF,2002,2002-12-31,62238,446,4,0.9964332580566406
NeuMF,2002,2002-12-31,62238,475,5,0.9963080883026123
NeuMF,2002,2002-12-31,62238,266,6,0.9962819218635559
NeuMF,2002,2002-12-31,62238,3538,7,0.9957268238067627
NeuMF,2002,2002-12-31,62238,224,8,0.9949510097503662
NeuMF,2002,2002-12-31,62238,3481,9,0.9943642616271973
NeuMF,2002,2002-12-31,62238,2966,10,0.9942160248756409
NeuMF,2002,2002-12-31,62629,2110,1,0.9981023669242859
NeuMF,2002,2002-12-31,62629,3552,2,0.997442364692688
NeuMF,2002,2002-12-31,62629,2174,3,0.9971932768821716
NeuMF,2002,2002-12-31,62629,2132,4,0.9969081282615662
NeuMF,2002,2002-12-31,62629,2146,5,0.9964284300804138
NeuMF,2002,2002-12-31,62629,3203,6,0.9958323836326599
NeuMF,2002,2002-12-31,62629,3070,7,0.9957854151725769
NeuMF,2002,2002-12-31,62629,3201,8,0.9956042766571045
NeuMF,2002,2002-12-31,62629,1295,9,0.9956033229827881
NeuMF,2002,2002-12-31,62629,2020,10,0.9955613613128662
NeuMF,2002,2002-12-31,62779,232,1,0.9997240900993347
NeuMF,2002,2002-12-31,62779,1057,2,0.9986456036567688
NeuMF,2002,2002-12-31,62779,2671,3,0.9986305236816406
NeuMF,2002,2002-12-31,62779,2324,4,0.997934103012085
NeuMF,2002,2002-12-31,62779,497,5,0.997502863407135
NeuMF,2002,2002-12-31,62779,1177,6,0.9971674084663391
NeuMF,2002,2002-12-31,62779,2394,7,0.9967781901359558
NeuMF,2002,2002-12-31,62779,2618,8,0.9958220720291138
NeuMF,2002,2002-12-31,62779,48,9,0.9956745505332947
NeuMF,2002,2002-12-31,62779,1446,10,0.9955195188522339
NeuMF,2002,2002-12-31,62861,2804,1,0.997810423374176
NeuMF,2002,2002-12-31,62861,1288,2,0.9977177381515503
NeuMF,2002,2002-12-31,62861,2795,3,0.9962892532348633
NeuMF,2002,2002-12-31,62861,4034,4,0.9946960210800171
NeuMF,2002,2002-12-31,62861,543,5,0.9942271709442139
NeuMF,2002,2002-12-31,62861,1298,6,0.9939832091331482
NeuMF,2002,2002-12-31,62861,1982,7,0.9932275414466858
NeuMF,2002,2002-12-31,62861,785,8,0.9918225407600403
NeuMF,2002,2002-12-31,62861,1258,9,0.9914312362670898
NeuMF,2002,2002-12-31,62861,594,10,0.9878060221672058
NeuMF,2002,2002-12-31,63111,3968,1,0.9996731281280518
NeuMF,2002,2002-12-31,63111,3409,2,0.9983826875686646
NeuMF,2002,2002-12-31,63111,2995,3,0.9980489015579224
NeuMF,2002,2002-12-31,63111,3986,4,0.9976688027381897
NeuMF,2002,2002-12-31,63111,2550,5,0.9971959590911865
NeuMF,2002,2002-12-31,63111,1196,6,0.9967384934425354
NeuMF,2002,2002-12-31,63111,3624,7,0.9959122538566589
NeuMF,2002,2002-12-31,63111,3354,8,0.9956170320510864
NeuMF,2002,2002-12-31,63111,4018,9,0.9951678514480591
NeuMF,2002,2002-12-31,63111,3827,10,0.9949888586997986
NeuMF,2002,2002-12-31,63118,2078,1,0.9998364448547363
NeuMF,2002,2002-12-31,63118,2161,2,0.9996187686920166
NeuMF,2002,2002-12-31,63118,1030,3,0.9991942048072815
NeuMF,2002,2002-12-31,63118,3969,4,0.9986385703086853
NeuMF,2002,2002-12-31,63118,2687,5,0.9974320530891418
NeuMF,2002,2002-12-31,63118,4025,6,0.9974186420440674
NeuMF,2002,2002-12-31,63118,1022,7,0.9971687197685242
NeuMF,2002,2002-12-31,63118,1367,8,0.9968116879463196
NeuMF,2002,2002-12-31,63118,2091,9,0.9967733025550842
NeuMF,2002,2002-12-31,63118,596,10,0.9966933727264404
NeuMF,2002,2002-12-31,63437,1220,1,0.991175651550293
NeuMF,2002,2002-12-31,63437,2090,2,0.9906028509140015
NeuMF,2002,2002-12-31,63437,147,3,0.9905049204826355
NeuMF,2002,2002-12-31,63437,592,4,0.9903111457824707
NeuMF,2002,2002-12-31,63437,1517,5,0.9901936650276184
NeuMF,2002,2002-12-31,63437,3397,6,0.9888207912445068
NeuMF,2002,2002-12-31,63437,616,7,0.9882607460021973
NeuMF,2002,2002-12-31,63437,1673,8,0.9874188303947449
NeuMF,2002,2002-12-31,63437,2355,9,0.9868543148040771
NeuMF,2002,2002-12-31,63437,1321,10,0.9852162599563599
NeuMF,2002,2002-12-31,63475,20,1,0.9997294545173645
NeuMF,2002,2002-12-31,63475,2412,2,0.9993230104446411
NeuMF,2002,2002-12-31,63475,165,3,0.9992479681968689
NeuMF,2002,2002-12-31,63475,4321,4,0.9988686442375183
NeuMF,2002,2002-12-31,63475,2448,5,0.9983432292938232
NeuMF,2002,2002-12-31,63475,2410,6,0.9977867603302002
NeuMF,2002,2002-12-31,63475,1769,7,0.9973980188369751
NeuMF,2002,2002-12-31,63475,1676,8,0.9969022274017334
NeuMF,2002,2002-12-31,63475,1833,9,0.9965735673904419
NeuMF,2002,2002-12-31,63475,393,10,0.9954894185066223
NeuMF,2002,2002-12-31,63547,4024,1,0.999874472618103
NeuMF,2002,2002-12-31,63547,3512,2,0.9997850060462952
NeuMF,2002,2002-12-31,63547,3538,3,0.9992916584014893
NeuMF,2002,2002-12-31,63547,2359,4,0.9991084933280945
NeuMF,2002,2002-12-31,63547,2690,5,0.9986215829849243
NeuMF,2002,2002-12-31,63547,3751,6,0.9982138872146606
NeuMF,2002,2002-12-31,63547,3079,7,0.9970961809158325
NeuMF,2002,2002-12-31,63547,1446,8,0.9965458512306213
NeuMF,2002,2002-12-31,63547,3148,9,0.9963913559913635
NeuMF,2002,2002-12-31,63547,3793,10,0.9960267543792725
NeuMF,2002,2002-12-31,64194,3257,1,0.9973844885826111
NeuMF,2002,2002-12-31,64194,3729,2,0.996955394744873
NeuMF,2002,2002-12-31,64194,3476,3,0.9969325065612793
NeuMF,2002,2002-12-31,64194,431,4,0.9967605471611023
NeuMF,2002,2002-12-31,64194,507,5,0.9957488775253296
NeuMF,2002,2002-12-31,64194,1372,6,0.9940084218978882
NeuMF,2002,2002-12-31,64194,3274,7,0.9937745332717896
NeuMF,2002,2002-12-31,64194,358,8,0.9933479428291321
NeuMF,2002,2002-12-31,64194,4448,9,0.9926385879516602
NeuMF,2002,2002-12-31,64194,1061,10,0.9916937947273254
NeuMF,2002,2002-12-31,64196,3790,1,0.9995260238647461
NeuMF,2002,2002-12-31,64196,4034,2,0.9994751811027527
NeuMF,2002,2002-12-31,64196,1059,3,0.9988440275192261
NeuMF,2002,2002-12-31,64196,1060,4,0.9982950091362
NeuMF,2002,2002-12-31,64196,3179,5,0.998285710811615
NeuMF,2002,2002-12-31,64196,3298,6,0.9982705116271973
NeuMF,2002,2002-12-31,64196,2541,7,0.9981669187545776
NeuMF,2002,2002-12-31,64196,2318,8,0.9981310963630676
NeuMF,2002,2002-12-31,64196,919,9,0.9975298047065735
NeuMF,2002,2002-12-31,64196,3967,10,0.997372031211853
NeuMF,2002,2002-12-31,64347,3911,1,0.9994081258773804
NeuMF,2002,2002-12-31,64347,4014,2,0.9992963075637817
NeuMF,2002,2002-12-31,64347,904,3,0.9990659356117249
NeuMF,2002,2002-12-31,64347,1148,4,0.9990573525428772
NeuMF,2002,2002-12-31,64347,745,5,0.9979931116104126
NeuMF,2002,2002-12-31,64347,1223,6,0.9975806474685669
NeuMF,2002,2002-12-31,64347,4225,7,0.9975317716598511
NeuMF,2002,2002-12-31,64347,4308,8,0.9974079728126526
NeuMF,2002,2002-12-31,64347,4448,9,0.9971556663513184
NeuMF,2002,2002-12-31,64347,1196,10,0.9970554113388062
NeuMF,2002,2002-12-31,64632,1201,1,0.9996551275253296
NeuMF,2002,2002-12-31,64632,1617,2,0.999358594417572
NeuMF,2002,2002-12-31,64632,1178,3,0.9988736510276794
NeuMF,2002,2002-12-31,64632,1411,4,0.998856782913208
NeuMF,2002,2002-12-31,64632,1200,5,0.9987297654151917
NeuMF,2002,2002-12-31,64632,1183,6,0.9987232089042664
NeuMF,2002,2002-12-31,64632,1466,7,0.9985609650611877
NeuMF,2002,2002-12-31,64632,1272,8,0.9982379674911499
NeuMF,2002,2002-12-31,64632,1459,9,0.9980918765068054
NeuMF,2002,2002-12-31,64632,2019,10,0.9979856014251709
NeuMF,2002,2002-12-31,64756,1307,1,0.997491717338562
NeuMF,2002,2002-12-31,64756,1487,2,0.995524525642395
NeuMF,2002,2002-12-31,64756,1608,3,0.9929961562156677
NeuMF,2002,2002-12-31,64756,3230,4,0.9900347590446472
NeuMF,2002,2002-12-31,64756,2115,5,0.9890761375427246
NeuMF,2002,2002-12-31,64756,949,6,0.9890011548995972
NeuMF,2002,2002-12-31,64756,2369,7,0.987561821937561
NeuMF,2002,2002-12-31,64756,1277,8,0.9867721199989319
NeuMF,2002,2002-12-31,64756,3501,9,0.9822279810905457
NeuMF,2002,2002-12-31,64756,3198,10,0.98201984167099
NeuMF,2002,2002-12-31,64778,593,1,0.987405002117157
NeuMF,2002,2002-12-31,64778,296,2,0.9842012524604797
NeuMF,2002,2002-12-31,64778,150,3,0.9721235632896423
NeuMF,2002,2002-12-31,64778,318,4,0.9673863053321838
NeuMF,2002,2002-12-31,64778,356,5,0.9363782405853271
NeuMF,2002,2002-12-31,64778,608,6,0.9336147904396057
NeuMF,2002,2002-12-31,64778,457,7,0.9308311939239502
NeuMF,2002,2002-12-31,64778,590,8,0.9265373349189758
NeuMF,2002,2002-12-31,64778,34,9,0.9192643761634827
NeuMF,2002,2002-12-31,64778,50,10,0.9127190113067627
NeuMF,2002,2002-12-31,65048,3072,1,0.9992228746414185
NeuMF,2002,2002-12-31,65048,930,2,0.9988073110580444
NeuMF,2002,2002-12-31,65048,1278,3,0.9976657629013062
NeuMF,2002,2002-12-31,65048,2346,4,0.9974403381347656
NeuMF,2002,2002-12-31,65048,902,5,0.9974058270454407
NeuMF,2002,2002-12-31,65048,1200,6,0.9973745346069336
NeuMF,2002,2002-12-31,65048,1353,7,0.9973493814468384
NeuMF,2002,2002-12-31,65048,4857,8,0.9971998929977417
NeuMF,2002,2002-12-31,65048,2527,9,0.997189462184906
NeuMF,2002,2002-12-31,65048,2671,10,0.9968337416648865
NeuMF,2002,2002-12-31,65249,2541,1,0.9998447895050049
NeuMF,2002,2002-12-31,65249,3408,2,0.9997788071632385
NeuMF,2002,2002-12-31,65249,4025,3,0.9997162222862244
NeuMF,2002,2002-12-31,65249,3988,4,0.9996708631515503
NeuMF,2002,2002-12-31,65249,4069,5,0.9996591806411743
NeuMF,2002,2002-12-31,65249,3147,6,0.9993900060653687
NeuMF,2002,2002-12-31,65249,2805,7,0.998871386051178
NeuMF,2002,2002-12-31,65249,2485,8,0.9984941482543945
NeuMF,2002,2002-12-31,65249,3534,9,0.9984087347984314
NeuMF,2002,2002-12-31,65249,3623,10,0.9983651041984558
NeuMF,2002,2002-12-31,65286,2946,1,0.9995478987693787
NeuMF,2002,2002-12-31,65286,3104,2,0.9976633787155151
NeuMF,2002,2002-12-31,65286,3424,3,0.996572732925415
NeuMF,2002,2002-12-31,65286,29,4,0.9948849081993103
NeuMF,2002,2002-12-31,65286,1633,5,0.9947280287742615
NeuMF,2002,2002-12-31,65286,1693,6,0.9943640232086182
NeuMF,2002,2002-12-31,65286,1030,7,0.9932817220687866
NeuMF,2002,2002-12-31,65286,1734,8,0.9926525354385376
NeuMF,2002,2002-12-31,65286,1222,9,0.9922860860824585
NeuMF,2002,2002-12-31,65286,1465,10,0.9915257096290588
NeuMF,2002,2002-12-31,65486,3508,1,0.9999134540557861
NeuMF,2002,2002-12-31,65486,3494,2,0.9994285702705383
NeuMF,2002,2002-12-31,65486,2401,3,0.9992979764938354
NeuMF,2002,2002-12-31,65486,3421,4,0.9988248944282532
NeuMF,2002,2002-12-31,65486,3365,5,0.9987046718597412
NeuMF,2002,2002-12-31,65486,3682,6,0.998633086681366
NeuMF,2002,2002-12-31,65486,908,7,0.998191773891449
NeuMF,2002,2002-12-31,65486,1198,8,0.997547447681427
NeuMF,2002,2002-12-31,65486,1196,9,0.9973152279853821
NeuMF,2002,2002-12-31,65486,3035,10,0.9965079426765442
NeuMF,2002,2002-12-31,65603,2600,1,0.9972227811813354
NeuMF,2002,2002-12-31,65603,2288,2,0.9971356391906738
NeuMF,2002,2002-12-31,65603,3044,3,0.9964409470558167
NeuMF,2002,2002-12-31,65603,2682,4,0.9954598546028137
NeuMF,2002,2002-12-31,65603,1730,5,0.9948508143424988
NeuMF,2002,2002-12-31,65603,3527,6,0.9935649037361145
NeuMF,2002,2002-12-31,65603,1719,7,0.993470311164856
NeuMF,2002,2002-12-31,65603,2900,8,0.9926758408546448
NeuMF,2002,2002-12-31,65603,2287,9,0.9916518330574036
NeuMF,2002,2002-12-31,65603,1466,10,0.9908975958824158
NeuMF,2002,2002-12-31,65666,4448,1,0.9999897480010986
NeuMF,2002,2002-12-31,65666,3634,2,0.9995653033256531
NeuMF,2002,2002-12-31,65666,2769,3,0.999484658241272
NeuMF,2002,2002-12-31,65666,350,4,0.9994493126869202
NeuMF,2002,2002-12-31,65666,164,5,0.9986459612846375
NeuMF,2002,2002-12-31,65666,2916,6,0.9980594515800476
NeuMF,2002,2002-12-31,65666,161,7,0.9979586601257324
NeuMF,2002,2002-12-31,65666,924,8,0.9969051480293274
NeuMF,2002,2002-12-31,65666,4638,9,0.9969000816345215
NeuMF,2002,2002-12-31,65666,47,10,0.996285080909729
NeuMF,2002,2002-12-31,65717,3175,1,0.9985769987106323
NeuMF,2002,2002-12-31,65717,3189,2,0.9984778761863708
NeuMF,2002,2002-12-31,65717,1909,3,0.9973024129867554
NeuMF,2002,2002-12-31,65717,1617,4,0.9959050416946411
NeuMF,2002,2002-12-31,65717,50,5,0.9920167922973633
NeuMF,2002,2002-12-31,65717,2046,6,0.9916080236434937
NeuMF,2002,2002-12-31,65717,1291,7,0.9910491704940796
NeuMF,2002,2002-12-31,65717,1376,8,0.9902730584144592
NeuMF,2002,2002-12-31,65717,4896,9,0.9901179671287537
NeuMF,2002,2002-12-31,65717,1721,10,0.990041971206665
NeuMF,2002,2002-12-31,65746,4018,1,0.9997490048408508
NeuMF,2002,2002-12-31,65746,1272,2,0.9996733665466309
NeuMF,2002,2002-12-31,65746,4023,3,0.9995280504226685
NeuMF,2002,2002-12-31,65746,3911,4,0.9995179176330566
NeuMF,2002,2002-12-31,65746,4448,5,0.9994577765464783
NeuMF,2002,2002-12-31,65746,4033,6,0.9978365302085876
NeuMF,2002,2002-12-31,65746,3178,7,0.9967420697212219
NeuMF,2002,2002-12-31,65746,4246,8,0.9963452219963074
NeuMF,2002,2002-12-31,65746,4280,9,0.9954484105110168
NeuMF,2002,2002-12-31,65746,4361,10,0.995230495929718
NeuMF,2002,2002-12-31,65986,1007,1,0.9978729486465454
NeuMF,2002,2002-12-31,65986,3175,2,0.996075451374054
NeuMF,2002,2002-12-31,65986,1378,3,0.9955970644950867
NeuMF,2002,2002-12-31,65986,2463,4,0.9952453970909119
NeuMF,2002,2002-12-31,65986,2365,5,0.9948967099189758
NeuMF,2002,2002-12-31,65986,2947,6,0.9943764209747314
NeuMF,2002,2002-12-31,65986,2373,7,0.9937757253646851
NeuMF,2002,2002-12-31,65986,377,8,0.9929129481315613
NeuMF,2002,2002-12-31,65986,2926,9,0.9925143122673035
NeuMF,2002,2002-12-31,65986,1198,10,0.9919648170471191
NeuMF,2002,2002-12-31,66363,3489,1,0.9995352029800415
NeuMF,2002,2002-12-31,66363,3300,2,0.9985843896865845
NeuMF,2002,2002-12-31,66363,2710,3,0.99825519323349
NeuMF,2002,2002-12-31,66363,2027,4,0.9981793165206909
NeuMF,2002,2002-12-31,66363,2890,5,0.9979962110519409
NeuMF,2002,2002-12-31,66363,2372,6,0.9978566765785217
NeuMF,2002,2002-12-31,66363,3863,7,0.9970141649246216
NeuMF,2002,2002-12-31,66363,3752,8,0.9962718486785889
NeuMF,2002,2002-12-31,66363,3438,9,0.9954044818878174
NeuMF,2002,2002-12-31,66363,2717,10,0.9949731826782227
NeuMF,2002,2002-12-31,66918,1240,1,0.9989274144172668
NeuMF,2002,2002-12-31,66918,480,2,0.9987816214561462
NeuMF,2002,2002-12-31,66918,457,3,0.9987444877624512
NeuMF,2002,2002-12-31,66918,590,4,0.9985053539276123
NeuMF,2002,2002-12-31,66918,589,5,0.9983308911323547
NeuMF,2002,2002-12-31,66918,1036,6,0.9982629418373108
NeuMF,2002,2002-12-31,66918,541,7,0.998112678527832
NeuMF,2002,2002-12-31,66918,1200,8,0.9975835084915161
NeuMF,2002,2002-12-31,66918,1374,9,0.9973485469818115
NeuMF,2002,2002-12-31,66918,1214,10,0.9968380928039551
NeuMF,2002,2002-12-31,67979,592,1,0.9959943294525146
NeuMF,2002,2002-12-31,67979,180,2,0.9936888217926025
NeuMF,2002,2002-12-31,67979,3969,3,0.9929506778717041
NeuMF,2002,2002-12-31,67979,3114,4,0.9914310574531555
NeuMF,2002,2002-12-31,67979,3052,5,0.9910695552825928
NeuMF,2002,2002-12-31,67979,594,6,0.9906370043754578
NeuMF,2002,2002-12-31,67979,1307,7,0.9879620671272278
NeuMF,2002,2002-12-31,67979,2791,8,0.9876766204833984
NeuMF,2002,2002-12-31,67979,1223,9,0.9874003529548645
NeuMF,2002,2002-12-31,67979,596,10,0.9868163466453552
NeuMF,2002,2002-12-31,68478,1396,1,0.9992173910140991
NeuMF,2002,2002-12-31,68478,1376,2,0.9991605281829834
NeuMF,2002,2002-12-31,68478,1374,3,0.9976556301116943
NeuMF,2002,2002-12-31,68478,1196,4,0.9975246787071228
NeuMF,2002,2002-12-31,68478,4874,5,0.9961638450622559
NeuMF,2002,2002-12-31,68478,2424,6,0.99528568983078
NeuMF,2002,2002-12-31,68478,4223,7,0.9951687455177307
NeuMF,2002,2002-12-31,68478,1198,8,0.9946862459182739
NeuMF,2002,2002-12-31,68478,1246,9,0.9945996999740601
NeuMF,2002,2002-12-31,68478,4734,10,0.9943763017654419
NeuMF,2002,2002-12-31,68639,1277,1,0.9979627132415771
NeuMF,2002,2002-12-31,68639,3702,2,0.9971828460693359
NeuMF,2002,2002-12-31,68639,1272,3,0.9968646168708801
NeuMF,2002,2002-12-31,68639,2401,4,0.9966778755187988
NeuMF,2002,2002-12-31,68639,2130,5,0.9964613318443298
NeuMF,2002,2002-12-31,68639,1639,6,0.996093213558197
NeuMF,2002,2002-12-31,68639,647,7,0.9960605502128601
NeuMF,2002,2002-12-31,68639,2922,8,0.9940972328186035
NeuMF,2002,2002-12-31,68639,4223,9,0.9934980869293213
NeuMF,2002,2002-12-31,68639,1293,10,0.9912172555923462
NeuMF,2002,2002-12-31,68776,2396,1,0.997294008731842
NeuMF,2002,2002-12-31,68776,3255,2,0.9961749315261841
NeuMF,2002,2002-12-31,68776,910,3,0.995326042175293
NeuMF,2002,2002-12-31,68776,916,4,0.9945090413093567
NeuMF,2002,2002-12-31,68776,1047,5,0.9944612979888916
NeuMF,2002,2002-12-31,68776,3897,6,0.9935059547424316
NeuMF,2002,2002-12-31,68776,3334,7,0.9925399422645569
NeuMF,2002,2002-12-31,68776,1625,8,0.9908428192138672
NeuMF,2002,2002-12-31,68776,955,9,0.9907005429267883
NeuMF,2002,2002-12-31,68776,2628,10,0.9905995726585388
NeuMF,2002,2002-12-31,69053,180,1,0.9999173879623413
NeuMF,2002,2002-12-31,69053,1340,2,0.996231734752655
NeuMF,2002,2002-12-31,69053,2015,3,0.9953472018241882
NeuMF,2002,2002-12-31,69053,1148,4,0.9951434135437012
NeuMF,2002,2002-12-31,69053,1449,5,0.994145393371582
NeuMF,2002,2002-12-31,69053,44,6,0.9938110709190369
NeuMF,2002,2002-12-31,69053,924,7,0.992979109287262
NeuMF,2002,2002-12-31,69053,3250,8,0.9920414090156555
NeuMF,2002,2002-12-31,69053,216,9,0.99167799949646
NeuMF,2002,2002-12-31,69053,2325,10,0.9916636943817139
NeuMF,2002,2002-12-31,69152,3578,1,0.9980497360229492
NeuMF,2002,2002-12-31,69152,3911,2,0.9940940737724304
NeuMF,2002,2002-12-31,69152,3538,3,0.9938157796859741
NeuMF,2002,2002-12-31,69152,1196,4,0.993324339389801
NeuMF,2002,2002-12-31,69152,745,5,0.9918652176856995
NeuMF,2002,2002-12-31,69152,4161,6,0.9916778802871704
NeuMF,2002,2002-12-31,69152,3175,7,0.9915750622749329
NeuMF,2002,2002-12-31,69152,260,8,0.9911181330680847
NeuMF,2002,2002-12-31,69152,912,9,0.9903883337974548
NeuMF,2002,2002-12-31,69152,4246,10,0.9903125762939453
NeuMF,2002,2002-12-31,69161,2622,1,0.999247670173645
NeuMF,2002,2002-12-31,69161,920,2,0.9992270469665527
NeuMF,2002,2002-12-31,69161,3512,3,0.9985104203224182
NeuMF,2002,2002-12-31,69161,1353,4,0.9979251623153687
NeuMF,2002,2002-12-31,69161,1188,5,0.9974696636199951
NeuMF,2002,2002-12-31,69161,2671,6,0.9967633485794067
NeuMF,2002,2002-12-31,69161,2080,7,0.9964536428451538
NeuMF,2002,2002-12-31,69161,1416,8,0.9947605729103088
NeuMF,2002,2002-12-31,69161,1028,9,0.9947313070297241
NeuMF,2002,2002-12-31,69161,1197,10,0.9943968057632446
NeuMF,2002,2002-12-31,69295,3744,1,0.9995490908622742
NeuMF,2002,2002-12-31,69295,24,2,0.9990555644035339
NeuMF,2002,2002-12-31,69295,3996,3,0.9989981055259705
NeuMF,2002,2002-12-31,69295,3354,4,0.9986341595649719
NeuMF,2002,2002-12-31,69295,1527,5,0.9967474937438965
NeuMF,2002,2002-12-31,69295,4223,6,0.9962131977081299
NeuMF,2002,2002-12-31,69295,1653,7,0.9958946704864502
NeuMF,2002,2002-12-31,69295,4033,8,0.9934477210044861
NeuMF,2002,2002-12-31,69295,1690,9,0.9913085699081421
NeuMF,2002,2002-12-31,69295,4310,10,0.9907448887825012
NeuMF,2002,2002-12-31,69401,2795,1,0.9989043474197388
NeuMF,2002,2002-12-31,69401,1091,2,0.9982213377952576
NeuMF,2002,2002-12-31,69401,4262,3,0.9980742931365967
NeuMF,2002,2002-12-31,69401,2797,4,0.997291624546051
NeuMF,2002,2002-12-31,69401,2792,5,0.9971342086791992
NeuMF,2002,2002-12-31,69401,2150,6,0.9958673715591431
NeuMF,2002,2002-12-31,69401,2372,7,0.9957914352416992
NeuMF,2002,2002-12-31,69401,2890,8,0.9957765936851501
NeuMF,2002,2002-12-31,69401,3697,9,0.9956734776496887
NeuMF,2002,2002-12-31,69401,151,10,0.9951533079147339
NeuMF,2002,2002-12-31,70150,4014,1,0.9990980625152588
NeuMF,2002,2002-12-31,70150,2671,2,0.9990537762641907
NeuMF,2002,2002-12-31,70150,74,3,0.9987549781799316
NeuMF,2002,2002-12-31,70150,4308,4,0.99703049659729
NeuMF,2002,2002-12-31,70150,4016,5,0.995816171169281
NeuMF,2002,2002-12-31,70150,372,6,0.9953286647796631
NeuMF,2002,2002-12-31,70150,4054,7,0.9953049421310425
NeuMF,2002,2002-12-31,70150,1059,8,0.9935212731361389
NeuMF,2002,2002-12-31,70150,2321,9,0.992665708065033
NeuMF,2002,2002-12-31,70150,3555,10,0.9921250939369202
NeuMF,2002,2002-12-31,70246,3082,1,0.9997411370277405
NeuMF,2002,2002-12-31,70246,2006,2,0.9996143579483032
NeuMF,2002,2002-12-31,70246,1408,3,0.9993008375167847
NeuMF,2002,2002-12-31,70246,2912,4,0.9982724189758301
NeuMF,2002,2002-12-31,70246,1912,5,0.9982013702392578
NeuMF,2002,2002-12-31,70246,2395,6,0.9981397390365601
NeuMF,2002,2002-12-31,70246,123,7,0.9966418743133545
NeuMF,2002,2002-12-31,70246,2881,8,0.9960134029388428
NeuMF,2002,2002-12-31,70246,1197,9,0.9957543611526489
NeuMF,2002,2002-12-31,70246,2542,10,0.9956600069999695
NeuMF,2002,2002-12-31,70865,1956,1,0.9970266222953796
NeuMF,2002,2002-12-31,70865,299,2,0.9966837763786316
NeuMF,2002,2002-12-31,70865,3006,3,0.9960758090019226
NeuMF,2002,2002-12-31,70865,3099,4,0.9955381751060486
NeuMF,2002,2002-12-31,70865,3952,5,0.9943918585777283
NeuMF,2002,2002-12-31,70865,1124,6,0.9942078590393066
NeuMF,2002,2002-12-31,70865,1231,7,0.9940826296806335
NeuMF,2002,2002-12-31,70865,2501,8,0.9932734966278076
NeuMF,2002,2002-12-31,70865,25,9,0.9917164444923401
NeuMF,2002,2002-12-31,70865,36,10,0.9912896156311035
NeuMF,2002,2002-12-31,70888,2966,1,0.999782145023346
NeuMF,2002,2002-12-31,70888,2912,2,0.9993904829025269
NeuMF,2002,2002-12-31,70888,2690,3,0.9993599057197571
NeuMF,2002,2002-12-31,70888,3129,4,0.9992982149124146
NeuMF,2002,2002-12-31,70888,1865,5,0.9988849759101868
NeuMF,2002,2002-12-31,70888,3996,6,0.9981790781021118
NeuMF,2002,2002-12-31,70888,3786,7,0.9979379773139954
NeuMF,2002,2002-12-31,70888,2611,8,0.9976824522018433
NeuMF,2002,2002-12-31,70888,4021,9,0.9975501894950867
NeuMF,2002,2002-12-31,70888,1794,10,0.9974197149276733
NeuMF,2002,2002-12-31,70918,1061,1,0.9987264275550842
NeuMF,2002,2002-12-31,70918,349,2,0.9967334270477295
NeuMF,2002,2002-12-31,70918,2001,3,0.9966166615486145
NeuMF,2002,2002-12-31,70918,2344,4,0.9948305487632751
NeuMF,2002,2002-12-31,70918,42,5,0.9941562414169312
NeuMF,2002,2002-12-31,70918,450,6,0.9931313395500183
NeuMF,2002,2002-12-31,70918,2616,7,0.9924464821815491
NeuMF,2002,2002-12-31,70918,2268,8,0.9910887479782104
NeuMF,2002,2002-12-31,70918,695,9,0.9890662431716919
NeuMF,2002,2002-12-31,70918,3197,10,0.9882932305335999
NeuMF,2002,2002-12-31,71122,922,1,0.9996263980865479
NeuMF,2002,2002-12-31,71122,3396,2,0.9996045231819153
NeuMF,2002,2002-12-31,71122,3739,3,0.9987837672233582
NeuMF,2002,2002-12-31,71122,3435,4,0.9987196922302246
NeuMF,2002,2002-12-31,71122,4090,5,0.9983087778091431
NeuMF,2002,2002-12-31,71122,3398,6,0.998267412185669
NeuMF,2002,2002-12-31,71122,1024,7,0.9976945519447327
NeuMF,2002,2002-12-31,71122,3077,8,0.9974871873855591
NeuMF,2002,2002-12-31,71122,3397,9,0.9974090456962585
NeuMF,2002,2002-12-31,71122,4039,10,0.9965311884880066
NeuMF,2002,2002-12-31,71148,1285,1,0.999600350856781
NeuMF,2002,2002-12-31,71148,1288,2,0.9992157220840454
NeuMF,2002,2002-12-31,71148,1517,3,0.9987824559211731
NeuMF,2002,2002-12-31,71148,1215,4,0.9980699419975281
NeuMF,2002,2002-12-31,71148,1291,5,0.9979588985443115
NeuMF,2002,2002-12-31,71148,1912,6,0.9977540373802185
NeuMF,2002,2002-12-31,71148,1136,7,0.996982753276825
NeuMF,2002,2002-12-31,71148,1270,8,0.996669590473175
NeuMF,2002,2002-12-31,71148,1261,9,0.9966192245483398
NeuMF,2002,2002-12-31,71148,1566,10,0.995995044708252
NeuMF,2002,2002-12-31,71337,3471,1,0.9986316561698914
NeuMF,2002,2002-12-31,71337,1304,2,0.9981720447540283
NeuMF,2002,2002-12-31,71337,1608,3,0.9979224801063538
NeuMF,2002,2002-12-31,71337,2028,4,0.9977967739105225
NeuMF,2002,2002-12-31,71337,1196,5,0.9976593255996704
NeuMF,2002,2002-12-31,71337,1270,6,0.9973859190940857
NeuMF,2002,2002-12-31,71337,1090,7,0.9959967136383057
NeuMF,2002,2002-12-31,71337,1961,8,0.9950597882270813
NeuMF,2002,2002-12-31,71337,1193,9,0.9943503737449646
NeuMF,2002,2002-12-31,71337,1265,10,0.9938176274299622
NeuMF,2002,2002-12-31,71367,2469,1,0.9996535778045654
NeuMF,2002,2002-12-31,71367,3361,2,0.9992985725402832
NeuMF,2002,2002-12-31,71367,3101,3,0.9987510442733765
NeuMF,2002,2002-12-31,71367,3039,4,0.9987034797668457
NeuMF,2002,2002-12-31,71367,1353,5,0.9985881447792053
NeuMF,2002,2002-12-31,71367,3360,6,0.9984684586524963
NeuMF,2002,2002-12-31,71367,3844,7,0.9979817867279053
NeuMF,2002,2002-12-31,71367,3524,8,0.9978861212730408
NeuMF,2002,2002-12-31,71367,3528,9,0.9978023171424866
NeuMF,2002,2002-12-31,71367,1956,10,0.997768759727478
NeuMF,2002,2002-12-31,72043,4975,1,0.9957352876663208
NeuMF,2002,2002-12-31,72043,116,2,0.9955514073371887
NeuMF,2002,2002-12-31,72043,2871,3,0.9946923851966858
NeuMF,2002,2002-12-31,72043,1104,4,0.993290901184082
NeuMF,2002,2002-12-31,72043,3363,5,0.992952287197113
NeuMF,2002,2002-12-31,72043,1343,6,0.9920032024383545
NeuMF,2002,2002-12-31,72043,1952,7,0.9910645484924316
NeuMF,2002,2002-12-31,72043,2166,8,0.9906920790672302
NeuMF,2002,2002-12-31,72043,782,9,0.9902530908584595
NeuMF,2002,2002-12-31,72043,1892,10,0.9902244210243225
NeuMF,2002,2002-12-31,72401,3996,1,0.9999080896377563
NeuMF,2002,2002-12-31,72401,1617,2,0.9992461204528809
NeuMF,2002,2002-12-31,72401,2858,3,0.9987025260925293
NeuMF,2002,2002-12-31,72401,3911,4,0.9985498785972595
NeuMF,2002,2002-12-31,72401,2692,5,0.9980652928352356
NeuMF,2002,2002-12-31,72401,2997,6,0.9977644681930542
NeuMF,2002,2002-12-31,72401,2890,7,0.9975927472114563
NeuMF,2002,2002-12-31,72401,306,8,0.9975711703300476
NeuMF,2002,2002-12-31,72401,2962,9,0.996731162071228
NeuMF,2002,2002-12-31,72401,3882,10,0.9965968728065491
NeuMF,2002,2002-12-31,72643,1673,1,0.9987956285476685
NeuMF,2002,2002-12-31,72643,1682,2,0.9985706806182861
NeuMF,2002,2002-12-31,72643,4306,3,0.9969242215156555
NeuMF,2002,2002-12-31,72643,1923,4,0.9967525005340576
NeuMF,2002,2002-12-31,72643,2580,5,0.995000422000885
NeuMF,2002,2002-12-31,72643,1213,6,0.9947498440742493
NeuMF,2002,2002-12-31,72643,1704,7,0.9944875836372375
NeuMF,2002,2002-12-31,72643,2321,8,0.9937810301780701
NeuMF,2002,2002-12-31,72643,3052,9,0.993059515953064
NeuMF,2002,2002-12-31,72643,2908,10,0.9925886392593384
NeuMF,2002,2002-12-31,73616,2712,1,0.999859094619751
NeuMF,2002,2002-12-31,73616,2626,2,0.999687671661377
NeuMF,2002,2002-12-31,73616,4381,3,0.9994238615036011
NeuMF,2002,2002-12-31,73616,1734,4,0.999405026435852
NeuMF,2002,2002-12-31,73616,3952,5,0.9991648197174072
NeuMF,2002,2002-12-31,73616,4370,6,0.9989244341850281
NeuMF,2002,2002-12-31,73616,2833,7,0.9983348250389099
NeuMF,2002,2002-12-31,73616,2333,8,0.9976503252983093
NeuMF,2002,2002-12-31,73616,2702,9,0.9974542260169983
NeuMF,2002,2002-12-31,73616,4077,10,0.996768593788147
NeuMF,2002,2002-12-31,73644,1515,1,0.9977895021438599
NeuMF,2002,2002-12-31,73644,1645,2,0.9972508549690247
NeuMF,2002,2002-12-31,73644,965,3,0.9966964721679688
NeuMF,2002,2002-12-31,73644,2431,4,0.9965257048606873
NeuMF,2002,2002-12-31,73644,1201,5,0.996453046798706
NeuMF,2002,2002-12-31,73644,2558,6,0.9960172772407532
NeuMF,2002,2002-12-31,73644,1343,7,0.9954288005828857
NeuMF,2002,2002-12-31,73644,1271,8,0.9943699240684509
NeuMF,2002,2002-12-31,73644,1378,9,0.9933660626411438
NeuMF,2002,2002-12-31,73644,1183,10,0.9932605624198914
NeuMF,2002,2002-12-31,73774,3927,1,0.9981060028076172
NeuMF,2002,2002-12-31,73774,2009,2,0.9970498085021973
NeuMF,2002,2002-12-31,73774,1206,3,0.9962416887283325
NeuMF,2002,2002-12-31,73774,1376,4,0.9956747889518738
NeuMF,2002,2002-12-31,73774,3175,5,0.9952877759933472
NeuMF,2002,2002-12-31,73774,3114,6,0.994877278804779
NeuMF,2002,2002-12-31,73774,1961,7,0.9947768449783325
NeuMF,2002,2002-12-31,73774,2970,8,0.9947255253791809
NeuMF,2002,2002-12-31,73774,750,9,0.9945747256278992
NeuMF,2002,2002-12-31,73774,1372,10,0.9935998916625977
NeuMF,2002,2002-12-31,73848,1041,1,0.9968891739845276
NeuMF,2002,2002-12-31,73848,4024,2,0.9928576946258545
NeuMF,2002,2002-12-31,73848,1050,3,0.9919310212135315
NeuMF,2002,2002-12-31,73848,1997,4,0.9892866611480713
NeuMF,2002,2002-12-31,73848,2312,5,0.987785816192627
NeuMF,2002,2002-12-31,73848,2467,6,0.9869677424430847
NeuMF,2002,2002-12-31,73848,2797,7,0.9855168461799622
NeuMF,2002,2002-12-31,73848,265,8,0.9851182699203491
NeuMF,2002,2002-12-31,73848,3996,9,0.9808275699615479
NeuMF,2002,2002-12-31,73848,1081,10,0.9793572425842285
NeuMF,2002,2002-12-31,73939,1916,1,0.9991023540496826
NeuMF,2002,2002-12-31,73939,162,2,0.998855471611023
NeuMF,2002,2002-12-31,73939,307,3,0.998151957988739
NeuMF,2002,2002-12-31,73939,3859,4,0.9974570870399475
NeuMF,2002,2002-12-31,73939,3471,5,0.9966591596603394
NeuMF,2002,2002-12-31,73939,306,6,0.9965490102767944
NeuMF,2002,2002-12-31,73939,1952,7,0.9963545799255371
NeuMF,2002,2002-12-31,73939,1147,8,0.9957808256149292
NeuMF,2002,2002-12-31,73939,2360,9,0.9954328536987305
NeuMF,2002,2002-12-31,73939,235,10,0.9948527216911316
NeuMF,2002,2002-12-31,74000,1194,1,0.9991090893745422
NeuMF,2002,2002-12-31,74000,4679,2,0.9988956451416016
NeuMF,2002,2002-12-31,74000,1078,3,0.9987529516220093
NeuMF,2002,2002-12-31,74000,3618,4,0.9986224174499512
NeuMF,2002,2002-12-31,74000,333,5,0.9981940388679504
NeuMF,2002,2002-12-31,74000,2470,6,0.9980576634407043
NeuMF,2002,2002-12-31,74000,3773,7,0.9976925849914551
NeuMF,2002,2002-12-31,74000,1080,8,0.9973533153533936
NeuMF,2002,2002-12-31,74000,3210,9,0.9972586631774902
NeuMF,2002,2002-12-31,74000,2539,10,0.9971086382865906
NeuMF,2002,2002-12-31,74237,4169,1,0.9999477863311768
NeuMF,2002,2002-12-31,74237,3915,2,0.9997679591178894
NeuMF,2002,2002-12-31,74237,3408,3,0.9969689249992371
NeuMF,2002,2002-12-31,74237,258,4,0.9965957999229431
NeuMF,2002,2002-12-31,74237,3997,5,0.992599606513977
NeuMF,2002,2002-12-31,74237,3943,6,0.9907910823822021
NeuMF,2002,2002-12-31,74237,4451,7,0.9907702803611755
NeuMF,2002,2002-12-31,74237,3189,8,0.989767849445343
NeuMF,2002,2002-12-31,74237,3536,9,0.9835246801376343
NeuMF,2002,2002-12-31,74237,3916,10,0.9775043725967407
NeuMF,2002,2002-12-31,74304,4835,1,0.9964388608932495
NeuMF,2002,2002-12-31,74304,3398,2,0.9961203932762146
NeuMF,2002,2002-12-31,74304,592,3,0.9949778914451599
NeuMF,2002,2002-12-31,74304,4896,4,0.9940671920776367
NeuMF,2002,2002-12-31,74304,235,5,0.9920507073402405
NeuMF,2002,2002-12-31,74304,3000,6,0.9916901588439941
NeuMF,2002,2002-12-31,74304,2337,7,0.9915189146995544
NeuMF,2002,2002-12-31,74304,2692,8,0.9910978078842163
NeuMF,2002,2002-12-31,74304,3260,9,0.9905990958213806
NeuMF,2002,2002-12-31,74304,364,10,0.9901375770568848
NeuMF,2002,2002-12-31,74816,3911,1,0.9976047277450562
NeuMF,2002,2002-12-31,74816,2677,2,0.9963865280151367
NeuMF,2002,2002-12-31,74816,2716,3,0.995578944683075
NeuMF,2002,2002-12-31,74816,1265,4,0.9949544072151184
NeuMF,2002,2002-12-31,74816,1682,5,0.9922458529472351
NeuMF,2002,2002-12-31,74816,1580,6,0.9922109842300415
NeuMF,2002,2002-12-31,74816,2174,7,0.9920600652694702
NeuMF,2002,2002-12-31,74816,2683,8,0.9903466105461121
NeuMF,2002,2002-12-31,74816,348,9,0.9895671010017395
NeuMF,2002,2002-12-31,74816,3157,10,0.989081859588623
NeuMF,2002,2002-12-31,75121,3529,1,0.9883750677108765
NeuMF,2002,2002-12-31,75121,81,2,0.9865275025367737
NeuMF,2002,2002-12-31,75121,3141,3,0.9855330586433411
NeuMF,2002,2002-12-31,75121,3173,4,0.9851426482200623
NeuMF,2002,2002-12-31,75121,2535,5,0.982679009437561
NeuMF,2002,2002-12-31,75121,2968,6,0.9815409183502197
NeuMF,2002,2002-12-31,75121,4361,7,0.981023371219635
NeuMF,2002,2002-12-31,75121,762,8,0.9808413982391357
NeuMF,2002,2002-12-31,75121,2677,9,0.979536771774292
NeuMF,2002,2002-12-31,75121,3984,10,0.9790000319480896
NeuMF,2002,2002-12-31,75167,2676,1,0.9996885061264038
NeuMF,2002,2002-12-31,75167,2671,2,0.998431384563446
NeuMF,2002,2002-12-31,75167,4022,3,0.9943276047706604
NeuMF,2002,2002-12-31,75167,2858,4,0.9930151700973511
NeuMF,2002,2002-12-31,75167,3717,5,0.9922924041748047
NeuMF,2002,2002-12-31,75167,3173,6,0.9907954335212708
NeuMF,2002,2002-12-31,75167,3176,7,0.9903120994567871
NeuMF,2002,2002-12-31,75167,3996,8,0.989471971988678
NeuMF,2002,2002-12-31,75167,2987,9,0.9856420159339905
NeuMF,2002,2002-12-31,75167,2396,10,0.9845937490463257
NeuMF,2002,2002-12-31,75192,1285,1,0.9994255304336548
NeuMF,2002,2002-12-31,75192,4007,2,0.998630166053772
NeuMF,2002,2002-12-31,75192,954,3,0.9969214797019958
NeuMF,2002,2002-12-31,75192,1321,4,0.9943674206733704
NeuMF,2002,2002-12-31,75192,1372,5,0.993990957736969
NeuMF,2002,2002-12-31,75192,4009,6,0.9936256408691406
NeuMF,2002,2002-12-31,75192,3525,7,0.9929094314575195
NeuMF,2002,2002-12-31,75192,3020,8,0.9883396625518799
NeuMF,2002,2002-12-31,75192,1694,9,0.986901581287384
NeuMF,2002,2002-12-31,75192,3505,10,0.9834175705909729
NeuMF,2002,2002-12-31,75228,916,1,0.9990850687026978
NeuMF,2002,2002-12-31,75228,1580,2,0.9989076852798462
NeuMF,2002,2002-12-31,75228,760,3,0.998323380947113
NeuMF,2002,2002-12-31,75228,1304,4,0.9972196817398071
NeuMF,2002,2002-12-31,75228,1234,5,0.9967553019523621
NeuMF,2002,2002-12-31,75228,908,6,0.9966803789138794
NeuMF,2002,2002-12-31,75228,1197,7,0.9964520931243896
NeuMF,2002,2002-12-31,75228,1265,8,0.9964338541030884
NeuMF,2002,2002-12-31,75228,2941,9,0.9961981177330017
NeuMF,2002,2002-12-31,75228,780,10,0.9961568713188171
NeuMF,2002,2002-12-31,75335,3153,1,0.9998843669891357
NeuMF,2002,2002-12-31,75335,3412,2,0.9986862540245056
NeuMF,2002,2002-12-31,75335,3503,3,0.9981811046600342
NeuMF,2002,2002-12-31,75335,1226,4,0.9965652823448181
NeuMF,2002,2002-12-31,75335,3396,5,0.9949954748153687
NeuMF,2002,2002-12-31,75335,941,6,0.9933885335922241
NeuMF,2002,2002-12-31,75335,3701,7,0.992922306060791
NeuMF,2002,2002-12-31,75335,2137,8,0.9925469756126404
NeuMF,2002,2002-12-31,75335,661,9,0.9915910959243774
NeuMF,2002,2002-12-31,75335,3498,10,0.9903616905212402
NeuMF,2002,2002-12-31,75375,2,1,0.9999349117279053
NeuMF,2002,2002-12-31,75375,2054,2,0.9996488094329834
NeuMF,2002,2002-12-31,75375,4133,3,0.9992266893386841
NeuMF,2002,2002-12-31,75375,3489,4,0.9975293278694153
NeuMF,2002,2002-12-31,75375,1198,5,0.9961913824081421
NeuMF,2002,2002-12-31,75375,3159,6,0.995553195476532
NeuMF,2002,2002-12-31,75375,551,7,0.9955073595046997
NeuMF,2002,2002-12-31,75375,3988,8,0.9944531321525574
NeuMF,2002,2002-12-31,75375,2253,9,0.9939796924591064
NeuMF,2002,2002-12-31,75375,60,10,0.9931687116622925
NeuMF,2002,2002-12-31,76078,2273,1,0.9982028007507324
NeuMF,2002,2002-12-31,76078,307,2,0.9975603818893433
NeuMF,2002,2002-12-31,76078,4027,3,0.9969794750213623
NeuMF,2002,2002-12-31,76078,1912,4,0.9961538910865784
NeuMF,2002,2002-12-31,76078,2353,5,0.9956235289573669
NeuMF,2002,2002-12-31,76078,4161,6,0.9953708052635193
NeuMF,2002,2002-12-31,76078,306,7,0.9944460391998291
NeuMF,2002,2002-12-31,76078,232,8,0.9942947030067444
NeuMF,2002,2002-12-31,76078,2722,9,0.9938440322875977
NeuMF,2002,2002-12-31,76078,1909,10,0.9926549196243286
NeuMF,2002,2002-12-31,76430,1480,1,0.9992696642875671
NeuMF,2002,2002-12-31,76430,3827,2,0.9947773218154907
NeuMF,2002,2002-12-31,76430,58,3,0.9946116209030151
NeuMF,2002,2002-12-31,76430,1346,4,0.9914121627807617
NeuMF,2002,2002-12-31,76430,1673,5,0.9901492595672607
NeuMF,2002,2002-12-31,76430,3256,6,0.9892218112945557
NeuMF,2002,2002-12-31,76430,1238,7,0.9889355301856995
NeuMF,2002,2002-12-31,76430,1271,8,0.9874487519264221
NeuMF,2002,2002-12-31,76430,350,9,0.9867733716964722
NeuMF,2002,2002-12-31,76430,425,10,0.986415684223175
NeuMF,2002,2002-12-31,76523,760,1,0.9994649291038513
NeuMF,2002,2002-12-31,76523,1264,2,0.998278021812439
NeuMF,2002,2002-12-31,76523,1247,3,0.9978061318397522
NeuMF,2002,2002-12-31,76523,198,4,0.997400164604187
NeuMF,2002,2002-12-31,76523,1198,5,0.9970635771751404
NeuMF,2002,2002-12-31,76523,1221,6,0.9953860640525818
NeuMF,2002,2002-12-31,76523,296,7,0.9953224062919617
NeuMF,2002,2002-12-31,76523,1249,8,0.9946311712265015
NeuMF,2002,2002-12-31,76523,316,9,0.9944998025894165
NeuMF,2002,2002-12-31,76523,759,10,0.9942481517791748
NeuMF,2002,2002-12-31,76910,1250,1,0.9992157220840454
NeuMF,2002,2002-12-31,76910,3996,2,0.9991455078125
NeuMF,2002,2002-12-31,76910,1272,3,0.9985779523849487
NeuMF,2002,2002-12-31,76910,1208,4,0.9984692931175232
NeuMF,2002,2002-12-31,76910,4027,5,0.998288094997406
NeuMF,2002,2002-12-31,76910,1200,6,0.9962751865386963
NeuMF,2002,2002-12-31,76910,1262,7,0.9955238103866577
NeuMF,2002,2002-12-31,76910,1276,8,0.9952404499053955
NeuMF,2002,2002-12-31,76910,3481,9,0.9951684474945068
NeuMF,2002,2002-12-31,76910,969,10,0.994782030582428
NeuMF,2002,2002-12-31,77003,266,1,0.9996523857116699
NeuMF,2002,2002-12-31,77003,691,2,0.9956692457199097
NeuMF,2002,2002-12-31,77003,2978,3,0.9947378039360046
NeuMF,2002,2002-12-31,77003,2490,4,0.9921293258666992
NeuMF,2002,2002-12-31,77003,2429,5,0.9911551475524902
NeuMF,2002,2002-12-31,77003,2671,6,0.9901952147483826
NeuMF,2002,2002-12-31,77003,1777,7,0.9895406365394592
NeuMF,2002,2002-12-31,77003,2794,8,0.9863465428352356
NeuMF,2002,2002-12-31,77003,1498,9,0.9856876730918884
NeuMF,2002,2002-12-31,77003,3256,10,0.9809369444847107
NeuMF,2002,2002-12-31,77418,1625,1,0.9995255470275879
NeuMF,2002,2002-12-31,77418,47,2,0.99937903881073
NeuMF,2002,2002-12-31,77418,2391,3,0.9985466599464417
NeuMF,2002,2002-12-31,77418,3505,4,0.9984295964241028
NeuMF,2002,2002-12-31,77418,589,5,0.9984225034713745
NeuMF,2002,2002-12-31,77418,3578,6,0.9980699419975281
NeuMF,2002,2002-12-31,77418,457,7,0.997401237487793
NeuMF,2002,2002-12-31,77418,1892,8,0.9963715076446533
NeuMF,2002,2002-12-31,77418,3005,9,0.9955910444259644
NeuMF,2002,2002-12-31,77418,349,10,0.9954557418823242
NeuMF,2002,2002-12-31,77597,3996,1,0.9985525012016296
NeuMF,2002,2002-12-31,77597,2716,2,0.9981860518455505
NeuMF,2002,2002-12-31,77597,923,3,0.9980487823486328
NeuMF,2002,2002-12-31,77597,3481,4,0.9978300929069519
NeuMF,2002,2002-12-31,77597,2987,5,0.9972348809242249
NeuMF,2002,2002-12-31,77597,2947,6,0.9967033267021179
NeuMF,2002,2002-12-31,77597,3793,7,0.996637225151062
NeuMF,2002,2002-12-31,77597,1625,8,0.9959284663200378
NeuMF,2002,2002-12-31,77597,1923,9,0.9953474402427673
NeuMF,2002,2002-12-31,77597,1732,10,0.9952287673950195
NeuMF,2002,2002-12-31,77793,52,1,0.9995959401130676
NeuMF,2002,2002-12-31,77793,1356,2,0.9992121458053589
NeuMF,2002,2002-12-31,77793,537,3,0.9989608526229858
NeuMF,2002,2002-12-31,77793,728,4,0.9988561868667603
NeuMF,2002,2002-12-31,77793,1183,5,0.998845100402832
NeuMF,2002,2002-12-31,77793,81,6,0.9987427592277527
NeuMF,2002,2002-12-31,77793,7,7,0.9976601600646973
NeuMF,2002,2002-12-31,77793,382,8,0.9974017143249512
NeuMF,2002,2002-12-31,77793,1079,9,0.9968973398208618
NeuMF,2002,2002-12-31,77793,708,10,0.9963240623474121
NeuMF,2002,2002-12-31,77916,233,1,0.9990867376327515
NeuMF,2002,2002-12-31,77916,1965,2,0.9967619180679321
NeuMF,2002,2002-12-31,77916,741,3,0.996748685836792
NeuMF,2002,2002-12-31,77916,247,4,0.9962933659553528
NeuMF,2002,2002-12-31,77916,1175,5,0.996062695980072
NeuMF,2002,2002-12-31,77916,3538,6,0.9949287176132202
NeuMF,2002,2002-12-31,77916,3744,7,0.9934154748916626
NeuMF,2002,2002-12-31,77916,3827,8,0.9928598999977112
NeuMF,2002,2002-12-31,77916,3510,9,0.9927006959915161
NeuMF,2002,2002-12-31,77916,1206,10,0.9912342429161072
NeuMF,2002,2002-12-31,78054,4448,1,0.9974135756492615
NeuMF,2002,2002-12-31,78054,1923,2,0.9971572160720825
NeuMF,2002,2002-12-31,78054,2505,3,0.9944835305213928
NeuMF,2002,2002-12-31,78054,428,4,0.9939911961555481
NeuMF,2002,2002-12-31,78054,4776,5,0.9925374388694763
NeuMF,2002,2002-12-31,78054,4161,6,0.9894378185272217
NeuMF,2002,2002-12-31,78054,2617,7,0.9880930781364441
NeuMF,2002,2002-12-31,78054,3052,8,0.9876768589019775
NeuMF,2002,2002-12-31,78054,370,9,0.9870882034301758
NeuMF,2002,2002-12-31,78054,2795,10,0.9860060214996338
NeuMF,2002,2002-12-31,78107,2249,1,0.9948223829269409
NeuMF,2002,2002-12-31,78107,1885,2,0.9943833351135254
NeuMF,2002,2002-12-31,78107,1025,3,0.9928077459335327
NeuMF,2002,2002-12-31,78107,1321,4,0.9927172660827637
NeuMF,2002,2002-12-31,78107,3396,5,0.9926918148994446
NeuMF,2002,2002-12-31,78107,4855,6,0.991370677947998
NeuMF,2002,2002-12-31,78107,3683,7,0.9905644655227661
NeuMF,2002,2002-12-31,78107,587,8,0.9881342053413391
NeuMF,2002,2002-12-31,78107,382,9,0.9865775108337402
NeuMF,2002,2002-12-31,78107,2580,10,0.9848923683166504
NeuMF,2002,2002-12-31,78288,1917,1,0.9998377561569214
NeuMF,2002,2002-12-31,78288,3510,2,0.99924635887146
NeuMF,2002,2002-12-31,78288,2713,3,0.9991471767425537
NeuMF,2002,2002-12-31,78288,89,4,0.9990805387496948
NeuMF,2002,2002-12-31,78288,3147,5,0.9989608526229858
NeuMF,2002,2002-12-31,78288,2701,6,0.9988968372344971
NeuMF,2002,2002-12-31,78288,3081,7,0.9988551139831543
NeuMF,2002,2002-12-31,78288,2490,8,0.9987486600875854
NeuMF,2002,2002-12-31,78288,2572,9,0.9987000226974487
NeuMF,2002,2002-12-31,78288,733,10,0.9982784986495972
NeuMF,2002,2002-12-31,78386,3359,1,0.9993681311607361
NeuMF,2002,2002-12-31,78386,1955,2,0.9990940093994141
NeuMF,2002,2002-12-31,78386,3072,3,0.9971376657485962
NeuMF,2002,2002-12-31,78386,3528,4,0.9969248175621033
NeuMF,2002,2002-12-31,78386,3604,5,0.9961685538291931
NeuMF,2002,2002-12-31,78386,1094,6,0.9956503510475159
NeuMF,2002,2002-12-31,78386,2919,7,0.9950025677680969
NeuMF,2002,2002-12-31,78386,3469,8,0.9947718977928162
NeuMF,2002,2002-12-31,78386,969,9,0.9937009811401367
NeuMF,2002,2002-12-31,78386,3676,10,0.9927710890769958
NeuMF,2002,2002-12-31,78461,3179,1,0.9994127750396729
NeuMF,2002,2002-12-31,78461,3751,2,0.9984252452850342
NeuMF,2002,2002-12-31,78461,3969,3,0.9983818531036377
NeuMF,2002,2002-12-31,78461,3186,4,0.9982466697692871
NeuMF,2002,2002-12-31,78461,3580,5,0.9982014894485474
NeuMF,2002,2002-12-31,78461,3967,6,0.9981049299240112
NeuMF,2002,2002-12-31,78461,3844,7,0.9978070855140686
NeuMF,2002,2002-12-31,78461,1270,8,0.9975243210792542
NeuMF,2002,2002-12-31,78461,2908,9,0.9965408444404602
NeuMF,2002,2002-12-31,78461,2858,10,0.9964075684547424
NeuMF,2002,2002-12-31,78625,1059,1,0.9978273510932922
NeuMF,2002,2002-12-31,78625,2294,2,0.9969483017921448
NeuMF,2002,2002-12-31,78625,1957,3,0.9966325163841248
NeuMF,2002,2002-12-31,78625,2291,4,0.9964634776115417
NeuMF,2002,2002-12-31,78625,1810,5,0.9955394864082336
NeuMF,2002,2002-12-31,78625,2395,6,0.995500385761261
NeuMF,2002,2002-12-31,78625,2109,7,0.9940826296806335
NeuMF,2002,2002-12-31,78625,1914,8,0.9935222268104553
NeuMF,2002,2002-12-31,78625,2150,9,0.9915120005607605
NeuMF,2002,2002-12-31,78625,1393,10,0.9910349249839783
NeuMF,2002,2002-12-31,78674,919,1,0.9957006573677063
NeuMF,2002,2002-12-31,78674,4329,2,0.995274543762207
NeuMF,2002,2002-12-31,78674,2394,3,0.9950544834136963
NeuMF,2002,2002-12-31,78674,969,4,0.9944406151771545
NeuMF,2002,2002-12-31,78674,1573,5,0.9930669069290161
NeuMF,2002,2002-12-31,78674,1270,6,0.9923157691955566
NeuMF,2002,2002-12-31,78674,3668,7,0.9916751384735107
NeuMF,2002,2002-12-31,78674,1320,8,0.990760862827301
NeuMF,2002,2002-12-31,78674,10,9,0.9881738424301147
NeuMF,2002,2002-12-31,78674,1293,10,0.987900972366333
NeuMF,2002,2002-12-31,78813,1296,1,0.9997864365577698
NeuMF,2002,2002-12-31,78813,920,2,0.9988389611244202
NeuMF,2002,2002-12-31,78813,3967,3,0.9973589777946472
NeuMF,2002,2002-12-31,78813,4367,4,0.9968535304069519
NeuMF,2002,2002-12-31,78813,902,5,0.9953286647796631
NeuMF,2002,2002-12-31,78813,1057,6,0.9944421648979187
NeuMF,2002,2002-12-31,78813,2245,7,0.9915281534194946
NeuMF,2002,2002-12-31,78813,4306,8,0.9912426471710205
NeuMF,2002,2002-12-31,78813,4308,9,0.9902865886688232
NeuMF,2002,2002-12-31,78813,2268,10,0.9857869148254395
NeuMF,2002,2002-12-31,79329,1608,1,0.9993743300437927
NeuMF,2002,2002-12-31,79329,474,2,0.9977992177009583
NeuMF,2002,2002-12-31,79329,165,3,0.996743381023407
NeuMF,2002,2002-12-31,79329,50,4,0.9967124462127686
NeuMF,2002,2002-12-31,79329,4148,5,0.9962571859359741
NeuMF,2002,2002-12-31,79329,3949,6,0.9957473874092102
NeuMF,2002,2002-12-31,79329,161,7,0.9957398176193237
NeuMF,2002,2002-12-31,79329,1584,8,0.9952977299690247
NeuMF,2002,2002-12-31,79329,1645,9,0.9943640232086182
NeuMF,2002,2002-12-31,79329,1407,10,0.9933027029037476
NeuMF,2002,2002-12-31,79348,2356,1,0.9991210103034973
NeuMF,2002,2002-12-31,79348,1245,2,0.9986708164215088
NeuMF,2002,2002-12-31,79348,523,3,0.9981040954589844
NeuMF,2002,2002-12-31,79348,3163,4,0.9961206316947937
NeuMF,2002,2002-12-31,79348,175,5,0.9955176711082458
NeuMF,2002,2002-12-31,79348,348,6,0.9935227632522583
NeuMF,2002,2002-12-31,79348,2706,7,0.9933761954307556
NeuMF,2002,2002-12-31,79348,3423,8,0.993107795715332
NeuMF,2002,2002-12-31,79348,2877,9,0.9925576448440552
NeuMF,2002,2002-12-31,79348,45,10,0.9898214340209961
NeuMF,2002,2002-12-31,79998,3983,1,0.9999091625213623
NeuMF,2002,2002-12-31,79998,4024,2,0.9994667172431946
NeuMF,2002,2002-12-31,79998,1912,3,0.9993419051170349
NeuMF,2002,2002-12-31,79998,1734,4,0.9992908239364624
NeuMF,2002,2002-12-31,79998,2682,5,0.9991437196731567
NeuMF,2002,2002-12-31,79998,3118,6,0.9989118576049805
NeuMF,2002,2002-12-31,79998,3186,7,0.9983000159263611
NeuMF,2002,2002-12-31,79998,3163,8,0.9982538819313049
NeuMF,2002,2002-12-31,79998,2966,9,0.9980783462524414
NeuMF,2002,2002-12-31,79998,3129,10,0.9971749782562256
NeuMF,2002,2002-12-31,80335,2580,1,0.9991470575332642
NeuMF,2002,2002-12-31,80335,2700,2,0.998793363571167
NeuMF,2002,2002-12-31,80335,3083,3,0.9981096982955933
NeuMF,2002,2002-12-31,80335,2572,4,0.9979264736175537
NeuMF,2002,2002-12-31,80335,3683,5,0.9965112805366516
NeuMF,2002,2002-12-31,80335,2174,6,0.9959372282028198
NeuMF,2002,2002-12-31,80335,3863,7,0.9945127964019775
NeuMF,2002,2002-12-31,80335,1635,8,0.9942418932914734
NeuMF,2002,2002-12-31,80335,3793,9,0.9936161041259766
NeuMF,2002,2002-12-31,80335,2723,10,0.9924737215042114
NeuMF,2002,2002-12-31,80809,2572,1,0.9992585778236389
NeuMF,2002,2002-12-31,80809,2012,2,0.9989562034606934
NeuMF,2002,2002-12-31,80809,2683,3,0.9986535310745239
NeuMF,2002,2002-12-31,80809,2724,4,0.9985401630401611
NeuMF,2002,2002-12-31,80809,552,5,0.9983575940132141
NeuMF,2002,2002-12-31,80809,1485,6,0.9979380965232849
NeuMF,2002,2002-12-31,80809,2162,7,0.9976321458816528
NeuMF,2002,2002-12-31,80809,435,8,0.9965182542800903
NeuMF,2002,2002-12-31,80809,2394,9,0.99580979347229
NeuMF,2002,2002-12-31,80809,344,10,0.9952967762947083
NeuMF,2002,2002-12-31,80888,3948,1,0.9997708201408386
NeuMF,2002,2002-12-31,80888,3916,2,0.9997081160545349
NeuMF,2002,2002-12-31,80888,4069,3,0.9996246099472046
NeuMF,2002,2002-12-31,80888,3827,4,0.9995388984680176
NeuMF,2002,2002-12-31,80888,4018,5,0.9994818568229675
NeuMF,2002,2002-12-31,80888,3189,6,0.9991655349731445
NeuMF,2002,2002-12-31,80888,3998,7,0.9986456036567688
NeuMF,2002,2002-12-31,80888,3987,8,0.9984418749809265
NeuMF,2002,2002-12-31,80888,339,9,0.9982104301452637
NeuMF,2002,2002-12-31,80888,3534,10,0.9979046583175659
NeuMF,2002,2002-12-31,80950,3967,1,0.9988160133361816
NeuMF,2002,2002-12-31,80950,2348,2,0.9984924793243408
NeuMF,2002,2002-12-31,80950,3911,3,0.998043417930603
NeuMF,2002,2002-12-31,80950,1357,4,0.9977489113807678
NeuMF,2002,2002-12-31,80950,4306,5,0.9974276423454285
NeuMF,2002,2002-12-31,80950,3163,6,0.9971559047698975
NeuMF,2002,2002-12-31,80950,1836,7,0.9970999956130981
NeuMF,2002,2002-12-31,80950,2859,8,0.9969907999038696
NeuMF,2002,2002-12-31,80950,3819,9,0.9950436353683472
NeuMF,2002,2002-12-31,80950,1235,10,0.9931463599205017
NeuMF,2002,2002-12-31,81274,3421,1,0.9994357228279114
NeuMF,2002,2002-12-31,81274,1270,2,0.9992623925209045
NeuMF,2002,2002-12-31,81274,2791,3,0.9988359808921814
NeuMF,2002,2002-12-31,81274,1288,4,0.9987772107124329
NeuMF,2002,2002-12-31,81274,1265,5,0.998724639415741
NeuMF,2002,2002-12-31,81274,1256,6,0.9978188276290894
NeuMF,2002,2002-12-31,81274,1197,7,0.9971563816070557
NeuMF,2002,2002-12-31,81274,3210,8,0.9971179962158203
NeuMF,2002,2002-12-31,81274,1923,9,0.997116208076477
NeuMF,2002,2002-12-31,81274,3671,10,0.997018575668335
NeuMF,2002,2002-12-31,81484,2004,1,0.999609649181366
NeuMF,2002,2002-12-31,81484,1258,2,0.9995406866073608
NeuMF,2002,2002-12-31,81484,330,3,0.9991143345832825
NeuMF,2002,2002-12-31,81484,2328,4,0.9990134239196777
NeuMF,2002,2002-12-31,81484,1327,5,0.99850994348526
NeuMF,2002,2002-12-31,81484,2327,6,0.996736466884613
NeuMF,2002,2002-12-31,81484,4308,7,0.9962562322616577
NeuMF,2002,2002-12-31,81484,3264,8,0.9956929087638855
NeuMF,2002,2002-12-31,81484,1342,9,0.9955806136131287
NeuMF,2002,2002-12-31,81484,382,10,0.995209276676178
NeuMF,2002,2002-12-31,81738,2005,1,0.9991832375526428
NeuMF,2002,2002-12-31,81738,778,2,0.9980595707893372
NeuMF,2002,2002-12-31,81738,1089,3,0.9976798892021179
NeuMF,2002,2002-12-31,81738,1036,4,0.9958553910255432
NeuMF,2002,2002-12-31,81738,2139,5,0.9955405592918396
NeuMF,2002,2002-12-31,81738,112,6,0.9949830770492554
NeuMF,2002,2002-12-31,81738,1378,7,0.994685173034668
NeuMF,2002,2002-12-31,81738,1250,8,0.9946470856666565
NeuMF,2002,2002-12-31,81738,1503,9,0.9945400357246399
NeuMF,2002,2002-12-31,81738,3265,10,0.9944504499435425
NeuMF,2002,2002-12-31,81742,2396,1,0.9998952150344849
NeuMF,2002,2002-12-31,81742,4027,2,0.9998277425765991
NeuMF,2002,2002-12-31,81742,2359,3,0.9993070363998413
NeuMF,2002,2002-12-31,81742,3996,4,0.9990611672401428
NeuMF,2002,2002-12-31,81742,4019,5,0.9985030889511108
NeuMF,2002,2002-12-31,81742,3911,6,0.9984908103942871
NeuMF,2002,2002-12-31,81742,1947,7,0.9972002506256104
NeuMF,2002,2002-12-31,81742,4014,8,0.9966380596160889
NeuMF,2002,2002-12-31,81742,2006,9,0.9966267347335815
NeuMF,2002,2002-12-31,81742,2478,10,0.9964069724082947
NeuMF,2002,2002-12-31,82169,1208,1,0.9981350898742676
NeuMF,2002,2002-12-31,82169,1201,2,0.9978765249252319
NeuMF,2002,2002-12-31,82169,2571,3,0.9974731802940369
NeuMF,2002,2002-12-31,82169,1097,4,0.997306227684021
NeuMF,2002,2002-12-31,82169,1094,5,0.9971713423728943
NeuMF,2002,2002-12-31,82169,446,6,0.9967378973960876
NeuMF,2002,2002-12-31,82169,969,7,0.9965991377830505
NeuMF,2002,2002-12-31,82169,3198,8,0.996457040309906
NeuMF,2002,2002-12-31,82169,1183,9,0.9961374402046204
NeuMF,2002,2002-12-31,82169,1240,10,0.9960284233093262
NeuMF,2002,2002-12-31,82186,4022,1,0.9997971653938293
NeuMF,2002,2002-12-31,82186,3967,2,0.9997051358222961
NeuMF,2002,2002-12-31,82186,3983,3,0.9996949434280396
NeuMF,2002,2002-12-31,82186,3863,4,0.9996205568313599
NeuMF,2002,2002-12-31,82186,3556,5,0.9995192289352417
NeuMF,2002,2002-12-31,82186,3952,6,0.9995133876800537
NeuMF,2002,2002-12-31,82186,3993,7,0.9993332028388977
NeuMF,2002,2002-12-31,82186,3977,8,0.9991004467010498
NeuMF,2002,2002-12-31,82186,3752,9,0.9983243346214294
NeuMF,2002,2002-12-31,82186,3994,10,0.9982408285140991
NeuMF,2002,2002-12-31,82552,2946,1,0.9997819066047668
NeuMF,2002,2002-12-31,82552,4571,2,0.9990147352218628
NeuMF,2002,2002-12-31,82552,5060,3,0.9987599849700928
NeuMF,2002,2002-12-31,82552,3733,4,0.9983479976654053
NeuMF,2002,2002-12-31,82552,1395,5,0.9980577826499939
NeuMF,2002,2002-12-31,82552,1230,6,0.9977375268936157
NeuMF,2002,2002-12-31,82552,3037,7,0.9976035952568054
NeuMF,2002,2002-12-31,82552,3424,8,0.9972854852676392
NeuMF,2002,2002-12-31,82552,1078,9,0.995902955532074
NeuMF,2002,2002-12-31,82552,1208,10,0.9951560497283936
NeuMF,2002,2002-12-31,82615,2772,1,0.9977946281433105
NeuMF,2002,2002-12-31,82615,4007,2,0.9977219700813293
NeuMF,2002,2002-12-31,82615,42,3,0.9975086450576782
NeuMF,2002,2002-12-31,82615,176,4,0.9971266388893127
NeuMF,2002,2002-12-31,82615,101,5,0.996993899345398
NeuMF,2002,2002-12-31,82615,4322,6,0.9967085123062134
NeuMF,2002,2002-12-31,82615,235,7,0.9959989786148071
NeuMF,2002,2002-12-31,82615,3362,8,0.995607316493988
NeuMF,2002,2002-12-31,82615,3363,9,0.995230495929718
NeuMF,2002,2002-12-31,82615,3471,10,0.9938831329345703
NeuMF,2002,2002-12-31,82788,1810,1,0.9986234903335571
NeuMF,2002,2002-12-31,82788,2006,2,0.9969563484191895
NeuMF,2002,2002-12-31,82788,3155,3,0.9965618252754211
NeuMF,2002,2002-12-31,82788,1059,4,0.9946061968803406
NeuMF,2002,2002-12-31,82788,1835,5,0.9934830069541931
NeuMF,2002,2002-12-31,82788,1784,6,0.9920523166656494
NeuMF,2002,2002-12-31,82788,1416,7,0.9914434552192688
NeuMF,2002,2002-12-31,82788,2470,8,0.991114616394043
NeuMF,2002,2002-12-31,82788,1088,9,0.9905327558517456
NeuMF,2002,2002-12-31,82788,2002,10,0.9901924133300781
NeuMF,2002,2002-12-31,83044,480,1,0.9984293580055237
NeuMF,2002,2002-12-31,83044,457,2,0.9979268312454224
NeuMF,2002,2002-12-31,83044,4447,3,0.9977044463157654
NeuMF,2002,2002-12-31,83044,1094,4,0.9974506497383118
NeuMF,2002,2002-12-31,83044,4448,5,0.9970135688781738
NeuMF,2002,2002-12-31,83044,344,6,0.9968085885047913
NeuMF,2002,2002-12-31,83044,1608,7,0.9954055547714233
NeuMF,2002,2002-12-31,83044,1610,8,0.9953332543373108
NeuMF,2002,2002-12-31,83044,2671,9,0.9927962422370911
NeuMF,2002,2002-12-31,83044,4306,10,0.99277263879776
NeuMF,2002,2002-12-31,83070,1641,1,0.9985073208808899
NeuMF,2002,2002-12-31,83070,1923,2,0.9976149797439575
NeuMF,2002,2002-12-31,83070,2028,3,0.9975221753120422
NeuMF,2002,2002-12-31,83070,1784,4,0.9961254000663757
NeuMF,2002,2002-12-31,83070,2302,5,0.9956205487251282
NeuMF,2002,2002-12-31,83070,25,6,0.9944052696228027
NeuMF,2002,2002-12-31,83070,246,7,0.9942016005516052
NeuMF,2002,2002-12-31,83070,2268,8,0.9941225647926331
NeuMF,2002,2002-12-31,83070,1,9,0.9938097596168518
NeuMF,2002,2002-12-31,83070,2599,10,0.9933953881263733
NeuMF,2002,2002-12-31,83139,3893,1,0.9902910590171814
NeuMF,2002,2002-12-31,83139,2176,2,0.9877338409423828
NeuMF,2002,2002-12-31,83139,3751,3,0.9869961738586426
NeuMF,2002,2002-12-31,83139,1148,4,0.9855101108551025
NeuMF,2002,2002-12-31,83139,745,5,0.9840442538261414
NeuMF,2002,2002-12-31,83139,107,6,0.9837089776992798
NeuMF,2002,2002-12-31,83139,585,7,0.9798693656921387
NeuMF,2002,2002-12-31,83139,2046,8,0.9788601994514465
NeuMF,2002,2002-12-31,83139,2186,9,0.978717029094696
NeuMF,2002,2002-12-31,83139,4232,10,0.9780498147010803
NeuMF,2002,2002-12-31,83233,3408,1,0.9998520612716675
NeuMF,2002,2002-12-31,83233,3623,2,0.9993046522140503
NeuMF,2002,2002-12-31,83233,2881,3,0.998991072177887
NeuMF,2002,2002-12-31,83233,3753,4,0.9987645149230957
NeuMF,2002,2002-12-31,83233,3513,5,0.9984942674636841
NeuMF,2002,2002-12-31,83233,3751,6,0.9984347224235535
NeuMF,2002,2002-12-31,83233,3510,7,0.9977109432220459
NeuMF,2002,2002-12-31,83233,3717,8,0.9973317384719849
NeuMF,2002,2002-12-31,83233,3285,9,0.9966844916343689
NeuMF,2002,2002-12-31,83233,2572,10,0.9966411590576172
NeuMF,2002,2002-12-31,83257,4022,1,0.9998711347579956
NeuMF,2002,2002-12-31,83257,3717,2,0.9998595714569092
NeuMF,2002,2002-12-31,83257,2707,3,0.9998517036437988
NeuMF,2002,2002-12-31,83257,3005,4,0.9998286962509155
NeuMF,2002,2002-12-31,83257,4448,5,0.9998007416725159
NeuMF,2002,2002-12-31,83257,3798,6,0.999750554561615
NeuMF,2002,2002-12-31,83257,3578,7,0.9997296929359436
NeuMF,2002,2002-12-31,83257,4814,8,0.999529242515564
NeuMF,2002,2002-12-31,83257,3752,9,0.9991675615310669
NeuMF,2002,2002-12-31,83257,3952,10,0.998967170715332
NeuMF,2002,2002-12-31,83290,1797,1,0.9986053109169006
NeuMF,2002,2002-12-31,83290,1719,2,0.9985894560813904
NeuMF,2002,2002-12-31,83290,3424,3,0.998134434223175
NeuMF,2002,2002-12-31,83290,1179,4,0.9978321194648743
NeuMF,2002,2002-12-31,83290,1034,5,0.9973236322402954
NeuMF,2002,2002-12-31,83290,1077,6,0.997015118598938
NeuMF,2002,2002-12-31,83290,1228,7,0.9967459440231323
NeuMF,2002,2002-12-31,83290,233,8,0.9959985017776489
NeuMF,2002,2002-12-31,83290,3089,9,0.9957796335220337
NeuMF,2002,2002-12-31,83290,1288,10,0.9953790903091431
NeuMF,2002,2002-12-31,83377,3685,1,0.9998273253440857
NeuMF,2002,2002-12-31,83377,3699,2,0.9985048770904541
NeuMF,2002,2002-12-31,83377,1296,3,0.9977338314056396
NeuMF,2002,2002-12-31,83377,3704,4,0.9976369142532349
NeuMF,2002,2002-12-31,83377,1997,5,0.9976174235343933
NeuMF,2002,2002-12-31,83377,3551,6,0.9974708557128906
NeuMF,2002,2002-12-31,83377,1097,7,0.9961621761322021
NeuMF,2002,2002-12-31,83377,2917,8,0.995032787322998
NeuMF,2002,2002-12-31,83377,1238,9,0.9947013854980469
NeuMF,2002,2002-12-31,83377,1078,10,0.9932112693786621
NeuMF,2002,2002-12-31,83435,1391,1,0.9968140721321106
NeuMF,2002,2002-12-31,83435,4446,2,0.9967659711837769
NeuMF,2002,2002-12-31,83435,260,3,0.9966752529144287
NeuMF,2002,2002-12-31,83435,2700,4,0.9942889213562012
NeuMF,2002,2002-12-31,83435,1196,5,0.9916463494300842
NeuMF,2002,2002-12-31,83435,610,6,0.9898319244384766
NeuMF,2002,2002-12-31,83435,316,7,0.9878966808319092
NeuMF,2002,2002-12-31,83435,592,8,0.9867239594459534
NeuMF,2002,2002-12-31,83435,1073,9,0.9859631657600403
NeuMF,2002,2002-12-31,83435,4011,10,0.9857409596443176
NeuMF,2002,2002-12-31,83632,2706,1,0.998456597328186
NeuMF,2002,2002-12-31,83632,10,2,0.9981252551078796
NeuMF,2002,2002-12-31,83632,2683,3,0.9972361922264099
NeuMF,2002,2002-12-31,83632,2028,4,0.9971303343772888
NeuMF,2002,2002-12-31,83632,3578,5,0.996630847454071
NeuMF,2002,2002-12-31,83632,3597,6,0.9960391521453857
NeuMF,2002,2002-12-31,83632,474,7,0.9951871037483215
NeuMF,2002,2002-12-31,83632,3825,8,0.9951245188713074
NeuMF,2002,2002-12-31,83632,1923,9,0.9948700666427612
NeuMF,2002,2002-12-31,83632,2671,10,0.9948074221611023
NeuMF,2002,2002-12-31,83774,3699,1,0.9929336309432983
NeuMF,2002,2002-12-31,83774,262,2,0.9917609691619873
NeuMF,2002,2002-12-31,83774,3471,3,0.9903869032859802
NeuMF,2002,2002-12-31,83774,32,4,0.989674985408783
NeuMF,2002,2002-12-31,83774,529,5,0.9883286952972412
NeuMF,2002,2002-12-31,83774,62,6,0.9856282472610474
NeuMF,2002,2002-12-31,83774,3753,7,0.9856050610542297
NeuMF,2002,2002-12-31,83774,1225,8,0.9852077960968018
NeuMF,2002,2002-12-31,83774,1411,9,0.9842495322227478
NeuMF,2002,2002-12-31,83774,3175,10,0.9797138571739197
NeuMF,2002,2002-12-31,83777,2006,1,0.9996346235275269
NeuMF,2002,2002-12-31,83777,1196,2,0.9995381832122803
NeuMF,2002,2002-12-31,83777,1721,3,0.9995158910751343
NeuMF,2002,2002-12-31,83777,1688,4,0.9987279772758484
NeuMF,2002,2002-12-31,83777,1961,5,0.9986383318901062
NeuMF,2002,2002-12-31,83777,1210,6,0.998375415802002
NeuMF,2002,2002-12-31,83777,2394,7,0.9969125986099243
NeuMF,2002,2002-12-31,83777,2990,8,0.9968074560165405
NeuMF,2002,2002-12-31,83777,1801,9,0.9967257976531982
NeuMF,2002,2002-12-31,83777,1722,10,0.996337890625
NeuMF,2002,2002-12-31,84681,1036,1,0.9988430738449097
NeuMF,2002,2002-12-31,84681,4310,2,0.9988089799880981
NeuMF,2002,2002-12-31,84681,493,3,0.9981156587600708
NeuMF,2002,2002-12-31,84681,3301,4,0.997636079788208
NeuMF,2002,2002-12-31,84681,4159,5,0.9975414276123047
NeuMF,2002,2002-12-31,84681,165,6,0.9974251985549927
NeuMF,2002,2002-12-31,84681,4351,7,0.9973999261856079
NeuMF,2002,2002-12-31,84681,3980,8,0.9972027540206909
NeuMF,2002,2002-12-31,84681,2268,9,0.9967551827430725
NeuMF,2002,2002-12-31,84681,6,10,0.9964292645454407
NeuMF,2002,2002-12-31,84702,1419,1,0.9985174536705017
NeuMF,2002,2002-12-31,84702,2820,2,0.9984834790229797
NeuMF,2002,2002-12-31,84702,1961,3,0.9964939951896667
NeuMF,2002,2002-12-31,84702,3498,4,0.9962157607078552
NeuMF,2002,2002-12-31,84702,3083,5,0.9960153698921204
NeuMF,2002,2002-12-31,84702,307,6,0.994350254535675
NeuMF,2002,2002-12-31,84702,2312,7,0.9935973882675171
NeuMF,2002,2002-12-31,84702,1280,8,0.9924620985984802
NeuMF,2002,2002-12-31,84702,3167,9,0.9920293092727661
NeuMF,2002,2002-12-31,84702,1028,10,0.9918152689933777
NeuMF,2002,2002-12-31,84817,2524,1,0.9984778761863708
NeuMF,2002,2002-12-31,84817,1476,2,0.9972987771034241
NeuMF,2002,2002-12-31,84817,1995,3,0.99725741147995
NeuMF,2002,2002-12-31,84817,2302,4,0.9957159161567688
NeuMF,2002,2002-12-31,84817,2378,5,0.9956211447715759
NeuMF,2002,2002-12-31,84817,1523,6,0.9929303526878357
NeuMF,2002,2002-12-31,84817,1672,7,0.9928192496299744
NeuMF,2002,2002-12-31,84817,3552,8,0.9914100766181946
NeuMF,2002,2002-12-31,84817,3444,9,0.9901738166809082
NeuMF,2002,2002-12-31,84817,1485,10,0.9898902177810669
NeuMF,2002,2002-12-31,85558,3998,1,0.9988571405410767
NeuMF,2002,2002-12-31,85558,4308,2,0.9978832602500916
NeuMF,2002,2002-12-31,85558,4369,3,0.9973516464233398
NeuMF,2002,2002-12-31,85558,1673,4,0.9971265196800232
NeuMF,2002,2002-12-31,85558,4223,5,0.9968294501304626
NeuMF,2002,2002-12-31,85558,3354,6,0.9966488480567932
NeuMF,2002,2002-12-31,85558,4246,7,0.9959219694137573
NeuMF,2002,2002-12-31,85558,1210,8,0.9952774047851562
NeuMF,2002,2002-12-31,85558,4896,9,0.9952261447906494
NeuMF,2002,2002-12-31,85558,4993,10,0.995100200176239
NeuMF,2002,2002-12-31,85588,3983,1,0.999941349029541
NeuMF,2002,2002-12-31,85588,4291,2,0.999600350856781
NeuMF,2002,2002-12-31,85588,3993,3,0.9993091821670532
NeuMF,2002,2002-12-31,85588,4333,4,0.9991735816001892
NeuMF,2002,2002-12-31,85588,4280,5,0.9985367059707642
NeuMF,2002,2002-12-31,85588,3996,6,0.9972406625747681
NeuMF,2002,2002-12-31,85588,858,7,0.9968854784965515
NeuMF,2002,2002-12-31,85588,1206,8,0.9958564639091492
NeuMF,2002,2002-12-31,85588,1127,9,0.9954866766929626
NeuMF,2002,2002-12-31,85588,924,10,0.9939181804656982
NeuMF,2002,2002-12-31,85631,4014,1,0.9996775388717651
NeuMF,2002,2002-12-31,85631,3978,2,0.9996564388275146
NeuMF,2002,2002-12-31,85631,3512,3,0.9991323351860046
NeuMF,2002,2002-12-31,85631,3578,4,0.9989328980445862
NeuMF,2002,2002-12-31,85631,2997,5,0.9989262223243713
NeuMF,2002,2002-12-31,85631,3831,6,0.9987429976463318
NeuMF,2002,2002-12-31,85631,4023,7,0.998701810836792
NeuMF,2002,2002-12-31,85631,2858,8,0.9983067512512207
NeuMF,2002,2002-12-31,85631,3988,9,0.9976194500923157
NeuMF,2002,2002-12-31,85631,2671,10,0.9973914623260498
NeuMF,2002,2002-12-31,85979,2858,1,0.99898761510849
NeuMF,2002,2002-12-31,85979,3793,2,0.9984806180000305
NeuMF,2002,2002-12-31,85979,1968,3,0.9975162744522095
NeuMF,2002,2002-12-31,85979,2716,4,0.9968017339706421
NeuMF,2002,2002-12-31,85979,2699,5,0.9966822266578674
NeuMF,2002,2002-12-31,85979,541,6,0.9962376356124878
NeuMF,2002,2002-12-31,85979,1197,7,0.9957851767539978
NeuMF,2002,2002-12-31,85979,223,8,0.9957452416419983
NeuMF,2002,2002-12-31,85979,1215,9,0.9956775307655334
NeuMF,2002,2002-12-31,85979,1923,10,0.9951053857803345
NeuMF,2002,2002-12-31,86195,2985,1,0.9986830353736877
NeuMF,2002,2002-12-31,86195,2478,2,0.9966332316398621
NeuMF,2002,2002-12-31,86195,924,3,0.9964644908905029
NeuMF,2002,2002-12-31,86195,2137,4,0.9957861304283142
NeuMF,2002,2002-12-31,86195,1225,5,0.9932536482810974
NeuMF,2002,2002-12-31,86195,750,6,0.9925398230552673
NeuMF,2002,2002-12-31,86195,2640,7,0.9907429814338684
NeuMF,2002,2002-12-31,86195,923,8,0.9892728328704834
NeuMF,2002,2002-12-31,86195,941,9,0.9889088273048401
NeuMF,2002,2002-12-31,86195,1,10,0.9872350096702576
NeuMF,2002,2002-12-31,86722,1552,1,0.9996528625488281
NeuMF,2002,2002-12-31,86722,4880,2,0.9996185302734375
NeuMF,2002,2002-12-31,86722,875,3,0.9992318153381348
NeuMF,2002,2002-12-31,86722,4718,4,0.9991161227226257
NeuMF,2002,2002-12-31,86722,4823,5,0.9990822076797485
NeuMF,2002,2002-12-31,86722,1717,6,0.9988184571266174
NeuMF,2002,2002-12-31,86722,2541,7,0.9985047578811646
NeuMF,2002,2002-12-31,86722,733,8,0.9976122379302979
NeuMF,2002,2002-12-31,86722,62,9,0.9975444674491882
NeuMF,2002,2002-12-31,86722,2294,10,0.9971490502357483
NeuMF,2002,2002-12-31,87275,69,1,0.9994189739227295
NeuMF,2002,2002-12-31,87275,223,2,0.9987468719482422
NeuMF,2002,2002-12-31,87275,778,3,0.9986477494239807
NeuMF,2002,2002-12-31,87275,1732,4,0.9984316229820251
NeuMF,2002,2002-12-31,87275,441,5,0.9937191009521484
NeuMF,2002,2002-12-31,87275,3174,6,0.993202269077301
NeuMF,2002,2002-12-31,87275,2700,7,0.9922841191291809
NeuMF,2002,2002-12-31,87275,1914,8,0.9897385239601135
NeuMF,2002,2002-12-31,87275,39,9,0.9896635413169861
NeuMF,2002,2002-12-31,87275,2997,10,0.9888976216316223
NeuMF,2002,2002-12-31,87498,18,1,0.9965366125106812
NeuMF,2002,2002-12-31,87498,1061,2,0.9963022470474243
NeuMF,2002,2002-12-31,87498,2416,3,0.9957624077796936
NeuMF,2002,2002-12-31,87498,319,4,0.995643138885498
NeuMF,2002,2002-12-31,87498,135,5,0.995105504989624
NeuMF,2002,2002-12-31,87498,41,6,0.9915801286697388
NeuMF,2002,2002-12-31,87498,180,7,0.9902940988540649
NeuMF,2002,2002-12-31,87498,1992,8,0.9902071356773376
NeuMF,2002,2002-12-31,87498,1051,9,0.9844393134117126
NeuMF,2002,2002-12-31,87498,2375,10,0.9824066162109375
NeuMF,2002,2002-12-31,87881,1201,1,0.9990035891532898
NeuMF,2002,2002-12-31,87881,3702,2,0.997986912727356
NeuMF,2002,2002-12-31,87881,1265,3,0.9971396923065186
NeuMF,2002,2002-12-31,87881,3763,4,0.9949068427085876
NeuMF,2002,2002-12-31,87881,3671,5,0.9946784973144531
NeuMF,2002,2002-12-31,87881,2019,6,0.9944578409194946
NeuMF,2002,2002-12-31,87881,1278,7,0.9930798411369324
NeuMF,2002,2002-12-31,87881,3471,8,0.9929240942001343
NeuMF,2002,2002-12-31,87881,1257,9,0.9922653436660767
NeuMF,2002,2002-12-31,87881,940,10,0.9922130703926086
NeuMF,2002,2002-12-31,88178,1230,1,0.995451033115387
NeuMF,2002,2002-12-31,88178,1136,2,0.99458247423172
NeuMF,2002,2002-12-31,88178,1276,3,0.9929903745651245
NeuMF,2002,2002-12-31,88178,260,4,0.9929718375205994
NeuMF,2002,2002-12-31,88178,1196,5,0.9922578930854797
NeuMF,2002,2002-12-31,88178,1235,6,0.9903318881988525
NeuMF,2002,2002-12-31,88178,1193,7,0.9900181293487549
NeuMF,2002,2002-12-31,88178,919,8,0.9874295592308044
NeuMF,2002,2002-12-31,88178,1270,9,0.9854366183280945
NeuMF,2002,2002-12-31,88178,1247,10,0.9843680262565613
NeuMF,2002,2002-12-31,88198,916,1,0.9978566765785217
NeuMF,2002,2002-12-31,88198,4308,2,0.997118353843689
NeuMF,2002,2002-12-31,88198,1947,3,0.9969469904899597
NeuMF,2002,2002-12-31,88198,302,4,0.9955717325210571
NeuMF,2002,2002-12-31,88198,534,5,0.9939354062080383
NeuMF,2002,2002-12-31,88198,745,6,0.9928705096244812
NeuMF,2002,2002-12-31,88198,2875,7,0.9924607872962952
NeuMF,2002,2002-12-31,88198,923,8,0.9917095303535461
NeuMF,2002,2002-12-31,88198,587,9,0.9913567304611206
NeuMF,2002,2002-12-31,88198,920,10,0.9909695982933044
NeuMF,2002,2002-12-31,88618,2396,1,0.998820960521698
NeuMF,2002,2002-12-31,88618,3081,2,0.9986781477928162
NeuMF,2002,2002-12-31,88618,2336,3,0.997277557849884
NeuMF,2002,2002-12-31,88618,2700,4,0.9964625239372253
NeuMF,2002,2002-12-31,88618,299,5,0.9958943128585815
NeuMF,2002,2002-12-31,88618,3983,6,0.9955501556396484
NeuMF,2002,2002-12-31,88618,3893,7,0.995513379573822
NeuMF,2002,2002-12-31,88618,4022,8,0.995486319065094
NeuMF,2002,2002-12-31,88618,903,9,0.9950153231620789
NeuMF,2002,2002-12-31,88618,3598,10,0.9930805563926697
NeuMF,2002,2002-12-31,88891,2702,1,0.9982403516769409
NeuMF,2002,2002-12-31,88891,1617,2,0.9981558918952942
NeuMF,2002,2002-12-31,88891,2858,3,0.9980450868606567
NeuMF,2002,2002-12-31,88891,1836,4,0.9976164102554321
NeuMF,2002,2002-12-31,88891,866,5,0.9959112405776978
NeuMF,2002,2002-12-31,88891,1639,6,0.9945089221000671
NeuMF,2002,2002-12-31,88891,2502,7,0.9936407208442688
NeuMF,2002,2002-12-31,88891,1653,8,0.9928637146949768
NeuMF,2002,2002-12-31,88891,1722,9,0.987480103969574
NeuMF,2002,2002-12-31,88891,1610,10,0.9872564077377319
NeuMF,2002,2002-12-31,88912,144,1,0.9997385144233704
NeuMF,2002,2002-12-31,88912,2630,2,0.9994431138038635
NeuMF,2002,2002-12-31,88912,3079,3,0.9988226294517517
NeuMF,2002,2002-12-31,88912,2966,4,0.9982059001922607
NeuMF,2002,2002-12-31,88912,1542,5,0.9975926280021667
NeuMF,2002,2002-12-31,88912,3118,6,0.9975258708000183
NeuMF,2002,2002-12-31,88912,3328,7,0.9974823594093323
NeuMF,2002,2002-12-31,88912,265,8,0.9974620342254639
NeuMF,2002,2002-12-31,88912,1914,9,0.9970999956130981
NeuMF,2002,2002-12-31,88912,2624,10,0.9969800114631653
NeuMF,2002,2002-12-31,89494,1916,1,0.9968098998069763
NeuMF,2002,2002-12-31,89494,1914,2,0.9952507019042969
NeuMF,2002,2002-12-31,89494,2997,3,0.9949594736099243
NeuMF,2002,2002-12-31,89494,1094,4,0.9949083924293518
NeuMF,2002,2002-12-31,89494,3911,5,0.9943397641181946
NeuMF,2002,2002-12-31,89494,3030,6,0.9930821061134338
NeuMF,2002,2002-12-31,89494,1276,7,0.9927117824554443
NeuMF,2002,2002-12-31,89494,1704,8,0.9917857050895691
NeuMF,2002,2002-12-31,89494,3993,9,0.9916808009147644
NeuMF,2002,2002-12-31,89494,493,10,0.9908961653709412
NeuMF,2002,2002-12-31,89642,4447,1,0.999842643737793
NeuMF,2002,2002-12-31,89642,3911,2,0.9996827840805054
NeuMF,2002,2002-12-31,89642,4246,3,0.9996505975723267
NeuMF,2002,2002-12-31,89642,4029,4,0.9994363188743591
NeuMF,2002,2002-12-31,89642,4993,5,0.999043881893158
NeuMF,2002,2002-12-31,89642,4776,6,0.9984573125839233
NeuMF,2002,2002-12-31,89642,1772,7,0.998281717300415
NeuMF,2002,2002-12-31,89642,725,8,0.9975484013557434
NeuMF,2002,2002-12-31,89642,333,9,0.997204065322876
NeuMF,2002,2002-12-31,89642,4304,10,0.9967883825302124
NeuMF,2002,2002-12-31,90043,2302,1,0.9983716607093811
NeuMF,2002,2002-12-31,90043,125,2,0.9981195330619812
NeuMF,2002,2002-12-31,90043,2291,3,0.9980625510215759
NeuMF,2002,2002-12-31,90043,3712,4,0.9977424144744873
NeuMF,2002,2002-12-31,90043,1354,5,0.9963991641998291
NeuMF,2002,2002-12-31,90043,1611,6,0.9960081577301025
NeuMF,2002,2002-12-31,90043,1584,7,0.9956810474395752
NeuMF,2002,2002-12-31,90043,347,8,0.9955470561981201
NeuMF,2002,2002-12-31,90043,1188,9,0.995023250579834
NeuMF,2002,2002-12-31,90043,1190,10,0.9948956370353699
NeuMF,2002,2002-12-31,90419,3178,1,0.9984217882156372
NeuMF,2002,2002-12-31,90419,1610,2,0.9949123859405518
NeuMF,2002,2002-12-31,90419,1876,3,0.9929839372634888
NeuMF,2002,2002-12-31,90419,316,4,0.9919666051864624
NeuMF,2002,2002-12-31,90419,282,5,0.9919499158859253
NeuMF,2002,2002-12-31,90419,3060,6,0.9911218881607056
NeuMF,2002,2002-12-31,90419,3062,7,0.9901436567306519
NeuMF,2002,2002-12-31,90419,349,8,0.9898768067359924
NeuMF,2002,2002-12-31,90419,2268,9,0.9893876314163208
NeuMF,2002,2002-12-31,90419,2890,10,0.9893408417701721
NeuMF,2002,2002-12-31,91775,4021,1,0.9990923404693604
NeuMF,2002,2002-12-31,91775,3993,2,0.9987414479255676
NeuMF,2002,2002-12-31,91775,3998,3,0.9983277916908264
NeuMF,2002,2002-12-31,91775,2761,4,0.998324453830719
NeuMF,2002,2002-12-31,91775,3969,5,0.997260332107544
NeuMF,2002,2002-12-31,91775,3114,6,0.9971304535865784
NeuMF,2002,2002-12-31,91775,2085,7,0.9967828989028931
NeuMF,2002,2002-12-31,91775,919,8,0.9966225624084473
NeuMF,2002,2002-12-31,91775,3949,9,0.9955033659934998
NeuMF,2002,2002-12-31,91775,1415,10,0.9949535727500916
NeuMF,2002,2002-12-31,91844,3033,1,0.9997774958610535
NeuMF,2002,2002-12-31,91844,1220,2,0.99897301197052
NeuMF,2002,2002-12-31,91844,2795,3,0.9989147186279297
NeuMF,2002,2002-12-31,91844,2301,4,0.9986487030982971
NeuMF,2002,2002-12-31,91844,1395,5,0.9980137348175049
NeuMF,2002,2002-12-31,91844,2109,6,0.9977408647537231
NeuMF,2002,2002-12-31,91844,1078,7,0.9972921013832092
NeuMF,2002,2002-12-31,91844,1196,8,0.9970159530639648
NeuMF,2002,2002-12-31,91844,1148,9,0.9966762065887451
NeuMF,2002,2002-12-31,91844,1079,10,0.9952966570854187
NeuMF,2002,2002-12-31,92033,3844,1,0.9997149109840393
NeuMF,2002,2002-12-31,92033,4080,2,0.9973823428153992
NeuMF,2002,2002-12-31,92033,543,3,0.9972954392433167
NeuMF,2002,2002-12-31,92033,207,4,0.9968757629394531
NeuMF,2002,2002-12-31,92033,2181,5,0.9963713884353638
NeuMF,2002,2002-12-31,92033,2570,6,0.9955904483795166
NeuMF,2002,2002-12-31,92033,1396,7,0.9952994585037231
NeuMF,2002,2002-12-31,92033,1658,8,0.9941087961196899
NeuMF,2002,2002-12-31,92033,3556,9,0.9920761585235596
NeuMF,2002,2002-12-31,92033,550,10,0.991915225982666
NeuMF,2002,2002-12-31,92059,2357,1,0.9999666213989258
NeuMF,2002,2002-12-31,92059,800,2,0.9998825788497925
NeuMF,2002,2002-12-31,92059,1635,3,0.9998319149017334
NeuMF,2002,2002-12-31,92059,728,4,0.9998226761817932
NeuMF,2002,2002-12-31,92059,1914,5,0.9995928406715393
NeuMF,2002,2002-12-31,92059,1188,6,0.9995656609535217
NeuMF,2002,2002-12-31,92059,1484,7,0.9995391368865967
NeuMF,2002,2002-12-31,92059,2682,8,0.9994837045669556
NeuMF,2002,2002-12-31,92059,2396,9,0.9992454051971436
NeuMF,2002,2002-12-31,92059,1885,10,0.9991980195045471
NeuMF,2002,2002-12-31,92104,4306,1,0.9984685778617859
NeuMF,2002,2002-12-31,92104,4232,2,0.9956755042076111
NeuMF,2002,2002-12-31,92104,1580,3,0.9953952431678772
NeuMF,2002,2002-12-31,92104,3996,4,0.995109498500824
NeuMF,2002,2002-12-31,92104,4886,5,0.9950769543647766
NeuMF,2002,2002-12-31,92104,4643,6,0.994971513748169
NeuMF,2002,2002-12-31,92104,3578,7,0.99493008852005
NeuMF,2002,2002-12-31,92104,457,8,0.9942349791526794
NeuMF,2002,2002-12-31,92104,3527,9,0.9923803806304932
NeuMF,2002,2002-12-31,92104,1196,10,0.9920082092285156
NeuMF,2002,2002-12-31,92240,1371,1,0.9965923428535461
NeuMF,2002,2002-12-31,92240,198,2,0.9962471127510071
NeuMF,2002,2002-12-31,92240,1566,3,0.9938978552818298
NeuMF,2002,2002-12-31,92240,3156,4,0.989716112613678
NeuMF,2002,2002-12-31,92240,1020,5,0.9889061450958252
NeuMF,2002,2002-12-31,92240,494,6,0.9885677099227905
NeuMF,2002,2002-12-31,92240,6,7,0.9860159754753113
NeuMF,2002,2002-12-31,92240,2539,8,0.9825877547264099
NeuMF,2002,2002-12-31,92240,2890,9,0.9795627593994141
NeuMF,2002,2002-12-31,92240,1272,10,0.9774594902992249
NeuMF,2002,2002-12-31,92578,382,1,0.9985479712486267
NeuMF,2002,2002-12-31,92578,3977,2,0.9981009364128113
NeuMF,2002,2002-12-31,92578,4238,3,0.997810423374176
NeuMF,2002,2002-12-31,92578,4027,4,0.9975345134735107
NeuMF,2002,2002-12-31,92578,4228,5,0.9951164722442627
NeuMF,2002,2002-12-31,92578,1876,6,0.994954526424408
NeuMF,2002,2002-12-31,92578,1660,7,0.9942551255226135
NeuMF,2002,2002-12-31,92578,2722,8,0.9939898252487183
NeuMF,2002,2002-12-31,92578,4343,9,0.9916819930076599
NeuMF,2002,2002-12-31,92578,1997,10,0.9908661246299744
NeuMF,2002,2002-12-31,92667,4886,1,0.9987499713897705
NeuMF,2002,2002-12-31,92667,4448,2,0.9986904263496399
NeuMF,2002,2002-12-31,92667,4855,3,0.9986383318901062
NeuMF,2002,2002-12-31,92667,4415,4,0.9983577132225037
NeuMF,2002,2002-12-31,92667,4386,5,0.9960236549377441
NeuMF,2002,2002-12-31,92667,4816,6,0.9949924349784851
NeuMF,2002,2002-12-31,92667,3955,7,0.9941446185112
NeuMF,2002,2002-12-31,92667,1347,8,0.9919167160987854
NeuMF,2002,2002-12-31,92667,4248,9,0.9885247349739075
NeuMF,2002,2002-12-31,92667,4341,10,0.9873723387718201
NeuMF,2002,2002-12-31,93051,2795,1,0.9993792772293091
NeuMF,2002,2002-12-31,93051,1663,2,0.9981589913368225
NeuMF,2002,2002-12-31,93051,1961,3,0.9980395436286926
NeuMF,2002,2002-12-31,93051,1673,4,0.9966580867767334
NeuMF,2002,2002-12-31,93051,1034,5,0.9966366291046143
NeuMF,2002,2002-12-31,93051,1912,6,0.9965511560440063
NeuMF,2002,2002-12-31,93051,778,7,0.9960263967514038
NeuMF,2002,2002-12-31,93051,2580,8,0.9958218336105347
NeuMF,2002,2002-12-31,93051,1196,9,0.9948333501815796
NeuMF,2002,2002-12-31,93051,1259,10,0.9947736859321594
NeuMF,2002,2002-12-31,93420,2470,1,0.9983875751495361
NeuMF,2002,2002-12-31,93420,2302,2,0.9974988102912903
NeuMF,2002,2002-12-31,93420,1912,3,0.9957907795906067
NeuMF,2002,2002-12-31,93420,2797,4,0.995407223701477
NeuMF,2002,2002-12-31,93420,2890,5,0.9951642751693726
NeuMF,2002,2002-12-31,93420,1304,6,0.9945486187934875
NeuMF,2002,2002-12-31,93420,2359,7,0.9939725995063782
NeuMF,2002,2002-12-31,93420,1220,8,0.9935272336006165
NeuMF,2002,2002-12-31,93420,1914,9,0.9926407933235168
NeuMF,2002,2002-12-31,93420,1500,10,0.9924803972244263
NeuMF,2002,2002-12-31,94138,3000,1,0.9997815489768982
NeuMF,2002,2002-12-31,94138,2712,2,0.9987290501594543
NeuMF,2002,2002-12-31,94138,750,3,0.9971416592597961
NeuMF,2002,2002-12-31,94138,4855,4,0.9970412850379944
NeuMF,2002,2002-12-31,94138,1274,5,0.9958879351615906
NeuMF,2002,2002-12-31,94138,4262,6,0.9955785870552063
NeuMF,2002,2002-12-31,94138,3639,7,0.9955524802207947
NeuMF,2002,2002-12-31,94138,1250,8,0.9955055713653564
NeuMF,2002,2002-12-31,94138,1206,9,0.9954349398612976
NeuMF,2002,2002-12-31,94138,2527,10,0.9952844977378845
NeuMF,2002,2002-12-31,94182,805,1,0.9991201758384705
NeuMF,2002,2002-12-31,94182,647,2,0.9974071383476257
NeuMF,2002,2002-12-31,94182,165,3,0.9973403811454773
NeuMF,2002,2002-12-31,94182,553,4,0.9962284564971924
NeuMF,2002,2002-12-31,94182,4351,5,0.996033251285553
NeuMF,2002,2002-12-31,94182,377,6,0.9958786964416504
NeuMF,2002,2002-12-31,94182,47,7,0.9958149790763855
NeuMF,2002,2002-12-31,94182,550,8,0.9956567287445068
NeuMF,2002,2002-12-31,94182,2231,9,0.9947434663772583
NeuMF,2002,2002-12-31,94182,1061,10,0.9946041703224182
NeuMF,2002,2002-12-31,94302,1288,1,0.9997949004173279
NeuMF,2002,2002-12-31,94302,1256,2,0.9993767142295837
NeuMF,2002,2002-12-31,94302,2700,3,0.999195396900177
NeuMF,2002,2002-12-31,94302,39,4,0.9988487958908081
NeuMF,2002,2002-12-31,94302,2791,5,0.998580813407898
NeuMF,2002,2002-12-31,94302,2064,6,0.9985404014587402
NeuMF,2002,2002-12-31,94302,913,7,0.998307466506958
NeuMF,2002,2002-12-31,94302,1147,8,0.9979140162467957
NeuMF,2002,2002-12-31,94302,2890,9,0.9978837370872498
NeuMF,2002,2002-12-31,94302,3462,10,0.9975401163101196
NeuMF,2002,2002-12-31,94434,3267,1,0.9958325028419495
NeuMF,2002,2002-12-31,94434,4066,2,0.9955400824546814
NeuMF,2002,2002-12-31,94434,1282,3,0.9936686158180237
NeuMF,2002,2002-12-31,94434,1516,4,0.9929266571998596
NeuMF,2002,2002-12-31,94434,246,5,0.9917214512825012
NeuMF,2002,2002-12-31,94434,2915,6,0.9915432929992676
NeuMF,2002,2002-12-31,94434,1224,7,0.9911928772926331
NeuMF,2002,2002-12-31,94434,2303,8,0.9905381202697754
NeuMF,2002,2002-12-31,94434,1189,9,0.9903998970985413
NeuMF,2002,2002-12-31,94434,3090,10,0.9903742074966431
NeuMF,2002,2002-12-31,94438,4148,1,0.99820876121521
NeuMF,2002,2002-12-31,94438,1732,2,0.9960644841194153
NeuMF,2002,2002-12-31,94438,1961,3,0.9954203963279724
NeuMF,2002,2002-12-31,94438,1094,4,0.9946927428245544
NeuMF,2002,2002-12-31,94438,1092,5,0.9946876764297485
NeuMF,2002,2002-12-31,94438,4161,6,0.994350790977478
NeuMF,2002,2002-12-31,94438,3996,7,0.9943080544471741
NeuMF,2002,2002-12-31,94438,1036,8,0.9923216700553894
NeuMF,2002,2002-12-31,94438,3578,9,0.9910797476768494
NeuMF,2002,2002-12-31,94438,1892,10,0.9907894730567932
NeuMF,2002,2002-12-31,94548,2803,1,0.9996170997619629
NeuMF,2002,2002-12-31,94548,1061,2,0.9989703893661499
NeuMF,2002,2002-12-31,94548,3020,3,0.9989578723907471
NeuMF,2002,2002-12-31,94548,2916,4,0.9976781010627747
NeuMF,2002,2002-12-31,94548,1047,5,0.9967286586761475
NeuMF,2002,2002-12-31,94548,3249,6,0.9965516328811646
NeuMF,2002,2002-12-31,94548,3409,7,0.9963173866271973
NeuMF,2002,2002-12-31,94548,1653,8,0.995799720287323
NeuMF,2002,2002-12-31,94548,2231,9,0.99534010887146
NeuMF,2002,2002-12-31,94548,3082,10,0.995064914226532
NeuMF,2002,2002-12-31,94555,1357,1,0.9964559674263
NeuMF,2002,2002-12-31,94555,222,2,0.991807758808136
NeuMF,2002,2002-12-31,94555,2527,3,0.990549623966217
NeuMF,2002,2002-12-31,94555,2763,4,0.9900569319725037
NeuMF,2002,2002-12-31,94555,1177,5,0.9897324442863464
NeuMF,2002,2002-12-31,94555,2331,6,0.9889634847640991
NeuMF,2002,2002-12-31,94555,1441,7,0.9886651039123535
NeuMF,2002,2002-12-31,94555,1733,8,0.9851992130279541
NeuMF,2002,2002-12-31,94555,1944,9,0.9849997758865356
NeuMF,2002,2002-12-31,94555,1960,10,0.9836652874946594
NeuMF,2002,2002-12-31,95161,2970,1,0.9999710321426392
NeuMF,2002,2002-12-31,95161,1077,2,0.999180018901825
NeuMF,2002,2002-12-31,95161,2973,3,0.9984538555145264
NeuMF,2002,2002-12-31,95161,910,4,0.9983701109886169
NeuMF,2002,2002-12-31,95161,3083,5,0.9980356097221375
NeuMF,2002,2002-12-31,95161,1244,6,0.9978858828544617
NeuMF,2002,2002-12-31,95161,909,7,0.9975818395614624
NeuMF,2002,2002-12-31,95161,1912,8,0.9975342750549316
NeuMF,2002,2002-12-31,95161,1252,9,0.9973524808883667
NeuMF,2002,2002-12-31,95161,3072,10,0.9971821308135986
NeuMF,2002,2002-12-31,95167,1271,1,0.9973203539848328
NeuMF,2002,2002-12-31,95167,2014,2,0.9951757192611694
NeuMF,2002,2002-12-31,95167,1694,3,0.9937553405761719
NeuMF,2002,2002-12-31,95167,2946,4,0.9931252002716064
NeuMF,2002,2002-12-31,95167,3418,5,0.9928169250488281
NeuMF,2002,2002-12-31,95167,943,6,0.9910200238227844
NeuMF,2002,2002-12-31,95167,3045,7,0.9903632998466492
NeuMF,2002,2002-12-31,95167,1042,8,0.9895644187927246
NeuMF,2002,2002-12-31,95167,5060,9,0.9889079928398132
NeuMF,2002,2002-12-31,95167,1303,10,0.9860444068908691
NeuMF,2002,2002-12-31,95199,3481,1,0.9995014667510986
NeuMF,2002,2002-12-31,95199,2805,2,0.9974772334098816
NeuMF,2002,2002-12-31,95199,1466,3,0.9960930943489075
NeuMF,2002,2002-12-31,95199,3301,4,0.9951533079147339
NeuMF,2002,2002-12-31,95199,4027,5,0.9941889047622681
NeuMF,2002,2002-12-31,95199,3755,6,0.993395984172821
NeuMF,2002,2002-12-31,95199,2908,7,0.9933699369430542
NeuMF,2002,2002-12-31,95199,2391,8,0.9925633072853088
NeuMF,2002,2002-12-31,95199,2302,9,0.992416262626648
NeuMF,2002,2002-12-31,95199,2890,10,0.9917769432067871
NeuMF,2002,2002-12-31,95213,4014,1,0.998967170715332
NeuMF,2002,2002-12-31,95213,4025,2,0.9986438155174255
NeuMF,2002,2002-12-31,95213,3114,3,0.9983090162277222
NeuMF,2002,2002-12-31,95213,2628,4,0.9982039928436279
NeuMF,2002,2002-12-31,95213,2763,5,0.9979327917098999
NeuMF,2002,2002-12-31,95213,2890,6,0.9977572560310364
NeuMF,2002,2002-12-31,95213,3175,7,0.997157096862793
NeuMF,2002,2002-12-31,95213,3755,8,0.9955732822418213
NeuMF,2002,2002-12-31,95213,2571,9,0.9953823685646057
NeuMF,2002,2002-12-31,95213,3052,10,0.995363712310791
NeuMF,2002,2002-12-31,95238,2572,1,0.9999592304229736
NeuMF,2002,2002-12-31,95238,2485,2,0.9998286962509155
NeuMF,2002,2002-12-31,95238,3157,3,0.9998082518577576
NeuMF,2002,2002-12-31,95238,7,4,0.9993457198143005
NeuMF,2002,2002-12-31,95238,2628,5,0.9981916546821594
NeuMF,2002,2002-12-31,95238,2961,6,0.9980486631393433
NeuMF,2002,2002-12-31,95238,2445,7,0.997528612613678
NeuMF,2002,2002-12-31,95238,2082,8,0.9974662065505981
NeuMF,2002,2002-12-31,95238,1680,9,0.9974628686904907
NeuMF,2002,2002-12-31,95238,1485,10,0.9955256581306458
NeuMF,2002,2002-12-31,95592,1173,1,0.9998799562454224
NeuMF,2002,2002-12-31,95592,3083,2,0.9995891451835632
NeuMF,2002,2002-12-31,95592,1131,3,0.9990629553794861
NeuMF,2002,2002-12-31,95592,82,4,0.9988372921943665
NeuMF,2002,2002-12-31,95592,2971,5,0.9984762072563171
NeuMF,2002,2002-12-31,95592,2721,6,0.9981735944747925
NeuMF,2002,2002-12-31,95592,2731,7,0.9979931116104126
NeuMF,2002,2002-12-31,95592,2712,8,0.9978376030921936
NeuMF,2002,2002-12-31,95592,1132,9,0.9969853758811951
NeuMF,2002,2002-12-31,95592,199,10,0.996740996837616
NeuMF,2002,2002-12-31,95676,1046,1,0.9989821314811707
NeuMF,2002,2002-12-31,95676,896,2,0.9987819790840149
NeuMF,2002,2002-12-31,95676,2721,3,0.9976893663406372
NeuMF,2002,2002-12-31,95676,906,4,0.9966030120849609
NeuMF,2002,2002-12-31,95676,2333,5,0.9958836436271667
NeuMF,2002,2002-12-31,95676,488,6,0.9946322441101074
NeuMF,2002,2002-12-31,95676,1951,7,0.9945408701896667
NeuMF,2002,2002-12-31,95676,247,8,0.9945259094238281
NeuMF,2002,2002-12-31,95676,2791,9,0.9937072396278381
NeuMF,2002,2002-12-31,95676,928,10,0.9934701919555664
NeuMF,2002,2002-12-31,95685,3873,1,0.9997128844261169
NeuMF,2002,2002-12-31,95685,1278,2,0.9995573163032532
NeuMF,2002,2002-12-31,95685,1238,3,0.9993568062782288
NeuMF,2002,2002-12-31,95685,5060,4,0.9992339611053467
NeuMF,2002,2002-12-31,95685,899,5,0.9991651773452759
NeuMF,2002,2002-12-31,95685,900,6,0.9991648197174072
NeuMF,2002,2002-12-31,95685,3035,7,0.9991531372070312
NeuMF,2002,2002-12-31,95685,3516,8,0.9986993074417114
NeuMF,2002,2002-12-31,95685,1380,9,0.9986664056777954
NeuMF,2002,2002-12-31,95685,1077,10,0.9986149072647095
NeuMF,2002,2002-12-31,95756,1162,1,0.9989245533943176
NeuMF,2002,2002-12-31,95756,3159,2,0.9973462820053101
NeuMF,2002,2002-12-31,95756,1942,3,0.9968082308769226
NeuMF,2002,2002-12-31,95756,1310,4,0.9966341853141785
NeuMF,2002,2002-12-31,95756,3035,5,0.9954397082328796
NeuMF,2002,2002-12-31,95756,2654,6,0.9954075217247009
NeuMF,2002,2002-12-31,95756,448,7,0.9950024485588074
NeuMF,2002,2002-12-31,95756,1059,8,0.9928406476974487
NeuMF,2002,2002-12-31,95756,1096,9,0.9923070073127747
NeuMF,2002,2002-12-31,95756,3507,10,0.9893993735313416
NeuMF,2002,2002-12-31,96139,2269,1,0.9990900754928589
NeuMF,2002,2002-12-31,96139,2336,2,0.9981393814086914
NeuMF,2002,2002-12-31,96139,3703,3,0.9972098469734192
NeuMF,2002,2002-12-31,96139,3471,4,0.995521068572998
NeuMF,2002,2002-12-31,96139,25,5,0.9942814111709595
NeuMF,2002,2002-12-31,96139,1042,6,0.9940739274024963
NeuMF,2002,2002-12-31,96139,1093,7,0.992388904094696
NeuMF,2002,2002-12-31,96139,3502,8,0.9907540082931519
NeuMF,2002,2002-12-31,96139,105,9,0.989983081817627
NeuMF,2002,2002-12-31,96139,3699,10,0.9897347688674927
NeuMF,2002,2002-12-31,96237,4232,1,0.9995754361152649
NeuMF,2002,2002-12-31,96237,2081,2,0.9994900226593018
NeuMF,2002,2002-12-31,96237,3000,3,0.9986196756362915
NeuMF,2002,2002-12-31,96237,1907,4,0.9983741044998169
NeuMF,2002,2002-12-31,96237,661,5,0.9979087114334106
NeuMF,2002,2002-12-31,96237,4018,6,0.9966773986816406
NeuMF,2002,2002-12-31,96237,3483,7,0.9962915182113647
NeuMF,2002,2002-12-31,96237,4447,8,0.9961869120597839
NeuMF,2002,2002-12-31,96237,2080,9,0.9958819150924683
NeuMF,2002,2002-12-31,96237,1282,10,0.9955717325210571
NeuMF,2002,2002-12-31,96272,3999,1,0.9996336698532104
NeuMF,2002,2002-12-31,96272,3355,2,0.9982692003250122
NeuMF,2002,2002-12-31,96272,2353,3,0.9980890154838562
NeuMF,2002,2002-12-31,96272,3943,4,0.9980402588844299
NeuMF,2002,2002-12-31,96272,16,5,0.9967142343521118
NeuMF,2002,2002-12-31,96272,1732,6,0.9966835379600525
NeuMF,2002,2002-12-31,96272,1221,7,0.9960987567901611
NeuMF,2002,2002-12-31,96272,1912,8,0.9954670667648315
NeuMF,2002,2002-12-31,96272,377,9,0.9942638278007507
NeuMF,2002,2002-12-31,96272,1573,10,0.9917294383049011
NeuMF,2002,2002-12-31,96837,4855,1,0.9996273517608643
NeuMF,2002,2002-12-31,96837,2859,2,0.9970781803131104
NeuMF,2002,2002-12-31,96837,1175,3,0.9964537620544434
NeuMF,2002,2002-12-31,96837,899,4,0.9953254461288452
NeuMF,2002,2002-12-31,96837,4701,5,0.9953083395957947
NeuMF,2002,2002-12-31,96837,3082,6,0.9948644042015076
NeuMF,2002,2002-12-31,96837,3185,7,0.9945772886276245
NeuMF,2002,2002-12-31,96837,4014,8,0.9930281043052673
NeuMF,2002,2002-12-31,96837,2890,9,0.9929181933403015
NeuMF,2002,2002-12-31,96837,4228,10,0.992566704750061
NeuMF,2002,2002-12-31,96977,800,1,0.9985952973365784
NeuMF,2002,2002-12-31,96977,2770,2,0.9984478950500488
NeuMF,2002,2002-12-31,96977,728,3,0.9980218410491943
NeuMF,2002,2002-12-31,96977,52,4,0.996278703212738
NeuMF,2002,2002-12-31,96977,3160,5,0.9947608113288879
NeuMF,2002,2002-12-31,96977,1513,6,0.9931650757789612
NeuMF,2002,2002-12-31,96977,1914,7,0.9931467175483704
NeuMF,2002,2002-12-31,96977,1635,8,0.9930385947227478
NeuMF,2002,2002-12-31,96977,1680,9,0.9928970336914062
NeuMF,2002,2002-12-31,96977,281,10,0.992819607257843
NeuMF,2002,2002-12-31,97482,2944,1,0.9969981908798218
NeuMF,2002,2002-12-31,97482,1301,2,0.9951096177101135
NeuMF,2002,2002-12-31,97482,2991,3,0.9914112091064453
NeuMF,2002,2002-12-31,97482,3638,4,0.9908052682876587
NeuMF,2002,2002-12-31,97482,1028,5,0.9899423122406006
NeuMF,2002,2002-12-31,97482,1267,6,0.9868531227111816
NeuMF,2002,2002-12-31,97482,2416,7,0.9854817390441895
NeuMF,2002,2002-12-31,97482,1206,8,0.9853333830833435
NeuMF,2002,2002-12-31,97482,3527,9,0.9773485660552979
NeuMF,2002,2002-12-31,97482,3210,10,0.9719091057777405
NeuMF,2002,2002-12-31,97769,1947,1,0.9978885054588318
NeuMF,2002,2002-12-31,97769,759,2,0.9969493746757507
NeuMF,2002,2002-12-31,97769,2966,3,0.9965457320213318
NeuMF,2002,2002-12-31,97769,1584,4,0.9957180619239807
NeuMF,2002,2002-12-31,97769,373,5,0.9949502944946289
NeuMF,2002,2002-12-31,97769,908,6,0.9946957230567932
NeuMF,2002,2002-12-31,97769,2970,7,0.9937944412231445
NeuMF,2002,2002-12-31,97769,2130,8,0.993486225605011
NeuMF,2002,2002-12-31,97769,1104,9,0.993425726890564
NeuMF,2002,2002-12-31,97769,468,10,0.9924163818359375
NeuMF,2002,2002-12-31,97935,1892,1,0.9995988011360168
NeuMF,2002,2002-12-31,97935,3445,2,0.9995874762535095
NeuMF,2002,2002-12-31,97935,1620,3,0.9980270266532898
NeuMF,2002,2002-12-31,97935,350,4,0.9979897737503052
NeuMF,2002,2002-12-31,97935,832,5,0.9963906407356262
NeuMF,2002,2002-12-31,97935,1625,6,0.9960564374923706
NeuMF,2002,2002-12-31,97935,490,7,0.9948874115943909
NeuMF,2002,2002-12-31,97935,2583,8,0.9943389296531677
NeuMF,2002,2002-12-31,97935,4148,9,0.994137167930603
NeuMF,2002,2002-12-31,97935,3505,10,0.9928357005119324
NeuMF,2002,2002-12-31,98539,1124,1,0.995870053768158
NeuMF,2002,2002-12-31,98539,1704,2,0.99439537525177
NeuMF,2002,2002-12-31,98539,1726,3,0.9919694066047668
NeuMF,2002,2002-12-31,98539,2130,4,0.9906153678894043
NeuMF,2002,2002-12-31,98539,1673,5,0.9904882907867432
NeuMF,2002,2002-12-31,98539,1747,6,0.9892699122428894
NeuMF,2002,2002-12-31,98539,3705,7,0.9857420921325684
NeuMF,2002,2002-12-31,98539,2712,8,0.9857314229011536
NeuMF,2002,2002-12-31,98539,1672,9,0.9849414229393005
NeuMF,2002,2002-12-31,98539,1729,10,0.9848699569702148
NeuMF,2002,2002-12-31,98884,4034,1,0.9998262524604797
NeuMF,2002,2002-12-31,98884,3996,2,0.9997039437294006
NeuMF,2002,2002-12-31,98884,3967,3,0.9986054301261902
NeuMF,2002,2002-12-31,98884,3983,4,0.9983015060424805
NeuMF,2002,2002-12-31,98884,4225,5,0.9982894062995911
NeuMF,2002,2002-12-31,98884,3481,6,0.9981688261032104
NeuMF,2002,2002-12-31,98884,4014,7,0.9980313181877136
NeuMF,2002,2002-12-31,98884,3949,8,0.9976183772087097
NeuMF,2002,2002-12-31,98884,3911,9,0.9965934157371521
NeuMF,2002,2002-12-31,98884,3751,10,0.9965487122535706
NeuMF,2002,2002-12-31,99200,1233,1,0.9998205304145813
NeuMF,2002,2002-12-31,99200,1224,2,0.9996824264526367
NeuMF,2002,2002-12-31,99200,2966,3,0.9995200634002686
NeuMF,2002,2002-12-31,99200,3959,4,0.9992285966873169
NeuMF,2002,2002-12-31,99200,3429,5,0.9991316199302673
NeuMF,2002,2002-12-31,99200,1413,6,0.9986775517463684
NeuMF,2002,2002-12-31,99200,858,7,0.9984831213951111
NeuMF,2002,2002-12-31,99200,720,8,0.9984506368637085
NeuMF,2002,2002-12-31,99200,1196,9,0.9979470372200012
NeuMF,2002,2002-12-31,99200,1248,10,0.9975569248199463
NeuMF,2002,2002-12-31,99454,2717,1,0.9996387958526611
NeuMF,2002,2002-12-31,99454,2012,2,0.9989827275276184
NeuMF,2002,2002-12-31,99454,2081,3,0.9970651268959045
NeuMF,2002,2002-12-31,99454,1097,4,0.9966279864311218
NeuMF,2002,2002-12-31,99454,2423,5,0.9959704875946045
NeuMF,2002,2002-12-31,99454,3254,6,0.9959632158279419
NeuMF,2002,2002-12-31,99454,2087,7,0.9955311417579651
NeuMF,2002,2002-12-31,99454,1240,8,0.9954841136932373
NeuMF,2002,2002-12-31,99454,2000,9,0.9952566027641296
NeuMF,2002,2002-12-31,99454,783,10,0.9948465824127197
NeuMF,2002,2002-12-31,99743,3101,1,0.9990743398666382
NeuMF,2002,2002-12-31,99743,2988,2,0.9967421889305115
NeuMF,2002,2002-12-31,99743,2204,3,0.9952961802482605
NeuMF,2002,2002-12-31,99743,2912,4,0.9951007962226868
NeuMF,2002,2002-12-31,99743,2664,5,0.9935044050216675
NeuMF,2002,2002-12-31,99743,2932,6,0.9932475090026855
NeuMF,2002,2002-12-31,99743,3011,7,0.9927471280097961
NeuMF,2002,2002-12-31,99743,2203,8,0.9913843870162964
NeuMF,2002,2002-12-31,99743,3104,9,0.9909130334854126
NeuMF,2002,2002-12-31,99743,2600,10,0.990064799785614
NeuMF,2002,2002-12-31,100286,2722,1,0.9977370500564575
NeuMF,2002,2002-12-31,100286,4321,2,0.9967393279075623
NeuMF,2002,2002-12-31,100286,2672,3,0.9958598017692566
NeuMF,2002,2002-12-31,100286,968,4,0.9942746758460999
NeuMF,2002,2002-12-31,100286,2900,5,0.9939122200012207
NeuMF,2002,2002-12-31,100286,2605,6,0.9937576055526733
NeuMF,2002,2002-12-31,100286,2038,7,0.9931857585906982
NeuMF,2002,2002-12-31,100286,3826,8,0.9928887486457825
NeuMF,2002,2002-12-31,100286,2409,9,0.9926367998123169
NeuMF,2002,2002-12-31,100286,223,10,0.9911820888519287
NeuMF,2002,2002-12-31,100670,1862,1,0.9987748265266418
NeuMF,2002,2002-12-31,100670,1544,2,0.9981757402420044
NeuMF,2002,2002-12-31,100670,2054,3,0.9973639845848083
NeuMF,2002,2002-12-31,100670,1476,4,0.996310293674469
NeuMF,2002,2002-12-31,100670,1769,5,0.995109498500824
NeuMF,2002,2002-12-31,100670,1729,6,0.9943271279335022
NeuMF,2002,2002-12-31,100670,2024,7,0.9925007224082947
NeuMF,2002,2002-12-31,100670,1754,8,0.9923720359802246
NeuMF,2002,2002-12-31,100670,81,9,0.992347240447998
NeuMF,2002,2002-12-31,100670,3977,10,0.992037296295166
NeuMF,2002,2002-12-31,101159,3996,1,0.9998026490211487
NeuMF,2002,2002-12-31,101159,2890,2,0.9991388320922852
NeuMF,2002,2002-12-31,101159,1617,3,0.9987530708312988
NeuMF,2002,2002-12-31,101159,2712,4,0.998641312122345
NeuMF,2002,2002-12-31,101159,4701,5,0.9974020719528198
NeuMF,2002,2002-12-31,101159,3148,6,0.9973656535148621
NeuMF,2002,2002-12-31,101159,3160,7,0.9973070621490479
NeuMF,2002,2002-12-31,101159,1961,8,0.9970943927764893
NeuMF,2002,2002-12-31,101159,3408,9,0.9965450167655945
NeuMF,2002,2002-12-31,101159,1912,10,0.9954087138175964
NeuMF,2002,2002-12-31,101324,1196,1,0.9992771744728088
NeuMF,2002,2002-12-31,101324,1090,2,0.9977350234985352
NeuMF,2002,2002-12-31,101324,4023,3,0.9972597360610962
NeuMF,2002,2002-12-31,101324,2115,4,0.9964268803596497
NeuMF,2002,2002-12-31,101324,1961,5,0.9945080876350403
NeuMF,2002,2002-12-31,101324,1947,6,0.9941998720169067
NeuMF,2002,2002-12-31,101324,1097,7,0.9940218329429626
NeuMF,2002,2002-12-31,101324,1210,8,0.9939690828323364
NeuMF,2002,2002-12-31,101324,1198,9,0.9939217567443848
NeuMF,2002,2002-12-31,101324,1270,10,0.9934658408164978
NeuMF,2002,2002-12-31,101925,1395,1,0.9995793700218201
NeuMF,2002,2002-12-31,101925,3524,2,0.9970769882202148
NeuMF,2002,2002-12-31,101925,3684,3,0.9961627721786499
NeuMF,2002,2002-12-31,101925,2418,4,0.9957435727119446
NeuMF,2002,2002-12-31,101925,2012,5,0.9957220554351807
NeuMF,2002,2002-12-31,101925,492,6,0.9951192140579224
NeuMF,2002,2002-12-31,101925,537,7,0.9950065612792969
NeuMF,2002,2002-12-31,101925,3070,8,0.993506908416748
NeuMF,2002,2002-12-31,101925,3618,9,0.9932261109352112
NeuMF,2002,2002-12-31,101925,233,10,0.9912431240081787
NeuMF,2002,2002-12-31,102317,3996,1,0.9999562501907349
NeuMF,2002,2002-12-31,102317,2396,2,0.9995800852775574
NeuMF,2002,2002-12-31,102317,3983,3,0.9993256330490112
NeuMF,2002,2002-12-31,102317,2997,4,0.9985914826393127
NeuMF,2002,2002-12-31,102317,3911,5,0.9963977336883545
NeuMF,2002,2002-12-31,102317,1946,6,0.9963148236274719
NeuMF,2002,2002-12-31,102317,910,7,0.9941418766975403
NeuMF,2002,2002-12-31,102317,3949,8,0.9934739470481873
NeuMF,2002,2002-12-31,102317,4246,9,0.9934666752815247
NeuMF,2002,2002-12-31,102317,2067,10,0.9933297038078308
NeuMF,2002,2002-12-31,102560,3671,1,0.9981786012649536
NeuMF,2002,2002-12-31,102560,3893,2,0.9972752928733826
NeuMF,2002,2002-12-31,102560,2692,3,0.9940608143806458
NeuMF,2002,2002-12-31,102560,1249,4,0.9924378991127014
NeuMF,2002,2002-12-31,102560,3819,5,0.9900792837142944
NeuMF,2002,2002-12-31,102560,3858,6,0.988717794418335
NeuMF,2002,2002-12-31,102560,4016,7,0.9876027703285217
NeuMF,2002,2002-12-31,102560,2997,8,0.9871571660041809
NeuMF,2002,2002-12-31,102560,4029,9,0.9864485859870911
NeuMF,2002,2002-12-31,102560,260,10,0.9836856722831726
NeuMF,2002,2002-12-31,102668,1947,1,0.9993804693222046
NeuMF,2002,2002-12-31,102668,2090,2,0.999306321144104
NeuMF,2002,2002-12-31,102668,2161,3,0.9988701939582825
NeuMF,2002,2002-12-31,102668,940,4,0.9983876943588257
NeuMF,2002,2002-12-31,102668,910,5,0.9981614947319031
NeuMF,2002,2002-12-31,102668,1148,6,0.9981531500816345
NeuMF,2002,2002-12-31,102668,1566,7,0.9978576302528381
NeuMF,2002,2002-12-31,102668,1608,8,0.9977341890335083
NeuMF,2002,2002-12-31,102668,2018,9,0.997698962688446
NeuMF,2002,2002-12-31,102668,1204,10,0.9974703788757324
NeuMF,2002,2002-12-31,102747,1909,1,0.9992364645004272
NeuMF,2002,2002-12-31,102747,3471,2,0.9987896084785461
NeuMF,2002,2002-12-31,102747,3793,3,0.9980291724205017
NeuMF,2002,2002-12-31,102747,1876,4,0.9974018335342407
NeuMF,2002,2002-12-31,102747,3745,5,0.996960461139679
NeuMF,2002,2002-12-31,102747,1200,6,0.9964020252227783
NeuMF,2002,2002-12-31,102747,1690,7,0.9960328936576843
NeuMF,2002,2002-12-31,102747,3624,8,0.9957776069641113
NeuMF,2002,2002-12-31,102747,1573,9,0.9946510195732117
NeuMF,2002,2002-12-31,102747,3702,10,0.99261873960495
NeuMF,2002,2002-12-31,102784,1036,1,0.9989978671073914
NeuMF,2002,2002-12-31,102784,1197,2,0.9983066320419312
NeuMF,2002,2002-12-31,102784,356,3,0.9951434135437012
NeuMF,2002,2002-12-31,102784,1196,4,0.9948156476020813
NeuMF,2002,2002-12-31,102784,1198,5,0.9934747815132141
NeuMF,2002,2002-12-31,102784,647,6,0.9922816157341003
NeuMF,2002,2002-12-31,102784,1266,7,0.9920613765716553
NeuMF,2002,2002-12-31,102784,1240,8,0.991791844367981
NeuMF,2002,2002-12-31,102784,1210,9,0.9885546565055847
NeuMF,2002,2002-12-31,102784,1370,10,0.9875084757804871
NeuMF,2002,2002-12-31,102803,3100,1,0.9990817308425903
NeuMF,2002,2002-12-31,102803,1271,2,0.9987529516220093
NeuMF,2002,2002-12-31,102803,3095,3,0.9972398281097412
NeuMF,2002,2002-12-31,102803,2861,4,0.9972363114356995
NeuMF,2002,2002-12-31,102803,2506,5,0.9970989227294922
NeuMF,2002,2002-12-31,102803,527,6,0.9959706664085388
NeuMF,2002,2002-12-31,102803,1835,7,0.9947408437728882
NeuMF,2002,2002-12-31,102803,2268,8,0.9944227337837219
NeuMF,2002,2002-12-31,102803,3157,9,0.9935241937637329
NeuMF,2002,2002-12-31,102803,534,10,0.9928010702133179
NeuMF,2002,2002-12-31,102823,1261,1,0.999626636505127
NeuMF,2002,2002-12-31,102823,3000,2,0.9971839785575867
NeuMF,2002,2002-12-31,102823,353,3,0.9969561100006104
NeuMF,2002,2002-12-31,102823,653,4,0.9966495633125305
NeuMF,2002,2002-12-31,102823,2951,5,0.9962729215621948
NeuMF,2002,2002-12-31,102823,3617,6,0.9962629675865173
NeuMF,2002,2002-12-31,102823,4440,7,0.9955238103866577
NeuMF,2002,2002-12-31,102823,2700,8,0.9955123066902161
NeuMF,2002,2002-12-31,102823,3702,9,0.9940252900123596
NeuMF,2002,2002-12-31,102823,2019,10,0.9930249452590942
NeuMF,2002,2002-12-31,102960,3253,1,0.9986530542373657
NeuMF,2002,2002-12-31,102960,345,2,0.9983567595481873
NeuMF,2002,2002-12-31,102960,1840,3,0.9954956769943237
NeuMF,2002,2002-12-31,102960,1542,4,0.9952701926231384
NeuMF,2002,2002-12-31,102960,2012,5,0.9946045279502869
NeuMF,2002,2002-12-31,102960,2791,6,0.9940705895423889
NeuMF,2002,2002-12-31,102960,1375,7,0.9926795959472656
NeuMF,2002,2002-12-31,102960,1060,8,0.9916463494300842
NeuMF,2002,2002-12-31,102960,1371,9,0.9915968775749207
NeuMF,2002,2002-12-31,102960,908,10,0.9914432168006897
NeuMF,2002,2002-12-31,103358,923,1,0.9981714487075806
NeuMF,2002,2002-12-31,103358,1244,2,0.995694637298584
NeuMF,2002,2002-12-31,103358,2065,3,0.9954326152801514
NeuMF,2002,2002-12-31,103358,1252,4,0.9943935871124268
NeuMF,2002,2002-12-31,103358,745,5,0.9942803382873535
NeuMF,2002,2002-12-31,103358,2105,6,0.9920715689659119
NeuMF,2002,2002-12-31,103358,1584,7,0.991972804069519
NeuMF,2002,2002-12-31,103358,3702,8,0.9915919303894043
NeuMF,2002,2002-12-31,103358,1175,9,0.9911873936653137
NeuMF,2002,2002-12-31,103358,1580,10,0.9897863864898682
NeuMF,2002,2002-12-31,103531,2273,1,0.9979815483093262
NeuMF,2002,2002-12-31,103531,3549,2,0.9894439578056335
NeuMF,2002,2002-12-31,103531,1892,3,0.9862587451934814
NeuMF,2002,2002-12-31,103531,94,4,0.9812325239181519
NeuMF,2002,2002-12-31,103531,2639,5,0.9802609086036682
NeuMF,2002,2002-12-31,103531,4558,6,0.9798552989959717
NeuMF,2002,2002-12-31,103531,4896,7,0.9762634634971619
NeuMF,2002,2002-12-31,103531,1516,8,0.972752034664154
NeuMF,2002,2002-12-31,103531,3252,9,0.9723414182662964
NeuMF,2002,2002-12-31,103531,4535,10,0.9715548753738403
NeuMF,2002,2002-12-31,103608,1028,1,0.9984947443008423
NeuMF,2002,2002-12-31,103608,3740,2,0.997852087020874
NeuMF,2002,2002-12-31,103608,1035,3,0.9974615573883057
NeuMF,2002,2002-12-31,103608,2421,4,0.9968974590301514
NeuMF,2002,2002-12-31,103608,3927,5,0.9960469603538513
NeuMF,2002,2002-12-31,103608,918,6,0.9958763122558594
NeuMF,2002,2002-12-31,103608,3552,7,0.995618462562561
NeuMF,2002,2002-12-31,103608,3699,8,0.9950752854347229
NeuMF,2002,2002-12-31,103608,3512,9,0.9938852190971375
NeuMF,2002,2002-12-31,103608,2617,10,0.9921728372573853
NeuMF,2002,2002-12-31,103732,431,1,0.9998420476913452
NeuMF,2002,2002-12-31,103732,412,2,0.9997912049293518
NeuMF,2002,2002-12-31,103732,3246,3,0.9995489716529846
NeuMF,2002,2002-12-31,103732,2546,4,0.99916672706604
NeuMF,2002,2002-12-31,103732,3916,5,0.9987447261810303
NeuMF,2002,2002-12-31,103732,4008,6,0.9986172914505005
NeuMF,2002,2002-12-31,103732,2712,7,0.9985830783843994
NeuMF,2002,2002-12-31,103732,16,8,0.9985124468803406
NeuMF,2002,2002-12-31,103732,381,9,0.9984331727027893
NeuMF,2002,2002-12-31,103732,3185,10,0.998401939868927
NeuMF,2002,2002-12-31,104243,3421,1,0.9985981583595276
NeuMF,2002,2002-12-31,104243,3863,2,0.998416543006897
NeuMF,2002,2002-12-31,104243,1198,3,0.9981130361557007
NeuMF,2002,2002-12-31,104243,1221,4,0.9972764849662781
NeuMF,2002,2002-12-31,104243,3702,5,0.9969583749771118
NeuMF,2002,2002-12-31,104243,3948,6,0.9968728423118591
NeuMF,2002,2002-12-31,104243,1090,7,0.9963801503181458
NeuMF,2002,2002-12-31,104243,2951,8,0.9962055683135986
NeuMF,2002,2002-12-31,104243,1259,9,0.996189296245575
NeuMF,2002,2002-12-31,104243,1127,10,0.995821475982666
NeuMF,2002,2002-12-31,104433,232,1,0.9987714886665344
NeuMF,2002,2002-12-31,104433,1247,2,0.9974696636199951
NeuMF,2002,2002-12-31,104433,1732,3,0.9941734671592712
NeuMF,2002,2002-12-31,104433,2611,4,0.9927430152893066
NeuMF,2002,2002-12-31,104433,357,5,0.9923376441001892
NeuMF,2002,2002-12-31,104433,6,6,0.9922624826431274
NeuMF,2002,2002-12-31,104433,1639,7,0.9916403293609619
NeuMF,2002,2002-12-31,104433,3108,8,0.9915593266487122
NeuMF,2002,2002-12-31,104433,164,9,0.9912866950035095
NeuMF,2002,2002-12-31,104433,1230,10,0.9905879497528076
NeuMF,2002,2002-12-31,104479,3179,1,0.9992877840995789
NeuMF,2002,2002-12-31,104479,2829,2,0.9988344311714172
NeuMF,2002,2002-12-31,104479,3421,3,0.997189462184906
NeuMF,2002,2002-12-31,104479,2908,4,0.996717631816864
NeuMF,2002,2002-12-31,104479,2996,5,0.9955099821090698
NeuMF,2002,2002-12-31,104479,3445,6,0.9946137070655823
NeuMF,2002,2002-12-31,104479,3969,7,0.9945059418678284
NeuMF,2002,2002-12-31,104479,3201,8,0.9938231706619263
NeuMF,2002,2002-12-31,104479,3418,9,0.9938071370124817
NeuMF,2002,2002-12-31,104479,2916,10,0.9923712015151978
NeuMF,2002,2002-12-31,104533,3000,1,0.9999309778213501
NeuMF,2002,2002-12-31,104533,4036,2,0.9996799230575562
NeuMF,2002,2002-12-31,104533,4027,3,0.9995928406715393
NeuMF,2002,2002-12-31,104533,2985,4,0.9993700385093689
NeuMF,2002,2002-12-31,104533,4226,5,0.9991876482963562
NeuMF,2002,2002-12-31,104533,2478,6,0.9987077713012695
NeuMF,2002,2002-12-31,104533,1587,7,0.9986158609390259
NeuMF,2002,2002-12-31,104533,2716,8,0.9985860586166382
NeuMF,2002,2002-12-31,104533,2003,9,0.9982982277870178
NeuMF,2002,2002-12-31,104533,2717,10,0.9979877471923828
NeuMF,2002,2002-12-31,104569,549,1,0.9991462230682373
NeuMF,2002,2002-12-31,104569,2692,2,0.9990612864494324
NeuMF,2002,2002-12-31,104569,2791,3,0.9985849857330322
NeuMF,2002,2002-12-31,104569,2396,4,0.9982790946960449
NeuMF,2002,2002-12-31,104569,2973,5,0.9981259703636169
NeuMF,2002,2002-12-31,104569,246,6,0.9978316426277161
NeuMF,2002,2002-12-31,104569,2580,7,0.9974932670593262
NeuMF,2002,2002-12-31,104569,2542,8,0.9955278038978577
NeuMF,2002,2002-12-31,104569,2333,9,0.9952608942985535
NeuMF,2002,2002-12-31,104569,2318,10,0.9948744177818298
NeuMF,2002,2002-12-31,104973,4226,1,0.9993512034416199
NeuMF,2002,2002-12-31,104973,4308,2,0.9984664916992188
NeuMF,2002,2002-12-31,104973,2109,3,0.9944777488708496
NeuMF,2002,2002-12-31,104973,1569,4,0.9944620728492737
NeuMF,2002,2002-12-31,104973,1199,5,0.9936842322349548
NeuMF,2002,2002-12-31,104973,1094,6,0.9936489462852478
NeuMF,2002,2002-12-31,104973,1947,7,0.9926090836524963
NeuMF,2002,2002-12-31,104973,3476,8,0.992426872253418
NeuMF,2002,2002-12-31,104973,3396,9,0.991913914680481
NeuMF,2002,2002-12-31,104973,1952,10,0.9911041259765625
NeuMF,2002,2002-12-31,105300,4306,1,0.9994561076164246
NeuMF,2002,2002-12-31,105300,2396,2,0.998794674873352
NeuMF,2002,2002-12-31,105300,2618,3,0.9986774325370789
NeuMF,2002,2002-12-31,105300,3863,4,0.998252809047699
NeuMF,2002,2002-12-31,105300,2324,5,0.9975746273994446
NeuMF,2002,2002-12-31,105300,2046,6,0.9974737763404846
NeuMF,2002,2002-12-31,105300,2763,7,0.9972423315048218
NeuMF,2002,2002-12-31,105300,2762,8,0.9970080256462097
NeuMF,2002,2002-12-31,105300,3988,9,0.9969532489776611
NeuMF,2002,2002-12-31,105300,741,10,0.995944082736969
NeuMF,2002,2002-12-31,105459,2724,1,0.9918517470359802
NeuMF,2002,2002-12-31,105459,2688,2,0.9788082838058472
NeuMF,2002,2002-12-31,105459,2683,3,0.9525318741798401
NeuMF,2002,2002-12-31,105459,2716,4,0.9292800426483154
NeuMF,2002,2002-12-31,105459,2858,5,0.92033451795578
NeuMF,2002,2002-12-31,105459,1,6,0.9201313853263855
NeuMF,2002,2002-12-31,105459,1196,7,0.9130216240882874
NeuMF,2002,2002-12-31,105459,110,8,0.9104817509651184
NeuMF,2002,2002-12-31,105459,2028,9,0.9083824157714844
NeuMF,2002,2002-12-31,105459,260,10,0.9021490812301636
NeuMF,2002,2002-12-31,105549,3350,1,0.9990506768226624
NeuMF,2002,2002-12-31,105549,3468,2,0.9985609650611877
NeuMF,2002,2002-12-31,105549,1945,3,0.9975036978721619
NeuMF,2002,2002-12-31,105549,3363,4,0.9963635802268982
NeuMF,2002,2002-12-31,105549,1950,5,0.9962558746337891
NeuMF,2002,2002-12-31,105549,1962,6,0.9950769543647766
NeuMF,2002,2002-12-31,105549,3360,7,0.994260311126709
NeuMF,2002,2002-12-31,105549,3552,8,0.9923065304756165
NeuMF,2002,2002-12-31,105549,2312,9,0.9893054962158203
NeuMF,2002,2002-12-31,105549,1267,10,0.9854335784912109
NeuMF,2002,2002-12-31,105929,4448,1,0.999505877494812
NeuMF,2002,2002-12-31,105929,3717,2,0.9992170333862305
NeuMF,2002,2002-12-31,105929,4223,3,0.9991857409477234
NeuMF,2002,2002-12-31,105929,3753,4,0.9988850951194763
NeuMF,2002,2002-12-31,105929,3755,5,0.9987887740135193
NeuMF,2002,2002-12-31,105929,3994,6,0.9984891414642334
NeuMF,2002,2002-12-31,105929,3897,7,0.9983698725700378
NeuMF,2002,2002-12-31,105929,3949,8,0.9976363182067871
NeuMF,2002,2002-12-31,105929,4022,9,0.9973076581954956
NeuMF,2002,2002-12-31,105929,457,10,0.9972698092460632
NeuMF,2002,2002-12-31,105998,1148,1,0.9996932744979858
NeuMF,2002,2002-12-31,105998,745,2,0.9992708563804626
NeuMF,2002,2002-12-31,105998,1223,3,0.9990686774253845
NeuMF,2002,2002-12-31,105998,904,4,0.998794674873352
NeuMF,2002,2002-12-31,105998,3784,5,0.9959119558334351
NeuMF,2002,2002-12-31,105998,2294,6,0.9947640895843506
NeuMF,2002,2002-12-31,105998,3070,7,0.9943262934684753
NeuMF,2002,2002-12-31,105998,107,8,0.9934857487678528
NeuMF,2002,2002-12-31,105998,2761,9,0.9931026697158813
NeuMF,2002,2002-12-31,105998,3006,10,0.9915894865989685
NeuMF,2002,2002-12-31,106083,1947,1,0.9990938901901245
NeuMF,2002,2002-12-31,106083,3030,2,0.9983181953430176
NeuMF,2002,2002-12-31,106083,2206,3,0.9978801012039185
NeuMF,2002,2002-12-31,106083,2935,4,0.9964744448661804
NeuMF,2002,2002-12-31,106083,1188,5,0.9950201511383057
NeuMF,2002,2002-12-31,106083,2763,6,0.9928804636001587
NeuMF,2002,2002-12-31,106083,2941,7,0.9927567839622498
NeuMF,2002,2002-12-31,106083,1178,8,0.9913401007652283
NeuMF,2002,2002-12-31,106083,1104,9,0.9904734492301941
NeuMF,2002,2002-12-31,106083,2937,10,0.9903726577758789
NeuMF,2002,2002-12-31,106228,3996,1,0.9992347955703735
NeuMF,2002,2002-12-31,106228,2916,2,0.9985906481742859
NeuMF,2002,2002-12-31,106228,1090,3,0.9976644515991211
NeuMF,2002,2002-12-31,106228,2470,4,0.9953783750534058
NeuMF,2002,2002-12-31,106228,2252,5,0.9950352907180786
NeuMF,2002,2002-12-31,106228,2712,6,0.9948318004608154
NeuMF,2002,2002-12-31,106228,1343,7,0.994772732257843
NeuMF,2002,2002-12-31,106228,1653,8,0.9946664571762085
NeuMF,2002,2002-12-31,106228,16,9,0.9944974780082703
NeuMF,2002,2002-12-31,106228,1320,10,0.9937376976013184
NeuMF,2002,2002-12-31,106284,3972,1,0.9990866184234619
NeuMF,2002,2002-12-31,106284,2571,2,0.9989355206489563
NeuMF,2002,2002-12-31,106284,3617,3,0.9987486600875854
NeuMF,2002,2002-12-31,106284,4321,4,0.9982743263244629
NeuMF,2002,2002-12-31,106284,3752,5,0.997201681137085
NeuMF,2002,2002-12-31,106284,4022,6,0.9956188797950745
NeuMF,2002,2002-12-31,106284,4306,7,0.9954620003700256
NeuMF,2002,2002-12-31,106284,3114,8,0.99443519115448
NeuMF,2002,2002-12-31,106284,3146,9,0.9944288730621338
NeuMF,2002,2002-12-31,106284,466,10,0.9943891167640686
NeuMF,2002,2002-12-31,106411,2064,1,0.9983276724815369
NeuMF,2002,2002-12-31,106411,1200,2,0.9978406429290771
NeuMF,2002,2002-12-31,106411,1266,3,0.9977939128875732
NeuMF,2002,2002-12-31,106411,2000,4,0.9973822236061096
NeuMF,2002,2002-12-31,106411,5060,5,0.9952698349952698
NeuMF,2002,2002-12-31,106411,2112,6,0.9952651262283325
NeuMF,2002,2002-12-31,106411,1276,7,0.9945350885391235
NeuMF,2002,2002-12-31,106411,1036,8,0.9943773150444031
NeuMF,2002,2002-12-31,106411,1704,9,0.9942293167114258
NeuMF,2002,2002-12-31,106411,1962,10,0.9941621422767639
NeuMF,2002,2002-12-31,106741,4033,1,0.9990280866622925
NeuMF,2002,2002-12-31,106741,16,2,0.9988899827003479
NeuMF,2002,2002-12-31,106741,3358,3,0.9978871941566467
NeuMF,2002,2002-12-31,106741,1955,4,0.9978139400482178
NeuMF,2002,2002-12-31,106741,4452,5,0.9972944855690002
NeuMF,2002,2002-12-31,106741,1404,6,0.9970083832740784
NeuMF,2002,2002-12-31,106741,3100,7,0.9964662790298462
NeuMF,2002,2002-12-31,106741,448,8,0.9963691234588623
NeuMF,2002,2002-12-31,106741,1050,9,0.993308424949646
NeuMF,2002,2002-12-31,106741,593,10,0.993125319480896
NeuMF,2002,2002-12-31,106939,3827,1,0.9981532692909241
NeuMF,2002,2002-12-31,106939,1663,2,0.99607253074646
NeuMF,2002,2002-12-31,106939,2288,3,0.9944449067115784
NeuMF,2002,2002-12-31,106939,3755,4,0.9941964149475098
NeuMF,2002,2002-12-31,106939,1022,5,0.9938031435012817
NeuMF,2002,2002-12-31,106939,69,6,0.9928063154220581
NeuMF,2002,2002-12-31,106939,1033,7,0.990884006023407
NeuMF,2002,2002-12-31,106939,145,8,0.9896836280822754
NeuMF,2002,2002-12-31,106939,47,9,0.9893128275871277
NeuMF,2002,2002-12-31,106939,1130,10,0.9892400503158569
NeuMF,2002,2002-12-31,107118,3948,1,0.9997588992118835
NeuMF,2002,2002-12-31,107118,3083,2,0.999675989151001
NeuMF,2002,2002-12-31,107118,3819,3,0.9990173578262329
NeuMF,2002,2002-12-31,107118,4529,4,0.9985047578811646
NeuMF,2002,2002-12-31,107118,3129,5,0.998271107673645
NeuMF,2002,2002-12-31,107118,1184,6,0.9976436495780945
NeuMF,2002,2002-12-31,107118,2686,7,0.996715784072876
NeuMF,2002,2002-12-31,107118,1264,8,0.9963338375091553
NeuMF,2002,2002-12-31,107118,2883,9,0.9955991506576538
NeuMF,2002,2002-12-31,107118,2912,10,0.995512068271637
NeuMF,2002,2002-12-31,107272,1061,1,0.9996776580810547
NeuMF,2002,2002-12-31,107272,3359,2,0.9943087697029114
NeuMF,2002,2002-12-31,107272,3020,3,0.9921491146087646
NeuMF,2002,2002-12-31,107272,1092,4,0.9920936226844788
NeuMF,2002,2002-12-31,107272,1089,5,0.9902905821800232
NeuMF,2002,2002-12-31,107272,3108,6,0.989468514919281
NeuMF,2002,2002-12-31,107272,481,7,0.9866587519645691
NeuMF,2002,2002-12-31,107272,1321,8,0.9843494296073914
NeuMF,2002,2002-12-31,107272,2706,9,0.9841221570968628
NeuMF,2002,2002-12-31,107272,1816,10,0.9825775027275085
NeuMF,2002,2002-12-31,107315,4349,1,0.9997979998588562
NeuMF,2002,2002-12-31,107315,3504,2,0.9997668862342834
NeuMF,2002,2002-12-31,107315,2012,3,0.998984158039093
NeuMF,2002,2002-12-31,107315,3030,4,0.9971336126327515
NeuMF,2002,2002-12-31,107315,4809,5,0.9962459206581116
NeuMF,2002,2002-12-31,107315,367,6,0.9962032437324524
NeuMF,2002,2002-12-31,107315,1331,7,0.9952847361564636
NeuMF,2002,2002-12-31,107315,551,8,0.9952343106269836
NeuMF,2002,2002-12-31,107315,1082,9,0.9949743747711182
NeuMF,2002,2002-12-31,107315,1580,10,0.9947915077209473
NeuMF,2002,2002-12-31,107479,3996,1,0.9993414282798767
NeuMF,2002,2002-12-31,107479,1673,2,0.9991594552993774
NeuMF,2002,2002-12-31,107479,4014,3,0.9988945126533508
NeuMF,2002,2002-12-31,107479,1641,4,0.9983567595481873
NeuMF,2002,2002-12-31,107479,3911,5,0.9983150959014893
NeuMF,2002,2002-12-31,107479,3481,6,0.9980915188789368
NeuMF,2002,2002-12-31,107479,3983,7,0.9978671073913574
NeuMF,2002,2002-12-31,107479,3967,8,0.9953901767730713
NeuMF,2002,2002-12-31,107479,1914,9,0.9936085939407349
NeuMF,2002,2002-12-31,107479,1704,10,0.9929302334785461
NeuMF,2002,2002-12-31,107495,2915,1,0.996378481388092
NeuMF,2002,2002-12-31,107495,2804,2,0.9939138293266296
NeuMF,2002,2002-12-31,107495,3387,3,0.9889971017837524
NeuMF,2002,2002-12-31,107495,1278,4,0.9887108206748962
NeuMF,2002,2002-12-31,107495,852,5,0.9868603348731995
NeuMF,2002,2002-12-31,107495,3082,6,0.9866764545440674
NeuMF,2002,2002-12-31,107495,3255,7,0.9865678548812866
NeuMF,2002,2002-12-31,107495,2947,8,0.9839940071105957
NeuMF,2002,2002-12-31,107495,1127,9,0.9838999509811401
NeuMF,2002,2002-12-31,107495,2431,10,0.9822173714637756
NeuMF,2002,2002-12-31,107524,3668,1,0.9978010058403015
NeuMF,2002,2002-12-31,107524,2607,2,0.9973934888839722
NeuMF,2002,2002-12-31,107524,4424,3,0.9964718818664551
NeuMF,2002,2002-12-31,107524,30,4,0.9948049187660217
NeuMF,2002,2002-12-31,107524,2071,5,0.9940884113311768
NeuMF,2002,2002-12-31,107524,3538,6,0.9938546419143677
NeuMF,2002,2002-12-31,107524,3614,7,0.9935824275016785
NeuMF,2002,2002-12-31,107524,2302,8,0.9904200434684753
NeuMF,2002,2002-12-31,107524,2077,9,0.9889739751815796
NeuMF,2002,2002-12-31,107524,4392,10,0.9889518618583679
NeuMF,2002,2002-12-31,107653,2329,1,0.99958735704422
NeuMF,2002,2002-12-31,107653,1704,2,0.9988865256309509
NeuMF,2002,2002-12-31,107653,778,3,0.9985983967781067
NeuMF,2002,2002-12-31,107653,1405,4,0.998223602771759
NeuMF,2002,2002-12-31,107653,1682,5,0.998170018196106
NeuMF,2002,2002-12-31,107653,1653,6,0.9978646636009216
NeuMF,2002,2002-12-31,107653,69,7,0.9976599216461182
NeuMF,2002,2002-12-31,107653,81,8,0.9975239634513855
NeuMF,2002,2002-12-31,107653,1673,9,0.9973612427711487
NeuMF,2002,2002-12-31,107653,1923,10,0.9972139000892639
NeuMF,2002,2002-12-31,108253,338,1,0.9997327923774719
NeuMF,2002,2002-12-31,108253,239,2,0.9997220635414124
NeuMF,2002,2002-12-31,108253,3551,3,0.9988166093826294
NeuMF,2002,2002-12-31,108253,861,4,0.9982985854148865
NeuMF,2002,2002-12-31,108253,2009,5,0.9982130527496338
NeuMF,2002,2002-12-31,108253,1460,6,0.9978899359703064
NeuMF,2002,2002-12-31,108253,1021,7,0.9976140260696411
NeuMF,2002,2002-12-31,108253,2311,8,0.9971539974212646
NeuMF,2002,2002-12-31,108253,4226,9,0.9968661665916443
NeuMF,2002,2002-12-31,108253,3725,10,0.9967020153999329
NeuMF,2002,2002-12-31,108633,2302,1,0.9993844032287598
NeuMF,2002,2002-12-31,108633,3451,2,0.9983204007148743
NeuMF,2002,2002-12-31,108633,1,3,0.9970741271972656
NeuMF,2002,2002-12-31,108633,3471,4,0.9963815212249756
NeuMF,2002,2002-12-31,108633,62,5,0.9958612322807312
NeuMF,2002,2002-12-31,108633,1270,6,0.9953542947769165
NeuMF,2002,2002-12-31,108633,2916,7,0.9939881563186646
NeuMF,2002,2002-12-31,108633,2012,8,0.9932344555854797
NeuMF,2002,2002-12-31,108633,3039,9,0.9922890067100525
NeuMF,2002,2002-12-31,108633,1584,10,0.9918083548545837
NeuMF,2002,2002-12-31,108910,4178,1,0.9999682903289795
NeuMF,2002,2002-12-31,108910,940,2,0.9991298317909241
NeuMF,2002,2002-12-31,108910,2202,3,0.9989832043647766
NeuMF,2002,2002-12-31,108910,920,4,0.9977704286575317
NeuMF,2002,2002-12-31,108910,1204,5,0.9974990487098694
NeuMF,2002,2002-12-31,108910,2728,6,0.9972061514854431
NeuMF,2002,2002-12-31,108910,3095,7,0.9971588850021362
NeuMF,2002,2002-12-31,108910,4338,8,0.9970226883888245
NeuMF,2002,2002-12-31,108910,2366,9,0.9969339370727539
NeuMF,2002,2002-12-31,108910,1099,10,0.9966760873794556
NeuMF,2002,2002-12-31,109215,3967,1,0.99930739402771
NeuMF,2002,2002-12-31,109215,3952,2,0.9979605674743652
NeuMF,2002,2002-12-31,109215,3238,3,0.9974512457847595
NeuMF,2002,2002-12-31,109215,3259,4,0.9968097805976868
NeuMF,2002,2002-12-31,109215,3269,5,0.9953517913818359
NeuMF,2002,2002-12-31,109215,3101,6,0.9949435591697693
NeuMF,2002,2002-12-31,109215,140,7,0.9938062429428101
NeuMF,2002,2002-12-31,109215,2802,8,0.9936898946762085
NeuMF,2002,2002-12-31,109215,2950,9,0.9935194849967957
NeuMF,2002,2002-12-31,109215,2137,10,0.992944061756134
NeuMF,2002,2002-12-31,110264,2791,1,0.9991310238838196
NeuMF,2002,2002-12-31,110264,2804,2,0.9991177916526794
NeuMF,2002,2002-12-31,110264,955,3,0.9986383318901062
NeuMF,2002,2002-12-31,110264,1247,4,0.9978030323982239
NeuMF,2002,2002-12-31,110264,912,5,0.9974526762962341
NeuMF,2002,2002-12-31,110264,1080,6,0.9973154664039612
NeuMF,2002,2002-12-31,110264,1203,7,0.9962303042411804
NeuMF,2002,2002-12-31,110264,3095,8,0.996052086353302
NeuMF,2002,2002-12-31,110264,1196,9,0.9934197068214417
NeuMF,2002,2002-12-31,110264,924,10,0.9931990504264832
NeuMF,2002,2002-12-31,110316,1230,1,0.9992194175720215
NeuMF,2002,2002-12-31,110316,4024,2,0.9980408549308777
NeuMF,2002,2002-12-31,110316,671,3,0.9976601600646973
NeuMF,2002,2002-12-31,110316,1554,4,0.9973063468933105
NeuMF,2002,2002-12-31,110316,2351,5,0.9972690939903259
NeuMF,2002,2002-12-31,110316,3030,6,0.996276319026947
NeuMF,2002,2002-12-31,110316,1639,7,0.9958957433700562
NeuMF,2002,2002-12-31,110316,1277,8,0.9926572442054749
NeuMF,2002,2002-12-31,110316,3221,9,0.9925425052642822
NeuMF,2002,2002-12-31,110316,68,10,0.9893465638160706
NeuMF,2002,2002-12-31,110370,3983,1,0.9993768334388733
NeuMF,2002,2002-12-31,110370,3831,2,0.9990843534469604
NeuMF,2002,2002-12-31,110370,3863,3,0.9972844123840332
NeuMF,2002,2002-12-31,110370,1587,4,0.9967049956321716
NeuMF,2002,2002-12-31,110370,3067,5,0.9961950778961182
NeuMF,2002,2002-12-31,110370,3969,6,0.9957965612411499
NeuMF,2002,2002-12-31,110370,431,7,0.993532657623291
NeuMF,2002,2002-12-31,110370,4062,8,0.9924829602241516
NeuMF,2002,2002-12-31,110370,3706,9,0.9924686551094055
NeuMF,2002,2002-12-31,110370,3698,10,0.9902262687683105
NeuMF,2002,2002-12-31,111560,3481,1,0.9991507530212402
NeuMF,2002,2002-12-31,111560,3996,2,0.9989345669746399
NeuMF,2002,2002-12-31,111560,3793,3,0.9980340600013733
NeuMF,2002,2002-12-31,111560,3578,4,0.9972066283226013
NeuMF,2002,2002-12-31,111560,1732,5,0.9970447421073914
NeuMF,2002,2002-12-31,111560,2396,6,0.9967592358589172
NeuMF,2002,2002-12-31,111560,2716,7,0.9964890480041504
NeuMF,2002,2002-12-31,111560,1220,8,0.9963472485542297
NeuMF,2002,2002-12-31,111560,3255,9,0.9959418177604675
NeuMF,2002,2002-12-31,111560,4085,10,0.9956961870193481
NeuMF,2002,2002-12-31,112246,3418,1,0.9964351654052734
NeuMF,2002,2002-12-31,112246,3363,2,0.9954367280006409
NeuMF,2002,2002-12-31,112246,3551,3,0.9952520132064819
NeuMF,2002,2002-12-31,112246,4406,4,0.9929248094558716
NeuMF,2002,2002-12-31,112246,3178,5,0.9919336438179016
NeuMF,2002,2002-12-31,112246,4086,6,0.9919094443321228
NeuMF,2002,2002-12-31,112246,908,7,0.9917839765548706
NeuMF,2002,2002-12-31,112246,474,8,0.9917381405830383
NeuMF,2002,2002-12-31,112246,4361,9,0.9914485812187195
NeuMF,2002,2002-12-31,112246,3475,10,0.9912090301513672
NeuMF,2002,2002-12-31,113000,4238,1,0.9997956156730652
NeuMF,2002,2002-12-31,113000,3355,2,0.997948944568634
NeuMF,2002,2002-12-31,113000,4720,3,0.9975382089614868
NeuMF,2002,2002-12-31,113000,4344,4,0.9969320297241211
NeuMF,2002,2002-12-31,113000,1061,5,0.996921956539154
NeuMF,2002,2002-12-31,113000,1704,6,0.9966467022895813
NeuMF,2002,2002-12-31,113000,1620,7,0.9965542554855347
NeuMF,2002,2002-12-31,113000,3827,8,0.9949632883071899
NeuMF,2002,2002-12-31,113000,2561,9,0.9944872260093689
NeuMF,2002,2002-12-31,113000,3527,10,0.9939320683479309
NeuMF,2002,2002-12-31,113093,1293,1,0.9993832111358643
NeuMF,2002,2002-12-31,113093,3408,2,0.9993712306022644
NeuMF,2002,2002-12-31,113093,4306,3,0.9983105659484863
NeuMF,2002,2002-12-31,113093,1959,4,0.9979767203330994
NeuMF,2002,2002-12-31,113093,2336,5,0.997846245765686
NeuMF,2002,2002-12-31,113093,2324,6,0.9974873065948486
NeuMF,2002,2002-12-31,113093,1221,7,0.997285008430481
NeuMF,2002,2002-12-31,113093,2396,8,0.9970851540565491
NeuMF,2002,2002-12-31,113093,3005,9,0.9967212080955505
NeuMF,2002,2002-12-31,113093,3471,10,0.9965217113494873
NeuMF,2002,2002-12-31,113348,1238,1,0.9981772899627686
NeuMF,2002,2002-12-31,113348,3836,2,0.9975488781929016
NeuMF,2002,2002-12-31,113348,1080,3,0.996970534324646
NeuMF,2002,2002-12-31,113348,1395,4,0.9969256520271301
NeuMF,2002,2002-12-31,113348,1136,5,0.9965105652809143
NeuMF,2002,2002-12-31,113348,1036,6,0.9962359070777893
NeuMF,2002,2002-12-31,113348,920,7,0.9957538843154907
NeuMF,2002,2002-12-31,113348,5060,8,0.995663583278656
NeuMF,2002,2002-12-31,113348,2463,9,0.995536208152771
NeuMF,2002,2002-12-31,113348,1079,10,0.9952958226203918
NeuMF,2002,2002-12-31,113387,1073,1,0.9974523186683655
NeuMF,2002,2002-12-31,113387,1626,2,0.9972189664840698
NeuMF,2002,2002-12-31,113387,788,3,0.9963681697845459
NeuMF,2002,2002-12-31,113387,24,4,0.9962026476860046
NeuMF,2002,2002-12-31,113387,858,5,0.9953123331069946
NeuMF,2002,2002-12-31,113387,736,6,0.9952373504638672
NeuMF,2002,2002-12-31,113387,786,7,0.9945120811462402
NeuMF,2002,2002-12-31,113387,2013,8,0.9939123392105103
NeuMF,2002,2002-12-31,113387,912,9,0.991908609867096
NeuMF,2002,2002-12-31,113387,1833,10,0.9903432130813599
NeuMF,2002,2002-12-31,113510,1858,1,0.9997977614402771
NeuMF,2002,2002-12-31,113510,1911,2,0.9997467398643494
NeuMF,2002,2002-12-31,113510,3740,3,0.9996433258056641
NeuMF,2002,2002-12-31,113510,2273,4,0.99957674741745
NeuMF,2002,2002-12-31,113510,3254,5,0.9993399977684021
NeuMF,2002,2002-12-31,113510,112,6,0.9991835951805115
NeuMF,2002,2002-12-31,113510,2763,7,0.998805046081543
NeuMF,2002,2002-12-31,113510,2012,8,0.9985526204109192
NeuMF,2002,2002-12-31,113510,1923,9,0.9985126852989197
NeuMF,2002,2002-12-31,113510,2701,10,0.9983757734298706
NeuMF,2002,2002-12-31,113823,1127,1,0.999714195728302
NeuMF,2002,2002-12-31,113823,2527,2,0.9989112615585327
NeuMF,2002,2002-12-31,113823,2011,3,0.9981631636619568
NeuMF,2002,2002-12-31,113823,1200,4,0.9980949759483337
NeuMF,2002,2002-12-31,113823,3070,5,0.9977419376373291
NeuMF,2002,2002-12-31,113823,2701,6,0.9974203109741211
NeuMF,2002,2002-12-31,113823,4396,7,0.9974192380905151
NeuMF,2002,2002-12-31,113823,3755,8,0.997409999370575
NeuMF,2002,2002-12-31,113823,2013,9,0.9964509010314941
NeuMF,2002,2002-12-31,113823,1129,10,0.996431827545166
NeuMF,2002,2002-12-31,113871,784,1,0.9989761114120483
NeuMF,2002,2002-12-31,113871,1447,2,0.998360812664032
NeuMF,2002,2002-12-31,113871,3744,3,0.9975082874298096
NeuMF,2002,2002-12-31,113871,370,4,0.9972633123397827
NeuMF,2002,2002-12-31,113871,1552,5,0.9967706203460693
NeuMF,2002,2002-12-31,113871,1391,6,0.9964078068733215
NeuMF,2002,2002-12-31,113871,2712,7,0.9912817478179932
NeuMF,2002,2002-12-31,113871,3896,8,0.9912734627723694
NeuMF,2002,2002-12-31,113871,3578,9,0.9908490180969238
NeuMF,2002,2002-12-31,113871,1722,10,0.9901729822158813
NeuMF,2002,2002-12-31,113986,3996,1,0.9997649788856506
NeuMF,2002,2002-12-31,113986,1260,2,0.9994682669639587
NeuMF,2002,2002-12-31,113986,3578,3,0.9992272853851318
NeuMF,2002,2002-12-31,113986,2600,4,0.9987730383872986
NeuMF,2002,2002-12-31,113986,2010,5,0.9985930323600769
NeuMF,2002,2002-12-31,113986,4027,6,0.9980522394180298
NeuMF,2002,2002-12-31,113986,1206,7,0.9978299736976624
NeuMF,2002,2002-12-31,113986,2712,8,0.9975675344467163
NeuMF,2002,2002-12-31,113986,750,9,0.9975149631500244
NeuMF,2002,2002-12-31,113986,4011,10,0.9974393844604492
NeuMF,2002,2002-12-31,114085,3061,1,0.9997054934501648
NeuMF,2002,2002-12-31,114085,2941,2,0.9995967745780945
NeuMF,2002,2002-12-31,114085,3512,3,0.9995500445365906
NeuMF,2002,2002-12-31,114085,3074,4,0.999117910861969
NeuMF,2002,2002-12-31,114085,3384,5,0.9988792538642883
NeuMF,2002,2002-12-31,114085,3753,6,0.9983572363853455
NeuMF,2002,2002-12-31,114085,912,7,0.997766375541687
NeuMF,2002,2002-12-31,114085,3093,8,0.9974161386489868
NeuMF,2002,2002-12-31,114085,3022,9,0.9971165657043457
NeuMF,2002,2002-12-31,114085,914,10,0.9968758821487427
NeuMF,2002,2002-12-31,114287,1340,1,0.9999399185180664
NeuMF,2002,2002-12-31,114287,2841,2,0.9997588992118835
NeuMF,2002,2002-12-31,114287,2840,3,0.9997060894966125
NeuMF,2002,2002-12-31,114287,678,4,0.9992935657501221
NeuMF,2002,2002-12-31,114287,2648,5,0.998866081237793
NeuMF,2002,2002-12-31,114287,2654,6,0.9987008571624756
NeuMF,2002,2002-12-31,114287,1483,7,0.9976645708084106
NeuMF,2002,2002-12-31,114287,3005,8,0.9976342916488647
NeuMF,2002,2002-12-31,114287,1097,9,0.9968119263648987
NeuMF,2002,2002-12-31,114287,4427,10,0.9961646795272827
NeuMF,2002,2002-12-31,114344,4388,1,0.9998217225074768
NeuMF,2002,2002-12-31,114344,3821,2,0.9996923208236694
NeuMF,2002,2002-12-31,114344,3948,3,0.9985338449478149
NeuMF,2002,2002-12-31,114344,3861,4,0.9980016350746155
NeuMF,2002,2002-12-31,114344,788,5,0.9970324039459229
NeuMF,2002,2002-12-31,114344,708,6,0.9969610571861267
NeuMF,2002,2002-12-31,114344,1457,7,0.9967459440231323
NeuMF,2002,2002-12-31,114344,4386,8,0.9966956377029419
NeuMF,2002,2002-12-31,114344,4232,9,0.9962640404701233
NeuMF,2002,2002-12-31,114344,4054,10,0.9961589574813843
NeuMF,2002,2002-12-31,114607,3671,1,0.9989835619926453
NeuMF,2002,2002-12-31,114607,1219,2,0.9989628791809082
NeuMF,2002,2002-12-31,114607,1333,3,0.9967809915542603
NeuMF,2002,2002-12-31,114607,1258,4,0.9963030815124512
NeuMF,2002,2002-12-31,114607,1304,5,0.9942436814308167
NeuMF,2002,2002-12-31,114607,1997,6,0.9935929179191589
NeuMF,2002,2002-12-31,114607,1201,7,0.9915123581886292
NeuMF,2002,2002-12-31,114607,1953,8,0.9914835095405579
NeuMF,2002,2002-12-31,114607,1250,9,0.9906168580055237
NeuMF,2002,2002-12-31,114607,912,10,0.9891274571418762
NeuMF,2002,2002-12-31,114919,1148,1,0.9984400868415833
NeuMF,2002,2002-12-31,114919,6,2,0.9984012246131897
NeuMF,2002,2002-12-31,114919,1762,3,0.9972854852676392
NeuMF,2002,2002-12-31,114919,1645,4,0.9965100884437561
NeuMF,2002,2002-12-31,114919,2762,5,0.9963507652282715
NeuMF,2002,2002-12-31,114919,1784,6,0.9961249232292175
NeuMF,2002,2002-12-31,114919,2004,7,0.9948444366455078
NeuMF,2002,2002-12-31,114919,293,8,0.9944663643836975
NeuMF,2002,2002-12-31,114919,4344,9,0.994408130645752
NeuMF,2002,2002-12-31,114919,553,10,0.9937983155250549
NeuMF,2002,2002-12-31,114932,3108,1,0.9987508058547974
NeuMF,2002,2002-12-31,114932,3418,2,0.997945249080658
NeuMF,2002,2002-12-31,114932,1287,3,0.995215654373169
NeuMF,2002,2002-12-31,114932,2890,4,0.9943166375160217
NeuMF,2002,2002-12-31,114932,1834,5,0.9938504695892334
NeuMF,2002,2002-12-31,114932,4027,6,0.9935948252677917
NeuMF,2002,2002-12-31,114932,101,7,0.9929777979850769
NeuMF,2002,2002-12-31,114932,3006,8,0.9928398132324219
NeuMF,2002,2002-12-31,114932,4467,9,0.9907106757164001
NeuMF,2002,2002-12-31,114932,2108,10,0.9898641705513
NeuMF,2002,2002-12-31,114957,2078,1,0.9983269572257996
NeuMF,2002,2002-12-31,114957,2947,2,0.9975060820579529
NeuMF,2002,2002-12-31,114957,2529,3,0.9974616765975952
NeuMF,2002,2002-12-31,114957,4448,4,0.9970778226852417
NeuMF,2002,2002-12-31,114957,589,5,0.9966576099395752
NeuMF,2002,2002-12-31,114957,2890,6,0.9966042041778564
NeuMF,2002,2002-12-31,114957,1961,7,0.99647456407547
NeuMF,2002,2002-12-31,114957,4679,8,0.9952574372291565
NeuMF,2002,2002-12-31,114957,1198,9,0.9950507283210754
NeuMF,2002,2002-12-31,114957,2797,10,0.9949352145195007
NeuMF,2002,2002-12-31,115222,3178,1,0.9993508458137512
NeuMF,2002,2002-12-31,115222,1198,2,0.9989344477653503
NeuMF,2002,2002-12-31,115222,1240,3,0.9979054927825928
NeuMF,2002,2002-12-31,115222,2082,4,0.9978238344192505
NeuMF,2002,2002-12-31,115222,4022,5,0.9978038668632507
NeuMF,2002,2002-12-31,115222,1036,6,0.9975215792655945
NeuMF,2002,2002-12-31,115222,1923,7,0.9972345232963562
NeuMF,2002,2002-12-31,115222,1307,8,0.9964960217475891
NeuMF,2002,2002-12-31,115222,2795,9,0.996151864528656
NeuMF,2002,2002-12-31,115222,4321,10,0.9960843324661255
NeuMF,2002,2002-12-31,115787,836,1,0.9979225993156433
NeuMF,2002,2002-12-31,115787,879,2,0.9974943399429321
NeuMF,2002,2002-12-31,115787,282,3,0.9972169399261475
NeuMF,2002,2002-12-31,115787,1527,4,0.9966809153556824
NeuMF,2002,2002-12-31,115787,1409,5,0.9966320395469666
NeuMF,2002,2002-12-31,115787,427,6,0.996281087398529
NeuMF,2002,2002-12-31,115787,597,7,0.9962487816810608
NeuMF,2002,2002-12-31,115787,2297,8,0.9962310194969177
NeuMF,2002,2002-12-31,115787,266,9,0.9961749315261841
NeuMF,2002,2002-12-31,115787,2268,10,0.9950011372566223
NeuMF,2002,2002-12-31,115982,1375,1,0.9967783093452454
NeuMF,2002,2002-12-31,115982,1033,2,0.9961890578269958
NeuMF,2002,2002-12-31,115982,2011,3,0.9960975646972656
NeuMF,2002,2002-12-31,115982,1042,4,0.9954627156257629
NeuMF,2002,2002-12-31,115982,1015,5,0.9942514896392822
NeuMF,2002,2002-12-31,115982,1023,6,0.9939817786216736
NeuMF,2002,2002-12-31,115982,2018,7,0.9935504198074341
NeuMF,2002,2002-12-31,115982,3421,8,0.9928540587425232
NeuMF,2002,2002-12-31,115982,2042,9,0.9928156137466431
NeuMF,2002,2002-12-31,115982,783,10,0.992656409740448
NeuMF,2002,2002-12-31,116435,1247,1,0.9974526762962341
NeuMF,2002,2002-12-31,116435,1193,2,0.9949401617050171
NeuMF,2002,2002-12-31,116435,1234,3,0.9948362112045288
NeuMF,2002,2002-12-31,116435,913,4,0.9938328266143799
NeuMF,2002,2002-12-31,116435,1221,5,0.9936614036560059
NeuMF,2002,2002-12-31,116435,912,6,0.9931076169013977
NeuMF,2002,2002-12-31,116435,858,7,0.992673933506012
NeuMF,2002,2002-12-31,116435,919,8,0.990432858467102
NeuMF,2002,2002-12-31,116435,898,9,0.9897963404655457
NeuMF,2002,2002-12-31,116435,17,10,0.9894953370094299
NeuMF,2002,2002-12-31,116790,3996,1,0.9962235689163208
NeuMF,2002,2002-12-31,116790,4033,2,0.992925763130188
NeuMF,2002,2002-12-31,116790,923,3,0.9926460981369019
NeuMF,2002,2002-12-31,116790,1293,4,0.9885941743850708
NeuMF,2002,2002-12-31,116790,1608,5,0.9885774850845337
NeuMF,2002,2002-12-31,116790,1199,6,0.9880388379096985
NeuMF,2002,2002-12-31,116790,4034,7,0.987957775592804
NeuMF,2002,2002-12-31,116790,3717,8,0.9869239926338196
NeuMF,2002,2002-12-31,116790,24,9,0.9859703183174133
NeuMF,2002,2002-12-31,116790,3147,10,0.9842676520347595
NeuMF,2002,2002-12-31,116902,3481,1,0.9993983507156372
NeuMF,2002,2002-12-31,116902,2683,2,0.9992451667785645
NeuMF,2002,2002-12-31,116902,2791,3,0.9992319345474243
NeuMF,2002,2002-12-31,116902,2706,4,0.9991359114646912
NeuMF,2002,2002-12-31,116902,3552,5,0.9990045428276062
NeuMF,2002,2002-12-31,116902,3996,6,0.9989367127418518
NeuMF,2002,2002-12-31,116902,3253,7,0.9988051652908325
NeuMF,2002,2002-12-31,116902,2318,8,0.9984754920005798
NeuMF,2002,2002-12-31,116902,2712,9,0.9984537363052368
NeuMF,2002,2002-12-31,116902,2772,10,0.9984493255615234
NeuMF,2002,2002-12-31,116943,4396,1,0.9997770190238953
NeuMF,2002,2002-12-31,116943,4239,2,0.9997703433036804
NeuMF,2002,2002-12-31,116943,4310,3,0.9995039701461792
NeuMF,2002,2002-12-31,116943,3949,4,0.9992316961288452
NeuMF,2002,2002-12-31,116943,4265,5,0.999129593372345
NeuMF,2002,2002-12-31,116943,4023,6,0.9990026354789734
NeuMF,2002,2002-12-31,116943,3286,7,0.9985544085502625
NeuMF,2002,2002-12-31,116943,3980,8,0.9985345602035522
NeuMF,2002,2002-12-31,116943,4033,9,0.9982925057411194
NeuMF,2002,2002-12-31,116943,3617,10,0.9980277419090271
NeuMF,2002,2002-12-31,116949,2858,1,0.9996939897537231
NeuMF,2002,2002-12-31,116949,2396,2,0.9996507167816162
NeuMF,2002,2002-12-31,116949,2571,3,0.9994144439697266
NeuMF,2002,2002-12-31,116949,1617,4,0.9989509582519531
NeuMF,2002,2002-12-31,116949,2997,5,0.9987976551055908
NeuMF,2002,2002-12-31,116949,1288,6,0.9987553358078003
NeuMF,2002,2002-12-31,116949,2028,7,0.9984281063079834
NeuMF,2002,2002-12-31,116949,2762,8,0.9977487921714783
NeuMF,2002,2002-12-31,116949,2395,9,0.9972748160362244
NeuMF,2002,2002-12-31,116949,2683,10,0.9970594048500061
NeuMF,2002,2002-12-31,117050,218,1,0.998450517654419
NeuMF,2002,2002-12-31,117050,234,2,0.9981478452682495
NeuMF,2002,2002-12-31,117050,2022,3,0.9969809651374817
NeuMF,2002,2002-12-31,117050,4214,4,0.9968900084495544
NeuMF,2002,2002-12-31,117050,1479,5,0.9967755675315857
NeuMF,2002,2002-12-31,117050,4039,6,0.9965901374816895
NeuMF,2002,2002-12-31,117050,1173,7,0.996383547782898
NeuMF,2002,2002-12-31,117050,2950,8,0.9960801005363464
NeuMF,2002,2002-12-31,117050,650,9,0.9960320591926575
NeuMF,2002,2002-12-31,117050,4161,10,0.9959173798561096
NeuMF,2002,2002-12-31,117260,2750,1,0.9988622665405273
NeuMF,2002,2002-12-31,117260,492,2,0.9987642765045166
NeuMF,2002,2002-12-31,117260,910,3,0.9979554414749146
NeuMF,2002,2002-12-31,117260,2973,4,0.9970135688781738
NeuMF,2002,2002-12-31,117260,955,5,0.9969614148139954
NeuMF,2002,2002-12-31,117260,2616,6,0.9966756105422974
NeuMF,2002,2002-12-31,117260,4036,7,0.996579110622406
NeuMF,2002,2002-12-31,117260,272,8,0.996065080165863
NeuMF,2002,2002-12-31,117260,1188,9,0.9950526356697083
NeuMF,2002,2002-12-31,117260,3852,10,0.992833137512207
NeuMF,2002,2002-12-31,117444,1895,1,0.9955442547798157
NeuMF,2002,2002-12-31,117444,3006,2,0.9950780868530273
NeuMF,2002,2002-12-31,117444,1459,3,0.9940885305404663
NeuMF,2002,2002-12-31,117444,423,4,0.993240475654602
NeuMF,2002,2002-12-31,117444,1429,5,0.9926369190216064
NeuMF,2002,2002-12-31,117444,3844,6,0.9913014769554138
NeuMF,2002,2002-12-31,117444,7,7,0.9904995560646057
NeuMF,2002,2002-12-31,117444,3249,8,0.988437831401825
NeuMF,2002,2002-12-31,117444,603,9,0.9884278178215027
NeuMF,2002,2002-12-31,117444,236,10,0.9879714846611023
NeuMF,2002,2002-12-31,117457,3033,1,0.9996427297592163
NeuMF,2002,2002-12-31,117457,674,2,0.9991706609725952
NeuMF,2002,2002-12-31,117457,3175,3,0.9991481304168701
NeuMF,2002,2002-12-31,117457,1214,4,0.9987395405769348
NeuMF,2002,2002-12-31,117457,3421,5,0.9985590577125549
NeuMF,2002,2002-12-31,117457,3638,6,0.9984102249145508
NeuMF,2002,2002-12-31,117457,3614,7,0.9978681802749634
NeuMF,2002,2002-12-31,117457,3253,8,0.9973115921020508
NeuMF,2002,2002-12-31,117457,3032,9,0.9971768856048584
NeuMF,2002,2002-12-31,117457,1097,10,0.9966673254966736
NeuMF,2002,2002-12-31,117700,1201,1,0.9991942048072815
NeuMF,2002,2002-12-31,117700,1287,2,0.9989303946495056
NeuMF,2002,2002-12-31,117700,2951,3,0.9982959628105164
NeuMF,2002,2002-12-31,117700,858,4,0.9976733326911926
NeuMF,2002,2002-12-31,117700,2019,5,0.9973063468933105
NeuMF,2002,2002-12-31,117700,969,6,0.9971707463264465
NeuMF,2002,2002-12-31,117700,2947,7,0.9970220923423767
NeuMF,2002,2002-12-31,117700,1250,8,0.9967727065086365
NeuMF,2002,2002-12-31,117700,940,9,0.9967254400253296
NeuMF,2002,2002-12-31,117700,260,10,0.9957427382469177
NeuMF,2002,2002-12-31,117866,3408,1,0.9998021721839905
NeuMF,2002,2002-12-31,117866,1020,2,0.9991377592086792
NeuMF,2002,2002-12-31,117866,1641,3,0.9977019429206848
NeuMF,2002,2002-12-31,117866,308,4,0.9968929290771484
NeuMF,2002,2002-12-31,117866,1784,5,0.9965935349464417
NeuMF,2002,2002-12-31,117866,3260,6,0.9960839748382568
NeuMF,2002,2002-12-31,117866,899,7,0.9955008625984192
NeuMF,2002,2002-12-31,117866,2774,8,0.9952103495597839
NeuMF,2002,2002-12-31,117866,3082,9,0.9949923157691956
NeuMF,2002,2002-12-31,117866,307,10,0.9949893355369568
NeuMF,2002,2002-12-31,118005,1192,1,0.9985777139663696
NeuMF,2002,2002-12-31,118005,1225,2,0.998046875
NeuMF,2002,2002-12-31,118005,1080,3,0.9980112314224243
NeuMF,2002,2002-12-31,118005,1094,4,0.9978185892105103
NeuMF,2002,2002-12-31,118005,1193,5,0.997686505317688
NeuMF,2002,2002-12-31,118005,866,6,0.9975746273994446
NeuMF,2002,2002-12-31,118005,2150,7,0.9974319338798523
NeuMF,2002,2002-12-31,118005,720,8,0.9971645474433899
NeuMF,2002,2002-12-31,118005,2301,9,0.9964787364006042
NeuMF,2002,2002-12-31,118005,296,10,0.9963149428367615
NeuMF,2002,2002-12-31,118360,1617,1,0.9995105266571045
NeuMF,2002,2002-12-31,118360,2858,2,0.9988596439361572
NeuMF,2002,2002-12-31,118360,608,3,0.9988459348678589
NeuMF,2002,2002-12-31,118360,2571,4,0.9988138675689697
NeuMF,2002,2002-12-31,118360,2628,5,0.9978066086769104
NeuMF,2002,2002-12-31,118360,1907,6,0.9967058300971985
NeuMF,2002,2002-12-31,118360,745,7,0.9959511756896973
NeuMF,2002,2002-12-31,118360,50,8,0.9956218600273132
NeuMF,2002,2002-12-31,118360,2692,9,0.9955873489379883
NeuMF,2002,2002-12-31,118360,589,10,0.9935805797576904
NeuMF,2002,2002-12-31,118639,2539,1,0.9998301267623901
NeuMF,2002,2002-12-31,118639,3751,2,0.9985542893409729
NeuMF,2002,2002-12-31,118639,3983,3,0.9978070855140686
NeuMF,2002,2002-12-31,118639,1513,4,0.9970852732658386
NeuMF,2002,2002-12-31,118639,4014,5,0.9967398047447205
NeuMF,2002,2002-12-31,118639,2433,6,0.9963688850402832
NeuMF,2002,2002-12-31,118639,3755,7,0.9962080717086792
NeuMF,2002,2002-12-31,118639,3037,8,0.9961251616477966
NeuMF,2002,2002-12-31,118639,3753,9,0.9960034489631653
NeuMF,2002,2002-12-31,118639,3174,10,0.9959447979927063
NeuMF,2002,2002-12-31,118694,4280,1,0.9998992681503296
NeuMF,2002,2002-12-31,118694,1396,2,0.9994889497756958
NeuMF,2002,2002-12-31,118694,1132,3,0.9983270764350891
NeuMF,2002,2002-12-31,118694,3819,4,0.9980577826499939
NeuMF,2002,2002-12-31,118694,2011,5,0.9974853992462158
NeuMF,2002,2002-12-31,118694,1956,6,0.9970134496688843
NeuMF,2002,2002-12-31,118694,2117,7,0.9965200424194336
NeuMF,2002,2002-12-31,118694,2348,8,0.9964608550071716
NeuMF,2002,2002-12-31,118694,172,9,0.9962913990020752
NeuMF,2002,2002-12-31,118694,4174,10,0.9961405396461487
NeuMF,2002,2002-12-31,118708,2436,1,0.9985522627830505
NeuMF,2002,2002-12-31,118708,1097,2,0.9976046085357666
NeuMF,2002,2002-12-31,118708,480,3,0.9969658255577087
NeuMF,2002,2002-12-31,118708,2174,4,0.9957160353660583
NeuMF,2002,2002-12-31,118708,2746,5,0.9947025179862976
NeuMF,2002,2002-12-31,118708,595,6,0.9941508173942566
NeuMF,2002,2002-12-31,118708,1500,7,0.9940325617790222
NeuMF,2002,2002-12-31,118708,2,8,0.9936572909355164
NeuMF,2002,2002-12-31,118708,1777,9,0.9932175278663635
NeuMF,2002,2002-12-31,118708,1220,10,0.993064820766449
NeuMF,2002,2002-12-31,118812,4103,1,0.9994774460792542
NeuMF,2002,2002-12-31,118812,3760,2,0.9994601607322693
NeuMF,2002,2002-12-31,118812,3396,3,0.998282790184021
NeuMF,2002,2002-12-31,118812,3265,4,0.9977896213531494
NeuMF,2002,2002-12-31,118812,2993,5,0.9923112392425537
NeuMF,2002,2002-12-31,118812,2527,6,0.991955578327179
NeuMF,2002,2002-12-31,118812,1193,7,0.9916427135467529
NeuMF,2002,2002-12-31,118812,3556,8,0.9885928630828857
NeuMF,2002,2002-12-31,118812,3266,9,0.9877782464027405
NeuMF,2002,2002-12-31,118812,1194,10,0.9863134622573853
NeuMF,2002,2002-12-31,118911,2273,1,0.9994794726371765
NeuMF,2002,2002-12-31,118911,1101,2,0.9989199638366699
NeuMF,2002,2002-12-31,118911,653,3,0.9988075494766235
NeuMF,2002,2002-12-31,118911,786,4,0.9975888729095459
NeuMF,2002,2002-12-31,118911,1876,5,0.9908339381217957
NeuMF,2002,2002-12-31,118911,2990,6,0.9908028841018677
NeuMF,2002,2002-12-31,118911,4321,7,0.9883715510368347
NeuMF,2002,2002-12-31,118911,783,8,0.9867346286773682
NeuMF,2002,2002-12-31,118911,86,9,0.9846401214599609
NeuMF,2002,2002-12-31,118911,2405,10,0.9819827079772949
NeuMF,2002,2002-12-31,119178,2616,1,0.9962037205696106
NeuMF,2002,2002-12-31,119178,3108,2,0.9949333071708679
NeuMF,2002,2002-12-31,119178,540,3,0.9942750334739685
NeuMF,2002,2002-12-31,119178,333,4,0.9939895868301392
NeuMF,2002,2002-12-31,119178,1645,5,0.9935755133628845
NeuMF,2002,2002-12-31,119178,1783,6,0.9930779337882996
NeuMF,2002,2002-12-31,119178,1100,7,0.9927861094474792
NeuMF,2002,2002-12-31,119178,1059,8,0.9922628402709961
NeuMF,2002,2002-12-31,119178,1912,9,0.992081880569458
NeuMF,2002,2002-12-31,119178,3052,10,0.9917016625404358
NeuMF,2002,2002-12-31,119308,2905,1,0.9981715679168701
NeuMF,2002,2002-12-31,119308,1274,2,0.9968792200088501
NeuMF,2002,2002-12-31,119308,750,3,0.9960799813270569
NeuMF,2002,2002-12-31,119308,659,4,0.9951838850975037
NeuMF,2002,2002-12-31,119308,1199,5,0.9943608641624451
NeuMF,2002,2002-12-31,119308,2730,6,0.9925411939620972
NeuMF,2002,2002-12-31,119308,1625,7,0.9907265901565552
NeuMF,2002,2002-12-31,119308,1617,8,0.9905840158462524
NeuMF,2002,2002-12-31,119308,778,9,0.9899152517318726
NeuMF,2002,2002-12-31,119308,29,10,0.9864934086799622
NeuMF,2002,2002-12-31,119465,441,1,0.9974043965339661
NeuMF,2002,2002-12-31,119465,1584,2,0.996921956539154
NeuMF,2002,2002-12-31,119465,1500,3,0.9965490102767944
NeuMF,2002,2002-12-31,119465,1215,4,0.9958598017692566
NeuMF,2002,2002-12-31,119465,2294,5,0.9955854415893555
NeuMF,2002,2002-12-31,119465,1291,6,0.9951043128967285
NeuMF,2002,2002-12-31,119465,1957,7,0.9934805631637573
NeuMF,2002,2002-12-31,119465,1805,8,0.9926697015762329
NeuMF,2002,2002-12-31,119465,1027,9,0.9919264316558838
NeuMF,2002,2002-12-31,119465,1240,10,0.9918256998062134
NeuMF,2002,2002-12-31,119672,608,1,0.9975099563598633
NeuMF,2002,2002-12-31,119672,162,2,0.9973496198654175
NeuMF,2002,2002-12-31,119672,899,3,0.9952303171157837
NeuMF,2002,2002-12-31,119672,1230,4,0.9920803904533386
NeuMF,2002,2002-12-31,119672,41,5,0.9919626116752625
NeuMF,2002,2002-12-31,119672,1264,6,0.9915281534194946
NeuMF,2002,2002-12-31,119672,924,7,0.9890998005867004
NeuMF,2002,2002-12-31,119672,1148,8,0.986801266670227
NeuMF,2002,2002-12-31,119672,1219,9,0.9866417646408081
NeuMF,2002,2002-12-31,119672,549,10,0.985779881477356
NeuMF,2002,2002-12-31,119795,581,1,0.9993765950202942
NeuMF,2002,2002-12-31,119795,477,2,0.9974287152290344
NeuMF,2002,2002-12-31,119795,1085,3,0.9962653517723083
NeuMF,2002,2002-12-31,119795,1914,4,0.9898378849029541
NeuMF,2002,2002-12-31,119795,1670,5,0.9896193146705627
NeuMF,2002,2002-12-31,119795,555,6,0.9892428517341614
NeuMF,2002,2002-12-31,119795,538,7,0.9881224036216736
NeuMF,2002,2002-12-31,119795,3174,8,0.9871684312820435
NeuMF,2002,2002-12-31,119795,2130,9,0.9870413541793823
NeuMF,2002,2002-12-31,119795,3755,10,0.9869207143783569
NeuMF,2002,2002-12-31,120017,1956,1,0.9992414712905884
NeuMF,2002,2002-12-31,120017,1635,2,0.9990113973617554
NeuMF,2002,2002-12-31,120017,562,3,0.9989675283432007
NeuMF,2002,2002-12-31,120017,3983,4,0.9989540576934814
NeuMF,2002,2002-12-31,120017,1594,5,0.9981871247291565
NeuMF,2002,2002-12-31,120017,1633,6,0.9979605674743652
NeuMF,2002,2002-12-31,120017,1185,7,0.9972637891769409
NeuMF,2002,2002-12-31,120017,334,8,0.9958047270774841
NeuMF,2002,2002-12-31,120017,1962,9,0.9940224289894104
NeuMF,2002,2002-12-31,120017,2973,10,0.9932345747947693
NeuMF,2002,2002-12-31,120146,1379,1,0.9998644590377808
NeuMF,2002,2002-12-31,120146,1753,2,0.9998362064361572
NeuMF,2002,2002-12-31,120146,3213,3,0.9996126294136047
NeuMF,2002,2002-12-31,120146,2448,4,0.9995563626289368
NeuMF,2002,2002-12-31,120146,3156,5,0.9975548386573792
NeuMF,2002,2002-12-31,120146,1923,6,0.9955262541770935
NeuMF,2002,2002-12-31,120146,4006,7,0.9940900206565857
NeuMF,2002,2002-12-31,120146,1396,8,0.9939687252044678
NeuMF,2002,2002-12-31,120146,4306,9,0.9934160709381104
NeuMF,2002,2002-12-31,120146,585,10,0.9930480122566223
NeuMF,2002,2002-12-31,120488,1287,1,0.998802900314331
NeuMF,2002,2002-12-31,120488,2942,2,0.9967283010482788
NeuMF,2002,2002-12-31,120488,1380,3,0.9948471784591675
NeuMF,2002,2002-12-31,120488,1027,4,0.9943472743034363
NeuMF,2002,2002-12-31,120488,508,5,0.993467390537262
NeuMF,2002,2002-12-31,120488,3101,6,0.9926508069038391
NeuMF,2002,2002-12-31,120488,1208,7,0.9924904704093933
NeuMF,2002,2002-12-31,120488,1250,8,0.9917388558387756
NeuMF,2002,2002-12-31,120488,1307,9,0.9910430908203125
NeuMF,2002,2002-12-31,120488,3100,10,0.9893636703491211
NeuMF,2002,2002-12-31,120518,1649,1,0.9985660910606384
NeuMF,2002,2002-12-31,120518,3163,2,0.9965307116508484
NeuMF,2002,2002-12-31,120518,2396,3,0.996156632900238
NeuMF,2002,2002-12-31,120518,1094,4,0.9943232536315918
NeuMF,2002,2002-12-31,120518,759,5,0.9942259192466736
NeuMF,2002,2002-12-31,120518,1041,6,0.9940734505653381
NeuMF,2002,2002-12-31,120518,3404,7,0.9935937523841858
NeuMF,2002,2002-12-31,120518,2130,8,0.9931326508522034
NeuMF,2002,2002-12-31,120518,1361,9,0.9924359917640686
NeuMF,2002,2002-12-31,120518,1278,10,0.9917654395103455
NeuMF,2002,2002-12-31,121376,3827,1,0.9999855756759644
NeuMF,2002,2002-12-31,121376,4019,2,0.9999043941497803
NeuMF,2002,2002-12-31,121376,4023,3,0.9998807907104492
NeuMF,2002,2002-12-31,121376,3821,4,0.9997195601463318
NeuMF,2002,2002-12-31,121376,3998,5,0.9996395111083984
NeuMF,2002,2002-12-31,121376,3999,6,0.9996259212493896
NeuMF,2002,2002-12-31,121376,3753,7,0.9996170997619629
NeuMF,2002,2002-12-31,121376,3980,8,0.9993960857391357
NeuMF,2002,2002-12-31,121376,1196,9,0.9991946816444397
NeuMF,2002,2002-12-31,121376,4321,10,0.998928964138031
NeuMF,2002,2002-12-31,121628,332,1,0.9960285425186157
NeuMF,2002,2002-12-31,121628,3996,2,0.9953662157058716
NeuMF,2002,2002-12-31,121628,2455,3,0.9953351616859436
NeuMF,2002,2002-12-31,121628,1327,4,0.9926506876945496
NeuMF,2002,2002-12-31,121628,24,5,0.9912174940109253
NeuMF,2002,2002-12-31,121628,741,6,0.9910539984703064
NeuMF,2002,2002-12-31,121628,613,7,0.9896711707115173
NeuMF,2002,2002-12-31,121628,3705,8,0.989093542098999
NeuMF,2002,2002-12-31,121628,1345,9,0.9886868000030518
NeuMF,2002,2002-12-31,121628,3461,10,0.9880301356315613
NeuMF,2002,2002-12-31,122109,1587,1,0.999705970287323
NeuMF,2002,2002-12-31,122109,2002,2,0.9995185136795044
NeuMF,2002,2002-12-31,122109,1126,3,0.999153733253479
NeuMF,2002,2002-12-31,122109,1377,4,0.9987742304801941
NeuMF,2002,2002-12-31,122109,1275,5,0.9979592561721802
NeuMF,2002,2002-12-31,122109,2302,6,0.9971790313720703
NeuMF,2002,2002-12-31,122109,1517,7,0.9953622221946716
NeuMF,2002,2002-12-31,122109,836,8,0.9950940608978271
NeuMF,2002,2002-12-31,122109,1320,9,0.9949268102645874
NeuMF,2002,2002-12-31,122109,1261,10,0.9939290285110474
NeuMF,2002,2002-12-31,122153,1961,1,0.9985629916191101
NeuMF,2002,2002-12-31,122153,2918,2,0.9974629878997803
NeuMF,2002,2002-12-31,122153,2109,3,0.9970247149467468
NeuMF,2002,2002-12-31,122153,904,4,0.9956303834915161
NeuMF,2002,2002-12-31,122153,1994,5,0.9954463839530945
NeuMF,2002,2002-12-31,122153,1466,6,0.9944835305213928
NeuMF,2002,2002-12-31,122153,2712,7,0.9938532114028931
NeuMF,2002,2002-12-31,122153,3362,8,0.9938452839851379
NeuMF,2002,2002-12-31,122153,910,9,0.9913936257362366
NeuMF,2002,2002-12-31,122153,1225,10,0.989725649356842
NeuMF,2002,2002-12-31,122507,1921,1,0.9987500905990601
NeuMF,2002,2002-12-31,122507,164,2,0.998696506023407
NeuMF,2002,2002-12-31,122507,1857,3,0.9986659288406372
NeuMF,2002,2002-12-31,122507,2858,4,0.9984954595565796
NeuMF,2002,2002-12-31,122507,3007,5,0.9981923699378967
NeuMF,2002,2002-12-31,122507,2959,6,0.9977594614028931
NeuMF,2002,2002-12-31,122507,574,7,0.9977514147758484
NeuMF,2002,2002-12-31,122507,1649,8,0.9976305961608887
NeuMF,2002,2002-12-31,122507,1147,9,0.9973613619804382
NeuMF,2002,2002-12-31,122507,123,10,0.9969078898429871
NeuMF,2002,2002-12-31,122558,382,1,0.9985052347183228
NeuMF,2002,2002-12-31,122558,3271,2,0.9971988201141357
NeuMF,2002,2002-12-31,122558,1645,3,0.9969767332077026
NeuMF,2002,2002-12-31,122558,122,4,0.9962006211280823
NeuMF,2002,2002-12-31,122558,2803,5,0.9961031675338745
NeuMF,2002,2002-12-31,122558,3525,6,0.9958590865135193
NeuMF,2002,2002-12-31,122558,2861,7,0.9947603344917297
NeuMF,2002,2002-12-31,122558,1441,8,0.993881344795227
NeuMF,2002,2002-12-31,122558,543,9,0.9914529323577881
NeuMF,2002,2002-12-31,122558,2125,10,0.990962564945221
NeuMF,2002,2002-12-31,123146,613,1,0.9998996257781982
NeuMF,2002,2002-12-31,123146,1959,2,0.9997066855430603
NeuMF,2002,2002-12-31,123146,1680,3,0.9994701743125916
NeuMF,2002,2002-12-31,123146,3260,4,0.9993686079978943
NeuMF,2002,2002-12-31,123146,17,5,0.9991697072982788
NeuMF,2002,2002-12-31,123146,534,6,0.9985528588294983
NeuMF,2002,2002-12-31,123146,3512,7,0.9982171654701233
NeuMF,2002,2002-12-31,123146,4018,8,0.9970141649246216
NeuMF,2002,2002-12-31,123146,1480,9,0.9956746697425842
NeuMF,2002,2002-12-31,123146,915,10,0.9956289529800415
NeuMF,2002,2002-12-31,123259,1633,1,0.997628390789032
NeuMF,2002,2002-12-31,123259,2268,2,0.9975612163543701
NeuMF,2002,2002-12-31,123259,1271,3,0.9969828724861145
NeuMF,2002,2002-12-31,123259,1357,4,0.9962839484214783
NeuMF,2002,2002-12-31,123259,1147,5,0.9961854815483093
NeuMF,2002,2002-12-31,123259,1213,6,0.9961381554603577
NeuMF,2002,2002-12-31,123259,2858,7,0.9959630370140076
NeuMF,2002,2002-12-31,123259,1246,8,0.9954617619514465
NeuMF,2002,2002-12-31,123259,2501,9,0.9947602152824402
NeuMF,2002,2002-12-31,123259,1694,10,0.9938602447509766
NeuMF,2002,2002-12-31,123593,3617,1,0.9996751546859741
NeuMF,2002,2002-12-31,123593,3527,2,0.9994692206382751
NeuMF,2002,2002-12-31,123593,3717,3,0.9973229765892029
NeuMF,2002,2002-12-31,123593,4701,4,0.9964422583580017
NeuMF,2002,2002-12-31,123593,1090,5,0.9959657192230225
NeuMF,2002,2002-12-31,123593,1196,6,0.9946870803833008
NeuMF,2002,2002-12-31,123593,1275,7,0.9943038821220398
NeuMF,2002,2002-12-31,123593,3785,8,0.990581750869751
NeuMF,2002,2002-12-31,123593,2167,9,0.9905390739440918
NeuMF,2002,2002-12-31,123593,4223,10,0.9878305792808533
NeuMF,2002,2002-12-31,123648,1921,1,0.9998786449432373
NeuMF,2002,2002-12-31,123648,3089,2,0.9994534850120544
NeuMF,2002,2002-12-31,123648,2318,3,0.999129593372345
NeuMF,2002,2002-12-31,123648,1089,4,0.9983966946601868
NeuMF,2002,2002-12-31,123648,112,5,0.9980071187019348
NeuMF,2002,2002-12-31,123648,180,6,0.9978165626525879
NeuMF,2002,2002-12-31,123648,1468,7,0.9972829818725586
NeuMF,2002,2002-12-31,123648,2542,8,0.9971984624862671
NeuMF,2002,2002-12-31,123648,3254,9,0.9965923428535461
NeuMF,2002,2002-12-31,123648,3535,10,0.9964441657066345
NeuMF,2002,2002-12-31,123653,858,1,0.9982407093048096
NeuMF,2002,2002-12-31,123653,3578,2,0.9952514171600342
NeuMF,2002,2002-12-31,123653,2948,3,0.9950957894325256
NeuMF,2002,2002-12-31,123653,260,4,0.9916859269142151
NeuMF,2002,2002-12-31,123653,908,5,0.9904441237449646
NeuMF,2002,2002-12-31,123653,912,6,0.9873393774032593
NeuMF,2002,2002-12-31,123653,1198,7,0.9861152172088623
NeuMF,2002,2002-12-31,123653,910,8,0.9855806231498718
NeuMF,2002,2002-12-31,123653,3334,9,0.9746572375297546
NeuMF,2002,2002-12-31,123653,3639,10,0.9726563096046448
NeuMF,2002,2002-12-31,124035,1332,1,0.9985890984535217
NeuMF,2002,2002-12-31,124035,2451,2,0.9983875751495361
NeuMF,2002,2002-12-31,124035,1321,3,0.998028576374054
NeuMF,2002,2002-12-31,124035,718,4,0.9977995753288269
NeuMF,2002,2002-12-31,124035,1037,5,0.9964110255241394
NeuMF,2002,2002-12-31,124035,4705,6,0.9956110119819641
NeuMF,2002,2002-12-31,124035,4720,7,0.995093584060669
NeuMF,2002,2002-12-31,124035,541,8,0.9938045740127563
NeuMF,2002,2002-12-31,124035,32,9,0.9920497536659241
NeuMF,2002,2002-12-31,124035,1320,10,0.9911309480667114
NeuMF,2002,2002-12-31,124042,2611,1,0.9999725818634033
NeuMF,2002,2002-12-31,124042,3183,2,0.9997745156288147
NeuMF,2002,2002-12-31,124042,1535,3,0.999768078327179
NeuMF,2002,2002-12-31,124042,2996,4,0.9995837807655334
NeuMF,2002,2002-12-31,124042,1041,5,0.9995300769805908
NeuMF,2002,2002-12-31,124042,3916,6,0.9994866847991943
NeuMF,2002,2002-12-31,124042,1704,7,0.9991834759712219
NeuMF,2002,2002-12-31,124042,1357,8,0.9991791844367981
NeuMF,2002,2002-12-31,124042,994,9,0.9988934397697449
NeuMF,2002,2002-12-31,124042,1416,10,0.9988617897033691
NeuMF,2002,2002-12-31,124189,162,1,0.9993991851806641
NeuMF,2002,2002-12-31,124189,922,2,0.9991616010665894
NeuMF,2002,2002-12-31,124189,373,3,0.9987932443618774
NeuMF,2002,2002-12-31,124189,2890,4,0.9986839890480042
NeuMF,2002,2002-12-31,124189,800,5,0.9980891346931458
NeuMF,2002,2002-12-31,124189,1288,6,0.9975213408470154
NeuMF,2002,2002-12-31,124189,1267,7,0.99616539478302
NeuMF,2002,2002-12-31,124189,1228,8,0.995923638343811
NeuMF,2002,2002-12-31,124189,671,9,0.9958845973014832
NeuMF,2002,2002-12-31,124189,1,10,0.9941038489341736
NeuMF,2002,2002-12-31,124587,2795,1,0.9990339279174805
NeuMF,2002,2002-12-31,124587,4776,2,0.9990139007568359
NeuMF,2002,2002-12-31,124587,3998,3,0.998536229133606
NeuMF,2002,2002-12-31,124587,4034,4,0.9984847903251648
NeuMF,2002,2002-12-31,124587,4002,5,0.9980300068855286
NeuMF,2002,2002-12-31,124587,4679,6,0.9976309537887573
NeuMF,2002,2002-12-31,124587,3536,7,0.9965922236442566
NeuMF,2002,2002-12-31,124587,2231,8,0.9964924454689026
NeuMF,2002,2002-12-31,124587,2805,9,0.9962186217308044
NeuMF,2002,2002-12-31,124587,3481,10,0.9961380362510681
NeuMF,2002,2002-12-31,124664,2261,1,0.998503565788269
NeuMF,2002,2002-12-31,124664,170,2,0.9972620010375977
NeuMF,2002,2002-12-31,124664,1088,3,0.9969879984855652
NeuMF,2002,2002-12-31,124664,2125,4,0.9967669248580933
NeuMF,2002,2002-12-31,124664,2005,5,0.9960327744483948
NeuMF,2002,2002-12-31,124664,2413,6,0.9954975843429565
NeuMF,2002,2002-12-31,124664,203,7,0.9952557682991028
NeuMF,2002,2002-12-31,124664,4621,8,0.9949755668640137
NeuMF,2002,2002-12-31,124664,2081,9,0.9942677021026611
NeuMF,2002,2002-12-31,124664,2106,10,0.9936914443969727
NeuMF,2002,2002-12-31,125010,4034,1,0.9999651908874512
NeuMF,2002,2002-12-31,125010,4226,2,0.9997318387031555
NeuMF,2002,2002-12-31,125010,4321,3,0.9986199140548706
NeuMF,2002,2002-12-31,125010,3911,4,0.9976031184196472
NeuMF,2002,2002-12-31,125010,3897,5,0.9975128173828125
NeuMF,2002,2002-12-31,125010,3527,6,0.9973262548446655
NeuMF,2002,2002-12-31,125010,4029,7,0.9968481659889221
NeuMF,2002,2002-12-31,125010,4161,8,0.9963696002960205
NeuMF,2002,2002-12-31,125010,4027,9,0.995654821395874
NeuMF,2002,2002-12-31,125010,4033,10,0.9953428506851196
NeuMF,2002,2002-12-31,125418,4361,1,0.9998390674591064
NeuMF,2002,2002-12-31,125418,2797,2,0.9994408488273621
NeuMF,2002,2002-12-31,125418,3253,3,0.9991914629936218
NeuMF,2002,2002-12-31,125418,4321,4,0.9991576671600342
NeuMF,2002,2002-12-31,125418,2795,5,0.9991050362586975
NeuMF,2002,2002-12-31,125418,2011,6,0.9989973902702332
NeuMF,2002,2002-12-31,125418,2100,7,0.9989282488822937
NeuMF,2002,2002-12-31,125418,2028,8,0.9987277388572693
NeuMF,2002,2002-12-31,125418,2915,9,0.998515784740448
NeuMF,2002,2002-12-31,125418,2268,10,0.9983460903167725
NeuMF,2002,2002-12-31,126119,3527,1,0.9991157650947571
NeuMF,2002,2002-12-31,126119,3552,2,0.9984956979751587
NeuMF,2002,2002-12-31,126119,6,3,0.9981959462165833
NeuMF,2002,2002-12-31,126119,353,4,0.9979648590087891
NeuMF,2002,2002-12-31,126119,4128,5,0.9962540864944458
NeuMF,2002,2002-12-31,126119,2502,6,0.9957907795906067
NeuMF,2002,2002-12-31,126119,3844,7,0.9955552220344543
NeuMF,2002,2002-12-31,126119,3285,8,0.9955418705940247
NeuMF,2002,2002-12-31,126119,3916,9,0.995375394821167
NeuMF,2002,2002-12-31,126119,3421,10,0.9950952529907227
NeuMF,2002,2002-12-31,126126,3120,1,0.9970791339874268
NeuMF,2002,2002-12-31,126126,1059,2,0.993587851524353
NeuMF,2002,2002-12-31,126126,3424,3,0.9866503477096558
NeuMF,2002,2002-12-31,126126,1298,4,0.9852445721626282
NeuMF,2002,2002-12-31,126126,4223,5,0.983234167098999
NeuMF,2002,2002-12-31,126126,3418,6,0.9831019043922424
NeuMF,2002,2002-12-31,126126,1086,7,0.9822571873664856
NeuMF,2002,2002-12-31,126126,2004,8,0.9806861877441406
NeuMF,2002,2002-12-31,126126,2090,9,0.9799792766571045
NeuMF,2002,2002-12-31,126126,3448,10,0.9797173142433167
NeuMF,2002,2002-12-31,126604,3982,1,0.9986628293991089
NeuMF,2002,2002-12-31,126604,4701,2,0.997238278388977
NeuMF,2002,2002-12-31,126604,4246,3,0.9971873164176941
NeuMF,2002,2002-12-31,126604,1224,4,0.9965879917144775
NeuMF,2002,2002-12-31,126604,902,5,0.9945738911628723
NeuMF,2002,2002-12-31,126604,3298,6,0.9940963983535767
NeuMF,2002,2002-12-31,126604,3513,7,0.9914672374725342
NeuMF,2002,2002-12-31,126604,3037,8,0.9897332787513733
NeuMF,2002,2002-12-31,126604,1380,9,0.9897320866584778
NeuMF,2002,2002-12-31,126604,3598,10,0.9893542528152466
NeuMF,2002,2002-12-31,126634,2829,1,0.9988465309143066
NeuMF,2002,2002-12-31,126634,2692,2,0.9978395700454712
NeuMF,2002,2002-12-31,126634,1454,3,0.9960551261901855
NeuMF,2002,2002-12-31,126634,2883,4,0.9928841590881348
NeuMF,2002,2002-12-31,126634,1748,5,0.9924018383026123
NeuMF,2002,2002-12-31,126634,2759,6,0.9919998645782471
NeuMF,2002,2002-12-31,126634,3429,7,0.9910940527915955
NeuMF,2002,2002-12-31,126634,1175,8,0.9902535080909729
NeuMF,2002,2002-12-31,126634,581,9,0.9885295033454895
NeuMF,2002,2002-12-31,126634,2761,10,0.9871215224266052
NeuMF,2002,2002-12-31,126715,1910,1,0.9998830556869507
NeuMF,2002,2002-12-31,126715,2924,2,0.9987674951553345
NeuMF,2002,2002-12-31,126715,933,3,0.9983959794044495
NeuMF,2002,2002-12-31,126715,581,4,0.9969673752784729
NeuMF,2002,2002-12-31,126715,1809,5,0.9967535138130188
NeuMF,2002,2002-12-31,126715,3556,6,0.9962093830108643
NeuMF,2002,2002-12-31,126715,3083,7,0.9961915016174316
NeuMF,2002,2002-12-31,126715,307,8,0.9956498742103577
NeuMF,2002,2002-12-31,126715,58,9,0.9948008060455322
NeuMF,2002,2002-12-31,126715,543,10,0.9939939379692078
NeuMF,2002,2002-12-31,126923,4447,1,0.9997455477714539
NeuMF,2002,2002-12-31,126923,4728,2,0.9996569156646729
NeuMF,2002,2002-12-31,126923,4367,3,0.9990277290344238
NeuMF,2002,2002-12-31,126923,4104,4,0.9987466335296631
NeuMF,2002,2002-12-31,126923,1974,5,0.9981210827827454
NeuMF,2002,2002-12-31,126923,3949,6,0.9975923895835876
NeuMF,2002,2002-12-31,126923,4031,7,0.9972469806671143
NeuMF,2002,2002-12-31,126923,4488,8,0.9966283440589905
NeuMF,2002,2002-12-31,126923,4396,9,0.9965511560440063
NeuMF,2002,2002-12-31,126923,4855,10,0.9962003827095032
NeuMF,2002,2002-12-31,127549,2692,1,0.999790608882904
NeuMF,2002,2002-12-31,127549,215,2,0.9994951486587524
NeuMF,2002,2002-12-31,127549,1446,3,0.9992347955703735
NeuMF,2002,2002-12-31,127549,1635,4,0.9990732669830322
NeuMF,2002,2002-12-31,127549,4304,5,0.9990515112876892
NeuMF,2002,2002-12-31,127549,1111,6,0.9987682700157166
NeuMF,2002,2002-12-31,127549,800,7,0.9976481795310974
NeuMF,2002,2002-12-31,127549,2391,8,0.9976353645324707
NeuMF,2002,2002-12-31,127549,2583,9,0.9972092509269714
NeuMF,2002,2002-12-31,127549,3317,10,0.99718177318573
NeuMF,2002,2002-12-31,127875,3452,1,0.9997054934501648
NeuMF,2002,2002-12-31,127875,370,2,0.9988353848457336
NeuMF,2002,2002-12-31,127875,3624,3,0.998458743095398
NeuMF,2002,2002-12-31,127875,3972,4,0.9980204105377197
NeuMF,2002,2002-12-31,127875,327,5,0.9969965219497681
NeuMF,2002,2002-12-31,127875,44,6,0.9967882633209229
NeuMF,2002,2002-12-31,127875,2880,7,0.9961763620376587
NeuMF,2002,2002-12-31,127875,2879,8,0.995593249797821
NeuMF,2002,2002-12-31,127875,2582,9,0.9944028258323669
NeuMF,2002,2002-12-31,127875,2924,10,0.9922424554824829
NeuMF,2002,2002-12-31,128553,1376,1,0.9983727335929871
NeuMF,2002,2002-12-31,128553,2407,2,0.9960982799530029
NeuMF,2002,2002-12-31,128553,329,3,0.9950466156005859
NeuMF,2002,2002-12-31,128553,2470,4,0.9941118359565735
NeuMF,2002,2002-12-31,128553,2000,5,0.9938710927963257
NeuMF,2002,2002-12-31,128553,2001,6,0.9917880892753601
NeuMF,2002,2002-12-31,128553,2336,7,0.9902622103691101
NeuMF,2002,2002-12-31,128553,2291,8,0.9897470474243164
NeuMF,2002,2002-12-31,128553,2797,9,0.9843645691871643
NeuMF,2002,2002-12-31,128553,1962,10,0.9836167097091675
NeuMF,2002,2002-12-31,128710,3408,1,0.9996999502182007
NeuMF,2002,2002-12-31,128710,3527,2,0.9992522597312927
NeuMF,2002,2002-12-31,128710,3471,3,0.9990234375
NeuMF,2002,2002-12-31,128710,1272,4,0.998887836933136
NeuMF,2002,2002-12-31,128710,3498,5,0.9987391829490662
NeuMF,2002,2002-12-31,128710,2858,6,0.996715784072876
NeuMF,2002,2002-12-31,128710,3354,7,0.9965904951095581
NeuMF,2002,2002-12-31,128710,3508,8,0.996354341506958
NeuMF,2002,2002-12-31,128710,4023,9,0.9963448643684387
NeuMF,2002,2002-12-31,128710,1250,10,0.994750440120697
NeuMF,2002,2002-12-31,128790,2455,1,0.9998483657836914
NeuMF,2002,2002-12-31,128790,1356,2,0.9996991157531738
NeuMF,2002,2002-12-31,128790,2664,3,0.9995214939117432
NeuMF,2002,2002-12-31,128790,1653,4,0.9994370341300964
NeuMF,2002,2002-12-31,128790,2761,5,0.9994267225265503
NeuMF,2002,2002-12-31,128790,2687,6,0.9991036057472229
NeuMF,2002,2002-12-31,128790,2160,7,0.999061644077301
NeuMF,2002,2002-12-31,128790,2699,8,0.9983237385749817
NeuMF,2002,2002-12-31,128790,3114,9,0.9979933500289917
NeuMF,2002,2002-12-31,128790,1333,10,0.9974254965782166
NeuMF,2002,2002-12-31,129356,69,1,0.9995330572128296
NeuMF,2002,2002-12-31,129356,3948,2,0.999370276927948
NeuMF,2002,2002-12-31,129356,2796,3,0.9976986050605774
NeuMF,2002,2002-12-31,129356,2804,4,0.997612476348877
NeuMF,2002,2002-12-31,129356,4678,5,0.9968913197517395
NeuMF,2002,2002-12-31,129356,2109,6,0.996357262134552
NeuMF,2002,2002-12-31,129356,2792,7,0.9955396056175232
NeuMF,2002,2002-12-31,129356,1784,8,0.9952518939971924
NeuMF,2002,2002-12-31,129356,1288,9,0.9947439432144165
NeuMF,2002,2002-12-31,129356,3481,10,0.9937130808830261
NeuMF,2002,2002-12-31,129525,4370,1,0.9975634813308716
NeuMF,2002,2002-12-31,129525,3869,2,0.9974952936172485
NeuMF,2002,2002-12-31,129525,2124,3,0.9964460730552673
NeuMF,2002,2002-12-31,129525,2706,4,0.9960343241691589
NeuMF,2002,2002-12-31,129525,1617,5,0.9955756664276123
NeuMF,2002,2002-12-31,129525,4308,6,0.9955300688743591
NeuMF,2002,2002-12-31,129525,1485,7,0.9950447082519531
NeuMF,2002,2002-12-31,129525,3176,8,0.9950280785560608
NeuMF,2002,2002-12-31,129525,3448,9,0.9939788579940796
NeuMF,2002,2002-12-31,129525,3255,10,0.9939172863960266
NeuMF,2002,2002-12-31,129682,1197,1,0.9988716244697571
NeuMF,2002,2002-12-31,129682,1220,2,0.9978748559951782
NeuMF,2002,2002-12-31,129682,3448,3,0.9972903728485107
NeuMF,2002,2002-12-31,129682,1259,4,0.9968652129173279
NeuMF,2002,2002-12-31,129682,1968,5,0.996174156665802
NeuMF,2002,2002-12-31,129682,1569,6,0.9957424998283386
NeuMF,2002,2002-12-31,129682,4226,7,0.9944465160369873
NeuMF,2002,2002-12-31,129682,1394,8,0.9939388036727905
NeuMF,2002,2002-12-31,129682,1079,9,0.9912886619567871
NeuMF,2002,2002-12-31,129682,1198,10,0.9910238981246948
NeuMF,2002,2002-12-31,130620,2995,1,0.9996342658996582
NeuMF,2002,2002-12-31,130620,3717,2,0.9989088773727417
NeuMF,2002,2002-12-31,130620,426,3,0.9972019195556641
NeuMF,2002,2002-12-31,130620,3994,4,0.9970763921737671
NeuMF,2002,2002-12-31,130620,1320,5,0.997031569480896
NeuMF,2002,2002-12-31,130620,1982,6,0.9967045187950134
NeuMF,2002,2002-12-31,130620,1129,7,0.9959927797317505
NeuMF,2002,2002-12-31,130620,3408,8,0.9957591891288757
NeuMF,2002,2002-12-31,130620,1092,9,0.9948470592498779
NeuMF,2002,2002-12-31,130620,3113,10,0.9947192668914795
NeuMF,2002,2002-12-31,130839,3597,1,0.9997935891151428
NeuMF,2002,2002-12-31,130839,4821,2,0.9996248483657837
NeuMF,2002,2002-12-31,130839,3717,3,0.9995957016944885
NeuMF,2002,2002-12-31,130839,4238,4,0.9994619488716125
NeuMF,2002,2002-12-31,130839,4069,5,0.9992107152938843
NeuMF,2002,2002-12-31,130839,4022,6,0.9989697933197021
NeuMF,2002,2002-12-31,130839,4639,7,0.9989263415336609
NeuMF,2002,2002-12-31,130839,3578,8,0.998619794845581
NeuMF,2002,2002-12-31,130839,3285,9,0.9977387189865112
NeuMF,2002,2002-12-31,130839,4367,10,0.9976454377174377
NeuMF,2002,2002-12-31,130861,2846,1,0.9973964691162109
NeuMF,2002,2002-12-31,130861,338,2,0.9973575472831726
NeuMF,2002,2002-12-31,130861,3269,3,0.997232973575592
NeuMF,2002,2002-12-31,130861,3062,4,0.9964030981063843
NeuMF,2002,2002-12-31,130861,1222,5,0.9947616457939148
NeuMF,2002,2002-12-31,130861,4223,6,0.9929494857788086
NeuMF,2002,2002-12-31,130861,3623,7,0.9919782876968384
NeuMF,2002,2002-12-31,130861,3142,8,0.9913939833641052
NeuMF,2002,2002-12-31,130861,240,9,0.9910731911659241
NeuMF,2002,2002-12-31,130861,3481,10,0.9897316098213196
NeuMF,2002,2002-12-31,131023,1084,1,0.9928526282310486
NeuMF,2002,2002-12-31,131023,1912,2,0.992439866065979
NeuMF,2002,2002-12-31,131023,911,3,0.988373875617981
NeuMF,2002,2002-12-31,131023,2912,4,0.9865913987159729
NeuMF,2002,2002-12-31,131023,3735,5,0.9829688668251038
NeuMF,2002,2002-12-31,131023,2857,6,0.9824568033218384
NeuMF,2002,2002-12-31,131023,1845,7,0.9793983697891235
NeuMF,2002,2002-12-31,131023,3354,8,0.9787186980247498
NeuMF,2002,2002-12-31,131023,326,9,0.9746277332305908
NeuMF,2002,2002-12-31,131023,6,10,0.973305881023407
NeuMF,2002,2002-12-31,131098,1265,1,0.9979653358459473
NeuMF,2002,2002-12-31,131098,3481,2,0.9976796507835388
NeuMF,2002,2002-12-31,131098,4223,3,0.9960727691650391
NeuMF,2002,2002-12-31,131098,2353,4,0.995589017868042
NeuMF,2002,2002-12-31,131098,3175,5,0.9940608143806458
NeuMF,2002,2002-12-31,131098,1673,6,0.9913648366928101
NeuMF,2002,2002-12-31,131098,1653,7,0.9906318187713623
NeuMF,2002,2002-12-31,131098,3617,8,0.9904245734214783
NeuMF,2002,2002-12-31,131098,1197,9,0.9891827702522278
NeuMF,2002,2002-12-31,131098,4034,10,0.9890958666801453
NeuMF,2002,2002-12-31,131355,3499,1,0.9995912909507751
NeuMF,2002,2002-12-31,131355,3457,2,0.9992641806602478
NeuMF,2002,2002-12-31,131355,3948,3,0.9992140531539917
NeuMF,2002,2002-12-31,131355,1673,4,0.9990789890289307
NeuMF,2002,2002-12-31,131355,3536,5,0.9989169836044312
NeuMF,2002,2002-12-31,131355,3301,6,0.9982953667640686
NeuMF,2002,2002-12-31,131355,3515,7,0.9977758526802063
NeuMF,2002,2002-12-31,131355,3361,8,0.9976686835289001
NeuMF,2002,2002-12-31,131355,3421,9,0.9974710941314697
NeuMF,2002,2002-12-31,131355,3785,10,0.9965659976005554
NeuMF,2002,2002-12-31,131500,2690,1,0.9983344674110413
NeuMF,2002,2002-12-31,131500,2694,2,0.9983179569244385
NeuMF,2002,2002-12-31,131500,543,3,0.995975911617279
NeuMF,2002,2002-12-31,131500,300,4,0.9958018660545349
NeuMF,2002,2002-12-31,131500,150,5,0.9956502318382263
NeuMF,2002,2002-12-31,131500,508,6,0.9929226636886597
NeuMF,2002,2002-12-31,131500,1198,7,0.9914178848266602
NeuMF,2002,2002-12-31,131500,246,8,0.9909206628799438
NeuMF,2002,2002-12-31,131500,2771,9,0.9906417727470398
NeuMF,2002,2002-12-31,131500,2502,10,0.9904988408088684
NeuMF,2002,2002-12-31,132634,1892,1,0.9982097148895264
NeuMF,2002,2002-12-31,132634,830,2,0.9980258941650391
NeuMF,2002,2002-12-31,132634,2371,3,0.9938704967498779
NeuMF,2002,2002-12-31,132634,2183,4,0.9927461743354797
NeuMF,2002,2002-12-31,132634,762,5,0.988881528377533
NeuMF,2002,2002-12-31,132634,2463,6,0.9856234788894653
NeuMF,2002,2002-12-31,132634,3101,7,0.9854275584220886
NeuMF,2002,2002-12-31,132634,2134,8,0.9850998520851135
NeuMF,2002,2002-12-31,132634,2160,9,0.9848583936691284
NeuMF,2002,2002-12-31,132634,3270,10,0.9822115302085876
NeuMF,2002,2002-12-31,133077,799,1,0.998794436454773
NeuMF,2002,2002-12-31,133077,801,2,0.9981268048286438
NeuMF,2002,2002-12-31,133077,2498,3,0.9964125752449036
NeuMF,2002,2002-12-31,133077,2502,4,0.9954372048377991
NeuMF,2002,2002-12-31,133077,688,5,0.995256245136261
NeuMF,2002,2002-12-31,133077,2424,6,0.9950359463691711
NeuMF,2002,2002-12-31,133077,1707,7,0.9949513673782349
NeuMF,2002,2002-12-31,133077,1923,8,0.9947879314422607
NeuMF,2002,2002-12-31,133077,3466,9,0.9947233200073242
NeuMF,2002,2002-12-31,133077,1806,10,0.9945763349533081
NeuMF,2002,2002-12-31,133117,3317,1,0.999438464641571
NeuMF,2002,2002-12-31,133117,3408,2,0.9993444085121155
NeuMF,2002,2002-12-31,133117,3911,3,0.9985300302505493
NeuMF,2002,2002-12-31,133117,3362,4,0.998259961605072
NeuMF,2002,2002-12-31,133117,3751,5,0.9974358677864075
NeuMF,2002,2002-12-31,133117,3543,6,0.9957050681114197
NeuMF,2002,2002-12-31,133117,1230,7,0.9955642223358154
NeuMF,2002,2002-12-31,133117,858,8,0.9949157238006592
NeuMF,2002,2002-12-31,133117,2836,9,0.9934015870094299
NeuMF,2002,2002-12-31,133117,3468,10,0.9932860732078552
NeuMF,2002,2002-12-31,133518,4489,1,0.998381495475769
NeuMF,2002,2002-12-31,133518,2013,2,0.9954285621643066
NeuMF,2002,2002-12-31,133518,2717,3,0.9953165054321289
NeuMF,2002,2002-12-31,133518,3791,4,0.9949689507484436
NeuMF,2002,2002-12-31,133518,1503,5,0.9936663508415222
NeuMF,2002,2002-12-31,133518,788,6,0.9921861886978149
NeuMF,2002,2002-12-31,133518,1019,7,0.9917840957641602
NeuMF,2002,2002-12-31,133518,692,8,0.9901643395423889
NeuMF,2002,2002-12-31,133518,3448,9,0.9899260997772217
NeuMF,2002,2002-12-31,133518,1831,10,0.988885760307312
NeuMF,2002,2002-12-31,133595,2976,1,0.9998237490653992
NeuMF,2002,2002-12-31,133595,2770,2,0.9997915625572205
NeuMF,2002,2002-12-31,133595,2702,3,0.9997822642326355
NeuMF,2002,2002-12-31,133595,2712,4,0.9997610449790955
NeuMF,2002,2002-12-31,133595,2858,5,0.9997430443763733
NeuMF,2002,2002-12-31,133595,3160,6,0.9995495676994324
NeuMF,2002,2002-12-31,133595,2908,7,0.9989461302757263
NeuMF,2002,2002-12-31,133595,2881,8,0.9983314871788025
NeuMF,2002,2002-12-31,133595,3753,9,0.998063862323761
NeuMF,2002,2002-12-31,133595,3384,10,0.9980341792106628
NeuMF,2002,2002-12-31,134027,3470,1,0.9991186261177063
NeuMF,2002,2002-12-31,134027,3424,2,0.9987151622772217
NeuMF,2002,2002-12-31,134027,1372,3,0.9978208541870117
NeuMF,2002,2002-12-31,134027,2924,4,0.9976027607917786
NeuMF,2002,2002-12-31,134027,3089,5,0.9972618818283081
NeuMF,2002,2002-12-31,134027,3083,6,0.9956367611885071
NeuMF,2002,2002-12-31,134027,3067,7,0.9952142238616943
NeuMF,2002,2002-12-31,134027,3007,8,0.9948825836181641
NeuMF,2002,2002-12-31,134027,908,9,0.9945201277732849
NeuMF,2002,2002-12-31,134027,3022,10,0.9939223527908325
NeuMF,2002,2002-12-31,134248,216,1,0.9994149208068848
NeuMF,2002,2002-12-31,134248,4679,2,0.9981268048286438
NeuMF,2002,2002-12-31,134248,2706,3,0.9959736466407776
NeuMF,2002,2002-12-31,134248,4027,4,0.9955593347549438
NeuMF,2002,2002-12-31,134248,596,5,0.9936845898628235
NeuMF,2002,2002-12-31,134248,919,6,0.9934358596801758
NeuMF,2002,2002-12-31,134248,1012,7,0.9931914210319519
NeuMF,2002,2002-12-31,134248,1476,8,0.9917793869972229
NeuMF,2002,2002-12-31,134248,2692,9,0.9912818670272827
NeuMF,2002,2002-12-31,134248,1221,10,0.9909492135047913
NeuMF,2002,2002-12-31,134403,2454,1,0.9998045563697815
NeuMF,2002,2002-12-31,134403,3555,2,0.999552309513092
NeuMF,2002,2002-12-31,134403,502,3,0.9966799020767212
NeuMF,2002,2002-12-31,134403,1044,4,0.9941919445991516
NeuMF,2002,2002-12-31,134403,1678,5,0.9905821084976196
NeuMF,2002,2002-12-31,134403,9,6,0.9845649003982544
NeuMF,2002,2002-12-31,134403,3105,7,0.9793827533721924
NeuMF,2002,2002-12-31,134403,1359,8,0.9761508703231812
NeuMF,2002,2002-12-31,134403,1183,9,0.9691556096076965
NeuMF,2002,2002-12-31,134403,371,10,0.96820068359375
NeuMF,2002,2002-12-31,134570,4034,1,0.9995704293251038
NeuMF,2002,2002-12-31,134570,4017,2,0.9993520379066467
NeuMF,2002,2002-12-31,134570,3983,3,0.9989275336265564
NeuMF,2002,2002-12-31,134570,1416,4,0.9978681802749634
NeuMF,2002,2002-12-31,134570,4029,5,0.997600257396698
NeuMF,2002,2002-12-31,134570,4033,6,0.9973580241203308
NeuMF,2002,2002-12-31,134570,3967,7,0.9970212578773499
NeuMF,2002,2002-12-31,134570,4226,8,0.9969301819801331
NeuMF,2002,2002-12-31,134570,2269,9,0.9969280362129211
NeuMF,2002,2002-12-31,134570,4014,10,0.995804488658905
NeuMF,2002,2002-12-31,135220,2912,1,0.999049723148346
NeuMF,2002,2002-12-31,135220,1216,2,0.9989026784896851
NeuMF,2002,2002-12-31,135220,1188,3,0.9986520409584045
NeuMF,2002,2002-12-31,135220,29,4,0.9983647465705872
NeuMF,2002,2002-12-31,135220,2997,5,0.9981005787849426
NeuMF,2002,2002-12-31,135220,4117,6,0.99769526720047
NeuMF,2002,2002-12-31,135220,1179,7,0.997235119342804
NeuMF,2002,2002-12-31,135220,1175,8,0.9972273707389832
NeuMF,2002,2002-12-31,135220,319,9,0.9967767596244812
NeuMF,2002,2002-12-31,135220,4128,10,0.9958534240722656
NeuMF,2002,2002-12-31,135256,1566,1,0.9987872242927551
NeuMF,2002,2002-12-31,135256,3114,2,0.9985902905464172
NeuMF,2002,2002-12-31,135256,4018,3,0.9978105425834656
NeuMF,2002,2002-12-31,135256,4069,4,0.9976735711097717
NeuMF,2002,2002-12-31,135256,4299,5,0.9959980249404907
NeuMF,2002,2002-12-31,135256,1604,6,0.995205283164978
NeuMF,2002,2002-12-31,135256,2081,7,0.9941177368164062
NeuMF,2002,2002-12-31,135256,2700,8,0.9925678968429565
NeuMF,2002,2002-12-31,135256,3785,9,0.9915462136268616
NeuMF,2002,2002-12-31,135256,4718,10,0.9913875460624695
NeuMF,2002,2002-12-31,135352,3717,1,0.9989211559295654
NeuMF,2002,2002-12-31,135352,2572,2,0.9984865188598633
NeuMF,2002,2002-12-31,135352,3147,3,0.9983935952186584
NeuMF,2002,2002-12-31,135352,1393,4,0.998170018196106
NeuMF,2002,2002-12-31,135352,2340,5,0.9981337189674377
NeuMF,2002,2002-12-31,135352,4310,6,0.9981324076652527
NeuMF,2002,2002-12-31,135352,1042,7,0.9974986910820007
NeuMF,2002,2002-12-31,135352,2306,8,0.9974282383918762
NeuMF,2002,2002-12-31,135352,2355,9,0.996857762336731
NeuMF,2002,2002-12-31,135352,2671,10,0.9961450099945068
NeuMF,2002,2002-12-31,136085,3000,1,0.9998108744621277
NeuMF,2002,2002-12-31,136085,2137,2,0.9986826777458191
NeuMF,2002,2002-12-31,136085,3398,3,0.9982207417488098
NeuMF,2002,2002-12-31,136085,3397,4,0.9981537461280823
NeuMF,2002,2002-12-31,136085,3479,5,0.9975308775901794
NeuMF,2002,2002-12-31,136085,2005,6,0.9965639710426331
NeuMF,2002,2002-12-31,136085,741,7,0.9963120818138123
NeuMF,2002,2002-12-31,136085,1132,8,0.9951130747795105
NeuMF,2002,2002-12-31,136085,1240,9,0.9950006604194641
NeuMF,2002,2002-12-31,136085,922,10,0.9946826100349426
NeuMF,2002,2002-12-31,136261,3254,1,0.9980489015579224
NeuMF,2002,2002-12-31,136261,3033,2,0.9949063062667847
NeuMF,2002,2002-12-31,136261,539,3,0.990525484085083
NeuMF,2002,2002-12-31,136261,1371,4,0.9889912605285645
NeuMF,2002,2002-12-31,136261,317,5,0.9885706305503845
NeuMF,2002,2002-12-31,136261,1214,6,0.9872512817382812
NeuMF,2002,2002-12-31,136261,2700,7,0.985943078994751
NeuMF,2002,2002-12-31,136261,3264,8,0.9858980178833008
NeuMF,2002,2002-12-31,136261,466,9,0.9839418530464172
NeuMF,2002,2002-12-31,136261,588,10,0.98325115442276
NeuMF,2002,2002-12-31,136502,1132,1,0.9992796778678894
NeuMF,2002,2002-12-31,136502,920,2,0.9990384578704834
NeuMF,2002,2002-12-31,136502,1247,3,0.9977013468742371
NeuMF,2002,2002-12-31,136502,2272,4,0.9975060820579529
NeuMF,2002,2002-12-31,136502,1357,5,0.997225284576416
NeuMF,2002,2002-12-31,136502,1197,6,0.997140645980835
NeuMF,2002,2002-12-31,136502,1196,7,0.9967350363731384
NeuMF,2002,2002-12-31,136502,923,8,0.9944836497306824
NeuMF,2002,2002-12-31,136502,926,9,0.9943006038665771
NeuMF,2002,2002-12-31,136502,2324,10,0.9938690066337585
NeuMF,2002,2002-12-31,138214,608,1,0.99837327003479
NeuMF,2002,2002-12-31,138214,1673,2,0.9978109002113342
NeuMF,2002,2002-12-31,138214,1784,3,0.9977728724479675
NeuMF,2002,2002-12-31,138214,50,4,0.9974828362464905
NeuMF,2002,2002-12-31,138214,497,5,0.9974103569984436
NeuMF,2002,2002-12-31,138214,6,6,0.9971057772636414
NeuMF,2002,2002-12-31,138214,318,7,0.9969828724861145
NeuMF,2002,2002-12-31,138214,1923,8,0.9969255328178406
NeuMF,2002,2002-12-31,138214,1089,9,0.9963701963424683
NeuMF,2002,2002-12-31,138214,1682,10,0.9962179064750671
NeuMF,2002,2002-12-31,139648,1883,1,0.9988499879837036
NeuMF,2002,2002-12-31,139648,1641,2,0.9987198114395142
NeuMF,2002,2002-12-31,139648,1923,3,0.9982807636260986
NeuMF,2002,2002-12-31,139648,1147,4,0.9976056814193726
NeuMF,2002,2002-12-31,139648,180,5,0.9970341920852661
NeuMF,2002,2002-12-31,139648,1449,6,0.9964556694030762
NeuMF,2002,2002-12-31,139648,2502,7,0.9957132339477539
NeuMF,2002,2002-12-31,139648,50,8,0.9957053065299988
NeuMF,2002,2002-12-31,139648,2064,9,0.9956527948379517
NeuMF,2002,2002-12-31,139648,1517,10,0.9952993392944336
NeuMF,2002,2002-12-31,139716,104,1,0.9990503191947937
NeuMF,2002,2002-12-31,139716,3263,2,0.99846351146698
NeuMF,2002,2002-12-31,139716,542,3,0.9984003901481628
NeuMF,2002,2002-12-31,139716,1804,4,0.9971519708633423
NeuMF,2002,2002-12-31,139716,3793,5,0.9965914487838745
NeuMF,2002,2002-12-31,139716,2699,6,0.9954783320426941
NeuMF,2002,2002-12-31,139716,2012,7,0.9951733946800232
NeuMF,2002,2002-12-31,139716,2355,8,0.9938579201698303
NeuMF,2002,2002-12-31,139716,1777,9,0.9928551316261292
NeuMF,2002,2002-12-31,139716,3552,10,0.9924188852310181
NeuMF,2002,2002-12-31,139950,3260,1,0.999395489692688
NeuMF,2002,2002-12-31,139950,1873,2,0.9991095662117004
NeuMF,2002,2002-12-31,139950,903,3,0.998214602470398
NeuMF,2002,2002-12-31,139950,277,4,0.9978224039077759
NeuMF,2002,2002-12-31,139950,515,5,0.9972723126411438
NeuMF,2002,2002-12-31,139950,1013,6,0.9967241883277893
NeuMF,2002,2002-12-31,139950,912,7,0.9966781139373779
NeuMF,2002,2002-12-31,139950,914,8,0.9958444237709045
NeuMF,2002,2002-12-31,139950,1271,9,0.9942283630371094
NeuMF,2002,2002-12-31,139950,3350,10,0.993776798248291
NeuMF,2002,2002-12-31,140037,2919,1,0.9994218349456787
NeuMF,2002,2002-12-31,140037,2734,2,0.9972221851348877
NeuMF,2002,2002-12-31,140037,1296,3,0.9971684813499451
NeuMF,2002,2002-12-31,140037,1220,4,0.9968457818031311
NeuMF,2002,2002-12-31,140037,2745,5,0.9964075684547424
NeuMF,2002,2002-12-31,140037,1953,6,0.9957668781280518
NeuMF,2002,2002-12-31,140037,1957,7,0.994929850101471
NeuMF,2002,2002-12-31,140037,534,8,0.9947853684425354
NeuMF,2002,2002-12-31,140037,1132,9,0.9943042397499084
NeuMF,2002,2002-12-31,140037,2739,10,0.9940930008888245
NeuMF,2002,2002-12-31,140349,3174,1,0.9994811415672302
NeuMF,2002,2002-12-31,140349,2686,2,0.9970567226409912
NeuMF,2002,2002-12-31,140349,4034,3,0.9962359070777893
NeuMF,2002,2002-12-31,140349,3745,4,0.996103048324585
NeuMF,2002,2002-12-31,140349,2395,5,0.9960483908653259
NeuMF,2002,2002-12-31,140349,3785,6,0.9954892992973328
NeuMF,2002,2002-12-31,140349,1968,7,0.9951621890068054
NeuMF,2002,2002-12-31,140349,3717,8,0.9945363998413086
NeuMF,2002,2002-12-31,140349,1220,9,0.9938836097717285
NeuMF,2002,2002-12-31,140349,4639,10,0.9937806725502014
NeuMF,2002,2002-12-31,140667,3408,1,0.9997023940086365
NeuMF,2002,2002-12-31,140667,2028,2,0.9984714388847351
NeuMF,2002,2002-12-31,140667,2997,3,0.9982149600982666
NeuMF,2002,2002-12-31,140667,3083,4,0.9980567097663879
NeuMF,2002,2002-12-31,140667,3915,5,0.9979914426803589
NeuMF,2002,2002-12-31,140667,3538,6,0.9979460835456848
NeuMF,2002,2002-12-31,140667,3578,7,0.9968872666358948
NeuMF,2002,2002-12-31,140667,3783,8,0.9967741370201111
NeuMF,2002,2002-12-31,140667,858,9,0.996566116809845
NeuMF,2002,2002-12-31,140667,2359,10,0.9963604807853699
NeuMF,2002,2002-12-31,140670,1885,1,0.9994864463806152
NeuMF,2002,2002-12-31,140670,1923,2,0.9971734285354614
NeuMF,2002,2002-12-31,140670,3261,3,0.9967371821403503
NeuMF,2002,2002-12-31,140670,1883,4,0.9967252612113953
NeuMF,2002,2002-12-31,140670,1635,5,0.9953212141990662
NeuMF,2002,2002-12-31,140670,4021,6,0.9952231049537659
NeuMF,2002,2002-12-31,140670,3253,7,0.9951841235160828
NeuMF,2002,2002-12-31,140670,1673,8,0.9950573444366455
NeuMF,2002,2002-12-31,140670,3819,9,0.9949588179588318
NeuMF,2002,2002-12-31,140670,1594,10,0.9936936497688293
NeuMF,2002,2002-12-31,141273,858,1,0.9857324957847595
NeuMF,2002,2002-12-31,141273,1084,2,0.9815930724143982
NeuMF,2002,2002-12-31,141273,541,3,0.981493353843689
NeuMF,2002,2002-12-31,141273,1221,4,0.9740250706672668
NeuMF,2002,2002-12-31,141273,1953,5,0.9617371559143066
NeuMF,2002,2002-12-31,141273,1036,6,0.9582325220108032
NeuMF,2002,2002-12-31,141273,1210,7,0.9495083093643188
NeuMF,2002,2002-12-31,141273,2921,8,0.9308455586433411
NeuMF,2002,2002-12-31,141273,1198,9,0.9280589818954468
NeuMF,2002,2002-12-31,141273,1201,10,0.8912164568901062
NeuMF,2002,2002-12-31,141307,3505,1,0.995941162109375
NeuMF,2002,2002-12-31,141307,3967,2,0.9939448237419128
NeuMF,2002,2002-12-31,141307,1285,3,0.9906170964241028
NeuMF,2002,2002-12-31,141307,2852,4,0.9861103296279907
NeuMF,2002,2002-12-31,141307,1197,5,0.9860942363739014
NeuMF,2002,2002-12-31,141307,1994,6,0.9860144853591919
NeuMF,2002,2002-12-31,141307,3317,7,0.9850094318389893
NeuMF,2002,2002-12-31,141307,3552,8,0.9827336072921753
NeuMF,2002,2002-12-31,141307,151,9,0.9813830256462097
NeuMF,2002,2002-12-31,141307,3948,10,0.9795291423797607
NeuMF,2002,2002-12-31,141321,1961,1,0.998735249042511
NeuMF,2002,2002-12-31,141321,1673,2,0.9968529343605042
NeuMF,2002,2002-12-31,141321,246,3,0.9966212511062622
NeuMF,2002,2002-12-31,141321,337,4,0.9964538812637329
NeuMF,2002,2002-12-31,141321,2688,5,0.9957938194274902
NeuMF,2002,2002-12-31,141321,16,6,0.9957171082496643
NeuMF,2002,2002-12-31,141321,1302,7,0.995566189289093
NeuMF,2002,2002-12-31,141321,2858,8,0.9953334927558899
NeuMF,2002,2002-12-31,141321,2763,9,0.9947196245193481
NeuMF,2002,2002-12-31,141321,3179,10,0.9946069121360779
NeuMF,2002,2002-12-31,141336,720,1,0.9996098875999451
NeuMF,2002,2002-12-31,141336,1148,2,0.999393105506897
NeuMF,2002,2002-12-31,141336,1653,3,0.9993805885314941
NeuMF,2002,2002-12-31,141336,2700,4,0.9992665648460388
NeuMF,2002,2002-12-31,141336,345,5,0.9991901516914368
NeuMF,2002,2002-12-31,141336,2311,6,0.9988473653793335
NeuMF,2002,2002-12-31,141336,1223,7,0.9988312125205994
NeuMF,2002,2002-12-31,141336,2012,8,0.9987514019012451
NeuMF,2002,2002-12-31,141336,745,9,0.9986827969551086
NeuMF,2002,2002-12-31,141336,3429,10,0.9979604482650757
NeuMF,2002,2002-12-31,142085,2160,1,0.9971103668212891
NeuMF,2002,2002-12-31,142085,1350,2,0.9967677593231201
NeuMF,2002,2002-12-31,142085,2018,3,0.9965183734893799
NeuMF,2002,2002-12-31,142085,2396,4,0.9964739680290222
NeuMF,2002,2002-12-31,142085,3264,5,0.996203601360321
NeuMF,2002,2002-12-31,142085,551,6,0.9954599738121033
NeuMF,2002,2002-12-31,142085,3089,7,0.9947283864021301
NeuMF,2002,2002-12-31,142085,1269,8,0.9927997589111328
NeuMF,2002,2002-12-31,142085,1333,9,0.9908705353736877
NeuMF,2002,2002-12-31,142085,2747,10,0.9891453981399536
NeuMF,2002,2002-12-31,142601,1188,1,0.9957478642463684
NeuMF,2002,2002-12-31,142601,919,2,0.9951974749565125
NeuMF,2002,2002-12-31,142601,3478,3,0.9948505759239197
NeuMF,2002,2002-12-31,142601,4226,4,0.99431312084198
NeuMF,2002,2002-12-31,142601,1132,5,0.9934179782867432
NeuMF,2002,2002-12-31,142601,4027,6,0.992606520652771
NeuMF,2002,2002-12-31,142601,593,7,0.9912869334220886
NeuMF,2002,2002-12-31,142601,1193,8,0.9902060627937317
NeuMF,2002,2002-12-31,142601,2174,9,0.9836151003837585
NeuMF,2002,2002-12-31,142601,318,10,0.9821073412895203
NeuMF,2002,2002-12-31,143134,1753,1,0.9970325231552124
NeuMF,2002,2002-12-31,143134,47,2,0.99570232629776
NeuMF,2002,2002-12-31,143134,223,3,0.9955293536186218
NeuMF,2002,2002-12-31,143134,2355,4,0.9943084120750427
NeuMF,2002,2002-12-31,143134,296,5,0.9936956763267517
NeuMF,2002,2002-12-31,143134,69,6,0.9930317401885986
NeuMF,2002,2002-12-31,143134,3438,7,0.9926002025604248
NeuMF,2002,2002-12-31,143134,1197,8,0.9921863079071045
NeuMF,2002,2002-12-31,143134,4306,9,0.9916361570358276
NeuMF,2002,2002-12-31,143134,3717,10,0.9912960529327393
NeuMF,2002,2002-12-31,143390,4069,1,0.9988945126533508
NeuMF,2002,2002-12-31,143390,4718,2,0.9986452460289001
NeuMF,2002,2002-12-31,143390,4238,3,0.9978918433189392
NeuMF,2002,2002-12-31,143390,1798,4,0.99716717004776
NeuMF,2002,2002-12-31,143390,4161,5,0.996256947517395
NeuMF,2002,2002-12-31,143390,2273,6,0.9960972666740417
NeuMF,2002,2002-12-31,143390,2706,7,0.9949729442596436
NeuMF,2002,2002-12-31,143390,3753,8,0.9936703443527222
NeuMF,2002,2002-12-31,143390,2490,9,0.9933643341064453
NeuMF,2002,2002-12-31,143390,3316,10,0.9933144450187683
NeuMF,2002,2002-12-31,143598,1487,1,0.9999829530715942
NeuMF,2002,2002-12-31,143598,595,2,0.9995287656784058
NeuMF,2002,2002-12-31,143598,2385,3,0.998688280582428
NeuMF,2002,2002-12-31,143598,3079,4,0.9986324906349182
NeuMF,2002,2002-12-31,143598,1027,5,0.9976639747619629
NeuMF,2002,2002-12-31,143598,2125,6,0.9974609613418579
NeuMF,2002,2002-12-31,143598,1672,7,0.9973811507225037
NeuMF,2002,2002-12-31,143598,1,8,0.9970537424087524
NeuMF,2002,2002-12-31,143598,2709,9,0.9969590902328491
NeuMF,2002,2002-12-31,143598,1059,10,0.9969460368156433
NeuMF,2002,2002-12-31,143962,1129,1,0.9973239898681641
NeuMF,2002,2002-12-31,143962,3254,2,0.9966997504234314
NeuMF,2002,2002-12-31,143962,2676,3,0.9966641068458557
NeuMF,2002,2002-12-31,143962,765,4,0.9961833357810974
NeuMF,2002,2002-12-31,143962,1021,5,0.996063768863678
NeuMF,2002,2002-12-31,143962,3681,6,0.9947412014007568
NeuMF,2002,2002-12-31,143962,3448,7,0.993990957736969
NeuMF,2002,2002-12-31,143962,3614,8,0.9939339756965637
NeuMF,2002,2002-12-31,143962,2134,9,0.9936853051185608
NeuMF,2002,2002-12-31,143962,3710,10,0.9929158687591553
NeuMF,2002,2002-12-31,145213,2762,1,0.9974314570426941
NeuMF,2002,2002-12-31,145213,2725,2,0.9969786405563354
NeuMF,2002,2002-12-31,145213,2791,3,0.9963411688804626
NeuMF,2002,2002-12-31,145213,2908,4,0.9963312745094299
NeuMF,2002,2002-12-31,145213,593,5,0.9958523511886597
NeuMF,2002,2002-12-31,145213,4345,6,0.994231641292572
NeuMF,2002,2002-12-31,145213,2321,7,0.9941079616546631
NeuMF,2002,2002-12-31,145213,2567,8,0.9917325973510742
NeuMF,2002,2002-12-31,145213,1307,9,0.9905332326889038
NeuMF,2002,2002-12-31,145213,1230,10,0.9904043674468994
NeuMF,2002,2002-12-31,145350,2671,1,0.9995480179786682
NeuMF,2002,2002-12-31,145350,852,2,0.9974138140678406
NeuMF,2002,2002-12-31,145350,1755,3,0.997241735458374
NeuMF,2002,2002-12-31,145350,236,4,0.9956978559494019
NeuMF,2002,2002-12-31,145350,3129,5,0.9945685863494873
NeuMF,2002,2002-12-31,145350,838,6,0.9944928884506226
NeuMF,2002,2002-12-31,145350,1409,7,0.9943587183952332
NeuMF,2002,2002-12-31,145350,1286,8,0.9926748871803284
NeuMF,2002,2002-12-31,145350,3039,9,0.9926210641860962
NeuMF,2002,2002-12-31,145350,708,10,0.9925859570503235
NeuMF,2002,2002-12-31,146063,4006,1,0.9998069405555725
NeuMF,2002,2002-12-31,146063,24,2,0.9992795586585999
NeuMF,2002,2002-12-31,146063,3826,3,0.9980533123016357
NeuMF,2002,2002-12-31,146063,4034,4,0.9977001547813416
NeuMF,2002,2002-12-31,146063,2701,5,0.9959414601325989
NeuMF,2002,2002-12-31,146063,2600,6,0.9957634210586548
NeuMF,2002,2002-12-31,146063,3999,7,0.9950690269470215
NeuMF,2002,2002-12-31,146063,3744,8,0.9947381615638733
NeuMF,2002,2002-12-31,146063,733,9,0.993668258190155
NeuMF,2002,2002-12-31,146063,3967,10,0.99247145652771
NeuMF,2002,2002-12-31,146307,3083,1,0.9993695616722107
NeuMF,2002,2002-12-31,146307,3578,2,0.9992511868476868
NeuMF,2002,2002-12-31,146307,3512,3,0.9979981780052185
NeuMF,2002,2002-12-31,146307,4226,4,0.9977503418922424
NeuMF,2002,2002-12-31,146307,3481,5,0.9973416924476624
NeuMF,2002,2002-12-31,146307,2692,6,0.9946410655975342
NeuMF,2002,2002-12-31,146307,3751,7,0.9941956400871277
NeuMF,2002,2002-12-31,146307,3994,8,0.9929889440536499
NeuMF,2002,2002-12-31,146307,3408,9,0.9913709163665771
NeuMF,2002,2002-12-31,146307,3624,10,0.9907503724098206
NeuMF,2002,2002-12-31,146419,2872,1,0.9993987083435059
NeuMF,2002,2002-12-31,146419,3704,2,0.9991970658302307
NeuMF,2002,2002-12-31,146419,2949,3,0.9990400671958923
NeuMF,2002,2002-12-31,146419,1690,4,0.9989942908287048
NeuMF,2002,2002-12-31,146419,2468,5,0.9986041188240051
NeuMF,2002,2002-12-31,146419,4084,6,0.9984232187271118
NeuMF,2002,2002-12-31,146419,3067,7,0.9981739521026611
NeuMF,2002,2002-12-31,146419,4443,8,0.997105062007904
NeuMF,2002,2002-12-31,146419,1201,9,0.9971023201942444
NeuMF,2002,2002-12-31,146419,2948,10,0.9969999194145203
NeuMF,2002,2002-12-31,146857,1276,1,0.9989708662033081
NeuMF,2002,2002-12-31,146857,3996,2,0.9981579184532166
NeuMF,2002,2002-12-31,146857,4226,3,0.9961028099060059
NeuMF,2002,2002-12-31,146857,902,4,0.9959742426872253
NeuMF,2002,2002-12-31,146857,920,5,0.9958611130714417
NeuMF,2002,2002-12-31,146857,1285,6,0.9956371188163757
NeuMF,2002,2002-12-31,146857,1272,7,0.9953340888023376
NeuMF,2002,2002-12-31,146857,954,8,0.9953094124794006
NeuMF,2002,2002-12-31,146857,1291,9,0.9951493144035339
NeuMF,2002,2002-12-31,146857,1203,10,0.9950804710388184
NeuMF,2002,2002-12-31,146876,4023,1,0.9991593360900879
NeuMF,2002,2002-12-31,146876,3969,2,0.9990190267562866
NeuMF,2002,2002-12-31,146876,4022,3,0.9982767105102539
NeuMF,2002,2002-12-31,146876,3717,4,0.9979116320610046
NeuMF,2002,2002-12-31,146876,2805,5,0.9977995753288269
NeuMF,2002,2002-12-31,146876,4246,6,0.9970393776893616
NeuMF,2002,2002-12-31,146876,3994,7,0.9969647526741028
NeuMF,2002,2002-12-31,146876,3980,8,0.9968083500862122
NeuMF,2002,2002-12-31,146876,4025,9,0.9966689944267273
NeuMF,2002,2002-12-31,146876,2571,10,0.9957202076911926
NeuMF,2002,2002-12-31,147102,2997,1,0.9998767375946045
NeuMF,2002,2002-12-31,147102,2723,2,0.9997478127479553
NeuMF,2002,2002-12-31,147102,3745,3,0.9995276927947998
NeuMF,2002,2002-12-31,147102,3175,4,0.9994807839393616
NeuMF,2002,2002-12-31,147102,3300,5,0.9993367791175842
NeuMF,2002,2002-12-31,147102,2572,6,0.9985285997390747
NeuMF,2002,2002-12-31,147102,2628,7,0.998496413230896
NeuMF,2002,2002-12-31,147102,3578,8,0.9982014894485474
NeuMF,2002,2002-12-31,147102,4022,9,0.9977145195007324
NeuMF,2002,2002-12-31,147102,2722,10,0.9975324869155884
NeuMF,2002,2002-12-31,147775,1020,1,0.9994743466377258
NeuMF,2002,2002-12-31,147775,1777,2,0.9987248778343201
NeuMF,2002,2002-12-31,147775,4306,3,0.9986855387687683
NeuMF,2002,2002-12-31,147775,2889,4,0.9985665678977966
NeuMF,2002,2002-12-31,147775,104,5,0.9982252717018127
NeuMF,2002,2002-12-31,147775,4141,6,0.9978591799736023
NeuMF,2002,2002-12-31,147775,4823,7,0.9978271126747131
NeuMF,2002,2002-12-31,147775,5,8,0.9967286586761475
NeuMF,2002,2002-12-31,147775,339,9,0.9965031147003174
NeuMF,2002,2002-12-31,147775,1380,10,0.9961620569229126
NeuMF,2002,2002-12-31,147779,2455,1,0.9974096417427063
NeuMF,2002,2002-12-31,147779,3527,2,0.9964003562927246
NeuMF,2002,2002-12-31,147779,260,3,0.992324709892273
NeuMF,2002,2002-12-31,147779,1240,4,0.9920245409011841
NeuMF,2002,2002-12-31,147779,2028,5,0.9914426207542419
NeuMF,2002,2002-12-31,147779,3006,6,0.9905810952186584
NeuMF,2002,2002-12-31,147779,541,7,0.9903407692909241
NeuMF,2002,2002-12-31,147779,2791,8,0.9896140694618225
NeuMF,2002,2002-12-31,147779,3072,9,0.9892153143882751
NeuMF,2002,2002-12-31,147779,1961,10,0.9866500496864319
NeuMF,2002,2002-12-31,147855,1069,1,0.9955690503120422
NeuMF,2002,2002-12-31,147855,1459,2,0.9937241673469543
NeuMF,2002,2002-12-31,147855,1552,3,0.9927680492401123
NeuMF,2002,2002-12-31,147855,913,4,0.9914551973342896
NeuMF,2002,2002-12-31,147855,1028,5,0.9910593628883362
NeuMF,2002,2002-12-31,147855,628,6,0.9906600117683411
NeuMF,2002,2002-12-31,147855,3176,7,0.9899042248725891
NeuMF,2002,2002-12-31,147855,1284,8,0.9898202419281006
NeuMF,2002,2002-12-31,147855,1834,9,0.9884645342826843
NeuMF,2002,2002-12-31,147855,1953,10,0.9871982932090759
NeuMF,2002,2002-12-31,147899,3201,1,0.9991440773010254
NeuMF,2002,2002-12-31,147899,1077,2,0.9988052845001221
NeuMF,2002,2002-12-31,147899,909,3,0.9985802173614502
NeuMF,2002,2002-12-31,147899,1252,4,0.9985466599464417
NeuMF,2002,2002-12-31,147899,3152,5,0.9983640313148499
NeuMF,2002,2002-12-31,147899,1136,6,0.9982811212539673
NeuMF,2002,2002-12-31,147899,1276,7,0.9982324242591858
NeuMF,2002,2002-12-31,147899,3504,8,0.9979458451271057
NeuMF,2002,2002-12-31,147899,3362,9,0.9975746273994446
NeuMF,2002,2002-12-31,147899,3359,10,0.9973757266998291
NeuMF,2002,2002-12-31,148164,2410,1,0.9992967844009399
NeuMF,2002,2002-12-31,148164,165,2,0.9970362186431885
NeuMF,2002,2002-12-31,148164,1982,3,0.9965983033180237
NeuMF,2002,2002-12-31,148164,1587,4,0.9965698719024658
NeuMF,2002,2002-12-31,148164,2109,5,0.9954671859741211
NeuMF,2002,2002-12-31,148164,1393,6,0.9954609274864197
NeuMF,2002,2002-12-31,148164,2409,7,0.9938335418701172
NeuMF,2002,2002-12-31,148164,2340,8,0.9933038353919983
NeuMF,2002,2002-12-31,148164,1641,9,0.9929312467575073
NeuMF,2002,2002-12-31,148164,1370,10,0.9925146698951721
NeuMF,2002,2002-12-31,148171,1673,1,0.9996960163116455
NeuMF,2002,2002-12-31,148171,1682,2,0.9995798468589783
NeuMF,2002,2002-12-31,148171,2336,3,0.9993945360183716
NeuMF,2002,2002-12-31,148171,2291,4,0.9988269209861755
NeuMF,2002,2002-12-31,148171,1639,5,0.998454213142395
NeuMF,2002,2002-12-31,148171,1580,6,0.9980908036231995
NeuMF,2002,2002-12-31,148171,2371,7,0.9977858066558838
NeuMF,2002,2002-12-31,148171,1732,8,0.9976123571395874
NeuMF,2002,2002-12-31,148171,1584,9,0.9969447255134583
NeuMF,2002,2002-12-31,148171,1183,10,0.9968606233596802
NeuMF,2002,2002-12-31,148282,2728,1,0.9992849230766296
NeuMF,2002,2002-12-31,148282,940,2,0.9978678226470947
NeuMF,2002,2002-12-31,148282,1207,3,0.9978098273277283
NeuMF,2002,2002-12-31,148282,3006,4,0.9966027736663818
NeuMF,2002,2002-12-31,148282,947,5,0.9956620335578918
NeuMF,2002,2002-12-31,148282,1931,6,0.9955316781997681
NeuMF,2002,2002-12-31,148282,2351,7,0.9948577880859375
NeuMF,2002,2002-12-31,148282,1198,8,0.9928808212280273
NeuMF,2002,2002-12-31,148282,900,9,0.9922722578048706
NeuMF,2002,2002-12-31,148282,1927,10,0.9919446110725403
NeuMF,2002,2002-12-31,148338,3007,1,0.9993081092834473
NeuMF,2002,2002-12-31,148338,2912,2,0.9992893934249878
NeuMF,2002,2002-12-31,148338,4210,3,0.9989802241325378
NeuMF,2002,2002-12-31,148338,3758,4,0.9979549646377563
NeuMF,2002,2002-12-31,148338,1321,5,0.997533917427063
NeuMF,2002,2002-12-31,148338,1215,6,0.9969586133956909
NeuMF,2002,2002-12-31,148338,2872,7,0.9968296885490417
NeuMF,2002,2002-12-31,148338,3763,8,0.9966495633125305
NeuMF,2002,2002-12-31,148338,3783,9,0.996494710445404
NeuMF,2002,2002-12-31,148338,3210,10,0.9953657388687134
NeuMF,2002,2002-12-31,148391,2421,1,0.9970844388008118
NeuMF,2002,2002-12-31,148391,4638,2,0.9962189793586731
NeuMF,2002,2002-12-31,148391,3186,3,0.9943118095397949
NeuMF,2002,2002-12-31,148391,3578,4,0.9936681389808655
NeuMF,2002,2002-12-31,148391,3155,5,0.9932102560997009
NeuMF,2002,2002-12-31,148391,2803,6,0.9931994080543518
NeuMF,2002,2002-12-31,148391,3448,7,0.9909177422523499
NeuMF,2002,2002-12-31,148391,1515,8,0.9898440837860107
NeuMF,2002,2002-12-31,148391,3686,9,0.9894242882728577
NeuMF,2002,2002-12-31,148391,3208,10,0.9889382123947144
NeuMF,2002,2002-12-31,148399,4024,1,0.9992475509643555
NeuMF,2002,2002-12-31,148399,265,2,0.9991281628608704
NeuMF,2002,2002-12-31,148399,1600,3,0.9989383816719055
NeuMF,2002,2002-12-31,148399,215,4,0.9983661770820618
NeuMF,2002,2002-12-31,148399,425,5,0.9975977540016174
NeuMF,2002,2002-12-31,148399,17,6,0.9972243309020996
NeuMF,2002,2002-12-31,148399,2443,7,0.9966273903846741
NeuMF,2002,2002-12-31,148399,2908,8,0.9959442019462585
NeuMF,2002,2002-12-31,148399,3079,9,0.9955158829689026
NeuMF,2002,2002-12-31,148399,1733,10,0.9949880838394165
NeuMF,2002,2002-12-31,148584,4679,1,0.9985516667366028
NeuMF,2002,2002-12-31,148584,3114,2,0.9968723654747009
NeuMF,2002,2002-12-31,148584,3408,3,0.9968420267105103
NeuMF,2002,2002-12-31,148584,2858,4,0.9963757395744324
NeuMF,2002,2002-12-31,148584,3526,5,0.9963468909263611
NeuMF,2002,2002-12-31,148584,1663,6,0.9953256845474243
NeuMF,2002,2002-12-31,148584,1968,7,0.9951221346855164
NeuMF,2002,2002-12-31,148584,1285,8,0.9947338104248047
NeuMF,2002,2002-12-31,148584,2302,9,0.9946461319923401
NeuMF,2002,2002-12-31,148584,2700,10,0.9933741688728333
NeuMF,2002,2002-12-31,148709,1077,1,0.9998297691345215
NeuMF,2002,2002-12-31,148709,2528,2,0.9994055032730103
NeuMF,2002,2002-12-31,148709,2971,3,0.9989056587219238
NeuMF,2002,2002-12-31,148709,1964,4,0.9988248944282532
NeuMF,2002,2002-12-31,148709,1307,5,0.9988239407539368
NeuMF,2002,2002-12-31,148709,1230,6,0.9985212683677673
NeuMF,2002,2002-12-31,148709,2085,7,0.9983128309249878
NeuMF,2002,2002-12-31,148709,2819,8,0.9981977343559265
NeuMF,2002,2002-12-31,148709,2524,9,0.9981836676597595
NeuMF,2002,2002-12-31,148709,2535,10,0.997355580329895
NeuMF,2002,2002-12-31,149190,3793,1,0.9960353970527649
NeuMF,2002,2002-12-31,149190,3753,2,0.9938767552375793
NeuMF,2002,2002-12-31,149190,1198,3,0.9933305382728577
NeuMF,2002,2002-12-31,149190,480,4,0.9929815530776978
NeuMF,2002,2002-12-31,149190,1240,5,0.9929686188697815
NeuMF,2002,2002-12-31,149190,1270,6,0.9828974604606628
NeuMF,2002,2002-12-31,149190,780,7,0.9784930348396301
NeuMF,2002,2002-12-31,149190,2858,8,0.9776102900505066
NeuMF,2002,2002-12-31,149190,3623,9,0.9776074290275574
NeuMF,2002,2002-12-31,149190,2028,10,0.9734085202217102
NeuMF,2002,2002-12-31,149210,3175,1,0.9998718500137329
NeuMF,2002,2002-12-31,149210,3081,2,0.9998435974121094
NeuMF,2002,2002-12-31,149210,2763,3,0.999828577041626
NeuMF,2002,2002-12-31,149210,3578,4,0.9995715022087097
NeuMF,2002,2002-12-31,149210,2826,5,0.9994834661483765
NeuMF,2002,2002-12-31,149210,2702,6,0.9990801811218262
NeuMF,2002,2002-12-31,149210,3984,7,0.9988025426864624
NeuMF,2002,2002-12-31,149210,2428,8,0.9987406134605408
NeuMF,2002,2002-12-31,149210,2716,9,0.9983507394790649
NeuMF,2002,2002-12-31,149210,2571,10,0.9983260035514832
NeuMF,2002,2002-12-31,149391,1264,1,0.999576985836029
NeuMF,2002,2002-12-31,149391,678,2,0.9990476965904236
NeuMF,2002,2002-12-31,149391,1234,3,0.9990038275718689
NeuMF,2002,2002-12-31,149391,1446,4,0.9987871050834656
NeuMF,2002,2002-12-31,149391,1267,5,0.9984186887741089
NeuMF,2002,2002-12-31,149391,1217,6,0.9980083107948303
NeuMF,2002,2002-12-31,149391,1244,7,0.9979863166809082
NeuMF,2002,2002-12-31,149391,1300,8,0.9976937174797058
NeuMF,2002,2002-12-31,149391,1207,9,0.9976539015769958
NeuMF,2002,2002-12-31,149391,904,10,0.9971380233764648
NeuMF,2002,2002-12-31,149581,1376,1,0.9991004467010498
NeuMF,2002,2002-12-31,149581,950,2,0.9988468885421753
NeuMF,2002,2002-12-31,149581,13,3,0.9954710006713867
NeuMF,2002,2002-12-31,149581,3175,4,0.9929530024528503
NeuMF,2002,2002-12-31,149581,904,5,0.9929255247116089
NeuMF,2002,2002-12-31,149581,2985,6,0.9926350712776184
NeuMF,2002,2002-12-31,149581,164,7,0.9926272034645081
NeuMF,2002,2002-12-31,149581,3405,8,0.991929292678833
NeuMF,2002,2002-12-31,149581,1747,9,0.9918028712272644
NeuMF,2002,2002-12-31,149581,45,10,0.9914674758911133
NeuMF,2002,2002-12-31,149825,610,1,0.9945064187049866
NeuMF,2002,2002-12-31,149825,1215,2,0.9923811554908752
NeuMF,2002,2002-12-31,149825,1220,3,0.9919466376304626
NeuMF,2002,2002-12-31,149825,1297,4,0.9914331436157227
NeuMF,2002,2002-12-31,149825,507,5,0.9894825220108032
NeuMF,2002,2002-12-31,149825,2490,6,0.9881343245506287
NeuMF,2002,2002-12-31,149825,358,7,0.9853840470314026
NeuMF,2002,2002-12-31,149825,1231,8,0.9852338433265686
NeuMF,2002,2002-12-31,149825,508,9,0.9842661619186401
NeuMF,2002,2002-12-31,149825,1374,10,0.9842623472213745
NeuMF,2002,2002-12-31,150456,3317,1,0.9994370341300964
NeuMF,2002,2002-12-31,150456,3029,2,0.9982137680053711
NeuMF,2002,2002-12-31,150456,1380,3,0.9981234669685364
NeuMF,2002,2002-12-31,150456,1729,4,0.9980517625808716
NeuMF,2002,2002-12-31,150456,1721,5,0.9963765740394592
NeuMF,2002,2002-12-31,150456,1617,6,0.9963667392730713
NeuMF,2002,2002-12-31,150456,3168,7,0.9950664043426514
NeuMF,2002,2002-12-31,150456,1544,8,0.9950344562530518
NeuMF,2002,2002-12-31,150456,3160,9,0.9948114156723022
NeuMF,2002,2002-12-31,150456,2194,10,0.994541585445404
NeuMF,2002,2002-12-31,150681,2624,1,0.9991219639778137
NeuMF,2002,2002-12-31,150681,2075,2,0.9989010095596313
NeuMF,2002,2002-12-31,150681,1428,3,0.9981691837310791
NeuMF,2002,2002-12-31,150681,1038,4,0.9970142841339111
NeuMF,2002,2002-12-31,150681,1695,5,0.9966688752174377
NeuMF,2002,2002-12-31,150681,1542,6,0.996154248714447
NeuMF,2002,2002-12-31,150681,331,7,0.9960986375808716
NeuMF,2002,2002-12-31,150681,1885,8,0.9959757924079895
NeuMF,2002,2002-12-31,150681,2360,9,0.9957059025764465
NeuMF,2002,2002-12-31,150681,1537,10,0.9954593777656555
NeuMF,2002,2002-12-31,150869,2137,1,0.999982476234436
NeuMF,2002,2002-12-31,150869,661,2,0.9998311996459961
NeuMF,2002,2002-12-31,150869,2125,3,0.9993246793746948
NeuMF,2002,2002-12-31,150869,1566,4,0.9992207288742065
NeuMF,2002,2002-12-31,150869,1,5,0.998857855796814
NeuMF,2002,2002-12-31,150869,1022,6,0.9982863068580627
NeuMF,2002,2002-12-31,150869,1911,7,0.9981285929679871
NeuMF,2002,2002-12-31,150869,1801,8,0.9978064894676208
NeuMF,2002,2002-12-31,150869,2355,9,0.9976271986961365
NeuMF,2002,2002-12-31,150869,1073,10,0.997470498085022
NeuMF,2002,2002-12-31,150884,1147,1,0.9987128973007202
NeuMF,2002,2002-12-31,150884,1264,2,0.9972678422927856
NeuMF,2002,2002-12-31,150884,940,3,0.9965206384658813
NeuMF,2002,2002-12-31,150884,2599,4,0.9958286881446838
NeuMF,2002,2002-12-31,150884,2289,5,0.9949707984924316
NeuMF,2002,2002-12-31,150884,2866,6,0.9944721460342407
NeuMF,2002,2002-12-31,150884,922,7,0.9944333434104919
NeuMF,2002,2002-12-31,150884,2020,8,0.9936311841011047
NeuMF,2002,2002-12-31,150884,1,9,0.9928969740867615
NeuMF,2002,2002-12-31,150884,2078,10,0.9926401972770691
NeuMF,2002,2002-12-31,150917,1912,1,0.9998759031295776
NeuMF,2002,2002-12-31,150917,3241,2,0.9994254112243652
NeuMF,2002,2002-12-31,150917,4306,3,0.999175488948822
NeuMF,2002,2002-12-31,150917,4117,4,0.9976859092712402
NeuMF,2002,2002-12-31,150917,4029,5,0.9963499307632446
NeuMF,2002,2002-12-31,150917,4103,6,0.9962427616119385
NeuMF,2002,2002-12-31,150917,4378,7,0.9957526922225952
NeuMF,2002,2002-12-31,150917,3538,8,0.9947591423988342
NeuMF,2002,2002-12-31,150917,1230,9,0.9937521815299988
NeuMF,2002,2002-12-31,150917,2329,10,0.9934326410293579
NeuMF,2002,2002-12-31,151111,2391,1,0.999151349067688
NeuMF,2002,2002-12-31,151111,2186,2,0.9990760087966919
NeuMF,2002,2002-12-31,151111,1912,3,0.9988911747932434
NeuMF,2002,2002-12-31,151111,199,4,0.9987114667892456
NeuMF,2002,2002-12-31,151111,164,5,0.9981305003166199
NeuMF,2002,2002-12-31,151111,2353,6,0.9979435801506042
NeuMF,2002,2002-12-31,151111,3176,7,0.9977266192436218
NeuMF,2002,2002-12-31,151111,3983,8,0.9974343180656433
NeuMF,2002,2002-12-31,151111,1589,9,0.9966937303543091
NeuMF,2002,2002-12-31,151111,2184,10,0.996619701385498
NeuMF,2002,2002-12-31,151563,2155,1,0.9946011304855347
NeuMF,2002,2002-12-31,151563,3148,2,0.9936836957931519
NeuMF,2002,2002-12-31,151563,2804,3,0.9877713918685913
NeuMF,2002,2002-12-31,151563,3363,4,0.9871395230293274
NeuMF,2002,2002-12-31,151563,1230,5,0.9843612909317017
NeuMF,2002,2002-12-31,151563,3178,6,0.9835605621337891
NeuMF,2002,2002-12-31,151563,2064,7,0.9829670190811157
NeuMF,2002,2002-12-31,151563,1320,8,0.9803376197814941
NeuMF,2002,2002-12-31,151563,223,9,0.9753005504608154
NeuMF,2002,2002-12-31,151563,3546,10,0.9747267961502075
NeuMF,2002,2002-12-31,151622,2206,1,0.999553382396698
NeuMF,2002,2002-12-31,151622,1937,2,0.999505877494812
NeuMF,2002,2002-12-31,151622,2099,3,0.9983951449394226
NeuMF,2002,2002-12-31,151622,2398,4,0.9981685876846313
NeuMF,2002,2002-12-31,151622,911,5,0.9975841045379639
NeuMF,2002,2002-12-31,151622,904,6,0.9971451163291931
NeuMF,2002,2002-12-31,151622,1253,7,0.9959755539894104
NeuMF,2002,2002-12-31,151622,1387,8,0.9950966238975525
NeuMF,2002,2002-12-31,151622,914,9,0.9949064254760742
NeuMF,2002,2002-12-31,151622,3097,10,0.9949039220809937
NeuMF,2002,2002-12-31,152231,328,1,0.9981046915054321
NeuMF,2002,2002-12-31,152231,76,2,0.9977971315383911
NeuMF,2002,2002-12-31,152231,2781,3,0.9973983764648438
NeuMF,2002,2002-12-31,152231,1713,4,0.9973134398460388
NeuMF,2002,2002-12-31,152231,3826,5,0.99715256690979
NeuMF,2002,2002-12-31,152231,1331,6,0.9970748424530029
NeuMF,2002,2002-12-31,152231,2900,7,0.9962181448936462
NeuMF,2002,2002-12-31,152231,1127,8,0.9940813183784485
NeuMF,2002,2002-12-31,152231,2722,9,0.9930303692817688
NeuMF,2002,2002-12-31,152231,799,10,0.9912860989570618
NeuMF,2002,2002-12-31,152291,2580,1,0.9992103576660156
NeuMF,2002,2002-12-31,152291,858,2,0.998950183391571
NeuMF,2002,2002-12-31,152291,1291,3,0.9984971284866333
NeuMF,2002,2002-12-31,152291,1222,4,0.997657060623169
NeuMF,2002,2002-12-31,152291,1059,5,0.9967709183692932
NeuMF,2002,2002-12-31,152291,1387,6,0.9963774085044861
NeuMF,2002,2002-12-31,152291,2723,7,0.9962339997291565
NeuMF,2002,2002-12-31,152291,1032,8,0.9961502552032471
NeuMF,2002,2002-12-31,152291,1127,9,0.9949356317520142
NeuMF,2002,2002-12-31,152291,1009,10,0.9947633743286133
NeuMF,2002,2002-12-31,152408,1196,1,0.9989159107208252
NeuMF,2002,2002-12-31,152408,260,2,0.9985969662666321
NeuMF,2002,2002-12-31,152408,1198,3,0.9962806105613708
NeuMF,2002,2002-12-31,152408,2959,4,0.9956172704696655
NeuMF,2002,2002-12-31,152408,1214,5,0.9932492971420288
NeuMF,2002,2002-12-31,152408,1127,6,0.9926856756210327
NeuMF,2002,2002-12-31,152408,3300,7,0.9922743439674377
NeuMF,2002,2002-12-31,152408,3081,8,0.9917396306991577
NeuMF,2002,2002-12-31,152408,2692,9,0.9913848638534546
NeuMF,2002,2002-12-31,152408,1197,10,0.9912346601486206
NeuMF,2002,2002-12-31,152846,4029,1,0.999671459197998
NeuMF,2002,2002-12-31,152846,4367,2,0.9973620772361755
NeuMF,2002,2002-12-31,152846,2021,3,0.9941725134849548
NeuMF,2002,2002-12-31,152846,3996,4,0.9936864972114563
NeuMF,2002,2002-12-31,152846,3538,5,0.9928312301635742
NeuMF,2002,2002-12-31,152846,316,6,0.9923703670501709
NeuMF,2002,2002-12-31,152846,85,7,0.9923669695854187
NeuMF,2002,2002-12-31,152846,1874,8,0.991945207118988
NeuMF,2002,2002-12-31,152846,172,9,0.9918226599693298
NeuMF,2002,2002-12-31,152846,4304,10,0.99174964427948
NeuMF,2002,2002-12-31,153053,2143,1,0.9991132616996765
NeuMF,2002,2002-12-31,153053,3247,2,0.9977337121963501
NeuMF,2002,2002-12-31,153053,830,3,0.9971207976341248
NeuMF,2002,2002-12-31,153053,3668,4,0.9957218170166016
NeuMF,2002,2002-12-31,153053,236,5,0.9922985434532166
NeuMF,2002,2002-12-31,153053,2081,6,0.9903000593185425
NeuMF,2002,2002-12-31,153053,4080,7,0.989815354347229
NeuMF,2002,2002-12-31,153053,2671,8,0.9896652102470398
NeuMF,2002,2002-12-31,153053,351,9,0.9885440468788147
NeuMF,2002,2002-12-31,153053,2581,10,0.9880731701850891
NeuMF,2002,2002-12-31,153077,2243,1,0.9978343844413757
NeuMF,2002,2002-12-31,153077,2779,2,0.9976803064346313
NeuMF,2002,2002-12-31,153077,2915,3,0.995832622051239
NeuMF,2002,2002-12-31,153077,105,4,0.9951820969581604
NeuMF,2002,2002-12-31,153077,2262,5,0.9937570095062256
NeuMF,2002,2002-12-31,153077,1247,6,0.9929558038711548
NeuMF,2002,2002-12-31,153077,3006,7,0.9921751618385315
NeuMF,2002,2002-12-31,153077,2866,8,0.9918306469917297
NeuMF,2002,2002-12-31,153077,1441,9,0.9914532899856567
NeuMF,2002,2002-12-31,153077,2418,10,0.9900897741317749
NeuMF,2002,2002-12-31,153172,3869,1,0.9984832406044006
NeuMF,2002,2002-12-31,153172,4361,2,0.9969118237495422
NeuMF,2002,2002-12-31,153172,4018,3,0.9968358874320984
NeuMF,2002,2002-12-31,153172,1409,4,0.9967920184135437
NeuMF,2002,2002-12-31,153172,1101,5,0.9962629675865173
NeuMF,2002,2002-12-31,153172,805,6,0.9955127835273743
NeuMF,2002,2002-12-31,153172,4002,7,0.9947183728218079
NeuMF,2002,2002-12-31,153172,4084,8,0.9932263493537903
NeuMF,2002,2002-12-31,153172,4085,9,0.9925083518028259
NeuMF,2002,2002-12-31,153172,4351,10,0.9920511841773987
NeuMF,2002,2002-12-31,154568,480,1,0.9989873766899109
NeuMF,2002,2002-12-31,154568,50,2,0.9988848567008972
NeuMF,2002,2002-12-31,154568,161,3,0.9986758828163147
NeuMF,2002,2002-12-31,154568,349,4,0.9977769255638123
NeuMF,2002,2002-12-31,154568,150,5,0.9973879456520081
NeuMF,2002,2002-12-31,154568,590,6,0.996825098991394
NeuMF,2002,2002-12-31,154568,47,7,0.9922890067100525
NeuMF,2002,2002-12-31,154568,377,8,0.9879125952720642
NeuMF,2002,2002-12-31,154568,1036,9,0.9832628965377808
NeuMF,2002,2002-12-31,154568,293,10,0.9827142357826233
NeuMF,2002,2002-12-31,154753,2519,1,0.9992855191230774
NeuMF,2002,2002-12-31,154753,2454,2,0.9992703795433044
NeuMF,2002,2002-12-31,154753,724,3,0.9990535378456116
NeuMF,2002,2002-12-31,154753,2377,4,0.9986373782157898
NeuMF,2002,2002-12-31,154753,2118,5,0.9985451698303223
NeuMF,2002,2002-12-31,154753,3917,6,0.9979608058929443
NeuMF,2002,2002-12-31,154753,2097,7,0.9978571534156799
NeuMF,2002,2002-12-31,154753,909,8,0.9976620674133301
NeuMF,2002,2002-12-31,154753,1248,9,0.9976387023925781
NeuMF,2002,2002-12-31,154753,3471,10,0.9975663423538208
NeuMF,2002,2002-12-31,155185,1197,1,0.9995030164718628
NeuMF,2002,2002-12-31,155185,3396,2,0.9977272152900696
NeuMF,2002,2002-12-31,155185,919,3,0.9964756369590759
NeuMF,2002,2002-12-31,155185,2414,4,0.996283233165741
NeuMF,2002,2002-12-31,155185,2736,5,0.9961596727371216
NeuMF,2002,2002-12-31,155185,914,6,0.9938763976097107
NeuMF,2002,2002-12-31,155185,1257,7,0.9932060241699219
NeuMF,2002,2002-12-31,155185,2926,8,0.9928188920021057
NeuMF,2002,2002-12-31,155185,3868,9,0.9916257262229919
NeuMF,2002,2002-12-31,155185,923,10,0.9915640354156494
NeuMF,2002,2002-12-31,155239,569,1,0.9984893798828125
NeuMF,2002,2002-12-31,155239,1013,2,0.9982243180274963
NeuMF,2002,2002-12-31,155239,1028,3,0.9961702227592468
NeuMF,2002,2002-12-31,155239,364,4,0.9960222840309143
NeuMF,2002,2002-12-31,155239,2059,5,0.994853675365448
NeuMF,2002,2002-12-31,155239,3421,6,0.9940904974937439
NeuMF,2002,2002-12-31,155239,2479,7,0.993282675743103
NeuMF,2002,2002-12-31,155239,2082,8,0.9910332560539246
NeuMF,2002,2002-12-31,155239,1907,9,0.9907633662223816
NeuMF,2002,2002-12-31,155239,2081,10,0.9896766543388367
NeuMF,2002,2002-12-31,155671,3821,1,0.9974810481071472
NeuMF,2002,2002-12-31,155671,647,2,0.9967652559280396
NeuMF,2002,2002-12-31,155671,809,3,0.9944783449172974
NeuMF,2002,2002-12-31,155671,1673,4,0.9934508800506592
NeuMF,2002,2002-12-31,155671,2490,5,0.9929209351539612
NeuMF,2002,2002-12-31,155671,4306,6,0.9926866292953491
NeuMF,2002,2002-12-31,155671,480,7,0.9919054508209229
NeuMF,2002,2002-12-31,155671,2268,8,0.991872251033783
NeuMF,2002,2002-12-31,155671,3268,9,0.9907909631729126
NeuMF,2002,2002-12-31,155671,1676,10,0.9880318641662598
NeuMF,2002,2002-12-31,156066,2273,1,0.9995493292808533
NeuMF,2002,2002-12-31,156066,2628,2,0.9994825124740601
NeuMF,2002,2002-12-31,156066,3996,3,0.999462902545929
NeuMF,2002,2002-12-31,156066,2723,4,0.999415397644043
NeuMF,2002,2002-12-31,156066,2916,5,0.9987020492553711
NeuMF,2002,2002-12-31,156066,3175,6,0.9981592297554016
NeuMF,2002,2002-12-31,156066,2700,7,0.9978274703025818
NeuMF,2002,2002-12-31,156066,3826,8,0.9978235960006714
NeuMF,2002,2002-12-31,156066,2353,9,0.9975878000259399
NeuMF,2002,2002-12-31,156066,2706,10,0.9972977042198181
NeuMF,2002,2002-12-31,156432,3598,1,0.998788058757782
NeuMF,2002,2002-12-31,156432,1730,2,0.997569739818573
NeuMF,2002,2002-12-31,156432,2745,3,0.996767520904541
NeuMF,2002,2002-12-31,156432,1012,4,0.9965407252311707
NeuMF,2002,2002-12-31,156432,3100,5,0.9961661100387573
NeuMF,2002,2002-12-31,156432,2114,6,0.9941338896751404
NeuMF,2002,2002-12-31,156432,164,7,0.9932550191879272
NeuMF,2002,2002-12-31,156432,986,8,0.9929563999176025
NeuMF,2002,2002-12-31,156432,3699,9,0.9924431443214417
NeuMF,2002,2002-12-31,156432,2193,10,0.99016934633255
NeuMF,2002,2002-12-31,156854,1726,1,0.9976473450660706
NeuMF,2002,2002-12-31,156854,531,2,0.9963915944099426
NeuMF,2002,2002-12-31,156854,1099,3,0.996145486831665
NeuMF,2002,2002-12-31,156854,919,4,0.9959957599639893
NeuMF,2002,2002-12-31,156854,1673,5,0.9956269264221191
NeuMF,2002,2002-12-31,156854,1246,6,0.9942561984062195
NeuMF,2002,2002-12-31,156854,1961,7,0.9929157495498657
NeuMF,2002,2002-12-31,156854,1927,8,0.9891523122787476
NeuMF,2002,2002-12-31,156854,24,9,0.988986611366272
NeuMF,2002,2002-12-31,156854,1952,10,0.9886321425437927
NeuMF,2002,2002-12-31,156926,1243,1,0.9970316886901855
NeuMF,2002,2002-12-31,156926,1894,2,0.9949931502342224
NeuMF,2002,2002-12-31,156926,2405,3,0.9943602681159973
NeuMF,2002,2002-12-31,156926,2046,4,0.9939900636672974
NeuMF,2002,2002-12-31,156926,3,5,0.9939208030700684
NeuMF,2002,2002-12-31,156926,2193,6,0.9935408234596252
NeuMF,2002,2002-12-31,156926,2413,7,0.99339759349823
NeuMF,2002,2002-12-31,156926,333,8,0.9932437539100647
NeuMF,2002,2002-12-31,156926,3361,9,0.9932094216346741
NeuMF,2002,2002-12-31,156926,1784,10,0.9930017590522766
NeuMF,2002,2002-12-31,157080,1784,1,0.9976698756217957
NeuMF,2002,2002-12-31,157080,2712,2,0.997417688369751
NeuMF,2002,2002-12-31,157080,1358,3,0.9972246885299683
NeuMF,2002,2002-12-31,157080,4246,4,0.9964113831520081
NeuMF,2002,2002-12-31,157080,1357,5,0.9951614737510681
NeuMF,2002,2002-12-31,157080,2355,6,0.9940029978752136
NeuMF,2002,2002-12-31,157080,1210,7,0.9935492873191833
NeuMF,2002,2002-12-31,157080,3977,8,0.9934665560722351
NeuMF,2002,2002-12-31,157080,3911,9,0.9923134446144104
NeuMF,2002,2002-12-31,157080,4022,10,0.9918510317802429
NeuMF,2002,2002-12-31,157093,1485,1,0.9974537491798401
NeuMF,2002,2002-12-31,157093,104,2,0.9954627156257629
NeuMF,2002,2002-12-31,157093,1784,3,0.993648111820221
NeuMF,2002,2002-12-31,157093,1569,4,0.9921870231628418
NeuMF,2002,2002-12-31,157093,1641,5,0.9919983744621277
NeuMF,2002,2002-12-31,157093,1476,6,0.9917104840278625
NeuMF,2002,2002-12-31,157093,1721,7,0.9911953210830688
NeuMF,2002,2002-12-31,157093,1265,8,0.9911094903945923
NeuMF,2002,2002-12-31,157093,1835,9,0.9910609126091003
NeuMF,2002,2002-12-31,157093,1500,10,0.9907007217407227
NeuMF,2002,2002-12-31,158092,4285,1,0.9996465444564819
NeuMF,2002,2002-12-31,158092,4299,2,0.9996370077133179
NeuMF,2002,2002-12-31,158092,4447,3,0.9994425177574158
NeuMF,2002,2002-12-31,158092,276,4,0.9993042945861816
NeuMF,2002,2002-12-31,158092,4912,5,0.9990317821502686
NeuMF,2002,2002-12-31,158092,4238,6,0.9986410737037659
NeuMF,2002,2002-12-31,158092,2340,7,0.9986139535903931
NeuMF,2002,2002-12-31,158092,186,8,0.997748076915741
NeuMF,2002,2002-12-31,158092,2558,9,0.9974735379219055
NeuMF,2002,2002-12-31,158092,945,10,0.9958567023277283
NeuMF,2002,2002-12-31,158142,4262,1,0.9997443556785583
NeuMF,2002,2002-12-31,158142,3566,2,0.9987986087799072
NeuMF,2002,2002-12-31,158142,1201,3,0.9980583786964417
NeuMF,2002,2002-12-31,158142,3967,4,0.998049259185791
NeuMF,2002,2002-12-31,158142,4027,5,0.9979605674743652
NeuMF,2002,2002-12-31,158142,2890,6,0.9974856376647949
NeuMF,2002,2002-12-31,158142,3993,7,0.997363269329071
NeuMF,2002,2002-12-31,158142,3083,8,0.9964489936828613
NeuMF,2002,2002-12-31,158142,1208,9,0.9955653548240662
NeuMF,2002,2002-12-31,158142,3983,10,0.9939080476760864
NeuMF,2002,2002-12-31,158634,3438,1,0.9963112473487854
NeuMF,2002,2002-12-31,158634,594,2,0.9958654642105103
NeuMF,2002,2002-12-31,158634,923,3,0.9957832098007202
NeuMF,2002,2002-12-31,158634,551,4,0.9956028461456299
NeuMF,2002,2002-12-31,158634,745,5,0.9950673580169678
NeuMF,2002,2002-12-31,158634,720,6,0.9946871995925903
NeuMF,2002,2002-12-31,158634,2355,7,0.9944203495979309
NeuMF,2002,2002-12-31,158634,2093,8,0.9929206967353821
NeuMF,2002,2002-12-31,158634,1196,9,0.9927645325660706
NeuMF,2002,2002-12-31,158634,2628,10,0.9921642541885376
NeuMF,2002,2002-12-31,159460,2700,1,0.9999074935913086
NeuMF,2002,2002-12-31,159460,39,2,0.9985009431838989
NeuMF,2002,2002-12-31,159460,1476,3,0.9979793429374695
NeuMF,2002,2002-12-31,159460,2694,4,0.9976715445518494
NeuMF,2002,2002-12-31,159460,2027,5,0.997439980506897
NeuMF,2002,2002-12-31,159460,1379,6,0.9956835508346558
NeuMF,2002,2002-12-31,159460,3450,7,0.995593249797821
NeuMF,2002,2002-12-31,159460,216,8,0.9951441287994385
NeuMF,2002,2002-12-31,159460,2447,9,0.9939016103744507
NeuMF,2002,2002-12-31,159460,2804,10,0.9934872388839722
NeuMF,2002,2002-12-31,159661,1997,1,0.9994705319404602
NeuMF,2002,2002-12-31,159661,1219,2,0.9990154504776001
NeuMF,2002,2002-12-31,159661,2692,3,0.9985594153404236
NeuMF,2002,2002-12-31,159661,551,4,0.9982492923736572
NeuMF,2002,2002-12-31,159661,1200,5,0.9982458353042603
NeuMF,2002,2002-12-31,159661,3114,6,0.9978227615356445
NeuMF,2002,2002-12-31,159661,4034,7,0.9976778626441956
NeuMF,2002,2002-12-31,159661,1198,8,0.9974755644798279
NeuMF,2002,2002-12-31,159661,3793,9,0.9973644614219666
NeuMF,2002,2002-12-31,159661,3897,10,0.9968662858009338
NeuMF,2002,2002-12-31,159817,3083,1,0.9994693398475647
NeuMF,2002,2002-12-31,159817,2920,2,0.9992488026618958
NeuMF,2002,2002-12-31,159817,2066,3,0.999161958694458
NeuMF,2002,2002-12-31,159817,2495,4,0.9991005659103394
NeuMF,2002,2002-12-31,159817,1237,5,0.9988916516304016
NeuMF,2002,2002-12-31,159817,4077,6,0.998820960521698
NeuMF,2002,2002-12-31,159817,3198,7,0.9987786412239075
NeuMF,2002,2002-12-31,159817,3030,8,0.9986886382102966
NeuMF,2002,2002-12-31,159817,3006,9,0.9975370168685913
NeuMF,2002,2002-12-31,159817,3266,10,0.9962307810783386
NeuMF,2002,2002-12-31,160658,3179,1,0.9997596144676208
NeuMF,2002,2002-12-31,160658,162,2,0.9995298385620117
NeuMF,2002,2002-12-31,160658,1513,3,0.9992176294326782
NeuMF,2002,2002-12-31,160658,2639,4,0.999203622341156
NeuMF,2002,2002-12-31,160658,2348,5,0.9989063739776611
NeuMF,2002,2002-12-31,160658,461,6,0.9987668991088867
NeuMF,2002,2002-12-31,160658,2318,7,0.9982331991195679
NeuMF,2002,2002-12-31,160658,1173,8,0.9981824159622192
NeuMF,2002,2002-12-31,160658,1966,9,0.9981525540351868
NeuMF,2002,2002-12-31,160658,446,10,0.9980408549308777
NeuMF,2002,2002-12-31,161165,232,1,0.9982692003250122
NeuMF,2002,2002-12-31,161165,994,2,0.9978495836257935
NeuMF,2002,2002-12-31,161165,1188,3,0.9976578950881958
NeuMF,2002,2002-12-31,161165,535,4,0.9972453117370605
NeuMF,2002,2002-12-31,161165,111,5,0.9959686994552612
NeuMF,2002,2002-12-31,161165,800,6,0.9953141212463379
NeuMF,2002,2002-12-31,161165,1228,7,0.9940940737724304
NeuMF,2002,2002-12-31,161165,1784,8,0.9940086603164673
NeuMF,2002,2002-12-31,161165,2068,9,0.9932582378387451
NeuMF,2002,2002-12-31,161165,448,10,0.9928841590881348
NeuMF,2002,2002-12-31,161681,720,1,0.9991419315338135
NeuMF,2002,2002-12-31,161681,2702,2,0.9961742758750916
NeuMF,2002,2002-12-31,161681,2730,3,0.9927430152893066
NeuMF,2002,2002-12-31,161681,2726,4,0.9920369386672974
NeuMF,2002,2002-12-31,161681,1344,5,0.9913122057914734
NeuMF,2002,2002-12-31,161681,1227,6,0.9895787835121155
NeuMF,2002,2002-12-31,161681,1089,7,0.9888335466384888
NeuMF,2002,2002-12-31,161681,2524,8,0.9882667660713196
NeuMF,2002,2002-12-31,161681,581,9,0.9877572059631348
NeuMF,2002,2002-12-31,161681,2396,10,0.986417293548584
NeuMF,2002,2002-12-31,161740,1132,1,0.9991924166679382
NeuMF,2002,2002-12-31,161740,306,2,0.9988079071044922
NeuMF,2002,2002-12-31,161740,1225,3,0.9984046816825867
NeuMF,2002,2002-12-31,161740,446,4,0.9975703358650208
NeuMF,2002,2002-12-31,161740,1960,5,0.997515082359314
NeuMF,2002,2002-12-31,161740,307,6,0.9972906708717346
NeuMF,2002,2002-12-31,161740,3006,7,0.9971432089805603
NeuMF,2002,2002-12-31,161740,2020,8,0.9969146251678467
NeuMF,2002,2002-12-31,161740,1131,9,0.9960640072822571
NeuMF,2002,2002-12-31,161740,1197,10,0.996032178401947
NeuMF,2002,2002-12-31,161915,3527,1,0.9998724460601807
NeuMF,2002,2002-12-31,161915,3703,2,0.9969325065612793
NeuMF,2002,2002-12-31,161915,2571,3,0.9965716600418091
NeuMF,2002,2002-12-31,161915,1196,4,0.9963805079460144
NeuMF,2002,2002-12-31,161915,589,5,0.9948422312736511
NeuMF,2002,2002-12-31,161915,1240,6,0.9947116374969482
NeuMF,2002,2002-12-31,161915,3702,7,0.9945099353790283
NeuMF,2002,2002-12-31,161915,3827,8,0.9934923052787781
NeuMF,2002,2002-12-31,161915,110,9,0.9933566451072693
NeuMF,2002,2002-12-31,161915,3471,10,0.9928348064422607
NeuMF,2002,2002-12-31,162139,3259,1,0.9997151494026184
NeuMF,2002,2002-12-31,162139,647,2,0.9975966811180115
NeuMF,2002,2002-12-31,162139,4033,3,0.9974851608276367
NeuMF,2002,2002-12-31,162139,2571,4,0.9957335591316223
NeuMF,2002,2002-12-31,162139,1396,5,0.9953371286392212
NeuMF,2002,2002-12-31,162139,3686,6,0.9947050213813782
NeuMF,2002,2002-12-31,162139,3994,7,0.9935759902000427
NeuMF,2002,2002-12-31,162139,2803,8,0.9933207631111145
NeuMF,2002,2002-12-31,162139,3296,9,0.9931108951568604
NeuMF,2002,2002-12-31,162139,2528,10,0.9930830001831055
NeuMF,2002,2002-12-31,162182,4310,1,0.99973064661026
NeuMF,2002,2002-12-31,162182,3717,2,0.99969482421875
NeuMF,2002,2002-12-31,162182,4718,3,0.9994946718215942
NeuMF,2002,2002-12-31,162182,3977,4,0.9978328347206116
NeuMF,2002,2002-12-31,162182,4639,5,0.997342050075531
NeuMF,2002,2002-12-31,162182,2707,6,0.9966984391212463
NeuMF,2002,2002-12-31,162182,2541,7,0.995484471321106
NeuMF,2002,2002-12-31,162182,2706,8,0.9953604340553284
NeuMF,2002,2002-12-31,162182,3114,9,0.9952190518379211
NeuMF,2002,2002-12-31,162182,3986,10,0.995033860206604
NeuMF,2002,2002-12-31,162342,928,1,0.9998137354850769
NeuMF,2002,2002-12-31,162342,930,2,0.9997672438621521
NeuMF,2002,2002-12-31,162342,916,3,0.9996474981307983
NeuMF,2002,2002-12-31,162342,1284,4,0.99901282787323
NeuMF,2002,2002-12-31,162342,3067,5,0.9988895058631897
NeuMF,2002,2002-12-31,162342,2973,6,0.99860018491745
NeuMF,2002,2002-12-31,162342,898,7,0.9984294772148132
NeuMF,2002,2002-12-31,162342,1269,8,0.9981314539909363
NeuMF,2002,2002-12-31,162342,3685,9,0.9980530738830566
NeuMF,2002,2002-12-31,162342,3435,10,0.997991681098938
NeuMF,2002,2002-12-31,162423,1252,1,0.9980066418647766
NeuMF,2002,2002-12-31,162423,1653,2,0.9978463649749756
NeuMF,2002,2002-12-31,162423,4506,3,0.9975666999816895
NeuMF,2002,2002-12-31,162423,2105,4,0.9974192380905151
NeuMF,2002,2002-12-31,162423,1129,5,0.9969620108604431
NeuMF,2002,2002-12-31,162423,1092,6,0.9962388277053833
NeuMF,2002,2002-12-31,162423,47,7,0.9953285455703735
NeuMF,2002,2002-12-31,162423,3683,8,0.9950315952301025
NeuMF,2002,2002-12-31,162423,316,9,0.9941556453704834
NeuMF,2002,2002-12-31,162423,1396,10,0.9938752055168152
NeuMF,2002,2002-12-31,163258,1654,1,0.9989921450614929
NeuMF,2002,2002-12-31,163258,923,2,0.9980021119117737
NeuMF,2002,2002-12-31,163258,2502,3,0.9973902106285095
NeuMF,2002,2002-12-31,163258,3968,4,0.9972333312034607
NeuMF,2002,2002-12-31,163258,920,5,0.9967523813247681
NeuMF,2002,2002-12-31,163258,1417,6,0.9937971830368042
NeuMF,2002,2002-12-31,163258,3512,7,0.991969883441925
NeuMF,2002,2002-12-31,163258,272,8,0.9910067915916443
NeuMF,2002,2002-12-31,163258,1022,9,0.9906731247901917
NeuMF,2002,2002-12-31,163258,919,10,0.9906319379806519
NeuMF,2002,2002-12-31,163376,724,1,0.9983787536621094
NeuMF,2002,2002-12-31,163376,3863,2,0.9982091188430786
NeuMF,2002,2002-12-31,163376,3785,3,0.9979752898216248
NeuMF,2002,2002-12-31,163376,799,4,0.9978238344192505
NeuMF,2002,2002-12-31,163376,1356,5,0.9976517558097839
NeuMF,2002,2002-12-31,163376,1215,6,0.9971843361854553
NeuMF,2002,2002-12-31,163376,112,7,0.9969434142112732
NeuMF,2002,2002-12-31,163376,1394,8,0.995347797870636
NeuMF,2002,2002-12-31,163376,3481,9,0.9953255653381348
NeuMF,2002,2002-12-31,163376,1732,10,0.9941828846931458
NeuMF,2002,2002-12-31,163681,2329,1,0.9999207258224487
NeuMF,2002,2002-12-31,163681,2231,2,0.9999151229858398
NeuMF,2002,2002-12-31,163681,69,3,0.9995935559272766
NeuMF,2002,2002-12-31,163681,1405,4,0.9988279938697815
NeuMF,2002,2002-12-31,163681,2028,5,0.9985321760177612
NeuMF,2002,2002-12-31,163681,1912,6,0.998049259185791
NeuMF,2002,2002-12-31,163681,4718,7,0.9979117512702942
NeuMF,2002,2002-12-31,163681,2502,8,0.9976540207862854
NeuMF,2002,2002-12-31,163681,1884,9,0.9971465468406677
NeuMF,2002,2002-12-31,163681,2318,10,0.9971213936805725
NeuMF,2002,2002-12-31,163738,923,1,0.9991532564163208
NeuMF,2002,2002-12-31,163738,2599,2,0.9985219836235046
NeuMF,2002,2002-12-31,163738,3006,3,0.998214602470398
NeuMF,2002,2002-12-31,163738,1883,4,0.9968857169151306
NeuMF,2002,2002-12-31,163738,2883,5,0.9966567754745483
NeuMF,2002,2002-12-31,163738,2357,6,0.9965408444404602
NeuMF,2002,2002-12-31,163738,1641,7,0.9960218071937561
NeuMF,2002,2002-12-31,163738,2858,8,0.9957002401351929
NeuMF,2002,2002-12-31,163738,1635,9,0.9953355193138123
NeuMF,2002,2002-12-31,163738,1617,10,0.9951145648956299
NeuMF,2002,2002-12-31,163843,2318,1,0.9988215565681458
NeuMF,2002,2002-12-31,163843,306,2,0.9987911581993103
NeuMF,2002,2002-12-31,163843,308,3,0.997936487197876
NeuMF,2002,2002-12-31,163843,307,4,0.9978818297386169
NeuMF,2002,2002-12-31,163843,3261,5,0.9971317052841187
NeuMF,2002,2002-12-31,163843,550,6,0.9952930808067322
NeuMF,2002,2002-12-31,163843,1228,7,0.9944931268692017
NeuMF,2002,2002-12-31,163843,1912,8,0.9930860996246338
NeuMF,2002,2002-12-31,163843,2692,9,0.9920788407325745
NeuMF,2002,2002-12-31,163843,1966,10,0.99172443151474
NeuMF,2002,2002-12-31,164315,103,1,0.9990676045417786
NeuMF,2002,2002-12-31,164315,1513,2,0.9975250363349915
NeuMF,2002,2002-12-31,164315,2672,3,0.9961509704589844
NeuMF,2002,2002-12-31,164315,1483,4,0.9960387945175171
NeuMF,2002,2002-12-31,164315,74,5,0.9951757192611694
NeuMF,2002,2002-12-31,164315,1249,6,0.9948607087135315
NeuMF,2002,2002-12-31,164315,1566,7,0.994814395904541
NeuMF,2002,2002-12-31,164315,29,8,0.9945737719535828
NeuMF,2002,2002-12-31,164315,1584,9,0.9938587546348572
NeuMF,2002,2002-12-31,164315,247,10,0.9934770464897156
NeuMF,2002,2002-12-31,164366,543,1,0.9993143081665039
NeuMF,2002,2002-12-31,164366,1101,2,0.9984903335571289
NeuMF,2002,2002-12-31,164366,2058,3,0.996874213218689
NeuMF,2002,2002-12-31,164366,780,4,0.9954181909561157
NeuMF,2002,2002-12-31,164366,1060,5,0.9947676658630371
NeuMF,2002,2002-12-31,164366,2490,6,0.9934085607528687
NeuMF,2002,2002-12-31,164366,474,7,0.9923312664031982
NeuMF,2002,2002-12-31,164366,1672,8,0.992090106010437
NeuMF,2002,2002-12-31,164366,2020,9,0.9907612204551697
NeuMF,2002,2002-12-31,164366,733,10,0.9905222058296204
NeuMF,2002,2002-12-31,164391,1459,1,0.9985137581825256
NeuMF,2002,2002-12-31,164391,832,2,0.9980167150497437
NeuMF,2002,2002-12-31,164391,2278,3,0.9977014660835266
NeuMF,2002,2002-12-31,164391,2501,4,0.9974013566970825
NeuMF,2002,2002-12-31,164391,1673,5,0.9973358511924744
NeuMF,2002,2002-12-31,164391,1792,6,0.9972276091575623
NeuMF,2002,2002-12-31,164391,1208,7,0.9971802234649658
NeuMF,2002,2002-12-31,164391,1961,8,0.9961073994636536
NeuMF,2002,2002-12-31,164391,1266,9,0.9957055449485779
NeuMF,2002,2002-12-31,164391,2353,10,0.9955743551254272
NeuMF,2002,2002-12-31,164534,34,1,0.9988821148872375
NeuMF,2002,2002-12-31,164534,1234,2,0.9981926083564758
NeuMF,2002,2002-12-31,164534,3504,3,0.998137354850769
NeuMF,2002,2002-12-31,164534,5060,4,0.9981271624565125
NeuMF,2002,2002-12-31,164534,2300,5,0.9976900815963745
NeuMF,2002,2002-12-31,164534,1278,6,0.9976627826690674
NeuMF,2002,2002-12-31,164534,1276,7,0.9972085356712341
NeuMF,2002,2002-12-31,164534,898,8,0.9965381622314453
NeuMF,2002,2002-12-31,164534,1077,9,0.996429979801178
NeuMF,2002,2002-12-31,164534,1292,10,0.9963000416755676
NeuMF,2002,2002-12-31,165122,1951,1,0.9988880753517151
NeuMF,2002,2002-12-31,165122,1207,2,0.9985058307647705
NeuMF,2002,2002-12-31,165122,928,3,0.9977591037750244
NeuMF,2002,2002-12-31,165122,908,4,0.9975374937057495
NeuMF,2002,2002-12-31,165122,899,5,0.9967128038406372
NeuMF,2002,2002-12-31,165122,919,6,0.9966944456100464
NeuMF,2002,2002-12-31,165122,3897,7,0.9960059523582458
NeuMF,2002,2002-12-31,165122,1333,8,0.9959596991539001
NeuMF,2002,2002-12-31,165122,2067,9,0.9956034421920776
NeuMF,2002,2002-12-31,165122,1221,10,0.9955724477767944
NeuMF,2002,2002-12-31,165953,3467,1,0.9999828338623047
NeuMF,2002,2002-12-31,165953,3468,2,0.9991450309753418
NeuMF,2002,2002-12-31,165953,678,3,0.9991278052330017
NeuMF,2002,2002-12-31,165953,1945,4,0.9991195797920227
NeuMF,2002,2002-12-31,165953,3508,5,0.9987461566925049
NeuMF,2002,2002-12-31,165953,3246,6,0.9967880249023438
NeuMF,2002,2002-12-31,165953,1276,7,0.9966288208961487
NeuMF,2002,2002-12-31,165953,428,8,0.9965643286705017
NeuMF,2002,2002-12-31,165953,527,9,0.9965224266052246
NeuMF,2002,2002-12-31,165953,246,10,0.9958613514900208
NeuMF,2002,2002-12-31,166247,4855,1,0.9993945360183716
NeuMF,2002,2002-12-31,166247,3249,2,0.9993323683738708
NeuMF,2002,2002-12-31,166247,3005,3,0.9989489912986755
NeuMF,2002,2002-12-31,166247,3114,4,0.9983372688293457
NeuMF,2002,2002-12-31,166247,2012,5,0.996068000793457
NeuMF,2002,2002-12-31,166247,2699,6,0.9960403442382812
NeuMF,2002,2002-12-31,166247,3157,7,0.9960373044013977
NeuMF,2002,2002-12-31,166247,4023,8,0.9959425330162048
NeuMF,2002,2002-12-31,166247,1608,9,0.9947463870048523
NeuMF,2002,2002-12-31,166247,3977,10,0.9945611357688904
NeuMF,2002,2002-12-31,166728,741,1,0.9998842477798462
NeuMF,2002,2002-12-31,166728,1921,2,0.9995816349983215
NeuMF,2002,2002-12-31,166728,1197,3,0.9968792200088501
NeuMF,2002,2002-12-31,166728,2139,4,0.9959537982940674
NeuMF,2002,2002-12-31,166728,1676,5,0.9951388835906982
NeuMF,2002,2002-12-31,166728,3034,6,0.9951371550559998
NeuMF,2002,2002-12-31,166728,198,7,0.9935771822929382
NeuMF,2002,2002-12-31,166728,1653,8,0.993521511554718
NeuMF,2002,2002-12-31,166728,2140,9,0.9932512640953064
NeuMF,2002,2002-12-31,166728,112,10,0.9927936792373657
NeuMF,2002,2002-12-31,166784,3827,1,0.9999775886535645
NeuMF,2002,2002-12-31,166784,4023,2,0.9999213218688965
NeuMF,2002,2002-12-31,166784,4299,3,0.9990567564964294
NeuMF,2002,2002-12-31,166784,3852,4,0.9988462924957275
NeuMF,2002,2002-12-31,166784,3999,5,0.9988110065460205
NeuMF,2002,2002-12-31,166784,3993,6,0.9986248016357422
NeuMF,2002,2002-12-31,166784,4246,7,0.9979890584945679
NeuMF,2002,2002-12-31,166784,3893,8,0.9979707598686218
NeuMF,2002,2002-12-31,166784,3179,9,0.9967086315155029
NeuMF,2002,2002-12-31,166784,3977,10,0.9953716397285461
NeuMF,2002,2002-12-31,166842,908,1,0.9990118741989136
NeuMF,2002,2002-12-31,166842,1952,2,0.9979379773139954
NeuMF,2002,2002-12-31,166842,2501,3,0.9976884126663208
NeuMF,2002,2002-12-31,166842,1945,4,0.9976513981819153
NeuMF,2002,2002-12-31,166842,920,5,0.997117280960083
NeuMF,2002,2002-12-31,166842,2967,6,0.9965877532958984
NeuMF,2002,2002-12-31,166842,1935,7,0.996429979801178
NeuMF,2002,2002-12-31,166842,534,8,0.9963822364807129
NeuMF,2002,2002-12-31,166842,2324,9,0.9959964752197266
NeuMF,2002,2002-12-31,166842,905,10,0.9958721995353699
NeuMF,2002,2002-12-31,167184,1201,1,0.9989690780639648
NeuMF,2002,2002-12-31,167184,2640,2,0.998588502407074
NeuMF,2002,2002-12-31,167184,1947,3,0.996033251285553
NeuMF,2002,2002-12-31,167184,2947,4,0.9960209727287292
NeuMF,2002,2002-12-31,167184,2194,5,0.9960060715675354
NeuMF,2002,2002-12-31,167184,1036,6,0.9957558512687683
NeuMF,2002,2002-12-31,167184,2950,7,0.9956761002540588
NeuMF,2002,2002-12-31,167184,2478,8,0.995586633682251
NeuMF,2002,2002-12-31,167184,2002,9,0.9948815107345581
NeuMF,2002,2002-12-31,167184,2291,10,0.9945135116577148
NeuMF,2002,2002-12-31,167287,29,1,0.9970914125442505
NeuMF,2002,2002-12-31,167287,671,2,0.9967851638793945
NeuMF,2002,2002-12-31,167287,334,3,0.9963160157203674
NeuMF,2002,2002-12-31,167287,247,4,0.9961391091346741
NeuMF,2002,2002-12-31,167287,1214,5,0.9943786263465881
NeuMF,2002,2002-12-31,167287,1077,6,0.9942307472229004
NeuMF,2002,2002-12-31,167287,3000,7,0.9942143559455872
NeuMF,2002,2002-12-31,167287,1635,8,0.993851900100708
NeuMF,2002,2002-12-31,167287,2020,9,0.993635892868042
NeuMF,2002,2002-12-31,167287,3260,10,0.9932777285575867
NeuMF,2002,2002-12-31,167760,1580,1,0.9989150762557983
NeuMF,2002,2002-12-31,167760,29,2,0.9983128309249878
NeuMF,2002,2002-12-31,167760,1732,3,0.9980711340904236
NeuMF,2002,2002-12-31,167760,1641,4,0.9975698590278625
NeuMF,2002,2002-12-31,167760,2167,5,0.9970679879188538
NeuMF,2002,2002-12-31,167760,3000,6,0.9965038299560547
NeuMF,2002,2002-12-31,167760,1645,7,0.9950520396232605
NeuMF,2002,2002-12-31,167760,1747,8,0.9949234127998352
NeuMF,2002,2002-12-31,167760,1584,9,0.994357168674469
NeuMF,2002,2002-12-31,167760,3863,10,0.9942960143089294
NeuMF,2002,2002-12-31,167811,4034,1,0.9998960494995117
NeuMF,2002,2002-12-31,167811,4367,2,0.9998037219047546
NeuMF,2002,2002-12-31,167811,4148,3,0.9998015761375427
NeuMF,2002,2002-12-31,167811,4448,4,0.9997528195381165
NeuMF,2002,2002-12-31,167811,3994,5,0.999747097492218
NeuMF,2002,2002-12-31,167811,3882,6,0.999618411064148
NeuMF,2002,2002-12-31,167811,4023,7,0.9995761513710022
NeuMF,2002,2002-12-31,167811,3986,8,0.9994083642959595
NeuMF,2002,2002-12-31,167811,3897,9,0.9993219375610352
NeuMF,2002,2002-12-31,167811,4027,10,0.9990308284759521
NeuMF,2002,2002-12-31,168198,1177,1,0.9989508390426636
NeuMF,2002,2002-12-31,168198,1180,2,0.9985912442207336
NeuMF,2002,2002-12-31,168198,2570,3,0.9979812502861023
NeuMF,2002,2002-12-31,168198,1390,4,0.99737548828125
NeuMF,2002,2002-12-31,168198,3125,5,0.9969275593757629
NeuMF,2002,2002-12-31,168198,3871,6,0.9968883395195007
NeuMF,2002,2002-12-31,168198,507,7,0.9968197345733643
NeuMF,2002,2002-12-31,168198,195,8,0.9961137771606445
NeuMF,2002,2002-12-31,168198,1296,9,0.9960141181945801
NeuMF,2002,2002-12-31,168198,417,10,0.9949827194213867
NeuMF,2002,2002-12-31,168245,1073,1,0.9985783100128174
NeuMF,2002,2002-12-31,168245,3360,2,0.9981256127357483
NeuMF,2002,2002-12-31,168245,3793,3,0.9975835084915161
NeuMF,2002,2002-12-31,168245,2090,4,0.9968507885932922
NeuMF,2002,2002-12-31,168245,3213,5,0.9957236051559448
NeuMF,2002,2002-12-31,168245,1407,6,0.9949833154678345
NeuMF,2002,2002-12-31,168245,3098,7,0.9947413206100464
NeuMF,2002,2002-12-31,168245,1405,8,0.9937153458595276
NeuMF,2002,2002-12-31,168245,2687,9,0.9926693439483643
NeuMF,2002,2002-12-31,168245,3422,10,0.9925036430358887
NeuMF,2002,2002-12-31,168336,2171,1,0.9998955726623535
NeuMF,2002,2002-12-31,168336,293,2,0.9976352453231812
NeuMF,2002,2002-12-31,168336,1732,3,0.9966800212860107
NeuMF,2002,2002-12-31,168336,608,4,0.9959313273429871
NeuMF,2002,2002-12-31,168336,1912,5,0.9948780536651611
NeuMF,2002,2002-12-31,168336,1735,6,0.9940311312675476
NeuMF,2002,2002-12-31,168336,866,7,0.9935420751571655
NeuMF,2002,2002-12-31,168336,1639,8,0.9927248954772949
NeuMF,2002,2002-12-31,168336,319,9,0.9923902153968811
NeuMF,2002,2002-12-31,168336,1627,10,0.989977240562439
NeuMF,2002,2002-12-31,168599,2527,1,0.9981632828712463
NeuMF,2002,2002-12-31,168599,1132,2,0.9979754090309143
NeuMF,2002,2002-12-31,168599,750,3,0.9978421926498413
NeuMF,2002,2002-12-31,168599,3060,4,0.9972078204154968
NeuMF,2002,2002-12-31,168599,176,5,0.9968542456626892
NeuMF,2002,2002-12-31,168599,17,6,0.9961821436882019
NeuMF,2002,2002-12-31,168599,1238,7,0.9960384368896484
NeuMF,2002,2002-12-31,168599,1730,8,0.9935275912284851
NeuMF,2002,2002-12-31,168599,1959,9,0.9931199550628662
NeuMF,2002,2002-12-31,168599,2009,10,0.9922014474868774
NeuMF,2002,2002-12-31,168844,2686,1,0.9980376362800598
NeuMF,2002,2002-12-31,168844,2702,2,0.9974495768547058
NeuMF,2002,2002-12-31,168844,2324,3,0.9971511960029602
NeuMF,2002,2002-12-31,168844,3578,4,0.9966517090797424
NeuMF,2002,2002-12-31,168844,3072,5,0.9965303540229797
NeuMF,2002,2002-12-31,168844,2791,6,0.9965083003044128
NeuMF,2002,2002-12-31,168844,3534,7,0.9964518547058105
NeuMF,2002,2002-12-31,168844,445,8,0.9963690042495728
NeuMF,2002,2002-12-31,168844,3179,9,0.9962226152420044
NeuMF,2002,2002-12-31,168844,1513,10,0.9955665469169617
NeuMF,2002,2002-12-31,169240,2949,1,0.9997207522392273
NeuMF,2002,2002-12-31,169240,2948,2,0.9996577501296997
NeuMF,2002,2002-12-31,169240,1610,3,0.9993463158607483
NeuMF,2002,2002-12-31,169240,3451,4,0.9989877343177795
NeuMF,2002,2002-12-31,169240,2393,5,0.9988566637039185
NeuMF,2002,2002-12-31,169240,1372,6,0.9984315037727356
NeuMF,2002,2002-12-31,169240,3633,7,0.998414158821106
NeuMF,2002,2002-12-31,169240,4896,8,0.9977608919143677
NeuMF,2002,2002-12-31,169240,2993,9,0.9972193241119385
NeuMF,2002,2002-12-31,169240,329,10,0.9965280890464783
NeuMF,2002,2002-12-31,169603,4023,1,0.9995715022087097
NeuMF,2002,2002-12-31,169603,4447,2,0.9957465529441833
NeuMF,2002,2002-12-31,169603,4018,3,0.9947078227996826
NeuMF,2002,2002-12-31,169603,4508,4,0.9947075843811035
NeuMF,2002,2002-12-31,169603,3967,5,0.9943577647209167
NeuMF,2002,2002-12-31,169603,3005,6,0.9941111207008362
NeuMF,2002,2002-12-31,169603,3798,7,0.9929506778717041
NeuMF,2002,2002-12-31,169603,3998,8,0.9881073832511902
NeuMF,2002,2002-12-31,169603,1784,9,0.9870342016220093
NeuMF,2002,2002-12-31,169603,1027,10,0.9865190386772156
NeuMF,2002,2002-12-31,169909,3869,1,0.9970755577087402
NeuMF,2002,2002-12-31,169909,1846,2,0.9947528839111328
NeuMF,2002,2002-12-31,169909,1883,3,0.9941775798797607
NeuMF,2002,2002-12-31,169909,1288,4,0.9940243363380432
NeuMF,2002,2002-12-31,169909,180,5,0.9921607375144958
NeuMF,2002,2002-12-31,169909,18,6,0.9920657277107239
NeuMF,2002,2002-12-31,169909,1968,7,0.9906468391418457
NeuMF,2002,2002-12-31,169909,3250,8,0.9888935685157776
NeuMF,2002,2002-12-31,169909,176,9,0.9886161684989929
NeuMF,2002,2002-12-31,169909,1042,10,0.9876487851142883
NeuMF,2002,2002-12-31,169972,88,1,0.9999281167984009
NeuMF,2002,2002-12-31,169972,1343,2,0.9995096921920776
NeuMF,2002,2002-12-31,169972,1517,3,0.9994078874588013
NeuMF,2002,2002-12-31,169972,1982,4,0.9991980195045471
NeuMF,2002,2002-12-31,169972,2302,5,0.9988868832588196
NeuMF,2002,2002-12-31,169972,1994,6,0.9986692667007446
NeuMF,2002,2002-12-31,169972,1061,7,0.9982269406318665
NeuMF,2002,2002-12-31,169972,2795,8,0.9976288676261902
NeuMF,2002,2002-12-31,169972,3535,9,0.9967225193977356
NeuMF,2002,2002-12-31,169972,1089,10,0.9964345693588257
NeuMF,2002,2002-12-31,170457,1177,1,0.9992951154708862
NeuMF,2002,2002-12-31,170457,917,2,0.9988223910331726
NeuMF,2002,2002-12-31,170457,2570,3,0.9980790615081787
NeuMF,2002,2002-12-31,170457,1945,4,0.9980744123458862
NeuMF,2002,2002-12-31,170457,1022,5,0.9978474378585815
NeuMF,2002,2002-12-31,170457,1029,6,0.9972178936004639
NeuMF,2002,2002-12-31,170457,2245,7,0.9970682263374329
NeuMF,2002,2002-12-31,170457,4360,8,0.9967761635780334
NeuMF,2002,2002-12-31,170457,4799,9,0.9964172840118408
NeuMF,2002,2002-12-31,170457,4356,10,0.9961812496185303
NeuMF,2002,2002-12-31,170484,671,1,0.9998214840888977
NeuMF,2002,2002-12-31,170484,2363,2,0.9986704587936401
NeuMF,2002,2002-12-31,170484,4085,3,0.9982331991195679
NeuMF,2002,2002-12-31,170484,4084,4,0.9978145360946655
NeuMF,2002,2002-12-31,170484,748,5,0.996593177318573
NeuMF,2002,2002-12-31,170484,2364,6,0.9965674877166748
NeuMF,2002,2002-12-31,170484,4275,7,0.9953352808952332
NeuMF,2002,2002-12-31,170484,2325,8,0.9952143430709839
NeuMF,2002,2002-12-31,170484,1968,9,0.9944136738777161
NeuMF,2002,2002-12-31,170484,3087,10,0.9935563206672668
NeuMF,2002,2002-12-31,170636,4396,1,0.9996993541717529
NeuMF,2002,2002-12-31,170636,4262,2,0.9992297887802124
NeuMF,2002,2002-12-31,170636,4568,3,0.9992284774780273
NeuMF,2002,2002-12-31,170636,4239,4,0.9987258315086365
NeuMF,2002,2002-12-31,170636,4677,5,0.998695433139801
NeuMF,2002,2002-12-31,170636,4052,6,0.9982395172119141
NeuMF,2002,2002-12-31,170636,3578,7,0.9981726408004761
NeuMF,2002,2002-12-31,170636,4161,8,0.9981144666671753
NeuMF,2002,2002-12-31,170636,4351,9,0.9980649352073669
NeuMF,2002,2002-12-31,170636,2431,10,0.9978911280632019
NeuMF,2002,2002-12-31,171069,1009,1,0.9997817873954773
NeuMF,2002,2002-12-31,171069,2641,2,0.9997342228889465
NeuMF,2002,2002-12-31,171069,2640,3,0.9997064471244812
NeuMF,2002,2002-12-31,171069,2054,4,0.9993022680282593
NeuMF,2002,2002-12-31,171069,2916,5,0.9992252588272095
NeuMF,2002,2002-12-31,171069,2533,6,0.9990436434745789
NeuMF,2002,2002-12-31,171069,2528,7,0.9985302686691284
NeuMF,2002,2002-12-31,171069,2116,8,0.9976200461387634
NeuMF,2002,2002-12-31,171069,2529,9,0.9974730610847473
NeuMF,2002,2002-12-31,171069,1274,10,0.9973810315132141
NeuMF,2002,2002-12-31,171227,1346,1,0.9985707998275757
NeuMF,2002,2002-12-31,171227,2916,2,0.9980928301811218
NeuMF,2002,2002-12-31,171227,3499,3,0.9974560141563416
NeuMF,2002,2002-12-31,171227,2551,4,0.997157096862793
NeuMF,2002,2002-12-31,171227,1464,5,0.9970561265945435
NeuMF,2002,2002-12-31,171227,2790,6,0.9970249533653259
NeuMF,2002,2002-12-31,171227,1347,7,0.997001588344574
NeuMF,2002,2002-12-31,171227,3702,8,0.9967568516731262
NeuMF,2002,2002-12-31,171227,4034,9,0.9962990880012512
NeuMF,2002,2002-12-31,171227,3489,10,0.9962018132209778
NeuMF,2002,2002-12-31,171463,2858,1,0.9965267777442932
NeuMF,2002,2002-12-31,171463,1617,2,0.9906710386276245
NeuMF,2002,2002-12-31,171463,1270,3,0.9878509640693665
NeuMF,2002,2002-12-31,171463,1196,4,0.9858525991439819
NeuMF,2002,2002-12-31,171463,2997,5,0.9834518432617188
NeuMF,2002,2002-12-31,171463,3471,6,0.9824073314666748
NeuMF,2002,2002-12-31,171463,912,7,0.9794549942016602
NeuMF,2002,2002-12-31,171463,3175,8,0.979242205619812
NeuMF,2002,2002-12-31,171463,480,9,0.9754204154014587
NeuMF,2002,2002-12-31,171463,527,10,0.9744234681129456
NeuMF,2002,2002-12-31,171965,2203,1,0.9989731311798096
NeuMF,2002,2002-12-31,171965,1734,2,0.9984727501869202
NeuMF,2002,2002-12-31,171965,308,3,0.9983093738555908
NeuMF,2002,2002-12-31,171965,1228,4,0.9963096976280212
NeuMF,2002,2002-12-31,171965,3910,5,0.9956403970718384
NeuMF,2002,2002-12-31,171965,4034,6,0.995445728302002
NeuMF,2002,2002-12-31,171965,2183,7,0.9952776432037354
NeuMF,2002,2002-12-31,171965,2132,8,0.9952768087387085
NeuMF,2002,2002-12-31,171965,3545,9,0.995263934135437
NeuMF,2002,2002-12-31,171965,1572,10,0.9949943423271179
NeuMF,2002,2002-12-31,171997,50,1,0.9955701231956482
NeuMF,2002,2002-12-31,171997,319,2,0.9949696660041809
NeuMF,2002,2002-12-31,171997,745,3,0.9947973489761353
NeuMF,2002,2002-12-31,171997,593,4,0.994135856628418
NeuMF,2002,2002-12-31,171997,1148,5,0.9921183586120605
NeuMF,2002,2002-12-31,171997,608,6,0.9900307655334473
NeuMF,2002,2002-12-31,171997,1732,7,0.9899601936340332
NeuMF,2002,2002-12-31,171997,2110,8,0.989246666431427
NeuMF,2002,2002-12-31,171997,1466,9,0.9891604781150818
NeuMF,2002,2002-12-31,171997,535,10,0.9887519478797913
NeuMF,2002,2002-12-31,172032,3510,1,0.9909204244613647
NeuMF,2002,2002-12-31,172032,2269,2,0.9902902245521545
NeuMF,2002,2002-12-31,172032,1345,3,0.9888513684272766
NeuMF,2002,2002-12-31,172032,3147,4,0.9858008027076721
NeuMF,2002,2002-12-31,172032,1059,5,0.9856422543525696
NeuMF,2002,2002-12-31,172032,1682,6,0.9854457378387451
NeuMF,2002,2002-12-31,172032,1407,7,0.9848292469978333
NeuMF,2002,2002-12-31,172032,550,8,0.9825044274330139
NeuMF,2002,2002-12-31,172032,1361,9,0.9799079895019531
NeuMF,2002,2002-12-31,172032,3298,10,0.9765521287918091
NeuMF,2002,2002-12-31,172051,475,1,0.9955863952636719
NeuMF,2002,2002-12-31,172051,307,2,0.9940760135650635
NeuMF,2002,2002-12-31,172051,2690,3,0.9935692548751831
NeuMF,2002,2002-12-31,172051,2915,4,0.992526650428772
NeuMF,2002,2002-12-31,172051,1124,5,0.9919142723083496
NeuMF,2002,2002-12-31,172051,2248,6,0.9918327331542969
NeuMF,2002,2002-12-31,172051,1411,7,0.9910661578178406
NeuMF,2002,2002-12-31,172051,2546,8,0.9902898669242859
NeuMF,2002,2002-12-31,172051,3114,9,0.989973783493042
NeuMF,2002,2002-12-31,172051,2687,10,0.9897683262825012
NeuMF,2002,2002-12-31,172453,1272,1,0.999775230884552
NeuMF,2002,2002-12-31,172453,4014,2,0.999768078327179
NeuMF,2002,2002-12-31,172453,4239,3,0.9994812607765198
NeuMF,2002,2002-12-31,172453,1947,4,0.9994089603424072
NeuMF,2002,2002-12-31,172453,1282,5,0.9992781281471252
NeuMF,2002,2002-12-31,172453,4226,6,0.9991501569747925
NeuMF,2002,2002-12-31,172453,858,7,0.9988131523132324
NeuMF,2002,2002-12-31,172453,1276,8,0.9987537860870361
NeuMF,2002,2002-12-31,172453,2997,9,0.9983348250389099
NeuMF,2002,2002-12-31,172453,2078,10,0.9982798099517822
NeuMF,2002,2002-12-31,173028,1405,1,0.9982934594154358
NeuMF,2002,2002-12-31,173028,1537,2,0.9956024885177612
NeuMF,2002,2002-12-31,173028,2117,3,0.9953505992889404
NeuMF,2002,2002-12-31,173028,1215,4,0.995287299156189
NeuMF,2002,2002-12-31,173028,728,5,0.9952364563941956
NeuMF,2002,2002-12-31,173028,994,6,0.993123471736908
NeuMF,2002,2002-12-31,173028,492,7,0.9923916459083557
NeuMF,2002,2002-12-31,173028,2311,8,0.9913273453712463
NeuMF,2002,2002-12-31,173028,2657,9,0.9892553091049194
NeuMF,2002,2002-12-31,173028,1223,10,0.9878391027450562
NeuMF,2002,2002-12-31,173577,2083,1,0.9994128942489624
NeuMF,2002,2002-12-31,173577,1025,2,0.9990845918655396
NeuMF,2002,2002-12-31,173577,1215,3,0.999083399772644
NeuMF,2002,2002-12-31,173577,158,4,0.9986415505409241
NeuMF,2002,2002-12-31,173577,2021,5,0.9986234903335571
NeuMF,2002,2002-12-31,173577,1033,6,0.9980143308639526
NeuMF,2002,2002-12-31,173577,1240,7,0.9974437952041626
NeuMF,2002,2002-12-31,173577,1274,8,0.9971721768379211
NeuMF,2002,2002-12-31,173577,558,9,0.9968365430831909
NeuMF,2002,2002-12-31,173577,2090,10,0.9966352581977844
NeuMF,2002,2002-12-31,173804,4014,1,0.9995978474617004
NeuMF,2002,2002-12-31,173804,2295,2,0.9979660511016846
NeuMF,2002,2002-12-31,173804,3993,3,0.9977195858955383
NeuMF,2002,2002-12-31,173804,3549,4,0.9973708391189575
NeuMF,2002,2002-12-31,173804,1466,5,0.9970927238464355
NeuMF,2002,2002-12-31,173804,3813,6,0.9968053102493286
NeuMF,2002,2002-12-31,173804,3186,7,0.9963268637657166
NeuMF,2002,2002-12-31,173804,2712,8,0.9953657388687134
NeuMF,2002,2002-12-31,173804,3125,9,0.9949626922607422
NeuMF,2002,2002-12-31,173804,1392,10,0.9946288466453552
NeuMF,2002,2002-12-31,173979,3334,1,0.9992741942405701
NeuMF,2002,2002-12-31,173979,2948,2,0.9988634586334229
NeuMF,2002,2002-12-31,173979,1950,3,0.99868243932724
NeuMF,2002,2002-12-31,173979,2852,4,0.9986201524734497
NeuMF,2002,2002-12-31,173979,2648,5,0.9986018538475037
NeuMF,2002,2002-12-31,173979,1244,6,0.9978362917900085
NeuMF,2002,2002-12-31,173979,3986,7,0.9975076913833618
NeuMF,2002,2002-12-31,173979,1212,8,0.9972788691520691
NeuMF,2002,2002-12-31,173979,3628,9,0.9969769716262817
NeuMF,2002,2002-12-31,173979,2177,10,0.9964271187782288
NeuMF,2002,2002-12-31,174024,1238,1,0.9994612336158752
NeuMF,2002,2002-12-31,174024,800,2,0.9993395209312439
NeuMF,2002,2002-12-31,174024,3129,3,0.9989550113677979
NeuMF,2002,2002-12-31,174024,272,4,0.9986718893051147
NeuMF,2002,2002-12-31,174024,3730,5,0.9986481070518494
NeuMF,2002,2002-12-31,174024,3683,6,0.9986144304275513
NeuMF,2002,2002-12-31,174024,3037,7,0.9984958171844482
NeuMF,2002,2002-12-31,174024,3788,8,0.998455286026001
NeuMF,2002,2002-12-31,174024,3007,9,0.998400866985321
NeuMF,2002,2002-12-31,174024,1094,10,0.9982458353042603
NeuMF,2002,2002-12-31,174098,2166,1,0.9975377321243286
NeuMF,2002,2002-12-31,174098,590,2,0.9941362142562866
NeuMF,2002,2002-12-31,174098,480,3,0.9939885139465332
NeuMF,2002,2002-12-31,174098,1358,4,0.9936586022377014
NeuMF,2002,2002-12-31,174098,3755,5,0.9935346841812134
NeuMF,2002,2002-12-31,174098,2268,6,0.9934237003326416
NeuMF,2002,2002-12-31,174098,4025,7,0.9931491017341614
NeuMF,2002,2002-12-31,174098,1721,8,0.9923970103263855
NeuMF,2002,2002-12-31,174098,3578,9,0.9911580681800842
NeuMF,2002,2002-12-31,174098,3897,10,0.9910139441490173
NeuMF,2002,2002-12-31,174114,1378,1,0.995793342590332
NeuMF,2002,2002-12-31,174114,511,2,0.9941337704658508
NeuMF,2002,2002-12-31,174114,3863,3,0.9898337125778198
NeuMF,2002,2002-12-31,174114,1390,4,0.9888400435447693
NeuMF,2002,2002-12-31,174114,829,5,0.9865049719810486
NeuMF,2002,2002-12-31,174114,3616,6,0.9859943389892578
NeuMF,2002,2002-12-31,174114,2146,7,0.9857613444328308
NeuMF,2002,2002-12-31,174114,3565,8,0.985749363899231
NeuMF,2002,2002-12-31,174114,1126,9,0.9839328527450562
NeuMF,2002,2002-12-31,174114,1884,10,0.9806517958641052
NeuMF,2002,2002-12-31,174326,924,1,0.9996434450149536
NeuMF,2002,2002-12-31,174326,541,2,0.9990193843841553
NeuMF,2002,2002-12-31,174326,1214,3,0.9989376664161682
NeuMF,2002,2002-12-31,174326,2013,4,0.9984887838363647
NeuMF,2002,2002-12-31,174326,1240,5,0.998237133026123
NeuMF,2002,2002-12-31,174326,1127,6,0.9978781938552856
NeuMF,2002,2002-12-31,174326,3927,7,0.9976391792297363
NeuMF,2002,2002-12-31,174326,260,8,0.9962005019187927
NeuMF,2002,2002-12-31,174326,1196,9,0.996076762676239
NeuMF,2002,2002-12-31,174326,750,10,0.9950259327888489
NeuMF,2002,2002-12-31,174536,2966,1,0.9996486902236938
NeuMF,2002,2002-12-31,174536,1952,2,0.999620795249939
NeuMF,2002,2002-12-31,174536,2318,3,0.9985709190368652
NeuMF,2002,2002-12-31,174536,3145,4,0.9984606504440308
NeuMF,2002,2002-12-31,174536,2425,5,0.9976859092712402
NeuMF,2002,2002-12-31,174536,1119,6,0.9970620274543762
NeuMF,2002,2002-12-31,174536,1041,7,0.9961729645729065
NeuMF,2002,2002-12-31,174536,1366,8,0.9961347579956055
NeuMF,2002,2002-12-31,174536,926,9,0.9961205124855042
NeuMF,2002,2002-12-31,174536,2611,10,0.9959750771522522
NeuMF,2002,2002-12-31,174548,930,1,0.9997220635414124
NeuMF,2002,2002-12-31,174548,2600,2,0.999688982963562
NeuMF,2002,2002-12-31,174548,2976,3,0.9994661211967468
NeuMF,2002,2002-12-31,174548,3983,4,0.9991834759712219
NeuMF,2002,2002-12-31,174548,3730,5,0.9988287091255188
NeuMF,2002,2002-12-31,174548,2583,6,0.9978410005569458
NeuMF,2002,2002-12-31,174548,3993,7,0.9977582097053528
NeuMF,2002,2002-12-31,174548,4027,8,0.9962867498397827
NeuMF,2002,2002-12-31,174548,2908,9,0.9958848357200623
NeuMF,2002,2002-12-31,174548,913,10,0.9958280920982361
NeuMF,2002,2002-12-31,174652,3798,1,0.9994311928749084
NeuMF,2002,2002-12-31,174652,4370,2,0.9993581175804138
NeuMF,2002,2002-12-31,174652,2841,3,0.9991853833198547
NeuMF,2002,2002-12-31,174652,2676,4,0.9991257786750793
NeuMF,2002,2002-12-31,174652,2428,5,0.9989060163497925
NeuMF,2002,2002-12-31,174652,2840,6,0.9989045858383179
NeuMF,2002,2002-12-31,174652,2443,7,0.9981591105461121
NeuMF,2002,2002-12-31,174652,1206,8,0.9976909160614014
NeuMF,2002,2002-12-31,174652,3114,9,0.9969648718833923
NeuMF,2002,2002-12-31,174652,3827,10,0.9965035915374756
NeuMF,2002,2002-12-31,174699,3753,1,0.9976584911346436
NeuMF,2002,2002-12-31,174699,1952,2,0.9975157976150513
NeuMF,2002,2002-12-31,174699,678,3,0.9956894516944885
NeuMF,2002,2002-12-31,174699,908,4,0.995636522769928
NeuMF,2002,2002-12-31,174699,2110,5,0.9950514435768127
NeuMF,2002,2002-12-31,174699,910,6,0.9948986172676086
NeuMF,2002,2002-12-31,174699,350,7,0.9937831163406372
NeuMF,2002,2002-12-31,174699,1036,8,0.9928552508354187
NeuMF,2002,2002-12-31,174699,1256,9,0.9927369952201843
NeuMF,2002,2002-12-31,174699,1961,10,0.9920645356178284
NeuMF,2002,2002-12-31,174801,2692,1,0.9982991814613342
NeuMF,2002,2002-12-31,174801,50,2,0.9980427026748657
NeuMF,2002,2002-12-31,174801,29,3,0.9976811408996582
NeuMF,2002,2002-12-31,174801,3578,4,0.9976352453231812
NeuMF,2002,2002-12-31,174801,541,5,0.9974416494369507
NeuMF,2002,2002-12-31,174801,778,6,0.9971128702163696
NeuMF,2002,2002-12-31,174801,3298,7,0.9968420267105103
NeuMF,2002,2002-12-31,174801,1280,8,0.9958258867263794
NeuMF,2002,2002-12-31,174801,3083,9,0.9938153028488159
NeuMF,2002,2002-12-31,174801,858,10,0.9931015968322754
NeuMF,2002,2002-12-31,174815,3984,1,0.9991864562034607
NeuMF,2002,2002-12-31,174815,2366,2,0.9988057613372803
NeuMF,2002,2002-12-31,174815,3701,3,0.9967441558837891
NeuMF,2002,2002-12-31,174815,940,4,0.9962459206581116
NeuMF,2002,2002-12-31,174815,2947,5,0.9955769777297974
NeuMF,2002,2002-12-31,174815,1247,6,0.9951342940330505
NeuMF,2002,2002-12-31,174815,4007,7,0.9950757622718811
NeuMF,2002,2002-12-31,174815,3359,8,0.9937730431556702
NeuMF,2002,2002-12-31,174815,2529,9,0.9937127232551575
NeuMF,2002,2002-12-31,174815,2949,10,0.9932204484939575
NeuMF,2002,2002-12-31,175243,2795,1,0.9985343217849731
NeuMF,2002,2002-12-31,175243,2926,2,0.997585654258728
NeuMF,2002,2002-12-31,175243,2241,3,0.9960017800331116
NeuMF,2002,2002-12-31,175243,2750,4,0.9959763884544373
NeuMF,2002,2002-12-31,175243,1875,5,0.9959409236907959
NeuMF,2002,2002-12-31,175243,223,6,0.9948959946632385
NeuMF,2002,2002-12-31,175243,3424,7,0.9931148886680603
NeuMF,2002,2002-12-31,175243,2407,8,0.9927473664283752
NeuMF,2002,2002-12-31,175243,45,9,0.9918389916419983
NeuMF,2002,2002-12-31,175243,3707,10,0.9914146065711975
NeuMF,2002,2002-12-31,175344,3508,1,0.9994999170303345
NeuMF,2002,2002-12-31,175344,1371,2,0.9982286095619202
NeuMF,2002,2002-12-31,175344,3494,3,0.9975215792655945
NeuMF,2002,2002-12-31,175344,1061,4,0.9973819851875305
NeuMF,2002,2002-12-31,175344,891,5,0.9969877600669861
NeuMF,2002,2002-12-31,175344,2899,6,0.9969407320022583
NeuMF,2002,2002-12-31,175344,1267,7,0.9959041476249695
NeuMF,2002,2002-12-31,175344,2513,8,0.9958416819572449
NeuMF,2002,2002-12-31,175344,1278,9,0.995366096496582
NeuMF,2002,2002-12-31,175344,3461,10,0.9953325390815735
NeuMF,2002,2002-12-31,175454,1296,1,0.999150276184082
NeuMF,2002,2002-12-31,175454,4280,2,0.9991023540496826
NeuMF,2002,2002-12-31,175454,2312,3,0.9990003705024719
NeuMF,2002,2002-12-31,175454,4008,4,0.9988166093826294
NeuMF,2002,2002-12-31,175454,4361,5,0.9972277283668518
NeuMF,2002,2002-12-31,175454,3039,6,0.997221827507019
NeuMF,2002,2002-12-31,175454,1958,7,0.9970139265060425
NeuMF,2002,2002-12-31,175454,1222,8,0.9965709447860718
NeuMF,2002,2002-12-31,175454,4681,9,0.9964568018913269
NeuMF,2002,2002-12-31,175454,412,10,0.9963603615760803
NeuMF,2002,2002-12-31,175706,4308,1,0.9958328604698181
NeuMF,2002,2002-12-31,175706,1220,2,0.9956340193748474
NeuMF,2002,2002-12-31,175706,353,3,0.9955270886421204
NeuMF,2002,2002-12-31,175706,1060,4,0.9953418970108032
NeuMF,2002,2002-12-31,175706,1200,5,0.9952720999717712
NeuMF,2002,2002-12-31,175706,543,6,0.9949712753295898
NeuMF,2002,2002-12-31,175706,3527,7,0.9939566850662231
NeuMF,2002,2002-12-31,175706,4027,8,0.993305504322052
NeuMF,2002,2002-12-31,175706,1214,9,0.9932142496109009
NeuMF,2002,2002-12-31,175706,1240,10,0.9929993152618408
NeuMF,2002,2002-12-31,176228,919,1,0.9968288540840149
NeuMF,2002,2002-12-31,176228,1307,2,0.9959408044815063
NeuMF,2002,2002-12-31,176228,3198,3,0.9954519867897034
NeuMF,2002,2002-12-31,176228,1272,4,0.9950175881385803
NeuMF,2002,2002-12-31,176228,1302,5,0.9943447113037109
NeuMF,2002,2002-12-31,176228,2109,6,0.9939395189285278
NeuMF,2002,2002-12-31,176228,5060,7,0.9935153722763062
NeuMF,2002,2002-12-31,176228,1263,8,0.9930061101913452
NeuMF,2002,2002-12-31,176228,1124,9,0.9926878213882446
NeuMF,2002,2002-12-31,176228,1344,10,0.9924769997596741
NeuMF,2002,2002-12-31,176271,1252,1,0.999255359172821
NeuMF,2002,2002-12-31,176271,1221,2,0.9978228807449341
NeuMF,2002,2002-12-31,176271,608,3,0.9958738684654236
NeuMF,2002,2002-12-31,176271,3741,4,0.9951410293579102
NeuMF,2002,2002-12-31,176271,2952,5,0.9943625926971436
NeuMF,2002,2002-12-31,176271,2391,6,0.9936328530311584
NeuMF,2002,2002-12-31,176271,3089,7,0.9933516383171082
NeuMF,2002,2002-12-31,176271,2439,8,0.9932196736335754
NeuMF,2002,2002-12-31,176271,1178,9,0.9927680492401123
NeuMF,2002,2002-12-31,176271,3521,10,0.9927615523338318
NeuMF,2002,2002-12-31,176352,2396,1,0.9937839508056641
NeuMF,2002,2002-12-31,176352,2795,2,0.9935197234153748
NeuMF,2002,2002-12-31,176352,2985,3,0.9933598637580872
NeuMF,2002,2002-12-31,176352,3421,4,0.9910826683044434
NeuMF,2002,2002-12-31,176352,3267,5,0.9905645847320557
NeuMF,2002,2002-12-31,176352,1220,6,0.9881933331489563
NeuMF,2002,2002-12-31,176352,1129,7,0.9875900745391846
NeuMF,2002,2002-12-31,176352,3698,8,0.9861273765563965
NeuMF,2002,2002-12-31,176352,1089,9,0.983258843421936
NeuMF,2002,2002-12-31,176352,3422,10,0.9827386736869812
NeuMF,2002,2002-12-31,176491,2700,1,0.9998513460159302
NeuMF,2002,2002-12-31,176491,2858,2,0.9996438026428223
NeuMF,2002,2002-12-31,176491,2683,3,0.997836172580719
NeuMF,2002,2002-12-31,176491,2329,4,0.9977066516876221
NeuMF,2002,2002-12-31,176491,2770,5,0.9973579049110413
NeuMF,2002,2002-12-31,176491,2396,6,0.9969266057014465
NeuMF,2002,2002-12-31,176491,2541,7,0.9961108565330505
NeuMF,2002,2002-12-31,176491,3285,8,0.9946430921554565
NeuMF,2002,2002-12-31,176491,2028,9,0.9920777678489685
NeuMF,2002,2002-12-31,176491,2987,10,0.9915724992752075
NeuMF,2002,2002-12-31,176578,2713,1,0.9982531666755676
NeuMF,2002,2002-12-31,176578,2916,2,0.9972127079963684
NeuMF,2002,2002-12-31,176578,1036,3,0.9959989786148071
NeuMF,2002,2002-12-31,176578,3000,4,0.9955130219459534
NeuMF,2002,2002-12-31,176578,1073,5,0.9940882921218872
NeuMF,2002,2002-12-31,176578,1997,6,0.9912108182907104
NeuMF,2002,2002-12-31,176578,2947,7,0.9910126328468323
NeuMF,2002,2002-12-31,176578,1858,8,0.9907893538475037
NeuMF,2002,2002-12-31,176578,2571,9,0.9906291365623474
NeuMF,2002,2002-12-31,176578,1573,10,0.9905034303665161
NeuMF,2002,2002-12-31,176713,837,1,0.9992156028747559
NeuMF,2002,2002-12-31,176713,1175,2,0.9990891218185425
NeuMF,2002,2002-12-31,176713,223,3,0.9990457892417908
NeuMF,2002,2002-12-31,176713,235,4,0.9989174604415894
NeuMF,2002,2002-12-31,176713,471,5,0.998553454875946
NeuMF,2002,2002-12-31,176713,3088,6,0.9985418319702148
NeuMF,2002,2002-12-31,176713,3000,7,0.9980066418647766
NeuMF,2002,2002-12-31,176713,1028,8,0.9978725910186768
NeuMF,2002,2002-12-31,176713,922,9,0.9963680505752563
NeuMF,2002,2002-12-31,176713,1060,10,0.9953731894493103
NeuMF,2002,2002-12-31,176888,2908,1,0.9997634291648865
NeuMF,2002,2002-12-31,176888,1959,2,0.999299168586731
NeuMF,2002,2002-12-31,176888,147,3,0.9974430799484253
NeuMF,2002,2002-12-31,176888,337,4,0.9963310360908508
NeuMF,2002,2002-12-31,176888,2734,5,0.9962081909179688
NeuMF,2002,2002-12-31,176888,299,6,0.9953750967979431
NeuMF,2002,2002-12-31,176888,1293,7,0.9938377737998962
NeuMF,2002,2002-12-31,176888,1225,8,0.993705689907074
NeuMF,2002,2002-12-31,176888,2717,9,0.9931134581565857
NeuMF,2002,2002-12-31,176888,2433,10,0.9925986528396606
NeuMF,2002,2002-12-31,176899,1036,1,0.9955188035964966
NeuMF,2002,2002-12-31,176899,1266,2,0.9949820637702942
NeuMF,2002,2002-12-31,176899,635,3,0.9940365552902222
NeuMF,2002,2002-12-31,176899,4225,4,0.9933288097381592
NeuMF,2002,2002-12-31,176899,3911,5,0.9932039976119995
NeuMF,2002,2002-12-31,176899,3538,6,0.9917986392974854
NeuMF,2002,2002-12-31,176899,3039,7,0.9915993213653564
NeuMF,2002,2002-12-31,176899,2324,8,0.9910150170326233
NeuMF,2002,2002-12-31,176899,2692,9,0.9907320141792297
NeuMF,2002,2002-12-31,176899,1189,10,0.9875965118408203
NeuMF,2002,2002-12-31,177133,1625,1,0.9986758828163147
NeuMF,2002,2002-12-31,177133,89,2,0.9963107705116272
NeuMF,2002,2002-12-31,177133,2961,3,0.9958677291870117
NeuMF,2002,2002-12-31,177133,347,4,0.9917912483215332
NeuMF,2002,2002-12-31,177133,2231,5,0.990136981010437
NeuMF,2002,2002-12-31,177133,1034,6,0.9899882674217224
NeuMF,2002,2002-12-31,177133,2917,7,0.9894457459449768
NeuMF,2002,2002-12-31,177133,1680,8,0.9890202879905701
NeuMF,2002,2002-12-31,177133,1589,9,0.9882530570030212
NeuMF,2002,2002-12-31,177133,61,10,0.9879137873649597
NeuMF,2002,2002-12-31,177664,4079,1,0.9997746348381042
NeuMF,2002,2002-12-31,177664,1372,2,0.9995380640029907
NeuMF,2002,2002-12-31,177664,1175,3,0.9995187520980835
NeuMF,2002,2002-12-31,177664,69,4,0.9994311928749084
NeuMF,2002,2002-12-31,177664,246,5,0.9983865022659302
NeuMF,2002,2002-12-31,177664,2745,6,0.996995210647583
NeuMF,2002,2002-12-31,177664,198,7,0.9966809153556824
NeuMF,2002,2002-12-31,177664,104,8,0.996274471282959
NeuMF,2002,2002-12-31,177664,1199,9,0.9956443309783936
NeuMF,2002,2002-12-31,177664,741,10,0.9945396780967712
NeuMF,2002,2002-12-31,177763,29,1,0.999841570854187
NeuMF,2002,2002-12-31,177763,1111,2,0.9995580315589905
NeuMF,2002,2002-12-31,177763,750,3,0.999384880065918
NeuMF,2002,2002-12-31,177763,162,4,0.9992209672927856
NeuMF,2002,2002-12-31,177763,1175,5,0.9992011189460754
NeuMF,2002,2002-12-31,177763,4304,6,0.9988265633583069
NeuMF,2002,2002-12-31,177763,199,7,0.9982390403747559
NeuMF,2002,2002-12-31,177763,111,8,0.9967586398124695
NeuMF,2002,2002-12-31,177763,1248,9,0.9965805411338806
NeuMF,2002,2002-12-31,177763,714,10,0.9962540864944458
NeuMF,2002,2002-12-31,177766,1270,1,0.9992433786392212
NeuMF,2002,2002-12-31,177766,1307,2,0.9987396597862244
NeuMF,2002,2002-12-31,177766,1079,3,0.9986773133277893
NeuMF,2002,2002-12-31,177766,1641,4,0.9979066848754883
NeuMF,2002,2002-12-31,177766,2000,5,0.9977479577064514
NeuMF,2002,2002-12-31,177766,3844,6,0.9969552755355835
NeuMF,2002,2002-12-31,177766,1271,7,0.9968282580375671
NeuMF,2002,2002-12-31,177766,1784,8,0.9965910911560059
NeuMF,2002,2002-12-31,177766,2174,9,0.9960697889328003
NeuMF,2002,2002-12-31,177766,1584,10,0.9960018992424011
NeuMF,2002,2002-12-31,177811,3527,1,0.9985851049423218
NeuMF,2002,2002-12-31,177811,2985,2,0.9985741376876831
NeuMF,2002,2002-12-31,177811,1201,3,0.9979603290557861
NeuMF,2002,2002-12-31,177811,891,4,0.9962672591209412
NeuMF,2002,2002-12-31,177811,2735,5,0.99562668800354
NeuMF,2002,2002-12-31,177811,3029,6,0.9953333735466003
NeuMF,2002,2002-12-31,177811,610,7,0.995149552822113
NeuMF,2002,2002-12-31,177811,3476,8,0.9940910935401917
NeuMF,2002,2002-12-31,177811,2513,9,0.9934695959091187
NeuMF,2002,2002-12-31,177811,2517,10,0.9932343363761902
NeuMF,2002,2002-12-31,177858,2105,1,0.9983423948287964
NeuMF,2002,2002-12-31,177858,1385,2,0.9976266026496887
NeuMF,2002,2002-12-31,177858,442,3,0.9969668984413147
NeuMF,2002,2002-12-31,177858,2427,4,0.9963279366493225
NeuMF,2002,2002-12-31,177858,3175,5,0.995923638343811
NeuMF,2002,2002-12-31,177858,1408,6,0.9958311915397644
NeuMF,2002,2002-12-31,177858,2406,7,0.9957285523414612
NeuMF,2002,2002-12-31,177858,3704,8,0.9948825836181641
NeuMF,2002,2002-12-31,177858,2194,9,0.9939238429069519
NeuMF,2002,2002-12-31,177858,1371,10,0.9933486580848694
NeuMF,2002,2002-12-31,178255,1023,1,0.9980480670928955
NeuMF,2002,2002-12-31,178255,262,2,0.9942286014556885
NeuMF,2002,2002-12-31,178255,3791,3,0.9932982325553894
NeuMF,2002,2002-12-31,178255,2746,4,0.9931964874267578
NeuMF,2002,2002-12-31,178255,4238,5,0.9905423521995544
NeuMF,2002,2002-12-31,178255,3032,6,0.9904630780220032
NeuMF,2002,2002-12-31,178255,471,7,0.9904526472091675
NeuMF,2002,2002-12-31,178255,1653,8,0.9898189902305603
NeuMF,2002,2002-12-31,178255,2048,9,0.985293447971344
NeuMF,2002,2002-12-31,178255,6184,10,0.9852424263954163
NeuMF,2002,2002-12-31,178406,3145,1,0.9986525177955627
NeuMF,2002,2002-12-31,178406,4718,2,0.9971670508384705
NeuMF,2002,2002-12-31,178406,2058,3,0.9971617460250854
NeuMF,2002,2002-12-31,178406,2335,4,0.9942548871040344
NeuMF,2002,2002-12-31,178406,3082,5,0.9931245446205139
NeuMF,2002,2002-12-31,178406,1241,6,0.9923095703125
NeuMF,2002,2002-12-31,178406,1261,7,0.9919889569282532
NeuMF,2002,2002-12-31,178406,3885,8,0.9893508553504944
NeuMF,2002,2002-12-31,178406,728,9,0.988902747631073
NeuMF,2002,2002-12-31,178406,4226,10,0.9884728789329529
NeuMF,2002,2002-12-31,179407,1431,1,0.9995372295379639
NeuMF,2002,2002-12-31,179407,798,2,0.9985559582710266
NeuMF,2002,2002-12-31,179407,248,3,0.9981004595756531
NeuMF,2002,2002-12-31,179407,3744,4,0.9968569278717041
NeuMF,2002,2002-12-31,179407,1476,5,0.9958382844924927
NeuMF,2002,2002-12-31,179407,1479,6,0.9940793514251709
NeuMF,2002,2002-12-31,179407,663,7,0.9939889907836914
NeuMF,2002,2002-12-31,179407,122,8,0.9930664300918579
NeuMF,2002,2002-12-31,179407,1544,9,0.9925554394721985
NeuMF,2002,2002-12-31,179407,69,10,0.9923903346061707
NeuMF,2002,2002-12-31,180083,2795,1,0.9990922212600708
NeuMF,2002,2002-12-31,180083,1676,2,0.9977983832359314
NeuMF,2002,2002-12-31,180083,2081,3,0.9970307350158691
NeuMF,2002,2002-12-31,180083,2423,4,0.9967657327651978
NeuMF,2002,2002-12-31,180083,589,5,0.9952652454376221
NeuMF,2002,2002-12-31,180083,2302,6,0.9951781034469604
NeuMF,2002,2002-12-31,180083,1797,7,0.994899570941925
NeuMF,2002,2002-12-31,180083,837,8,0.9939157366752625
NeuMF,2002,2002-12-31,180083,1240,9,0.9922729730606079
NeuMF,2002,2002-12-31,180083,2294,10,0.9922345876693726
NeuMF,2002,2002-12-31,180180,2936,1,0.9989387392997742
NeuMF,2002,2002-12-31,180180,910,2,0.9986961483955383
NeuMF,2002,2002-12-31,180180,314,3,0.9983568787574768
NeuMF,2002,2002-12-31,180180,3421,4,0.9982549548149109
NeuMF,2002,2002-12-31,180180,2186,5,0.9981208443641663
NeuMF,2002,2002-12-31,180180,2946,6,0.9978172779083252
NeuMF,2002,2002-12-31,180180,1269,7,0.996231734752655
NeuMF,2002,2002-12-31,180180,3362,8,0.9957894682884216
NeuMF,2002,2002-12-31,180180,900,9,0.9956883788108826
NeuMF,2002,2002-12-31,180180,247,10,0.9955904483795166
NeuMF,2002,2002-12-31,180322,326,1,0.9997231364250183
NeuMF,2002,2002-12-31,180322,306,2,0.9992726445198059
NeuMF,2002,2002-12-31,180322,2020,3,0.998770534992218
NeuMF,2002,2002-12-31,180322,30,4,0.9982593655586243
NeuMF,2002,2002-12-31,180322,1228,5,0.997973620891571
NeuMF,2002,2002-12-31,180322,58,6,0.9976277947425842
NeuMF,2002,2002-12-31,180322,1111,7,0.9965189695358276
NeuMF,2002,2002-12-31,180322,1912,8,0.9960732460021973
NeuMF,2002,2002-12-31,180322,2318,9,0.9954627156257629
NeuMF,2002,2002-12-31,180322,164,10,0.9952730536460876
NeuMF,2002,2002-12-31,180965,3101,1,0.9999771118164062
NeuMF,2002,2002-12-31,180965,4238,2,0.999923825263977
NeuMF,2002,2002-12-31,180965,3015,3,0.9990304708480835
NeuMF,2002,2002-12-31,180965,4034,4,0.9988312125205994
NeuMF,2002,2002-12-31,180965,3649,5,0.9987952709197998
NeuMF,2002,2002-12-31,180965,3147,6,0.9980356097221375
NeuMF,2002,2002-12-31,180965,4023,7,0.9977868795394897
NeuMF,2002,2002-12-31,180965,1982,8,0.9975270628929138
NeuMF,2002,2002-12-31,180965,3168,9,0.9960442781448364
NeuMF,2002,2002-12-31,180965,3219,10,0.9958471655845642
NeuMF,2002,2002-12-31,180995,3260,1,0.9998779296875
NeuMF,2002,2002-12-31,180995,2966,2,0.9997336268424988
NeuMF,2002,2002-12-31,180995,515,3,0.9997236132621765
NeuMF,2002,2002-12-31,180995,3246,4,0.9984778761863708
NeuMF,2002,2002-12-31,180995,82,5,0.9982147216796875
NeuMF,2002,2002-12-31,180995,1132,6,0.9966247081756592
NeuMF,2002,2002-12-31,180995,468,7,0.9955419898033142
NeuMF,2002,2002-12-31,180995,1187,8,0.9945084452629089
NeuMF,2002,2002-12-31,180995,2912,9,0.9944782257080078
NeuMF,2002,2002-12-31,180995,2611,10,0.9941347241401672
NeuMF,2002,2002-12-31,181165,178,1,0.9997188448905945
NeuMF,2002,2002-12-31,181165,562,2,0.9996905326843262
NeuMF,2002,2002-12-31,181165,1563,3,0.9995500445365906
NeuMF,2002,2002-12-31,181165,2337,4,0.9995160102844238
NeuMF,2002,2002-12-31,181165,501,5,0.9994183778762817
NeuMF,2002,2002-12-31,181165,2499,6,0.9992497563362122
NeuMF,2002,2002-12-31,181165,117,7,0.9992254972457886
NeuMF,2002,2002-12-31,181165,4642,8,0.99910968542099
NeuMF,2002,2002-12-31,181165,431,9,0.9990046620368958
NeuMF,2002,2002-12-31,181165,29,10,0.9989240765571594
NeuMF,2002,2002-12-31,181246,724,1,0.9999582767486572
NeuMF,2002,2002-12-31,181246,1762,2,0.9998481273651123
NeuMF,2002,2002-12-31,181246,66,3,0.9997486472129822
NeuMF,2002,2002-12-31,181246,3917,4,0.9996906518936157
NeuMF,2002,2002-12-31,181246,3919,5,0.9987138509750366
NeuMF,2002,2002-12-31,181246,330,6,0.9984899759292603
NeuMF,2002,2002-12-31,181246,3918,7,0.9974905252456665
NeuMF,2002,2002-12-31,181246,3840,8,0.9970768690109253
NeuMF,2002,2002-12-31,181246,170,9,0.9958343505859375
NeuMF,2002,2002-12-31,181246,2448,10,0.9958006739616394
NeuMF,2002,2002-12-31,181723,2852,1,0.9974410533905029
NeuMF,2002,2002-12-31,181723,72,2,0.9955893754959106
NeuMF,2002,2002-12-31,181723,3111,3,0.9954839944839478
NeuMF,2002,2002-12-31,181723,3731,4,0.9952695965766907
NeuMF,2002,2002-12-31,181723,1272,5,0.991952121257782
NeuMF,2002,2002-12-31,181723,2866,6,0.9913256764411926
NeuMF,2002,2002-12-31,181723,2922,7,0.9910646677017212
NeuMF,2002,2002-12-31,181723,2951,8,0.9879226088523865
NeuMF,2002,2002-12-31,181723,1078,9,0.9874419569969177
NeuMF,2002,2002-12-31,181723,3812,10,0.9862437844276428
NeuMF,2002,2002-12-31,181746,2959,1,0.999700665473938
NeuMF,2002,2002-12-31,181746,3005,2,0.9993963241577148
NeuMF,2002,2002-12-31,181746,2712,3,0.9992308616638184
NeuMF,2002,2002-12-31,181746,3081,4,0.9980826377868652
NeuMF,2002,2002-12-31,181746,2571,5,0.9975883960723877
NeuMF,2002,2002-12-31,181746,2028,6,0.9965433478355408
NeuMF,2002,2002-12-31,181746,3285,7,0.9939090013504028
NeuMF,2002,2002-12-31,181746,2688,8,0.9935710430145264
NeuMF,2002,2002-12-31,181746,1961,9,0.9932478666305542
NeuMF,2002,2002-12-31,181746,2581,10,0.9932016730308533
NeuMF,2002,2002-12-31,182063,1015,1,0.9999107122421265
NeuMF,2002,2002-12-31,182063,673,2,0.9971143007278442
NeuMF,2002,2002-12-31,182063,3429,3,0.9965437054634094
NeuMF,2002,2002-12-31,182063,2700,4,0.9950954914093018
NeuMF,2002,2002-12-31,182063,1049,5,0.994873583316803
NeuMF,2002,2002-12-31,182063,1848,6,0.9947891235351562
NeuMF,2002,2002-12-31,182063,2724,7,0.9931045174598694
NeuMF,2002,2002-12-31,182063,552,8,0.9928362965583801
NeuMF,2002,2002-12-31,182063,2396,9,0.9907127022743225
NeuMF,2002,2002-12-31,182063,1027,10,0.9900714159011841
NeuMF,2002,2002-12-31,182164,3146,1,0.9996846914291382
NeuMF,2002,2002-12-31,182164,3578,2,0.9985986351966858
NeuMF,2002,2002-12-31,182164,2012,3,0.9972606897354126
NeuMF,2002,2002-12-31,182164,3477,4,0.9964214563369751
NeuMF,2002,2002-12-31,182164,1895,5,0.9957903027534485
NeuMF,2002,2002-12-31,182164,1025,6,0.9956008195877075
NeuMF,2002,2002-12-31,182164,3156,7,0.9948878884315491
NeuMF,2002,2002-12-31,182164,32,8,0.9934229254722595
NeuMF,2002,2002-12-31,182164,3326,9,0.9927800297737122
NeuMF,2002,2002-12-31,182164,1270,10,0.9927214980125427
NeuMF,2002,2002-12-31,182486,3129,1,0.9995088577270508
NeuMF,2002,2002-12-31,182486,2908,2,0.9993330836296082
NeuMF,2002,2002-12-31,182486,4448,3,0.9990981817245483
NeuMF,2002,2002-12-31,182486,2890,4,0.9989210367202759
NeuMF,2002,2002-12-31,182486,2268,5,0.9989053010940552
NeuMF,2002,2002-12-31,182486,2912,6,0.998683512210846
NeuMF,2002,2002-12-31,182486,4034,7,0.998515784740448
NeuMF,2002,2002-12-31,182486,4056,8,0.9983909130096436
NeuMF,2002,2002-12-31,182486,3083,9,0.9983566403388977
NeuMF,2002,2002-12-31,182486,3100,10,0.997929573059082
NeuMF,2002,2002-12-31,182827,2497,1,0.9993267059326172
NeuMF,2002,2002-12-31,182827,1487,2,0.9986458420753479
NeuMF,2002,2002-12-31,182827,3952,3,0.9984652996063232
NeuMF,2002,2002-12-31,182827,4306,4,0.998128354549408
NeuMF,2002,2002-12-31,182827,3895,5,0.9980199337005615
NeuMF,2002,2002-12-31,182827,2541,6,0.9979363679885864
NeuMF,2002,2002-12-31,182827,3100,7,0.9978771209716797
NeuMF,2002,2002-12-31,182827,4017,8,0.9974986910820007
NeuMF,2002,2002-12-31,182827,1947,9,0.9971612691879272
NeuMF,2002,2002-12-31,182827,3484,10,0.9951934218406677
NeuMF,2002,2002-12-31,182846,1959,1,0.9983069896697998
NeuMF,2002,2002-12-31,182846,4174,2,0.9980389475822449
NeuMF,2002,2002-12-31,182846,3578,3,0.9973100423812866
NeuMF,2002,2002-12-31,182846,2572,4,0.9964661598205566
NeuMF,2002,2002-12-31,182846,3751,5,0.9963243007659912
NeuMF,2002,2002-12-31,182846,3565,6,0.9963204860687256
NeuMF,2002,2002-12-31,182846,3753,7,0.9947128891944885
NeuMF,2002,2002-12-31,182846,4296,8,0.9935193657875061
NeuMF,2002,2002-12-31,182846,2706,9,0.9926664233207703
NeuMF,2002,2002-12-31,182846,2987,10,0.9923157691955566
NeuMF,2002,2002-12-31,183096,1608,1,0.998928964138031
NeuMF,2002,2002-12-31,183096,1645,2,0.9986518025398254
NeuMF,2002,2002-12-31,183096,1892,3,0.9985325336456299
NeuMF,2002,2002-12-31,183096,4464,4,0.9979377388954163
NeuMF,2002,2002-12-31,183096,908,5,0.9975047707557678
NeuMF,2002,2002-12-31,183096,599,6,0.996383547782898
NeuMF,2002,2002-12-31,183096,1873,7,0.9957167506217957
NeuMF,2002,2002-12-31,183096,1092,8,0.9954478144645691
NeuMF,2002,2002-12-31,183096,4925,9,0.9943055510520935
NeuMF,2002,2002-12-31,183096,1225,10,0.993842601776123
NeuMF,2002,2002-12-31,183554,3421,1,0.9998829364776611
NeuMF,2002,2002-12-31,183554,1214,2,0.9996858835220337
NeuMF,2002,2002-12-31,183554,1206,3,0.9996180534362793
NeuMF,2002,2002-12-31,183554,3471,4,0.999360978603363
NeuMF,2002,2002-12-31,183554,3608,5,0.9993320107460022
NeuMF,2002,2002-12-31,183554,778,6,0.9991807341575623
NeuMF,2002,2002-12-31,183554,1136,7,0.9990628361701965
NeuMF,2002,2002-12-31,183554,1261,8,0.9989284873008728
NeuMF,2002,2002-12-31,183554,1348,9,0.9987926483154297
NeuMF,2002,2002-12-31,183554,904,10,0.9986144304275513
NeuMF,2002,2002-12-31,183771,149,1,0.9976750016212463
NeuMF,2002,2002-12-31,183771,764,2,0.9975754618644714
NeuMF,2002,2002-12-31,183771,3186,3,0.9975146055221558
NeuMF,2002,2002-12-31,183771,2396,4,0.9954730868339539
NeuMF,2002,2002-12-31,183771,1265,5,0.9953438639640808
NeuMF,2002,2002-12-31,183771,2671,6,0.9950652718544006
NeuMF,2002,2002-12-31,183771,906,7,0.9917130470275879
NeuMF,2002,2002-12-31,183771,3727,8,0.9906198978424072
NeuMF,2002,2002-12-31,183771,345,9,0.9901005625724792
NeuMF,2002,2002-12-31,183771,3844,10,0.9896515011787415
NeuMF,2002,2002-12-31,183917,3260,1,0.9992294311523438
NeuMF,2002,2002-12-31,183917,3083,2,0.9988206028938293
NeuMF,2002,2002-12-31,183917,1952,3,0.9986928105354309
NeuMF,2002,2002-12-31,183917,4216,4,0.9971222281455994
NeuMF,2002,2002-12-31,183917,3742,5,0.9970700740814209
NeuMF,2002,2002-12-31,183917,1136,6,0.9961637258529663
NeuMF,2002,2002-12-31,183917,2186,7,0.9958252906799316
NeuMF,2002,2002-12-31,183917,4021,8,0.9956790804862976
NeuMF,2002,2002-12-31,183917,1248,9,0.9953650236129761
NeuMF,2002,2002-12-31,183917,1251,10,0.9947585463523865
NeuMF,2002,2002-12-31,184503,1267,1,0.9987258315086365
NeuMF,2002,2002-12-31,184503,922,2,0.9980251789093018
NeuMF,2002,2002-12-31,184503,3504,3,0.9978681802749634
NeuMF,2002,2002-12-31,184503,1344,4,0.9974690675735474
NeuMF,2002,2002-12-31,184503,2203,5,0.9973268508911133
NeuMF,2002,2002-12-31,184503,1361,6,0.9970147609710693
NeuMF,2002,2002-12-31,184503,1333,7,0.9965217113494873
NeuMF,2002,2002-12-31,184503,910,8,0.9963030815124512
NeuMF,2002,2002-12-31,184503,1147,9,0.9959347248077393
NeuMF,2002,2002-12-31,184503,426,10,0.995144784450531
NeuMF,2002,2002-12-31,184932,2110,1,0.9966174960136414
NeuMF,2002,2002-12-31,184932,2100,2,0.9965723752975464
NeuMF,2002,2002-12-31,184932,1077,3,0.9956639409065247
NeuMF,2002,2002-12-31,184932,3088,4,0.9945592284202576
NeuMF,2002,2002-12-31,184932,2968,5,0.9933474659919739
NeuMF,2002,2002-12-31,184932,1584,6,0.992148756980896
NeuMF,2002,2002-12-31,184932,1641,7,0.9914639592170715
NeuMF,2002,2002-12-31,184932,1653,8,0.9894998669624329
NeuMF,2002,2002-12-31,184932,3827,9,0.9892745614051819
NeuMF,2002,2002-12-31,184932,1967,10,0.989021897315979
NeuMF,2002,2002-12-31,185020,848,1,0.999860405921936
NeuMF,2002,2002-12-31,185020,851,2,0.9991533756256104
NeuMF,2002,2002-12-31,185020,3359,3,0.99863201379776
NeuMF,2002,2002-12-31,185020,1594,4,0.9979641437530518
NeuMF,2002,2002-12-31,185020,1955,5,0.9967247843742371
NeuMF,2002,2002-12-31,185020,222,6,0.9964007139205933
NeuMF,2002,2002-12-31,185020,1050,7,0.9955782294273376
NeuMF,2002,2002-12-31,185020,1246,8,0.9951989054679871
NeuMF,2002,2002-12-31,185020,3735,9,0.995189905166626
NeuMF,2002,2002-12-31,185020,994,10,0.994269847869873
NeuMF,2002,2002-12-31,185283,1953,1,0.9996953010559082
NeuMF,2002,2002-12-31,185283,1267,2,0.9973142743110657
NeuMF,2002,2002-12-31,185283,3093,3,0.9968630075454712
NeuMF,2002,2002-12-31,185283,3362,4,0.9967159032821655
NeuMF,2002,2002-12-31,185283,1092,5,0.9961446523666382
NeuMF,2002,2002-12-31,185283,3735,6,0.9959398508071899
NeuMF,2002,2002-12-31,185283,1209,7,0.9949990510940552
NeuMF,2002,2002-12-31,185283,1250,8,0.9940975904464722
NeuMF,2002,2002-12-31,185283,1645,9,0.9940897226333618
NeuMF,2002,2002-12-31,185283,3471,10,0.9939716458320618
NeuMF,2002,2002-12-31,185296,81,1,0.9995658993721008
NeuMF,2002,2002-12-31,185296,1404,2,0.9966487288475037
NeuMF,2002,2002-12-31,185296,2329,3,0.996531069278717
NeuMF,2002,2002-12-31,185296,428,4,0.9960421323776245
NeuMF,2002,2002-12-31,185296,110,5,0.9950297474861145
NeuMF,2002,2002-12-31,185296,1208,6,0.9936739206314087
NeuMF,2002,2002-12-31,185296,3682,7,0.9924585223197937
NeuMF,2002,2002-12-31,185296,1673,8,0.9921683669090271
NeuMF,2002,2002-12-31,185296,3173,9,0.9916280508041382
NeuMF,2002,2002-12-31,185296,1258,10,0.9911489486694336
NeuMF,2002,2002-12-31,185305,2836,1,0.9982269406318665
NeuMF,2002,2002-12-31,185305,2028,2,0.9980396628379822
NeuMF,2002,2002-12-31,185305,733,3,0.9979053735733032
NeuMF,2002,2002-12-31,185305,858,4,0.997825026512146
NeuMF,2002,2002-12-31,185305,1270,5,0.9977927207946777
NeuMF,2002,2002-12-31,185305,1673,6,0.9964878559112549
NeuMF,2002,2002-12-31,185305,3409,7,0.996462881565094
NeuMF,2002,2002-12-31,185305,474,8,0.9963010549545288
NeuMF,2002,2002-12-31,185305,2706,9,0.9956440925598145
NeuMF,2002,2002-12-31,185305,1240,10,0.9944347739219666
NeuMF,2002,2002-12-31,186051,1272,1,0.99932861328125
NeuMF,2002,2002-12-31,186051,1266,2,0.9992915391921997
NeuMF,2002,2002-12-31,186051,3101,3,0.9988735318183899
NeuMF,2002,2002-12-31,186051,1213,4,0.9983478784561157
NeuMF,2002,2002-12-31,186051,1221,5,0.9983377456665039
NeuMF,2002,2002-12-31,186051,1234,6,0.9983117580413818
NeuMF,2002,2002-12-31,186051,858,7,0.9976539015769958
NeuMF,2002,2002-12-31,186051,1307,8,0.9972836971282959
NeuMF,2002,2002-12-31,186051,1299,9,0.9969549179077148
NeuMF,2002,2002-12-31,186051,1265,10,0.9963592886924744
NeuMF,2002,2002-12-31,186216,3608,1,0.9967268705368042
NeuMF,2002,2002-12-31,186216,3004,2,0.9939821362495422
NeuMF,2002,2002-12-31,186216,1013,3,0.9929165840148926
NeuMF,2002,2002-12-31,186216,3363,4,0.992689311504364
NeuMF,2002,2002-12-31,186216,2014,5,0.9923388957977295
NeuMF,2002,2002-12-31,186216,3111,6,0.9919385313987732
NeuMF,2002,2002-12-31,186216,355,7,0.9880481958389282
NeuMF,2002,2002-12-31,186216,3396,8,0.9863242506980896
NeuMF,2002,2002-12-31,186216,45,9,0.9859024286270142
NeuMF,2002,2002-12-31,186216,248,10,0.9838323593139648
NeuMF,2002,2002-12-31,186304,3910,1,0.9997112154960632
NeuMF,2002,2002-12-31,186304,3916,2,0.9996451139450073
NeuMF,2002,2002-12-31,186304,3948,3,0.9995446801185608
NeuMF,2002,2002-12-31,186304,3783,4,0.9992215633392334
NeuMF,2002,2002-12-31,186304,4226,5,0.99869304895401
NeuMF,2002,2002-12-31,186304,4066,6,0.9986346364021301
NeuMF,2002,2002-12-31,186304,3624,7,0.9983933568000793
NeuMF,2002,2002-12-31,186304,3424,8,0.9982166886329651
NeuMF,2002,2002-12-31,186304,3083,9,0.9980091452598572
NeuMF,2002,2002-12-31,186304,3571,10,0.9979621171951294
NeuMF,2002,2002-12-31,186489,1175,1,0.9989929795265198
NeuMF,2002,2002-12-31,186489,2,2,0.9984753727912903
NeuMF,2002,2002-12-31,186489,329,3,0.9974905252456665
NeuMF,2002,2002-12-31,186489,253,4,0.9972720742225647
NeuMF,2002,2002-12-31,186489,1405,5,0.9967852830886841
NeuMF,2002,2002-12-31,186489,196,6,0.9967578053474426
NeuMF,2002,2002-12-31,186489,2294,7,0.9963650703430176
NeuMF,2002,2002-12-31,186489,588,8,0.9960547685623169
NeuMF,2002,2002-12-31,186489,500,9,0.9958916902542114
NeuMF,2002,2002-12-31,186489,475,10,0.9957376718521118
NeuMF,2002,2002-12-31,186539,3608,1,0.9991300702095032
NeuMF,2002,2002-12-31,186539,1084,2,0.9960269927978516
NeuMF,2002,2002-12-31,186539,1994,3,0.9953669309616089
NeuMF,2002,2002-12-31,186539,3363,4,0.9948705434799194
NeuMF,2002,2002-12-31,186539,1208,5,0.9942253232002258
NeuMF,2002,2002-12-31,186539,2872,6,0.994034469127655
NeuMF,2002,2002-12-31,186539,2105,7,0.9934146404266357
NeuMF,2002,2002-12-31,186539,3284,8,0.9911545515060425
NeuMF,2002,2002-12-31,186539,233,9,0.9908444285392761
NeuMF,2002,2002-12-31,186539,417,10,0.9907743334770203
NeuMF,2002,2002-12-31,187054,2572,1,0.9999929666519165
NeuMF,2002,2002-12-31,187054,2581,2,0.999921441078186
NeuMF,2002,2002-12-31,187054,2724,3,0.9999037981033325
NeuMF,2002,2002-12-31,187054,2485,4,0.9998456239700317
NeuMF,2002,2002-12-31,187054,2694,5,0.9995798468589783
NeuMF,2002,2002-12-31,187054,2718,6,0.9994571805000305
NeuMF,2002,2002-12-31,187054,2605,7,0.9993959665298462
NeuMF,2002,2002-12-31,187054,2338,8,0.9992563128471375
NeuMF,2002,2002-12-31,187054,2433,9,0.9989303946495056
NeuMF,2002,2002-12-31,187054,2038,10,0.9983896017074585
NeuMF,2002,2002-12-31,187226,2890,1,0.9988265633583069
NeuMF,2002,2002-12-31,187226,2166,2,0.9987497329711914
NeuMF,2002,2002-12-31,187226,1358,3,0.998427152633667
NeuMF,2002,2002-12-31,187226,1059,4,0.9984145164489746
NeuMF,2002,2002-12-31,187226,296,5,0.9979267120361328
NeuMF,2002,2002-12-31,187226,1393,6,0.9979123473167419
NeuMF,2002,2002-12-31,187226,2712,7,0.9975211024284363
NeuMF,2002,2002-12-31,187226,527,8,0.9969744682312012
NeuMF,2002,2002-12-31,187226,994,9,0.996688187122345
NeuMF,2002,2002-12-31,187226,3105,10,0.9963628649711609
NeuMF,2002,2002-12-31,187584,2725,1,0.999208390712738
NeuMF,2002,2002-12-31,187584,1805,2,0.9981387853622437
NeuMF,2002,2002-12-31,187584,1230,3,0.9981143474578857
NeuMF,2002,2002-12-31,187584,3844,4,0.9981063604354858
NeuMF,2002,2002-12-31,187584,1501,5,0.9977160692214966
NeuMF,2002,2002-12-31,187584,2437,6,0.996264636516571
NeuMF,2002,2002-12-31,187584,2058,7,0.9960242509841919
NeuMF,2002,2002-12-31,187584,2183,8,0.995984673500061
NeuMF,2002,2002-12-31,187584,2890,9,0.9950665235519409
NeuMF,2002,2002-12-31,187584,1719,10,0.9948329925537109
NeuMF,2002,2002-12-31,187936,1265,1,0.9993811845779419
NeuMF,2002,2002-12-31,187936,898,2,0.9987514019012451
NeuMF,2002,2002-12-31,187936,2064,3,0.9981764554977417
NeuMF,2002,2002-12-31,187936,1923,4,0.9981034994125366
NeuMF,2002,2002-12-31,187936,899,5,0.9971502423286438
NeuMF,2002,2002-12-31,187936,1307,6,0.9969182014465332
NeuMF,2002,2002-12-31,187936,2791,7,0.9965974688529968
NeuMF,2002,2002-12-31,187936,39,8,0.9952024221420288
NeuMF,2002,2002-12-31,187936,916,9,0.9951070547103882
NeuMF,2002,2002-12-31,187936,1079,10,0.9927945733070374
NeuMF,2002,2002-12-31,188115,3334,1,0.9995997548103333
NeuMF,2002,2002-12-31,188115,1066,2,0.9971675276756287
NeuMF,2002,2002-12-31,188115,1912,3,0.9954083561897278
NeuMF,2002,2002-12-31,188115,2108,4,0.994986891746521
NeuMF,2002,2002-12-31,188115,1197,5,0.9941278696060181
NeuMF,2002,2002-12-31,188115,68,6,0.9920015335083008
NeuMF,2002,2002-12-31,188115,3545,7,0.9914588928222656
NeuMF,2002,2002-12-31,188115,2883,8,0.9912866950035095
NeuMF,2002,2002-12-31,188115,3244,9,0.9880577325820923
NeuMF,2002,2002-12-31,188115,468,10,0.9871009588241577
NeuMF,2002,2002-12-31,188747,1566,1,0.999739944934845
NeuMF,2002,2002-12-31,188747,239,2,0.9984198808670044
NeuMF,2002,2002-12-31,188747,1907,3,0.998369038105011
NeuMF,2002,2002-12-31,188747,2396,4,0.9982598423957825
NeuMF,2002,2002-12-31,188747,3114,5,0.9980130195617676
NeuMF,2002,2002-12-31,188747,673,6,0.9978364109992981
NeuMF,2002,2002-12-31,188747,609,7,0.9976905584335327
NeuMF,2002,2002-12-31,188747,2083,8,0.9976862668991089
NeuMF,2002,2002-12-31,188747,3157,9,0.9972010850906372
NeuMF,2002,2002-12-31,188747,2687,10,0.9967979788780212
NeuMF,2002,2002-12-31,188777,1513,1,0.997127115726471
NeuMF,2002,2002-12-31,188777,2112,2,0.9970211386680603
NeuMF,2002,2002-12-31,188777,1208,3,0.9969633221626282
NeuMF,2002,2002-12-31,188777,2622,4,0.996921181678772
NeuMF,2002,2002-12-31,188777,1414,5,0.9964575171470642
NeuMF,2002,2002-12-31,188777,4710,6,0.9948928356170654
NeuMF,2002,2002-12-31,188777,1608,7,0.9944872260093689
NeuMF,2002,2002-12-31,188777,3152,8,0.9936756491661072
NeuMF,2002,2002-12-31,188777,412,9,0.9930086135864258
NeuMF,2002,2002-12-31,188777,1358,10,0.9929589033126831
NeuMF,2002,2002-12-31,188944,2268,1,0.9989975094795227
NeuMF,2002,2002-12-31,188944,1923,2,0.9989174604415894
NeuMF,2002,2002-12-31,188944,2273,3,0.9988786578178406
NeuMF,2002,2002-12-31,188944,1610,4,0.9987874627113342
NeuMF,2002,2002-12-31,188944,2194,5,0.9986403584480286
NeuMF,2002,2002-12-31,188944,380,6,0.99788898229599
NeuMF,2002,2002-12-31,188944,2000,7,0.9971340894699097
NeuMF,2002,2002-12-31,188944,2028,8,0.996826171875
NeuMF,2002,2002-12-31,188944,368,9,0.9967840909957886
NeuMF,2002,2002-12-31,188944,2916,10,0.9964115023612976
NeuMF,2002,2002-12-31,188986,3831,1,0.9997932314872742
NeuMF,2002,2002-12-31,188986,1947,2,0.9993613362312317
NeuMF,2002,2002-12-31,188986,2359,3,0.9989950060844421
NeuMF,2002,2002-12-31,188986,1304,4,0.9988522529602051
NeuMF,2002,2002-12-31,188986,2436,5,0.9983537197113037
NeuMF,2002,2002-12-31,188986,1948,6,0.9982984662055969
NeuMF,2002,2002-12-31,188986,1234,7,0.9981719255447388
NeuMF,2002,2002-12-31,188986,3983,8,0.9979709982872009
NeuMF,2002,2002-12-31,188986,1028,9,0.9976256489753723
NeuMF,2002,2002-12-31,188986,1247,10,0.9975162744522095
NeuMF,2002,2002-12-31,189207,368,1,0.998741090297699
NeuMF,2002,2002-12-31,189207,1552,2,0.9986138343811035
NeuMF,2002,2002-12-31,189207,1429,3,0.9985731840133667
NeuMF,2002,2002-12-31,189207,466,4,0.9984923601150513
NeuMF,2002,2002-12-31,189207,112,5,0.9972772002220154
NeuMF,2002,2002-12-31,189207,3578,6,0.9972559809684753
NeuMF,2002,2002-12-31,189207,1047,7,0.9950959086418152
NeuMF,2002,2002-12-31,189207,1405,8,0.9950312376022339
NeuMF,2002,2002-12-31,189207,2944,9,0.9944671392440796
NeuMF,2002,2002-12-31,189207,1608,10,0.9942902326583862
NeuMF,2002,2002-12-31,189851,1288,1,0.9953866600990295
NeuMF,2002,2002-12-31,189851,3448,2,0.9953010082244873
NeuMF,2002,2002-12-31,189851,4086,3,0.9952613711357117
NeuMF,2002,2002-12-31,189851,3397,4,0.99503493309021
NeuMF,2002,2002-12-31,189851,3101,5,0.9949002861976624
NeuMF,2002,2002-12-31,189851,2194,6,0.994607150554657
NeuMF,2002,2002-12-31,189851,4085,7,0.993123471736908
NeuMF,2002,2002-12-31,189851,1673,8,0.9930843114852905
NeuMF,2002,2002-12-31,189851,1242,9,0.9923620223999023
NeuMF,2002,2002-12-31,189851,3147,10,0.9920234680175781
NeuMF,2002,2002-12-31,189899,1270,1,0.9990703463554382
NeuMF,2002,2002-12-31,189899,1196,2,0.9982932209968567
NeuMF,2002,2002-12-31,189899,2571,3,0.9980379939079285
NeuMF,2002,2002-12-31,189899,2791,4,0.9978733062744141
NeuMF,2002,2002-12-31,189899,1197,5,0.9970992803573608
NeuMF,2002,2002-12-31,189899,2716,6,0.9961726069450378
NeuMF,2002,2002-12-31,189899,2916,7,0.9953866600990295
NeuMF,2002,2002-12-31,189899,1240,8,0.9953325390815735
NeuMF,2002,2002-12-31,189899,2028,9,0.994918167591095
NeuMF,2002,2002-12-31,189899,260,10,0.9938021898269653
NeuMF,2002,2002-12-31,190019,3083,1,0.9985682964324951
NeuMF,2002,2002-12-31,190019,1188,2,0.998252809047699
NeuMF,2002,2002-12-31,190019,1357,3,0.9981330037117004
NeuMF,2002,2002-12-31,190019,2883,4,0.9979370832443237
NeuMF,2002,2002-12-31,190019,2721,5,0.9974687099456787
NeuMF,2002,2002-12-31,190019,1446,6,0.996425211429596
NeuMF,2002,2002-12-31,190019,1649,7,0.9956309795379639
NeuMF,2002,2002-12-31,190019,1734,8,0.995073139667511
NeuMF,2002,2002-12-31,190019,1059,9,0.9944384098052979
NeuMF,2002,2002-12-31,190019,3831,10,0.9944188594818115
NeuMF,2002,2002-12-31,190387,2425,1,0.9971893429756165
NeuMF,2002,2002-12-31,190387,2890,2,0.9966099858283997
NeuMF,2002,2002-12-31,190387,2949,3,0.9949828386306763
NeuMF,2002,2002-12-31,190387,999,4,0.9938725233078003
NeuMF,2002,2002-12-31,190387,1401,5,0.9913449287414551
NeuMF,2002,2002-12-31,190387,635,6,0.9905953407287598
NeuMF,2002,2002-12-31,190387,852,7,0.9904680848121643
NeuMF,2002,2002-12-31,190387,3384,8,0.9879486560821533
NeuMF,2002,2002-12-31,190387,1955,9,0.9856134057044983
NeuMF,2002,2002-12-31,190387,164,10,0.9844098091125488
NeuMF,2002,2002-12-31,190462,3188,1,0.9994557499885559
NeuMF,2002,2002-12-31,190462,3408,2,0.9993195533752441
NeuMF,2002,2002-12-31,190462,2696,3,0.9992451667785645
NeuMF,2002,2002-12-31,190462,3720,4,0.9991888403892517
NeuMF,2002,2002-12-31,190462,3317,5,0.9990823268890381
NeuMF,2002,2002-12-31,190462,3176,6,0.9981186985969543
NeuMF,2002,2002-12-31,190462,2712,7,0.9980058073997498
NeuMF,2002,2002-12-31,190462,4259,8,0.9975343942642212
NeuMF,2002,2002-12-31,190462,2725,9,0.997266411781311
NeuMF,2002,2002-12-31,190462,3949,10,0.9966204166412354
NeuMF,2002,2002-12-31,190776,3683,1,0.9997182488441467
NeuMF,2002,2002-12-31,190776,986,2,0.9989272952079773
NeuMF,2002,2002-12-31,190776,4855,3,0.9980091452598572
NeuMF,2002,2002-12-31,190776,3152,4,0.9958844780921936
NeuMF,2002,2002-12-31,190776,4361,5,0.9955444931983948
NeuMF,2002,2002-12-31,190776,3342,6,0.9951363205909729
NeuMF,2002,2002-12-31,190776,1484,7,0.9949843883514404
NeuMF,2002,2002-12-31,190776,1193,8,0.9946730732917786
NeuMF,2002,2002-12-31,190776,4713,9,0.9944832921028137
NeuMF,2002,2002-12-31,190776,3114,10,0.9944739937782288
NeuMF,2002,2002-12-31,190803,1176,1,0.9986929297447205
NeuMF,2002,2002-12-31,190803,535,2,0.9980132579803467
NeuMF,2002,2002-12-31,190803,2942,3,0.9952598214149475
NeuMF,2002,2002-12-31,190803,1734,4,0.9915192723274231
NeuMF,2002,2002-12-31,190803,1428,5,0.9872255921363831
NeuMF,2002,2002-12-31,190803,1191,6,0.9854863882064819
NeuMF,2002,2002-12-31,190803,2314,7,0.9851834177970886
NeuMF,2002,2002-12-31,190803,372,8,0.9828459620475769
NeuMF,2002,2002-12-31,190803,164,9,0.9825886487960815
NeuMF,2002,2002-12-31,190803,1273,10,0.9823505878448486
NeuMF,2002,2002-12-31,191113,4310,1,0.9998983144760132
NeuMF,2002,2002-12-31,191113,1073,2,0.9997976422309875
NeuMF,2002,2002-12-31,191113,1097,3,0.9993575215339661
NeuMF,2002,2002-12-31,191113,4700,4,0.9991486072540283
NeuMF,2002,2002-12-31,191113,1022,5,0.9985578656196594
NeuMF,2002,2002-12-31,191113,5060,6,0.9982699155807495
NeuMF,2002,2002-12-31,191113,4232,7,0.9982410669326782
NeuMF,2002,2002-12-31,191113,4023,8,0.9982329607009888
NeuMF,2002,2002-12-31,191113,4767,9,0.9979261159896851
NeuMF,2002,2002-12-31,191113,783,10,0.997892439365387
NeuMF,2002,2002-12-31,191488,3671,1,0.999955415725708
NeuMF,2002,2002-12-31,191488,3639,2,0.9998878240585327
NeuMF,2002,2002-12-31,191488,3633,3,0.9998561143875122
NeuMF,2002,2002-12-31,191488,3543,4,0.9997839331626892
NeuMF,2002,2002-12-31,191488,3578,5,0.9997145533561707
NeuMF,2002,2002-12-31,191488,3362,6,0.9996724128723145
NeuMF,2002,2002-12-31,191488,3421,7,0.9995819926261902
NeuMF,2002,2002-12-31,191488,3812,8,0.9994294047355652
NeuMF,2002,2002-12-31,191488,3175,9,0.9992836117744446
NeuMF,2002,2002-12-31,191488,3448,10,0.9992367029190063
NeuMF,2002,2002-12-31,191517,29,1,0.9991045594215393
NeuMF,2002,2002-12-31,191517,4643,2,0.9985958933830261
NeuMF,2002,2002-12-31,191517,412,3,0.9983757734298706
NeuMF,2002,2002-12-31,191517,2009,4,0.9972367286682129
NeuMF,2002,2002-12-31,191517,2594,5,0.9963725805282593
NeuMF,2002,2002-12-31,191517,4306,6,0.9963262677192688
NeuMF,2002,2002-12-31,191517,2997,7,0.9957336783409119
NeuMF,2002,2002-12-31,191517,3618,8,0.9946461319923401
NeuMF,2002,2002-12-31,191517,2912,9,0.9940651655197144
NeuMF,2002,2002-12-31,191517,2232,10,0.9938655495643616
NeuMF,2002,2002-12-31,191632,2792,1,0.9993637204170227
NeuMF,2002,2002-12-31,191632,3147,2,0.9961777925491333
NeuMF,2002,2002-12-31,191632,552,3,0.9944549202919006
NeuMF,2002,2002-12-31,191632,1784,4,0.9921863079071045
NeuMF,2002,2002-12-31,191632,1021,5,0.9918243288993835
NeuMF,2002,2002-12-31,191632,11,6,0.9906485676765442
NeuMF,2002,2002-12-31,191632,1367,7,0.9902556538581848
NeuMF,2002,2002-12-31,191632,2137,8,0.9901708960533142
NeuMF,2002,2002-12-31,191632,520,9,0.9883026480674744
NeuMF,2002,2002-12-31,191632,362,10,0.9880810976028442
NeuMF,2002,2002-12-31,191818,111,1,0.9842368960380554
NeuMF,2002,2002-12-31,191818,593,2,0.9823560118675232
NeuMF,2002,2002-12-31,191818,1095,3,0.9801042079925537
NeuMF,2002,2002-12-31,191818,555,4,0.9800399541854858
NeuMF,2002,2002-12-31,191818,1208,5,0.9763219356536865
NeuMF,2002,2002-12-31,191818,2997,6,0.9740567803382874
NeuMF,2002,2002-12-31,191818,1228,7,0.9680464267730713
NeuMF,2002,2002-12-31,191818,2028,8,0.9671346545219421
NeuMF,2002,2002-12-31,191818,527,9,0.9655147194862366
NeuMF,2002,2002-12-31,191818,1201,10,0.9551610946655273
NeuMF,2002,2002-12-31,191899,2966,1,0.999035120010376
NeuMF,2002,2002-12-31,191899,861,2,0.9989697933197021
NeuMF,2002,2002-12-31,191899,1094,3,0.9982373714447021
NeuMF,2002,2002-12-31,191899,112,4,0.9981400966644287
NeuMF,2002,2002-12-31,191899,994,5,0.9966645836830139
NeuMF,2002,2002-12-31,191899,1729,6,0.9962018132209778
NeuMF,2002,2002-12-31,191899,194,7,0.9957953691482544
NeuMF,2002,2002-12-31,191899,954,8,0.9953522682189941
NeuMF,2002,2002-12-31,191899,123,9,0.9950590133666992
NeuMF,2002,2002-12-31,191899,1395,10,0.9950253367424011
NeuMF,2002,2002-12-31,192421,358,1,0.9998847246170044
NeuMF,2002,2002-12-31,192421,1840,2,0.9987024068832397
NeuMF,2002,2002-12-31,192421,63,3,0.9977370500564575
NeuMF,2002,2002-12-31,192421,409,4,0.9974029660224915
NeuMF,2002,2002-12-31,192421,163,5,0.9973432421684265
NeuMF,2002,2002-12-31,192421,1693,6,0.9960383176803589
NeuMF,2002,2002-12-31,192421,3616,7,0.9958666563034058
NeuMF,2002,2002-12-31,192421,4776,8,0.9951220154762268
NeuMF,2002,2002-12-31,192421,3752,9,0.994746208190918
NeuMF,2002,2002-12-31,192421,1120,10,0.9944887161254883
NeuMF,2002,2002-12-31,192999,3996,1,0.999736487865448
NeuMF,2002,2002-12-31,192999,4034,2,0.9988999366760254
NeuMF,2002,2002-12-31,192999,4029,3,0.9975007176399231
NeuMF,2002,2002-12-31,192999,3408,4,0.9959481358528137
NeuMF,2002,2002-12-31,192999,1148,5,0.9957345128059387
NeuMF,2002,2002-12-31,192999,1270,6,0.9948505759239197
NeuMF,2002,2002-12-31,192999,2396,7,0.9931437969207764
NeuMF,2002,2002-12-31,192999,3967,8,0.993043839931488
NeuMF,2002,2002-12-31,192999,1288,9,0.9930419921875
NeuMF,2002,2002-12-31,192999,3751,10,0.9926177859306335
NeuMF,2002,2002-12-31,193165,4306,1,0.9998534917831421
NeuMF,2002,2002-12-31,193165,4368,2,0.9996825456619263
NeuMF,2002,2002-12-31,193165,2598,3,0.9995978474617004
NeuMF,2002,2002-12-31,193165,4344,4,0.9995978474617004
NeuMF,2002,2002-12-31,193165,4017,5,0.9995496869087219
NeuMF,2002,2002-12-31,193165,4813,6,0.9994658827781677
NeuMF,2002,2002-12-31,193165,4310,7,0.9994387030601501
NeuMF,2002,2002-12-31,193165,4643,8,0.9989450573921204
NeuMF,2002,2002-12-31,193165,2013,9,0.9988613128662109
NeuMF,2002,2002-12-31,193165,4034,10,0.9986054301261902
NeuMF,2002,2002-12-31,193248,1090,1,0.9964519739151001
NeuMF,2002,2002-12-31,193248,14,2,0.9958482980728149
NeuMF,2002,2002-12-31,193248,851,3,0.9951578974723816
NeuMF,2002,2002-12-31,193248,2802,4,0.994882345199585
NeuMF,2002,2002-12-31,193248,1482,5,0.994472324848175
NeuMF,2002,2002-12-31,193248,1729,6,0.9931227564811707
NeuMF,2002,2002-12-31,193248,2730,7,0.9919231534004211
NeuMF,2002,2002-12-31,193248,2952,8,0.9902348518371582
NeuMF,2002,2002-12-31,193248,1836,9,0.9891607165336609
NeuMF,2002,2002-12-31,193248,58,10,0.9880345463752747
NeuMF,2002,2002-12-31,194106,3089,1,0.9990367889404297
NeuMF,2002,2002-12-31,194106,1267,2,0.9990221261978149
NeuMF,2002,2002-12-31,194106,2804,3,0.9977437257766724
NeuMF,2002,2002-12-31,194106,3359,4,0.9961786270141602
NeuMF,2002,2002-12-31,194106,1212,5,0.9959171414375305
NeuMF,2002,2002-12-31,194106,3198,6,0.9933185577392578
NeuMF,2002,2002-12-31,194106,1284,7,0.9924945831298828
NeuMF,2002,2002-12-31,194106,1090,8,0.9921241402626038
NeuMF,2002,2002-12-31,194106,1089,9,0.9921115636825562
NeuMF,2002,2002-12-31,194106,1222,10,0.9911834001541138
NeuMF,2002,2002-12-31,194202,2099,1,0.9989446997642517
NeuMF,2002,2002-12-31,194202,2394,2,0.9987426400184631
NeuMF,2002,2002-12-31,194202,616,3,0.9984721541404724
NeuMF,2002,2002-12-31,194202,940,4,0.997031569480896
NeuMF,2002,2002-12-31,194202,1566,5,0.9948155283927917
NeuMF,2002,2002-12-31,194202,1224,6,0.9943045973777771
NeuMF,2002,2002-12-31,194202,1287,7,0.9930954575538635
NeuMF,2002,2002-12-31,194202,2761,8,0.9927842617034912
NeuMF,2002,2002-12-31,194202,3138,9,0.9923420548439026
NeuMF,2002,2002-12-31,194202,1967,10,0.9920116066932678
NeuMF,2002,2002-12-31,194259,260,1,0.959710955619812
NeuMF,2002,2002-12-31,194259,1196,2,0.9235708117485046
NeuMF,2002,2002-12-31,194259,858,3,0.9063177704811096
NeuMF,2002,2002-12-31,194259,736,4,0.885404646396637
NeuMF,2002,2002-12-31,194259,912,5,0.8796771168708801
NeuMF,2002,2002-12-31,194259,3936,6,0.8728650212287903
NeuMF,2002,2002-12-31,194259,527,7,0.8314453959465027
NeuMF,2002,2002-12-31,194259,110,8,0.8195910453796387
NeuMF,2002,2002-12-31,194259,356,9,0.8185774087905884
NeuMF,2002,2002-12-31,194259,1944,10,0.8157846927642822
NeuMF,2002,2002-12-31,194934,4308,1,0.9996674060821533
NeuMF,2002,2002-12-31,194934,2628,2,0.999158501625061
NeuMF,2002,2002-12-31,194934,1653,3,0.9991255402565002
NeuMF,2002,2002-12-31,194934,1584,4,0.9989732503890991
NeuMF,2002,2002-12-31,194934,1682,5,0.9988775849342346
NeuMF,2002,2002-12-31,194934,3967,6,0.998698353767395
NeuMF,2002,2002-12-31,194934,1270,7,0.9984390139579773
NeuMF,2002,2002-12-31,194934,2571,8,0.9983398914337158
NeuMF,2002,2002-12-31,194934,1274,9,0.9977983236312866
NeuMF,2002,2002-12-31,194934,3996,10,0.9975605010986328
NeuMF,2002,2002-12-31,195201,4023,1,0.9976825714111328
NeuMF,2002,2002-12-31,195201,2082,2,0.9975088834762573
NeuMF,2002,2002-12-31,195201,3688,3,0.9968535304069519
NeuMF,2002,2002-12-31,195201,1270,4,0.9965304732322693
NeuMF,2002,2002-12-31,195201,799,5,0.9952738881111145
NeuMF,2002,2002-12-31,195201,3408,6,0.9945370554924011
NeuMF,2002,2002-12-31,195201,2761,7,0.9945107698440552
NeuMF,2002,2002-12-31,195201,3527,8,0.9940160512924194
NeuMF,2002,2002-12-31,195201,1513,9,0.99302738904953
NeuMF,2002,2002-12-31,195201,3646,10,0.9906954765319824
NeuMF,2002,2002-12-31,195412,2528,1,0.999471127986908
NeuMF,2002,2002-12-31,195412,2901,2,0.9991098046302795
NeuMF,2002,2002-12-31,195412,924,3,0.9981527924537659
NeuMF,2002,2002-12-31,195412,4855,4,0.995499312877655
NeuMF,2002,2002-12-31,195412,4007,5,0.9941816926002502
NeuMF,2002,2002-12-31,195412,1130,6,0.9921985268592834
NeuMF,2002,2002-12-31,195412,1073,7,0.9912241697311401
NeuMF,2002,2002-12-31,195412,1476,8,0.9872315526008606
NeuMF,2002,2002-12-31,195412,3142,9,0.9865518808364868
NeuMF,2002,2002-12-31,195412,2527,10,0.9861685633659363
NeuMF,2002,2002-12-31,195624,1250,1,0.999733030796051
NeuMF,2002,2002-12-31,195624,718,2,0.9994290471076965
NeuMF,2002,2002-12-31,195624,1391,3,0.9992035031318665
NeuMF,2002,2002-12-31,195624,849,4,0.9991791844367981
NeuMF,2002,2002-12-31,195624,858,5,0.998738706111908
NeuMF,2002,2002-12-31,195624,750,6,0.9984179735183716
NeuMF,2002,2002-12-31,195624,1272,7,0.998171329498291
NeuMF,2002,2002-12-31,195624,1136,8,0.9978360533714294
NeuMF,2002,2002-12-31,195624,924,9,0.9978294968605042
NeuMF,2002,2002-12-31,195624,1234,10,0.997728168964386
NeuMF,2002,2002-12-31,195693,1288,1,0.9996614456176758
NeuMF,2002,2002-12-31,195693,955,2,0.9996115565299988
NeuMF,2002,2002-12-31,195693,1394,3,0.999424934387207
NeuMF,2002,2002-12-31,195693,1230,4,0.999382495880127
NeuMF,2002,2002-12-31,195693,3897,5,0.9992647767066956
NeuMF,2002,2002-12-31,195693,3948,6,0.9991278052330017
NeuMF,2002,2002-12-31,195693,3424,7,0.9985986351966858
NeuMF,2002,2002-12-31,195693,3421,8,0.998309850692749
NeuMF,2002,2002-12-31,195693,1077,9,0.9981458187103271
NeuMF,2002,2002-12-31,195693,3408,10,0.9977763295173645
NeuMF,2002,2002-12-31,195846,3717,1,0.9996814727783203
NeuMF,2002,2002-12-31,195846,2916,2,0.9990383386611938
NeuMF,2002,2002-12-31,195846,2355,3,0.9987536668777466
NeuMF,2002,2002-12-31,195846,2571,4,0.9987205266952515
NeuMF,2002,2002-12-31,195846,2001,5,0.9980869293212891
NeuMF,2002,2002-12-31,195846,2470,6,0.9980251789093018
NeuMF,2002,2002-12-31,195846,2005,7,0.9980016350746155
NeuMF,2002,2002-12-31,195846,2985,8,0.997434675693512
NeuMF,2002,2002-12-31,195846,1923,9,0.9964105486869812
NeuMF,2002,2002-12-31,195846,3793,10,0.9961473941802979
NeuMF,2002,2002-12-31,196431,1193,1,0.9981839060783386
NeuMF,2002,2002-12-31,196431,2707,2,0.9976550340652466
NeuMF,2002,2002-12-31,196431,4022,3,0.9971107244491577
NeuMF,2002,2002-12-31,196431,1097,4,0.996038556098938
NeuMF,2002,2002-12-31,196431,1961,5,0.9935154914855957
NeuMF,2002,2002-12-31,196431,4310,6,0.9928485155105591
NeuMF,2002,2002-12-31,196431,3616,7,0.991726279258728
NeuMF,2002,2002-12-31,196431,3967,8,0.9909109473228455
NeuMF,2002,2002-12-31,196431,4886,9,0.9901549816131592
NeuMF,2002,2002-12-31,196431,3408,10,0.9901374578475952
NeuMF,2002,2002-12-31,196818,4881,1,0.9993724226951599
NeuMF,2002,2002-12-31,196818,4641,2,0.9990425705909729
NeuMF,2002,2002-12-31,196818,3424,3,0.9989994168281555
NeuMF,2002,2002-12-31,196818,1288,4,0.9989053010940552
NeuMF,2002,2002-12-31,196818,905,5,0.9988497495651245
NeuMF,2002,2002-12-31,196818,3067,6,0.9978641867637634
NeuMF,2002,2002-12-31,196818,931,7,0.9971433281898499
NeuMF,2002,2002-12-31,196818,1247,8,0.9971278309822083
NeuMF,2002,2002-12-31,196818,2791,9,0.9967492818832397
NeuMF,2002,2002-12-31,196818,2859,10,0.9965923428535461
NeuMF,2002,2002-12-31,197262,3786,1,0.9999599456787109
NeuMF,2002,2002-12-31,197262,3157,2,0.9993391633033752
NeuMF,2002,2002-12-31,197262,3988,3,0.999165415763855
NeuMF,2002,2002-12-31,197262,2723,4,0.9990859031677246
NeuMF,2002,2002-12-31,197262,2891,5,0.9990841150283813
NeuMF,2002,2002-12-31,197262,4014,6,0.9986639022827148
NeuMF,2002,2002-12-31,197262,2700,7,0.998588502407074
NeuMF,2002,2002-12-31,197262,3052,8,0.9984676241874695
NeuMF,2002,2002-12-31,197262,2683,9,0.99845290184021
NeuMF,2002,2002-12-31,197262,3751,10,0.9979463219642639
NeuMF,2002,2002-12-31,197282,2329,1,0.9997331500053406
NeuMF,2002,2002-12-31,197282,2428,2,0.9995713829994202
NeuMF,2002,2002-12-31,197282,2431,3,0.9993029832839966
NeuMF,2002,2002-12-31,197282,2676,4,0.9992751479148865
NeuMF,2002,2002-12-31,197282,2580,5,0.9991294741630554
NeuMF,2002,2002-12-31,197282,2683,6,0.9990257024765015
NeuMF,2002,2002-12-31,197282,2572,7,0.9988085031509399
NeuMF,2002,2002-12-31,197282,2995,8,0.9983556866645813
NeuMF,2002,2002-12-31,197282,407,9,0.9978779554367065
NeuMF,2002,2002-12-31,197282,2858,10,0.9978698492050171
NeuMF,2002,2002-12-31,198188,1250,1,0.9995263814926147
NeuMF,2002,2002-12-31,198188,1954,2,0.9994532465934753
NeuMF,2002,2002-12-31,198188,1242,3,0.9991680383682251
NeuMF,2002,2002-12-31,198188,1231,4,0.9988590478897095
NeuMF,2002,2002-12-31,198188,3753,5,0.998755693435669
NeuMF,2002,2002-12-31,198188,1247,6,0.9980899691581726
NeuMF,2002,2002-12-31,198188,1387,7,0.9980029463768005
NeuMF,2002,2002-12-31,198188,1957,8,0.9976054430007935
NeuMF,2002,2002-12-31,198188,1960,9,0.9975135326385498
NeuMF,2002,2002-12-31,198188,1225,10,0.9968819618225098
NeuMF,2002,2002-12-31,198230,2779,1,0.9986269474029541
NeuMF,2002,2002-12-31,198230,1321,2,0.9933907985687256
NeuMF,2002,2002-12-31,198230,594,3,0.9929357171058655
NeuMF,2002,2002-12-31,198230,2137,4,0.9910820722579956
NeuMF,2002,2002-12-31,198230,2514,5,0.9906821250915527
NeuMF,2002,2002-12-31,198230,1261,6,0.9903765320777893
NeuMF,2002,2002-12-31,198230,2710,7,0.9900027513504028
NeuMF,2002,2002-12-31,198230,427,8,0.9889757633209229
NeuMF,2002,2002-12-31,198230,585,9,0.9870636463165283
NeuMF,2002,2002-12-31,198230,1350,10,0.9864365458488464
NeuMF,2002,2002-12-31,198232,1021,1,0.9948529601097107
NeuMF,2002,2002-12-31,198232,1653,2,0.9943999648094177
NeuMF,2002,2002-12-31,198232,2138,3,0.9919092059135437
NeuMF,2002,2002-12-31,198232,111,4,0.9895038604736328
NeuMF,2002,2002-12-31,198232,1921,5,0.989137589931488
NeuMF,2002,2002-12-31,198232,543,6,0.9885697960853577
NeuMF,2002,2002-12-31,198232,1224,7,0.9874511957168579
NeuMF,2002,2002-12-31,198232,333,8,0.986086368560791
NeuMF,2002,2002-12-31,198232,2944,9,0.9846552610397339
NeuMF,2002,2002-12-31,198232,2527,10,0.9809767603874207
NeuMF,2002,2002-12-31,198486,2966,1,0.9995461106300354
NeuMF,2002,2002-12-31,198486,3256,2,0.9987371563911438
NeuMF,2002,2002-12-31,198486,3408,3,0.997775137424469
NeuMF,2002,2002-12-31,198486,3618,4,0.9972124695777893
NeuMF,2002,2002-12-31,198486,3527,5,0.9969798922538757
NeuMF,2002,2002-12-31,198486,3301,6,0.9968371391296387
NeuMF,2002,2002-12-31,198486,3355,7,0.9966797828674316
NeuMF,2002,2002-12-31,198486,4077,8,0.9964368343353271
NeuMF,2002,2002-12-31,198486,3952,9,0.9962953925132751
NeuMF,2002,2002-12-31,198486,1459,10,0.9961800575256348
NeuMF,2002,2002-12-31,198591,3556,1,0.9980098605155945
NeuMF,2002,2002-12-31,198591,555,2,0.9979544878005981
NeuMF,2002,2002-12-31,198591,2232,3,0.9977313876152039
NeuMF,2002,2002-12-31,198591,198,4,0.9971047043800354
NeuMF,2002,2002-12-31,198591,2467,5,0.9965789914131165
NeuMF,2002,2002-12-31,198591,2959,6,0.9961626529693604
NeuMF,2002,2002-12-31,198591,3578,7,0.9950228929519653
NeuMF,2002,2002-12-31,198591,1673,8,0.9922601580619812
NeuMF,2002,2002-12-31,198591,319,9,0.9922229647636414
NeuMF,2002,2002-12-31,198591,1860,10,0.9915280342102051
NeuMF,2002,2002-12-31,198869,3408,1,0.9995195865631104
NeuMF,2002,2002-12-31,198869,4034,2,0.9990288019180298
NeuMF,2002,2002-12-31,198869,1060,3,0.9985594153404236
NeuMF,2002,2002-12-31,198869,2841,4,0.9984834790229797
NeuMF,2002,2002-12-31,198869,1883,5,0.9979261159896851
NeuMF,2002,2002-12-31,198869,4886,6,0.99713134765625
NeuMF,2002,2002-12-31,198869,4014,7,0.9960129261016846
NeuMF,2002,2002-12-31,198869,3148,8,0.995715320110321
NeuMF,2002,2002-12-31,198869,1784,9,0.9957095384597778
NeuMF,2002,2002-12-31,198869,4639,10,0.9956588745117188
NeuMF,2002,2002-12-31,198927,4643,1,0.9981010556221008
NeuMF,2002,2002-12-31,198927,2916,2,0.9958196878433228
NeuMF,2002,2002-12-31,198927,1090,3,0.9953355193138123
NeuMF,2002,2002-12-31,198927,1103,4,0.9950789213180542
NeuMF,2002,2002-12-31,198927,1320,5,0.99489825963974
NeuMF,2002,2002-12-31,198927,1372,6,0.994682252407074
NeuMF,2002,2002-12-31,198927,1198,7,0.9930342435836792
NeuMF,2002,2002-12-31,198927,923,8,0.9927768707275391
NeuMF,2002,2002-12-31,198927,589,9,0.9926839470863342
NeuMF,2002,2002-12-31,198927,2115,10,0.9921114444732666
NeuMF,2002,2002-12-31,198946,3255,1,0.9985979199409485
NeuMF,2002,2002-12-31,198946,986,2,0.9964424967765808
NeuMF,2002,2002-12-31,198946,2001,3,0.9959772229194641
NeuMF,2002,2002-12-31,198946,2454,4,0.9948410391807556
NeuMF,2002,2002-12-31,198946,4019,5,0.9944555163383484
NeuMF,2002,2002-12-31,198946,3107,6,0.993852972984314
NeuMF,2002,2002-12-31,198946,3882,7,0.9908808469772339
NeuMF,2002,2002-12-31,198946,2000,8,0.9908328652381897
NeuMF,2002,2002-12-31,198946,3247,9,0.9906622767448425
NeuMF,2002,2002-12-31,198946,2288,10,0.9861537218093872
NeuMF,2002,2002-12-31,199015,2558,1,0.9996763467788696
NeuMF,2002,2002-12-31,199015,3316,2,0.9971655011177063
NeuMF,2002,2002-12-31,199015,4052,3,0.9953272342681885
NeuMF,2002,2002-12-31,199015,2587,4,0.9947999715805054
NeuMF,2002,2002-12-31,199015,2671,5,0.9935865998268127
NeuMF,2002,2002-12-31,199015,1027,6,0.9907200336456299
NeuMF,2002,2002-12-31,199015,1586,7,0.9894511103630066
NeuMF,2002,2002-12-31,199015,3438,8,0.9888045191764832
NeuMF,2002,2002-12-31,199015,4447,9,0.9859551787376404
NeuMF,2002,2002-12-31,199015,2125,10,0.9855448603630066
NeuMF,2002,2002-12-31,199572,581,1,0.9998418092727661
NeuMF,2002,2002-12-31,199572,1251,2,0.9996113181114197
NeuMF,2002,2002-12-31,199572,1449,3,0.9993106126785278
NeuMF,2002,2002-12-31,199572,3925,4,0.9992000460624695
NeuMF,2002,2002-12-31,199572,910,5,0.9989752769470215
NeuMF,2002,2002-12-31,199572,2318,6,0.9989497065544128
NeuMF,2002,2002-12-31,199572,2721,7,0.9973776340484619
NeuMF,2002,2002-12-31,199572,1248,8,0.9972313046455383
NeuMF,2002,2002-12-31,199572,2282,9,0.9964027404785156
NeuMF,2002,2002-12-31,199572,2858,10,0.996209979057312
NeuMF,2002,2002-12-31,199966,349,1,0.998964786529541
NeuMF,2002,2002-12-31,199966,592,2,0.9983360171318054
NeuMF,2002,2002-12-31,199966,4488,3,0.9982788562774658
NeuMF,2002,2002-12-31,199966,3107,4,0.9972335696220398
NeuMF,2002,2002-12-31,199966,110,5,0.9971917271614075
NeuMF,2002,2002-12-31,199966,4262,6,0.9965512752532959
NeuMF,2002,2002-12-31,199966,2183,7,0.994013249874115
NeuMF,2002,2002-12-31,199966,1027,8,0.9936854243278503
NeuMF,2002,2002-12-31,199966,2072,9,0.9933847784996033
NeuMF,2002,2002-12-31,199966,4681,10,0.9930971264839172
NeuMF,2002,2002-12-31,200098,3745,1,0.999806821346283
NeuMF,2002,2002-12-31,200098,589,2,0.9992807507514954
NeuMF,2002,2002-12-31,200098,3555,3,0.9990395903587341
NeuMF,2002,2002-12-31,200098,3285,4,0.9989883303642273
NeuMF,2002,2002-12-31,200098,3986,5,0.9989569187164307
NeuMF,2002,2002-12-31,200098,3977,6,0.9984551668167114
NeuMF,2002,2002-12-31,200098,3300,7,0.9984511137008667
NeuMF,2002,2002-12-31,200098,3113,8,0.9979300498962402
NeuMF,2002,2002-12-31,200098,2692,9,0.9968838095664978
NeuMF,2002,2002-12-31,200098,2490,10,0.9953752160072327
NeuMF,2002,2002-12-31,200582,3270,1,0.9970191717147827
NeuMF,2002,2002-12-31,200582,2706,2,0.9945377707481384
NeuMF,2002,2002-12-31,200582,2761,3,0.9936659932136536
NeuMF,2002,2002-12-31,200582,2687,4,0.9918051958084106
NeuMF,2002,2002-12-31,200582,1566,5,0.9872188568115234
NeuMF,2002,2002-12-31,200582,3156,6,0.9866248369216919
NeuMF,2002,2002-12-31,200582,2429,7,0.9864227175712585
NeuMF,2002,2002-12-31,200582,2005,8,0.9852901697158813
NeuMF,2002,2002-12-31,200582,2861,9,0.9841067790985107
NeuMF,2002,2002-12-31,200582,539,10,0.9838586449623108
NeuMF,2002,2002-12-31,200749,260,1,0.9988381266593933
NeuMF,2002,2002-12-31,200749,1196,2,0.9967768788337708
NeuMF,2002,2002-12-31,200749,1356,3,0.9966093301773071
NeuMF,2002,2002-12-31,200749,780,4,0.9919118881225586
NeuMF,2002,2002-12-31,200749,1,5,0.9881126284599304
NeuMF,2002,2002-12-31,200749,1073,6,0.9855456948280334
NeuMF,2002,2002-12-31,200749,858,7,0.9779833555221558
NeuMF,2002,2002-12-31,200749,1198,8,0.9709627032279968
NeuMF,2002,2002-12-31,200749,541,9,0.9470151662826538
NeuMF,2002,2002-12-31,200749,32,10,0.9414220452308655
NeuMF,2002,2002-12-31,200837,1923,1,0.9959213733673096
NeuMF,2002,2002-12-31,200837,1198,2,0.9958183169364929
NeuMF,2002,2002-12-31,200837,1240,3,0.9955534338951111
NeuMF,2002,2002-12-31,200837,3744,4,0.9949043989181519
NeuMF,2002,2002-12-31,200837,3717,5,0.9947181344032288
NeuMF,2002,2002-12-31,200837,2707,6,0.9939402341842651
NeuMF,2002,2002-12-31,200837,2683,7,0.992591142654419
NeuMF,2002,2002-12-31,200837,1258,8,0.9919862747192383
NeuMF,2002,2002-12-31,200837,2706,9,0.9916189908981323
NeuMF,2002,2002-12-31,200837,2702,10,0.9910182952880859
