model,year,timestamp,user_id,item_id,rank,score
NeuMF,2011,2011-12-31,208,6051,1,0.9985007047653198
NeuMF,2011,2011-12-31,208,6183,2,0.9983306527137756
NeuMF,2011,2011-12-31,208,32598,3,0.9981346130371094
NeuMF,2011,2011-12-31,208,1297,4,0.9971143007278442
NeuMF,2011,2011-12-31,208,1395,5,0.995822548866272
NeuMF,2011,2011-12-31,208,1914,6,0.9939848780632019
NeuMF,2011,2011-12-31,208,39,7,0.9931087493896484
NeuMF,2011,2011-12-31,208,1257,8,0.9928707480430603
NeuMF,2011,2011-12-31,208,3852,9,0.9927270412445068
NeuMF,2011,2011-12-31,208,6377,10,0.9925690293312073
NeuMF,2011,2011-12-31,551,52281,1,0.9996191263198853
NeuMF,2011,2011-12-31,551,55118,2,0.9995239973068237
NeuMF,2011,2011-12-31,551,48774,3,0.9991075396537781
NeuMF,2011,2011-12-31,551,68237,4,0.9990959167480469
NeuMF,2011,2011-12-31,551,52973,5,0.9989011287689209
NeuMF,2011,2011-12-31,551,4226,6,0.9985513091087341
NeuMF,2011,2011-12-31,551,56174,7,0.9984789490699768
NeuMF,2011,2011-12-31,551,53894,8,0.9979497790336609
NeuMF,2011,2011-12-31,551,54997,9,0.9977411031723022
NeuMF,2011,2011-12-31,551,57640,10,0.9975050091743469
NeuMF,2011,2011-12-31,587,7265,1,0.9999558925628662
NeuMF,2011,2011-12-31,587,27727,2,0.9999076128005981
NeuMF,2011,2011-12-31,587,5608,3,0.9998995065689087
NeuMF,2011,2011-12-31,587,5878,4,0.9998433589935303
NeuMF,2011,2011-12-31,587,61236,5,0.9997910857200623
NeuMF,2011,2011-12-31,587,33903,6,0.9997847676277161
NeuMF,2011,2011-12-31,587,1260,7,0.9996957778930664
NeuMF,2011,2011-12-31,587,6214,8,0.9996731281280518
NeuMF,2011,2011-12-31,587,5319,9,0.9994981288909912
NeuMF,2011,2011-12-31,587,6975,10,0.9994768500328064
NeuMF,2011,2011-12-31,698,56174,1,0.9994144439697266
NeuMF,2011,2011-12-31,698,81834,2,0.999386191368103
NeuMF,2011,2011-12-31,698,55908,3,0.9991180300712585
NeuMF,2011,2011-12-31,698,7361,4,0.9985126852989197
NeuMF,2011,2011-12-31,698,45499,5,0.9982742071151733
NeuMF,2011,2011-12-31,698,63082,6,0.9982590079307556
NeuMF,2011,2011-12-31,698,64957,7,0.9977943897247314
NeuMF,2011,2011-12-31,698,3354,8,0.9975746273994446
NeuMF,2011,2011-12-31,698,71466,9,0.9975181818008423
NeuMF,2011,2011-12-31,698,72011,10,0.997076153755188
NeuMF,2011,2011-12-31,798,4367,1,0.9981434345245361
NeuMF,2011,2011-12-31,798,7451,2,0.9975723624229431
NeuMF,2011,2011-12-31,798,4041,3,0.9974804520606995
NeuMF,2011,2011-12-31,798,63859,4,0.9974337220191956
NeuMF,2011,2011-12-31,798,4718,5,0.9965313076972961
NeuMF,2011,2011-12-31,798,4638,6,0.9963675737380981
NeuMF,2011,2011-12-31,798,7386,7,0.9956120252609253
NeuMF,2011,2011-12-31,798,4816,8,0.9952437281608582
NeuMF,2011,2011-12-31,798,8464,9,0.995236337184906
NeuMF,2011,2011-12-31,798,44022,10,0.9945551156997681
NeuMF,2011,2011-12-31,831,6016,1,0.9992057681083679
NeuMF,2011,2011-12-31,831,3681,2,0.9980810880661011
NeuMF,2011,2011-12-31,831,5010,3,0.9980179071426392
NeuMF,2011,2011-12-31,831,4262,4,0.9973771572113037
NeuMF,2011,2011-12-31,831,5618,5,0.997261643409729
NeuMF,2011,2011-12-31,831,3897,6,0.9970442652702332
NeuMF,2011,2011-12-31,831,3499,7,0.9970219731330872
NeuMF,2011,2011-12-31,831,3508,8,0.9970030188560486
NeuMF,2011,2011-12-31,831,5952,9,0.9969260096549988
NeuMF,2011,2011-12-31,831,1213,10,0.9964019060134888
NeuMF,2011,2011-12-31,1149,3916,1,0.9998974800109863
NeuMF,2011,2011-12-31,1149,3098,2,0.9995030164718628
NeuMF,2011,2011-12-31,1149,2268,3,0.9994211196899414
NeuMF,2011,2011-12-31,1149,4326,4,0.9993298053741455
NeuMF,2011,2011-12-31,1149,3147,5,0.9992285966873169
NeuMF,2011,2011-12-31,1149,3753,6,0.9990710020065308
NeuMF,2011,2011-12-31,1149,4489,7,0.9986935257911682
NeuMF,2011,2011-12-31,1149,2944,8,0.9986050724983215
NeuMF,2011,2011-12-31,1149,2762,9,0.998461127281189
NeuMF,2011,2011-12-31,1149,3255,10,0.9981617331504822
NeuMF,2011,2011-12-31,1551,1086,1,0.9999716281890869
NeuMF,2011,2011-12-31,1551,4881,2,0.9997714161872864
NeuMF,2011,2011-12-31,1551,2207,3,0.9997105002403259
NeuMF,2011,2011-12-31,1551,2066,4,0.9995706677436829
NeuMF,2011,2011-12-31,1551,2203,5,0.9994863271713257
NeuMF,2011,2011-12-31,1551,746,6,0.9994719624519348
NeuMF,2011,2011-12-31,1551,913,7,0.9994578957557678
NeuMF,2011,2011-12-31,1551,32460,8,0.9994028806686401
NeuMF,2011,2011-12-31,1551,908,9,0.9993155002593994
NeuMF,2011,2011-12-31,1551,1450,10,0.9992024302482605
NeuMF,2011,2011-12-31,1577,60072,1,0.9994276165962219
NeuMF,2011,2011-12-31,1577,64614,2,0.999221920967102
NeuMF,2011,2011-12-31,1577,64622,3,0.9991785883903503
NeuMF,2011,2011-12-31,1577,73017,4,0.9989919066429138
NeuMF,2011,2011-12-31,1577,74458,5,0.9988056421279907
NeuMF,2011,2011-12-31,1577,79132,6,0.9985852241516113
NeuMF,2011,2011-12-31,1577,55765,7,0.9985538125038147
NeuMF,2011,2011-12-31,1577,70286,8,0.9982023239135742
NeuMF,2011,2011-12-31,1577,67087,9,0.9978356957435608
NeuMF,2011,2011-12-31,1577,457,10,0.997694194316864
NeuMF,2011,2011-12-31,1778,79132,1,0.9992727637290955
NeuMF,2011,2011-12-31,1778,3863,2,0.9989468455314636
NeuMF,2011,2011-12-31,1778,1748,3,0.9984990358352661
NeuMF,2011,2011-12-31,1778,293,4,0.9974449872970581
NeuMF,2011,2011-12-31,1778,1206,5,0.9969395399093628
NeuMF,2011,2011-12-31,1778,8873,6,0.9969345331192017
NeuMF,2011,2011-12-31,1778,47044,7,0.9967713952064514
NeuMF,2011,2011-12-31,1778,7034,8,0.996459424495697
NeuMF,2011,2011-12-31,1778,2232,9,0.9958269000053406
NeuMF,2011,2011-12-31,1778,912,10,0.9956828355789185
NeuMF,2011,2011-12-31,1842,72378,1,0.9999375343322754
NeuMF,2011,2011-12-31,1842,7163,2,0.9997554421424866
NeuMF,2011,2011-12-31,1842,60069,3,0.9996259212493896
NeuMF,2011,2011-12-31,1842,7293,4,0.9991689920425415
NeuMF,2011,2011-12-31,1842,80549,5,0.9990204572677612
NeuMF,2011,2011-12-31,1842,51662,6,0.9989851117134094
NeuMF,2011,2011-12-31,1842,60126,7,0.9987672567367554
NeuMF,2011,2011-12-31,1842,64969,8,0.9987220168113708
NeuMF,2011,2011-12-31,1842,59126,9,0.9984943866729736
NeuMF,2011,2011-12-31,1842,54001,10,0.9983246922492981
NeuMF,2011,2011-12-31,1860,1260,1,0.9996073842048645
NeuMF,2011,2011-12-31,1860,665,2,0.9986672401428223
NeuMF,2011,2011-12-31,1860,290,3,0.998028576374054
NeuMF,2011,2011-12-31,1860,6197,4,0.997891366481781
NeuMF,2011,2011-12-31,1860,904,5,0.9978612065315247
NeuMF,2011,2011-12-31,1860,6975,6,0.997651994228363
NeuMF,2011,2011-12-31,1860,431,7,0.9975428581237793
NeuMF,2011,2011-12-31,1860,8873,8,0.9971877932548523
NeuMF,2011,2011-12-31,1860,5902,9,0.9968146681785583
NeuMF,2011,2011-12-31,1860,1178,10,0.9967712759971619
NeuMF,2011,2011-12-31,2270,44191,1,0.9995928406715393
NeuMF,2011,2011-12-31,2270,48043,2,0.9993236064910889
NeuMF,2011,2011-12-31,2270,7147,3,0.9991090893745422
NeuMF,2011,2011-12-31,2270,30793,4,0.9990344047546387
NeuMF,2011,2011-12-31,2270,64839,5,0.9988634586334229
NeuMF,2011,2011-12-31,2270,5349,6,0.9988454580307007
NeuMF,2011,2011-12-31,2270,7438,7,0.9987902045249939
NeuMF,2011,2011-12-31,2270,48780,8,0.9987884163856506
NeuMF,2011,2011-12-31,2270,46322,9,0.9987838864326477
NeuMF,2011,2011-12-31,2270,45431,10,0.9987632036209106
NeuMF,2011,2011-12-31,2556,64969,1,0.9990118741989136
NeuMF,2011,2011-12-31,2556,60074,2,0.9986962676048279
NeuMF,2011,2011-12-31,2556,4558,3,0.9984241724014282
NeuMF,2011,2011-12-31,2556,135,4,0.9981815814971924
NeuMF,2011,2011-12-31,2556,7163,5,0.9980655312538147
NeuMF,2011,2011-12-31,2556,59900,6,0.9979027509689331
NeuMF,2011,2011-12-31,2556,4291,7,0.997794508934021
NeuMF,2011,2011-12-31,2556,4963,8,0.9977769255638123
NeuMF,2011,2011-12-31,2556,6539,9,0.9976853132247925
NeuMF,2011,2011-12-31,2556,1580,10,0.9973227381706238
NeuMF,2011,2011-12-31,2828,49530,1,0.9995089769363403
NeuMF,2011,2011-12-31,2828,60937,2,0.999468982219696
NeuMF,2011,2011-12-31,2828,58103,3,0.9988172054290771
NeuMF,2011,2011-12-31,2828,7348,4,0.998736560344696
NeuMF,2011,2011-12-31,2828,44191,5,0.9980315566062927
NeuMF,2011,2011-12-31,2828,7445,6,0.997922956943512
NeuMF,2011,2011-12-31,2828,43871,7,0.997920572757721
NeuMF,2011,2011-12-31,2828,7373,8,0.9979113936424255
NeuMF,2011,2011-12-31,2828,56775,9,0.9978587031364441
NeuMF,2011,2011-12-31,2828,7454,10,0.9974907636642456
NeuMF,2011,2011-12-31,3038,3275,1,0.9989904761314392
NeuMF,2011,2011-12-31,3038,52328,2,0.9980542659759521
NeuMF,2011,2011-12-31,3038,3355,3,0.9974493384361267
NeuMF,2011,2011-12-31,3038,2571,4,0.9973849654197693
NeuMF,2011,2011-12-31,3038,51662,5,0.9973543882369995
NeuMF,2011,2011-12-31,3038,170,6,0.9965924620628357
NeuMF,2011,2011-12-31,3038,293,7,0.9954935312271118
NeuMF,2011,2011-12-31,3038,55118,8,0.995373547077179
NeuMF,2011,2011-12-31,3038,48774,9,0.9952044486999512
NeuMF,2011,2011-12-31,3038,47044,10,0.9949524402618408
NeuMF,2011,2011-12-31,3070,5618,1,0.9989292025566101
NeuMF,2011,2011-12-31,3070,2618,2,0.9986388087272644
NeuMF,2011,2011-12-31,3070,46976,3,0.9982538819313049
NeuMF,2011,2011-12-31,3070,4963,4,0.9974237680435181
NeuMF,2011,2011-12-31,3070,44709,5,0.9971538782119751
NeuMF,2011,2011-12-31,3070,33639,6,0.997133731842041
NeuMF,2011,2011-12-31,3070,105,7,0.9961383938789368
NeuMF,2011,2011-12-31,3070,3897,8,0.9959182143211365
NeuMF,2011,2011-12-31,3070,39292,9,0.9954162836074829
NeuMF,2011,2011-12-31,3070,43396,10,0.9948855042457581
NeuMF,2011,2011-12-31,3231,57669,1,0.9994144439697266
NeuMF,2011,2011-12-31,3231,4776,2,0.9991728663444519
NeuMF,2011,2011-12-31,3231,52973,3,0.9990562796592712
NeuMF,2011,2011-12-31,3231,1089,4,0.9987309575080872
NeuMF,2011,2011-12-31,3231,4167,5,0.9987261891365051
NeuMF,2011,2011-12-31,3231,48780,6,0.9986783862113953
NeuMF,2011,2011-12-31,3231,47,7,0.9983174800872803
NeuMF,2011,2011-12-31,3231,58559,8,0.9982696771621704
NeuMF,2011,2011-12-31,3231,5574,9,0.9979693293571472
NeuMF,2011,2011-12-31,3231,61323,10,0.9979484677314758
NeuMF,2011,2011-12-31,3733,56885,1,0.9993453621864319
NeuMF,2011,2011-12-31,3733,6378,2,0.9982605576515198
NeuMF,2011,2011-12-31,3733,6979,3,0.9982448816299438
NeuMF,2011,2011-12-31,3733,7004,4,0.9980759620666504
NeuMF,2011,2011-12-31,3733,1270,5,0.9978954792022705
NeuMF,2011,2011-12-31,3733,53894,6,0.9976135492324829
NeuMF,2011,2011-12-31,3733,3175,7,0.9974619150161743
NeuMF,2011,2011-12-31,3733,4679,8,0.9972856044769287
NeuMF,2011,2011-12-31,3733,500,9,0.9972438812255859
NeuMF,2011,2011-12-31,3733,480,10,0.9971997737884521
NeuMF,2011,2011-12-31,4727,5420,1,0.9997252821922302
NeuMF,2011,2011-12-31,4727,33158,2,0.9986019730567932
NeuMF,2011,2011-12-31,4727,47254,3,0.9974023103713989
NeuMF,2011,2011-12-31,4727,43928,4,0.9970647692680359
NeuMF,2011,2011-12-31,4727,3793,5,0.9970417618751526
NeuMF,2011,2011-12-31,4727,5219,6,0.9968171715736389
NeuMF,2011,2011-12-31,4727,2628,7,0.9966114163398743
NeuMF,2011,2011-12-31,4727,1917,8,0.9962677359580994
NeuMF,2011,2011-12-31,4727,3981,9,0.9959420561790466
NeuMF,2011,2011-12-31,4727,7254,10,0.9956983327865601
NeuMF,2011,2011-12-31,5063,3147,1,0.9991600513458252
NeuMF,2011,2011-12-31,5063,39183,2,0.9984134435653687
NeuMF,2011,2011-12-31,5063,73000,3,0.9977362155914307
NeuMF,2011,2011-12-31,5063,7254,4,0.9975606203079224
NeuMF,2011,2011-12-31,5063,55052,5,0.9974229335784912
NeuMF,2011,2011-12-31,5063,1721,6,0.9972988963127136
NeuMF,2011,2011-12-31,5063,3510,7,0.9972611665725708
NeuMF,2011,2011-12-31,5063,6889,8,0.996941864490509
NeuMF,2011,2011-12-31,5063,72733,9,0.9969034790992737
NeuMF,2011,2011-12-31,5063,48304,10,0.9966110587120056
NeuMF,2011,2011-12-31,5318,51255,1,0.9992341995239258
NeuMF,2011,2011-12-31,5318,6770,2,0.998994767665863
NeuMF,2011,2011-12-31,5318,46976,3,0.9989797472953796
NeuMF,2011,2011-12-31,5318,39183,4,0.9989362359046936
NeuMF,2011,2011-12-31,5318,3897,5,0.9987832903862
NeuMF,2011,2011-12-31,5318,52952,6,0.9985297918319702
NeuMF,2011,2011-12-31,5318,56782,7,0.9982189536094666
NeuMF,2011,2011-12-31,5318,3083,8,0.9980992674827576
NeuMF,2011,2011-12-31,5318,1230,9,0.9979591369628906
NeuMF,2011,2011-12-31,5318,2959,10,0.9977510571479797
NeuMF,2011,2011-12-31,5523,8873,1,0.9997709393501282
NeuMF,2011,2011-12-31,5523,49530,2,0.9995827078819275
NeuMF,2011,2011-12-31,5523,50068,3,0.9992806315422058
NeuMF,2011,2011-12-31,5523,33166,4,0.9986949563026428
NeuMF,2011,2011-12-31,5523,5445,5,0.9986434578895569
NeuMF,2011,2011-12-31,5523,8638,6,0.9984742999076843
NeuMF,2011,2011-12-31,5523,30812,7,0.9984619617462158
NeuMF,2011,2011-12-31,5523,55094,8,0.9983267188072205
NeuMF,2011,2011-12-31,5523,58559,9,0.998117208480835
NeuMF,2011,2011-12-31,5523,27803,10,0.9979846477508545
NeuMF,2011,2011-12-31,5777,3785,1,0.9998917579650879
NeuMF,2011,2011-12-31,5777,4718,2,0.9998844861984253
NeuMF,2011,2011-12-31,5777,2338,3,0.9998722076416016
NeuMF,2011,2011-12-31,5777,3825,4,0.9998513460159302
NeuMF,2011,2011-12-31,5777,5283,5,0.9998346567153931
NeuMF,2011,2011-12-31,5777,2279,6,0.9997889399528503
NeuMF,2011,2011-12-31,5777,3534,7,0.9996871948242188
NeuMF,2011,2011-12-31,5777,1991,8,0.9996029734611511
NeuMF,2011,2011-12-31,5777,3617,9,0.9995730519294739
NeuMF,2011,2011-12-31,5777,4388,10,0.9995598196983337
NeuMF,2011,2011-12-31,6000,4881,1,0.9998310804367065
NeuMF,2011,2011-12-31,6000,3949,2,0.9996138215065002
NeuMF,2011,2011-12-31,6000,71464,3,0.9995272159576416
NeuMF,2011,2011-12-31,6000,4878,4,0.9994275569915771
NeuMF,2011,2011-12-31,6000,55820,5,0.9992903470993042
NeuMF,2011,2011-12-31,6000,68157,6,0.9990140199661255
NeuMF,2011,2011-12-31,6000,4979,7,0.9987195730209351
NeuMF,2011,2011-12-31,6000,56782,8,0.9985672235488892
NeuMF,2011,2011-12-31,6000,68954,9,0.9983843564987183
NeuMF,2011,2011-12-31,6000,344,10,0.998234748840332
NeuMF,2011,2011-12-31,6006,60069,1,0.9983165264129639
NeuMF,2011,2011-12-31,6006,8644,2,0.9982876181602478
NeuMF,2011,2011-12-31,6006,51662,3,0.9980781078338623
NeuMF,2011,2011-12-31,6006,68237,4,0.9980410933494568
NeuMF,2011,2011-12-31,6006,60074,5,0.9979556798934937
NeuMF,2011,2011-12-31,6006,1373,6,0.9977706670761108
NeuMF,2011,2011-12-31,6006,44191,7,0.9976085424423218
NeuMF,2011,2011-12-31,6006,55765,8,0.997399091720581
NeuMF,2011,2011-12-31,6006,2311,9,0.9973403811454773
NeuMF,2011,2011-12-31,6006,420,10,0.997037410736084
NeuMF,2011,2011-12-31,6187,3334,1,0.9998741149902344
NeuMF,2011,2011-12-31,6187,3468,2,0.999833345413208
NeuMF,2011,2011-12-31,6187,5017,3,0.9996287822723389
NeuMF,2011,2011-12-31,6187,50068,4,0.9995206594467163
NeuMF,2011,2011-12-31,6187,1217,5,0.99941086769104
NeuMF,2011,2011-12-31,6187,8094,6,0.9993916749954224
NeuMF,2011,2011-12-31,6187,3435,7,0.9993823766708374
NeuMF,2011,2011-12-31,6187,5008,8,0.9992761015892029
NeuMF,2011,2011-12-31,6187,3196,9,0.9992577433586121
NeuMF,2011,2011-12-31,6187,1178,10,0.9990487694740295
NeuMF,2011,2011-12-31,6227,2726,1,0.998685896396637
NeuMF,2011,2011-12-31,6227,2076,2,0.9964708089828491
NeuMF,2011,2011-12-31,6227,1041,3,0.9964411854743958
NeuMF,2011,2011-12-31,6227,2594,4,0.996410071849823
NeuMF,2011,2011-12-31,6227,319,5,0.995739221572876
NeuMF,2011,2011-12-31,6227,5339,6,0.9954925775527954
NeuMF,2011,2011-12-31,6227,509,7,0.9950801134109497
NeuMF,2011,2011-12-31,6227,111,8,0.9949380159378052
NeuMF,2011,2011-12-31,6227,2488,9,0.9946897029876709
NeuMF,2011,2011-12-31,6227,2025,10,0.9946655035018921
NeuMF,2011,2011-12-31,6471,45210,1,0.9976757168769836
NeuMF,2011,2011-12-31,6471,2940,2,0.9973520040512085
NeuMF,2011,2011-12-31,6471,6618,3,0.9973301887512207
NeuMF,2011,2011-12-31,6471,37729,4,0.9971351623535156
NeuMF,2011,2011-12-31,6471,5570,5,0.996591329574585
NeuMF,2011,2011-12-31,6471,5304,6,0.9965807795524597
NeuMF,2011,2011-12-31,6471,33896,7,0.9965733289718628
NeuMF,2011,2011-12-31,6471,1244,8,0.996426522731781
NeuMF,2011,2011-12-31,6471,8464,9,0.9964208602905273
NeuMF,2011,2011-12-31,6471,3917,10,0.996381402015686
NeuMF,2011,2011-12-31,6854,66934,1,0.9992470741271973
NeuMF,2011,2011-12-31,6854,8623,2,0.998569130897522
NeuMF,2011,2011-12-31,6854,745,3,0.9981538653373718
NeuMF,2011,2011-12-31,6854,6754,4,0.9978682994842529
NeuMF,2011,2011-12-31,6854,69844,5,0.9975608587265015
NeuMF,2011,2011-12-31,6854,6807,6,0.9972869157791138
NeuMF,2011,2011-12-31,6854,8983,7,0.9972593784332275
NeuMF,2011,2011-12-31,6854,6618,8,0.9968060255050659
NeuMF,2011,2011-12-31,6854,55995,9,0.9967436790466309
NeuMF,2011,2011-12-31,6854,6857,10,0.996566891670227
NeuMF,2011,2011-12-31,7262,28,1,0.9991581439971924
NeuMF,2011,2011-12-31,7262,8970,2,0.9991350769996643
NeuMF,2011,2011-12-31,7262,54001,3,0.9985284805297852
NeuMF,2011,2011-12-31,7262,2297,4,0.9982635378837585
NeuMF,2011,2011-12-31,7262,6283,5,0.9978647828102112
NeuMF,2011,2011-12-31,7262,2067,6,0.9977957010269165
NeuMF,2011,2011-12-31,7262,1246,7,0.997782289981842
NeuMF,2011,2011-12-31,7262,4306,8,0.9977658987045288
NeuMF,2011,2011-12-31,7262,5873,9,0.9973892569541931
NeuMF,2011,2011-12-31,7262,6934,10,0.9973745346069336
NeuMF,2011,2011-12-31,7424,6539,1,0.9969947338104248
NeuMF,2011,2011-12-31,7424,3019,2,0.9967920184135437
NeuMF,2011,2011-12-31,7424,55269,3,0.9953187108039856
NeuMF,2011,2011-12-31,7424,2067,4,0.9952887296676636
NeuMF,2011,2011-12-31,7424,1635,5,0.993948221206665
NeuMF,2011,2011-12-31,7424,7132,6,0.9937196969985962
NeuMF,2011,2011-12-31,7424,5177,7,0.9933744072914124
NeuMF,2011,2011-12-31,7424,25788,8,0.9930241107940674
NeuMF,2011,2011-12-31,7424,281,9,0.9914600849151611
NeuMF,2011,2011-12-31,7424,3897,10,0.9911474585533142
NeuMF,2011,2011-12-31,7808,6617,1,0.9980494976043701
NeuMF,2011,2011-12-31,7808,54997,2,0.9976058006286621
NeuMF,2011,2011-12-31,7808,6322,3,0.9961788654327393
NeuMF,2011,2011-12-31,7808,30822,4,0.9956576824188232
NeuMF,2011,2011-12-31,7808,5540,5,0.9952144622802734
NeuMF,2011,2011-12-31,7808,2836,6,0.9948633313179016
NeuMF,2011,2011-12-31,7808,7178,7,0.9943642616271973
NeuMF,2011,2011-12-31,7808,6953,8,0.9939092397689819
NeuMF,2011,2011-12-31,7808,4488,9,0.9934697151184082
NeuMF,2011,2011-12-31,7808,7444,10,0.9931718111038208
NeuMF,2011,2011-12-31,7834,1291,1,0.9996263980865479
NeuMF,2011,2011-12-31,7834,1240,2,0.9989621639251709
NeuMF,2011,2011-12-31,7834,69122,3,0.9987142086029053
NeuMF,2011,2011-12-31,7834,1079,4,0.9982448816299438
NeuMF,2011,2011-12-31,7834,55267,5,0.9980353713035583
NeuMF,2011,2011-12-31,7834,6944,6,0.9979811310768127
NeuMF,2011,2011-12-31,7834,3911,7,0.9978528022766113
NeuMF,2011,2011-12-31,7834,1485,8,0.9978062510490417
NeuMF,2011,2011-12-31,7834,3450,9,0.9976268410682678
NeuMF,2011,2011-12-31,7834,543,10,0.9975886344909668
NeuMF,2011,2011-12-31,7858,46948,1,0.9999405145645142
NeuMF,2011,2011-12-31,7858,799,2,0.9997604489326477
NeuMF,2011,2011-12-31,7858,2090,3,0.9995137453079224
NeuMF,2011,2011-12-31,7858,4016,4,0.9991704225540161
NeuMF,2011,2011-12-31,7858,3213,5,0.9981712102890015
NeuMF,2011,2011-12-31,7858,671,6,0.9980940222740173
NeuMF,2011,2011-12-31,7858,616,7,0.9978153705596924
NeuMF,2011,2011-12-31,7858,2140,8,0.9971031546592712
NeuMF,2011,2011-12-31,7858,2687,9,0.9969261288642883
NeuMF,2011,2011-12-31,7858,728,10,0.9967073202133179
NeuMF,2011,2011-12-31,7870,69122,1,0.9998637437820435
NeuMF,2011,2011-12-31,7870,4963,2,0.9996334314346313
NeuMF,2011,2011-12-31,7870,63082,3,0.9996034502983093
NeuMF,2011,2011-12-31,7870,49530,4,0.9995294809341431
NeuMF,2011,2011-12-31,7870,52319,5,0.9994915723800659
NeuMF,2011,2011-12-31,7870,6287,6,0.9994333386421204
NeuMF,2011,2011-12-31,7870,52973,7,0.9994012117385864
NeuMF,2011,2011-12-31,7870,56367,8,0.9993003606796265
NeuMF,2011,2011-12-31,7870,46976,9,0.998731791973114
NeuMF,2011,2011-12-31,7870,63131,10,0.9986760020256042
NeuMF,2011,2011-12-31,8126,63876,1,0.9999605417251587
NeuMF,2011,2011-12-31,8126,68237,2,0.9997692704200745
NeuMF,2011,2011-12-31,8126,63082,3,0.9996412992477417
NeuMF,2011,2011-12-31,8126,55814,4,0.999437153339386
NeuMF,2011,2011-12-31,8126,60950,5,0.9994062185287476
NeuMF,2011,2011-12-31,8126,47721,6,0.9993422627449036
NeuMF,2011,2011-12-31,8126,4226,7,0.9993374943733215
NeuMF,2011,2011-12-31,8126,55069,8,0.9990177154541016
NeuMF,2011,2011-12-31,8126,7361,9,0.9988234639167786
NeuMF,2011,2011-12-31,8126,4641,10,0.9987731575965881
NeuMF,2011,2011-12-31,8382,6686,1,0.9989736080169678
NeuMF,2011,2011-12-31,8382,3062,2,0.9989006519317627
NeuMF,2011,2011-12-31,8382,45517,3,0.9988721013069153
NeuMF,2011,2011-12-31,8382,3836,4,0.9983892440795898
NeuMF,2011,2011-12-31,8382,7075,5,0.9980644583702087
NeuMF,2011,2011-12-31,8382,51698,6,0.997944176197052
NeuMF,2011,2011-12-31,8382,2872,7,0.9975910186767578
NeuMF,2011,2011-12-31,8382,72294,8,0.9969612956047058
NeuMF,2011,2011-12-31,8382,3959,9,0.9968088269233704
NeuMF,2011,2011-12-31,8382,673,10,0.9965521097183228
NeuMF,2011,2011-12-31,8456,58559,1,0.9999825954437256
NeuMF,2011,2011-12-31,8456,60069,2,0.9999681711196899
NeuMF,2011,2011-12-31,8456,74789,3,0.9999628067016602
NeuMF,2011,2011-12-31,8456,61323,4,0.9999129772186279
NeuMF,2011,2011-12-31,8456,77561,5,0.9998717308044434
NeuMF,2011,2011-12-31,8456,79132,6,0.9998522996902466
NeuMF,2011,2011-12-31,8456,59784,7,0.9998501539230347
NeuMF,2011,2011-12-31,8456,59369,8,0.9998264908790588
NeuMF,2011,2011-12-31,8456,64957,9,0.9998230338096619
NeuMF,2011,2011-12-31,8456,68954,10,0.9998077750205994
NeuMF,2011,2011-12-31,8529,53519,1,0.9996799230575562
NeuMF,2011,2011-12-31,8529,70159,2,0.9996527433395386
NeuMF,2011,2011-12-31,8529,55442,3,0.9995207786560059
NeuMF,2011,2011-12-31,8529,57669,4,0.9994658827781677
NeuMF,2011,2011-12-31,8529,55820,5,0.9994639754295349
NeuMF,2011,2011-12-31,8529,59387,6,0.9992333650588989
NeuMF,2011,2011-12-31,8529,68848,7,0.9992287158966064
NeuMF,2011,2011-12-31,8529,49284,8,0.9991305470466614
NeuMF,2011,2011-12-31,8529,40732,9,0.9991303086280823
NeuMF,2011,2011-12-31,8529,51255,10,0.9990472197532654
NeuMF,2011,2011-12-31,9003,2136,1,0.9995550513267517
NeuMF,2011,2011-12-31,9003,2987,2,0.9995124340057373
NeuMF,2011,2011-12-31,9003,3717,3,0.9994458556175232
NeuMF,2011,2011-12-31,9003,3147,4,0.9993207454681396
NeuMF,2011,2011-12-31,9003,2959,5,0.9992432594299316
NeuMF,2011,2011-12-31,9003,1552,6,0.9989897608757019
NeuMF,2011,2011-12-31,9003,38038,7,0.9989283680915833
NeuMF,2011,2011-12-31,9003,27478,8,0.9987275004386902
NeuMF,2011,2011-12-31,9003,50872,9,0.9987233281135559
NeuMF,2011,2011-12-31,9003,1722,10,0.9986600875854492
NeuMF,2011,2011-12-31,9502,733,1,0.9996333122253418
NeuMF,2011,2011-12-31,9502,1196,2,0.9995701909065247
NeuMF,2011,2011-12-31,9502,141,3,0.9995488524436951
NeuMF,2011,2011-12-31,9502,1198,4,0.9994078874588013
NeuMF,2011,2011-12-31,9502,1393,5,0.9993334412574768
NeuMF,2011,2011-12-31,9502,1210,6,0.999277651309967
NeuMF,2011,2011-12-31,9502,1580,7,0.999234676361084
NeuMF,2011,2011-12-31,9502,2987,8,0.999211311340332
NeuMF,2011,2011-12-31,9502,1240,9,0.9991779923439026
NeuMF,2011,2011-12-31,9502,480,10,0.9991432428359985
NeuMF,2011,2011-12-31,9959,68954,1,0.9999796152114868
NeuMF,2011,2011-12-31,9959,54001,2,0.9999312162399292
NeuMF,2011,2011-12-31,9959,59784,3,0.9999104738235474
NeuMF,2011,2011-12-31,9959,78499,4,0.9998912811279297
NeuMF,2011,2011-12-31,9959,58998,5,0.9998667240142822
NeuMF,2011,2011-12-31,9959,67087,6,0.9998252987861633
NeuMF,2011,2011-12-31,9959,6936,7,0.9997993111610413
NeuMF,2011,2011-12-31,9959,54272,8,0.9996675252914429
NeuMF,2011,2011-12-31,9959,8641,9,0.9996563196182251
NeuMF,2011,2011-12-31,9959,68358,10,0.9996115565299988
NeuMF,2011,2011-12-31,10213,54997,1,0.9995900988578796
NeuMF,2011,2011-12-31,10213,68536,2,0.9992861151695251
NeuMF,2011,2011-12-31,10213,58295,3,0.9991425275802612
NeuMF,2011,2011-12-31,10213,60950,4,0.998792290687561
NeuMF,2011,2011-12-31,10213,1090,5,0.9987046718597412
NeuMF,2011,2011-12-31,10213,62849,6,0.998513400554657
NeuMF,2011,2011-12-31,10213,65188,7,0.9976785778999329
NeuMF,2011,2011-12-31,10213,45186,8,0.997239351272583
NeuMF,2011,2011-12-31,10213,55247,9,0.9970928430557251
NeuMF,2011,2011-12-31,10213,31410,10,0.9970352649688721
NeuMF,2011,2011-12-31,10227,27831,1,0.9997723698616028
NeuMF,2011,2011-12-31,10227,56775,2,0.9994365572929382
NeuMF,2011,2011-12-31,10227,35836,3,0.999320387840271
NeuMF,2011,2011-12-31,10227,16,4,0.9992744326591492
NeuMF,2011,2011-12-31,10227,8981,5,0.9990211725234985
NeuMF,2011,2011-12-31,10227,47044,6,0.9990003705024719
NeuMF,2011,2011-12-31,10227,59315,7,0.9989234805107117
NeuMF,2011,2011-12-31,10227,37382,8,0.9988143444061279
NeuMF,2011,2011-12-31,10227,27788,9,0.998626708984375
NeuMF,2011,2011-12-31,10227,53972,10,0.9985902905464172
NeuMF,2011,2011-12-31,10426,4310,1,0.999213457107544
NeuMF,2011,2011-12-31,10426,5266,2,0.9987658262252808
NeuMF,2011,2011-12-31,10426,4367,3,0.9984399676322937
NeuMF,2011,2011-12-31,10426,4148,4,0.9980670809745789
NeuMF,2011,2011-12-31,10426,5459,5,0.9972986578941345
NeuMF,2011,2011-12-31,10426,8132,6,0.9972178936004639
NeuMF,2011,2011-12-31,10426,4239,7,0.9971017241477966
NeuMF,2011,2011-12-31,10426,4370,8,0.9969214797019958
NeuMF,2011,2011-12-31,10426,3793,9,0.9968791007995605
NeuMF,2011,2011-12-31,10426,1721,10,0.9967876672744751
NeuMF,2011,2011-12-31,10657,7036,1,0.998144268989563
NeuMF,2011,2011-12-31,10657,7013,2,0.9980159997940063
NeuMF,2011,2011-12-31,10657,1104,3,0.9978746175765991
NeuMF,2011,2011-12-31,10657,48043,4,0.9978087544441223
NeuMF,2011,2011-12-31,10657,912,5,0.997345507144928
NeuMF,2011,2011-12-31,10657,454,6,0.9971086382865906
NeuMF,2011,2011-12-31,10657,5690,7,0.9968315958976746
NeuMF,2011,2011-12-31,10657,924,8,0.9967993497848511
NeuMF,2011,2011-12-31,10657,1091,9,0.9967676401138306
NeuMF,2011,2011-12-31,10657,8636,10,0.9964878559112549
NeuMF,2011,2011-12-31,10798,1078,1,0.9979288578033447
NeuMF,2011,2011-12-31,10798,3361,2,0.9974424839019775
NeuMF,2011,2011-12-31,10798,73027,3,0.9971725344657898
NeuMF,2011,2011-12-31,10798,1953,4,0.9969419836997986
NeuMF,2011,2011-12-31,10798,921,5,0.9962508082389832
NeuMF,2011,2011-12-31,10798,534,6,0.9958100318908691
NeuMF,2011,2011-12-31,10798,2359,7,0.9957183003425598
NeuMF,2011,2011-12-31,10798,6942,8,0.9955793023109436
NeuMF,2011,2011-12-31,10798,3148,9,0.9952976107597351
NeuMF,2011,2011-12-31,10798,2819,10,0.9952783584594727
NeuMF,2011,2011-12-31,11212,4553,1,0.9980260729789734
NeuMF,2011,2011-12-31,11212,27773,2,0.9966680407524109
NeuMF,2011,2011-12-31,11212,1218,3,0.9963710308074951
NeuMF,2011,2011-12-31,11212,5319,4,0.9959548711776733
NeuMF,2011,2011-12-31,11212,3030,5,0.9956991672515869
NeuMF,2011,2011-12-31,11212,59615,6,0.9944317936897278
NeuMF,2011,2011-12-31,11212,6323,7,0.9942238926887512
NeuMF,2011,2011-12-31,11212,471,8,0.9937562942504883
NeuMF,2011,2011-12-31,11212,51709,9,0.9933122992515564
NeuMF,2011,2011-12-31,11212,541,10,0.9931063055992126
NeuMF,2011,2011-12-31,11214,4334,1,0.9998311996459961
NeuMF,2011,2011-12-31,11214,5269,2,0.9997674822807312
NeuMF,2011,2011-12-31,11214,55814,3,0.9995397329330444
NeuMF,2011,2011-12-31,11214,3010,4,0.9994681477546692
NeuMF,2011,2011-12-31,11214,4741,5,0.9992600083351135
NeuMF,2011,2011-12-31,11214,3521,6,0.9991576671600342
NeuMF,2011,2011-12-31,11214,45880,7,0.999056875705719
NeuMF,2011,2011-12-31,11214,3470,8,0.9988614320755005
NeuMF,2011,2011-12-31,11214,55442,9,0.9987062215805054
NeuMF,2011,2011-12-31,11214,4146,10,0.9986830353736877
NeuMF,2011,2011-12-31,11461,3826,1,0.9997435212135315
NeuMF,2011,2011-12-31,11461,2422,2,0.9996009469032288
NeuMF,2011,2011-12-31,11461,3824,3,0.9990116357803345
NeuMF,2011,2011-12-31,11461,4487,4,0.9989227652549744
NeuMF,2011,2011-12-31,11461,2581,5,0.9983079433441162
NeuMF,2011,2011-12-31,11461,3798,6,0.9979537725448608
NeuMF,2011,2011-12-31,11461,2505,7,0.9977684020996094
NeuMF,2011,2011-12-31,11461,4936,8,0.9977526068687439
NeuMF,2011,2011-12-31,11461,4975,9,0.9969906806945801
NeuMF,2011,2011-12-31,11461,4305,10,0.9968275427818298
NeuMF,2011,2011-12-31,11505,1848,1,0.9996218681335449
NeuMF,2011,2011-12-31,11505,2051,2,0.9995668530464172
NeuMF,2011,2011-12-31,11505,1381,3,0.999359667301178
NeuMF,2011,2011-12-31,11505,2748,4,0.9992960691452026
NeuMF,2011,2011-12-31,11505,2468,5,0.9992662072181702
NeuMF,2011,2011-12-31,11505,2422,6,0.9987125396728516
NeuMF,2011,2011-12-31,11505,2078,7,0.9986225366592407
NeuMF,2011,2011-12-31,11505,2822,8,0.9985924363136292
NeuMF,2011,2011-12-31,11505,2735,9,0.9985564351081848
NeuMF,2011,2011-12-31,11505,2739,10,0.9982436895370483
NeuMF,2011,2011-12-31,11662,2412,1,0.999790608882904
NeuMF,2011,2011-12-31,11662,8132,2,0.9990673661231995
NeuMF,2011,2011-12-31,11662,1379,3,0.9990286827087402
NeuMF,2011,2011-12-31,11662,3250,4,0.9989253878593445
NeuMF,2011,2011-12-31,11662,2990,5,0.9989169836044312
NeuMF,2011,2011-12-31,11662,3984,6,0.9985389709472656
NeuMF,2011,2011-12-31,11662,4677,7,0.9985195994377136
NeuMF,2011,2011-12-31,11662,2815,8,0.998281717300415
NeuMF,2011,2011-12-31,11662,805,9,0.9980682730674744
NeuMF,2011,2011-12-31,11662,2803,10,0.997920572757721
NeuMF,2011,2011-12-31,11719,5016,1,0.9995119571685791
NeuMF,2011,2011-12-31,11719,4903,2,0.9990906715393066
NeuMF,2011,2011-12-31,11719,4733,3,0.9989594221115112
NeuMF,2011,2011-12-31,11719,534,4,0.9984532594680786
NeuMF,2011,2011-12-31,11719,1296,5,0.9982354640960693
NeuMF,2011,2011-12-31,11719,2357,6,0.9979362487792969
NeuMF,2011,2011-12-31,11719,3911,7,0.9977647066116333
NeuMF,2011,2011-12-31,11719,1224,8,0.9977179765701294
NeuMF,2011,2011-12-31,11719,1041,9,0.9971112012863159
NeuMF,2011,2011-12-31,11719,2690,10,0.9971109628677368
NeuMF,2011,2011-12-31,11770,4448,1,0.9994198083877563
NeuMF,2011,2011-12-31,11770,44761,2,0.9991113543510437
NeuMF,2011,2011-12-31,11770,5151,3,0.9990334510803223
NeuMF,2011,2011-12-31,11770,6978,4,0.9990066885948181
NeuMF,2011,2011-12-31,11770,7143,5,0.9990031123161316
NeuMF,2011,2011-12-31,11770,7153,6,0.9988691210746765
NeuMF,2011,2011-12-31,11770,49530,7,0.998689591884613
NeuMF,2011,2011-12-31,11770,6333,8,0.9986698627471924
NeuMF,2011,2011-12-31,11770,2997,9,0.9981328845024109
NeuMF,2011,2011-12-31,11770,33679,10,0.9980613589286804
NeuMF,2011,2011-12-31,11870,48082,1,0.9999282360076904
NeuMF,2011,2011-12-31,11870,2843,2,0.9998998641967773
NeuMF,2011,2011-12-31,11870,7323,3,0.9998112320899963
NeuMF,2011,2011-12-31,11870,97,4,0.9998090863227844
NeuMF,2011,2011-12-31,11870,4996,5,0.9997596144676208
NeuMF,2011,2011-12-31,11870,4235,6,0.9996836185455322
NeuMF,2011,2011-12-31,11870,3083,7,0.9996203184127808
NeuMF,2011,2011-12-31,11870,9010,8,0.9996141195297241
NeuMF,2011,2011-12-31,11870,50912,9,0.9996002316474915
NeuMF,2011,2011-12-31,11870,4914,10,0.9995908141136169
NeuMF,2011,2011-12-31,11909,61348,1,0.9984477758407593
NeuMF,2011,2011-12-31,11909,61262,2,0.9981648325920105
NeuMF,2011,2011-12-31,11909,72129,3,0.9978702068328857
NeuMF,2011,2011-12-31,11909,50800,4,0.9976438879966736
NeuMF,2011,2011-12-31,11909,65882,5,0.9950723052024841
NeuMF,2011,2011-12-31,11909,43558,6,0.9943820834159851
NeuMF,2011,2011-12-31,11909,69069,7,0.9941469430923462
NeuMF,2011,2011-12-31,11909,54785,8,0.9936704635620117
NeuMF,2011,2011-12-31,11909,66310,9,0.9932304620742798
NeuMF,2011,2011-12-31,11909,70208,10,0.9924787282943726
NeuMF,2011,2011-12-31,12302,58559,1,0.9999167919158936
NeuMF,2011,2011-12-31,12302,53000,2,0.9999024868011475
NeuMF,2011,2011-12-31,12302,66934,3,0.999622106552124
NeuMF,2011,2011-12-31,12302,69481,4,0.9993603825569153
NeuMF,2011,2011-12-31,12302,26947,5,0.9992465972900391
NeuMF,2011,2011-12-31,12302,51662,6,0.999085545539856
NeuMF,2011,2011-12-31,12302,48516,7,0.9990045428276062
NeuMF,2011,2011-12-31,12302,48780,8,0.9989544153213501
NeuMF,2011,2011-12-31,12302,54997,9,0.9988008737564087
NeuMF,2011,2011-12-31,12302,54286,10,0.9987882971763611
NeuMF,2011,2011-12-31,12390,44191,1,0.9996654987335205
NeuMF,2011,2011-12-31,12390,78209,2,0.9995039701461792
NeuMF,2011,2011-12-31,12390,52952,3,0.9993775486946106
NeuMF,2011,2011-12-31,12390,59126,4,0.9990092515945435
NeuMF,2011,2011-12-31,12390,2959,5,0.9990082383155823
NeuMF,2011,2011-12-31,12390,61024,6,0.9989867806434631
NeuMF,2011,2011-12-31,12390,48516,7,0.9988139867782593
NeuMF,2011,2011-12-31,12390,71156,8,0.9984130859375
NeuMF,2011,2011-12-31,12390,64839,9,0.99820876121521
NeuMF,2011,2011-12-31,12390,6016,10,0.9980706572532654
NeuMF,2011,2011-12-31,12649,64957,1,0.999542236328125
NeuMF,2011,2011-12-31,12649,64839,2,0.9994901418685913
NeuMF,2011,2011-12-31,12649,56587,3,0.9994543194770813
NeuMF,2011,2011-12-31,12649,57669,4,0.9993813037872314
NeuMF,2011,2011-12-31,12649,53123,5,0.9993329644203186
NeuMF,2011,2011-12-31,12649,4992,6,0.999203622341156
NeuMF,2011,2011-12-31,12649,5530,7,0.9991198182106018
NeuMF,2011,2011-12-31,12649,4963,8,0.9989632368087769
NeuMF,2011,2011-12-31,12649,44191,9,0.9987956285476685
NeuMF,2011,2011-12-31,12649,55267,10,0.9987156391143799
NeuMF,2011,2011-12-31,12650,27728,1,0.9995131492614746
NeuMF,2011,2011-12-31,12650,784,2,0.9992548823356628
NeuMF,2011,2011-12-31,12650,59126,3,0.9992547631263733
NeuMF,2011,2011-12-31,12650,2004,4,0.9989199638366699
NeuMF,2011,2011-12-31,12650,2683,5,0.9978533387184143
NeuMF,2011,2011-12-31,12650,68157,6,0.997302770614624
NeuMF,2011,2011-12-31,12650,1214,7,0.997096061706543
NeuMF,2011,2011-12-31,12650,3254,8,0.9970934391021729
NeuMF,2011,2011-12-31,12650,2003,9,0.997068464756012
NeuMF,2011,2011-12-31,12650,1261,10,0.9967488050460815
NeuMF,2011,2011-12-31,12818,71466,1,0.9999722242355347
NeuMF,2011,2011-12-31,12818,80489,2,0.9999430179595947
NeuMF,2011,2011-12-31,12818,67997,3,0.9998306035995483
NeuMF,2011,2011-12-31,12818,69481,4,0.9996776580810547
NeuMF,2011,2011-12-31,12818,77561,5,0.9996691942214966
NeuMF,2011,2011-12-31,12818,66097,6,0.9996021389961243
NeuMF,2011,2011-12-31,12818,4963,7,0.9995537400245667
NeuMF,2011,2011-12-31,12818,77800,8,0.999376118183136
NeuMF,2011,2011-12-31,12818,74458,9,0.9993703961372375
NeuMF,2011,2011-12-31,12818,73854,10,0.9993676543235779
NeuMF,2011,2011-12-31,13164,51575,1,0.9980948567390442
NeuMF,2011,2011-12-31,13164,1894,2,0.9967131614685059
NeuMF,2011,2011-12-31,13164,68135,3,0.9947546720504761
NeuMF,2011,2011-12-31,13164,1021,4,0.9931612014770508
NeuMF,2011,2011-12-31,13164,786,5,0.9929975271224976
NeuMF,2011,2011-12-31,13164,3362,6,0.9928480386734009
NeuMF,2011,2011-12-31,13164,50064,7,0.9922687411308289
NeuMF,2011,2011-12-31,13164,7137,8,0.9922614693641663
NeuMF,2011,2011-12-31,13164,912,9,0.9921383261680603
NeuMF,2011,2011-12-31,13164,7163,10,0.9915257096290588
NeuMF,2011,2011-12-31,13498,1370,1,0.9977732300758362
NeuMF,2011,2011-12-31,13498,3916,2,0.9975487589836121
NeuMF,2011,2011-12-31,13498,5630,3,0.9964913725852966
NeuMF,2011,2011-12-31,13498,6281,4,0.9962843656539917
NeuMF,2011,2011-12-31,13498,4128,5,0.996277391910553
NeuMF,2011,2011-12-31,13498,4489,6,0.9962506890296936
NeuMF,2011,2011-12-31,13498,8972,7,0.996032178401947
NeuMF,2011,2011-12-31,13498,6,8,0.9952645301818848
NeuMF,2011,2011-12-31,13498,852,9,0.9950034022331238
NeuMF,2011,2011-12-31,13498,31696,10,0.9949668049812317
NeuMF,2011,2011-12-31,13796,58559,1,0.9999586343765259
NeuMF,2011,2011-12-31,13796,68358,2,0.9998959302902222
NeuMF,2011,2011-12-31,13796,60684,3,0.9998648166656494
NeuMF,2011,2011-12-31,13796,59315,4,0.9997490048408508
NeuMF,2011,2011-12-31,13796,1748,5,0.999602735042572
NeuMF,2011,2011-12-31,13796,78499,6,0.9994943141937256
NeuMF,2011,2011-12-31,13796,73017,7,0.9993950128555298
NeuMF,2011,2011-12-31,13796,1196,8,0.9991330504417419
NeuMF,2011,2011-12-31,13796,79132,9,0.9990108013153076
NeuMF,2011,2011-12-31,13796,8644,10,0.9989953637123108
NeuMF,2011,2011-12-31,13802,7361,1,0.9986347556114197
NeuMF,2011,2011-12-31,13802,48516,2,0.9983412027359009
NeuMF,2011,2011-12-31,13802,4878,3,0.9979890584945679
NeuMF,2011,2011-12-31,13802,8132,4,0.9979117512702942
NeuMF,2011,2011-12-31,13802,6502,5,0.9976029992103577
NeuMF,2011,2011-12-31,13802,46578,6,0.9975307583808899
NeuMF,2011,2011-12-31,13802,4973,7,0.9974812865257263
NeuMF,2011,2011-12-31,13802,5952,8,0.9970325231552124
NeuMF,2011,2011-12-31,13802,30749,9,0.9968761205673218
NeuMF,2011,2011-12-31,13802,51662,10,0.9964501857757568
NeuMF,2011,2011-12-31,13987,1224,1,0.9984037280082703
NeuMF,2011,2011-12-31,13987,1374,2,0.9956684112548828
NeuMF,2011,2011-12-31,13987,2795,3,0.9954137206077576
NeuMF,2011,2011-12-31,13987,52767,4,0.9946984052658081
NeuMF,2011,2011-12-31,13987,1073,5,0.9946964979171753
NeuMF,2011,2011-12-31,13987,1653,6,0.9945959448814392
NeuMF,2011,2011-12-31,13987,8983,7,0.993738055229187
NeuMF,2011,2011-12-31,13987,858,8,0.9922884106636047
NeuMF,2011,2011-12-31,13987,4351,9,0.992046594619751
NeuMF,2011,2011-12-31,13987,4967,10,0.9916348457336426
NeuMF,2011,2011-12-31,14411,2145,1,0.9996565580368042
NeuMF,2011,2011-12-31,14411,6092,2,0.9995399713516235
NeuMF,2011,2011-12-31,14411,4863,3,0.9992021918296814
NeuMF,2011,2011-12-31,14411,2639,4,0.9991368651390076
NeuMF,2011,2011-12-31,14411,6380,5,0.9989070892333984
NeuMF,2011,2011-12-31,14411,2739,6,0.9988879561424255
NeuMF,2011,2011-12-31,14411,55280,7,0.9987849593162537
NeuMF,2011,2011-12-31,14411,1296,8,0.9986359477043152
NeuMF,2011,2011-12-31,14411,5577,9,0.9984772801399231
NeuMF,2011,2011-12-31,14411,6269,10,0.9983394145965576
NeuMF,2011,2011-12-31,14549,1273,1,0.9998990297317505
NeuMF,2011,2011-12-31,14549,916,2,0.9996563196182251
NeuMF,2011,2011-12-31,14549,3629,3,0.999645471572876
NeuMF,2011,2011-12-31,14549,2186,4,0.999405026435852
NeuMF,2011,2011-12-31,14549,4433,5,0.9992700219154358
NeuMF,2011,2011-12-31,14549,8195,6,0.9989050626754761
NeuMF,2011,2011-12-31,14549,123,7,0.9987348914146423
NeuMF,2011,2011-12-31,14549,2936,8,0.9987272620201111
NeuMF,2011,2011-12-31,14549,2940,9,0.9985887408256531
NeuMF,2011,2011-12-31,14549,1248,10,0.9979419112205505
NeuMF,2011,2011-12-31,14663,5400,1,0.9995983242988586
NeuMF,2011,2011-12-31,14663,3717,2,0.9995585083961487
NeuMF,2011,2011-12-31,14663,3825,3,0.9995137453079224
NeuMF,2011,2011-12-31,14663,4718,4,0.9995015859603882
NeuMF,2011,2011-12-31,14663,5313,5,0.9994165897369385
NeuMF,2011,2011-12-31,14663,6281,6,0.9991163611412048
NeuMF,2011,2011-12-31,14663,5459,7,0.9989513158798218
NeuMF,2011,2011-12-31,14663,4369,8,0.9988746047019958
NeuMF,2011,2011-12-31,14663,4310,9,0.9987502098083496
NeuMF,2011,2011-12-31,14663,3623,10,0.9984020590782166
NeuMF,2011,2011-12-31,14710,58559,1,0.9998045563697815
NeuMF,2011,2011-12-31,14710,58295,2,0.9996452331542969
NeuMF,2011,2011-12-31,14710,60069,3,0.9991078972816467
NeuMF,2011,2011-12-31,14710,50514,4,0.9988794922828674
NeuMF,2011,2011-12-31,14710,54286,5,0.998702883720398
NeuMF,2011,2011-12-31,14710,1959,6,0.9987012147903442
NeuMF,2011,2011-12-31,14710,72998,7,0.9986251592636108
NeuMF,2011,2011-12-31,14710,44694,8,0.9981423616409302
NeuMF,2011,2011-12-31,14710,59315,9,0.9978241920471191
NeuMF,2011,2011-12-31,14710,64957,10,0.9976903200149536
NeuMF,2011,2011-12-31,14725,53972,1,0.9998704195022583
NeuMF,2011,2011-12-31,14725,6281,2,0.9998518228530884
NeuMF,2011,2011-12-31,14725,3753,3,0.9997088313102722
NeuMF,2011,2011-12-31,14725,7254,4,0.9996927976608276
NeuMF,2011,2011-12-31,14725,33679,5,0.9996094107627869
NeuMF,2011,2011-12-31,14725,3798,6,0.9995625615119934
NeuMF,2011,2011-12-31,14725,3793,7,0.9995100498199463
NeuMF,2011,2011-12-31,14725,55052,8,0.9993906021118164
NeuMF,2011,2011-12-31,14725,55118,9,0.9993526339530945
NeuMF,2011,2011-12-31,14725,27821,10,0.999337375164032
NeuMF,2011,2011-12-31,14844,8970,1,0.9998929500579834
NeuMF,2011,2011-12-31,14844,49286,2,0.9997270703315735
NeuMF,2011,2011-12-31,14844,40629,3,0.9993657469749451
NeuMF,2011,2011-12-31,14844,45447,4,0.999313473701477
NeuMF,2011,2011-12-31,14844,33679,5,0.9991818070411682
NeuMF,2011,2011-12-31,14844,33669,6,0.9991146922111511
NeuMF,2011,2011-12-31,14844,45720,7,0.9990000128746033
NeuMF,2011,2011-12-31,14844,8866,8,0.9989350438117981
NeuMF,2011,2011-12-31,14844,6535,9,0.99883633852005
NeuMF,2011,2011-12-31,14844,56367,10,0.9988211989402771
NeuMF,2011,2011-12-31,15204,8690,1,0.9997977614402771
NeuMF,2011,2011-12-31,15204,6350,2,0.999792754650116
NeuMF,2011,2011-12-31,15204,5690,3,0.9993721842765808
NeuMF,2011,2011-12-31,15204,49278,4,0.9992431402206421
NeuMF,2011,2011-12-31,15204,62376,5,0.9991889595985413
NeuMF,2011,2011-12-31,15204,37386,6,0.999083399772644
NeuMF,2011,2011-12-31,15204,8636,7,0.998124897480011
NeuMF,2011,2011-12-31,15204,55995,8,0.9981143474578857
NeuMF,2011,2011-12-31,15204,60040,9,0.9980644583702087
NeuMF,2011,2011-12-31,15204,52287,10,0.9980362057685852
NeuMF,2011,2011-12-31,15391,5693,1,0.9988288283348083
NeuMF,2011,2011-12-31,15391,2691,2,0.9985101819038391
NeuMF,2011,2011-12-31,15391,8464,3,0.9984686970710754
NeuMF,2011,2011-12-31,15391,8132,4,0.9983307719230652
NeuMF,2011,2011-12-31,15391,44022,5,0.9982808828353882
NeuMF,2011,2011-12-31,15391,5945,6,0.9981168508529663
NeuMF,2011,2011-12-31,15391,69951,7,0.9978625178337097
NeuMF,2011,2011-12-31,15391,37731,8,0.9978139400482178
NeuMF,2011,2011-12-31,15391,39446,9,0.9975132942199707
NeuMF,2011,2011-12-31,15391,318,10,0.9973503351211548
NeuMF,2011,2011-12-31,15532,3741,1,0.9996660947799683
NeuMF,2011,2011-12-31,15532,101,2,0.9995620846748352
NeuMF,2011,2011-12-31,15532,1034,3,0.9992009997367859
NeuMF,2011,2011-12-31,15532,2968,4,0.9991955161094666
NeuMF,2011,2011-12-31,15532,1274,5,0.9991518259048462
NeuMF,2011,2011-12-31,15532,56805,6,0.9989253878593445
NeuMF,2011,2011-12-31,15532,53894,7,0.9988081455230713
NeuMF,2011,2011-12-31,15532,59315,8,0.9986080527305603
NeuMF,2011,2011-12-31,15532,4006,9,0.997519314289093
NeuMF,2011,2011-12-31,15532,30810,10,0.9974737763404846
NeuMF,2011,2011-12-31,15839,64614,1,0.9998635053634644
NeuMF,2011,2011-12-31,15839,54997,2,0.9989959597587585
NeuMF,2011,2011-12-31,15839,3555,3,0.9986065030097961
NeuMF,2011,2011-12-31,15839,3980,4,0.9982457160949707
NeuMF,2011,2011-12-31,15839,3793,5,0.9980276226997375
NeuMF,2011,2011-12-31,15839,3508,6,0.9978588223457336
NeuMF,2011,2011-12-31,15839,2278,7,0.9977311491966248
NeuMF,2011,2011-12-31,15839,49530,8,0.99772709608078
NeuMF,2011,2011-12-31,15839,2194,9,0.9972668886184692
NeuMF,2011,2011-12-31,15839,6378,10,0.9966609477996826
NeuMF,2011,2011-12-31,15851,79132,1,0.9999880790710449
NeuMF,2011,2011-12-31,15851,78499,2,0.9999802112579346
NeuMF,2011,2011-12-31,15851,69481,3,0.999947190284729
NeuMF,2011,2011-12-31,15851,72011,4,0.9999349117279053
NeuMF,2011,2011-12-31,15851,72998,5,0.9997555613517761
NeuMF,2011,2011-12-31,15851,73344,6,0.9996671676635742
NeuMF,2011,2011-12-31,15851,77561,7,0.9996023774147034
NeuMF,2011,2011-12-31,15851,64957,8,0.9995393753051758
NeuMF,2011,2011-12-31,15851,4226,9,0.9993528723716736
NeuMF,2011,2011-12-31,15851,64839,10,0.9993401169776917
NeuMF,2011,2011-12-31,15853,2301,1,0.9996875524520874
NeuMF,2011,2011-12-31,15853,3087,2,0.9991416931152344
NeuMF,2011,2011-12-31,15853,3524,3,0.9988273978233337
NeuMF,2011,2011-12-31,15853,4215,4,0.9986968636512756
NeuMF,2011,2011-12-31,15853,4219,5,0.9982055425643921
NeuMF,2011,2011-12-31,15853,2463,6,0.9979861974716187
NeuMF,2011,2011-12-31,15853,2915,7,0.9977624416351318
NeuMF,2011,2011-12-31,15853,2003,8,0.9977331161499023
NeuMF,2011,2011-12-31,15853,6816,9,0.997654914855957
NeuMF,2011,2011-12-31,15853,3690,10,0.9973453879356384
NeuMF,2011,2011-12-31,15865,79132,1,0.9994901418685913
NeuMF,2011,2011-12-31,15865,56367,2,0.9973767995834351
NeuMF,2011,2011-12-31,15865,293,3,0.9971169233322144
NeuMF,2011,2011-12-31,15865,1672,4,0.9962542057037354
NeuMF,2011,2011-12-31,15865,62374,5,0.9961406588554382
NeuMF,2011,2011-12-31,15865,58295,6,0.9960322976112366
NeuMF,2011,2011-12-31,15865,1680,7,0.9957979321479797
NeuMF,2011,2011-12-31,15865,30822,8,0.9955154061317444
NeuMF,2011,2011-12-31,15865,3992,9,0.9951263666152954
NeuMF,2011,2011-12-31,15865,56788,10,0.9944730401039124
NeuMF,2011,2011-12-31,15942,7438,1,0.9994058609008789
NeuMF,2011,2011-12-31,15942,45186,2,0.9993866682052612
NeuMF,2011,2011-12-31,15942,858,3,0.9993403553962708
NeuMF,2011,2011-12-31,15942,44195,4,0.998914361000061
NeuMF,2011,2011-12-31,15942,4776,5,0.9979002475738525
NeuMF,2011,2011-12-31,15942,54997,6,0.9976546168327332
NeuMF,2011,2011-12-31,15942,3949,7,0.9974581599235535
NeuMF,2011,2011-12-31,15942,60069,8,0.9970748424530029
NeuMF,2011,2011-12-31,15942,1198,9,0.9970467686653137
NeuMF,2011,2011-12-31,15942,38061,10,0.996736466884613
NeuMF,2011,2011-12-31,15965,3030,1,0.999748170375824
NeuMF,2011,2011-12-31,15965,6286,2,0.9991956353187561
NeuMF,2011,2011-12-31,15965,5690,3,0.9990466237068176
NeuMF,2011,2011-12-31,15965,1196,4,0.9990209341049194
NeuMF,2011,2011-12-31,15965,3745,5,0.9988195300102234
NeuMF,2011,2011-12-31,15965,1372,6,0.998815655708313
NeuMF,2011,2011-12-31,15965,1210,7,0.9976130723953247
NeuMF,2011,2011-12-31,15965,3578,8,0.9974552989006042
NeuMF,2011,2011-12-31,15965,1089,9,0.9972022771835327
NeuMF,2011,2011-12-31,15965,1320,10,0.9971252083778381
NeuMF,2011,2011-12-31,16214,66934,1,0.9999760389328003
NeuMF,2011,2011-12-31,16214,69844,2,0.9999252557754517
NeuMF,2011,2011-12-31,16214,68157,3,0.9999240636825562
NeuMF,2011,2011-12-31,16214,79132,4,0.9998867511749268
NeuMF,2011,2011-12-31,16214,69122,5,0.999863862991333
NeuMF,2011,2011-12-31,16214,68954,6,0.999823272228241
NeuMF,2011,2011-12-31,16214,72226,7,0.9995806813240051
NeuMF,2011,2011-12-31,16214,69757,8,0.9995644688606262
NeuMF,2011,2011-12-31,16214,66097,9,0.9995502829551697
NeuMF,2011,2011-12-31,16214,60069,10,0.9994239807128906
NeuMF,2011,2011-12-31,16397,2058,1,0.9976352453231812
NeuMF,2011,2011-12-31,16397,480,2,0.9974281191825867
NeuMF,2011,2011-12-31,16397,1084,3,0.9967005848884583
NeuMF,2011,2011-12-31,16397,33615,4,0.9957213401794434
NeuMF,2011,2011-12-31,16397,1704,5,0.9953822493553162
NeuMF,2011,2011-12-31,16397,290,6,0.9952996969223022
NeuMF,2011,2011-12-31,16397,380,7,0.9952836632728577
NeuMF,2011,2011-12-31,16397,7149,8,0.994487464427948
NeuMF,2011,2011-12-31,16397,2357,9,0.9943389296531677
NeuMF,2011,2011-12-31,16397,6385,10,0.9936874508857727
NeuMF,2011,2011-12-31,16688,5498,1,0.9989588260650635
NeuMF,2011,2011-12-31,16688,1732,2,0.9965950846672058
NeuMF,2011,2011-12-31,16688,5377,3,0.9962915182113647
NeuMF,2011,2011-12-31,16688,2594,4,0.9961353540420532
NeuMF,2011,2011-12-31,16688,7361,5,0.9961052536964417
NeuMF,2011,2011-12-31,16688,7116,6,0.9959604144096375
NeuMF,2011,2011-12-31,16688,7323,7,0.9951204657554626
NeuMF,2011,2011-12-31,16688,911,8,0.9944776296615601
NeuMF,2011,2011-12-31,16688,5225,9,0.9943891167640686
NeuMF,2011,2011-12-31,16688,6539,10,0.9943035840988159
NeuMF,2011,2011-12-31,16754,1729,1,0.9982271790504456
NeuMF,2011,2011-12-31,16754,1125,2,0.997612476348877
NeuMF,2011,2011-12-31,16754,296,3,0.9970059990882874
NeuMF,2011,2011-12-31,16754,1089,4,0.9969525337219238
NeuMF,2011,2011-12-31,16754,6662,5,0.9969258904457092
NeuMF,2011,2011-12-31,16754,306,6,0.9967445135116577
NeuMF,2011,2011-12-31,16754,707,7,0.9959936141967773
NeuMF,2011,2011-12-31,16754,260,8,0.9957885146141052
NeuMF,2011,2011-12-31,16754,318,9,0.995784342288971
NeuMF,2011,2011-12-31,16754,3272,10,0.99558025598526
NeuMF,2011,2011-12-31,16769,3973,1,0.9992899894714355
NeuMF,2011,2011-12-31,16769,51086,2,0.9991878867149353
NeuMF,2011,2011-12-31,16769,58559,3,0.9990370273590088
NeuMF,2011,2011-12-31,16769,30793,4,0.9985818862915039
NeuMF,2011,2011-12-31,16769,68791,5,0.9982782602310181
NeuMF,2011,2011-12-31,16769,6383,6,0.9981212019920349
NeuMF,2011,2011-12-31,16769,4833,7,0.998038113117218
NeuMF,2011,2011-12-31,16769,68135,8,0.9979839324951172
NeuMF,2011,2011-12-31,16769,4963,9,0.9977622032165527
NeuMF,2011,2011-12-31,16769,356,10,0.9976953864097595
NeuMF,2011,2011-12-31,16907,1482,1,0.9992908239364624
NeuMF,2011,2011-12-31,16907,7247,2,0.9986581802368164
NeuMF,2011,2011-12-31,16907,51698,3,0.9981452226638794
NeuMF,2011,2011-12-31,16907,3093,4,0.9980596899986267
NeuMF,2011,2011-12-31,16907,37386,5,0.9977619647979736
NeuMF,2011,2011-12-31,16907,7123,6,0.9968976974487305
NeuMF,2011,2011-12-31,16907,8966,7,0.996880054473877
NeuMF,2011,2011-12-31,16907,54281,8,0.9966179728507996
NeuMF,2011,2011-12-31,16907,5391,9,0.9963118433952332
NeuMF,2011,2011-12-31,16907,2528,10,0.9961479902267456
NeuMF,2011,2011-12-31,16966,2905,1,0.9999914169311523
NeuMF,2011,2011-12-31,16966,1178,2,0.9999150037765503
NeuMF,2011,2011-12-31,16966,3134,3,0.9998430013656616
NeuMF,2011,2011-12-31,16966,4914,4,0.9996486902236938
NeuMF,2011,2011-12-31,16966,2726,5,0.9995967745780945
NeuMF,2011,2011-12-31,16966,31770,6,0.9995243549346924
NeuMF,2011,2011-12-31,16966,4406,7,0.9995020627975464
NeuMF,2011,2011-12-31,16966,6920,8,0.9994063377380371
NeuMF,2011,2011-12-31,16966,1953,9,0.9990437626838684
NeuMF,2011,2011-12-31,16966,7072,10,0.9988477230072021
NeuMF,2011,2011-12-31,17032,1562,1,0.9995908141136169
NeuMF,2011,2011-12-31,17032,3986,2,0.9994245767593384
NeuMF,2011,2011-12-31,17032,8870,3,0.9992641806602478
NeuMF,2011,2011-12-31,17032,6959,4,0.9991253018379211
NeuMF,2011,2011-12-31,17032,7163,5,0.9987743496894836
NeuMF,2011,2011-12-31,17032,4700,6,0.9987093210220337
NeuMF,2011,2011-12-31,17032,4866,7,0.9986812472343445
NeuMF,2011,2011-12-31,17032,4975,8,0.9983799457550049
NeuMF,2011,2011-12-31,17032,2642,9,0.9976727366447449
NeuMF,2011,2011-12-31,17032,6686,10,0.9975197911262512
NeuMF,2011,2011-12-31,17341,3030,1,0.9998937845230103
NeuMF,2011,2011-12-31,17341,3972,2,0.9992311000823975
NeuMF,2011,2011-12-31,17341,2951,3,0.9987699389457703
NeuMF,2011,2011-12-31,17341,1254,4,0.9979678988456726
NeuMF,2011,2011-12-31,17341,48774,5,0.997944176197052
NeuMF,2011,2011-12-31,17341,1218,6,0.9978938698768616
NeuMF,2011,2011-12-31,17341,3362,7,0.9977753758430481
NeuMF,2011,2011-12-31,17341,50872,8,0.9977684020996094
NeuMF,2011,2011-12-31,17341,3681,9,0.9972848892211914
NeuMF,2011,2011-12-31,17341,1953,10,0.9969275593757629
NeuMF,2011,2011-12-31,17946,6791,1,0.999881386756897
NeuMF,2011,2011-12-31,17946,8662,2,0.9991230368614197
NeuMF,2011,2011-12-31,17946,52579,3,0.9987779259681702
NeuMF,2011,2011-12-31,17946,6639,4,0.9984813332557678
NeuMF,2011,2011-12-31,17946,48061,5,0.9979871511459351
NeuMF,2011,2011-12-31,17946,7091,6,0.9978826642036438
NeuMF,2011,2011-12-31,17946,910,7,0.9978420734405518
NeuMF,2011,2011-12-31,17946,51884,8,0.9974710941314697
NeuMF,2011,2011-12-31,17946,2369,9,0.9973949193954468
NeuMF,2011,2011-12-31,17946,53123,10,0.9973310232162476
NeuMF,2011,2011-12-31,17983,7099,1,0.9999552965164185
NeuMF,2011,2011-12-31,17983,5971,2,0.9999476671218872
NeuMF,2011,2011-12-31,17983,6016,3,0.9997050166130066
NeuMF,2011,2011-12-31,17983,6350,4,0.9995585083961487
NeuMF,2011,2011-12-31,17983,5608,5,0.9990191459655762
NeuMF,2011,2011-12-31,17983,8576,6,0.9989843964576721
NeuMF,2011,2011-12-31,17983,6874,7,0.9982547163963318
NeuMF,2011,2011-12-31,17983,31410,8,0.9979389309883118
NeuMF,2011,2011-12-31,17983,27731,9,0.9978635907173157
NeuMF,2011,2011-12-31,17983,5445,10,0.9977999329566956
NeuMF,2011,2011-12-31,17991,2959,1,0.9996647834777832
NeuMF,2011,2011-12-31,17991,455,2,0.999288022518158
NeuMF,2011,2011-12-31,17991,58376,3,0.9992558360099792
NeuMF,2011,2011-12-31,17991,1005,4,0.9989824891090393
NeuMF,2011,2011-12-31,17991,2082,5,0.9989338517189026
NeuMF,2011,2011-12-31,17991,50912,6,0.998928964138031
NeuMF,2011,2011-12-31,17991,5014,7,0.9988985061645508
NeuMF,2011,2011-12-31,17991,60069,8,0.998670220375061
NeuMF,2011,2011-12-31,17991,55267,9,0.9986628293991089
NeuMF,2011,2011-12-31,17991,2431,10,0.9985151886940002
NeuMF,2011,2011-12-31,18212,2565,1,0.9988793730735779
NeuMF,2011,2011-12-31,18212,3983,2,0.9982311129570007
NeuMF,2011,2011-12-31,18212,4508,3,0.9960147142410278
NeuMF,2011,2011-12-31,18212,215,4,0.9956910014152527
NeuMF,2011,2011-12-31,18212,1694,5,0.995457649230957
NeuMF,2011,2011-12-31,18212,4641,6,0.9949281215667725
NeuMF,2011,2011-12-31,18212,306,7,0.9948931932449341
NeuMF,2011,2011-12-31,18212,4975,8,0.9945479035377502
NeuMF,2011,2011-12-31,18212,1247,9,0.994534969329834
NeuMF,2011,2011-12-31,18212,247,10,0.9945036172866821
NeuMF,2011,2011-12-31,18256,79132,1,0.9999912977218628
NeuMF,2011,2011-12-31,18256,69481,2,0.999984860420227
NeuMF,2011,2011-12-31,18256,64614,3,0.9999663829803467
NeuMF,2011,2011-12-31,18256,57669,4,0.999966025352478
NeuMF,2011,2011-12-31,18256,73017,5,0.9999513626098633
NeuMF,2011,2011-12-31,18256,48516,6,0.9999508857727051
NeuMF,2011,2011-12-31,18256,44555,7,0.9999440908432007
NeuMF,2011,2011-12-31,18256,44199,8,0.9999434947967529
NeuMF,2011,2011-12-31,18256,6953,9,0.9999299049377441
NeuMF,2011,2011-12-31,18256,46723,10,0.9999260902404785
NeuMF,2011,2011-12-31,18295,44022,1,0.9998868703842163
NeuMF,2011,2011-12-31,18295,45517,2,0.9998052716255188
NeuMF,2011,2011-12-31,18295,33615,3,0.9996227025985718
NeuMF,2011,2011-12-31,18295,8984,4,0.999617338180542
NeuMF,2011,2011-12-31,18295,60072,5,0.9995591044425964
NeuMF,2011,2011-12-31,18295,4154,6,0.9993059635162354
NeuMF,2011,2011-12-31,18295,62999,7,0.9988865256309509
NeuMF,2011,2011-12-31,18295,53972,8,0.9988316893577576
NeuMF,2011,2011-12-31,18295,60937,9,0.9988020658493042
NeuMF,2011,2011-12-31,18295,63113,10,0.9985778331756592
NeuMF,2011,2011-12-31,18362,6599,1,0.9995222091674805
NeuMF,2011,2011-12-31,18362,58559,2,0.9994962215423584
NeuMF,2011,2011-12-31,18362,58,3,0.9991679191589355
NeuMF,2011,2011-12-31,18362,44555,4,0.9990222454071045
NeuMF,2011,2011-12-31,18362,5995,5,0.9988752007484436
NeuMF,2011,2011-12-31,18362,5349,6,0.9988657236099243
NeuMF,2011,2011-12-31,18362,5952,7,0.9986868500709534
NeuMF,2011,2011-12-31,18362,64614,8,0.9980598092079163
NeuMF,2011,2011-12-31,18362,8961,9,0.9979694485664368
NeuMF,2011,2011-12-31,18362,4995,10,0.9978335499763489
NeuMF,2011,2011-12-31,18769,1028,1,0.9997766613960266
NeuMF,2011,2011-12-31,18769,596,2,0.9995298385620117
NeuMF,2011,2011-12-31,18769,594,3,0.9994951486587524
NeuMF,2011,2011-12-31,18769,595,4,0.9990814924240112
NeuMF,2011,2011-12-31,18769,1032,5,0.9987998008728027
NeuMF,2011,2011-12-31,18769,1022,6,0.9986491799354553
NeuMF,2011,2011-12-31,18769,364,7,0.9976038336753845
NeuMF,2011,2011-12-31,18769,588,8,0.9975491166114807
NeuMF,2011,2011-12-31,18769,1025,9,0.9969071745872498
NeuMF,2011,2011-12-31,18769,616,10,0.996378481388092
NeuMF,2011,2011-12-31,18945,64622,1,0.9986897110939026
NeuMF,2011,2011-12-31,18945,4754,2,0.9979366064071655
NeuMF,2011,2011-12-31,18945,902,3,0.9976894855499268
NeuMF,2011,2011-12-31,18945,908,4,0.9957842230796814
NeuMF,2011,2011-12-31,18945,30816,5,0.9954050779342651
NeuMF,2011,2011-12-31,18945,55052,6,0.9953550100326538
NeuMF,2011,2011-12-31,18945,44694,7,0.9951788187026978
NeuMF,2011,2011-12-31,18945,50912,8,0.9941098690032959
NeuMF,2011,2011-12-31,18945,56367,9,0.9939259886741638
NeuMF,2011,2011-12-31,18945,5618,10,0.9936485886573792
NeuMF,2011,2011-12-31,18999,42723,1,0.9999394416809082
NeuMF,2011,2011-12-31,18999,5630,2,0.9993829727172852
NeuMF,2011,2011-12-31,18999,35836,3,0.9991750121116638
NeuMF,2011,2011-12-31,18999,44191,4,0.9985978007316589
NeuMF,2011,2011-12-31,18999,56174,5,0.9984328150749207
NeuMF,2011,2011-12-31,18999,7254,6,0.9984217882156372
NeuMF,2011,2011-12-31,18999,318,7,0.9981763362884521
NeuMF,2011,2011-12-31,18999,50442,8,0.998019814491272
NeuMF,2011,2011-12-31,18999,54503,9,0.9978070855140686
NeuMF,2011,2011-12-31,18999,546,10,0.9975112676620483
NeuMF,2011,2011-12-31,19010,6155,1,0.9999854564666748
NeuMF,2011,2011-12-31,19010,6266,2,0.999775230884552
NeuMF,2011,2011-12-31,19010,69406,3,0.9995278120040894
NeuMF,2011,2011-12-31,19010,4254,4,0.9994415640830994
NeuMF,2011,2011-12-31,19010,66203,5,0.9993488192558289
NeuMF,2011,2011-12-31,19010,56949,6,0.9992352724075317
NeuMF,2011,2011-12-31,19010,62265,7,0.9989890456199646
NeuMF,2011,2011-12-31,19010,4700,8,0.998955249786377
NeuMF,2011,2011-12-31,19010,6539,9,0.9988425374031067
NeuMF,2011,2011-12-31,19010,5957,10,0.9986812472343445
NeuMF,2011,2011-12-31,19097,69844,1,0.9996228218078613
NeuMF,2011,2011-12-31,19097,2724,2,0.9996205568313599
NeuMF,2011,2011-12-31,19097,531,3,0.9993171691894531
NeuMF,2011,2011-12-31,19097,8916,4,0.9990866184234619
NeuMF,2011,2011-12-31,19097,8362,5,0.9986492991447449
NeuMF,2011,2011-12-31,19097,53974,6,0.9979997277259827
NeuMF,2011,2011-12-31,19097,1888,7,0.9977557063102722
NeuMF,2011,2011-12-31,19097,2090,8,0.9968701004981995
NeuMF,2011,2011-12-31,19097,195,9,0.9968461394309998
NeuMF,2011,2011-12-31,19097,2485,10,0.9967281818389893
NeuMF,2011,2011-12-31,19237,64614,1,0.9994390606880188
NeuMF,2011,2011-12-31,19237,46322,2,0.9983088970184326
NeuMF,2011,2011-12-31,19237,49272,3,0.9979957342147827
NeuMF,2011,2011-12-31,19237,53550,4,0.9976108074188232
NeuMF,2011,2011-12-31,19237,7458,5,0.9969902038574219
NeuMF,2011,2011-12-31,19237,64034,6,0.9969295859336853
NeuMF,2011,2011-12-31,19237,54001,7,0.9966842532157898
NeuMF,2011,2011-12-31,19237,39183,8,0.9963659048080444
NeuMF,2011,2011-12-31,19237,34542,9,0.9962652325630188
NeuMF,2011,2011-12-31,19237,55290,10,0.9958359003067017
NeuMF,2011,2011-12-31,19535,52281,1,0.9998276233673096
NeuMF,2011,2011-12-31,19535,55765,2,0.9996813535690308
NeuMF,2011,2011-12-31,19535,55276,3,0.9996703863143921
NeuMF,2011,2011-12-31,19535,1212,4,0.9993188381195068
NeuMF,2011,2011-12-31,19535,54997,5,0.9991856217384338
NeuMF,2011,2011-12-31,19535,4262,6,0.998928964138031
NeuMF,2011,2011-12-31,19535,3683,7,0.998871386051178
NeuMF,2011,2011-12-31,19535,431,8,0.9988407492637634
NeuMF,2011,2011-12-31,19535,74156,9,0.9987758994102478
NeuMF,2011,2011-12-31,19535,57669,10,0.9985331296920776
NeuMF,2011,2011-12-31,19783,53972,1,0.9995043277740479
NeuMF,2011,2011-12-31,19783,57669,2,0.9984114170074463
NeuMF,2011,2011-12-31,19783,57368,3,0.9978864789009094
NeuMF,2011,2011-12-31,19783,69844,4,0.9971442818641663
NeuMF,2011,2011-12-31,19783,54736,5,0.9969481825828552
NeuMF,2011,2011-12-31,19783,55765,6,0.9965434670448303
NeuMF,2011,2011-12-31,19783,55080,7,0.9964219331741333
NeuMF,2011,2011-12-31,19783,63113,8,0.9958741068840027
NeuMF,2011,2011-12-31,19783,33166,9,0.9958263039588928
NeuMF,2011,2011-12-31,19783,58998,10,0.9956940412521362
NeuMF,2011,2011-12-31,20021,65682,1,0.9999445676803589
NeuMF,2011,2011-12-31,20021,67408,2,0.9997265934944153
NeuMF,2011,2011-12-31,20021,64030,3,0.9996141195297241
NeuMF,2011,2011-12-31,20021,63479,4,0.9995529055595398
NeuMF,2011,2011-12-31,20021,62376,5,0.999548614025116
NeuMF,2011,2011-12-31,20021,71530,6,0.9994875192642212
NeuMF,2011,2011-12-31,20021,79132,7,0.9994705319404602
NeuMF,2011,2011-12-31,20021,69757,8,0.999450147151947
NeuMF,2011,2011-12-31,20021,69406,9,0.9992187023162842
NeuMF,2011,2011-12-31,20021,52722,10,0.9990774393081665
NeuMF,2011,2011-12-31,20190,1246,1,0.9983371496200562
NeuMF,2011,2011-12-31,20190,6874,2,0.9981294274330139
NeuMF,2011,2011-12-31,20190,1291,3,0.9981135129928589
NeuMF,2011,2011-12-31,20190,46322,4,0.9979555606842041
NeuMF,2011,2011-12-31,20190,54995,5,0.9978237152099609
NeuMF,2011,2011-12-31,20190,1261,6,0.9975411891937256
NeuMF,2011,2011-12-31,20190,7373,7,0.9969905614852905
NeuMF,2011,2011-12-31,20190,520,8,0.9967308044433594
NeuMF,2011,2011-12-31,20190,6659,9,0.9965915679931641
NeuMF,2011,2011-12-31,20190,33004,10,0.9964175224304199
NeuMF,2011,2011-12-31,20484,3618,1,0.9995575547218323
NeuMF,2011,2011-12-31,20484,1959,2,0.9989074468612671
NeuMF,2011,2011-12-31,20484,3844,3,0.9988225102424622
NeuMF,2011,2011-12-31,20484,56788,4,0.9981436729431152
NeuMF,2011,2011-12-31,20484,1914,5,0.9979628324508667
NeuMF,2011,2011-12-31,20484,3831,6,0.9975541234016418
NeuMF,2011,2011-12-31,20484,1958,7,0.9975307583808899
NeuMF,2011,2011-12-31,20484,3161,8,0.9975042939186096
NeuMF,2011,2011-12-31,20484,1949,9,0.9973107576370239
NeuMF,2011,2011-12-31,20484,5339,10,0.9966409206390381
NeuMF,2011,2011-12-31,20561,1073,1,0.9610761404037476
NeuMF,2011,2011-12-31,20561,2804,2,0.9474897384643555
NeuMF,2011,2011-12-31,20561,1,3,0.9455406665802002
NeuMF,2011,2011-12-31,20561,1197,4,0.9212976694107056
NeuMF,2011,2011-12-31,20561,2716,5,0.9125241041183472
NeuMF,2011,2011-12-31,20561,1210,6,0.9046071171760559
NeuMF,2011,2011-12-31,20561,1968,7,0.9023388028144836
NeuMF,2011,2011-12-31,20561,3396,8,0.9006220102310181
NeuMF,2011,2011-12-31,20561,356,9,0.899682879447937
NeuMF,2011,2011-12-31,20561,551,10,0.8996429443359375
NeuMF,2011,2011-12-31,20750,64614,1,0.9998936653137207
NeuMF,2011,2011-12-31,20750,68554,2,0.9997697472572327
NeuMF,2011,2011-12-31,20750,74789,3,0.9994651675224304
NeuMF,2011,2011-12-31,20750,53129,4,0.9991326928138733
NeuMF,2011,2011-12-31,20750,73017,5,0.9991056323051453
NeuMF,2011,2011-12-31,20750,72479,6,0.9990814924240112
NeuMF,2011,2011-12-31,20750,69481,7,0.9990702271461487
NeuMF,2011,2011-12-31,20750,5608,8,0.9989782571792603
NeuMF,2011,2011-12-31,20750,6287,9,0.9981702566146851
NeuMF,2011,2011-12-31,20750,59315,10,0.9975889921188354
NeuMF,2011,2011-12-31,20878,33794,1,0.9998180270195007
NeuMF,2011,2011-12-31,20878,46322,2,0.9994138479232788
NeuMF,2011,2011-12-31,20878,45186,3,0.9991658926010132
NeuMF,2011,2011-12-31,20878,45722,4,0.9986625909805298
NeuMF,2011,2011-12-31,20878,4963,5,0.9985798597335815
NeuMF,2011,2011-12-31,20878,1201,6,0.9982811212539673
NeuMF,2011,2011-12-31,20878,8961,7,0.9982715845108032
NeuMF,2011,2011-12-31,20878,7143,8,0.9976392984390259
NeuMF,2011,2011-12-31,20878,858,9,0.9975607395172119
NeuMF,2011,2011-12-31,20878,7445,10,0.9974955916404724
NeuMF,2011,2011-12-31,21322,40581,1,0.9999008178710938
NeuMF,2011,2011-12-31,21322,27837,2,0.9999005794525146
NeuMF,2011,2011-12-31,21322,51575,3,0.9997976422309875
NeuMF,2011,2011-12-31,21322,5420,4,0.9997127652168274
NeuMF,2011,2011-12-31,21322,45672,5,0.9996800422668457
NeuMF,2011,2011-12-31,21322,58103,6,0.9996418952941895
NeuMF,2011,2011-12-31,21322,33158,7,0.9995643496513367
NeuMF,2011,2011-12-31,21322,51412,8,0.9994308352470398
NeuMF,2011,2011-12-31,21322,31685,9,0.9993333220481873
NeuMF,2011,2011-12-31,21322,8860,10,0.9991459846496582
NeuMF,2011,2011-12-31,21354,65682,1,0.9998505115509033
NeuMF,2011,2011-12-31,21354,8371,2,0.9993399977684021
NeuMF,2011,2011-12-31,21354,53464,3,0.9993348717689514
NeuMF,2011,2011-12-31,21354,1580,4,0.9991713762283325
NeuMF,2011,2011-12-31,21354,53996,5,0.9990274906158447
NeuMF,2011,2011-12-31,21354,7163,6,0.9989763498306274
NeuMF,2011,2011-12-31,21354,780,7,0.998815655708313
NeuMF,2011,2011-12-31,21354,42738,8,0.9987714886665344
NeuMF,2011,2011-12-31,21354,7254,9,0.9986953139305115
NeuMF,2011,2011-12-31,21354,46335,10,0.9986640214920044
NeuMF,2011,2011-12-31,21379,49286,1,0.998946487903595
NeuMF,2011,2011-12-31,21379,6944,2,0.9985587000846863
NeuMF,2011,2011-12-31,21379,4015,3,0.9980347752571106
NeuMF,2011,2011-12-31,21379,1777,4,0.9979467988014221
NeuMF,2011,2011-12-31,21379,2150,5,0.9973701238632202
NeuMF,2011,2011-12-31,21379,2431,6,0.9972906708717346
NeuMF,2011,2011-12-31,21379,1035,7,0.9972681999206543
NeuMF,2011,2011-12-31,21379,6863,8,0.997247040271759
NeuMF,2011,2011-12-31,21379,4226,9,0.9972043633460999
NeuMF,2011,2011-12-31,21379,4890,10,0.9966359734535217
NeuMF,2011,2011-12-31,21783,222,1,0.9996969699859619
NeuMF,2011,2011-12-31,21783,468,2,0.9977774024009705
NeuMF,2011,2011-12-31,21783,914,3,0.9967440366744995
NeuMF,2011,2011-12-31,21783,289,4,0.9959047436714172
NeuMF,2011,2011-12-31,21783,527,5,0.9957566857337952
NeuMF,2011,2011-12-31,21783,5380,6,0.9951992630958557
NeuMF,2011,2011-12-31,21783,2359,7,0.9949963092803955
NeuMF,2011,2011-12-31,21783,2243,8,0.9945371747016907
NeuMF,2011,2011-12-31,21783,6385,9,0.9943587183952332
NeuMF,2011,2011-12-31,21783,534,10,0.9936898946762085
NeuMF,2011,2011-12-31,22097,8644,1,0.9997108578681946
NeuMF,2011,2011-12-31,22097,5507,2,0.9994875192642212
NeuMF,2011,2011-12-31,22097,4963,3,0.999458372592926
NeuMF,2011,2011-12-31,22097,6373,4,0.9991458654403687
NeuMF,2011,2011-12-31,22097,8861,5,0.999040424823761
NeuMF,2011,2011-12-31,22097,6281,6,0.9989081621170044
NeuMF,2011,2011-12-31,22097,4776,7,0.998475968837738
NeuMF,2011,2011-12-31,22097,4878,8,0.9980064034461975
NeuMF,2011,2011-12-31,22097,4896,9,0.9978489875793457
NeuMF,2011,2011-12-31,22097,3826,10,0.997711181640625
NeuMF,2011,2011-12-31,22304,3677,1,0.9995112419128418
NeuMF,2011,2011-12-31,22304,3949,2,0.99947589635849
NeuMF,2011,2011-12-31,22304,48997,3,0.9993205070495605
NeuMF,2011,2011-12-31,22304,2329,4,0.9991629123687744
NeuMF,2011,2011-12-31,22304,475,5,0.9982686042785645
NeuMF,2011,2011-12-31,22304,6953,6,0.9980260133743286
NeuMF,2011,2011-12-31,22304,6016,7,0.9976420402526855
NeuMF,2011,2011-12-31,22304,31410,8,0.9968174695968628
NeuMF,2011,2011-12-31,22304,509,9,0.9966046810150146
NeuMF,2011,2011-12-31,22304,431,10,0.9962630867958069
NeuMF,2011,2011-12-31,22522,46578,1,0.9995372295379639
NeuMF,2011,2011-12-31,22522,55052,2,0.9990002512931824
NeuMF,2011,2011-12-31,22522,48385,3,0.9987027645111084
NeuMF,2011,2011-12-31,22522,43376,4,0.9986383318901062
NeuMF,2011,2011-12-31,22522,47202,5,0.9982833862304688
NeuMF,2011,2011-12-31,22522,36517,6,0.9981256127357483
NeuMF,2011,2011-12-31,22522,55276,7,0.9973817467689514
NeuMF,2011,2011-12-31,22522,39292,8,0.9969672560691833
NeuMF,2011,2011-12-31,22522,45210,9,0.996615469455719
NeuMF,2011,2011-12-31,22522,4226,10,0.9965704679489136
NeuMF,2011,2011-12-31,22535,555,1,0.9982287287712097
NeuMF,2011,2011-12-31,22535,39444,2,0.9982060194015503
NeuMF,2011,2011-12-31,22535,7044,3,0.9978746175765991
NeuMF,2011,2011-12-31,22535,319,4,0.9972732663154602
NeuMF,2011,2011-12-31,22535,6502,5,0.9972289204597473
NeuMF,2011,2011-12-31,22535,6870,6,0.9972077012062073
NeuMF,2011,2011-12-31,22535,50,7,0.9968572854995728
NeuMF,2011,2011-12-31,22535,2186,8,0.99672532081604
NeuMF,2011,2011-12-31,22535,36517,9,0.9964698553085327
NeuMF,2011,2011-12-31,22535,34542,10,0.9964178800582886
NeuMF,2011,2011-12-31,22545,48738,1,0.9998908042907715
NeuMF,2011,2011-12-31,22545,48516,2,0.9996918439865112
NeuMF,2011,2011-12-31,22545,58559,3,0.9993763566017151
NeuMF,2011,2011-12-31,22545,48997,4,0.9992871880531311
NeuMF,2011,2011-12-31,22545,49822,5,0.9991705417633057
NeuMF,2011,2011-12-31,22545,46723,6,0.9990699887275696
NeuMF,2011,2011-12-31,22545,30749,7,0.9990085959434509
NeuMF,2011,2011-12-31,22545,2959,8,0.998976469039917
NeuMF,2011,2011-12-31,22545,27831,9,0.9988458156585693
NeuMF,2011,2011-12-31,22545,72011,10,0.9988083839416504
NeuMF,2011,2011-12-31,22644,62374,1,0.9994899034500122
NeuMF,2011,2011-12-31,22644,48780,2,0.9991662502288818
NeuMF,2011,2011-12-31,22644,5219,3,0.9981343150138855
NeuMF,2011,2011-12-31,22644,69481,4,0.997041642665863
NeuMF,2011,2011-12-31,22644,63113,5,0.9961318969726562
NeuMF,2011,2011-12-31,22644,51662,6,0.99607253074646
NeuMF,2011,2011-12-31,22644,4011,7,0.9954664707183838
NeuMF,2011,2011-12-31,22644,5574,8,0.9948805570602417
NeuMF,2011,2011-12-31,22644,6333,9,0.9947401881217957
NeuMF,2011,2011-12-31,22644,4963,10,0.9944406151771545
NeuMF,2011,2011-12-31,23247,7254,1,0.9986321330070496
NeuMF,2011,2011-12-31,23247,193,2,0.9984263181686401
NeuMF,2011,2011-12-31,23247,8961,3,0.998363196849823
NeuMF,2011,2011-12-31,23247,8360,4,0.9982454776763916
NeuMF,2011,2011-12-31,23247,33493,5,0.9982295632362366
NeuMF,2011,2011-12-31,23247,6979,6,0.9981346130371094
NeuMF,2011,2011-12-31,23247,44191,7,0.997749388217926
NeuMF,2011,2011-12-31,23247,7389,8,0.9976882934570312
NeuMF,2011,2011-12-31,23247,33794,9,0.99736088514328
NeuMF,2011,2011-12-31,23247,5349,10,0.9973556995391846
NeuMF,2011,2011-12-31,23582,55267,1,0.9989100694656372
NeuMF,2011,2011-12-31,23582,8972,2,0.9984214305877686
NeuMF,2011,2011-12-31,23582,54997,3,0.9982680082321167
NeuMF,2011,2011-12-31,23582,2770,4,0.9982477426528931
NeuMF,2011,2011-12-31,23582,8949,5,0.9981504082679749
NeuMF,2011,2011-12-31,23582,52,6,0.9978931546211243
NeuMF,2011,2011-12-31,23582,53129,7,0.9976243376731873
NeuMF,2011,2011-12-31,23582,8984,8,0.9974603652954102
NeuMF,2011,2011-12-31,23582,58998,9,0.9974332451820374
NeuMF,2011,2011-12-31,23582,4803,10,0.997338593006134
NeuMF,2011,2011-12-31,23589,49530,1,0.9999372959136963
NeuMF,2011,2011-12-31,23589,47099,2,0.9999138116836548
NeuMF,2011,2011-12-31,23589,62374,3,0.999849796295166
NeuMF,2011,2011-12-31,23589,55908,4,0.9997777342796326
NeuMF,2011,2011-12-31,23589,7254,5,0.9997519850730896
NeuMF,2011,2011-12-31,23589,8533,6,0.9997410178184509
NeuMF,2011,2011-12-31,23589,51662,7,0.9996869564056396
NeuMF,2011,2011-12-31,23589,49278,8,0.999660849571228
NeuMF,2011,2011-12-31,23589,5903,9,0.999580442905426
NeuMF,2011,2011-12-31,23589,53972,10,0.9995688796043396
NeuMF,2011,2011-12-31,23636,8969,1,0.9999809265136719
NeuMF,2011,2011-12-31,23636,5135,2,0.9998989105224609
NeuMF,2011,2011-12-31,23636,32591,3,0.9997568726539612
NeuMF,2011,2011-12-31,23636,8533,4,0.9995986819267273
NeuMF,2011,2011-12-31,23636,41571,5,0.9992419481277466
NeuMF,2011,2011-12-31,23636,7151,6,0.9986771941184998
NeuMF,2011,2011-12-31,23636,232,7,0.9984583854675293
NeuMF,2011,2011-12-31,23636,49961,8,0.9978411197662354
NeuMF,2011,2011-12-31,23636,1131,9,0.9977272152900696
NeuMF,2011,2011-12-31,23636,8341,10,0.9976611137390137
NeuMF,2011,2011-12-31,23918,101,1,0.9998281002044678
NeuMF,2011,2011-12-31,23918,866,2,0.9996065497398376
NeuMF,2011,2011-12-31,23918,35836,3,0.9980930685997009
NeuMF,2011,2011-12-31,23918,44199,4,0.9979609251022339
NeuMF,2011,2011-12-31,23918,2253,5,0.9979155659675598
NeuMF,2011,2011-12-31,23918,66509,6,0.9975091218948364
NeuMF,2011,2011-12-31,23918,58998,7,0.9974979758262634
NeuMF,2011,2011-12-31,23918,165,8,0.9973166584968567
NeuMF,2011,2011-12-31,23918,53996,9,0.9969325065612793
NeuMF,2011,2011-12-31,23918,51255,10,0.9967466592788696
NeuMF,2011,2011-12-31,24732,27478,1,0.9994342923164368
NeuMF,2011,2011-12-31,24732,3581,2,0.999284565448761
NeuMF,2011,2011-12-31,24732,69,3,0.999035120010376
NeuMF,2011,2011-12-31,24732,3198,4,0.9988127946853638
NeuMF,2011,2011-12-31,24732,2301,5,0.9978051781654358
NeuMF,2011,2011-12-31,24732,1589,6,0.9976072311401367
NeuMF,2011,2011-12-31,24732,58295,7,0.9976022839546204
NeuMF,2011,2011-12-31,24732,6104,8,0.9974040389060974
NeuMF,2011,2011-12-31,24732,5954,9,0.9972559809684753
NeuMF,2011,2011-12-31,24732,27831,10,0.9971885085105896
NeuMF,2011,2011-12-31,24826,43396,1,0.9973782300949097
NeuMF,2011,2011-12-31,24826,2628,2,0.9972436428070068
NeuMF,2011,2011-12-31,24826,1207,3,0.9966903924942017
NeuMF,2011,2011-12-31,24826,3897,4,0.9966570138931274
NeuMF,2011,2011-12-31,24826,34,5,0.996416449546814
NeuMF,2011,2011-12-31,24826,5378,6,0.995935320854187
NeuMF,2011,2011-12-31,24826,3793,7,0.9957279562950134
NeuMF,2011,2011-12-31,24826,671,8,0.9956432580947876
NeuMF,2011,2011-12-31,24826,2291,9,0.9954138994216919
NeuMF,2011,2011-12-31,24826,2502,10,0.9950320720672607
NeuMF,2011,2011-12-31,24830,2942,1,0.9990769624710083
NeuMF,2011,2011-12-31,24830,4152,2,0.9988724589347839
NeuMF,2011,2011-12-31,24830,2739,3,0.9988160133361816
NeuMF,2011,2011-12-31,24830,1948,4,0.9983028173446655
NeuMF,2011,2011-12-31,24830,3037,5,0.9981210827827454
NeuMF,2011,2011-12-31,24830,2067,6,0.9975141286849976
NeuMF,2011,2011-12-31,24830,1177,7,0.9971211552619934
NeuMF,2011,2011-12-31,24830,3260,8,0.9970930814743042
NeuMF,2011,2011-12-31,24830,5135,9,0.996489942073822
NeuMF,2011,2011-12-31,24830,944,10,0.9959868788719177
NeuMF,2011,2011-12-31,25057,79132,1,0.9999719858169556
NeuMF,2011,2011-12-31,25057,69844,2,0.9999524354934692
NeuMF,2011,2011-12-31,25057,70286,3,0.9999376535415649
NeuMF,2011,2011-12-31,25057,68157,4,0.9998615980148315
NeuMF,2011,2011-12-31,25057,78499,5,0.9998592138290405
NeuMF,2011,2011-12-31,25057,64957,6,0.9996598958969116
NeuMF,2011,2011-12-31,25057,68358,7,0.9995893836021423
NeuMF,2011,2011-12-31,25057,64620,8,0.999497652053833
NeuMF,2011,2011-12-31,25057,76093,9,0.9994144439697266
NeuMF,2011,2011-12-31,25057,68554,10,0.9992974996566772
NeuMF,2011,2011-12-31,25266,1255,1,0.9998494386672974
NeuMF,2011,2011-12-31,25266,68952,2,0.9995494484901428
NeuMF,2011,2011-12-31,25266,46965,3,0.9994636178016663
NeuMF,2011,2011-12-31,25266,74458,4,0.9991421699523926
NeuMF,2011,2011-12-31,25266,2403,5,0.9990206956863403
NeuMF,2011,2011-12-31,25266,3693,6,0.9985986351966858
NeuMF,2011,2011-12-31,25266,3535,7,0.9983742237091064
NeuMF,2011,2011-12-31,25266,31410,8,0.9979751706123352
NeuMF,2011,2011-12-31,25266,8132,9,0.9974104762077332
NeuMF,2011,2011-12-31,25266,4754,10,0.9973948001861572
NeuMF,2011,2011-12-31,25283,27700,1,0.9994097948074341
NeuMF,2011,2011-12-31,25283,4226,2,0.9974823594093323
NeuMF,2011,2011-12-31,25283,1219,3,0.9974422454833984
NeuMF,2011,2011-12-31,25283,6016,4,0.9974049925804138
NeuMF,2011,2011-12-31,25283,1333,5,0.9972379207611084
NeuMF,2011,2011-12-31,25283,68157,6,0.9968942403793335
NeuMF,2011,2011-12-31,25283,6242,7,0.9967101812362671
NeuMF,2011,2011-12-31,25283,7323,8,0.9966687560081482
NeuMF,2011,2011-12-31,25283,4963,9,0.9965503215789795
NeuMF,2011,2011-12-31,25283,3703,10,0.9963904023170471
NeuMF,2011,2011-12-31,25383,60069,1,0.999893307685852
NeuMF,2011,2011-12-31,25383,68954,2,0.9997861981391907
NeuMF,2011,2011-12-31,25383,69481,3,0.999738872051239
NeuMF,2011,2011-12-31,25383,6539,4,0.9996386766433716
NeuMF,2011,2011-12-31,25383,64620,5,0.9996315240859985
NeuMF,2011,2011-12-31,25383,64614,6,0.9993746876716614
NeuMF,2011,2011-12-31,25383,44195,7,0.9992647767066956
NeuMF,2011,2011-12-31,25383,356,8,0.9992067217826843
NeuMF,2011,2011-12-31,25383,60684,9,0.9990608096122742
NeuMF,2011,2011-12-31,25383,4886,10,0.998997151851654
NeuMF,2011,2011-12-31,25480,1678,1,0.9994852542877197
NeuMF,2011,2011-12-31,25480,3179,2,0.9994173049926758
NeuMF,2011,2011-12-31,25480,4095,3,0.9988617897033691
NeuMF,2011,2011-12-31,25480,2312,4,0.9985548853874207
NeuMF,2011,2011-12-31,25480,6385,5,0.9977272152900696
NeuMF,2011,2011-12-31,25480,230,6,0.9974229335784912
NeuMF,2011,2011-12-31,25480,2467,7,0.9974070191383362
NeuMF,2011,2011-12-31,25480,3906,8,0.9972648620605469
NeuMF,2011,2011-12-31,25480,4508,9,0.9972350001335144
NeuMF,2011,2011-12-31,25480,1096,10,0.9966226816177368
NeuMF,2011,2011-12-31,25516,2959,1,0.9989114999771118
NeuMF,2011,2011-12-31,25516,1240,2,0.9987826943397522
NeuMF,2011,2011-12-31,25516,1196,3,0.9984837174415588
NeuMF,2011,2011-12-31,25516,2716,4,0.9982825517654419
NeuMF,2011,2011-12-31,25516,2115,5,0.9981563687324524
NeuMF,2011,2011-12-31,25516,858,6,0.9979838132858276
NeuMF,2011,2011-12-31,25516,1391,7,0.9979172348976135
NeuMF,2011,2011-12-31,25516,1222,8,0.997870922088623
NeuMF,2011,2011-12-31,25516,2987,9,0.9977481961250305
NeuMF,2011,2011-12-31,25516,1214,10,0.9976761937141418
NeuMF,2011,2011-12-31,25944,6975,1,0.9995953440666199
NeuMF,2011,2011-12-31,25944,62374,2,0.9989522695541382
NeuMF,2011,2011-12-31,25944,1627,3,0.9978699684143066
NeuMF,2011,2011-12-31,25944,27700,4,0.997300922870636
NeuMF,2011,2011-12-31,25944,4640,5,0.9972317814826965
NeuMF,2011,2011-12-31,25944,3992,6,0.9968695044517517
NeuMF,2011,2011-12-31,25944,522,7,0.9964130520820618
NeuMF,2011,2011-12-31,25944,3250,8,0.9962301850318909
NeuMF,2011,2011-12-31,25944,5093,9,0.9955397248268127
NeuMF,2011,2011-12-31,25944,27482,10,0.995223343372345
NeuMF,2011,2011-12-31,26048,47629,1,0.999800980091095
NeuMF,2011,2011-12-31,26048,3546,2,0.9993429780006409
NeuMF,2011,2011-12-31,26048,3251,3,0.9992930889129639
NeuMF,2011,2011-12-31,26048,3011,4,0.9992515444755554
NeuMF,2011,2011-12-31,26048,42732,5,0.9992165565490723
NeuMF,2011,2011-12-31,26048,2690,6,0.9989675283432007
NeuMF,2011,2011-12-31,26048,281,7,0.9987977743148804
NeuMF,2011,2011-12-31,26048,1096,8,0.9986525177955627
NeuMF,2011,2011-12-31,26048,3296,9,0.998608410358429
NeuMF,2011,2011-12-31,26048,45501,10,0.9980996251106262
NeuMF,2011,2011-12-31,26576,8191,1,0.9997872710227966
NeuMF,2011,2011-12-31,26576,5135,2,0.9996957778930664
NeuMF,2011,2011-12-31,26576,6671,3,0.9995881915092468
NeuMF,2011,2011-12-31,26576,6796,4,0.9994352459907532
NeuMF,2011,2011-12-31,26576,6777,5,0.9992038607597351
NeuMF,2011,2011-12-31,26576,4703,6,0.9991613626480103
NeuMF,2011,2011-12-31,26576,3347,7,0.999119222164154
NeuMF,2011,2011-12-31,26576,2648,8,0.9990580677986145
NeuMF,2011,2011-12-31,26576,2973,9,0.9989702701568604
NeuMF,2011,2011-12-31,26576,3095,10,0.9987940788269043
NeuMF,2011,2011-12-31,26817,150,1,0.9995582699775696
NeuMF,2011,2011-12-31,26817,595,2,0.9994654059410095
NeuMF,2011,2011-12-31,26817,4306,3,0.9989995360374451
NeuMF,2011,2011-12-31,26817,2762,4,0.9989606142044067
NeuMF,2011,2011-12-31,26817,317,5,0.9986648559570312
NeuMF,2011,2011-12-31,26817,588,6,0.9986498951911926
NeuMF,2011,2011-12-31,26817,377,7,0.998532772064209
NeuMF,2011,2011-12-31,26817,1918,8,0.9981539845466614
NeuMF,2011,2011-12-31,26817,508,9,0.9978376030921936
NeuMF,2011,2011-12-31,26817,3147,10,0.9976494908332825
NeuMF,2011,2011-12-31,26865,48997,1,0.9999170303344727
NeuMF,2011,2011-12-31,26865,59037,2,0.9996949434280396
NeuMF,2011,2011-12-31,26865,2959,3,0.9994820952415466
NeuMF,2011,2011-12-31,26865,49530,4,0.998570442199707
NeuMF,2011,2011-12-31,26865,4308,5,0.9980376362800598
NeuMF,2011,2011-12-31,26865,48738,6,0.9976481795310974
NeuMF,2011,2011-12-31,26865,4226,7,0.9973588585853577
NeuMF,2011,2011-12-31,26865,5388,8,0.9969282746315002
NeuMF,2011,2011-12-31,26865,48780,9,0.9968392848968506
NeuMF,2011,2011-12-31,26865,51662,10,0.9967682361602783
NeuMF,2011,2011-12-31,27046,4019,1,0.9985396862030029
NeuMF,2011,2011-12-31,27046,1393,2,0.998401939868927
NeuMF,2011,2011-12-31,27046,2618,3,0.9982854723930359
NeuMF,2011,2011-12-31,27046,1704,4,0.9971221089363098
NeuMF,2011,2011-12-31,27046,3114,5,0.9970378875732422
NeuMF,2011,2011-12-31,27046,3160,6,0.9969204664230347
NeuMF,2011,2011-12-31,27046,4022,7,0.9959751963615417
NeuMF,2011,2011-12-31,27046,1,8,0.995962917804718
NeuMF,2011,2011-12-31,27046,1449,9,0.994806706905365
NeuMF,2011,2011-12-31,27046,1732,10,0.9946082830429077
NeuMF,2011,2011-12-31,27127,1022,1,0.9997846484184265
NeuMF,2011,2011-12-31,27127,904,2,0.9997358918190002
NeuMF,2011,2011-12-31,27127,1214,3,0.9994950294494629
NeuMF,2011,2011-12-31,27127,926,4,0.999450147151947
NeuMF,2011,2011-12-31,27127,919,5,0.998786985874176
NeuMF,2011,2011-12-31,27127,2080,6,0.9986760020256042
NeuMF,2011,2011-12-31,27127,1198,7,0.9985442161560059
NeuMF,2011,2011-12-31,27127,595,8,0.9984179735183716
NeuMF,2011,2011-12-31,27127,1270,9,0.9983729124069214
NeuMF,2011,2011-12-31,27127,1029,10,0.9983433485031128
NeuMF,2011,2011-12-31,27247,57669,1,0.9997900128364563
NeuMF,2011,2011-12-31,27247,49530,2,0.999666690826416
NeuMF,2011,2011-12-31,27247,46976,3,0.9995953440666199
NeuMF,2011,2011-12-31,27247,69122,4,0.9995554089546204
NeuMF,2011,2011-12-31,27247,60069,5,0.9993775486946106
NeuMF,2011,2011-12-31,27247,441,6,0.9991769194602966
NeuMF,2011,2011-12-31,27247,48738,7,0.999123752117157
NeuMF,2011,2011-12-31,27247,3210,8,0.9989159107208252
NeuMF,2011,2011-12-31,27247,6539,9,0.9988941550254822
NeuMF,2011,2011-12-31,27247,2302,10,0.9987247586250305
NeuMF,2011,2011-12-31,27567,54995,1,0.9997877478599548
NeuMF,2011,2011-12-31,27567,7438,2,0.9996316432952881
NeuMF,2011,2011-12-31,27567,60074,3,0.999549925327301
NeuMF,2011,2011-12-31,27567,45186,4,0.9993563294410706
NeuMF,2011,2011-12-31,27567,8526,5,0.9992413520812988
NeuMF,2011,2011-12-31,27567,7981,6,0.9991793036460876
NeuMF,2011,2011-12-31,27567,7482,7,0.9990946054458618
NeuMF,2011,2011-12-31,27567,53519,8,0.9988722205162048
NeuMF,2011,2011-12-31,27567,8928,9,0.9988300204277039
NeuMF,2011,2011-12-31,27567,58295,10,0.9988173842430115
NeuMF,2011,2011-12-31,27573,928,1,0.9999829530715942
NeuMF,2011,2011-12-31,27573,916,2,0.9998519420623779
NeuMF,2011,2011-12-31,27573,915,3,0.9997373223304749
NeuMF,2011,2011-12-31,27573,936,4,0.9996951818466187
NeuMF,2011,2011-12-31,27573,911,5,0.9996417760848999
NeuMF,2011,2011-12-31,27573,906,6,0.9994903802871704
NeuMF,2011,2011-12-31,27573,902,7,0.9994606375694275
NeuMF,2011,2011-12-31,27573,904,8,0.9994065761566162
NeuMF,2011,2011-12-31,27573,838,9,0.9993576407432556
NeuMF,2011,2011-12-31,27573,2208,10,0.9993473887443542
NeuMF,2011,2011-12-31,27729,345,1,0.9996551275253296
NeuMF,2011,2011-12-31,27729,2764,2,0.9992921352386475
NeuMF,2011,2011-12-31,27729,1179,3,0.9990649819374084
NeuMF,2011,2011-12-31,27729,3019,4,0.9984729886054993
NeuMF,2011,2011-12-31,27729,52,5,0.9976614713668823
NeuMF,2011,2011-12-31,27729,1081,6,0.9975455403327942
NeuMF,2011,2011-12-31,27729,532,7,0.9968121647834778
NeuMF,2011,2011-12-31,27729,1267,8,0.9966161847114563
NeuMF,2011,2011-12-31,27729,518,9,0.9965110421180725
NeuMF,2011,2011-12-31,27729,3545,10,0.9961918592453003
NeuMF,2011,2011-12-31,27779,35836,1,0.9996373653411865
NeuMF,2011,2011-12-31,27779,4571,2,0.9987350106239319
NeuMF,2011,2011-12-31,27779,2144,3,0.9984478950500488
NeuMF,2011,2011-12-31,27779,6539,4,0.9983658194541931
NeuMF,2011,2011-12-31,27779,2371,5,0.9983394145965576
NeuMF,2011,2011-12-31,27779,3360,6,0.9976008534431458
NeuMF,2011,2011-12-31,27779,2302,7,0.9973076581954956
NeuMF,2011,2011-12-31,27779,4489,8,0.996855616569519
NeuMF,2011,2011-12-31,27779,2423,9,0.9960250854492188
NeuMF,2011,2011-12-31,27779,1587,10,0.9959322810173035
NeuMF,2011,2011-12-31,28232,44191,1,0.9988013505935669
NeuMF,2011,2011-12-31,28232,33679,2,0.9986496567726135
NeuMF,2011,2011-12-31,28232,59594,3,0.9978381991386414
NeuMF,2011,2011-12-31,28232,7438,4,0.9976379871368408
NeuMF,2011,2011-12-31,28232,64983,5,0.9975436329841614
NeuMF,2011,2011-12-31,28232,49347,6,0.9974892139434814
NeuMF,2011,2011-12-31,28232,9010,7,0.9974125027656555
NeuMF,2011,2011-12-31,28232,69122,8,0.9968060255050659
NeuMF,2011,2011-12-31,28232,7448,9,0.9965207576751709
NeuMF,2011,2011-12-31,28232,56788,10,0.9963726997375488
NeuMF,2011,2011-12-31,28284,7587,1,0.9998160004615784
NeuMF,2011,2011-12-31,28284,4426,2,0.9996355772018433
NeuMF,2011,2011-12-31,28284,7926,3,0.9995096921920776
NeuMF,2011,2011-12-31,28284,3741,4,0.9995062351226807
NeuMF,2011,2011-12-31,28284,25999,5,0.9994520545005798
NeuMF,2011,2011-12-31,28284,6987,6,0.9992961883544922
NeuMF,2011,2011-12-31,28284,7300,7,0.9992896318435669
NeuMF,2011,2011-12-31,28284,5062,8,0.9989107847213745
NeuMF,2011,2011-12-31,28284,4278,9,0.9988313317298889
NeuMF,2011,2011-12-31,28284,2702,10,0.9987192153930664
NeuMF,2011,2011-12-31,28293,58299,1,0.9995337724685669
NeuMF,2011,2011-12-31,28293,2059,2,0.9988487958908081
NeuMF,2011,2011-12-31,28293,595,3,0.9983420372009277
NeuMF,2011,2011-12-31,28293,3396,4,0.9977889060974121
NeuMF,2011,2011-12-31,28293,54001,5,0.9976818561553955
NeuMF,2011,2011-12-31,28293,2125,6,0.997221827507019
NeuMF,2011,2011-12-31,28293,54286,7,0.9966719150543213
NeuMF,2011,2011-12-31,28293,5952,8,0.9961036443710327
NeuMF,2011,2011-12-31,28293,70293,9,0.9960105419158936
NeuMF,2011,2011-12-31,28293,1907,10,0.9955691695213318
NeuMF,2011,2011-12-31,28383,6539,1,0.9994794726371765
NeuMF,2011,2011-12-31,28383,44191,2,0.9994301199913025
NeuMF,2011,2011-12-31,28383,33794,3,0.9990043044090271
NeuMF,2011,2011-12-31,28383,56367,4,0.9987163543701172
NeuMF,2011,2011-12-31,28383,4226,5,0.9985860586166382
NeuMF,2011,2011-12-31,28383,55820,6,0.9985404014587402
NeuMF,2011,2011-12-31,28383,1291,7,0.9982602000236511
NeuMF,2011,2011-12-31,28383,60684,8,0.9980869293212891
NeuMF,2011,2011-12-31,28383,50872,9,0.9980210065841675
NeuMF,2011,2011-12-31,28383,7153,10,0.9979593753814697
NeuMF,2011,2011-12-31,28604,7323,1,0.9999428987503052
NeuMF,2011,2011-12-31,28604,34437,2,0.9995967745780945
NeuMF,2011,2011-12-31,28604,31658,3,0.9995657801628113
NeuMF,2011,2011-12-31,28604,5618,4,0.9995585083961487
NeuMF,2011,2011-12-31,28604,6620,5,0.9993605017662048
NeuMF,2011,2011-12-31,28604,44555,6,0.9992585778236389
NeuMF,2011,2011-12-31,28604,6874,7,0.9992098808288574
NeuMF,2011,2011-12-31,28604,7143,8,0.9990202188491821
NeuMF,2011,2011-12-31,28604,27727,9,0.9983038902282715
NeuMF,2011,2011-12-31,28604,61236,10,0.9978408813476562
NeuMF,2011,2011-12-31,28759,27773,1,0.9999706745147705
NeuMF,2011,2011-12-31,28759,51086,2,0.9995515942573547
NeuMF,2011,2011-12-31,28759,64957,3,0.999515175819397
NeuMF,2011,2011-12-31,28759,55820,4,0.9994789958000183
NeuMF,2011,2011-12-31,28759,51662,5,0.9994774460792542
NeuMF,2011,2011-12-31,28759,1201,6,0.9990918636322021
NeuMF,2011,2011-12-31,28759,48780,7,0.9989989399909973
NeuMF,2011,2011-12-31,28759,49530,8,0.998993456363678
NeuMF,2011,2011-12-31,28759,48997,9,0.998875081539154
NeuMF,2011,2011-12-31,28759,33660,10,0.998685896396637
NeuMF,2011,2011-12-31,28776,27156,1,0.9996806383132935
NeuMF,2011,2011-12-31,28776,968,2,0.9992930889129639
NeuMF,2011,2011-12-31,28776,1274,3,0.9991436004638672
NeuMF,2011,2011-12-31,28776,59126,4,0.9990429282188416
NeuMF,2011,2011-12-31,28776,27904,5,0.9986202716827393
NeuMF,2011,2011-12-31,28776,29,6,0.998345136642456
NeuMF,2011,2011-12-31,28776,51662,7,0.9983200430870056
NeuMF,2011,2011-12-31,28776,68237,8,0.9980834722518921
NeuMF,2011,2011-12-31,28776,2232,9,0.9980350136756897
NeuMF,2011,2011-12-31,28776,1921,10,0.9976143836975098
NeuMF,2011,2011-12-31,28909,1178,1,0.9998254179954529
NeuMF,2011,2011-12-31,28909,5291,2,0.9996242523193359
NeuMF,2011,2011-12-31,28909,27773,3,0.9991257786750793
NeuMF,2011,2011-12-31,28909,1260,4,0.9986121654510498
NeuMF,2011,2011-12-31,28909,26587,5,0.9986037611961365
NeuMF,2011,2011-12-31,28909,6440,6,0.9983939528465271
NeuMF,2011,2011-12-31,28909,306,7,0.9983426332473755
NeuMF,2011,2011-12-31,28909,71033,8,0.997584342956543
NeuMF,2011,2011-12-31,28909,2692,9,0.9974225759506226
NeuMF,2011,2011-12-31,28909,307,10,0.9969107508659363
NeuMF,2011,2011-12-31,29524,56715,1,0.9998975992202759
NeuMF,2011,2011-12-31,29524,7022,2,0.999864935874939
NeuMF,2011,2011-12-31,29524,27773,3,0.9998180270195007
NeuMF,2011,2011-12-31,29524,48043,4,0.9998117089271545
NeuMF,2011,2011-12-31,29524,50912,5,0.9994847774505615
NeuMF,2011,2011-12-31,29524,8638,6,0.9994533658027649
NeuMF,2011,2011-12-31,29524,69134,7,0.9994089603424072
NeuMF,2011,2011-12-31,29524,8914,8,0.9992874264717102
NeuMF,2011,2011-12-31,29524,48774,9,0.9992825388908386
NeuMF,2011,2011-12-31,29524,61240,10,0.9992793202400208
NeuMF,2011,2011-12-31,29526,8930,1,0.9998766183853149
NeuMF,2011,2011-12-31,29526,6773,2,0.9998563528060913
NeuMF,2011,2011-12-31,29526,50842,3,0.9996789693832397
NeuMF,2011,2011-12-31,29526,3676,4,0.9996271133422852
NeuMF,2011,2011-12-31,29526,7460,5,0.9988725781440735
NeuMF,2011,2011-12-31,29526,27731,6,0.9988030195236206
NeuMF,2011,2011-12-31,29526,36401,7,0.9987021684646606
NeuMF,2011,2011-12-31,29526,8134,8,0.9985089898109436
NeuMF,2011,2011-12-31,29526,4993,9,0.9984598159790039
NeuMF,2011,2011-12-31,29526,8327,10,0.9984256029129028
NeuMF,2011,2011-12-31,29551,49422,1,0.9994981288909912
NeuMF,2011,2011-12-31,29551,7381,2,0.9986664056777954
NeuMF,2011,2011-12-31,29551,6743,3,0.9985353946685791
NeuMF,2011,2011-12-31,29551,8641,4,0.9983579516410828
NeuMF,2011,2011-12-31,29551,62434,5,0.9982472658157349
NeuMF,2011,2011-12-31,29551,69,6,0.9981403350830078
NeuMF,2011,2011-12-31,29551,46959,7,0.9980084300041199
NeuMF,2011,2011-12-31,29551,7147,8,0.9978997707366943
NeuMF,2011,2011-12-31,29551,39444,9,0.9974944591522217
NeuMF,2011,2011-12-31,29551,55814,10,0.9964338541030884
NeuMF,2011,2011-12-31,29608,51540,1,0.9998307228088379
NeuMF,2011,2011-12-31,29608,50068,2,0.999768078327179
NeuMF,2011,2011-12-31,29608,8949,3,0.9994733929634094
NeuMF,2011,2011-12-31,29608,8207,4,0.9994356036186218
NeuMF,2011,2011-12-31,29608,55765,5,0.9991194605827332
NeuMF,2011,2011-12-31,29608,39183,6,0.9990730285644531
NeuMF,2011,2011-12-31,29608,46723,7,0.9987071752548218
NeuMF,2011,2011-12-31,29608,44199,8,0.9986444115638733
NeuMF,2011,2011-12-31,29608,54286,9,0.9985913634300232
NeuMF,2011,2011-12-31,29608,480,10,0.9983121156692505
NeuMF,2011,2011-12-31,29623,49314,1,0.9998645782470703
NeuMF,2011,2011-12-31,29623,33725,2,0.9997112154960632
NeuMF,2011,2011-12-31,29623,4963,3,0.9996470212936401
NeuMF,2011,2011-12-31,29623,56367,4,0.9995712637901306
NeuMF,2011,2011-12-31,29623,48516,5,0.9994196891784668
NeuMF,2011,2011-12-31,29623,55765,6,0.9994029998779297
NeuMF,2011,2011-12-31,29623,56587,7,0.9993957281112671
NeuMF,2011,2011-12-31,29623,69784,8,0.9992934465408325
NeuMF,2011,2011-12-31,29623,7254,9,0.9990191459655762
NeuMF,2011,2011-12-31,29623,62999,10,0.9988574981689453
NeuMF,2011,2011-12-31,30157,5385,1,0.999815046787262
NeuMF,2011,2011-12-31,30157,3135,2,0.9993023872375488
NeuMF,2011,2011-12-31,30157,7156,3,0.9991483688354492
NeuMF,2011,2011-12-31,30157,608,4,0.9989436268806458
NeuMF,2011,2011-12-31,30157,4033,5,0.998863697052002
NeuMF,2011,2011-12-31,30157,3181,6,0.9982427358627319
NeuMF,2011,2011-12-31,30157,4021,7,0.9978860020637512
NeuMF,2011,2011-12-31,30157,7158,8,0.9975305199623108
NeuMF,2011,2011-12-31,30157,2433,9,0.9974822402000427
NeuMF,2011,2011-12-31,30157,3384,10,0.9969559907913208
NeuMF,2011,2011-12-31,30250,55946,1,0.9999644756317139
NeuMF,2011,2011-12-31,30250,51575,2,0.9999334812164307
NeuMF,2011,2011-12-31,30250,5378,3,0.9992889165878296
NeuMF,2011,2011-12-31,30250,56885,4,0.9991445541381836
NeuMF,2011,2011-12-31,30250,46322,5,0.9990577101707458
NeuMF,2011,2011-12-31,30250,70599,6,0.9989756345748901
NeuMF,2011,2011-12-31,30250,34332,7,0.9985578656196594
NeuMF,2011,2011-12-31,30250,54780,8,0.99835205078125
NeuMF,2011,2011-12-31,30250,45517,9,0.9980877041816711
NeuMF,2011,2011-12-31,30250,79139,10,0.9979811310768127
NeuMF,2011,2011-12-31,30559,8966,1,0.9981839060783386
NeuMF,2011,2011-12-31,30559,57243,2,0.9978087544441223
NeuMF,2011,2011-12-31,30559,8638,3,0.9969419836997986
NeuMF,2011,2011-12-31,30559,56389,4,0.9968286156654358
NeuMF,2011,2011-12-31,30559,3556,5,0.996300458908081
NeuMF,2011,2011-12-31,30559,76763,6,0.9956704378128052
NeuMF,2011,2011-12-31,30559,58376,7,0.9951766729354858
NeuMF,2011,2011-12-31,30559,76251,8,0.9944972395896912
NeuMF,2011,2011-12-31,30559,60069,9,0.9934849143028259
NeuMF,2011,2011-12-31,30559,71033,10,0.9932261109352112
NeuMF,2011,2011-12-31,30684,8253,1,0.9987704157829285
NeuMF,2011,2011-12-31,30684,2528,2,0.998408854007721
NeuMF,2011,2011-12-31,30684,610,3,0.997870683670044
NeuMF,2011,2011-12-31,30684,2810,4,0.9978321194648743
NeuMF,2011,2011-12-31,30684,2916,5,0.997708797454834
NeuMF,2011,2011-12-31,30684,2140,6,0.9965593218803406
NeuMF,2011,2011-12-31,30684,3704,7,0.995914876461029
NeuMF,2011,2011-12-31,30684,442,8,0.9957306981086731
NeuMF,2011,2011-12-31,30684,3008,9,0.9954311847686768
NeuMF,2011,2011-12-31,30684,7925,10,0.9954245686531067
NeuMF,2011,2011-12-31,30786,37731,1,0.9978306889533997
NeuMF,2011,2011-12-31,30786,45431,2,0.9977339506149292
NeuMF,2011,2011-12-31,30786,40278,3,0.997329831123352
NeuMF,2011,2011-12-31,30786,55765,4,0.9966699481010437
NeuMF,2011,2011-12-31,30786,6196,5,0.9966632723808289
NeuMF,2011,2011-12-31,30786,3916,6,0.9961070418357849
NeuMF,2011,2011-12-31,30786,5244,7,0.9958704113960266
NeuMF,2011,2011-12-31,30786,37733,8,0.9956451654434204
NeuMF,2011,2011-12-31,30786,47044,9,0.9956121444702148
NeuMF,2011,2011-12-31,30786,44199,10,0.99554044008255
NeuMF,2011,2011-12-31,31314,2232,1,0.9994823932647705
NeuMF,2011,2011-12-31,31314,52952,2,0.9992703795433044
NeuMF,2011,2011-12-31,31314,64614,3,0.998764157295227
NeuMF,2011,2011-12-31,31314,60069,4,0.9986875653266907
NeuMF,2011,2011-12-31,31314,68237,5,0.9977003931999207
NeuMF,2011,2011-12-31,31314,4975,6,0.9970844388008118
NeuMF,2011,2011-12-31,31314,8873,7,0.9970564842224121
NeuMF,2011,2011-12-31,31314,62049,8,0.9969989061355591
NeuMF,2011,2011-12-31,31314,4239,9,0.9963699579238892
NeuMF,2011,2011-12-31,31314,7022,10,0.9961450099945068
NeuMF,2011,2011-12-31,31434,64957,1,0.9997144341468811
NeuMF,2011,2011-12-31,31434,57910,2,0.9995455145835876
NeuMF,2011,2011-12-31,31434,1556,3,0.9994527697563171
NeuMF,2011,2011-12-31,31434,1091,4,0.9994435906410217
NeuMF,2011,2011-12-31,31434,58559,5,0.9993618130683899
NeuMF,2011,2011-12-31,31434,2389,6,0.9991211295127869
NeuMF,2011,2011-12-31,31434,79132,7,0.9990758895874023
NeuMF,2011,2011-12-31,31434,419,8,0.998968243598938
NeuMF,2011,2011-12-31,31434,72998,9,0.9986874461174011
NeuMF,2011,2011-12-31,31434,53000,10,0.9985874891281128
NeuMF,2011,2011-12-31,32302,68157,1,0.9998728036880493
NeuMF,2011,2011-12-31,32302,58559,2,0.999826967716217
NeuMF,2011,2011-12-31,32302,27846,3,0.9995013475418091
NeuMF,2011,2011-12-31,32302,55247,4,0.999488353729248
NeuMF,2011,2011-12-31,32302,45722,5,0.9994438290596008
NeuMF,2011,2011-12-31,32302,7300,6,0.9994204044342041
NeuMF,2011,2011-12-31,32302,57669,7,0.9992928504943848
NeuMF,2011,2011-12-31,32302,61240,8,0.9992897510528564
NeuMF,2011,2011-12-31,32302,42738,9,0.9991106390953064
NeuMF,2011,2011-12-31,32302,62376,10,0.9989515542984009
NeuMF,2011,2011-12-31,32342,8604,1,0.9993494153022766
NeuMF,2011,2011-12-31,32342,27193,2,0.9989632368087769
NeuMF,2011,2011-12-31,32342,30816,3,0.9988759160041809
NeuMF,2011,2011-12-31,32342,53322,4,0.9986670017242432
NeuMF,2011,2011-12-31,32342,46530,5,0.9980827569961548
NeuMF,2011,2011-12-31,32342,45517,6,0.9977819323539734
NeuMF,2011,2011-12-31,32342,8605,7,0.9973670840263367
NeuMF,2011,2011-12-31,32342,69644,8,0.9971749782562256
NeuMF,2011,2011-12-31,32342,42718,9,0.9969447255134583
NeuMF,2011,2011-12-31,32342,53972,10,0.9967136383056641
NeuMF,2011,2011-12-31,32457,1799,1,0.9982208609580994
NeuMF,2011,2011-12-31,32457,1396,2,0.9969391822814941
NeuMF,2011,2011-12-31,32457,55290,3,0.9967999458312988
NeuMF,2011,2011-12-31,32457,3527,4,0.9960885047912598
NeuMF,2011,2011-12-31,32457,42718,5,0.9958617091178894
NeuMF,2011,2011-12-31,32457,27837,6,0.9949571490287781
NeuMF,2011,2011-12-31,32457,76251,7,0.9948225021362305
NeuMF,2011,2011-12-31,32457,52241,8,0.9946740865707397
NeuMF,2011,2011-12-31,32457,51931,9,0.9945331811904907
NeuMF,2011,2011-12-31,32457,48262,10,0.9943944215774536
NeuMF,2011,2011-12-31,32466,4996,1,0.9998278617858887
NeuMF,2011,2011-12-31,32466,25855,2,0.9998210072517395
NeuMF,2011,2011-12-31,32466,27592,3,0.9998095631599426
NeuMF,2011,2011-12-31,32466,4278,4,0.9996758699417114
NeuMF,2011,2011-12-31,32466,3338,5,0.9991471767425537
NeuMF,2011,2011-12-31,32466,7757,6,0.9990806579589844
NeuMF,2011,2011-12-31,32466,1178,7,0.998839795589447
NeuMF,2011,2011-12-31,32466,3521,8,0.9988014698028564
NeuMF,2011,2011-12-31,32466,518,9,0.9979984164237976
NeuMF,2011,2011-12-31,32466,4679,10,0.997806966304779
NeuMF,2011,2011-12-31,32595,303,1,0.9984723925590515
NeuMF,2011,2011-12-31,32595,318,2,0.9977924823760986
NeuMF,2011,2011-12-31,32595,543,3,0.9967591166496277
NeuMF,2011,2011-12-31,32595,4367,4,0.9966070652008057
NeuMF,2011,2011-12-31,32595,1222,5,0.9960357546806335
NeuMF,2011,2011-12-31,32595,555,6,0.9958493709564209
NeuMF,2011,2011-12-31,32595,5388,7,0.9958047270774841
NeuMF,2011,2011-12-31,32595,1245,8,0.9955480098724365
NeuMF,2011,2011-12-31,32595,1396,9,0.9952831864356995
NeuMF,2011,2011-12-31,32595,4239,10,0.9949411153793335
NeuMF,2011,2011-12-31,32799,64614,1,0.9996846914291382
NeuMF,2011,2011-12-31,32799,33794,2,0.9991006851196289
NeuMF,2011,2011-12-31,32799,48412,3,0.9990448355674744
NeuMF,2011,2011-12-31,32799,2329,4,0.9990143775939941
NeuMF,2011,2011-12-31,32799,45722,5,0.9989474415779114
NeuMF,2011,2011-12-31,32799,54997,6,0.9987340569496155
NeuMF,2011,2011-12-31,32799,48780,7,0.998604953289032
NeuMF,2011,2011-12-31,32799,53322,8,0.9983910918235779
NeuMF,2011,2011-12-31,32799,62374,9,0.9983610510826111
NeuMF,2011,2011-12-31,32799,7361,10,0.9982404708862305
NeuMF,2011,2011-12-31,32955,733,1,0.9989715814590454
NeuMF,2011,2011-12-31,32955,69324,2,0.998460054397583
NeuMF,2011,2011-12-31,32955,95,3,0.998299777507782
NeuMF,2011,2011-12-31,32955,67197,4,0.998241662979126
NeuMF,2011,2011-12-31,32955,7254,5,0.9981998205184937
NeuMF,2011,2011-12-31,32955,71535,6,0.9980888962745667
NeuMF,2011,2011-12-31,32955,628,7,0.997413694858551
NeuMF,2011,2011-12-31,32955,7360,8,0.9973723888397217
NeuMF,2011,2011-12-31,32955,1,9,0.9967626333236694
NeuMF,2011,2011-12-31,32955,7373,10,0.9962337613105774
NeuMF,2011,2011-12-31,33011,3991,1,0.9995118379592896
NeuMF,2011,2011-12-31,33011,34336,2,0.9990758895874023
NeuMF,2011,2011-12-31,33011,36525,3,0.9986226558685303
NeuMF,2011,2011-12-31,33011,45668,4,0.9982707500457764
NeuMF,2011,2011-12-31,33011,2059,5,0.9976778626441956
NeuMF,2011,2011-12-31,33011,5267,6,0.9973933696746826
NeuMF,2011,2011-12-31,33011,1015,7,0.9963080883026123
NeuMF,2011,2011-12-31,33011,3578,8,0.9953428506851196
NeuMF,2011,2011-12-31,33011,7155,9,0.9950042366981506
NeuMF,2011,2011-12-31,33011,7247,10,0.9949525594711304
NeuMF,2011,2011-12-31,33278,61236,1,0.9999127388000488
NeuMF,2011,2011-12-31,33278,60950,2,0.9998894929885864
NeuMF,2011,2011-12-31,33278,55444,3,0.9998531341552734
NeuMF,2011,2011-12-31,33278,7034,4,0.9993663430213928
NeuMF,2011,2011-12-31,33278,40966,5,0.9993498921394348
NeuMF,2011,2011-12-31,33278,3949,6,0.9991604089736938
NeuMF,2011,2011-12-31,33278,64622,7,0.9990993738174438
NeuMF,2011,2011-12-31,33278,6016,8,0.998897910118103
NeuMF,2011,2011-12-31,33278,6770,9,0.9987741112709045
NeuMF,2011,2011-12-31,33278,5269,10,0.9987701773643494
NeuMF,2011,2011-12-31,33416,2404,1,0.9998225569725037
NeuMF,2011,2011-12-31,33416,1438,2,0.9997535347938538
NeuMF,2011,2011-12-31,33416,2881,3,0.9997240900993347
NeuMF,2011,2011-12-31,33416,628,4,0.9995774626731873
NeuMF,2011,2011-12-31,33416,1917,5,0.9995765089988708
NeuMF,2011,2011-12-31,33416,736,6,0.9995490908622742
NeuMF,2011,2011-12-31,33416,832,7,0.9993775486946106
NeuMF,2011,2011-12-31,33416,1552,8,0.9993550181388855
NeuMF,2011,2011-12-31,33416,1479,9,0.9992689490318298
NeuMF,2011,2011-12-31,33416,733,10,0.9991909861564636
NeuMF,2011,2011-12-31,33432,64839,1,0.9992923736572266
NeuMF,2011,2011-12-31,33432,39381,2,0.9989022016525269
NeuMF,2011,2011-12-31,33432,31420,3,0.9988710284233093
NeuMF,2011,2011-12-31,33432,58306,4,0.9987988471984863
NeuMF,2011,2011-12-31,33432,53972,5,0.9987834095954895
NeuMF,2011,2011-12-31,33432,6620,6,0.9986974596977234
NeuMF,2011,2011-12-31,33432,80463,7,0.9984073042869568
NeuMF,2011,2011-12-31,33432,56171,8,0.9983905553817749
NeuMF,2011,2011-12-31,33432,7360,9,0.9983817338943481
NeuMF,2011,2011-12-31,33432,38061,10,0.9983614087104797
NeuMF,2011,2011-12-31,33652,5952,1,0.9997017979621887
NeuMF,2011,2011-12-31,33652,44191,2,0.9996101260185242
NeuMF,2011,2011-12-31,33652,6874,3,0.9994544386863708
NeuMF,2011,2011-12-31,33652,47997,4,0.9992825388908386
NeuMF,2011,2011-12-31,33652,57669,5,0.9981125593185425
NeuMF,2011,2011-12-31,33652,6365,6,0.997978150844574
NeuMF,2011,2011-12-31,33652,51662,7,0.9979415535926819
NeuMF,2011,2011-12-31,33652,7317,8,0.9975196719169617
NeuMF,2011,2011-12-31,33652,7361,9,0.9972725510597229
NeuMF,2011,2011-12-31,33652,62155,10,0.9971492886543274
NeuMF,2011,2011-12-31,33854,5066,1,0.9997915625572205
NeuMF,2011,2011-12-31,33854,79091,2,0.9997043013572693
NeuMF,2011,2011-12-31,33854,72011,3,0.9996238946914673
NeuMF,2011,2011-12-31,33854,55814,4,0.9995974898338318
NeuMF,2011,2011-12-31,33854,6539,5,0.9995409250259399
NeuMF,2011,2011-12-31,33854,56941,6,0.9995036125183105
NeuMF,2011,2011-12-31,33854,45668,7,0.9994586110115051
NeuMF,2011,2011-12-31,33854,45210,8,0.9994045495986938
NeuMF,2011,2011-12-31,33854,4447,9,0.9993708729743958
NeuMF,2011,2011-12-31,33854,64957,10,0.9990492463111877
NeuMF,2011,2011-12-31,33941,69757,1,0.9998770952224731
NeuMF,2011,2011-12-31,33941,69406,2,0.9998606443405151
NeuMF,2011,2011-12-31,33941,2424,3,0.9996482133865356
NeuMF,2011,2011-12-31,33941,69122,4,0.9996470212936401
NeuMF,2011,2011-12-31,33941,2861,5,0.999640703201294
NeuMF,2011,2011-12-31,33941,63082,6,0.9995539784431458
NeuMF,2011,2011-12-31,33941,58559,7,0.9994021654129028
NeuMF,2011,2011-12-31,33941,2881,8,0.9993630051612854
NeuMF,2011,2011-12-31,33941,64614,9,0.9992296695709229
NeuMF,2011,2011-12-31,33941,4823,10,0.9991629123687744
NeuMF,2011,2011-12-31,34052,69844,1,0.9987442493438721
NeuMF,2011,2011-12-31,34052,6773,2,0.9984866380691528
NeuMF,2011,2011-12-31,34052,916,3,0.998207688331604
NeuMF,2011,2011-12-31,34052,67997,4,0.9977198243141174
NeuMF,2011,2011-12-31,34052,5483,5,0.9974822402000427
NeuMF,2011,2011-12-31,34052,5797,6,0.9971398115158081
NeuMF,2011,2011-12-31,34052,5288,7,0.9971383810043335
NeuMF,2011,2011-12-31,34052,945,8,0.9968857169151306
NeuMF,2011,2011-12-31,34052,1537,9,0.9967254400253296
NeuMF,2011,2011-12-31,34052,930,10,0.9966142773628235
NeuMF,2011,2011-12-31,34210,364,1,0.9997885823249817
NeuMF,2011,2011-12-31,34210,64957,2,0.9996966123580933
NeuMF,2011,2011-12-31,34210,596,3,0.9995624423027039
NeuMF,2011,2011-12-31,34210,69844,4,0.9995410442352295
NeuMF,2011,2011-12-31,34210,1029,5,0.998640239238739
NeuMF,2011,2011-12-31,34210,39183,6,0.9984195232391357
NeuMF,2011,2011-12-31,34210,63082,7,0.9982231259346008
NeuMF,2011,2011-12-31,34210,48,8,0.9982205033302307
NeuMF,2011,2011-12-31,34210,4306,9,0.9978650212287903
NeuMF,2011,2011-12-31,34210,45501,10,0.9974076151847839
NeuMF,2011,2011-12-31,35243,36525,1,0.9999092817306519
NeuMF,2011,2011-12-31,35243,8638,2,0.9998953342437744
NeuMF,2011,2011-12-31,35243,27808,3,0.9996840953826904
NeuMF,2011,2011-12-31,35243,6770,4,0.9996219873428345
NeuMF,2011,2011-12-31,35243,39449,5,0.9995881915092468
NeuMF,2011,2011-12-31,35243,30825,6,0.9995040893554688
NeuMF,2011,2011-12-31,35243,27801,7,0.9994896650314331
NeuMF,2011,2011-12-31,35243,43936,8,0.999476969242096
NeuMF,2011,2011-12-31,35243,39414,9,0.9993996620178223
NeuMF,2011,2011-12-31,35243,59725,10,0.9993701577186584
NeuMF,2011,2011-12-31,35411,61323,1,0.9999263286590576
NeuMF,2011,2011-12-31,35411,76173,2,0.9999083280563354
NeuMF,2011,2011-12-31,35411,4881,3,0.9998840093612671
NeuMF,2011,2011-12-31,35411,3683,4,0.9998687505722046
NeuMF,2011,2011-12-31,35411,7323,5,0.9998408555984497
NeuMF,2011,2011-12-31,35411,7022,6,0.9998323917388916
NeuMF,2011,2011-12-31,35411,66097,7,0.9997705817222595
NeuMF,2011,2011-12-31,35411,5954,8,0.9997394680976868
NeuMF,2011,2011-12-31,35411,27773,9,0.9997088313102722
NeuMF,2011,2011-12-31,35411,97,10,0.9996119141578674
NeuMF,2011,2011-12-31,35609,46335,1,0.9998525381088257
NeuMF,2011,2011-12-31,35609,5574,2,0.9997091889381409
NeuMF,2011,2011-12-31,35609,7346,3,0.9996689558029175
NeuMF,2011,2011-12-31,35609,54004,4,0.9995057582855225
NeuMF,2011,2011-12-31,35609,77866,5,0.9994180202484131
NeuMF,2011,2011-12-31,35609,47518,6,0.9991323351860046
NeuMF,2011,2011-12-31,35609,46322,7,0.9990350008010864
NeuMF,2011,2011-12-31,35609,8807,8,0.9989049434661865
NeuMF,2011,2011-12-31,35609,5952,9,0.9987562894821167
NeuMF,2011,2011-12-31,35609,37731,10,0.9986971020698547
NeuMF,2011,2011-12-31,35821,27731,1,0.9985985159873962
NeuMF,2011,2011-12-31,35821,3161,2,0.9983009696006775
NeuMF,2011,2011-12-31,35821,6283,3,0.997923731803894
NeuMF,2011,2011-12-31,35821,1,4,0.996791660785675
NeuMF,2011,2011-12-31,35821,6986,5,0.9967892169952393
NeuMF,2011,2011-12-31,35821,71619,6,0.9966116547584534
NeuMF,2011,2011-12-31,35821,3677,7,0.9954429864883423
NeuMF,2011,2011-12-31,35821,2810,8,0.995412290096283
NeuMF,2011,2011-12-31,35821,4226,9,0.9944871068000793
NeuMF,2011,2011-12-31,35821,2336,10,0.9937976002693176
NeuMF,2011,2011-12-31,35823,68319,1,0.9997729659080505
NeuMF,2011,2011-12-31,35823,31445,2,0.9981340765953064
NeuMF,2011,2011-12-31,35823,748,3,0.998115062713623
NeuMF,2011,2011-12-31,35823,65130,4,0.9974779486656189
NeuMF,2011,2011-12-31,35823,6281,5,0.9964439272880554
NeuMF,2011,2011-12-31,35823,61352,6,0.9947623610496521
NeuMF,2011,2011-12-31,35823,4308,7,0.994468092918396
NeuMF,2011,2011-12-31,35823,1754,8,0.9939968585968018
NeuMF,2011,2011-12-31,35823,4744,9,0.9936299920082092
NeuMF,2011,2011-12-31,35823,288,10,0.9932025671005249
NeuMF,2011,2011-12-31,35929,7090,1,0.9989508390426636
NeuMF,2011,2011-12-31,35929,1233,2,0.9988815188407898
NeuMF,2011,2011-12-31,35929,1208,3,0.9985741376876831
NeuMF,2011,2011-12-31,35929,1266,4,0.9978498220443726
NeuMF,2011,2011-12-31,35929,1704,5,0.9965429902076721
NeuMF,2011,2011-12-31,35929,6947,6,0.9963945746421814
NeuMF,2011,2011-12-31,35929,1246,7,0.9960712194442749
NeuMF,2011,2011-12-31,35929,2174,8,0.9959024786949158
NeuMF,2011,2011-12-31,35929,2012,9,0.9957112073898315
NeuMF,2011,2011-12-31,35929,2502,10,0.995464026927948
NeuMF,2011,2011-12-31,35977,50872,1,0.9999536275863647
NeuMF,2011,2011-12-31,35977,57669,2,0.9999316930770874
NeuMF,2011,2011-12-31,35977,44694,3,0.9998682737350464
NeuMF,2011,2011-12-31,35977,55276,4,0.9998641014099121
NeuMF,2011,2011-12-31,35977,60069,5,0.9998506307601929
NeuMF,2011,2011-12-31,35977,33794,6,0.9998342990875244
NeuMF,2011,2011-12-31,35977,44191,7,0.9998154044151306
NeuMF,2011,2011-12-31,35977,47610,8,0.9998146891593933
NeuMF,2011,2011-12-31,35977,51540,9,0.9997672438621521
NeuMF,2011,2011-12-31,35977,55052,10,0.9997606873512268
NeuMF,2011,2011-12-31,36200,60069,1,0.9996151924133301
NeuMF,2011,2011-12-31,36200,30825,2,0.9994714856147766
NeuMF,2011,2011-12-31,36200,45501,3,0.9991588592529297
NeuMF,2011,2011-12-31,36200,45447,4,0.9988538026809692
NeuMF,2011,2011-12-31,36200,56171,5,0.9987819790840149
NeuMF,2011,2011-12-31,36200,45722,6,0.9987260699272156
NeuMF,2011,2011-12-31,36200,58559,7,0.9987258315086365
NeuMF,2011,2011-12-31,36200,54001,8,0.9984686970710754
NeuMF,2011,2011-12-31,36200,50162,9,0.9981745481491089
NeuMF,2011,2011-12-31,36200,64622,10,0.9978731870651245
NeuMF,2011,2011-12-31,36211,524,1,0.999751627445221
NeuMF,2011,2011-12-31,36211,6539,2,0.9993014335632324
NeuMF,2011,2011-12-31,36211,364,3,0.9989812970161438
NeuMF,2011,2011-12-31,36211,1367,4,0.9985406398773193
NeuMF,2011,2011-12-31,36211,1,5,0.9984169006347656
NeuMF,2011,2011-12-31,36211,6377,6,0.9981743097305298
NeuMF,2011,2011-12-31,36211,356,7,0.9981355667114258
NeuMF,2011,2011-12-31,36211,595,8,0.9977532029151917
NeuMF,2011,2011-12-31,36211,44191,9,0.997423529624939
NeuMF,2011,2011-12-31,36211,588,10,0.9969602227210999
NeuMF,2011,2011-12-31,36613,31410,1,0.9996121525764465
NeuMF,2011,2011-12-31,36613,6214,2,0.9994115829467773
NeuMF,2011,2011-12-31,36613,5608,3,0.999388575553894
NeuMF,2011,2011-12-31,36613,5788,4,0.9992645382881165
NeuMF,2011,2011-12-31,36613,7371,5,0.9986175298690796
NeuMF,2011,2011-12-31,36613,8598,6,0.9985278844833374
NeuMF,2011,2011-12-31,36613,44555,7,0.9979820251464844
NeuMF,2011,2011-12-31,36613,53129,8,0.997689962387085
NeuMF,2011,2011-12-31,36613,65130,9,0.99724942445755
NeuMF,2011,2011-12-31,36613,72011,10,0.9972257018089294
NeuMF,2011,2011-12-31,37075,3251,1,0.9996362924575806
NeuMF,2011,2011-12-31,37075,2070,2,0.9996147155761719
NeuMF,2011,2011-12-31,37075,265,3,0.9982043504714966
NeuMF,2011,2011-12-31,37075,3470,4,0.9980364441871643
NeuMF,2011,2011-12-31,37075,3471,5,0.9977783560752869
NeuMF,2011,2011-12-31,37075,4103,6,0.9977397918701172
NeuMF,2011,2011-12-31,37075,68954,7,0.9973878264427185
NeuMF,2011,2011-12-31,37075,2927,8,0.9971501231193542
NeuMF,2011,2011-12-31,37075,1955,9,0.9971393346786499
NeuMF,2011,2011-12-31,37075,47629,10,0.9970965385437012
NeuMF,2011,2011-12-31,37331,1625,1,0.9993928670883179
NeuMF,2011,2011-12-31,37331,49312,2,0.998140811920166
NeuMF,2011,2011-12-31,37331,8970,3,0.9980756044387817
NeuMF,2011,2011-12-31,37331,36517,4,0.9975795149803162
NeuMF,2011,2011-12-31,37331,49284,5,0.9969514608383179
NeuMF,2011,2011-12-31,37331,33794,6,0.9967960715293884
NeuMF,2011,2011-12-31,37331,3147,7,0.9966514706611633
NeuMF,2011,2011-12-31,37331,55555,8,0.9964687824249268
NeuMF,2011,2011-12-31,37331,6281,9,0.9962748289108276
NeuMF,2011,2011-12-31,37331,2269,10,0.9960122108459473
NeuMF,2011,2011-12-31,37795,71108,1,0.9999656677246094
NeuMF,2011,2011-12-31,37795,65130,2,0.9998977184295654
NeuMF,2011,2011-12-31,37795,6870,3,0.99986732006073
NeuMF,2011,2011-12-31,37795,7254,4,0.9998505115509033
NeuMF,2011,2011-12-31,37795,43376,5,0.9998314380645752
NeuMF,2011,2011-12-31,37795,79132,6,0.9995027780532837
NeuMF,2011,2011-12-31,37795,6291,7,0.9991869330406189
NeuMF,2011,2011-12-31,37795,44555,8,0.999161958694458
NeuMF,2011,2011-12-31,37795,64622,9,0.9990196228027344
NeuMF,2011,2011-12-31,37795,27721,10,0.9986139535903931
NeuMF,2011,2011-12-31,37940,68157,1,0.9996465444564819
NeuMF,2011,2011-12-31,37940,7980,2,0.9995265007019043
NeuMF,2011,2011-12-31,37940,70286,3,0.9994458556175232
NeuMF,2011,2011-12-31,37940,69406,4,0.9993127584457397
NeuMF,2011,2011-12-31,37940,69844,5,0.9991427659988403
NeuMF,2011,2011-12-31,37940,68554,6,0.9991236329078674
NeuMF,2011,2011-12-31,37940,79139,7,0.9988705515861511
NeuMF,2011,2011-12-31,37940,58559,8,0.9986230134963989
NeuMF,2011,2011-12-31,37940,6990,9,0.9984096884727478
NeuMF,2011,2011-12-31,37940,68135,10,0.9983484745025635
NeuMF,2011,2011-12-31,38643,1407,1,0.9993736147880554
NeuMF,2011,2011-12-31,38643,2762,2,0.999198853969574
NeuMF,2011,2011-12-31,38643,1982,3,0.9991925358772278
NeuMF,2011,2011-12-31,38643,1997,4,0.9990357160568237
NeuMF,2011,2011-12-31,38643,2712,5,0.9989944100379944
NeuMF,2011,2011-12-31,38643,1221,6,0.9988829493522644
NeuMF,2011,2011-12-31,38643,1089,7,0.9988107681274414
NeuMF,2011,2011-12-31,38643,2706,8,0.9987383484840393
NeuMF,2011,2011-12-31,38643,2329,9,0.9984127283096313
NeuMF,2011,2011-12-31,38643,2700,10,0.9983906745910645
NeuMF,2011,2011-12-31,38697,34162,1,0.9996616840362549
NeuMF,2011,2011-12-31,38697,6378,2,0.9994538426399231
NeuMF,2011,2011-12-31,38697,6323,3,0.9990736246109009
NeuMF,2011,2011-12-31,38697,45722,4,0.9990370273590088
NeuMF,2011,2011-12-31,38697,35836,5,0.9988706707954407
NeuMF,2011,2011-12-31,38697,5630,6,0.9985839128494263
NeuMF,2011,2011-12-31,38697,6936,7,0.9985619187355042
NeuMF,2011,2011-12-31,38697,58998,8,0.998162567615509
NeuMF,2011,2011-12-31,38697,8874,9,0.9980717301368713
NeuMF,2011,2011-12-31,38697,34048,10,0.9980102181434631
NeuMF,2011,2011-12-31,38850,71535,1,0.9992930889129639
NeuMF,2011,2011-12-31,38850,1991,2,0.9991469383239746
NeuMF,2011,2011-12-31,38850,1345,3,0.9990702271461487
NeuMF,2011,2011-12-31,38850,1997,4,0.9987367987632751
NeuMF,2011,2011-12-31,38850,69844,5,0.9987125396728516
NeuMF,2011,2011-12-31,38850,1333,6,0.9981566071510315
NeuMF,2011,2011-12-31,38850,34332,7,0.9981440305709839
NeuMF,2011,2011-12-31,38850,7360,8,0.9980681538581848
NeuMF,2011,2011-12-31,38850,40815,9,0.9977776408195496
NeuMF,2011,2011-12-31,38850,519,10,0.9976835250854492
NeuMF,2011,2011-12-31,38934,56941,1,0.9998397827148438
NeuMF,2011,2011-12-31,38934,5667,2,0.9995356798171997
NeuMF,2011,2011-12-31,38934,45668,3,0.9995023012161255
NeuMF,2011,2011-12-31,38934,69934,4,0.9993557333946228
NeuMF,2011,2011-12-31,38934,5066,5,0.9993451237678528
NeuMF,2011,2011-12-31,38934,69406,6,0.9987634420394897
NeuMF,2011,2011-12-31,38934,72737,7,0.9987303614616394
NeuMF,2011,2011-12-31,38934,67788,8,0.9986042380332947
NeuMF,2011,2011-12-31,38934,56915,9,0.9985376596450806
NeuMF,2011,2011-12-31,38934,8809,10,0.9984487295150757
NeuMF,2011,2011-12-31,40094,3623,1,0.999873161315918
NeuMF,2011,2011-12-31,40094,3578,2,0.9997767806053162
NeuMF,2011,2011-12-31,40094,3793,3,0.999675989151001
NeuMF,2011,2011-12-31,40094,4963,4,0.9992802739143372
NeuMF,2011,2011-12-31,40094,2959,5,0.9992777705192566
NeuMF,2011,2011-12-31,40094,2571,6,0.9984633922576904
NeuMF,2011,2011-12-31,40094,4306,7,0.9984402060508728
NeuMF,2011,2011-12-31,40094,3996,8,0.998354971408844
NeuMF,2011,2011-12-31,40094,3977,9,0.9983172416687012
NeuMF,2011,2011-12-31,40094,2762,10,0.998058021068573
NeuMF,2011,2011-12-31,40195,6893,1,0.9997031092643738
NeuMF,2011,2011-12-31,40195,3916,2,0.9987074136734009
NeuMF,2011,2011-12-31,40195,6708,3,0.9983527660369873
NeuMF,2011,2011-12-31,40195,3980,4,0.9983190894126892
NeuMF,2011,2011-12-31,40195,7293,5,0.9981629252433777
NeuMF,2011,2011-12-31,40195,8917,6,0.9979639053344727
NeuMF,2011,2011-12-31,40195,6957,7,0.9979186654090881
NeuMF,2011,2011-12-31,40195,413,8,0.997529923915863
NeuMF,2011,2011-12-31,40195,4223,9,0.9972283244132996
NeuMF,2011,2011-12-31,40195,4620,10,0.9970574378967285
NeuMF,2011,2011-12-31,40247,63992,1,0.999981164932251
NeuMF,2011,2011-12-31,40247,7380,2,0.9999464750289917
NeuMF,2011,2011-12-31,40247,55872,3,0.999860405921936
NeuMF,2011,2011-12-31,40247,68358,4,0.9996227025985718
NeuMF,2011,2011-12-31,40247,50162,5,0.9996004700660706
NeuMF,2011,2011-12-31,40247,60069,6,0.9994035959243774
NeuMF,2011,2011-12-31,40247,72737,7,0.9993476271629333
NeuMF,2011,2011-12-31,40247,8533,8,0.9990887641906738
NeuMF,2011,2011-12-31,40247,68554,9,0.9990503191947937
NeuMF,2011,2011-12-31,40247,7164,10,0.9988929629325867
NeuMF,2011,2011-12-31,40411,8641,1,0.9991828799247742
NeuMF,2011,2011-12-31,40411,180,2,0.9979081153869629
NeuMF,2011,2011-12-31,40411,70,3,0.9977874755859375
NeuMF,2011,2011-12-31,40411,1,4,0.9974380731582642
NeuMF,2011,2011-12-31,40411,54995,5,0.9968944787979126
NeuMF,2011,2011-12-31,40411,69,6,0.9962508082389832
NeuMF,2011,2011-12-31,40411,54999,7,0.9962234497070312
NeuMF,2011,2011-12-31,40411,27831,8,0.9956324696540833
NeuMF,2011,2011-12-31,40411,6936,9,0.9955848455429077
NeuMF,2011,2011-12-31,40411,60040,10,0.9953476786613464
NeuMF,2011,2011-12-31,40470,7587,1,0.9999790191650391
NeuMF,2011,2011-12-31,40470,3030,2,0.9997889399528503
NeuMF,2011,2011-12-31,40470,3462,3,0.9997296929359436
NeuMF,2011,2011-12-31,40470,7323,4,0.9997197985649109
NeuMF,2011,2011-12-31,40470,1178,5,0.9995856881141663
NeuMF,2011,2011-12-31,40470,924,6,0.9994534850120544
NeuMF,2011,2011-12-31,40470,3091,7,0.9993769526481628
NeuMF,2011,2011-12-31,40470,5291,8,0.9993656277656555
NeuMF,2011,2011-12-31,40470,27846,9,0.999278724193573
NeuMF,2011,2011-12-31,40470,1748,10,0.9990448355674744
NeuMF,2011,2011-12-31,40731,6595,1,0.9971166849136353
NeuMF,2011,2011-12-31,40731,45186,2,0.9970594048500061
NeuMF,2011,2011-12-31,40731,733,3,0.9967921376228333
NeuMF,2011,2011-12-31,40731,6959,4,0.9963639378547668
NeuMF,2011,2011-12-31,40731,7173,5,0.9959622025489807
NeuMF,2011,2011-12-31,40731,5900,6,0.9958571791648865
NeuMF,2011,2011-12-31,40731,1653,7,0.9957804679870605
NeuMF,2011,2011-12-31,40731,1682,8,0.9956235289573669
NeuMF,2011,2011-12-31,40731,5445,9,0.9954912066459656
NeuMF,2011,2011-12-31,40731,33679,10,0.9954637885093689
NeuMF,2011,2011-12-31,40751,920,1,0.9990874528884888
NeuMF,2011,2011-12-31,40751,2671,2,0.998837411403656
NeuMF,2011,2011-12-31,40751,356,3,0.9981355667114258
NeuMF,2011,2011-12-31,40751,2340,4,0.9981168508529663
NeuMF,2011,2011-12-31,40751,457,5,0.9980087876319885
NeuMF,2011,2011-12-31,40751,590,6,0.9979938268661499
NeuMF,2011,2011-12-31,40751,597,7,0.997962236404419
NeuMF,2011,2011-12-31,40751,1641,8,0.99793940782547
NeuMF,2011,2011-12-31,40751,45517,9,0.997812032699585
NeuMF,2011,2011-12-31,40751,2779,10,0.9969936609268188
NeuMF,2011,2011-12-31,41224,7147,1,0.9997568726539612
NeuMF,2011,2011-12-31,41224,2657,2,0.9996938705444336
NeuMF,2011,2011-12-31,41224,6711,3,0.9996602535247803
NeuMF,2011,2011-12-31,41224,6502,4,0.9996241331100464
NeuMF,2011,2011-12-31,41224,7323,5,0.9996103644371033
NeuMF,2011,2011-12-31,41224,3911,6,0.9995784163475037
NeuMF,2011,2011-12-31,41224,8366,7,0.9995704293251038
NeuMF,2011,2011-12-31,41224,5991,8,0.9995543360710144
NeuMF,2011,2011-12-31,41224,69844,9,0.9994630217552185
NeuMF,2011,2011-12-31,41224,5902,10,0.9994571805000305
NeuMF,2011,2011-12-31,41320,6620,1,0.9998388290405273
NeuMF,2011,2011-12-31,41320,6711,2,0.9997953772544861
NeuMF,2011,2011-12-31,41320,1230,3,0.9996830224990845
NeuMF,2011,2011-12-31,41320,7361,4,0.9996395111083984
NeuMF,2011,2011-12-31,41320,1080,5,0.9993059635162354
NeuMF,2011,2011-12-31,41320,1206,6,0.9991607666015625
NeuMF,2011,2011-12-31,41320,34338,7,0.9991607666015625
NeuMF,2011,2011-12-31,41320,1175,8,0.9991207718849182
NeuMF,2011,2011-12-31,41320,8949,9,0.9991059899330139
NeuMF,2011,2011-12-31,41320,6773,10,0.9990321397781372
NeuMF,2011,2011-12-31,41323,4638,1,0.9986984729766846
NeuMF,2011,2011-12-31,41323,3578,2,0.9983008503913879
NeuMF,2011,2011-12-31,41323,3147,3,0.9982377290725708
NeuMF,2011,2011-12-31,41323,2628,4,0.9980249404907227
NeuMF,2011,2011-12-31,41323,2762,5,0.9980185031890869
NeuMF,2011,2011-12-31,41323,3793,6,0.9979292154312134
NeuMF,2011,2011-12-31,41323,4022,7,0.9970129728317261
NeuMF,2011,2011-12-31,41323,3948,8,0.9969369173049927
NeuMF,2011,2011-12-31,41323,3753,9,0.9969357252120972
NeuMF,2011,2011-12-31,41323,5445,10,0.9969117045402527
NeuMF,2011,2011-12-31,41562,6539,1,0.9997878670692444
NeuMF,2011,2011-12-31,41562,54995,2,0.9996929168701172
NeuMF,2011,2011-12-31,41562,7022,3,0.9996546506881714
NeuMF,2011,2011-12-31,41562,33004,4,0.9994895458221436
NeuMF,2011,2011-12-31,41562,6377,5,0.9994366765022278
NeuMF,2011,2011-12-31,41562,53125,6,0.9994285702705383
NeuMF,2011,2011-12-31,41562,4973,7,0.9993990659713745
NeuMF,2011,2011-12-31,41562,1291,8,0.9993202686309814
NeuMF,2011,2011-12-31,41562,68157,9,0.9992679953575134
NeuMF,2011,2011-12-31,41562,6874,10,0.9992122650146484
NeuMF,2011,2011-12-31,41653,59315,1,0.9999730587005615
NeuMF,2011,2011-12-31,41653,69526,2,0.9997724890708923
NeuMF,2011,2011-12-31,41653,54995,3,0.9997459053993225
NeuMF,2011,2011-12-31,41653,52281,4,0.9997193217277527
NeuMF,2011,2011-12-31,41653,7387,5,0.9996230602264404
NeuMF,2011,2011-12-31,41653,68791,6,0.9995835423469543
NeuMF,2011,2011-12-31,41653,62434,7,0.999386191368103
NeuMF,2011,2011-12-31,41653,51662,8,0.9993056058883667
NeuMF,2011,2011-12-31,41653,56145,9,0.999228835105896
NeuMF,2011,2011-12-31,41653,60074,10,0.9991552829742432
NeuMF,2011,2011-12-31,42006,1084,1,0.999800980091095
NeuMF,2011,2011-12-31,42006,1952,2,0.9996551275253296
NeuMF,2011,2011-12-31,42006,1244,3,0.9995952248573303
NeuMF,2011,2011-12-31,42006,1172,4,0.9995033740997314
NeuMF,2011,2011-12-31,42006,6787,5,0.9994661211967468
NeuMF,2011,2011-12-31,42006,1267,6,0.9994490742683411
NeuMF,2011,2011-12-31,42006,3435,7,0.9994198083877563
NeuMF,2011,2011-12-31,42006,1228,8,0.9992727637290955
NeuMF,2011,2011-12-31,42006,1221,9,0.9992215633392334
NeuMF,2011,2011-12-31,42006,1292,10,0.9991868138313293
NeuMF,2011,2011-12-31,42090,6548,1,0.9992966651916504
NeuMF,2011,2011-12-31,42090,55118,2,0.9992902278900146
NeuMF,2011,2011-12-31,42090,60753,3,0.9991039633750916
NeuMF,2011,2011-12-31,42090,3527,4,0.9990987777709961
NeuMF,2011,2011-12-31,42090,70,5,0.9990672469139099
NeuMF,2011,2011-12-31,42090,145,6,0.9988967180252075
NeuMF,2011,2011-12-31,42090,76210,7,0.9984592199325562
NeuMF,2011,2011-12-31,42090,59784,8,0.998375415802002
NeuMF,2011,2011-12-31,42090,57640,9,0.9981829524040222
NeuMF,2011,2011-12-31,42090,5254,10,0.9980735778808594
NeuMF,2011,2011-12-31,42339,62434,1,0.9997419714927673
NeuMF,2011,2011-12-31,42339,60069,2,0.9996966123580933
NeuMF,2011,2011-12-31,42339,1527,3,0.9993822574615479
NeuMF,2011,2011-12-31,42339,59315,4,0.999030351638794
NeuMF,2011,2011-12-31,42339,77561,5,0.9988846182823181
NeuMF,2011,2011-12-31,42339,2959,6,0.9988677501678467
NeuMF,2011,2011-12-31,42339,61132,7,0.9987415671348572
NeuMF,2011,2011-12-31,42339,44191,8,0.9987200498580933
NeuMF,2011,2011-12-31,42339,55765,9,0.9986187219619751
NeuMF,2011,2011-12-31,42339,70,10,0.9983643889427185
NeuMF,2011,2011-12-31,42513,60937,1,0.9999687671661377
NeuMF,2011,2011-12-31,42513,69644,2,0.9998587369918823
NeuMF,2011,2011-12-31,42513,62999,3,0.9996899366378784
NeuMF,2011,2011-12-31,42513,76251,4,0.9994514584541321
NeuMF,2011,2011-12-31,42513,59784,5,0.9994031190872192
NeuMF,2011,2011-12-31,42513,68157,6,0.9992808699607849
NeuMF,2011,2011-12-31,42513,60126,7,0.9991170763969421
NeuMF,2011,2011-12-31,42513,73017,8,0.999026894569397
NeuMF,2011,2011-12-31,42513,44191,9,0.9988812804222107
NeuMF,2011,2011-12-31,42513,33615,10,0.9983015060424805
NeuMF,2011,2011-12-31,42981,1587,1,0.999634861946106
NeuMF,2011,2011-12-31,42981,1356,2,0.9996228218078613
NeuMF,2011,2011-12-31,42981,63859,3,0.9991864562034607
NeuMF,2011,2011-12-31,42981,3638,4,0.9990952014923096
NeuMF,2011,2011-12-31,42981,55274,5,0.9990284442901611
NeuMF,2011,2011-12-31,42981,1375,6,0.9989746809005737
NeuMF,2011,2011-12-31,42981,59103,7,0.9983989596366882
NeuMF,2011,2011-12-31,42981,2985,8,0.9983030557632446
NeuMF,2011,2011-12-31,42981,33004,9,0.9979569911956787
NeuMF,2011,2011-12-31,42981,69406,10,0.997929573059082
NeuMF,2011,2011-12-31,43224,8327,1,0.9999574422836304
NeuMF,2011,2011-12-31,43224,2843,2,0.9998365640640259
NeuMF,2011,2011-12-31,43224,33903,3,0.9997085928916931
NeuMF,2011,2011-12-31,43224,5508,4,0.9996461868286133
NeuMF,2011,2011-12-31,43224,57669,5,0.9992338418960571
NeuMF,2011,2011-12-31,43224,7460,6,0.999151349067688
NeuMF,2011,2011-12-31,43224,4878,7,0.9990899562835693
NeuMF,2011,2011-12-31,43224,4226,8,0.9990265369415283
NeuMF,2011,2011-12-31,43224,61236,9,0.9989863038063049
NeuMF,2011,2011-12-31,43224,5782,10,0.9989486336708069
NeuMF,2011,2011-12-31,43406,31225,1,0.9988324046134949
NeuMF,2011,2011-12-31,43406,53921,2,0.9984678626060486
NeuMF,2011,2011-12-31,43406,3513,3,0.9976916313171387
NeuMF,2011,2011-12-31,43406,58622,4,0.9976462721824646
NeuMF,2011,2011-12-31,43406,3074,5,0.9976086616516113
NeuMF,2011,2011-12-31,43406,30848,6,0.9973925352096558
NeuMF,2011,2011-12-31,43406,8809,7,0.9973645806312561
NeuMF,2011,2011-12-31,43406,8958,8,0.997292697429657
NeuMF,2011,2011-12-31,43406,4023,9,0.9972649812698364
NeuMF,2011,2011-12-31,43406,2424,10,0.9971737861633301
NeuMF,2011,2011-12-31,43410,3992,1,0.9996594190597534
NeuMF,2011,2011-12-31,43410,4644,2,0.9994940757751465
NeuMF,2011,2011-12-31,43410,5319,3,0.9994093179702759
NeuMF,2011,2011-12-31,43410,5051,4,0.9987183809280396
NeuMF,2011,2011-12-31,43410,8014,5,0.9981308579444885
NeuMF,2011,2011-12-31,43410,39183,6,0.9979596138000488
NeuMF,2011,2011-12-31,43410,4025,7,0.997210681438446
NeuMF,2011,2011-12-31,43410,5791,8,0.996993899345398
NeuMF,2011,2011-12-31,43410,3083,9,0.9969528913497925
NeuMF,2011,2011-12-31,43410,5878,10,0.9967172741889954
NeuMF,2011,2011-12-31,43852,1178,1,0.9991200566291809
NeuMF,2011,2011-12-31,43852,27317,2,0.9987810254096985
NeuMF,2011,2011-12-31,43852,6016,3,0.9979288578033447
NeuMF,2011,2011-12-31,43852,48043,4,0.9977483153343201
NeuMF,2011,2011-12-31,43852,44191,5,0.9977155923843384
NeuMF,2011,2011-12-31,43852,1464,6,0.9973959922790527
NeuMF,2011,2011-12-31,43852,5669,7,0.9973589777946472
NeuMF,2011,2011-12-31,43852,48780,8,0.9969876408576965
NeuMF,2011,2011-12-31,43852,53519,9,0.99678635597229
NeuMF,2011,2011-12-31,43852,55247,10,0.9966083765029907
NeuMF,2011,2011-12-31,43953,7254,1,0.9989355206489563
NeuMF,2011,2011-12-31,43953,4105,2,0.9983231425285339
NeuMF,2011,2011-12-31,43953,1206,3,0.998221218585968
NeuMF,2011,2011-12-31,43953,53125,4,0.9980033040046692
NeuMF,2011,2011-12-31,43953,33679,5,0.9976892471313477
NeuMF,2011,2011-12-31,43953,6953,6,0.9974952936172485
NeuMF,2011,2011-12-31,43953,51662,7,0.9973881840705872
NeuMF,2011,2011-12-31,43953,2717,8,0.996737539768219
NeuMF,2011,2011-12-31,43953,7143,9,0.9960058331489563
NeuMF,2011,2011-12-31,43953,5903,10,0.9955675005912781
NeuMF,2011,2011-12-31,44313,44849,1,0.9990838766098022
NeuMF,2011,2011-12-31,44313,6385,2,0.9990763664245605
NeuMF,2011,2011-12-31,44313,5617,3,0.9990191459655762
NeuMF,2011,2011-12-31,44313,27660,4,0.9987978935241699
NeuMF,2011,2011-12-31,44313,6534,5,0.9984357953071594
NeuMF,2011,2011-12-31,44313,5690,6,0.9979385733604431
NeuMF,2011,2011-12-31,44313,72226,7,0.9978662133216858
NeuMF,2011,2011-12-31,44313,7164,8,0.9971254467964172
NeuMF,2011,2011-12-31,44313,71264,9,0.9969099164009094
NeuMF,2011,2011-12-31,44313,3745,10,0.9965574741363525
NeuMF,2011,2011-12-31,44460,8589,1,0.999354898929596
NeuMF,2011,2011-12-31,44460,7022,2,0.9992396831512451
NeuMF,2011,2011-12-31,44460,293,3,0.9985442161560059
NeuMF,2011,2011-12-31,44460,1320,4,0.9981264472007751
NeuMF,2011,2011-12-31,44460,1206,5,0.9980351328849792
NeuMF,2011,2011-12-31,44460,466,6,0.9979198575019836
NeuMF,2011,2011-12-31,44460,60684,7,0.9969492554664612
NeuMF,2011,2011-12-31,44460,1391,8,0.996752917766571
NeuMF,2011,2011-12-31,44460,593,9,0.9958006739616394
NeuMF,2011,2011-12-31,44460,40278,10,0.9956473708152771
NeuMF,2011,2011-12-31,44465,68358,1,0.9988263249397278
NeuMF,2011,2011-12-31,44465,60069,2,0.9973787069320679
NeuMF,2011,2011-12-31,44465,1356,3,0.9972299933433533
NeuMF,2011,2011-12-31,44465,4963,4,0.9963766932487488
NeuMF,2011,2011-12-31,44465,69844,5,0.9962373971939087
NeuMF,2011,2011-12-31,44465,63113,6,0.9961251616477966
NeuMF,2011,2011-12-31,44465,303,7,0.9960600733757019
NeuMF,2011,2011-12-31,44465,653,8,0.9958683252334595
NeuMF,2011,2011-12-31,44465,48780,9,0.9958648681640625
NeuMF,2011,2011-12-31,44465,7569,10,0.9958557486534119
NeuMF,2011,2011-12-31,44780,68358,1,0.9999552965164185
NeuMF,2011,2011-12-31,44780,7323,2,0.9998676776885986
NeuMF,2011,2011-12-31,44780,5508,3,0.9997307658195496
NeuMF,2011,2011-12-31,44780,8014,4,0.9992953538894653
NeuMF,2011,2011-12-31,44780,67255,5,0.9992770552635193
NeuMF,2011,2011-12-31,44780,6104,6,0.9992213249206543
NeuMF,2011,2011-12-31,44780,63082,7,0.9991733431816101
NeuMF,2011,2011-12-31,44780,61240,8,0.9991670846939087
NeuMF,2011,2011-12-31,44780,58559,9,0.9990949630737305
NeuMF,2011,2011-12-31,44780,44555,10,0.9989421963691711
NeuMF,2011,2011-12-31,44946,1210,1,0.9995579123497009
NeuMF,2011,2011-12-31,44946,924,2,0.9994608759880066
NeuMF,2011,2011-12-31,44946,7361,3,0.9994571805000305
NeuMF,2011,2011-12-31,44946,780,4,0.9993829727172852
NeuMF,2011,2011-12-31,44946,5952,5,0.9992747902870178
NeuMF,2011,2011-12-31,44946,1214,6,0.9992590546607971
NeuMF,2011,2011-12-31,44946,1196,7,0.9991979002952576
NeuMF,2011,2011-12-31,44946,4993,8,0.9991369843482971
NeuMF,2011,2011-12-31,44946,7153,9,0.9990166425704956
NeuMF,2011,2011-12-31,44946,733,10,0.9988956451416016
NeuMF,2011,2011-12-31,45103,64839,1,0.999661922454834
NeuMF,2011,2011-12-31,45103,54997,2,0.9996538162231445
NeuMF,2011,2011-12-31,45103,52952,3,0.999638557434082
NeuMF,2011,2011-12-31,45103,44555,4,0.9996086955070496
NeuMF,2011,2011-12-31,45103,27904,5,0.9994924068450928
NeuMF,2011,2011-12-31,45103,55247,6,0.9994043111801147
NeuMF,2011,2011-12-31,45103,79702,7,0.9993259906768799
NeuMF,2011,2011-12-31,45103,2542,8,0.9992007613182068
NeuMF,2011,2011-12-31,45103,55290,9,0.9990780353546143
NeuMF,2011,2011-12-31,45103,54272,10,0.9989416003227234
NeuMF,2011,2011-12-31,45355,555,1,0.999250590801239
NeuMF,2011,2011-12-31,45355,1320,2,0.9990436434745789
NeuMF,2011,2011-12-31,45355,293,3,0.998870313167572
NeuMF,2011,2011-12-31,45355,47,4,0.9987322688102722
NeuMF,2011,2011-12-31,45355,1200,5,0.9986832737922668
NeuMF,2011,2011-12-31,45355,1214,6,0.998547375202179
NeuMF,2011,2011-12-31,45355,70,7,0.9981846213340759
NeuMF,2011,2011-12-31,45355,593,8,0.997986912727356
NeuMF,2011,2011-12-31,45355,165,9,0.9975517392158508
NeuMF,2011,2011-12-31,45355,296,10,0.9970607161521912
NeuMF,2011,2011-12-31,45714,61323,1,0.9999462366104126
NeuMF,2011,2011-12-31,45714,6016,2,0.9996476173400879
NeuMF,2011,2011-12-31,45714,57669,3,0.9996452331542969
NeuMF,2011,2011-12-31,45714,63082,4,0.9996213912963867
NeuMF,2011,2011-12-31,45714,61024,5,0.9995337724685669
NeuMF,2011,2011-12-31,45714,48997,6,0.9994675517082214
NeuMF,2011,2011-12-31,45714,60950,7,0.9994111061096191
NeuMF,2011,2011-12-31,45714,55820,8,0.9993245601654053
NeuMF,2011,2011-12-31,45714,2959,9,0.9992358684539795
NeuMF,2011,2011-12-31,45714,39183,10,0.9990766048431396
NeuMF,2011,2011-12-31,45992,8604,1,0.9995342493057251
NeuMF,2011,2011-12-31,45992,34162,2,0.9992867112159729
NeuMF,2011,2011-12-31,45992,2380,3,0.9989830851554871
NeuMF,2011,2011-12-31,45992,5989,4,0.9988235831260681
NeuMF,2011,2011-12-31,45992,8132,5,0.9984447360038757
NeuMF,2011,2011-12-31,45992,30793,6,0.9984093308448792
NeuMF,2011,2011-12-31,45992,33794,7,0.9983041286468506
NeuMF,2011,2011-12-31,45992,8961,8,0.9982971549034119
NeuMF,2011,2011-12-31,45992,2379,9,0.9977608919143677
NeuMF,2011,2011-12-31,45992,520,10,0.9976167678833008
NeuMF,2011,2011-12-31,46025,2023,1,0.9993938207626343
NeuMF,2011,2011-12-31,46025,55995,2,0.998982846736908
NeuMF,2011,2011-12-31,46025,7505,3,0.9984934329986572
NeuMF,2011,2011-12-31,46025,3569,4,0.9983001351356506
NeuMF,2011,2011-12-31,46025,6441,5,0.9982384443283081
NeuMF,2011,2011-12-31,46025,48304,6,0.998034656047821
NeuMF,2011,2011-12-31,46025,1232,7,0.9979571104049683
NeuMF,2011,2011-12-31,46025,778,8,0.9979534149169922
NeuMF,2011,2011-12-31,46025,5313,9,0.9978545308113098
NeuMF,2011,2011-12-31,46025,7323,10,0.9975433945655823
NeuMF,2011,2011-12-31,46521,60684,1,0.9998238682746887
NeuMF,2011,2011-12-31,46521,73017,2,0.9996293783187866
NeuMF,2011,2011-12-31,46521,4011,3,0.9991719722747803
NeuMF,2011,2011-12-31,46521,69122,4,0.9990819692611694
NeuMF,2011,2011-12-31,46521,57669,5,0.9989475607872009
NeuMF,2011,2011-12-31,46521,79132,6,0.9985945820808411
NeuMF,2011,2011-12-31,46521,61323,7,0.9985678195953369
NeuMF,2011,2011-12-31,46521,62374,8,0.9983696341514587
NeuMF,2011,2011-12-31,46521,80219,9,0.9979339838027954
NeuMF,2011,2011-12-31,46521,51662,10,0.9976726174354553
NeuMF,2011,2011-12-31,46620,62374,1,0.9998759031295776
NeuMF,2011,2011-12-31,46620,64614,2,0.999775230884552
NeuMF,2011,2011-12-31,46620,27831,3,0.9995260238647461
NeuMF,2011,2011-12-31,46620,72998,4,0.9994633793830872
NeuMF,2011,2011-12-31,46620,64716,5,0.9990012049674988
NeuMF,2011,2011-12-31,46620,79132,6,0.9989901185035706
NeuMF,2011,2011-12-31,46620,62849,7,0.9989511966705322
NeuMF,2011,2011-12-31,46620,68358,8,0.9989432692527771
NeuMF,2011,2011-12-31,46620,53972,9,0.9988822340965271
NeuMF,2011,2011-12-31,46620,30749,10,0.998785674571991
NeuMF,2011,2011-12-31,46809,44657,1,0.9998838901519775
NeuMF,2011,2011-12-31,46809,4049,2,0.9997615218162537
NeuMF,2011,2011-12-31,46809,4298,3,0.9994617104530334
NeuMF,2011,2011-12-31,46809,26131,4,0.9994346499443054
NeuMF,2011,2011-12-31,46809,6981,5,0.9993972778320312
NeuMF,2011,2011-12-31,46809,55442,6,0.999372661113739
NeuMF,2011,2011-12-31,46809,6611,7,0.9989041090011597
NeuMF,2011,2011-12-31,46809,6023,8,0.9988364577293396
NeuMF,2011,2011-12-31,46809,7301,9,0.9988278746604919
NeuMF,2011,2011-12-31,46809,6051,10,0.9985381364822388
NeuMF,2011,2011-12-31,47056,68954,1,0.999913215637207
NeuMF,2011,2011-12-31,47056,68848,2,0.9999020099639893
NeuMF,2011,2011-12-31,47056,5690,3,0.9998946189880371
NeuMF,2011,2011-12-31,47056,64614,4,0.9998433589935303
NeuMF,2011,2011-12-31,47056,68157,5,0.9997486472129822
NeuMF,2011,2011-12-31,47056,59315,6,0.9996658563613892
NeuMF,2011,2011-12-31,47056,27773,7,0.9996634721755981
NeuMF,2011,2011-12-31,47056,79702,8,0.99965500831604
NeuMF,2011,2011-12-31,47056,1089,9,0.99962317943573
NeuMF,2011,2011-12-31,47056,61240,10,0.999583899974823
NeuMF,2011,2011-12-31,47057,69644,1,0.9999673366546631
NeuMF,2011,2011-12-31,47057,79132,2,0.9998927116394043
NeuMF,2011,2011-12-31,47057,70599,3,0.999863862991333
NeuMF,2011,2011-12-31,47057,67197,4,0.9998283386230469
NeuMF,2011,2011-12-31,47057,56915,5,0.9997914433479309
NeuMF,2011,2011-12-31,47057,65682,6,0.9997640252113342
NeuMF,2011,2011-12-31,47057,70336,7,0.9996991157531738
NeuMF,2011,2011-12-31,47057,67408,8,0.9996933937072754
NeuMF,2011,2011-12-31,47057,67799,9,0.999642014503479
NeuMF,2011,2011-12-31,47057,59369,10,0.9996352195739746
NeuMF,2011,2011-12-31,47559,70336,1,0.9999755620956421
NeuMF,2011,2011-12-31,47559,63992,2,0.9994121789932251
NeuMF,2011,2011-12-31,47559,48520,3,0.9990583062171936
NeuMF,2011,2011-12-31,47559,67197,4,0.9986369013786316
NeuMF,2011,2011-12-31,47559,62081,5,0.9983250498771667
NeuMF,2011,2011-12-31,47559,70208,6,0.9981101751327515
NeuMF,2011,2011-12-31,47559,30894,7,0.998084545135498
NeuMF,2011,2011-12-31,47559,58559,8,0.9979766011238098
NeuMF,2011,2011-12-31,47559,64034,9,0.9976187348365784
NeuMF,2011,2011-12-31,47559,68554,10,0.9973465204238892
NeuMF,2011,2011-12-31,47680,5254,1,0.9995580315589905
NeuMF,2011,2011-12-31,47680,2023,2,0.9992480874061584
NeuMF,2011,2011-12-31,47680,5094,3,0.9991949200630188
NeuMF,2011,2011-12-31,47680,53125,4,0.9991313815116882
NeuMF,2011,2011-12-31,47680,1131,5,0.9988219141960144
NeuMF,2011,2011-12-31,47680,1132,6,0.9987484216690063
NeuMF,2011,2011-12-31,47680,3633,7,0.9982853531837463
NeuMF,2011,2011-12-31,47680,1562,8,0.9980461597442627
NeuMF,2011,2011-12-31,47680,5049,9,0.9980295300483704
NeuMF,2011,2011-12-31,47680,2991,10,0.9979415535926819
NeuMF,2011,2011-12-31,47685,69757,1,0.9999803304672241
NeuMF,2011,2011-12-31,47685,71264,2,0.9999552965164185
NeuMF,2011,2011-12-31,47685,69122,3,0.9999204874038696
NeuMF,2011,2011-12-31,47685,52319,4,0.9999017715454102
NeuMF,2011,2011-12-31,47685,67255,5,0.9998979568481445
NeuMF,2011,2011-12-31,47685,72641,6,0.9998621940612793
NeuMF,2011,2011-12-31,47685,48516,7,0.9998295307159424
NeuMF,2011,2011-12-31,47685,77561,8,0.9996546506881714
NeuMF,2011,2011-12-31,47685,63072,9,0.9996340274810791
NeuMF,2011,2011-12-31,47685,48304,10,0.9995263814926147
NeuMF,2011,2011-12-31,47910,69757,1,0.9998939037322998
NeuMF,2011,2011-12-31,47910,33794,2,0.9993574023246765
NeuMF,2011,2011-12-31,47910,64614,3,0.9988251328468323
NeuMF,2011,2011-12-31,47910,50872,4,0.9987642765045166
NeuMF,2011,2011-12-31,47910,63859,5,0.9985742568969727
NeuMF,2011,2011-12-31,47910,81834,6,0.9985706806182861
NeuMF,2011,2011-12-31,47910,51662,7,0.9983386993408203
NeuMF,2011,2011-12-31,47910,56174,8,0.9981489181518555
NeuMF,2011,2011-12-31,47910,5971,9,0.997674286365509
NeuMF,2011,2011-12-31,47910,54286,10,0.9971174001693726
NeuMF,2011,2011-12-31,48111,5690,1,0.9996515512466431
NeuMF,2011,2011-12-31,48111,71535,2,0.999342143535614
NeuMF,2011,2011-12-31,48111,2488,3,0.9992085099220276
NeuMF,2011,2011-12-31,48111,4329,4,0.9991838335990906
NeuMF,2011,2011-12-31,48111,6286,5,0.9991421699523926
NeuMF,2011,2011-12-31,48111,34405,6,0.999087929725647
NeuMF,2011,2011-12-31,48111,34437,7,0.9990731477737427
NeuMF,2011,2011-12-31,48111,7034,8,0.9990372657775879
NeuMF,2011,2011-12-31,48111,51540,9,0.9986944794654846
NeuMF,2011,2011-12-31,48111,3310,10,0.9985820055007935
NeuMF,2011,2011-12-31,48329,69844,1,0.9999715089797974
NeuMF,2011,2011-12-31,48329,56152,2,0.9999451637268066
NeuMF,2011,2011-12-31,48329,2052,3,0.9999076128005981
NeuMF,2011,2011-12-31,48329,40826,4,0.9999027252197266
NeuMF,2011,2011-12-31,48329,2581,5,0.9998584985733032
NeuMF,2011,2011-12-31,48329,374,6,0.9998412132263184
NeuMF,2011,2011-12-31,48329,52435,7,0.9997774958610535
NeuMF,2011,2011-12-31,48329,66934,8,0.9997345805168152
NeuMF,2011,2011-12-31,48329,818,9,0.9997259974479675
NeuMF,2011,2011-12-31,48329,8808,10,0.9997171759605408
NeuMF,2011,2011-12-31,48928,1704,1,0.9988403916358948
NeuMF,2011,2011-12-31,48928,919,2,0.9983670115470886
NeuMF,2011,2011-12-31,48928,2054,3,0.9982359409332275
NeuMF,2011,2011-12-31,48928,2003,4,0.9980321526527405
NeuMF,2011,2011-12-31,48928,1997,5,0.9980033040046692
NeuMF,2011,2011-12-31,48928,1994,6,0.997498095035553
NeuMF,2011,2011-12-31,48928,2424,7,0.9972986578941345
NeuMF,2011,2011-12-31,48928,1127,8,0.9972725510597229
NeuMF,2011,2011-12-31,48928,3148,9,0.997198224067688
NeuMF,2011,2011-12-31,48928,2100,10,0.9970308542251587
NeuMF,2011,2011-12-31,48973,62376,1,0.9994078874588013
NeuMF,2011,2011-12-31,48973,34405,2,0.9989712238311768
NeuMF,2011,2011-12-31,48973,56174,3,0.9988712668418884
NeuMF,2011,2011-12-31,48973,6880,4,0.9988623857498169
NeuMF,2011,2011-12-31,48973,5690,5,0.9987830519676208
NeuMF,2011,2011-12-31,48973,67408,6,0.9986379742622375
NeuMF,2011,2011-12-31,48973,54272,7,0.9985051155090332
NeuMF,2011,2011-12-31,48973,7317,8,0.9981293082237244
NeuMF,2011,2011-12-31,48973,47200,9,0.997951328754425
NeuMF,2011,2011-12-31,48973,1527,10,0.9977772831916809
NeuMF,2011,2011-12-31,49005,1214,1,0.9997549653053284
NeuMF,2011,2011-12-31,49005,2528,2,0.999570906162262
NeuMF,2011,2011-12-31,49005,5054,3,0.9994465708732605
NeuMF,2011,2011-12-31,49005,3505,4,0.9993854761123657
NeuMF,2011,2011-12-31,49005,1200,5,0.9991611242294312
NeuMF,2011,2011-12-31,49005,3793,6,0.9990202188491821
NeuMF,2011,2011-12-31,49005,480,7,0.9989264607429504
NeuMF,2011,2011-12-31,49005,2407,8,0.9988980293273926
NeuMF,2011,2011-12-31,49005,4553,9,0.9987931251525879
NeuMF,2011,2011-12-31,49005,750,10,0.9984540939331055
NeuMF,2011,2011-12-31,49032,3681,1,0.9997420907020569
NeuMF,2011,2011-12-31,49032,57528,2,0.9991501569747925
NeuMF,2011,2011-12-31,49032,7360,3,0.9990326166152954
NeuMF,2011,2011-12-31,49032,3697,4,0.9988152980804443
NeuMF,2011,2011-12-31,49032,3917,5,0.9986531734466553
NeuMF,2011,2011-12-31,49032,56145,6,0.9985840320587158
NeuMF,2011,2011-12-31,49032,6539,7,0.9985709190368652
NeuMF,2011,2011-12-31,49032,40732,8,0.9980023503303528
NeuMF,2011,2011-12-31,49032,1645,9,0.9971139430999756
NeuMF,2011,2011-12-31,49032,1339,10,0.9971093535423279
NeuMF,2011,2011-12-31,49248,68157,1,0.9996166229248047
NeuMF,2011,2011-12-31,49248,72998,2,0.9995704293251038
NeuMF,2011,2011-12-31,49248,6016,3,0.999461829662323
NeuMF,2011,2011-12-31,49248,8360,4,0.9994009733200073
NeuMF,2011,2011-12-31,49248,6539,5,0.9993640780448914
NeuMF,2011,2011-12-31,49248,62374,6,0.999221682548523
NeuMF,2011,2011-12-31,49248,45722,7,0.9987101554870605
NeuMF,2011,2011-12-31,49248,73017,8,0.9986844658851624
NeuMF,2011,2011-12-31,49248,74458,9,0.9983760118484497
NeuMF,2011,2011-12-31,49248,33794,10,0.9981684684753418
NeuMF,2011,2011-12-31,49430,49530,1,0.9997996687889099
NeuMF,2011,2011-12-31,49430,48696,2,0.9997127652168274
NeuMF,2011,2011-12-31,49430,69481,3,0.999671220779419
NeuMF,2011,2011-12-31,49430,44199,4,0.9996591806411743
NeuMF,2011,2011-12-31,49430,44555,5,0.9995823502540588
NeuMF,2011,2011-12-31,49430,48738,6,0.9994015693664551
NeuMF,2011,2011-12-31,49430,43396,7,0.9992903470993042
NeuMF,2011,2011-12-31,49430,41997,8,0.9992656111717224
NeuMF,2011,2011-12-31,49430,37741,9,0.9992400407791138
NeuMF,2011,2011-12-31,49430,26729,10,0.9991747736930847
NeuMF,2011,2011-12-31,49545,50514,1,0.9998452663421631
NeuMF,2011,2011-12-31,49545,37855,2,0.9996951818466187
NeuMF,2011,2011-12-31,49545,2590,3,0.9989895224571228
NeuMF,2011,2011-12-31,49545,5945,4,0.9986336827278137
NeuMF,2011,2011-12-31,49545,6867,5,0.9985203146934509
NeuMF,2011,2011-12-31,49545,5625,6,0.9984022974967957
NeuMF,2011,2011-12-31,49545,5477,7,0.9983685612678528
NeuMF,2011,2011-12-31,49545,4347,8,0.9983232617378235
NeuMF,2011,2011-12-31,49545,4273,9,0.998308539390564
NeuMF,2011,2011-12-31,49545,6753,10,0.9982264637947083
NeuMF,2011,2011-12-31,49650,1965,1,0.9999065399169922
NeuMF,2011,2011-12-31,49650,2144,2,0.9997469782829285
NeuMF,2011,2011-12-31,49650,3210,3,0.9996993541717529
NeuMF,2011,2011-12-31,49650,2395,4,0.9994602799415588
NeuMF,2011,2011-12-31,49650,1663,5,0.999427080154419
NeuMF,2011,2011-12-31,49650,3361,6,0.9994189739227295
NeuMF,2011,2011-12-31,49650,2145,7,0.9994112253189087
NeuMF,2011,2011-12-31,49650,1968,8,0.9994001388549805
NeuMF,2011,2011-12-31,49650,2140,9,0.99928218126297
NeuMF,2011,2011-12-31,49650,2997,10,0.9991530179977417
NeuMF,2011,2011-12-31,49745,60126,1,0.9994854927062988
NeuMF,2011,2011-12-31,49745,57669,2,0.9994195699691772
NeuMF,2011,2011-12-31,49745,77561,3,0.9993553757667542
NeuMF,2011,2011-12-31,49745,923,4,0.9993127584457397
NeuMF,2011,2011-12-31,49745,52241,5,0.9992591738700867
NeuMF,2011,2011-12-31,49745,1203,6,0.999229907989502
NeuMF,2011,2011-12-31,49745,66934,7,0.9992111921310425
NeuMF,2011,2011-12-31,49745,1178,8,0.9991915822029114
NeuMF,2011,2011-12-31,49745,69481,9,0.9990718364715576
NeuMF,2011,2011-12-31,49745,1204,10,0.9987062215805054
NeuMF,2011,2011-12-31,49901,80463,1,0.9998660087585449
NeuMF,2011,2011-12-31,49901,26631,2,0.9998268485069275
NeuMF,2011,2011-12-31,49901,4732,3,0.9998226761817932
NeuMF,2011,2011-12-31,49901,59126,4,0.999822199344635
NeuMF,2011,2011-12-31,49901,71535,5,0.9994718432426453
NeuMF,2011,2011-12-31,49901,52606,6,0.9994521737098694
NeuMF,2011,2011-12-31,49901,71264,7,0.9993390440940857
NeuMF,2011,2011-12-31,49901,2048,8,0.9993354678153992
NeuMF,2011,2011-12-31,49901,68237,9,0.9992291927337646
NeuMF,2011,2011-12-31,49901,73017,10,0.9991815686225891
NeuMF,2011,2011-12-31,49948,5995,1,0.9984455704689026
NeuMF,2011,2011-12-31,49948,5618,2,0.9975462555885315
NeuMF,2011,2011-12-31,49948,1241,3,0.9971837401390076
NeuMF,2011,2011-12-31,49948,27815,4,0.9967893958091736
NeuMF,2011,2011-12-31,49948,26947,5,0.9964753985404968
NeuMF,2011,2011-12-31,49948,48516,6,0.9956566095352173
NeuMF,2011,2011-12-31,49948,2843,7,0.9951040744781494
NeuMF,2011,2011-12-31,49948,55247,8,0.9951039552688599
NeuMF,2011,2011-12-31,49948,38038,9,0.9950962662696838
NeuMF,2011,2011-12-31,49948,45722,10,0.9937445521354675
NeuMF,2011,2011-12-31,50028,7247,1,0.9998950958251953
NeuMF,2011,2011-12-31,50028,1951,2,0.9995445609092712
NeuMF,2011,2011-12-31,50028,4912,3,0.999316930770874
NeuMF,2011,2011-12-31,50028,4709,4,0.9991639852523804
NeuMF,2011,2011-12-31,50028,5472,5,0.9988018274307251
NeuMF,2011,2011-12-31,50028,2083,6,0.9985859394073486
NeuMF,2011,2011-12-31,50028,4361,7,0.998314380645752
NeuMF,2011,2011-12-31,50028,8147,8,0.9982339143753052
NeuMF,2011,2011-12-31,50028,4039,9,0.9975405931472778
NeuMF,2011,2011-12-31,50028,6979,10,0.997047483921051
NeuMF,2011,2011-12-31,50581,48744,1,0.999841570854187
NeuMF,2011,2011-12-31,50581,33138,2,0.9998020529747009
NeuMF,2011,2011-12-31,50581,1241,3,0.9995988011360168
NeuMF,2011,2011-12-31,50581,5971,4,0.9995903372764587
NeuMF,2011,2011-12-31,50581,714,5,0.9994889497756958
NeuMF,2011,2011-12-31,50581,4105,6,0.9994878768920898
NeuMF,2011,2011-12-31,50581,27728,7,0.9992576241493225
NeuMF,2011,2011-12-31,50581,6016,8,0.9992546439170837
NeuMF,2011,2011-12-31,50581,1261,9,0.9991827607154846
NeuMF,2011,2011-12-31,50581,5690,10,0.9991447925567627
NeuMF,2011,2011-12-31,50665,3578,1,0.9995322227478027
NeuMF,2011,2011-12-31,50665,47099,2,0.998773992061615
NeuMF,2011,2011-12-31,50665,33794,3,0.9982848763465881
NeuMF,2011,2011-12-31,50665,3147,4,0.9982478618621826
NeuMF,2011,2011-12-31,50665,33166,5,0.9980350136756897
NeuMF,2011,2011-12-31,50665,3949,6,0.9973164200782776
NeuMF,2011,2011-12-31,50665,49530,7,0.9958510398864746
NeuMF,2011,2011-12-31,50665,47,8,0.9955654740333557
NeuMF,2011,2011-12-31,50665,7438,9,0.9951856732368469
NeuMF,2011,2011-12-31,50665,110,10,0.9949718713760376
NeuMF,2011,2011-12-31,50750,5873,1,0.9989356398582458
NeuMF,2011,2011-12-31,50750,318,2,0.9969996809959412
NeuMF,2011,2011-12-31,50750,2329,3,0.9964087605476379
NeuMF,2011,2011-12-31,50750,5785,4,0.9958378076553345
NeuMF,2011,2011-12-31,50750,33660,5,0.9955561757087708
NeuMF,2011,2011-12-31,50750,1653,6,0.9952829480171204
NeuMF,2011,2011-12-31,50750,3753,7,0.9946974515914917
NeuMF,2011,2011-12-31,50750,7458,8,0.9946722388267517
NeuMF,2011,2011-12-31,50750,4866,9,0.9944596290588379
NeuMF,2011,2011-12-31,50750,70286,10,0.9943370223045349
NeuMF,2011,2011-12-31,51408,6713,1,0.9996142387390137
NeuMF,2011,2011-12-31,51408,27706,2,0.9992881417274475
NeuMF,2011,2011-12-31,51408,927,3,0.9991669654846191
NeuMF,2011,2011-12-31,51408,1269,4,0.9989282488822937
NeuMF,2011,2011-12-31,51408,6104,5,0.998889148235321
NeuMF,2011,2011-12-31,51408,3675,6,0.9987768530845642
NeuMF,2011,2011-12-31,51408,51709,7,0.9983080625534058
NeuMF,2011,2011-12-31,51408,2810,8,0.9978967905044556
NeuMF,2011,2011-12-31,51408,34332,9,0.9977503418922424
NeuMF,2011,2011-12-31,51408,59501,10,0.9972949624061584
NeuMF,2011,2011-12-31,52329,3148,1,0.9992086291313171
NeuMF,2011,2011-12-31,52329,5016,2,0.9991361498832703
NeuMF,2011,2011-12-31,52329,7158,3,0.9984972476959229
NeuMF,2011,2011-12-31,52329,6539,4,0.9984071850776672
NeuMF,2011,2011-12-31,52329,4979,5,0.9982067346572876
NeuMF,2011,2011-12-31,52329,5015,6,0.9981821775436401
NeuMF,2011,2011-12-31,52329,4978,7,0.9979239702224731
NeuMF,2011,2011-12-31,52329,6927,8,0.9975010752677917
NeuMF,2011,2011-12-31,52329,5955,9,0.9968936443328857
NeuMF,2011,2011-12-31,52329,3916,10,0.9967290163040161
NeuMF,2011,2011-12-31,52412,54995,1,0.9999834299087524
NeuMF,2011,2011-12-31,52412,7022,2,0.9999814033508301
NeuMF,2011,2011-12-31,52412,27592,3,0.9999734163284302
NeuMF,2011,2011-12-31,52412,27773,4,0.9998811483383179
NeuMF,2011,2011-12-31,52412,53519,5,0.9998531341552734
NeuMF,2011,2011-12-31,52412,7099,6,0.9998192191123962
NeuMF,2011,2011-12-31,52412,8157,7,0.9996840953826904
NeuMF,2011,2011-12-31,52412,57274,8,0.999618649482727
NeuMF,2011,2011-12-31,52412,5690,9,0.999607503414154
NeuMF,2011,2011-12-31,52412,53161,10,0.9995904564857483
NeuMF,2011,2011-12-31,52654,4564,1,0.9995614886283875
NeuMF,2011,2011-12-31,52654,8865,2,0.9986869692802429
NeuMF,2011,2011-12-31,52654,6867,3,0.9974982142448425
NeuMF,2011,2011-12-31,52654,6502,4,0.9974368214607239
NeuMF,2011,2011-12-31,52654,2771,5,0.9973289966583252
NeuMF,2011,2011-12-31,52654,6565,6,0.9972707629203796
NeuMF,2011,2011-12-31,52654,3911,7,0.9966983199119568
NeuMF,2011,2011-12-31,52654,3155,8,0.9965440630912781
NeuMF,2011,2011-12-31,52654,34048,9,0.9963216781616211
NeuMF,2011,2011-12-31,52654,2340,10,0.9963005781173706
NeuMF,2011,2011-12-31,52670,4226,1,0.9978577494621277
NeuMF,2011,2011-12-31,52670,50872,2,0.9973204731941223
NeuMF,2011,2011-12-31,52670,50912,3,0.9970096349716187
NeuMF,2011,2011-12-31,52670,64620,4,0.9966486096382141
NeuMF,2011,2011-12-31,52670,60950,5,0.9956875443458557
NeuMF,2011,2011-12-31,52670,372,6,0.9956803321838379
NeuMF,2011,2011-12-31,52670,45186,7,0.9954544305801392
NeuMF,2011,2011-12-31,52670,6104,8,0.9953757524490356
NeuMF,2011,2011-12-31,52670,46723,9,0.995032548904419
NeuMF,2011,2011-12-31,52670,2403,10,0.9946269392967224
NeuMF,2011,2011-12-31,52687,1234,1,0.9997788071632385
NeuMF,2011,2011-12-31,52687,35836,2,0.9996486902236938
NeuMF,2011,2011-12-31,52687,8949,3,0.9996071457862854
NeuMF,2011,2011-12-31,52687,33166,4,0.9994671940803528
NeuMF,2011,2011-12-31,52687,34437,5,0.9993656277656555
NeuMF,2011,2011-12-31,52687,46578,6,0.9992252588272095
NeuMF,2011,2011-12-31,52687,38798,7,0.9990931749343872
NeuMF,2011,2011-12-31,52687,49961,8,0.9990835189819336
NeuMF,2011,2011-12-31,52687,1580,9,0.9988383650779724
NeuMF,2011,2011-12-31,52687,39292,10,0.998703122138977
NeuMF,2011,2011-12-31,52719,27773,1,0.9999395608901978
NeuMF,2011,2011-12-31,52719,25788,2,0.9998083710670471
NeuMF,2011,2011-12-31,52719,27741,3,0.9997841715812683
NeuMF,2011,2011-12-31,52719,26578,4,0.9997455477714539
NeuMF,2011,2011-12-31,52719,47044,5,0.9996683597564697
NeuMF,2011,2011-12-31,52719,1274,6,0.9995937943458557
NeuMF,2011,2011-12-31,52719,50005,7,0.9995797276496887
NeuMF,2011,2011-12-31,52719,26082,8,0.9995429515838623
NeuMF,2011,2011-12-31,52719,42418,9,0.9994606375694275
NeuMF,2011,2011-12-31,52719,8327,10,0.9994460940361023
NeuMF,2011,2011-12-31,53405,49272,1,0.9984683394432068
NeuMF,2011,2011-12-31,53405,44191,2,0.9981145858764648
NeuMF,2011,2011-12-31,53405,4226,3,0.9976453185081482
NeuMF,2011,2011-12-31,53405,2917,4,0.9968205690383911
NeuMF,2011,2011-12-31,53405,1240,5,0.9952671527862549
NeuMF,2011,2011-12-31,53405,8949,6,0.9952606558799744
NeuMF,2011,2011-12-31,53405,2571,7,0.9951516389846802
NeuMF,2011,2011-12-31,53405,2474,8,0.994636595249176
NeuMF,2011,2011-12-31,53405,2916,9,0.9942728877067566
NeuMF,2011,2011-12-31,53405,1196,10,0.9938738346099854
NeuMF,2011,2011-12-31,53800,57640,1,0.9992021918296814
NeuMF,2011,2011-12-31,53800,34332,2,0.9990621209144592
NeuMF,2011,2011-12-31,53800,63113,3,0.9988993406295776
NeuMF,2011,2011-12-31,53800,52722,4,0.9986453652381897
NeuMF,2011,2011-12-31,53800,59501,5,0.998450756072998
NeuMF,2011,2011-12-31,53800,6377,6,0.9984230995178223
NeuMF,2011,2011-12-31,53800,60072,7,0.9983519315719604
NeuMF,2011,2011-12-31,53800,71057,8,0.998307466506958
NeuMF,2011,2011-12-31,53800,8636,9,0.998185932636261
NeuMF,2011,2011-12-31,53800,48304,10,0.9980646967887878
NeuMF,2011,2011-12-31,53819,7254,1,0.9997550845146179
NeuMF,2011,2011-12-31,53819,4963,2,0.9990298748016357
NeuMF,2011,2011-12-31,53819,59315,3,0.9987009763717651
NeuMF,2011,2011-12-31,53819,5445,4,0.9985442161560059
NeuMF,2011,2011-12-31,53819,5608,5,0.9984386563301086
NeuMF,2011,2011-12-31,53819,741,6,0.9981951117515564
NeuMF,2011,2011-12-31,53819,4383,7,0.9979466795921326
NeuMF,2011,2011-12-31,53819,42738,8,0.9976401329040527
NeuMF,2011,2011-12-31,53819,8644,9,0.9973270893096924
NeuMF,2011,2011-12-31,53819,8369,10,0.9971874356269836
NeuMF,2011,2011-12-31,54421,3578,1,0.9998526573181152
NeuMF,2011,2011-12-31,54421,2720,2,0.9998488426208496
NeuMF,2011,2011-12-31,54421,2959,3,0.9997991919517517
NeuMF,2011,2011-12-31,54421,2628,4,0.9997588992118835
NeuMF,2011,2011-12-31,54421,58559,5,0.9996693134307861
NeuMF,2011,2011-12-31,54421,59315,6,0.9994634985923767
NeuMF,2011,2011-12-31,54421,6934,7,0.9994350075721741
NeuMF,2011,2011-12-31,54421,5378,8,0.9993287324905396
NeuMF,2011,2011-12-31,54421,48385,9,0.9992541670799255
NeuMF,2011,2011-12-31,54421,4306,10,0.9992507100105286
NeuMF,2011,2011-12-31,54450,44974,1,0.9998243451118469
NeuMF,2011,2011-12-31,54450,44204,2,0.9991441965103149
NeuMF,2011,2011-12-31,54450,46967,3,0.9990015625953674
NeuMF,2011,2011-12-31,54450,1801,4,0.9987826943397522
NeuMF,2011,2011-12-31,54450,7254,5,0.9984291195869446
NeuMF,2011,2011-12-31,54450,27721,6,0.9983997941017151
NeuMF,2011,2011-12-31,54450,51091,7,0.9983184337615967
NeuMF,2011,2011-12-31,54450,40278,8,0.9974402189254761
NeuMF,2011,2011-12-31,54450,7318,9,0.9970601201057434
NeuMF,2011,2011-12-31,54450,30812,10,0.9968386888504028
NeuMF,2011,2011-12-31,54531,2991,1,0.9986109733581543
NeuMF,2011,2011-12-31,54531,1234,2,0.9985005855560303
NeuMF,2011,2011-12-31,54531,1250,3,0.9982156753540039
NeuMF,2011,2011-12-31,54531,3623,4,0.9979901313781738
NeuMF,2011,2011-12-31,54531,1225,5,0.9979315996170044
NeuMF,2011,2011-12-31,54531,1208,6,0.9975149631500244
NeuMF,2011,2011-12-31,54531,3793,7,0.9974695444107056
NeuMF,2011,2011-12-31,54531,2916,8,0.9974281191825867
NeuMF,2011,2011-12-31,54531,3654,9,0.9973388314247131
NeuMF,2011,2011-12-31,54531,1287,10,0.9970519542694092
NeuMF,2011,2011-12-31,54535,55247,1,0.9996774196624756
NeuMF,2011,2011-12-31,54535,64614,2,0.9995157718658447
NeuMF,2011,2011-12-31,54535,68157,3,0.9993963241577148
NeuMF,2011,2011-12-31,54535,5952,4,0.9989026784896851
NeuMF,2011,2011-12-31,54535,7153,5,0.9986518025398254
NeuMF,2011,2011-12-31,54535,79132,6,0.9983848333358765
NeuMF,2011,2011-12-31,54535,68954,7,0.998273491859436
NeuMF,2011,2011-12-31,54535,45722,8,0.9980047345161438
NeuMF,2011,2011-12-31,54535,3147,9,0.9978366494178772
NeuMF,2011,2011-12-31,54535,2115,10,0.997751772403717
NeuMF,2011,2011-12-31,54711,79132,1,0.999039351940155
NeuMF,2011,2011-12-31,54711,785,2,0.9972913861274719
NeuMF,2011,2011-12-31,54711,7263,3,0.9962157607078552
NeuMF,2011,2011-12-31,54711,3510,4,0.9958565831184387
NeuMF,2011,2011-12-31,54711,2694,5,0.9954582452774048
NeuMF,2011,2011-12-31,54711,4816,6,0.9953318238258362
NeuMF,2011,2011-12-31,54711,4025,7,0.9951752424240112
NeuMF,2011,2011-12-31,54711,3617,8,0.9942715167999268
NeuMF,2011,2011-12-31,54711,3717,9,0.9940312504768372
NeuMF,2011,2011-12-31,54711,27822,10,0.9935666918754578
NeuMF,2011,2011-12-31,54783,63113,1,0.9986422657966614
NeuMF,2011,2011-12-31,54783,904,2,0.9965245127677917
NeuMF,2011,2011-12-31,54783,908,3,0.9964677095413208
NeuMF,2011,2011-12-31,54783,480,4,0.9962968230247498
NeuMF,2011,2011-12-31,54783,1748,5,0.9960179924964905
NeuMF,2011,2011-12-31,54783,903,6,0.9959869980812073
NeuMF,2011,2011-12-31,54783,1264,7,0.9958859086036682
NeuMF,2011,2011-12-31,54783,1199,8,0.9954934120178223
NeuMF,2011,2011-12-31,54783,5464,9,0.995203971862793
NeuMF,2011,2011-12-31,54783,3175,10,0.9946081638336182
NeuMF,2011,2011-12-31,54919,76251,1,0.9984838366508484
NeuMF,2011,2011-12-31,54919,3005,2,0.9970368146896362
NeuMF,2011,2011-12-31,54919,72998,3,0.9947356581687927
NeuMF,2011,2011-12-31,54919,79,4,0.9937969446182251
NeuMF,2011,2011-12-31,54919,73268,5,0.9937410950660706
NeuMF,2011,2011-12-31,54919,3968,6,0.9923264980316162
NeuMF,2011,2011-12-31,54919,6250,7,0.9919298887252808
NeuMF,2011,2011-12-31,54919,5128,8,0.9909961223602295
NeuMF,2011,2011-12-31,54919,2404,9,0.9904624819755554
NeuMF,2011,2011-12-31,54919,1438,10,0.9900141954421997
NeuMF,2011,2011-12-31,54956,45517,1,0.9992044568061829
NeuMF,2011,2011-12-31,54956,76175,2,0.9985815286636353
NeuMF,2011,2011-12-31,54956,69844,3,0.99843829870224
NeuMF,2011,2011-12-31,54956,3793,4,0.9982656836509705
NeuMF,2011,2011-12-31,54956,780,5,0.9981866478919983
NeuMF,2011,2011-12-31,54956,78105,6,0.9980084300041199
NeuMF,2011,2011-12-31,54956,3578,7,0.9979390501976013
NeuMF,2011,2011-12-31,54956,10,8,0.9974850416183472
NeuMF,2011,2011-12-31,54956,6333,9,0.9974480867385864
NeuMF,2011,2011-12-31,54956,8972,10,0.9970824122428894
NeuMF,2011,2011-12-31,55005,515,1,0.9999639987945557
NeuMF,2011,2011-12-31,55005,1183,2,0.9996024966239929
NeuMF,2011,2011-12-31,55005,17,3,0.9995137453079224
NeuMF,2011,2011-12-31,55005,2894,4,0.9993621706962585
NeuMF,2011,2011-12-31,55005,6671,5,0.9993491768836975
NeuMF,2011,2011-12-31,55005,509,6,0.9993483424186707
NeuMF,2011,2011-12-31,55005,6442,7,0.9991596937179565
NeuMF,2011,2011-12-31,55005,306,8,0.9987288117408752
NeuMF,2011,2011-12-31,55005,454,9,0.9982951283454895
NeuMF,2011,2011-12-31,55005,62344,10,0.9981890320777893
NeuMF,2011,2011-12-31,55371,55814,1,0.9996944665908813
NeuMF,2011,2011-12-31,55371,2997,2,0.9992287158966064
NeuMF,2011,2011-12-31,55371,79132,3,0.999061644077301
NeuMF,2011,2011-12-31,55371,55247,4,0.9984927177429199
NeuMF,2011,2011-12-31,55371,55442,5,0.9983528852462769
NeuMF,2011,2011-12-31,55371,58559,6,0.998307466506958
NeuMF,2011,2011-12-31,55371,111,7,0.9981579184532166
NeuMF,2011,2011-12-31,55371,61236,8,0.998105525970459
NeuMF,2011,2011-12-31,55371,8873,9,0.9978107810020447
NeuMF,2011,2011-12-31,55371,5902,10,0.9977120161056519
NeuMF,2011,2011-12-31,55501,1619,1,0.9994215965270996
NeuMF,2011,2011-12-31,55501,3160,2,0.9989151954650879
NeuMF,2011,2011-12-31,55501,3285,3,0.9985859394073486
NeuMF,2011,2011-12-31,55501,2600,4,0.9980927109718323
NeuMF,2011,2011-12-31,55501,4103,5,0.9976187348365784
NeuMF,2011,2011-12-31,55501,3950,6,0.9972892999649048
NeuMF,2011,2011-12-31,55501,50912,7,0.9970778226852417
NeuMF,2011,2011-12-31,55501,1450,8,0.9966253042221069
NeuMF,2011,2011-12-31,55501,3980,9,0.9964099526405334
NeuMF,2011,2011-12-31,55501,3355,10,0.9959293007850647
NeuMF,2011,2011-12-31,55617,55052,1,0.9997370839118958
NeuMF,2011,2011-12-31,55617,51086,2,0.9996674060821533
NeuMF,2011,2011-12-31,55617,55118,3,0.9996647834777832
NeuMF,2011,2011-12-31,55617,7254,4,0.9996283054351807
NeuMF,2011,2011-12-31,55617,39381,5,0.99953293800354
NeuMF,2011,2011-12-31,55617,6890,6,0.9995231628417969
NeuMF,2011,2011-12-31,55617,48304,7,0.9994317889213562
NeuMF,2011,2011-12-31,55617,55247,8,0.9991249442100525
NeuMF,2011,2011-12-31,55617,6953,9,0.9990260601043701
NeuMF,2011,2011-12-31,55617,58559,10,0.99887615442276
NeuMF,2011,2011-12-31,55627,2301,1,0.9974109530448914
NeuMF,2011,2011-12-31,55627,2102,2,0.9968470931053162
NeuMF,2011,2011-12-31,55627,2151,3,0.9968076944351196
NeuMF,2011,2011-12-31,55627,55768,4,0.9966552257537842
NeuMF,2011,2011-12-31,55627,2447,5,0.9966416358947754
NeuMF,2011,2011-12-31,55627,3254,6,0.9957921504974365
NeuMF,2011,2011-12-31,55627,543,7,0.9956777691841125
NeuMF,2011,2011-12-31,55627,4477,8,0.9946247935295105
NeuMF,2011,2011-12-31,55627,277,9,0.9943457245826721
NeuMF,2011,2011-12-31,55627,4040,10,0.9941142201423645
NeuMF,2011,2011-12-31,55855,46976,1,0.9979974627494812
NeuMF,2011,2011-12-31,55855,45672,2,0.9979687333106995
NeuMF,2011,2011-12-31,55855,39183,3,0.9977996945381165
NeuMF,2011,2011-12-31,55855,41566,4,0.9977827668190002
NeuMF,2011,2011-12-31,55855,5014,5,0.9976477026939392
NeuMF,2011,2011-12-31,55855,44828,6,0.9972285628318787
NeuMF,2011,2011-12-31,55855,5507,7,0.9966992735862732
NeuMF,2011,2011-12-31,55855,49286,8,0.9961643218994141
NeuMF,2011,2011-12-31,55855,5348,9,0.9959099292755127
NeuMF,2011,2011-12-31,55855,5992,10,0.9958792924880981
NeuMF,2011,2011-12-31,56103,8985,1,0.999815046787262
NeuMF,2011,2011-12-31,56103,3785,2,0.9997839331626892
NeuMF,2011,2011-12-31,56103,7254,3,0.999632716178894
NeuMF,2011,2011-12-31,56103,6058,4,0.9996069073677063
NeuMF,2011,2011-12-31,56103,5110,5,0.9995637536048889
NeuMF,2011,2011-12-31,56103,39446,6,0.9993680119514465
NeuMF,2011,2011-12-31,56103,8807,7,0.9992863535881042
NeuMF,2011,2011-12-31,56103,79702,8,0.9992458820343018
NeuMF,2011,2011-12-31,56103,4344,9,0.9992303848266602
NeuMF,2011,2011-12-31,56103,68954,10,0.9992238283157349
NeuMF,2011,2011-12-31,56276,50685,1,0.999319314956665
NeuMF,2011,2011-12-31,56276,49132,2,0.9992639422416687
NeuMF,2011,2011-12-31,56276,52287,3,0.9987898468971252
NeuMF,2011,2011-12-31,56276,1073,4,0.9980162382125854
NeuMF,2011,2011-12-31,56276,50066,5,0.9979585409164429
NeuMF,2011,2011-12-31,56276,440,6,0.9972743391990662
NeuMF,2011,2011-12-31,56276,3360,7,0.9972525238990784
NeuMF,2011,2011-12-31,56276,55267,8,0.9971060156822205
NeuMF,2011,2011-12-31,56276,3361,9,0.9970270991325378
NeuMF,2011,2011-12-31,56276,1148,10,0.9968955516815186
NeuMF,2011,2011-12-31,56699,35836,1,0.9988898634910583
NeuMF,2011,2011-12-31,56699,7254,2,0.9987640380859375
NeuMF,2011,2011-12-31,56699,3752,3,0.998481810092926
NeuMF,2011,2011-12-31,56699,44191,4,0.9983499050140381
NeuMF,2011,2011-12-31,56699,110,5,0.9982379674911499
NeuMF,2011,2011-12-31,56699,8641,6,0.9979299306869507
NeuMF,2011,2011-12-31,56699,588,7,0.9978982210159302
NeuMF,2011,2011-12-31,56699,3753,8,0.9977558255195618
NeuMF,2011,2011-12-31,56699,3510,9,0.9969193935394287
NeuMF,2011,2011-12-31,56699,63131,10,0.9958166480064392
NeuMF,2011,2011-12-31,56777,2567,1,0.9969993829727173
NeuMF,2011,2011-12-31,56777,2139,2,0.9960346817970276
NeuMF,2011,2011-12-31,56777,36525,3,0.9948516488075256
NeuMF,2011,2011-12-31,56777,5014,4,0.9946507811546326
NeuMF,2011,2011-12-31,56777,1409,5,0.9942607879638672
NeuMF,2011,2011-12-31,56777,2883,6,0.9922492504119873
NeuMF,2011,2011-12-31,56777,1479,7,0.992139995098114
NeuMF,2011,2011-12-31,56777,529,8,0.9919285774230957
NeuMF,2011,2011-12-31,56777,1810,9,0.9908584952354431
NeuMF,2011,2011-12-31,56777,986,10,0.9906104207038879
NeuMF,2011,2011-12-31,57047,57368,1,0.9980440139770508
NeuMF,2011,2011-12-31,57047,4015,2,0.9978887438774109
NeuMF,2011,2011-12-31,57047,8371,3,0.9969025254249573
NeuMF,2011,2011-12-31,57047,78499,4,0.9966044425964355
NeuMF,2011,2011-12-31,57047,61323,5,0.9965057373046875
NeuMF,2011,2011-12-31,57047,72011,6,0.9958645105361938
NeuMF,2011,2011-12-31,57047,55267,7,0.9957302212715149
NeuMF,2011,2011-12-31,57047,71156,8,0.9955991506576538
NeuMF,2011,2011-12-31,57047,7022,9,0.9955344200134277
NeuMF,2011,2011-12-31,57047,62434,10,0.9953603148460388
NeuMF,2011,2011-12-31,57304,5477,1,0.9998940229415894
NeuMF,2011,2011-12-31,57304,7745,2,0.9995893836021423
NeuMF,2011,2011-12-31,57304,8800,3,0.9995487332344055
NeuMF,2011,2011-12-31,57304,665,4,0.9993189573287964
NeuMF,2011,2011-12-31,57304,50514,5,0.9992191791534424
NeuMF,2011,2011-12-31,57304,6770,6,0.9991793036460876
NeuMF,2011,2011-12-31,57304,44828,7,0.9991758465766907
NeuMF,2011,2011-12-31,57304,33903,8,0.9983722567558289
NeuMF,2011,2011-12-31,57304,6750,9,0.9982786178588867
NeuMF,2011,2011-12-31,57304,5447,10,0.998197615146637
NeuMF,2011,2011-12-31,57538,77561,1,0.9999942779541016
NeuMF,2011,2011-12-31,57538,60069,2,0.9999608993530273
NeuMF,2011,2011-12-31,57538,76175,3,0.9999598264694214
NeuMF,2011,2011-12-31,57538,69844,4,0.9999567270278931
NeuMF,2011,2011-12-31,57538,59315,5,0.9999464750289917
NeuMF,2011,2011-12-31,57538,68793,6,0.9999299049377441
NeuMF,2011,2011-12-31,57538,53464,7,0.9999059438705444
NeuMF,2011,2011-12-31,57538,8861,8,0.9998840093612671
NeuMF,2011,2011-12-31,57538,60684,9,0.9998570680618286
NeuMF,2011,2011-12-31,57538,68791,10,0.9998136162757874
NeuMF,2011,2011-12-31,57725,27397,1,0.9996929168701172
NeuMF,2011,2011-12-31,57725,1209,2,0.9993916749954224
NeuMF,2011,2011-12-31,57725,27592,3,0.9992656111717224
NeuMF,2011,2011-12-31,57725,1218,4,0.9990297555923462
NeuMF,2011,2011-12-31,57725,7981,5,0.9989802241325378
NeuMF,2011,2011-12-31,57725,3030,6,0.9989746809005737
NeuMF,2011,2011-12-31,57725,7438,7,0.9988194108009338
NeuMF,2011,2011-12-31,57725,44191,8,0.9986771941184998
NeuMF,2011,2011-12-31,57725,1178,9,0.998360812664032
NeuMF,2011,2011-12-31,57725,3328,10,0.9982119798660278
NeuMF,2011,2011-12-31,57734,4992,1,0.9998712539672852
NeuMF,2011,2011-12-31,57734,5380,2,0.9998424053192139
NeuMF,2011,2011-12-31,57734,605,3,0.9997734427452087
NeuMF,2011,2011-12-31,57734,7154,4,0.9995338916778564
NeuMF,2011,2011-12-31,57734,7162,5,0.9994819760322571
NeuMF,2011,2011-12-31,57734,5957,6,0.9994680285453796
NeuMF,2011,2011-12-31,57734,4310,7,0.9993366599082947
NeuMF,2011,2011-12-31,57734,4880,8,0.9993294477462769
NeuMF,2011,2011-12-31,57734,4023,9,0.9992606043815613
NeuMF,2011,2011-12-31,57734,3259,10,0.9991787075996399
NeuMF,2011,2011-12-31,57737,2863,1,0.9983874559402466
NeuMF,2011,2011-12-31,57737,7488,2,0.9982624650001526
NeuMF,2011,2011-12-31,57737,1202,3,0.9981803894042969
NeuMF,2011,2011-12-31,57737,1178,4,0.9970462918281555
NeuMF,2011,2011-12-31,57737,2936,5,0.9966261386871338
NeuMF,2011,2011-12-31,57737,34528,6,0.9961681962013245
NeuMF,2011,2011-12-31,57737,2182,7,0.9960657954216003
NeuMF,2011,2011-12-31,57737,26302,8,0.995352029800415
NeuMF,2011,2011-12-31,57737,3071,9,0.9952451586723328
NeuMF,2011,2011-12-31,57737,7064,10,0.9951013922691345
NeuMF,2011,2011-12-31,57901,60753,1,0.9993575215339661
NeuMF,2011,2011-12-31,57901,4901,2,0.9991932511329651
NeuMF,2011,2011-12-31,57901,4306,3,0.9972049593925476
NeuMF,2011,2011-12-31,57901,55080,4,0.9967260360717773
NeuMF,2011,2011-12-31,57901,6214,5,0.9957854151725769
NeuMF,2011,2011-12-31,57901,55290,6,0.9957408905029297
NeuMF,2011,2011-12-31,57901,3005,7,0.9956402778625488
NeuMF,2011,2011-12-31,57901,57669,8,0.9947468638420105
NeuMF,2011,2011-12-31,57901,51662,9,0.9946320056915283
NeuMF,2011,2011-12-31,57901,5266,10,0.9943661689758301
NeuMF,2011,2011-12-31,58310,59725,1,0.999944806098938
NeuMF,2011,2011-12-31,58310,49278,2,0.9998382329940796
NeuMF,2011,2011-12-31,58310,68073,3,0.9998363256454468
NeuMF,2011,2011-12-31,58310,47099,4,0.9996404647827148
NeuMF,2011,2011-12-31,58310,52604,5,0.9996117949485779
NeuMF,2011,2011-12-31,58310,59037,6,0.9995811581611633
NeuMF,2011,2011-12-31,58310,45668,7,0.999578058719635
NeuMF,2011,2011-12-31,58310,71057,8,0.9995601773262024
NeuMF,2011,2011-12-31,58310,59315,9,0.9995561242103577
NeuMF,2011,2011-12-31,58310,49530,10,0.9995543360710144
NeuMF,2011,2011-12-31,58335,32031,1,0.9999009370803833
NeuMF,2011,2011-12-31,58335,7380,2,0.999701201915741
NeuMF,2011,2011-12-31,58335,6373,3,0.9996966123580933
NeuMF,2011,2011-12-31,58335,60069,4,0.9995504021644592
NeuMF,2011,2011-12-31,58335,53121,5,0.999523401260376
NeuMF,2011,2011-12-31,58335,7373,6,0.999502420425415
NeuMF,2011,2011-12-31,58335,5219,7,0.999448835849762
NeuMF,2011,2011-12-31,58335,4446,8,0.9993358254432678
NeuMF,2011,2011-12-31,58335,3081,9,0.9992522597312927
NeuMF,2011,2011-12-31,58335,45517,10,0.999239444732666
NeuMF,2011,2011-12-31,58796,59727,1,0.9998113512992859
NeuMF,2011,2011-12-31,58796,65037,2,0.9996356964111328
NeuMF,2011,2011-12-31,58796,65682,3,0.9990876913070679
NeuMF,2011,2011-12-31,58796,5952,4,0.9990293979644775
NeuMF,2011,2011-12-31,58796,52606,5,0.9989112615585327
NeuMF,2011,2011-12-31,58796,58627,6,0.9987909197807312
NeuMF,2011,2011-12-31,58796,7153,7,0.9986874461174011
NeuMF,2011,2011-12-31,58796,30894,8,0.9986581802368164
NeuMF,2011,2011-12-31,58796,78209,9,0.9980096220970154
NeuMF,2011,2011-12-31,58796,32029,10,0.9979948997497559
NeuMF,2011,2011-12-31,58951,2953,1,0.9999284744262695
NeuMF,2011,2011-12-31,58951,374,2,0.9993135929107666
NeuMF,2011,2011-12-31,58951,4718,3,0.9990220069885254
NeuMF,2011,2011-12-31,58951,3717,4,0.9989726543426514
NeuMF,2011,2011-12-31,58951,1918,5,0.9987285733222961
NeuMF,2011,2011-12-31,58951,43558,6,0.9983500242233276
NeuMF,2011,2011-12-31,58951,7254,7,0.997928261756897
NeuMF,2011,2011-12-31,58951,2273,8,0.9978410005569458
NeuMF,2011,2011-12-31,58951,31,9,0.9969636797904968
NeuMF,2011,2011-12-31,58951,169,10,0.9968528151512146
NeuMF,2011,2011-12-31,59096,69481,1,0.9997739195823669
NeuMF,2011,2011-12-31,59096,6890,2,0.9996954202651978
NeuMF,2011,2011-12-31,59096,60291,3,0.9996705055236816
NeuMF,2011,2011-12-31,59096,64614,4,0.9995935559272766
NeuMF,2011,2011-12-31,59096,31410,5,0.9992295503616333
NeuMF,2011,2011-12-31,59096,4226,6,0.999197781085968
NeuMF,2011,2011-12-31,59096,4278,7,0.999127209186554
NeuMF,2011,2011-12-31,59096,68157,8,0.998807430267334
NeuMF,2011,2011-12-31,59096,1089,9,0.9987230896949768
NeuMF,2011,2011-12-31,59096,8042,10,0.9986782670021057
NeuMF,2011,2011-12-31,59216,4226,1,0.9999473094940186
NeuMF,2011,2011-12-31,59216,79132,2,0.9999419450759888
NeuMF,2011,2011-12-31,59216,27857,3,0.9995506405830383
NeuMF,2011,2011-12-31,59216,60950,4,0.9995400905609131
NeuMF,2011,2011-12-31,59216,26476,5,0.9994787573814392
NeuMF,2011,2011-12-31,59216,6954,6,0.999387264251709
NeuMF,2011,2011-12-31,59216,2068,7,0.9993725419044495
NeuMF,2011,2011-12-31,59216,61240,8,0.999338686466217
NeuMF,2011,2011-12-31,59216,4881,9,0.9992111921310425
NeuMF,2011,2011-12-31,59216,58559,10,0.9991979002952576
NeuMF,2011,2011-12-31,59318,6550,1,0.9998733997344971
NeuMF,2011,2011-12-31,59318,68954,2,0.9997610449790955
NeuMF,2011,2011-12-31,59318,71535,3,0.999756395816803
NeuMF,2011,2011-12-31,59318,42738,4,0.9997244477272034
NeuMF,2011,2011-12-31,59318,59784,5,0.9995810389518738
NeuMF,2011,2011-12-31,59318,67408,6,0.9995574355125427
NeuMF,2011,2011-12-31,59318,55768,7,0.9994514584541321
NeuMF,2011,2011-12-31,59318,63131,8,0.9992877840995789
NeuMF,2011,2011-12-31,59318,63479,9,0.9991996884346008
NeuMF,2011,2011-12-31,59318,37731,10,0.9991648197174072
NeuMF,2011,2011-12-31,59335,40966,1,0.9998422861099243
NeuMF,2011,2011-12-31,59335,5329,2,0.9994254112243652
NeuMF,2011,2011-12-31,59335,18,3,0.9992735981941223
NeuMF,2011,2011-12-31,59335,2976,4,0.999032735824585
NeuMF,2011,2011-12-31,59335,2966,5,0.9985125660896301
NeuMF,2011,2011-12-31,59335,5464,6,0.9975594282150269
NeuMF,2011,2011-12-31,59335,27005,7,0.9975334405899048
NeuMF,2011,2011-12-31,59335,3581,8,0.9975065588951111
NeuMF,2011,2011-12-31,59335,7364,9,0.9973721504211426
NeuMF,2011,2011-12-31,59335,2329,10,0.9972960352897644
NeuMF,2011,2011-12-31,59703,39183,1,0.9999165534973145
NeuMF,2011,2011-12-31,59703,224,2,0.9989432692527771
NeuMF,2011,2011-12-31,59703,4973,3,0.9986506104469299
NeuMF,2011,2011-12-31,59703,40819,4,0.9986234903335571
NeuMF,2011,2011-12-31,59703,8981,5,0.998340368270874
NeuMF,2011,2011-12-31,59703,7153,6,0.9980304837226868
NeuMF,2011,2011-12-31,59703,5014,7,0.9977747797966003
NeuMF,2011,2011-12-31,59703,7976,8,0.9972234964370728
NeuMF,2011,2011-12-31,59703,1619,9,0.997190535068512
NeuMF,2011,2011-12-31,59703,41571,10,0.9971332550048828
NeuMF,2011,2011-12-31,59704,913,1,0.9995998740196228
NeuMF,2011,2011-12-31,59704,1212,2,0.9995971322059631
NeuMF,2011,2011-12-31,59704,7566,3,0.9995923638343811
NeuMF,2011,2011-12-31,59704,5060,4,0.9994518160820007
NeuMF,2011,2011-12-31,59704,1396,5,0.9989525079727173
NeuMF,2011,2011-12-31,59704,905,6,0.9987037181854248
NeuMF,2011,2011-12-31,59704,898,7,0.9986591339111328
NeuMF,2011,2011-12-31,59704,34153,8,0.9984220266342163
NeuMF,2011,2011-12-31,59704,8754,9,0.9982438087463379
NeuMF,2011,2011-12-31,59704,475,10,0.9978067278862
NeuMF,2011,2011-12-31,59810,55721,1,0.9999767541885376
NeuMF,2011,2011-12-31,59810,68237,2,0.9998526573181152
NeuMF,2011,2011-12-31,59810,76251,3,0.9997647404670715
NeuMF,2011,2011-12-31,59810,64957,4,0.9997572302818298
NeuMF,2011,2011-12-31,59810,66097,5,0.9996366500854492
NeuMF,2011,2011-12-31,59810,61323,6,0.9996229410171509
NeuMF,2011,2011-12-31,59810,55118,7,0.9995379447937012
NeuMF,2011,2011-12-31,59810,51662,8,0.9993958473205566
NeuMF,2011,2011-12-31,59810,60753,9,0.9993897676467896
NeuMF,2011,2011-12-31,59810,74458,10,0.9993653893470764
NeuMF,2011,2011-12-31,59851,1209,1,0.9999699592590332
NeuMF,2011,2011-12-31,59851,3681,2,0.9997877478599548
NeuMF,2011,2011-12-31,59851,7361,3,0.9992382526397705
NeuMF,2011,2011-12-31,59851,750,4,0.999133288860321
NeuMF,2011,2011-12-31,59851,908,5,0.9989936947822571
NeuMF,2011,2011-12-31,59851,1204,6,0.9989590644836426
NeuMF,2011,2011-12-31,59851,2951,7,0.9988130331039429
NeuMF,2011,2011-12-31,59851,1225,8,0.9987851977348328
NeuMF,2011,2011-12-31,59851,1262,9,0.998638927936554
NeuMF,2011,2011-12-31,59851,3949,10,0.9986269474029541
NeuMF,2011,2011-12-31,60211,3966,1,0.9993738532066345
NeuMF,2011,2011-12-31,60211,6001,2,0.999176561832428
NeuMF,2011,2011-12-31,60211,7728,3,0.9991604089736938
NeuMF,2011,2011-12-31,60211,3741,4,0.9989644289016724
NeuMF,2011,2011-12-31,60211,3576,5,0.9988319277763367
NeuMF,2011,2011-12-31,60211,5008,6,0.99847012758255
NeuMF,2011,2011-12-31,60211,1273,7,0.998461127281189
NeuMF,2011,2011-12-31,60211,3676,8,0.9984184503555298
NeuMF,2011,2011-12-31,60211,7586,9,0.9982560276985168
NeuMF,2011,2011-12-31,60211,1464,10,0.9980022311210632
NeuMF,2011,2011-12-31,60283,55820,1,0.9994266033172607
NeuMF,2011,2011-12-31,60283,33794,2,0.9993430972099304
NeuMF,2011,2011-12-31,60283,5690,3,0.9992850422859192
NeuMF,2011,2011-12-31,60283,3000,4,0.9989963173866272
NeuMF,2011,2011-12-31,60283,51255,5,0.9989909529685974
NeuMF,2011,2011-12-31,60283,48774,6,0.9989563226699829
NeuMF,2011,2011-12-31,60283,3949,7,0.9987359642982483
NeuMF,2011,2011-12-31,60283,44555,8,0.9986439347267151
NeuMF,2011,2011-12-31,60283,48516,9,0.9985674619674683
NeuMF,2011,2011-12-31,60283,26729,10,0.99850994348526
NeuMF,2011,2011-12-31,60291,78499,1,0.9999924898147583
NeuMF,2011,2011-12-31,60291,79132,2,0.9999310970306396
NeuMF,2011,2011-12-31,60291,77561,3,0.999864935874939
NeuMF,2011,2011-12-31,60291,66934,4,0.9998351335525513
NeuMF,2011,2011-12-31,60291,79702,5,0.9997954964637756
NeuMF,2011,2011-12-31,60291,69844,6,0.9997773766517639
NeuMF,2011,2011-12-31,60291,79091,7,0.9997650980949402
NeuMF,2011,2011-12-31,60291,64614,8,0.9997254014015198
NeuMF,2011,2011-12-31,60291,60766,9,0.9996111989021301
NeuMF,2011,2011-12-31,60291,56715,10,0.9995995163917542
NeuMF,2011,2011-12-31,60450,56587,1,0.9999010562896729
NeuMF,2011,2011-12-31,60450,55765,2,0.9998879432678223
NeuMF,2011,2011-12-31,60450,50442,3,0.9998610019683838
NeuMF,2011,2011-12-31,60450,52644,4,0.9998408555984497
NeuMF,2011,2011-12-31,60450,49530,5,0.9997832179069519
NeuMF,2011,2011-12-31,60450,51086,6,0.9997484087944031
NeuMF,2011,2011-12-31,60450,56174,7,0.9996715784072876
NeuMF,2011,2011-12-31,60450,56176,8,0.999669075012207
NeuMF,2011,2011-12-31,60450,58103,9,0.9996649026870728
NeuMF,2011,2011-12-31,60450,61697,10,0.999579131603241
NeuMF,2011,2011-12-31,60708,1214,1,0.9988299012184143
NeuMF,2011,2011-12-31,60708,54995,2,0.9986898303031921
NeuMF,2011,2011-12-31,60708,1201,3,0.9985839128494263
NeuMF,2011,2011-12-31,60708,5796,4,0.9977846741676331
NeuMF,2011,2011-12-31,60708,1343,5,0.9977830052375793
NeuMF,2011,2011-12-31,60708,4754,6,0.9975242018699646
NeuMF,2011,2011-12-31,60708,1200,7,0.9969342947006226
NeuMF,2011,2011-12-31,60708,2023,8,0.996934175491333
NeuMF,2011,2011-12-31,60708,1240,9,0.9967446327209473
NeuMF,2011,2011-12-31,60708,1270,10,0.9961768388748169
NeuMF,2011,2011-12-31,60922,59315,1,0.9990507960319519
NeuMF,2011,2011-12-31,60922,27773,2,0.9990317821502686
NeuMF,2011,2011-12-31,60922,5574,3,0.998348593711853
NeuMF,2011,2011-12-31,60922,7022,4,0.9981375932693481
NeuMF,2011,2011-12-31,60922,7438,5,0.9974499344825745
NeuMF,2011,2011-12-31,60922,60069,6,0.9970971345901489
NeuMF,2011,2011-12-31,60922,6618,7,0.996588945388794
NeuMF,2011,2011-12-31,60922,750,8,0.995140790939331
NeuMF,2011,2011-12-31,60922,31878,9,0.9928526282310486
NeuMF,2011,2011-12-31,60922,4678,10,0.9925645589828491
NeuMF,2011,2011-12-31,60995,44555,1,0.9999628067016602
NeuMF,2011,2011-12-31,60995,6874,2,0.9998937845230103
NeuMF,2011,2011-12-31,60995,27773,3,0.999828577041626
NeuMF,2011,2011-12-31,60995,58559,4,0.9996849298477173
NeuMF,2011,2011-12-31,60995,1757,5,0.9996606111526489
NeuMF,2011,2011-12-31,60995,27869,6,0.9996533393859863
NeuMF,2011,2011-12-31,60995,6591,7,0.9995918869972229
NeuMF,2011,2011-12-31,60995,5995,8,0.999581515789032
NeuMF,2011,2011-12-31,60995,46578,9,0.9995545744895935
NeuMF,2011,2011-12-31,60995,27397,10,0.9994427561759949
NeuMF,2011,2011-12-31,61088,3147,1,0.9994394183158875
NeuMF,2011,2011-12-31,61088,6539,2,0.9990589022636414
NeuMF,2011,2011-12-31,61088,1580,3,0.9989204406738281
NeuMF,2011,2011-12-31,61088,7153,4,0.9985417127609253
NeuMF,2011,2011-12-31,61088,27773,5,0.9985185265541077
NeuMF,2011,2011-12-31,61088,1961,6,0.9982751607894897
NeuMF,2011,2011-12-31,61088,2115,7,0.997867226600647
NeuMF,2011,2011-12-31,61088,2700,8,0.9977485537528992
NeuMF,2011,2011-12-31,61088,1291,9,0.997701108455658
NeuMF,2011,2011-12-31,61088,4878,10,0.9973840117454529
NeuMF,2011,2011-12-31,61092,1343,1,0.9991463422775269
NeuMF,2011,2011-12-31,61092,52281,2,0.998309850692749
NeuMF,2011,2011-12-31,61092,3863,3,0.997956395149231
NeuMF,2011,2011-12-31,61092,7981,4,0.9963489770889282
NeuMF,2011,2011-12-31,61092,1754,5,0.9961910247802734
NeuMF,2011,2011-12-31,61092,5903,6,0.9959010481834412
NeuMF,2011,2011-12-31,61092,54999,7,0.9954753518104553
NeuMF,2011,2011-12-31,61092,4844,8,0.9946035742759705
NeuMF,2011,2011-12-31,61092,31696,9,0.9934337139129639
NeuMF,2011,2011-12-31,61092,1061,10,0.9931615591049194
NeuMF,2011,2011-12-31,61284,72011,1,0.999721109867096
NeuMF,2011,2011-12-31,61284,5952,2,0.9996670484542847
NeuMF,2011,2011-12-31,61284,7163,3,0.9995250701904297
NeuMF,2011,2011-12-31,61284,55577,4,0.9995126724243164
NeuMF,2011,2011-12-31,61284,70599,5,0.9994428753852844
NeuMF,2011,2011-12-31,61284,55820,6,0.9993957281112671
NeuMF,2011,2011-12-31,61284,49278,7,0.9993649125099182
NeuMF,2011,2011-12-31,61284,32213,8,0.9993342757225037
NeuMF,2011,2011-12-31,61284,48997,9,0.9992260932922363
NeuMF,2011,2011-12-31,61284,55908,10,0.9992251396179199
NeuMF,2011,2011-12-31,61292,357,1,0.9993842840194702
NeuMF,2011,2011-12-31,61292,912,2,0.9992328882217407
NeuMF,2011,2011-12-31,61292,509,3,0.9991099238395691
NeuMF,2011,2011-12-31,61292,5060,4,0.9990271329879761
NeuMF,2011,2011-12-31,61292,345,5,0.9984489679336548
NeuMF,2011,2011-12-31,61292,1225,6,0.9983614087104797
NeuMF,2011,2011-12-31,61292,1136,7,0.9982572197914124
NeuMF,2011,2011-12-31,61292,1193,8,0.9977340698242188
NeuMF,2011,2011-12-31,61292,924,9,0.997722327709198
NeuMF,2011,2011-12-31,61292,1230,10,0.9976791739463806
NeuMF,2011,2011-12-31,61402,7143,1,0.9989827275276184
NeuMF,2011,2011-12-31,61402,7153,2,0.9989736080169678
NeuMF,2011,2011-12-31,61402,33794,3,0.9987260699272156
NeuMF,2011,2011-12-31,61402,8798,4,0.9987125396728516
NeuMF,2011,2011-12-31,61402,6377,5,0.9984666109085083
NeuMF,2011,2011-12-31,61402,6539,6,0.9981032609939575
NeuMF,2011,2011-12-31,61402,1597,7,0.9978076815605164
NeuMF,2011,2011-12-31,61402,8604,8,0.9977977275848389
NeuMF,2011,2011-12-31,61402,6016,9,0.9977214932441711
NeuMF,2011,2011-12-31,61402,33679,10,0.9973036050796509
NeuMF,2011,2011-12-31,61604,7034,1,0.9997922778129578
NeuMF,2011,2011-12-31,61604,27721,2,0.9997186064720154
NeuMF,2011,2011-12-31,61604,9010,3,0.9997046589851379
NeuMF,2011,2011-12-31,61604,31658,4,0.9995136260986328
NeuMF,2011,2011-12-31,61604,50912,5,0.9994421601295471
NeuMF,2011,2011-12-31,61604,4720,6,0.998970627784729
NeuMF,2011,2011-12-31,61604,56389,7,0.9987370371818542
NeuMF,2011,2011-12-31,61604,8576,8,0.998559296131134
NeuMF,2011,2011-12-31,61604,7147,9,0.9985405206680298
NeuMF,2011,2011-12-31,61604,168,10,0.9985358715057373
NeuMF,2011,2011-12-31,61651,7149,1,0.9985809326171875
NeuMF,2011,2011-12-31,61651,2243,2,0.9983282685279846
NeuMF,2011,2011-12-31,61651,1292,3,0.9980295300483704
NeuMF,2011,2011-12-31,61651,4291,4,0.9979941844940186
NeuMF,2011,2011-12-31,61651,2405,5,0.9977210164070129
NeuMF,2011,2011-12-31,61651,4464,6,0.997313916683197
NeuMF,2011,2011-12-31,61651,480,7,0.9963288903236389
NeuMF,2011,2011-12-31,61651,58806,8,0.9961407780647278
NeuMF,2011,2011-12-31,61651,3104,9,0.9956680536270142
NeuMF,2011,2011-12-31,61651,4903,10,0.9951157569885254
NeuMF,2011,2011-12-31,61684,7022,1,0.9997628331184387
NeuMF,2011,2011-12-31,61684,741,2,0.9992954730987549
NeuMF,2011,2011-12-31,61684,4226,3,0.9991801381111145
NeuMF,2011,2011-12-31,61684,6874,4,0.9991428852081299
NeuMF,2011,2011-12-31,61684,5952,5,0.9989803433418274
NeuMF,2011,2011-12-31,61684,7153,6,0.9988592863082886
NeuMF,2011,2011-12-31,61684,6283,7,0.9985263347625732
NeuMF,2011,2011-12-31,61684,4878,8,0.9984943866729736
NeuMF,2011,2011-12-31,61684,8874,9,0.9983736276626587
NeuMF,2011,2011-12-31,61684,1274,10,0.9975749850273132
NeuMF,2011,2011-12-31,62078,57669,1,0.9994301199913025
NeuMF,2011,2011-12-31,62078,55247,2,0.9992190599441528
NeuMF,2011,2011-12-31,62078,6953,3,0.9990824460983276
NeuMF,2011,2011-12-31,62078,48516,4,0.9988627433776855
NeuMF,2011,2011-12-31,62078,3578,5,0.9986265897750854
NeuMF,2011,2011-12-31,62078,7022,6,0.9985811710357666
NeuMF,2011,2011-12-31,62078,288,7,0.9985162615776062
NeuMF,2011,2011-12-31,62078,60069,8,0.9984429478645325
NeuMF,2011,2011-12-31,62078,293,9,0.998297393321991
NeuMF,2011,2011-12-31,62078,46976,10,0.9981303811073303
NeuMF,2011,2011-12-31,62260,53972,1,0.9993873834609985
NeuMF,2011,2011-12-31,62260,34405,2,0.9991612434387207
NeuMF,2011,2011-12-31,62260,52722,3,0.9990516304969788
NeuMF,2011,2011-12-31,62260,31685,4,0.9986257553100586
NeuMF,2011,2011-12-31,62260,42718,5,0.9986036419868469
NeuMF,2011,2011-12-31,62260,43871,6,0.9983490705490112
NeuMF,2011,2011-12-31,62260,1918,7,0.9981117248535156
NeuMF,2011,2011-12-31,62260,27801,8,0.9980295300483704
NeuMF,2011,2011-12-31,62260,54775,9,0.9980279803276062
NeuMF,2011,2011-12-31,62260,42011,10,0.9976028800010681
NeuMF,2011,2011-12-31,62315,44191,1,0.9996792078018188
NeuMF,2011,2011-12-31,62315,7153,2,0.9994788765907288
NeuMF,2011,2011-12-31,62315,2571,3,0.9994781613349915
NeuMF,2011,2011-12-31,62315,45928,4,0.9994125366210938
NeuMF,2011,2011-12-31,62315,5618,5,0.9993209838867188
NeuMF,2011,2011-12-31,62315,27604,6,0.9992172718048096
NeuMF,2011,2011-12-31,62315,40278,7,0.9991840720176697
NeuMF,2011,2011-12-31,62315,3000,8,0.9991088509559631
NeuMF,2011,2011-12-31,62315,5690,9,0.9989256262779236
NeuMF,2011,2011-12-31,62315,4226,10,0.998921275138855
NeuMF,2011,2011-12-31,62380,60072,1,0.9998520612716675
NeuMF,2011,2011-12-31,62380,68941,2,0.9995923638343811
NeuMF,2011,2011-12-31,62380,78105,3,0.9995566010475159
NeuMF,2011,2011-12-31,62380,6946,4,0.9994456171989441
NeuMF,2011,2011-12-31,62380,73268,5,0.9994220733642578
NeuMF,2011,2011-12-31,62380,67799,6,0.999241828918457
NeuMF,2011,2011-12-31,62380,71535,7,0.9991492033004761
NeuMF,2011,2011-12-31,62380,27003,8,0.9990628361701965
NeuMF,2011,2011-12-31,62380,76175,9,0.9990317821502686
NeuMF,2011,2011-12-31,62380,65982,10,0.9988508224487305
NeuMF,2011,2011-12-31,62671,39381,1,0.9996739625930786
NeuMF,2011,2011-12-31,62671,1089,2,0.9990770816802979
NeuMF,2011,2011-12-31,62671,54286,3,0.9988245368003845
NeuMF,2011,2011-12-31,62671,161,4,0.9987278580665588
NeuMF,2011,2011-12-31,62671,1208,5,0.9984900951385498
NeuMF,2011,2011-12-31,62671,48304,6,0.9981928467750549
NeuMF,2011,2011-12-31,62671,2401,7,0.9980854988098145
NeuMF,2011,2011-12-31,62671,349,8,0.9979308843612671
NeuMF,2011,2011-12-31,62671,7143,9,0.9976176619529724
NeuMF,2011,2011-12-31,62671,7025,10,0.9975737929344177
NeuMF,2011,2011-12-31,62891,32596,1,0.9998762607574463
NeuMF,2011,2011-12-31,62891,36525,2,0.9997101426124573
NeuMF,2011,2011-12-31,62891,45062,3,0.99967360496521
NeuMF,2011,2011-12-31,62891,8643,4,0.9991787075996399
NeuMF,2011,2011-12-31,62891,6565,5,0.9987984895706177
NeuMF,2011,2011-12-31,62891,34048,6,0.9987577199935913
NeuMF,2011,2011-12-31,62891,33826,7,0.9986553192138672
NeuMF,2011,2011-12-31,62891,32031,8,0.9980931878089905
NeuMF,2011,2011-12-31,62891,168,9,0.9977107048034668
NeuMF,2011,2011-12-31,62891,8361,10,0.997295081615448
NeuMF,2011,2011-12-31,63169,5146,1,0.9999629259109497
NeuMF,2011,2011-12-31,63169,741,2,0.9997276663780212
NeuMF,2011,2011-12-31,63169,68358,3,0.999582827091217
NeuMF,2011,2011-12-31,63169,4732,4,0.9995375871658325
NeuMF,2011,2011-12-31,63169,5618,5,0.9994682669639587
NeuMF,2011,2011-12-31,63169,60069,6,0.9993472695350647
NeuMF,2011,2011-12-31,63169,56174,7,0.9986791014671326
NeuMF,2011,2011-12-31,63169,68954,8,0.9984826445579529
NeuMF,2011,2011-12-31,63169,52973,9,0.9984384179115295
NeuMF,2011,2011-12-31,63169,8810,10,0.9984233379364014
NeuMF,2011,2011-12-31,63514,6887,1,0.9998472929000854
NeuMF,2011,2011-12-31,63514,4991,2,0.9997838139533997
NeuMF,2011,2011-12-31,63514,3879,3,0.9997574687004089
NeuMF,2011,2011-12-31,63514,8798,4,0.9997099041938782
NeuMF,2011,2011-12-31,63514,4031,5,0.9996800422668457
NeuMF,2011,2011-12-31,63514,7980,6,0.9996448755264282
NeuMF,2011,2011-12-31,63514,3986,7,0.9995960593223572
NeuMF,2011,2011-12-31,63514,3510,8,0.9994879961013794
NeuMF,2011,2011-12-31,63514,5064,9,0.9994701743125916
NeuMF,2011,2011-12-31,63514,5433,10,0.9992293119430542
NeuMF,2011,2011-12-31,63627,51086,1,0.9997677206993103
NeuMF,2011,2011-12-31,63627,54771,2,0.9997228980064392
NeuMF,2011,2011-12-31,63627,71033,3,0.9995740056037903
NeuMF,2011,2011-12-31,63627,31410,4,0.9993084669113159
NeuMF,2011,2011-12-31,63627,63062,5,0.9990355968475342
NeuMF,2011,2011-12-31,63627,72011,6,0.9989319443702698
NeuMF,2011,2011-12-31,63627,44191,7,0.9980034232139587
NeuMF,2011,2011-12-31,63627,79132,8,0.9979977011680603
NeuMF,2011,2011-12-31,63627,59387,9,0.9979751706123352
NeuMF,2011,2011-12-31,63627,65130,10,0.9979395270347595
NeuMF,2011,2011-12-31,63993,8947,1,0.9997605681419373
NeuMF,2011,2011-12-31,63993,1527,2,0.9997014403343201
NeuMF,2011,2011-12-31,63993,33794,3,0.999700665473938
NeuMF,2011,2011-12-31,63993,6250,4,0.9996131062507629
NeuMF,2011,2011-12-31,63993,2700,5,0.9995429515838623
NeuMF,2011,2011-12-31,63993,1196,6,0.9993577599525452
NeuMF,2011,2011-12-31,63993,3949,7,0.9992735981941223
NeuMF,2011,2011-12-31,63993,5952,8,0.9992318153381348
NeuMF,2011,2011-12-31,63993,2706,9,0.9992204904556274
NeuMF,2011,2011-12-31,63993,8810,10,0.9991028308868408
NeuMF,2011,2011-12-31,64041,7022,1,0.9999269247055054
NeuMF,2011,2011-12-31,64041,3676,2,0.9997881054878235
NeuMF,2011,2011-12-31,64041,2232,3,0.9996387958526611
NeuMF,2011,2011-12-31,64041,3265,4,0.999596893787384
NeuMF,2011,2011-12-31,64041,6283,5,0.999543309211731
NeuMF,2011,2011-12-31,64041,26082,6,0.9993088245391846
NeuMF,2011,2011-12-31,64041,3972,7,0.9991377592086792
NeuMF,2011,2011-12-31,64041,1748,8,0.9991181492805481
NeuMF,2011,2011-12-31,64041,2905,9,0.9990952014923096
NeuMF,2011,2011-12-31,64041,5146,10,0.9989423155784607
NeuMF,2011,2011-12-31,64165,3552,1,0.9991341233253479
NeuMF,2011,2011-12-31,64165,1257,2,0.9989815354347229
NeuMF,2011,2011-12-31,64165,3087,3,0.9988975524902344
NeuMF,2011,2011-12-31,64165,2109,4,0.9987824559211731
NeuMF,2011,2011-12-31,64165,3421,5,0.998705267906189
NeuMF,2011,2011-12-31,64165,2144,6,0.99860018491745
NeuMF,2011,2011-12-31,64165,2746,7,0.9981794357299805
NeuMF,2011,2011-12-31,64165,3448,8,0.9977999329566956
NeuMF,2011,2011-12-31,64165,2804,9,0.9977699518203735
NeuMF,2011,2011-12-31,64165,3671,10,0.9972819089889526
NeuMF,2011,2011-12-31,64360,55290,1,0.9993960857391357
NeuMF,2011,2011-12-31,64360,52319,2,0.9993082284927368
NeuMF,2011,2011-12-31,64360,74458,3,0.99918133020401
NeuMF,2011,2011-12-31,64360,52604,4,0.9982659220695496
NeuMF,2011,2011-12-31,64360,39292,5,0.998141884803772
NeuMF,2011,2011-12-31,64360,5464,6,0.9977701902389526
NeuMF,2011,2011-12-31,64360,6807,7,0.9974378347396851
NeuMF,2011,2011-12-31,64360,45728,8,0.9971753358840942
NeuMF,2011,2011-12-31,64360,2959,9,0.997025191783905
NeuMF,2011,2011-12-31,64360,30793,10,0.9959720969200134
NeuMF,2011,2011-12-31,64420,31410,1,0.9997357726097107
NeuMF,2011,2011-12-31,64420,290,2,0.9991323351860046
NeuMF,2011,2011-12-31,64420,7256,3,0.999011754989624
NeuMF,2011,2011-12-31,64420,64614,4,0.9989001750946045
NeuMF,2011,2011-12-31,64420,39183,5,0.9988963603973389
NeuMF,2011,2011-12-31,64420,60766,6,0.998829185962677
NeuMF,2011,2011-12-31,64420,344,7,0.9983213543891907
NeuMF,2011,2011-12-31,64420,30749,8,0.9982585310935974
NeuMF,2011,2011-12-31,64420,150,9,0.9980643391609192
NeuMF,2011,2011-12-31,64420,27869,10,0.9979960918426514
NeuMF,2011,2011-12-31,64453,8128,1,0.9995537400245667
NeuMF,2011,2011-12-31,64453,1956,2,0.9991670846939087
NeuMF,2011,2011-12-31,64453,60943,3,0.9990013241767883
NeuMF,2011,2011-12-31,64453,73854,4,0.9988303780555725
NeuMF,2011,2011-12-31,64453,64957,5,0.9987070560455322
NeuMF,2011,2011-12-31,64453,64614,6,0.998630940914154
NeuMF,2011,2011-12-31,64453,2804,7,0.9985931515693665
NeuMF,2011,2011-12-31,64453,52319,8,0.9984429478645325
NeuMF,2011,2011-12-31,64453,2248,9,0.9983493089675903
NeuMF,2011,2011-12-31,64453,62344,10,0.9983159303665161
NeuMF,2011,2011-12-31,64527,25750,1,0.9999972581863403
NeuMF,2011,2011-12-31,64527,62644,2,0.9997370839118958
NeuMF,2011,2011-12-31,64527,4298,3,0.9995390176773071
NeuMF,2011,2011-12-31,64527,1176,4,0.999104917049408
NeuMF,2011,2011-12-31,64527,6270,5,0.9986717700958252
NeuMF,2011,2011-12-31,64527,30820,6,0.9986358284950256
NeuMF,2011,2011-12-31,64527,69604,7,0.9986042380332947
NeuMF,2011,2011-12-31,64527,2908,8,0.9985411167144775
NeuMF,2011,2011-12-31,64527,5890,9,0.9985145926475525
NeuMF,2011,2011-12-31,64527,2159,10,0.9983914494514465
NeuMF,2011,2011-12-31,64870,1464,1,0.9999021291732788
NeuMF,2011,2011-12-31,64870,1261,2,0.9998644590377808
NeuMF,2011,2011-12-31,64870,4878,3,0.9998599290847778
NeuMF,2011,2011-12-31,64870,3786,4,0.999826967716217
NeuMF,2011,2011-12-31,64870,1884,5,0.9996742010116577
NeuMF,2011,2011-12-31,64870,3535,6,0.9996309280395508
NeuMF,2011,2011-12-31,64870,8874,7,0.999626636505127
NeuMF,2011,2011-12-31,64870,180,8,0.9996154308319092
NeuMF,2011,2011-12-31,64870,4105,9,0.9995381832122803
NeuMF,2011,2011-12-31,64870,101,10,0.999510645866394
NeuMF,2011,2011-12-31,65036,2232,1,0.9999145269393921
NeuMF,2011,2011-12-31,65036,2571,2,0.9997522234916687
NeuMF,2011,2011-12-31,65036,2959,3,0.9997206330299377
NeuMF,2011,2011-12-31,65036,1676,4,0.999546229839325
NeuMF,2011,2011-12-31,65036,2167,5,0.9995123147964478
NeuMF,2011,2011-12-31,65036,2542,6,0.9994888305664062
NeuMF,2011,2011-12-31,65036,2505,7,0.9994780421257019
NeuMF,2011,2011-12-31,65036,2455,8,0.9993745684623718
NeuMF,2011,2011-12-31,65036,1590,9,0.9993065595626831
NeuMF,2011,2011-12-31,65036,1748,10,0.9992707371711731
NeuMF,2011,2011-12-31,65041,27369,1,0.9999827146530151
NeuMF,2011,2011-12-31,65041,44974,2,0.9997599720954895
NeuMF,2011,2011-12-31,65041,45880,3,0.9997190833091736
NeuMF,2011,2011-12-31,65041,79132,4,0.9996854066848755
NeuMF,2011,2011-12-31,65041,55830,5,0.9996191263198853
NeuMF,2011,2011-12-31,65041,7011,6,0.9995543360710144
NeuMF,2011,2011-12-31,65041,78034,7,0.9995331764221191
NeuMF,2011,2011-12-31,65041,54190,8,0.9995238780975342
NeuMF,2011,2011-12-31,65041,55444,9,0.999427080154419
NeuMF,2011,2011-12-31,65041,49961,10,0.9993651509284973
NeuMF,2011,2011-12-31,65763,70286,1,0.9998663663864136
NeuMF,2011,2011-12-31,65763,77800,2,0.9996223449707031
NeuMF,2011,2011-12-31,65763,68237,3,0.9996028542518616
NeuMF,2011,2011-12-31,65763,79132,4,0.9989458918571472
NeuMF,2011,2011-12-31,65763,541,5,0.998646080493927
NeuMF,2011,2011-12-31,65763,2571,6,0.9981340765953064
NeuMF,2011,2011-12-31,65763,68157,7,0.9973673224449158
NeuMF,2011,2011-12-31,65763,68954,8,0.9961341619491577
NeuMF,2011,2011-12-31,65763,58559,9,0.9958193302154541
NeuMF,2011,2011-12-31,65763,1232,10,0.995383083820343
NeuMF,2011,2011-12-31,65996,667,1,0.9998898506164551
NeuMF,2011,2011-12-31,65996,61697,2,0.9996745586395264
NeuMF,2011,2011-12-31,65996,64030,3,0.9995810389518738
NeuMF,2011,2011-12-31,65996,7458,4,0.9993632435798645
NeuMF,2011,2011-12-31,65996,62394,5,0.9990146160125732
NeuMF,2011,2011-12-31,65996,19,6,0.9989566802978516
NeuMF,2011,2011-12-31,65996,442,7,0.9989031553268433
NeuMF,2011,2011-12-31,65996,72641,8,0.9987735152244568
NeuMF,2011,2011-12-31,65996,7254,9,0.9987422823905945
NeuMF,2011,2011-12-31,65996,68791,10,0.9985395669937134
NeuMF,2011,2011-12-31,66193,7323,1,0.9999316930770874
NeuMF,2011,2011-12-31,66193,61236,2,0.9999173879623413
NeuMF,2011,2011-12-31,66193,5608,3,0.9997929930686951
NeuMF,2011,2011-12-31,66193,3000,4,0.999724805355072
NeuMF,2011,2011-12-31,66193,6773,5,0.9997026324272156
NeuMF,2011,2011-12-31,66193,58559,6,0.9995830655097961
NeuMF,2011,2011-12-31,66193,5888,7,0.9995507597923279
NeuMF,2011,2011-12-31,66193,5788,8,0.9995444416999817
NeuMF,2011,2011-12-31,66193,7063,9,0.9995348453521729
NeuMF,2011,2011-12-31,66193,55820,10,0.9994292855262756
NeuMF,2011,2011-12-31,66569,55276,1,0.9994145631790161
NeuMF,2011,2011-12-31,66569,55052,2,0.9991920590400696
NeuMF,2011,2011-12-31,66569,55363,3,0.9985170960426331
NeuMF,2011,2011-12-31,66569,55118,4,0.9982277750968933
NeuMF,2011,2011-12-31,66569,2023,5,0.9971935153007507
NeuMF,2011,2011-12-31,66569,46723,6,0.9967098236083984
NeuMF,2011,2011-12-31,66569,7367,7,0.9966745376586914
NeuMF,2011,2011-12-31,66569,1027,8,0.9961304664611816
NeuMF,2011,2011-12-31,66569,27821,9,0.9959297776222229
NeuMF,2011,2011-12-31,66569,858,10,0.9957658052444458
NeuMF,2011,2011-12-31,66674,1214,1,0.999679684638977
NeuMF,2011,2011-12-31,66674,1805,2,0.9990563988685608
NeuMF,2011,2011-12-31,66674,1200,3,0.9990153312683105
NeuMF,2011,2011-12-31,66674,1196,4,0.9989607334136963
NeuMF,2011,2011-12-31,66674,1378,5,0.9988915324211121
NeuMF,2011,2011-12-31,66674,2605,6,0.9988225102424622
NeuMF,2011,2011-12-31,66674,555,7,0.998480498790741
NeuMF,2011,2011-12-31,66674,785,8,0.998374342918396
NeuMF,2011,2011-12-31,66674,2716,9,0.9983460903167725
NeuMF,2011,2011-12-31,66674,2683,10,0.9982764720916748
NeuMF,2011,2011-12-31,66832,59501,1,0.9998794794082642
NeuMF,2011,2011-12-31,66832,2006,2,0.9992006421089172
NeuMF,2011,2011-12-31,66832,78105,3,0.999082088470459
NeuMF,2011,2011-12-31,66832,73017,4,0.9988692402839661
NeuMF,2011,2011-12-31,66832,53125,5,0.9988331198692322
NeuMF,2011,2011-12-31,66832,52604,6,0.998738706111908
NeuMF,2011,2011-12-31,66832,53129,7,0.9982141256332397
NeuMF,2011,2011-12-31,66832,6539,8,0.9980903267860413
NeuMF,2011,2011-12-31,66832,65577,9,0.9979168772697449
NeuMF,2011,2011-12-31,66832,72731,10,0.9976217150688171
NeuMF,2011,2011-12-31,67263,8207,1,0.9988158941268921
NeuMF,2011,2011-12-31,67263,1343,2,0.9978220462799072
NeuMF,2011,2011-12-31,67263,1586,3,0.9977772831916809
NeuMF,2011,2011-12-31,67263,454,4,0.9974578022956848
NeuMF,2011,2011-12-31,67263,4084,5,0.9967358708381653
NeuMF,2011,2011-12-31,67263,3107,6,0.9966075420379639
NeuMF,2011,2011-12-31,67263,2405,7,0.9955559372901917
NeuMF,2011,2011-12-31,67263,10,8,0.9953511953353882
NeuMF,2011,2011-12-31,67263,4855,9,0.9942659735679626
NeuMF,2011,2011-12-31,67263,55765,10,0.9941933751106262
NeuMF,2011,2011-12-31,67298,6669,1,0.9973981380462646
NeuMF,2011,2011-12-31,67298,55232,2,0.9973168969154358
NeuMF,2011,2011-12-31,67298,8861,3,0.9972826242446899
NeuMF,2011,2011-12-31,67298,6776,4,0.9968343377113342
NeuMF,2011,2011-12-31,67298,1475,5,0.9957323670387268
NeuMF,2011,2011-12-31,67298,42011,6,0.9952139854431152
NeuMF,2011,2011-12-31,67298,4738,7,0.995213508605957
NeuMF,2011,2011-12-31,67298,1590,8,0.9937947988510132
NeuMF,2011,2011-12-31,67298,8638,9,0.9936705827713013
NeuMF,2011,2011-12-31,67298,1676,10,0.993574321269989
NeuMF,2011,2011-12-31,67464,70293,1,0.9999755620956421
NeuMF,2011,2011-12-31,67464,68157,2,0.999906063079834
NeuMF,2011,2011-12-31,67464,69481,3,0.9998536109924316
NeuMF,2011,2011-12-31,67464,64614,4,0.999561607837677
NeuMF,2011,2011-12-31,67464,72733,5,0.9995388984680176
NeuMF,2011,2011-12-31,67464,72720,6,0.9993333220481873
NeuMF,2011,2011-12-31,67464,79132,7,0.9993077516555786
NeuMF,2011,2011-12-31,67464,70286,8,0.999188244342804
NeuMF,2011,2011-12-31,67464,69757,9,0.9991365075111389
NeuMF,2011,2011-12-31,67464,6539,10,0.9988319277763367
NeuMF,2011,2011-12-31,67494,27831,1,0.9994137287139893
NeuMF,2011,2011-12-31,67494,3253,2,0.9990739822387695
NeuMF,2011,2011-12-31,67494,3254,3,0.9987745881080627
NeuMF,2011,2011-12-31,67494,3809,4,0.9987672567367554
NeuMF,2011,2011-12-31,67494,785,5,0.9982582926750183
NeuMF,2011,2011-12-31,67494,784,6,0.9978874325752258
NeuMF,2011,2011-12-31,67494,1517,7,0.9976402521133423
NeuMF,2011,2011-12-31,67494,3060,8,0.9974961876869202
NeuMF,2011,2011-12-31,67494,2474,9,0.9971826076507568
NeuMF,2011,2011-12-31,67494,3039,10,0.9971777200698853
NeuMF,2011,2011-12-31,67589,2340,1,0.9998267292976379
NeuMF,2011,2011-12-31,67589,374,2,0.9998070597648621
NeuMF,2011,2011-12-31,67589,27,3,0.9998063445091248
NeuMF,2011,2011-12-31,67589,3534,4,0.9997780919075012
NeuMF,2011,2011-12-31,67589,381,5,0.9994341731071472
NeuMF,2011,2011-12-31,67589,1888,6,0.9985069632530212
NeuMF,2011,2011-12-31,67589,276,7,0.9980471134185791
NeuMF,2011,2011-12-31,67589,2338,8,0.9977013468742371
NeuMF,2011,2011-12-31,67589,2506,9,0.9975027441978455
NeuMF,2011,2011-12-31,67589,2431,10,0.9971901774406433
NeuMF,2011,2011-12-31,67646,8974,1,0.9992842078208923
NeuMF,2011,2011-12-31,67646,43679,2,0.998906135559082
NeuMF,2011,2011-12-31,67646,2059,3,0.9987216591835022
NeuMF,2011,2011-12-31,67646,1194,4,0.9984404444694519
NeuMF,2011,2011-12-31,67646,5401,5,0.998268723487854
NeuMF,2011,2011-12-31,67646,45081,6,0.997706413269043
NeuMF,2011,2011-12-31,67646,6880,7,0.9975639581680298
NeuMF,2011,2011-12-31,67646,53953,8,0.9975296854972839
NeuMF,2011,2011-12-31,67646,3693,9,0.9974249601364136
NeuMF,2011,2011-12-31,67646,3300,10,0.9972696900367737
NeuMF,2011,2011-12-31,67795,80463,1,0.9991974234580994
NeuMF,2011,2011-12-31,67795,1704,2,0.9991125464439392
NeuMF,2011,2011-12-31,67795,69757,3,0.9989660978317261
NeuMF,2011,2011-12-31,67795,68157,4,0.9989556074142456
NeuMF,2011,2011-12-31,67795,1961,5,0.9987962245941162
NeuMF,2011,2011-12-31,67795,8533,6,0.998748779296875
NeuMF,2011,2011-12-31,67795,8873,7,0.9987419247627258
NeuMF,2011,2011-12-31,67795,72641,8,0.9986487030982971
NeuMF,2011,2011-12-31,67795,31,9,0.9986403584480286
NeuMF,2011,2011-12-31,67795,58559,10,0.9985501170158386
NeuMF,2011,2011-12-31,68004,44555,1,0.9999589920043945
NeuMF,2011,2011-12-31,68004,6016,2,0.9994839429855347
NeuMF,2011,2011-12-31,68004,49530,3,0.9993336796760559
NeuMF,2011,2011-12-31,68004,4973,4,0.9992282390594482
NeuMF,2011,2011-12-31,68004,64614,5,0.998847484588623
NeuMF,2011,2011-12-31,68004,50068,6,0.9986556768417358
NeuMF,2011,2011-12-31,68004,4226,7,0.9981632828712463
NeuMF,2011,2011-12-31,68004,2858,8,0.9977658987045288
NeuMF,2011,2011-12-31,68004,58559,9,0.9974945783615112
NeuMF,2011,2011-12-31,68004,31410,10,0.996969997882843
NeuMF,2011,2011-12-31,68012,6618,1,0.9998500347137451
NeuMF,2011,2011-12-31,68012,6620,2,0.9998103976249695
NeuMF,2011,2011-12-31,68012,4878,3,0.9996569156646729
NeuMF,2011,2011-12-31,68012,8961,4,0.9994650483131409
NeuMF,2011,2011-12-31,68012,5617,5,0.9994515776634216
NeuMF,2011,2011-12-31,68012,7147,6,0.999445378780365
NeuMF,2011,2011-12-31,68012,8807,7,0.9990606904029846
NeuMF,2011,2011-12-31,68012,44761,8,0.9989550113677979
NeuMF,2011,2011-12-31,68012,7373,9,0.9989466071128845
NeuMF,2011,2011-12-31,68012,6754,10,0.9988595247268677
NeuMF,2011,2011-12-31,68097,3949,1,0.9976950287818909
NeuMF,2011,2011-12-31,68097,912,2,0.9975827932357788
NeuMF,2011,2011-12-31,68097,4963,3,0.9974019527435303
NeuMF,2011,2011-12-31,68097,2692,4,0.9972468614578247
NeuMF,2011,2011-12-31,68097,8807,5,0.9969630837440491
NeuMF,2011,2011-12-31,68097,2683,6,0.9969434142112732
NeuMF,2011,2011-12-31,68097,5444,7,0.9965272545814514
NeuMF,2011,2011-12-31,68097,1517,8,0.9960143566131592
NeuMF,2011,2011-12-31,68097,35836,9,0.9954755902290344
NeuMF,2011,2011-12-31,68097,5380,10,0.9951692223548889
NeuMF,2011,2011-12-31,68103,1783,1,0.9996914863586426
NeuMF,2011,2011-12-31,68103,125,2,0.9979337453842163
NeuMF,2011,2011-12-31,68103,1034,3,0.9975448250770569
NeuMF,2011,2011-12-31,68103,2718,4,0.9974047541618347
NeuMF,2011,2011-12-31,68103,2318,5,0.9966668486595154
NeuMF,2011,2011-12-31,68103,3083,6,0.9966235160827637
NeuMF,2011,2011-12-31,68103,4080,7,0.9959546327590942
NeuMF,2011,2011-12-31,68103,2723,8,0.9955756664276123
NeuMF,2011,2011-12-31,68103,2753,9,0.9950845837593079
NeuMF,2011,2011-12-31,68103,1717,10,0.9949277639389038
NeuMF,2011,2011-12-31,68405,4343,1,0.9995916485786438
NeuMF,2011,2011-12-31,68405,6946,2,0.9995313882827759
NeuMF,2011,2011-12-31,68405,546,3,0.9994747042655945
NeuMF,2011,2011-12-31,68405,420,4,0.9994149208068848
NeuMF,2011,2011-12-31,68405,786,5,0.9991797804832458
NeuMF,2011,2011-12-31,68405,104,6,0.9987978935241699
NeuMF,2011,2011-12-31,68405,4005,7,0.9986264705657959
NeuMF,2011,2011-12-31,68405,135,8,0.9986013770103455
NeuMF,2011,2011-12-31,68405,10,9,0.9984935522079468
NeuMF,2011,2011-12-31,68405,2991,10,0.9982489347457886
NeuMF,2011,2011-12-31,68445,4450,1,0.9998225569725037
NeuMF,2011,2011-12-31,68445,8019,2,0.9997647404670715
NeuMF,2011,2011-12-31,68445,69134,3,0.999411940574646
NeuMF,2011,2011-12-31,68445,1717,4,0.9992715716362
NeuMF,2011,2011-12-31,68445,7371,5,0.9991946816444397
NeuMF,2011,2011-12-31,68445,6214,6,0.9990667700767517
NeuMF,2011,2011-12-31,68445,6880,7,0.9990642666816711
NeuMF,2011,2011-12-31,68445,27838,8,0.9988773465156555
NeuMF,2011,2011-12-31,68445,39446,9,0.9988635778427124
NeuMF,2011,2011-12-31,68445,2160,10,0.9987539052963257
NeuMF,2011,2011-12-31,68639,4646,1,0.9987090826034546
NeuMF,2011,2011-12-31,68639,3384,2,0.9985713958740234
NeuMF,2011,2011-12-31,68639,2764,3,0.9982941746711731
NeuMF,2011,2011-12-31,68639,3831,4,0.9978188276290894
NeuMF,2011,2011-12-31,68639,2686,5,0.9978156089782715
NeuMF,2011,2011-12-31,68639,3153,6,0.9975501894950867
NeuMF,2011,2011-12-31,68639,3479,7,0.9967889785766602
NeuMF,2011,2011-12-31,68639,3083,8,0.9964680671691895
NeuMF,2011,2011-12-31,68639,5603,9,0.9963424801826477
NeuMF,2011,2011-12-31,68639,2239,10,0.9960898160934448
NeuMF,2011,2011-12-31,68722,59315,1,0.9998421669006348
NeuMF,2011,2011-12-31,68722,44191,2,0.9994383454322815
NeuMF,2011,2011-12-31,68722,79132,3,0.9989117383956909
NeuMF,2011,2011-12-31,68722,60684,4,0.9987621307373047
NeuMF,2011,2011-12-31,68722,49530,5,0.9983612895011902
NeuMF,2011,2011-12-31,68722,68319,6,0.9983382225036621
NeuMF,2011,2011-12-31,68722,48774,7,0.997931957244873
NeuMF,2011,2011-12-31,68722,63859,8,0.9975799322128296
NeuMF,2011,2011-12-31,68722,50872,9,0.9974384307861328
NeuMF,2011,2011-12-31,68722,60126,10,0.9967857599258423
NeuMF,2011,2011-12-31,68740,5952,1,0.9986069798469543
NeuMF,2011,2011-12-31,68740,6333,2,0.9980664849281311
NeuMF,2011,2011-12-31,68740,4993,3,0.9978779554367065
NeuMF,2011,2011-12-31,68740,4886,4,0.9976969361305237
NeuMF,2011,2011-12-31,68740,3256,5,0.9970261454582214
NeuMF,2011,2011-12-31,68740,6377,6,0.9970138072967529
NeuMF,2011,2011-12-31,68740,6947,7,0.9967032074928284
NeuMF,2011,2011-12-31,68740,3481,8,0.9964374303817749
NeuMF,2011,2011-12-31,68740,3555,9,0.996147632598877
NeuMF,2011,2011-12-31,68740,59615,10,0.9960053563117981
NeuMF,2011,2011-12-31,68776,6753,1,0.9989615678787231
NeuMF,2011,2011-12-31,68776,44004,2,0.9981266856193542
NeuMF,2011,2011-12-31,68776,7084,3,0.9973474740982056
NeuMF,2011,2011-12-31,68776,3606,4,0.9961249232292175
NeuMF,2011,2011-12-31,68776,6163,5,0.9957560896873474
NeuMF,2011,2011-12-31,68776,44864,6,0.9951329827308655
NeuMF,2011,2011-12-31,68776,2611,7,0.9948636889457703
NeuMF,2011,2011-12-31,68776,7158,8,0.9945057034492493
NeuMF,2011,2011-12-31,68776,2764,9,0.994085431098938
NeuMF,2011,2011-12-31,68776,262,10,0.9925742149353027
NeuMF,2011,2011-12-31,68778,4992,1,0.9990096092224121
NeuMF,2011,2011-12-31,68778,837,2,0.9989219903945923
NeuMF,2011,2011-12-31,68778,5530,3,0.9985198378562927
NeuMF,2011,2011-12-31,68778,7151,4,0.9984486103057861
NeuMF,2011,2011-12-31,68778,48997,5,0.9982775449752808
NeuMF,2011,2011-12-31,68778,42015,6,0.9982688426971436
NeuMF,2011,2011-12-31,68778,1367,7,0.998045802116394
NeuMF,2011,2011-12-31,68778,616,8,0.9977335929870605
NeuMF,2011,2011-12-31,68778,9010,9,0.9972732663154602
NeuMF,2011,2011-12-31,68778,55442,10,0.9962647557258606
NeuMF,2011,2011-12-31,69040,288,1,0.9982128143310547
NeuMF,2011,2011-12-31,69040,4262,2,0.9980840682983398
NeuMF,2011,2011-12-31,69040,2712,3,0.9979150891304016
NeuMF,2011,2011-12-31,69040,1206,4,0.9972385168075562
NeuMF,2011,2011-12-31,69040,370,5,0.997142493724823
NeuMF,2011,2011-12-31,69040,4239,6,0.9970832467079163
NeuMF,2011,2011-12-31,69040,7438,7,0.9960612654685974
NeuMF,2011,2011-12-31,69040,50,8,0.9959166646003723
NeuMF,2011,2011-12-31,69040,4848,9,0.9956387877464294
NeuMF,2011,2011-12-31,69040,6874,10,0.9945412278175354
NeuMF,2011,2011-12-31,69152,4226,1,0.9994927644729614
NeuMF,2011,2011-12-31,69152,3421,2,0.9991801381111145
NeuMF,2011,2011-12-31,69152,7361,3,0.9985748529434204
NeuMF,2011,2011-12-31,69152,5670,4,0.9984789490699768
NeuMF,2011,2011-12-31,69152,3253,5,0.997795581817627
NeuMF,2011,2011-12-31,69152,3852,6,0.9972579479217529
NeuMF,2011,2011-12-31,69152,3362,7,0.9971016049385071
NeuMF,2011,2011-12-31,69152,7263,8,0.9969298243522644
NeuMF,2011,2011-12-31,69152,5952,9,0.996877908706665
NeuMF,2011,2011-12-31,69152,1704,10,0.9965572357177734
NeuMF,2011,2011-12-31,69401,2372,1,0.9989559650421143
NeuMF,2011,2011-12-31,69401,2072,2,0.9989175796508789
NeuMF,2011,2011-12-31,69401,73023,3,0.9973537921905518
NeuMF,2011,2011-12-31,69401,743,4,0.9973046779632568
NeuMF,2011,2011-12-31,69401,1091,5,0.9969968795776367
NeuMF,2011,2011-12-31,69401,1259,6,0.9966335892677307
NeuMF,2011,2011-12-31,69401,3098,7,0.9966256618499756
NeuMF,2011,2011-12-31,69401,3519,8,0.9965841770172119
NeuMF,2011,2011-12-31,69401,3360,9,0.99587482213974
NeuMF,2011,2011-12-31,69401,2518,10,0.9945427179336548
NeuMF,2011,2011-12-31,69569,431,1,0.9996891021728516
NeuMF,2011,2011-12-31,69569,296,2,0.9994581341743469
NeuMF,2011,2011-12-31,69569,111,3,0.9994034767150879
NeuMF,2011,2011-12-31,69569,50,4,0.9993109703063965
NeuMF,2011,2011-12-31,69569,7438,5,0.9992818236351013
NeuMF,2011,2011-12-31,69569,541,6,0.9992438554763794
NeuMF,2011,2011-12-31,69569,555,7,0.999232292175293
NeuMF,2011,2011-12-31,69569,593,8,0.9990817308425903
NeuMF,2011,2011-12-31,69569,6711,9,0.9990453124046326
NeuMF,2011,2011-12-31,69569,778,10,0.9989894032478333
NeuMF,2011,2011-12-31,69603,59126,1,0.9999635219573975
NeuMF,2011,2011-12-31,69603,71057,2,0.999698281288147
NeuMF,2011,2011-12-31,69603,8132,3,0.9996578693389893
NeuMF,2011,2011-12-31,69603,71460,4,0.999589741230011
NeuMF,2011,2011-12-31,69603,68319,5,0.9993485808372498
NeuMF,2011,2011-12-31,69603,67087,6,0.9986037611961365
NeuMF,2011,2011-12-31,69603,67193,7,0.9984803795814514
NeuMF,2011,2011-12-31,69603,55247,8,0.9983307719230652
NeuMF,2011,2011-12-31,69603,58376,9,0.9972710013389587
NeuMF,2011,2011-12-31,69603,63853,10,0.9969825148582458
NeuMF,2011,2011-12-31,69604,8984,1,0.9982326030731201
NeuMF,2011,2011-12-31,69604,3030,2,0.9977607727050781
NeuMF,2011,2011-12-31,69604,59315,3,0.996547281742096
NeuMF,2011,2011-12-31,69604,8949,4,0.9949536919593811
NeuMF,2011,2011-12-31,69604,70286,5,0.9931296706199646
NeuMF,2011,2011-12-31,69604,2762,6,0.9930146932601929
NeuMF,2011,2011-12-31,69604,2951,7,0.9926791191101074
NeuMF,2011,2011-12-31,69604,2728,8,0.9921263456344604
NeuMF,2011,2011-12-31,69604,58295,9,0.9913913011550903
NeuMF,2011,2011-12-31,69604,55830,10,0.9896524548530579
NeuMF,2011,2011-12-31,69641,55768,1,0.9999580383300781
NeuMF,2011,2011-12-31,69641,59985,2,0.9998966455459595
NeuMF,2011,2011-12-31,69641,58803,3,0.9998434782028198
NeuMF,2011,2011-12-31,69641,68319,4,0.999602735042572
NeuMF,2011,2011-12-31,69641,61350,5,0.9995204210281372
NeuMF,2011,2011-12-31,69641,77866,6,0.9994947910308838
NeuMF,2011,2011-12-31,69641,54962,7,0.9993519186973572
NeuMF,2011,2011-12-31,69641,58025,8,0.9993384480476379
NeuMF,2011,2011-12-31,69641,79132,9,0.9991733431816101
NeuMF,2011,2011-12-31,69641,8861,10,0.9991466999053955
NeuMF,2011,2011-12-31,69815,45208,1,0.9999634027481079
NeuMF,2011,2011-12-31,69815,2145,2,0.9995007514953613
NeuMF,2011,2011-12-31,69815,48593,3,0.999459445476532
NeuMF,2011,2011-12-31,69815,61729,4,0.9992961883544922
NeuMF,2011,2011-12-31,69815,79,5,0.9976307153701782
NeuMF,2011,2011-12-31,69815,60763,6,0.9972304701805115
NeuMF,2011,2011-12-31,69815,4990,7,0.9972158670425415
NeuMF,2011,2011-12-31,69815,6559,8,0.9970518350601196
NeuMF,2011,2011-12-31,69815,42009,9,0.99696284532547
NeuMF,2011,2011-12-31,69815,2796,10,0.9968067407608032
NeuMF,2011,2011-12-31,70117,5608,1,0.9989675283432007
NeuMF,2011,2011-12-31,70117,53318,2,0.9985170960426331
NeuMF,2011,2011-12-31,70117,3950,3,0.9976676106452942
NeuMF,2011,2011-12-31,70117,55442,4,0.9973236322402954
NeuMF,2011,2011-12-31,70117,58306,5,0.9964145421981812
NeuMF,2011,2011-12-31,70117,61236,6,0.9962770342826843
NeuMF,2011,2011-12-31,70117,33162,7,0.9950106143951416
NeuMF,2011,2011-12-31,70117,79132,8,0.9949893355369568
NeuMF,2011,2011-12-31,70117,4881,9,0.9947924017906189
NeuMF,2011,2011-12-31,70117,8970,10,0.9942349791526794
NeuMF,2011,2011-12-31,70139,1270,1,0.9988420605659485
NeuMF,2011,2011-12-31,70139,1517,2,0.9986054301261902
NeuMF,2011,2011-12-31,70139,6711,3,0.9984556436538696
NeuMF,2011,2011-12-31,70139,2542,4,0.9983916878700256
NeuMF,2011,2011-12-31,70139,6502,5,0.9971517324447632
NeuMF,2011,2011-12-31,70139,1221,6,0.9958705306053162
NeuMF,2011,2011-12-31,70139,73344,7,0.9951568245887756
NeuMF,2011,2011-12-31,70139,68358,8,0.9936635494232178
NeuMF,2011,2011-12-31,70139,56782,9,0.9936231970787048
NeuMF,2011,2011-12-31,70139,40412,10,0.9935491681098938
NeuMF,2011,2011-12-31,70324,60069,1,0.9999243021011353
NeuMF,2011,2011-12-31,70324,66509,2,0.9999173879623413
NeuMF,2011,2011-12-31,70324,68954,3,0.9998489618301392
NeuMF,2011,2011-12-31,70324,69122,4,0.9998480081558228
NeuMF,2011,2011-12-31,70324,78499,5,0.9997521042823792
NeuMF,2011,2011-12-31,70324,53972,6,0.9997385144233704
NeuMF,2011,2011-12-31,70324,68358,7,0.9995588660240173
NeuMF,2011,2011-12-31,70324,53322,8,0.9995089769363403
NeuMF,2011,2011-12-31,70324,66097,9,0.9994578957557678
NeuMF,2011,2011-12-31,70324,57368,10,0.9993778467178345
NeuMF,2011,2011-12-31,70963,6874,1,0.9998714923858643
NeuMF,2011,2011-12-31,70963,7438,2,0.9997372031211853
NeuMF,2011,2011-12-31,70963,8917,3,0.9997007846832275
NeuMF,2011,2011-12-31,70963,60684,4,0.9996991157531738
NeuMF,2011,2011-12-31,70963,6333,5,0.9996918439865112
NeuMF,2011,2011-12-31,70963,45728,6,0.9995168447494507
NeuMF,2011,2011-12-31,70963,61024,7,0.9995090961456299
NeuMF,2011,2011-12-31,70963,5574,8,0.9994552731513977
NeuMF,2011,2011-12-31,70963,3275,9,0.9994346499443054
NeuMF,2011,2011-12-31,70963,67087,10,0.9991999268531799
NeuMF,2011,2011-12-31,70973,6542,1,0.9999490976333618
NeuMF,2011,2011-12-31,70973,6770,2,0.9995501637458801
NeuMF,2011,2011-12-31,70973,5890,3,0.9990606904029846
NeuMF,2011,2011-12-31,70973,6669,4,0.9990410208702087
NeuMF,2011,2011-12-31,70973,6954,5,0.9989539384841919
NeuMF,2011,2011-12-31,70973,6286,6,0.9988096952438354
NeuMF,2011,2011-12-31,70973,50912,7,0.9987063407897949
NeuMF,2011,2011-12-31,70973,7042,8,0.9985460042953491
NeuMF,2011,2011-12-31,70973,7371,9,0.9985160231590271
NeuMF,2011,2011-12-31,70973,64622,10,0.9984830021858215
NeuMF,2011,2011-12-31,71215,35836,1,0.9992160797119141
NeuMF,2011,2011-12-31,71215,231,2,0.9989056587219238
NeuMF,2011,2011-12-31,71215,3948,3,0.9977516531944275
NeuMF,2011,2011-12-31,71215,5445,4,0.9977471232414246
NeuMF,2011,2011-12-31,71215,8464,5,0.9976949095726013
NeuMF,2011,2011-12-31,71215,6377,6,0.9976929426193237
NeuMF,2011,2011-12-31,71215,8961,7,0.9975566864013672
NeuMF,2011,2011-12-31,71215,7147,8,0.9974341988563538
NeuMF,2011,2011-12-31,71215,44191,9,0.9973406195640564
NeuMF,2011,2011-12-31,71215,4886,10,0.9973335266113281
NeuMF,2011,2011-12-31,71347,71466,1,0.999359667301178
NeuMF,2011,2011-12-31,71347,67267,2,0.9991449117660522
NeuMF,2011,2011-12-31,71347,8798,3,0.999040424823761
NeuMF,2011,2011-12-31,71347,25,4,0.9989853501319885
NeuMF,2011,2011-12-31,71347,1147,5,0.9988207221031189
NeuMF,2011,2011-12-31,71347,4835,6,0.9986194372177124
NeuMF,2011,2011-12-31,71347,78574,7,0.9984978437423706
NeuMF,2011,2011-12-31,71347,49910,8,0.99772709608078
NeuMF,2011,2011-12-31,71347,59369,9,0.9974018335342407
NeuMF,2011,2011-12-31,71347,67734,10,0.9973676800727844
NeuMF,2011,2011-12-31,71873,339,1,0.9989134073257446
NeuMF,2011,2011-12-31,71873,597,2,0.9981985688209534
NeuMF,2011,2011-12-31,71873,41566,3,0.9981050491333008
NeuMF,2011,2011-12-31,71873,42004,4,0.997149646282196
NeuMF,2011,2011-12-31,71873,34405,5,0.9970545768737793
NeuMF,2011,2011-12-31,71873,105,6,0.9969095587730408
NeuMF,2011,2011-12-31,71873,236,7,0.9968551397323608
NeuMF,2011,2011-12-31,71873,70293,8,0.9967617392539978
NeuMF,2011,2011-12-31,71873,595,9,0.9965768456459045
NeuMF,2011,2011-12-31,71873,2359,10,0.9960445165634155
NeuMF,2011,2011-12-31,71987,59501,1,0.9996935129165649
NeuMF,2011,2011-12-31,71987,4956,2,0.9990478157997131
NeuMF,2011,2011-12-31,71987,6333,3,0.9983739852905273
NeuMF,2011,2011-12-31,71987,58998,4,0.9980171918869019
NeuMF,2011,2011-12-31,71987,63992,5,0.9975787997245789
NeuMF,2011,2011-12-31,71987,2528,6,0.9974740147590637
NeuMF,2011,2011-12-31,71987,8033,7,0.9968520998954773
NeuMF,2011,2011-12-31,71987,3635,8,0.9968305230140686
NeuMF,2011,2011-12-31,71987,2872,9,0.9966081380844116
NeuMF,2011,2011-12-31,71987,59615,10,0.9962506890296936
NeuMF,2011,2011-12-31,72217,58559,1,0.9997921586036682
NeuMF,2011,2011-12-31,72217,72998,2,0.9997625946998596
NeuMF,2011,2011-12-31,72217,70286,3,0.9997509121894836
NeuMF,2011,2011-12-31,72217,48516,4,0.9997127652168274
NeuMF,2011,2011-12-31,72217,2959,5,0.9997081160545349
NeuMF,2011,2011-12-31,72217,69122,6,0.9996228218078613
NeuMF,2011,2011-12-31,72217,49530,7,0.9995936751365662
NeuMF,2011,2011-12-31,72217,74458,8,0.999516487121582
NeuMF,2011,2011-12-31,72217,48738,9,0.9994995594024658
NeuMF,2011,2011-12-31,72217,69757,10,0.9994102716445923
NeuMF,2011,2011-12-31,72232,62434,1,0.9995124340057373
NeuMF,2011,2011-12-31,72232,293,2,0.9989410042762756
NeuMF,2011,2011-12-31,72232,2542,3,0.998831570148468
NeuMF,2011,2011-12-31,72232,69122,4,0.9986473917961121
NeuMF,2011,2011-12-31,72232,1089,5,0.9986191987991333
NeuMF,2011,2011-12-31,72232,51255,6,0.9985069632530212
NeuMF,2011,2011-12-31,72232,52281,7,0.9983439445495605
NeuMF,2011,2011-12-31,72232,541,8,0.9980169534683228
NeuMF,2011,2011-12-31,72232,1527,9,0.9979187846183777
NeuMF,2011,2011-12-31,72232,44191,10,0.997901201248169
NeuMF,2011,2011-12-31,72587,1240,1,0.9994741082191467
NeuMF,2011,2011-12-31,72587,4226,2,0.9992462396621704
NeuMF,2011,2011-12-31,72587,1200,3,0.9991323351860046
NeuMF,2011,2011-12-31,72587,1196,4,0.9989752769470215
NeuMF,2011,2011-12-31,72587,1198,5,0.9989355206489563
NeuMF,2011,2011-12-31,72587,1214,6,0.9988932013511658
NeuMF,2011,2011-12-31,72587,2628,7,0.9987247586250305
NeuMF,2011,2011-12-31,72587,54272,8,0.9985628724098206
NeuMF,2011,2011-12-31,72587,7438,9,0.998323380947113
NeuMF,2011,2011-12-31,72587,60069,10,0.9980473518371582
NeuMF,2011,2011-12-31,72638,58559,1,0.9998886585235596
NeuMF,2011,2011-12-31,72638,72998,2,0.9998788833618164
NeuMF,2011,2011-12-31,72638,59315,3,0.9998095631599426
NeuMF,2011,2011-12-31,72638,2860,4,0.9997873902320862
NeuMF,2011,2011-12-31,72638,60069,5,0.9996167421340942
NeuMF,2011,2011-12-31,72638,64614,6,0.9995778203010559
NeuMF,2011,2011-12-31,72638,2805,7,0.9993888139724731
NeuMF,2011,2011-12-31,72638,2410,8,0.9993759989738464
NeuMF,2011,2011-12-31,72638,2701,9,0.9992576241493225
NeuMF,2011,2011-12-31,72638,2720,10,0.999014139175415
NeuMF,2011,2011-12-31,72663,4678,1,0.9996702671051025
NeuMF,2011,2011-12-31,72663,3740,2,0.9980508089065552
NeuMF,2011,2011-12-31,72663,3836,3,0.9970390796661377
NeuMF,2011,2011-12-31,72663,4553,4,0.9959834814071655
NeuMF,2011,2011-12-31,72663,8633,5,0.9957919120788574
NeuMF,2011,2011-12-31,72663,1287,6,0.9948969483375549
NeuMF,2011,2011-12-31,72663,1373,7,0.9947338104248047
NeuMF,2011,2011-12-31,72663,2253,8,0.9947250485420227
NeuMF,2011,2011-12-31,72663,4915,9,0.9946565628051758
NeuMF,2011,2011-12-31,72663,4148,10,0.9943094253540039
NeuMF,2011,2011-12-31,72888,20,1,0.9994792342185974
NeuMF,2011,2011-12-31,72888,55290,2,0.999273955821991
NeuMF,2011,2011-12-31,72888,2861,3,0.9987931251525879
NeuMF,2011,2011-12-31,72888,2403,4,0.9985833168029785
NeuMF,2011,2011-12-31,72888,1526,5,0.9981433153152466
NeuMF,2011,2011-12-31,72888,2671,6,0.997574508190155
NeuMF,2011,2011-12-31,72888,2881,7,0.9975675344467163
NeuMF,2011,2011-12-31,72888,4677,8,0.9974831938743591
NeuMF,2011,2011-12-31,72888,3978,9,0.9971773624420166
NeuMF,2011,2011-12-31,72888,45186,10,0.9966917037963867
NeuMF,2011,2011-12-31,73045,5444,1,0.9998289346694946
NeuMF,2011,2011-12-31,73045,5991,2,0.999660849571228
NeuMF,2011,2011-12-31,73045,4720,3,0.9995529055595398
NeuMF,2011,2011-12-31,73045,4246,4,0.9995458722114563
NeuMF,2011,2011-12-31,73045,5791,5,0.9992479681968689
NeuMF,2011,2011-12-31,73045,5992,6,0.999131977558136
NeuMF,2011,2011-12-31,73045,4973,7,0.9987623691558838
NeuMF,2011,2011-12-31,73045,5299,8,0.9987385869026184
NeuMF,2011,2011-12-31,73045,5218,9,0.9983862638473511
NeuMF,2011,2011-12-31,73045,6539,10,0.9980552196502686
NeuMF,2011,2011-12-31,73145,5890,1,0.9999711513519287
NeuMF,2011,2011-12-31,73145,3569,2,0.9998762607574463
NeuMF,2011,2011-12-31,73145,26242,3,0.9996032118797302
NeuMF,2011,2011-12-31,73145,5995,4,0.9993701577186584
NeuMF,2011,2011-12-31,73145,6286,5,0.9990469813346863
NeuMF,2011,2011-12-31,73145,50068,6,0.9984971284866333
NeuMF,2011,2011-12-31,73145,3471,7,0.998130738735199
NeuMF,2011,2011-12-31,73145,4326,8,0.9978331923484802
NeuMF,2011,2011-12-31,73145,6953,9,0.9977262616157532
NeuMF,2011,2011-12-31,73145,3160,10,0.997655987739563
NeuMF,2011,2011-12-31,73579,69526,1,0.9997876286506653
NeuMF,2011,2011-12-31,73579,45447,2,0.9997814297676086
NeuMF,2011,2011-12-31,73579,49278,3,0.9994456171989441
NeuMF,2011,2011-12-31,73579,6550,4,0.999363124370575
NeuMF,2011,2011-12-31,73579,51662,5,0.9993509650230408
NeuMF,2011,2011-12-31,73579,7254,6,0.9992063641548157
NeuMF,2011,2011-12-31,73579,7438,7,0.9991139769554138
NeuMF,2011,2011-12-31,73579,31685,8,0.9990397095680237
NeuMF,2011,2011-12-31,73579,33794,9,0.9989768266677856
NeuMF,2011,2011-12-31,73579,36529,10,0.9989626407623291
NeuMF,2011,2011-12-31,74000,2973,1,0.9995871186256409
NeuMF,2011,2011-12-31,74000,60950,2,0.9968239068984985
NeuMF,2011,2011-12-31,74000,909,3,0.9960340857505798
NeuMF,2011,2011-12-31,74000,3618,4,0.9955064058303833
NeuMF,2011,2011-12-31,74000,53519,5,0.9945969581604004
NeuMF,2011,2011-12-31,74000,64839,6,0.9943296909332275
NeuMF,2011,2011-12-31,74000,54997,7,0.9940055012702942
NeuMF,2011,2011-12-31,74000,6787,8,0.993983805179596
NeuMF,2011,2011-12-31,74000,27904,9,0.9939144253730774
NeuMF,2011,2011-12-31,74000,4941,10,0.9935245513916016
NeuMF,2011,2011-12-31,74212,7293,1,0.9997465014457703
NeuMF,2011,2011-12-31,74212,33794,2,0.9996663331985474
NeuMF,2011,2011-12-31,74212,40815,3,0.9993016719818115
NeuMF,2011,2011-12-31,74212,35836,4,0.9991082549095154
NeuMF,2011,2011-12-31,74212,45722,5,0.9989333748817444
NeuMF,2011,2011-12-31,74212,6539,6,0.9988918900489807
NeuMF,2011,2011-12-31,74212,8961,7,0.9988564252853394
NeuMF,2011,2011-12-31,74212,44191,8,0.9988345503807068
NeuMF,2011,2011-12-31,74212,34405,9,0.9986371397972107
NeuMF,2011,2011-12-31,74212,7361,10,0.9981611371040344
NeuMF,2011,2011-12-31,74373,55830,1,0.999923586845398
NeuMF,2011,2011-12-31,74373,56333,2,0.999882698059082
NeuMF,2011,2011-12-31,74373,101,3,0.9996594190597534
NeuMF,2011,2011-12-31,74373,4873,4,0.9995193481445312
NeuMF,2011,2011-12-31,74373,75813,5,0.9993960857391357
NeuMF,2011,2011-12-31,74373,2962,6,0.9993698000907898
NeuMF,2011,2011-12-31,74373,1542,7,0.9993107318878174
NeuMF,2011,2011-12-31,74373,53956,8,0.9991986155509949
NeuMF,2011,2011-12-31,74373,1279,9,0.9991495609283447
NeuMF,2011,2011-12-31,74373,61323,10,0.9990789890289307
NeuMF,2011,2011-12-31,74503,46972,1,0.9991298317909241
NeuMF,2011,2011-12-31,74503,79293,2,0.9977694749832153
NeuMF,2011,2011-12-31,74503,3681,3,0.9965923428535461
NeuMF,2011,2011-12-31,74503,3698,4,0.9965116381645203
NeuMF,2011,2011-12-31,74503,1242,5,0.9957107305526733
NeuMF,2011,2011-12-31,74503,6887,6,0.9956790804862976
NeuMF,2011,2011-12-31,74503,1262,7,0.9949967861175537
NeuMF,2011,2011-12-31,74503,5267,8,0.9946157336235046
NeuMF,2011,2011-12-31,74503,2871,9,0.9945730566978455
NeuMF,2011,2011-12-31,74503,62081,10,0.9937689900398254
NeuMF,2011,2011-12-31,74560,6702,1,0.9999055862426758
NeuMF,2011,2011-12-31,74560,186,2,0.999417781829834
NeuMF,2011,2011-12-31,74560,7451,3,0.9989609718322754
NeuMF,2011,2011-12-31,74560,7147,4,0.9989534616470337
NeuMF,2011,2011-12-31,74560,6288,5,0.9989323019981384
NeuMF,2011,2011-12-31,74560,7173,6,0.9988366961479187
NeuMF,2011,2011-12-31,74560,7293,7,0.9980279803276062
NeuMF,2011,2011-12-31,74560,27899,8,0.9976382255554199
NeuMF,2011,2011-12-31,74560,8807,9,0.9976250529289246
NeuMF,2011,2011-12-31,74560,6713,10,0.9973747730255127
NeuMF,2011,2011-12-31,74769,69481,1,0.9999196529388428
NeuMF,2011,2011-12-31,74769,72998,2,0.9996163845062256
NeuMF,2011,2011-12-31,74769,57243,3,0.9994814991950989
NeuMF,2011,2011-12-31,74769,59018,4,0.9994342923164368
NeuMF,2011,2011-12-31,74769,68237,5,0.9993979930877686
NeuMF,2011,2011-12-31,74769,70286,6,0.9990944862365723
NeuMF,2011,2011-12-31,74769,8862,7,0.9989604949951172
NeuMF,2011,2011-12-31,74769,71211,8,0.998793363571167
NeuMF,2011,2011-12-31,74769,7895,9,0.9985827207565308
NeuMF,2011,2011-12-31,74769,5464,10,0.998388409614563
NeuMF,2011,2011-12-31,75348,799,1,0.9986868500709534
NeuMF,2011,2011-12-31,75348,3018,2,0.9980704188346863
NeuMF,2011,2011-12-31,75348,27563,3,0.9978925585746765
NeuMF,2011,2011-12-31,75348,8874,4,0.9972610473632812
NeuMF,2011,2011-12-31,75348,177,5,0.9969659447669983
NeuMF,2011,2011-12-31,75348,1321,6,0.9960923790931702
NeuMF,2011,2011-12-31,75348,4816,7,0.9954808950424194
NeuMF,2011,2011-12-31,75348,68952,8,0.995215654373169
NeuMF,2011,2011-12-31,75348,1241,9,0.9951724410057068
NeuMF,2011,2011-12-31,75348,1348,10,0.9951027631759644
NeuMF,2011,2011-12-31,76024,55052,1,0.9997989535331726
NeuMF,2011,2011-12-31,76024,64957,2,0.9997889399528503
NeuMF,2011,2011-12-31,76024,56367,3,0.9997628331184387
NeuMF,2011,2011-12-31,76024,55290,4,0.9997194409370422
NeuMF,2011,2011-12-31,76024,48516,5,0.9992904663085938
NeuMF,2011,2011-12-31,76024,54190,6,0.9989930987358093
NeuMF,2011,2011-12-31,76024,72011,7,0.9987818598747253
NeuMF,2011,2011-12-31,76024,48304,8,0.9987607002258301
NeuMF,2011,2011-12-31,76024,58559,9,0.9986770749092102
NeuMF,2011,2011-12-31,76024,51662,10,0.998507559299469
NeuMF,2011,2011-12-31,76027,4308,1,0.9991023540496826
NeuMF,2011,2011-12-31,76027,1210,2,0.9990110397338867
NeuMF,2011,2011-12-31,76027,6378,3,0.9989149570465088
NeuMF,2011,2011-12-31,76027,509,4,0.9987857937812805
NeuMF,2011,2011-12-31,76027,4226,5,0.9987666606903076
NeuMF,2011,2011-12-31,76027,1517,6,0.998625636100769
NeuMF,2011,2011-12-31,76027,1580,7,0.9986036419868469
NeuMF,2011,2011-12-31,76027,1552,8,0.9983450174331665
NeuMF,2011,2011-12-31,76027,1485,9,0.9982499480247498
NeuMF,2011,2011-12-31,76027,8368,10,0.9978849291801453
NeuMF,2011,2011-12-31,76078,2336,1,0.9995026588439941
NeuMF,2011,2011-12-31,76078,5791,2,0.9994889497756958
NeuMF,2011,2011-12-31,76078,1111,3,0.9984210729598999
NeuMF,2011,2011-12-31,76078,2691,4,0.9981525540351868
NeuMF,2011,2011-12-31,76078,1218,5,0.9979810118675232
NeuMF,2011,2011-12-31,76078,27266,6,0.9979583024978638
NeuMF,2011,2011-12-31,76078,7324,7,0.9977675676345825
NeuMF,2011,2011-12-31,76078,6539,8,0.9974784255027771
NeuMF,2011,2011-12-31,76078,6385,9,0.9974644184112549
NeuMF,2011,2011-12-31,76078,58,10,0.9973621964454651
NeuMF,2011,2011-12-31,76347,69757,1,0.9999608993530273
NeuMF,2011,2011-12-31,76347,55052,2,0.9998925924301147
NeuMF,2011,2011-12-31,76347,57669,3,0.9997697472572327
NeuMF,2011,2011-12-31,76347,59126,4,0.9997158646583557
NeuMF,2011,2011-12-31,76347,72011,5,0.9996719360351562
NeuMF,2011,2011-12-31,76347,72167,6,0.9995973706245422
NeuMF,2011,2011-12-31,76347,58559,7,0.99954754114151
NeuMF,2011,2011-12-31,76347,52973,8,0.9994531273841858
NeuMF,2011,2011-12-31,76347,79132,9,0.9993677735328674
NeuMF,2011,2011-12-31,76347,54281,10,0.9993137121200562
NeuMF,2011,2011-12-31,76430,2390,1,0.9990904331207275
NeuMF,2011,2011-12-31,76430,2340,2,0.9988407492637634
NeuMF,2011,2011-12-31,76430,1216,3,0.9984790682792664
NeuMF,2011,2011-12-31,76430,3203,4,0.9978050589561462
NeuMF,2011,2011-12-31,76430,6591,5,0.9972701668739319
NeuMF,2011,2011-12-31,76430,707,6,0.9972338080406189
NeuMF,2011,2011-12-31,76430,1683,7,0.996967613697052
NeuMF,2011,2011-12-31,76430,552,8,0.9969024062156677
NeuMF,2011,2011-12-31,76430,324,9,0.9968718886375427
NeuMF,2011,2011-12-31,76430,6281,10,0.9963365793228149
NeuMF,2011,2011-12-31,76512,7371,1,0.9999082088470459
NeuMF,2011,2011-12-31,76512,55069,2,0.9997932314872742
NeuMF,2011,2011-12-31,76512,48696,3,0.9997908473014832
NeuMF,2011,2011-12-31,76512,4975,4,0.9996232986450195
NeuMF,2011,2011-12-31,76512,4978,5,0.9995318651199341
NeuMF,2011,2011-12-31,76512,4881,6,0.999327540397644
NeuMF,2011,2011-12-31,76512,33903,7,0.9992807507514954
NeuMF,2011,2011-12-31,76512,5445,8,0.9992278814315796
NeuMF,2011,2011-12-31,76512,7160,9,0.9991733431816101
NeuMF,2011,2011-12-31,76512,5528,10,0.999002993106842
NeuMF,2011,2011-12-31,76583,71033,1,0.9999395608901978
NeuMF,2011,2011-12-31,76583,64614,2,0.9999343156814575
NeuMF,2011,2011-12-31,76583,79132,3,0.9999258518218994
NeuMF,2011,2011-12-31,76583,68157,4,0.9999171495437622
NeuMF,2011,2011-12-31,76583,55444,5,0.9997968077659607
NeuMF,2011,2011-12-31,76583,80463,6,0.9997739195823669
NeuMF,2011,2011-12-31,76583,69481,7,0.9997596144676208
NeuMF,2011,2011-12-31,76583,59995,8,0.9995456337928772
NeuMF,2011,2011-12-31,76583,60069,9,0.9995427131652832
NeuMF,2011,2011-12-31,76583,70451,10,0.9995399713516235
NeuMF,2011,2011-12-31,76634,51255,1,0.9998382329940796
NeuMF,2011,2011-12-31,76634,34405,2,0.9996433258056641
NeuMF,2011,2011-12-31,76634,68157,3,0.9996403455734253
NeuMF,2011,2011-12-31,76634,61323,4,0.9995483756065369
NeuMF,2011,2011-12-31,76634,73017,5,0.9995404481887817
NeuMF,2011,2011-12-31,76634,57669,6,0.999241828918457
NeuMF,2011,2011-12-31,76634,66934,7,0.9991728663444519
NeuMF,2011,2011-12-31,76634,48774,8,0.9989168643951416
NeuMF,2011,2011-12-31,76634,49530,9,0.9987195730209351
NeuMF,2011,2011-12-31,76634,38061,10,0.9985222220420837
NeuMF,2011,2011-12-31,76861,54276,1,0.9994340538978577
NeuMF,2011,2011-12-31,76861,79132,2,0.9993606209754944
NeuMF,2011,2011-12-31,76861,70293,3,0.9991594552993774
NeuMF,2011,2011-12-31,76861,7162,4,0.9990054965019226
NeuMF,2011,2011-12-31,76861,8533,5,0.9989377856254578
NeuMF,2011,2011-12-31,76861,5620,6,0.9987961053848267
NeuMF,2011,2011-12-31,76861,56941,7,0.9987786412239075
NeuMF,2011,2011-12-31,76861,69757,8,0.9987565279006958
NeuMF,2011,2011-12-31,76861,54190,9,0.9986729621887207
NeuMF,2011,2011-12-31,76861,64957,10,0.9985829591751099
NeuMF,2011,2011-12-31,76910,3360,1,0.9992688298225403
NeuMF,2011,2011-12-31,76910,3098,2,0.9989456534385681
NeuMF,2011,2011-12-31,76910,3911,3,0.9983736276626587
NeuMF,2011,2011-12-31,76910,5049,4,0.9981151819229126
NeuMF,2011,2011-12-31,76910,4034,5,0.9980436563491821
NeuMF,2011,2011-12-31,76910,1212,6,0.9977071285247803
NeuMF,2011,2011-12-31,76910,1950,7,0.9977037310600281
NeuMF,2011,2011-12-31,76910,1254,8,0.9974766373634338
NeuMF,2011,2011-12-31,76910,953,9,0.9972350001335144
NeuMF,2011,2011-12-31,76910,5464,10,0.9972102046012878
NeuMF,2011,2011-12-31,77033,68358,1,0.9999008178710938
NeuMF,2011,2011-12-31,77033,58559,2,0.9998798370361328
NeuMF,2011,2011-12-31,77033,70286,3,0.9998363256454468
NeuMF,2011,2011-12-31,77033,69849,4,0.9996942281723022
NeuMF,2011,2011-12-31,77033,48394,5,0.9995917677879333
NeuMF,2011,2011-12-31,77033,59315,6,0.9995891451835632
NeuMF,2011,2011-12-31,77033,51662,7,0.9995396137237549
NeuMF,2011,2011-12-31,77033,44191,8,0.999386191368103
NeuMF,2011,2011-12-31,77033,455,9,0.9992808699607849
NeuMF,2011,2011-12-31,77033,69481,10,0.9991775155067444
NeuMF,2011,2011-12-31,77143,318,1,0.9891988635063171
NeuMF,2011,2011-12-31,77143,110,2,0.9869210720062256
NeuMF,2011,2011-12-31,77143,1367,3,0.9868848323822021
NeuMF,2011,2011-12-31,77143,230,4,0.9853347539901733
NeuMF,2011,2011-12-31,77143,527,5,0.985171914100647
NeuMF,2011,2011-12-31,77143,3157,6,0.9843935370445251
NeuMF,2011,2011-12-31,77143,2085,7,0.9830116033554077
NeuMF,2011,2011-12-31,77143,2087,8,0.9814950823783875
NeuMF,2011,2011-12-31,77143,50,9,0.9807526469230652
NeuMF,2011,2011-12-31,77143,593,10,0.9802236557006836
NeuMF,2011,2011-12-31,77177,60,1,0.999671459197998
NeuMF,2011,2011-12-31,77177,2140,2,0.9994539618492126
NeuMF,2011,2011-12-31,77177,2083,3,0.9982858300209045
NeuMF,2011,2011-12-31,77177,2399,4,0.9982432126998901
NeuMF,2011,2011-12-31,77177,3429,5,0.9982325434684753
NeuMF,2011,2011-12-31,77177,33639,6,0.9981144666671753
NeuMF,2011,2011-12-31,77177,44709,7,0.9970567226409912
NeuMF,2011,2011-12-31,77177,8580,8,0.9969804883003235
NeuMF,2011,2011-12-31,77177,2,9,0.9968177080154419
NeuMF,2011,2011-12-31,77177,3097,10,0.996733546257019
NeuMF,2011,2011-12-31,77304,34334,1,0.9998987913131714
NeuMF,2011,2011-12-31,77304,6946,2,0.9998764991760254
NeuMF,2011,2011-12-31,77304,58103,3,0.9998761415481567
NeuMF,2011,2011-12-31,77304,60937,4,0.9998500347137451
NeuMF,2011,2011-12-31,77304,66203,5,0.9996877908706665
NeuMF,2011,2011-12-31,77304,59615,6,0.9994961023330688
NeuMF,2011,2011-12-31,77304,62999,7,0.9994644522666931
NeuMF,2011,2011-12-31,77304,54272,8,0.9992974996566772
NeuMF,2011,2011-12-31,77304,27193,9,0.9992247819900513
NeuMF,2011,2011-12-31,77304,65088,10,0.9992125034332275
NeuMF,2011,2011-12-31,77783,5690,1,0.9996930360794067
NeuMF,2011,2011-12-31,77783,6368,2,0.9994922876358032
NeuMF,2011,2011-12-31,77783,7013,3,0.9993938207626343
NeuMF,2011,2011-12-31,77783,7235,4,0.9993435740470886
NeuMF,2011,2011-12-31,77783,26776,5,0.999065101146698
NeuMF,2011,2011-12-31,77783,5673,6,0.9990624785423279
NeuMF,2011,2011-12-31,77783,4641,7,0.9989463686943054
NeuMF,2011,2011-12-31,77783,7365,8,0.9989319443702698
NeuMF,2011,2011-12-31,77783,6331,9,0.9989171028137207
NeuMF,2011,2011-12-31,77783,8264,10,0.9987429976463318
NeuMF,2011,2011-12-31,78054,493,1,0.9988563060760498
NeuMF,2011,2011-12-31,78054,358,2,0.9978261590003967
NeuMF,2011,2011-12-31,78054,1476,3,0.9976769089698792
NeuMF,2011,2011-12-31,78054,1120,4,0.9976390600204468
NeuMF,2011,2011-12-31,78054,1485,5,0.9966114163398743
NeuMF,2011,2011-12-31,78054,428,6,0.9957928657531738
NeuMF,2011,2011-12-31,78054,53129,7,0.9949118494987488
NeuMF,2011,2011-12-31,78054,4007,8,0.9946120977401733
NeuMF,2011,2011-12-31,78054,4489,9,0.994234025478363
NeuMF,2011,2011-12-31,78054,63,10,0.9942050576210022
NeuMF,2011,2011-12-31,78059,55498,1,0.9999368190765381
NeuMF,2011,2011-12-31,78059,54190,2,0.9998571872711182
NeuMF,2011,2011-12-31,78059,4146,3,0.9998416900634766
NeuMF,2011,2011-12-31,78059,59725,4,0.9997366070747375
NeuMF,2011,2011-12-31,78059,55768,5,0.9995682835578918
NeuMF,2011,2011-12-31,78059,51834,6,0.9995201826095581
NeuMF,2011,2011-12-31,78059,7323,7,0.9993972778320312
NeuMF,2011,2011-12-31,78059,48,8,0.9993396401405334
NeuMF,2011,2011-12-31,78059,30816,9,0.9993036985397339
NeuMF,2011,2011-12-31,78059,56757,10,0.9992995262145996
NeuMF,2011,2011-12-31,78107,3706,1,0.998715877532959
NeuMF,2011,2011-12-31,78107,1081,2,0.9983224272727966
NeuMF,2011,2011-12-31,78107,1223,3,0.9978814721107483
NeuMF,2011,2011-12-31,78107,1301,4,0.9973920583724976
NeuMF,2011,2011-12-31,78107,1135,5,0.9971296191215515
NeuMF,2011,2011-12-31,78107,2971,6,0.9969889521598816
NeuMF,2011,2011-12-31,78107,745,7,0.9962940812110901
NeuMF,2011,2011-12-31,78107,1967,8,0.9959576725959778
NeuMF,2011,2011-12-31,78107,1148,9,0.9954758286476135
NeuMF,2011,2011-12-31,78107,40339,10,0.9953234791755676
NeuMF,2011,2011-12-31,78386,6230,1,0.9997532963752747
NeuMF,2011,2011-12-31,78386,910,2,0.9996957778930664
NeuMF,2011,2011-12-31,78386,800,3,0.9996935129165649
NeuMF,2011,2011-12-31,78386,2352,4,0.9996132254600525
NeuMF,2011,2011-12-31,78386,3068,5,0.9995139837265015
NeuMF,2011,2011-12-31,78386,3350,6,0.9993020296096802
NeuMF,2011,2011-12-31,78386,8999,7,0.9992583394050598
NeuMF,2011,2011-12-31,78386,3451,8,0.999036431312561
NeuMF,2011,2011-12-31,78386,3035,9,0.9990200996398926
NeuMF,2011,2011-12-31,78386,7070,10,0.9989700317382812
NeuMF,2011,2011-12-31,78595,8183,1,0.9992521405220032
NeuMF,2011,2011-12-31,78595,6893,2,0.9992015957832336
NeuMF,2011,2011-12-31,78595,56788,3,0.9990707039833069
NeuMF,2011,2011-12-31,78595,1234,4,0.9990094900131226
NeuMF,2011,2011-12-31,78595,57669,5,0.998950719833374
NeuMF,2011,2011-12-31,78595,5497,6,0.9985198378562927
NeuMF,2011,2011-12-31,78595,8379,7,0.9985142350196838
NeuMF,2011,2011-12-31,78595,53972,8,0.9978777170181274
NeuMF,2011,2011-12-31,78595,60074,9,0.9977232813835144
NeuMF,2011,2011-12-31,78595,1293,10,0.9961972236633301
NeuMF,2011,2011-12-31,78723,2485,1,0.9998766183853149
NeuMF,2011,2011-12-31,78723,2587,2,0.998330295085907
NeuMF,2011,2011-12-31,78723,2541,3,0.998060405254364
NeuMF,2011,2011-12-31,78723,1911,4,0.9975525736808777
NeuMF,2011,2011-12-31,78723,88,5,0.9974568486213684
NeuMF,2011,2011-12-31,78723,3979,6,0.9969363212585449
NeuMF,2011,2011-12-31,78723,2581,7,0.9968820810317993
NeuMF,2011,2011-12-31,78723,3617,8,0.996830403804779
NeuMF,2011,2011-12-31,78723,765,9,0.9964900612831116
NeuMF,2011,2011-12-31,78723,858,10,0.9964610934257507
NeuMF,2011,2011-12-31,79219,6754,1,0.9993871450424194
NeuMF,2011,2011-12-31,79219,8972,2,0.9992489218711853
NeuMF,2011,2011-12-31,79219,7373,3,0.9990538954734802
NeuMF,2011,2011-12-31,79219,3981,4,0.9985339641571045
NeuMF,2011,2011-12-31,79219,3354,5,0.9973669648170471
NeuMF,2011,2011-12-31,79219,426,6,0.9970389604568481
NeuMF,2011,2011-12-31,79219,5254,7,0.9965658783912659
NeuMF,2011,2011-12-31,79219,33004,8,0.9964917302131653
NeuMF,2011,2011-12-31,79219,7318,9,0.9964369535446167
NeuMF,2011,2011-12-31,79219,63859,10,0.9962890148162842
NeuMF,2011,2011-12-31,79555,2553,1,0.9992994070053101
NeuMF,2011,2011-12-31,79555,247,2,0.9989643096923828
NeuMF,2011,2011-12-31,79555,2428,3,0.9977344274520874
NeuMF,2011,2011-12-31,79555,6975,4,0.996950626373291
NeuMF,2011,2011-12-31,79555,8638,5,0.9949498176574707
NeuMF,2011,2011-12-31,79555,18,6,0.9940681457519531
NeuMF,2011,2011-12-31,79555,27815,7,0.9937456846237183
NeuMF,2011,2011-12-31,79555,27831,8,0.9936473965644836
NeuMF,2011,2011-12-31,79555,1093,9,0.993640124797821
NeuMF,2011,2011-12-31,79555,35836,10,0.9933417439460754
NeuMF,2011,2011-12-31,79662,4226,1,0.9998132586479187
NeuMF,2011,2011-12-31,79662,48082,2,0.9997585415840149
NeuMF,2011,2011-12-31,79662,5952,3,0.999705970287323
NeuMF,2011,2011-12-31,79662,4973,4,0.9996196031570435
NeuMF,2011,2011-12-31,79662,7361,5,0.999616265296936
NeuMF,2011,2011-12-31,79662,6711,6,0.9995858073234558
NeuMF,2011,2011-12-31,79662,51255,7,0.999573290348053
NeuMF,2011,2011-12-31,79662,55820,8,0.9995715022087097
NeuMF,2011,2011-12-31,79662,49272,9,0.999392032623291
NeuMF,2011,2011-12-31,79662,5349,10,0.9993126392364502
NeuMF,2011,2011-12-31,79728,5690,1,0.9999830722808838
NeuMF,2011,2011-12-31,79728,6350,2,0.9998713731765747
NeuMF,2011,2011-12-31,79728,7099,3,0.9998534917831421
NeuMF,2011,2011-12-31,79728,26662,4,0.9994390606880188
NeuMF,2011,2011-12-31,79728,4011,5,0.9994381070137024
NeuMF,2011,2011-12-31,79728,61323,6,0.9992714524269104
NeuMF,2011,2011-12-31,79728,61240,7,0.9990612864494324
NeuMF,2011,2011-12-31,79728,3897,8,0.9988705515861511
NeuMF,2011,2011-12-31,79728,2329,9,0.9986995458602905
NeuMF,2011,2011-12-31,79728,7153,10,0.9986611604690552
NeuMF,2011,2011-12-31,79783,6350,1,0.9992600083351135
NeuMF,2011,2011-12-31,79783,52287,2,0.99854975938797
NeuMF,2011,2011-12-31,79783,6093,3,0.99849534034729
NeuMF,2011,2011-12-31,79783,41571,4,0.9983373880386353
NeuMF,2011,2011-12-31,79783,56152,5,0.9983153343200684
NeuMF,2011,2011-12-31,79783,2096,6,0.9981845021247864
NeuMF,2011,2011-12-31,79783,7164,7,0.9981327652931213
NeuMF,2011,2011-12-31,79783,783,8,0.9981268048286438
NeuMF,2011,2011-12-31,79783,7147,9,0.9981014132499695
NeuMF,2011,2011-12-31,79783,46948,10,0.9980138540267944
NeuMF,2011,2011-12-31,80134,3030,1,0.9997736811637878
NeuMF,2011,2011-12-31,80134,3462,2,0.9997679591178894
NeuMF,2011,2011-12-31,80134,1204,3,0.9995437264442444
NeuMF,2011,2011-12-31,80134,1278,4,0.9994115829467773
NeuMF,2011,2011-12-31,80134,1256,5,0.9994057416915894
NeuMF,2011,2011-12-31,80134,6539,6,0.9991022348403931
NeuMF,2011,2011-12-31,80134,7132,7,0.9990266561508179
NeuMF,2011,2011-12-31,80134,661,8,0.9988947510719299
NeuMF,2011,2011-12-31,80134,1303,9,0.9988536834716797
NeuMF,2011,2011-12-31,80134,1210,10,0.9987702965736389
NeuMF,2011,2011-12-31,80183,5666,1,0.9995481371879578
NeuMF,2011,2011-12-31,80183,2607,2,0.9995273351669312
NeuMF,2011,2011-12-31,80183,9010,3,0.9994237422943115
NeuMF,2011,2011-12-31,80183,97,4,0.9992626309394836
NeuMF,2011,2011-12-31,80183,2729,5,0.9992427825927734
NeuMF,2011,2011-12-31,80183,8966,6,0.9988095760345459
NeuMF,2011,2011-12-31,80183,1885,7,0.9981667995452881
NeuMF,2011,2011-12-31,80183,1175,8,0.996932864189148
NeuMF,2011,2011-12-31,80183,2025,9,0.9968405961990356
NeuMF,2011,2011-12-31,80183,3556,10,0.996654748916626
NeuMF,2011,2011-12-31,80723,7153,1,0.9998173117637634
NeuMF,2011,2011-12-31,80723,29,2,0.9997450709342957
NeuMF,2011,2011-12-31,80723,6874,3,0.9997023940086365
NeuMF,2011,2011-12-31,80723,7438,4,0.9995753169059753
NeuMF,2011,2011-12-31,80723,1748,5,0.9991752505302429
NeuMF,2011,2011-12-31,80723,70286,6,0.9990465044975281
NeuMF,2011,2011-12-31,80723,7022,7,0.9990230798721313
NeuMF,2011,2011-12-31,80723,68358,8,0.9989948868751526
NeuMF,2011,2011-12-31,80723,6539,9,0.9988920092582703
NeuMF,2011,2011-12-31,80723,5690,10,0.9988730549812317
NeuMF,2011,2011-12-31,81089,44555,1,0.9994465708732605
NeuMF,2011,2011-12-31,81089,54272,2,0.999062716960907
NeuMF,2011,2011-12-31,81089,51540,3,0.9988621473312378
NeuMF,2011,2011-12-31,81089,56367,4,0.99885094165802
NeuMF,2011,2011-12-31,81089,59387,5,0.9988038539886475
NeuMF,2011,2011-12-31,81089,55820,6,0.9986629486083984
NeuMF,2011,2011-12-31,81089,27773,7,0.998616099357605
NeuMF,2011,2011-12-31,81089,46578,8,0.9985597729682922
NeuMF,2011,2011-12-31,81089,61323,9,0.9984875917434692
NeuMF,2011,2011-12-31,81089,5618,10,0.9983968138694763
NeuMF,2011,2011-12-31,81381,27904,1,0.9999467134475708
NeuMF,2011,2011-12-31,81381,63082,2,0.9999009370803833
NeuMF,2011,2011-12-31,81381,64620,3,0.9997660517692566
NeuMF,2011,2011-12-31,81381,68237,4,0.9997630715370178
NeuMF,2011,2011-12-31,81381,79132,5,0.9997047781944275
NeuMF,2011,2011-12-31,81381,67087,6,0.9996504783630371
NeuMF,2011,2011-12-31,81381,60684,7,0.9996315240859985
NeuMF,2011,2011-12-31,81381,59126,8,0.999576985836029
NeuMF,2011,2011-12-31,81381,58559,9,0.9994949102401733
NeuMF,2011,2011-12-31,81381,8914,10,0.9994947910308838
NeuMF,2011,2011-12-31,82294,40815,1,0.9999099969863892
NeuMF,2011,2011-12-31,82294,8360,2,0.9998446702957153
NeuMF,2011,2011-12-31,82294,7046,3,0.9997596144676208
NeuMF,2011,2011-12-31,82294,60397,4,0.9996844530105591
NeuMF,2011,2011-12-31,82294,5970,5,0.9996808767318726
NeuMF,2011,2011-12-31,82294,8368,6,0.9996767044067383
NeuMF,2011,2011-12-31,82294,6743,7,0.9994687438011169
NeuMF,2011,2011-12-31,82294,31,8,0.999448835849762
NeuMF,2011,2011-12-31,82294,8969,9,0.9993504881858826
NeuMF,2011,2011-12-31,82294,7153,10,0.9992378950119019
NeuMF,2011,2011-12-31,82363,79132,1,0.999946117401123
NeuMF,2011,2011-12-31,82363,60069,2,0.9992287158966064
NeuMF,2011,2011-12-31,82363,6773,3,0.9987743496894836
NeuMF,2011,2011-12-31,82363,27706,4,0.9983797073364258
NeuMF,2011,2011-12-31,82363,4226,5,0.9977890253067017
NeuMF,2011,2011-12-31,82363,5618,6,0.9975264668464661
NeuMF,2011,2011-12-31,82363,3793,7,0.9974913597106934
NeuMF,2011,2011-12-31,82363,3751,8,0.9972941279411316
NeuMF,2011,2011-12-31,82363,3578,9,0.9969667792320251
NeuMF,2011,2011-12-31,82363,26776,10,0.9968001842498779
NeuMF,2011,2011-12-31,82615,2779,1,0.9993261098861694
NeuMF,2011,2011-12-31,82615,2973,2,0.9985595345497131
NeuMF,2011,2011-12-31,82615,6780,3,0.9984052777290344
NeuMF,2011,2011-12-31,82615,2891,4,0.9981400966644287
NeuMF,2011,2011-12-31,82615,3404,5,0.9972119927406311
NeuMF,2011,2011-12-31,82615,2926,6,0.9971730709075928
NeuMF,2011,2011-12-31,82615,31162,7,0.9966440200805664
NeuMF,2011,2011-12-31,82615,6900,8,0.9965093731880188
NeuMF,2011,2011-12-31,82615,8974,9,0.9949225783348083
NeuMF,2011,2011-12-31,82615,1234,10,0.9948721528053284
NeuMF,2011,2011-12-31,82778,31522,1,0.9998726844787598
NeuMF,2011,2011-12-31,82778,5056,2,0.9996175765991211
NeuMF,2011,2011-12-31,82778,6982,3,0.9996174573898315
NeuMF,2011,2011-12-31,82778,5498,4,0.9995436072349548
NeuMF,2011,2011-12-31,82778,3306,5,0.9994509816169739
NeuMF,2011,2011-12-31,82778,6270,6,0.9991003274917603
NeuMF,2011,2011-12-31,82778,5618,7,0.9987149238586426
NeuMF,2011,2011-12-31,82778,5333,8,0.9986690282821655
NeuMF,2011,2011-12-31,82778,2696,9,0.9983924031257629
NeuMF,2011,2011-12-31,82778,4785,10,0.9983554482460022
NeuMF,2011,2011-12-31,82941,53000,1,0.9991487264633179
NeuMF,2011,2011-12-31,82941,34405,2,0.9990684390068054
NeuMF,2011,2011-12-31,82941,541,3,0.9988253712654114
NeuMF,2011,2011-12-31,82941,45728,4,0.9983915686607361
NeuMF,2011,2011-12-31,82941,46578,5,0.9981077909469604
NeuMF,2011,2011-12-31,82941,36529,6,0.9976211190223694
NeuMF,2011,2011-12-31,82941,44195,7,0.9963415265083313
NeuMF,2011,2011-12-31,82941,51709,8,0.9960881471633911
NeuMF,2011,2011-12-31,82941,48385,9,0.9960482716560364
NeuMF,2011,2011-12-31,82941,60069,10,0.995668888092041
NeuMF,2011,2011-12-31,83076,68157,1,0.999974250793457
NeuMF,2011,2011-12-31,83076,1089,2,0.9998144507408142
NeuMF,2011,2011-12-31,83076,58559,3,0.9996786117553711
NeuMF,2011,2011-12-31,83076,69122,4,0.99952232837677
NeuMF,2011,2011-12-31,83076,6016,5,0.9994768500328064
NeuMF,2011,2011-12-31,83076,1222,6,0.9994291663169861
NeuMF,2011,2011-12-31,83076,79132,7,0.9993923902511597
NeuMF,2011,2011-12-31,83076,2329,8,0.9993671774864197
NeuMF,2011,2011-12-31,83076,3949,9,0.9992437362670898
NeuMF,2011,2011-12-31,83076,4226,10,0.9992423057556152
NeuMF,2011,2011-12-31,83290,2917,1,0.9998642206192017
NeuMF,2011,2011-12-31,83290,3683,2,0.9998469352722168
NeuMF,2011,2011-12-31,83290,3504,3,0.999548614025116
NeuMF,2011,2011-12-31,83290,3424,4,0.9995183944702148
NeuMF,2011,2011-12-31,83290,1179,5,0.9987998008728027
NeuMF,2011,2011-12-31,83290,3210,6,0.998570442199707
NeuMF,2011,2011-12-31,83290,4009,7,0.9985100626945496
NeuMF,2011,2011-12-31,83290,144,8,0.9984533786773682
NeuMF,2011,2011-12-31,83290,2349,9,0.9983603358268738
NeuMF,2011,2011-12-31,83290,373,10,0.9981669187545776
NeuMF,2011,2011-12-31,83402,60684,1,0.9999812841415405
NeuMF,2011,2011-12-31,83402,59315,2,0.9997604489326477
NeuMF,2011,2011-12-31,83402,67087,3,0.9997432827949524
NeuMF,2011,2011-12-31,83402,37380,4,0.9995601773262024
NeuMF,2011,2011-12-31,83402,7373,5,0.9995386600494385
NeuMF,2011,2011-12-31,83402,70286,6,0.9995057582855225
NeuMF,2011,2011-12-31,83402,2959,7,0.9995009899139404
NeuMF,2011,2011-12-31,83402,44191,8,0.9994773268699646
NeuMF,2011,2011-12-31,83402,7438,9,0.9994006156921387
NeuMF,2011,2011-12-31,83402,60069,10,0.9991852641105652
NeuMF,2011,2011-12-31,83521,61132,1,0.9996601343154907
NeuMF,2011,2011-12-31,83521,51255,2,0.9995386600494385
NeuMF,2011,2011-12-31,83521,54503,3,0.9994727969169617
NeuMF,2011,2011-12-31,83521,56171,4,0.999281108379364
NeuMF,2011,2011-12-31,83521,68554,5,0.9989877343177795
NeuMF,2011,2011-12-31,83521,60760,6,0.9988112449645996
NeuMF,2011,2011-12-31,83521,59315,7,0.9986076951026917
NeuMF,2011,2011-12-31,83521,46976,8,0.9984667301177979
NeuMF,2011,2011-12-31,83521,58998,9,0.9983378648757935
NeuMF,2011,2011-12-31,83521,44191,10,0.9981648325920105
NeuMF,2011,2011-12-31,83536,58559,1,0.9998427629470825
NeuMF,2011,2011-12-31,83536,78499,2,0.9996495246887207
NeuMF,2011,2011-12-31,83536,79132,3,0.9996064305305481
NeuMF,2011,2011-12-31,83536,65261,4,0.999601423740387
NeuMF,2011,2011-12-31,83536,76093,5,0.9995697140693665
NeuMF,2011,2011-12-31,83536,80463,6,0.9989952445030212
NeuMF,2011,2011-12-31,83536,52435,7,0.9988551139831543
NeuMF,2011,2011-12-31,83536,7361,8,0.9986076951026917
NeuMF,2011,2011-12-31,83536,1203,9,0.9985960125923157
NeuMF,2011,2011-12-31,83536,54372,10,0.9985584616661072
NeuMF,2011,2011-12-31,83714,79132,1,0.9999626874923706
NeuMF,2011,2011-12-31,83714,60069,2,0.9999433755874634
NeuMF,2011,2011-12-31,83714,55820,3,0.9996114373207092
NeuMF,2011,2011-12-31,83714,50872,4,0.999380350112915
NeuMF,2011,2011-12-31,83714,48516,5,0.9990932941436768
NeuMF,2011,2011-12-31,83714,57669,6,0.9990910291671753
NeuMF,2011,2011-12-31,83714,48780,7,0.998457670211792
NeuMF,2011,2011-12-31,83714,7361,8,0.9982653260231018
NeuMF,2011,2011-12-31,83714,56367,9,0.9979190230369568
NeuMF,2011,2011-12-31,83714,48394,10,0.9976246953010559
NeuMF,2011,2011-12-31,83924,66934,1,0.9998650550842285
NeuMF,2011,2011-12-31,83924,8638,2,0.9989045858383179
NeuMF,2011,2011-12-31,83924,34338,3,0.9986769556999207
NeuMF,2011,2011-12-31,83924,7380,4,0.9986300468444824
NeuMF,2011,2011-12-31,83924,27369,5,0.9984446167945862
NeuMF,2011,2011-12-31,83924,8464,6,0.9984139204025269
NeuMF,2011,2011-12-31,83924,31952,7,0.9982935786247253
NeuMF,2011,2011-12-31,83924,1253,8,0.9982149600982666
NeuMF,2011,2011-12-31,83924,39398,9,0.9979023933410645
NeuMF,2011,2011-12-31,83924,7299,10,0.997621476650238
NeuMF,2011,2011-12-31,84059,7438,1,0.9991650581359863
NeuMF,2011,2011-12-31,84059,38992,2,0.9989445805549622
NeuMF,2011,2011-12-31,84059,1911,3,0.9975599050521851
NeuMF,2011,2011-12-31,84059,7325,4,0.9974899291992188
NeuMF,2011,2011-12-31,84059,2959,5,0.9972543120384216
NeuMF,2011,2011-12-31,84059,7458,6,0.9969147443771362
NeuMF,2011,2011-12-31,84059,30825,7,0.99689120054245
NeuMF,2011,2011-12-31,84059,7323,8,0.996796190738678
NeuMF,2011,2011-12-31,84059,44199,9,0.9966464638710022
NeuMF,2011,2011-12-31,84059,3173,10,0.9964344501495361
NeuMF,2011,2011-12-31,84232,3456,1,0.9998406171798706
NeuMF,2011,2011-12-31,84232,5417,2,0.9997289776802063
NeuMF,2011,2011-12-31,84232,2618,3,0.9996083378791809
NeuMF,2011,2011-12-31,84232,8784,4,0.9992306232452393
NeuMF,2011,2011-12-31,84232,36537,5,0.9989898800849915
NeuMF,2011,2011-12-31,84232,6867,6,0.9986469149589539
NeuMF,2011,2011-12-31,84232,8809,7,0.9984971284866333
NeuMF,2011,2011-12-31,84232,36527,8,0.9983060359954834
NeuMF,2011,2011-12-31,84232,30803,9,0.998281717300415
NeuMF,2011,2011-12-31,84232,5995,10,0.9981657862663269
NeuMF,2011,2011-12-31,84269,64614,1,0.9990803003311157
NeuMF,2011,2011-12-31,84269,27728,2,0.9990069270133972
NeuMF,2011,2011-12-31,84269,5219,3,0.998970627784729
NeuMF,2011,2011-12-31,84269,71535,4,0.9989621639251709
NeuMF,2011,2011-12-31,84269,8917,5,0.9983935952186584
NeuMF,2011,2011-12-31,84269,1214,6,0.998274564743042
NeuMF,2011,2011-12-31,84269,1200,7,0.9981834292411804
NeuMF,2011,2011-12-31,84269,7387,8,0.9975872039794922
NeuMF,2011,2011-12-31,84269,8132,9,0.9975461363792419
NeuMF,2011,2011-12-31,84269,78499,10,0.997495174407959
NeuMF,2011,2011-12-31,84413,55908,1,0.9989542961120605
NeuMF,2011,2011-12-31,84413,1214,2,0.9985126852989197
NeuMF,2011,2011-12-31,84413,3147,3,0.9977831244468689
NeuMF,2011,2011-12-31,84413,5418,4,0.9972326159477234
NeuMF,2011,2011-12-31,84413,3793,5,0.9968461394309998
NeuMF,2011,2011-12-31,84413,27156,6,0.9966380596160889
NeuMF,2011,2011-12-31,84413,1653,7,0.9963482022285461
NeuMF,2011,2011-12-31,84413,6539,8,0.9958083629608154
NeuMF,2011,2011-12-31,84413,70,9,0.9956016540527344
NeuMF,2011,2011-12-31,84413,2028,10,0.9951853156089783
NeuMF,2011,2011-12-31,84485,8914,1,0.9998435974121094
NeuMF,2011,2011-12-31,84485,27674,2,0.9986022114753723
NeuMF,2011,2011-12-31,84485,7143,3,0.9972381591796875
NeuMF,2011,2011-12-31,84485,7297,4,0.9972092509269714
NeuMF,2011,2011-12-31,84485,6618,5,0.997076153755188
NeuMF,2011,2011-12-31,84485,2329,6,0.996917724609375
NeuMF,2011,2011-12-31,84485,6773,7,0.9968998432159424
NeuMF,2011,2011-12-31,84485,5959,8,0.9968095421791077
NeuMF,2011,2011-12-31,84485,7360,9,0.9962540864944458
NeuMF,2011,2011-12-31,84485,7419,10,0.9962214231491089
NeuMF,2011,2011-12-31,84624,8810,1,0.9998947381973267
NeuMF,2011,2011-12-31,84624,6595,2,0.9995604157447815
NeuMF,2011,2011-12-31,84624,6548,3,0.9995403289794922
NeuMF,2011,2011-12-31,84624,5481,4,0.9995056390762329
NeuMF,2011,2011-12-31,84624,6263,5,0.9994370341300964
NeuMF,2011,2011-12-31,84624,1089,6,0.999245285987854
NeuMF,2011,2011-12-31,84624,4975,7,0.9988253712654114
NeuMF,2011,2011-12-31,84624,4878,8,0.9987303614616394
NeuMF,2011,2011-12-31,84624,4734,9,0.9986997842788696
NeuMF,2011,2011-12-31,84624,7439,10,0.998538613319397
NeuMF,2011,2011-12-31,85040,1046,1,0.9997144341468811
NeuMF,2011,2011-12-31,85040,2721,2,0.9985231757164001
NeuMF,2011,2011-12-31,85040,17,3,0.998271107673645
NeuMF,2011,2011-12-31,85040,509,4,0.9979695677757263
NeuMF,2011,2011-12-31,85040,345,5,0.996600329875946
NeuMF,2011,2011-12-31,85040,232,6,0.9965783953666687
NeuMF,2011,2011-12-31,85040,58,7,0.9962462782859802
NeuMF,2011,2011-12-31,85040,3854,8,0.9960822463035583
NeuMF,2011,2011-12-31,85040,846,9,0.994355320930481
NeuMF,2011,2011-12-31,85040,1188,10,0.9924762845039368
NeuMF,2011,2011-12-31,85048,1367,1,0.9997538924217224
NeuMF,2011,2011-12-31,85048,1020,2,0.9970376491546631
NeuMF,2011,2011-12-31,85048,186,3,0.9936838150024414
NeuMF,2011,2011-12-31,85048,5,4,0.9935163259506226
NeuMF,2011,2011-12-31,85048,455,5,0.9910014271736145
NeuMF,2011,2011-12-31,85048,261,6,0.9907048344612122
NeuMF,2011,2011-12-31,85048,673,7,0.9875938296318054
NeuMF,2011,2011-12-31,85048,586,8,0.9870988726615906
NeuMF,2011,2011-12-31,85048,381,9,0.9866436123847961
NeuMF,2011,2011-12-31,85048,339,10,0.986047625541687
NeuMF,2011,2011-12-31,85341,58559,1,0.9998940229415894
NeuMF,2011,2011-12-31,85341,59315,2,0.9998536109924316
NeuMF,2011,2011-12-31,85341,60069,3,0.9998134970664978
NeuMF,2011,2011-12-31,85341,60397,4,0.9997491240501404
NeuMF,2011,2011-12-31,85341,68157,5,0.9997215867042542
NeuMF,2011,2011-12-31,85341,80126,6,0.9996751546859741
NeuMF,2011,2011-12-31,85341,68358,7,0.9995579123497009
NeuMF,2011,2011-12-31,85341,63113,8,0.9993416666984558
NeuMF,2011,2011-12-31,85341,4226,9,0.999083399772644
NeuMF,2011,2011-12-31,85341,3639,10,0.9986032843589783
NeuMF,2011,2011-12-31,85376,64614,1,0.9997468590736389
NeuMF,2011,2011-12-31,85376,3752,2,0.9984840750694275
NeuMF,2011,2011-12-31,85376,3365,3,0.9984360337257385
NeuMF,2011,2011-12-31,85376,50872,4,0.9977905750274658
NeuMF,2011,2011-12-31,85376,53894,5,0.9975113868713379
NeuMF,2011,2011-12-31,85376,67087,6,0.9973691701889038
NeuMF,2011,2011-12-31,85376,8195,7,0.997138500213623
NeuMF,2011,2011-12-31,85376,2728,8,0.9964379072189331
NeuMF,2011,2011-12-31,85376,58803,9,0.9962878227233887
NeuMF,2011,2011-12-31,85376,1207,10,0.9961926937103271
NeuMF,2011,2011-12-31,85638,8981,1,0.9994262456893921
NeuMF,2011,2011-12-31,85638,6890,2,0.9993292093276978
NeuMF,2011,2011-12-31,85638,6502,3,0.9993175268173218
NeuMF,2011,2011-12-31,85638,44694,4,0.9992208480834961
NeuMF,2011,2011-12-31,85638,8368,5,0.9990942478179932
NeuMF,2011,2011-12-31,85638,65130,6,0.9990635514259338
NeuMF,2011,2011-12-31,85638,8507,7,0.9982790946960449
NeuMF,2011,2011-12-31,85638,48774,8,0.9980606436729431
NeuMF,2011,2011-12-31,85638,5971,9,0.9979910850524902
NeuMF,2011,2011-12-31,85638,33166,10,0.9979269504547119
NeuMF,2011,2011-12-31,85703,44555,1,0.9995194673538208
NeuMF,2011,2011-12-31,85703,858,2,0.9976240992546082
NeuMF,2011,2011-12-31,85703,64614,3,0.9968550205230713
NeuMF,2011,2011-12-31,85703,2541,4,0.9966117739677429
NeuMF,2011,2011-12-31,85703,912,5,0.9966000914573669
NeuMF,2011,2011-12-31,85703,51662,6,0.9963148236274719
NeuMF,2011,2011-12-31,85703,29,7,0.9953625202178955
NeuMF,2011,2011-12-31,85703,1089,8,0.994671642780304
NeuMF,2011,2011-12-31,85703,80463,9,0.9943451881408691
NeuMF,2011,2011-12-31,85703,70286,10,0.9942747950553894
NeuMF,2011,2011-12-31,85788,6385,1,0.9998911619186401
NeuMF,2011,2011-12-31,85788,7088,2,0.9998676776885986
NeuMF,2011,2011-12-31,85788,8228,3,0.9998555183410645
NeuMF,2011,2011-12-31,85788,8949,4,0.9993740916252136
NeuMF,2011,2011-12-31,85788,4995,5,0.9992969036102295
NeuMF,2011,2011-12-31,85788,5995,6,0.9992140531539917
NeuMF,2011,2011-12-31,85788,7361,7,0.9990535378456116
NeuMF,2011,2011-12-31,85788,6787,8,0.9986593723297119
NeuMF,2011,2011-12-31,85788,7151,9,0.9985585808753967
NeuMF,2011,2011-12-31,85788,8636,10,0.9985390901565552
NeuMF,2011,2011-12-31,85824,4963,1,0.9991348385810852
NeuMF,2011,2011-12-31,85824,8874,2,0.9973739385604858
NeuMF,2011,2011-12-31,85824,7147,3,0.996800422668457
NeuMF,2011,2011-12-31,85824,1527,4,0.996407687664032
NeuMF,2011,2011-12-31,85824,2028,5,0.9963517189025879
NeuMF,2011,2011-12-31,85824,3578,6,0.996009349822998
NeuMF,2011,2011-12-31,85824,2161,7,0.9959574341773987
NeuMF,2011,2011-12-31,85824,1653,8,0.9956468939781189
NeuMF,2011,2011-12-31,85824,2355,9,0.9955353736877441
NeuMF,2011,2011-12-31,85824,3147,10,0.9939646124839783
NeuMF,2011,2011-12-31,85926,1213,1,0.9990261793136597
NeuMF,2011,2011-12-31,85926,1193,2,0.9983747005462646
NeuMF,2011,2011-12-31,85926,2028,3,0.9980369210243225
NeuMF,2011,2011-12-31,85926,858,4,0.9978552460670471
NeuMF,2011,2011-12-31,85926,296,5,0.9972081780433655
NeuMF,2011,2011-12-31,85926,1221,6,0.9969236254692078
NeuMF,2011,2011-12-31,85926,431,7,0.9966712594032288
NeuMF,2011,2011-12-31,85926,2329,8,0.9964979887008667
NeuMF,2011,2011-12-31,85926,110,9,0.9964524507522583
NeuMF,2011,2011-12-31,85926,1276,10,0.9963189363479614
NeuMF,2011,2011-12-31,85973,3677,1,0.9999555349349976
NeuMF,2011,2011-12-31,85973,5618,2,0.9993665814399719
NeuMF,2011,2011-12-31,85973,778,3,0.9990178346633911
NeuMF,2011,2011-12-31,85973,2692,4,0.9989581108093262
NeuMF,2011,2011-12-31,85973,58559,5,0.9985815286636353
NeuMF,2011,2011-12-31,85973,4973,6,0.9985578656196594
NeuMF,2011,2011-12-31,85973,1089,7,0.9982187151908875
NeuMF,2011,2011-12-31,85973,2908,8,0.9981688261032104
NeuMF,2011,2011-12-31,85973,741,9,0.9980520009994507
NeuMF,2011,2011-12-31,85973,3266,10,0.9977943897247314
NeuMF,2011,2011-12-31,86197,52604,1,0.9991931319236755
NeuMF,2011,2011-12-31,86197,68269,2,0.9990824460983276
NeuMF,2011,2011-12-31,86197,49961,3,0.9985234141349792
NeuMF,2011,2011-12-31,86197,72641,4,0.9983695149421692
NeuMF,2011,2011-12-31,86197,55290,5,0.9982441663742065
NeuMF,2011,2011-12-31,86197,44974,6,0.9972561001777649
NeuMF,2011,2011-12-31,86197,50685,7,0.9972278475761414
NeuMF,2011,2011-12-31,86197,49278,8,0.9970652461051941
NeuMF,2011,2011-12-31,86197,6218,9,0.9966607093811035
NeuMF,2011,2011-12-31,86197,8131,10,0.9966593980789185
NeuMF,2011,2011-12-31,86407,2074,1,0.999932050704956
NeuMF,2011,2011-12-31,86407,1161,2,0.9999254941940308
NeuMF,2011,2011-12-31,86407,8094,3,0.9997712969779968
NeuMF,2011,2011-12-31,86407,54881,4,0.999752938747406
NeuMF,2011,2011-12-31,86407,1913,5,0.9991503953933716
NeuMF,2011,2011-12-31,86407,5233,6,0.9990397095680237
NeuMF,2011,2011-12-31,86407,4278,7,0.9989966750144958
NeuMF,2011,2011-12-31,86407,38304,8,0.9987817406654358
NeuMF,2011,2011-12-31,86407,1132,9,0.9986377358436584
NeuMF,2011,2011-12-31,86407,3200,10,0.9985277652740479
NeuMF,2011,2011-12-31,86849,52952,1,0.9998238682746887
NeuMF,2011,2011-12-31,86849,27005,2,0.9996621608734131
NeuMF,2011,2011-12-31,86849,48872,3,0.9996139407157898
NeuMF,2011,2011-12-31,86849,2459,4,0.999110996723175
NeuMF,2011,2011-12-31,86849,541,5,0.9989927411079407
NeuMF,2011,2011-12-31,86849,60333,6,0.9979245662689209
NeuMF,2011,2011-12-31,86849,64839,7,0.9978156089782715
NeuMF,2011,2011-12-31,86849,48262,8,0.9974701404571533
NeuMF,2011,2011-12-31,86849,1199,9,0.9972583055496216
NeuMF,2011,2011-12-31,86849,4011,10,0.9971479773521423
NeuMF,2011,2011-12-31,86860,1261,1,0.9994311928749084
NeuMF,2011,2011-12-31,86860,5500,2,0.9975246787071228
NeuMF,2011,2011-12-31,86860,4624,3,0.9961696267127991
NeuMF,2011,2011-12-31,86860,3153,4,0.9959206581115723
NeuMF,2011,2011-12-31,86860,4533,5,0.9957410097122192
NeuMF,2011,2011-12-31,86860,4214,6,0.9940390586853027
NeuMF,2011,2011-12-31,86860,1148,7,0.9939569234848022
NeuMF,2011,2011-12-31,86860,2137,8,0.9921954870223999
NeuMF,2011,2011-12-31,86860,4489,9,0.9914270639419556
NeuMF,2011,2011-12-31,86860,3706,10,0.991213858127594
NeuMF,2011,2011-12-31,86889,7894,1,0.9981324076652527
NeuMF,2011,2011-12-31,86889,2379,2,0.9959879517555237
NeuMF,2011,2011-12-31,86889,3869,3,0.99482262134552
NeuMF,2011,2011-12-31,86889,784,4,0.994172990322113
NeuMF,2011,2011-12-31,86889,72378,5,0.993634819984436
NeuMF,2011,2011-12-31,86889,8983,6,0.9935815334320068
NeuMF,2011,2011-12-31,86889,4776,7,0.9923660159111023
NeuMF,2011,2011-12-31,86889,1625,8,0.9917373061180115
NeuMF,2011,2011-12-31,86889,6016,9,0.9915425777435303
NeuMF,2011,2011-12-31,86889,31309,10,0.9904907941818237
NeuMF,2011,2011-12-31,86904,48997,1,0.9998798370361328
NeuMF,2011,2011-12-31,86904,27376,2,0.9996871948242188
NeuMF,2011,2011-12-31,86904,58303,3,0.9995313882827759
NeuMF,2011,2011-12-31,86904,56587,4,0.9994397759437561
NeuMF,2011,2011-12-31,86904,59018,5,0.9993816614151001
NeuMF,2011,2011-12-31,86904,49278,6,0.9992095232009888
NeuMF,2011,2011-12-31,86904,5995,7,0.9991781115531921
NeuMF,2011,2011-12-31,86904,48738,8,0.9991545677185059
NeuMF,2011,2011-12-31,86904,58559,9,0.998860239982605
NeuMF,2011,2011-12-31,86904,57669,10,0.9986934065818787
NeuMF,2011,2011-12-31,87119,64969,1,0.9999865293502808
NeuMF,2011,2011-12-31,87119,62374,2,0.9999586343765259
NeuMF,2011,2011-12-31,87119,8157,3,0.9998641014099121
NeuMF,2011,2011-12-31,87119,79132,4,0.9998328685760498
NeuMF,2011,2011-12-31,87119,76251,5,0.9998012185096741
NeuMF,2011,2011-12-31,87119,60753,6,0.9997839331626892
NeuMF,2011,2011-12-31,87119,7827,7,0.9997575879096985
NeuMF,2011,2011-12-31,87119,62849,8,0.9997461438179016
NeuMF,2011,2011-12-31,87119,77561,9,0.9997162222862244
NeuMF,2011,2011-12-31,87119,27482,10,0.9997081160545349
NeuMF,2011,2011-12-31,87330,7107,1,0.9997625946998596
NeuMF,2011,2011-12-31,87330,7116,2,0.9968066215515137
NeuMF,2011,2011-12-31,87330,951,3,0.9964171648025513
NeuMF,2011,2011-12-31,87330,535,4,0.9959469437599182
NeuMF,2011,2011-12-31,87330,5752,5,0.9954108595848083
NeuMF,2011,2011-12-31,87330,8690,6,0.9953210949897766
NeuMF,2011,2011-12-31,87330,4317,7,0.9943861961364746
NeuMF,2011,2011-12-31,87330,6832,8,0.9934946894645691
NeuMF,2011,2011-12-31,87330,5004,9,0.9930126070976257
NeuMF,2011,2011-12-31,87330,37727,10,0.993008017539978
NeuMF,2011,2011-12-31,87517,37382,1,0.9997755885124207
NeuMF,2011,2011-12-31,87517,57528,2,0.9993157386779785
NeuMF,2011,2011-12-31,87517,52328,3,0.9989808201789856
NeuMF,2011,2011-12-31,87517,67197,4,0.9984269142150879
NeuMF,2011,2011-12-31,87517,798,5,0.9982714653015137
NeuMF,2011,2011-12-31,87517,1515,6,0.9982241988182068
NeuMF,2011,2011-12-31,87517,2084,7,0.9978989362716675
NeuMF,2011,2011-12-31,87517,48304,8,0.9974173307418823
NeuMF,2011,2011-12-31,87517,57640,9,0.997296154499054
NeuMF,2011,2011-12-31,87517,3213,10,0.997198224067688
NeuMF,2011,2011-12-31,87528,44193,1,0.9999862909317017
NeuMF,2011,2011-12-31,87528,56941,2,0.9998419284820557
NeuMF,2011,2011-12-31,87528,32298,3,0.9997387528419495
NeuMF,2011,2011-12-31,87528,68135,4,0.999591052532196
NeuMF,2011,2011-12-31,87528,33499,5,0.9992499947547913
NeuMF,2011,2011-12-31,87528,44004,6,0.9991217255592346
NeuMF,2011,2011-12-31,87528,40339,7,0.9990542531013489
NeuMF,2011,2011-12-31,87528,58162,8,0.9988694787025452
NeuMF,2011,2011-12-31,87528,53121,9,0.9986829161643982
NeuMF,2011,2011-12-31,87528,56949,10,0.998524010181427
NeuMF,2011,2011-12-31,87591,54286,1,0.9970249533653259
NeuMF,2011,2011-12-31,87591,2571,2,0.9964706897735596
NeuMF,2011,2011-12-31,87591,44555,3,0.996439516544342
NeuMF,2011,2011-12-31,87591,357,4,0.9961622953414917
NeuMF,2011,2011-12-31,87591,356,5,0.9955458641052246
NeuMF,2011,2011-12-31,87591,6539,6,0.9955258965492249
NeuMF,2011,2011-12-31,87591,293,7,0.9954337477684021
NeuMF,2011,2011-12-31,87591,46578,8,0.9953277111053467
NeuMF,2011,2011-12-31,87591,8961,9,0.9951942563056946
NeuMF,2011,2011-12-31,87591,50,10,0.9951781034469604
NeuMF,2011,2011-12-31,88002,49793,1,0.9989851117134094
NeuMF,2011,2011-12-31,88002,6338,2,0.9989257454872131
NeuMF,2011,2011-12-31,88002,7258,3,0.9987279772758484
NeuMF,2011,2011-12-31,88002,8958,4,0.9979212880134583
NeuMF,2011,2011-12-31,88002,2,5,0.9975985884666443
NeuMF,2011,2011-12-31,88002,4990,6,0.9969561100006104
NeuMF,2011,2011-12-31,88002,8807,7,0.9966699481010437
NeuMF,2011,2011-12-31,88002,1042,8,0.9960975050926208
NeuMF,2011,2011-12-31,88002,1588,9,0.9960298538208008
NeuMF,2011,2011-12-31,88002,68073,10,0.9959105253219604
NeuMF,2011,2011-12-31,88198,5524,1,0.9989597797393799
NeuMF,2011,2011-12-31,88198,6765,2,0.9980989098548889
NeuMF,2011,2011-12-31,88198,2243,3,0.9974138140678406
NeuMF,2011,2011-12-31,88198,916,4,0.9973751306533813
NeuMF,2011,2011-12-31,88198,233,5,0.996576726436615
NeuMF,2011,2011-12-31,88198,1735,6,0.9958347082138062
NeuMF,2011,2011-12-31,88198,4308,7,0.995743453502655
NeuMF,2011,2011-12-31,88198,260,8,0.9957003593444824
NeuMF,2011,2011-12-31,88198,2405,9,0.9948768019676208
NeuMF,2011,2011-12-31,88198,2100,10,0.9941347241401672
NeuMF,2011,2011-12-31,88230,7293,1,0.9996525049209595
NeuMF,2011,2011-12-31,88230,30793,2,0.9993045330047607
NeuMF,2011,2011-12-31,88230,53996,3,0.999117910861969
NeuMF,2011,2011-12-31,88230,8644,4,0.9990422129631042
NeuMF,2011,2011-12-31,88230,8361,5,0.9985583424568176
NeuMF,2011,2011-12-31,88230,8917,6,0.9985498785972595
NeuMF,2011,2011-12-31,88230,8874,7,0.9984784722328186
NeuMF,2011,2011-12-31,88230,60074,8,0.998190701007843
NeuMF,2011,2011-12-31,88230,34048,9,0.998054027557373
NeuMF,2011,2011-12-31,88230,8814,10,0.9979141354560852
NeuMF,2011,2011-12-31,88512,68157,1,0.999072790145874
NeuMF,2011,2011-12-31,88512,6155,2,0.9983013868331909
NeuMF,2011,2011-12-31,88512,7346,3,0.997775137424469
NeuMF,2011,2011-12-31,88512,8916,4,0.99735426902771
NeuMF,2011,2011-12-31,88512,6874,5,0.9963124394416809
NeuMF,2011,2011-12-31,88512,6770,6,0.9961883425712585
NeuMF,2011,2011-12-31,88512,4246,7,0.9957972764968872
NeuMF,2011,2011-12-31,88512,7293,8,0.9952850937843323
NeuMF,2011,2011-12-31,88512,4308,9,0.9947180151939392
NeuMF,2011,2011-12-31,88512,53318,10,0.9945327043533325
NeuMF,2011,2011-12-31,88915,60040,1,0.9999678134918213
NeuMF,2011,2011-12-31,88915,71535,2,0.9999498128890991
NeuMF,2011,2011-12-31,88915,68791,3,0.9998138546943665
NeuMF,2011,2011-12-31,88915,58293,4,0.9996137022972107
NeuMF,2011,2011-12-31,88915,55282,5,0.9995336532592773
NeuMF,2011,2011-12-31,88915,53000,6,0.999424934387207
NeuMF,2011,2011-12-31,88915,546,7,0.9992856383323669
NeuMF,2011,2011-12-31,88915,410,8,0.9992386102676392
NeuMF,2011,2011-12-31,88915,57640,9,0.999231219291687
NeuMF,2011,2011-12-31,88915,4533,10,0.9991762042045593
NeuMF,2011,2011-12-31,89023,596,1,0.9991950392723083
NeuMF,2011,2011-12-31,89023,551,2,0.9989650249481201
NeuMF,2011,2011-12-31,89023,364,3,0.9987761378288269
NeuMF,2011,2011-12-31,89023,4366,4,0.9987756609916687
NeuMF,2011,2011-12-31,89023,8641,5,0.9985766410827637
NeuMF,2011,2011-12-31,89023,1,6,0.99854576587677
NeuMF,2011,2011-12-31,89023,1022,7,0.998389720916748
NeuMF,2011,2011-12-31,89023,1907,8,0.9983100891113281
NeuMF,2011,2011-12-31,89023,1566,9,0.9981974959373474
NeuMF,2011,2011-12-31,89023,595,10,0.998188316822052
NeuMF,2011,2011-12-31,89310,69481,1,0.9990577101707458
NeuMF,2011,2011-12-31,89310,64957,2,0.9988871216773987
NeuMF,2011,2011-12-31,89310,51080,3,0.9980781078338623
NeuMF,2011,2011-12-31,89310,59369,4,0.9977132081985474
NeuMF,2011,2011-12-31,89310,27831,5,0.9962218999862671
NeuMF,2011,2011-12-31,89310,1214,6,0.9960548877716064
NeuMF,2011,2011-12-31,89310,858,7,0.9959367513656616
NeuMF,2011,2011-12-31,89310,1625,8,0.9957873225212097
NeuMF,2011,2011-12-31,89310,35836,9,0.9957839846611023
NeuMF,2011,2011-12-31,89310,51255,10,0.9957245588302612
NeuMF,2011,2011-12-31,89427,68237,1,0.9998706579208374
NeuMF,2011,2011-12-31,89427,62293,2,0.9998490810394287
NeuMF,2011,2011-12-31,89427,60069,3,0.9998338222503662
NeuMF,2011,2011-12-31,89427,70293,4,0.9997454285621643
NeuMF,2011,2011-12-31,89427,72011,5,0.9996720552444458
NeuMF,2011,2011-12-31,89427,48304,6,0.9996315240859985
NeuMF,2011,2011-12-31,89427,51086,7,0.999614953994751
NeuMF,2011,2011-12-31,89427,64034,8,0.9995371103286743
NeuMF,2011,2011-12-31,89427,56757,9,0.9994648098945618
NeuMF,2011,2011-12-31,89427,64620,10,0.9994426369667053
NeuMF,2011,2011-12-31,89433,6773,1,0.999870777130127
NeuMF,2011,2011-12-31,89433,26662,2,0.9996623992919922
NeuMF,2011,2011-12-31,89433,46322,3,0.9987955093383789
NeuMF,2011,2011-12-31,89433,4226,4,0.9987390637397766
NeuMF,2011,2011-12-31,89433,51255,5,0.9987013339996338
NeuMF,2011,2011-12-31,89433,8807,6,0.9986978769302368
NeuMF,2011,2011-12-31,89433,8917,7,0.998651921749115
NeuMF,2011,2011-12-31,89433,33794,8,0.9985622763633728
NeuMF,2011,2011-12-31,89433,7361,9,0.9985264539718628
NeuMF,2011,2011-12-31,89433,58559,10,0.9984583854675293
NeuMF,2011,2011-12-31,89494,1450,1,0.9995772242546082
NeuMF,2011,2011-12-31,89494,213,2,0.9989811778068542
NeuMF,2011,2011-12-31,89494,60950,3,0.998051643371582
NeuMF,2011,2011-12-31,89494,40583,4,0.9979142546653748
NeuMF,2011,2011-12-31,89494,48738,5,0.9976645708084106
NeuMF,2011,2011-12-31,89494,308,6,0.9970734119415283
NeuMF,2011,2011-12-31,89494,1230,7,0.9970019459724426
NeuMF,2011,2011-12-31,89494,501,8,0.9968252182006836
NeuMF,2011,2011-12-31,89494,73023,9,0.9967356324195862
NeuMF,2011,2011-12-31,89494,3429,10,0.9964789748191833
NeuMF,2011,2011-12-31,89645,40815,1,0.9984845519065857
NeuMF,2011,2011-12-31,89645,37720,2,0.998480498790741
NeuMF,2011,2011-12-31,89645,253,3,0.9977723956108093
NeuMF,2011,2011-12-31,89645,51662,4,0.9971080422401428
NeuMF,2011,2011-12-31,89645,50804,5,0.9969808459281921
NeuMF,2011,2011-12-31,89645,6281,6,0.9968781471252441
NeuMF,2011,2011-12-31,89645,6502,7,0.9968417882919312
NeuMF,2011,2011-12-31,89645,5952,8,0.9966915845870972
NeuMF,2011,2011-12-31,89645,49649,9,0.9966892600059509
NeuMF,2011,2011-12-31,89645,31427,10,0.9964419007301331
NeuMF,2011,2011-12-31,90138,55052,1,0.9996833801269531
NeuMF,2011,2011-12-31,90138,2269,2,0.9996484518051147
NeuMF,2011,2011-12-31,90138,282,3,0.9994869232177734
NeuMF,2011,2011-12-31,90138,63062,4,0.9988366961479187
NeuMF,2011,2011-12-31,90138,79,5,0.9987358450889587
NeuMF,2011,2011-12-31,90138,454,6,0.9982736110687256
NeuMF,2011,2011-12-31,90138,7698,7,0.9982336759567261
NeuMF,2011,2011-12-31,90138,40870,8,0.9979294538497925
NeuMF,2011,2011-12-31,90138,56607,9,0.9975599050521851
NeuMF,2011,2011-12-31,90138,6724,10,0.9973303079605103
NeuMF,2011,2011-12-31,90728,68,1,0.9997538924217224
NeuMF,2011,2011-12-31,90728,42015,2,0.9993732571601868
NeuMF,2011,2011-12-31,90728,1223,3,0.998119056224823
NeuMF,2011,2011-12-31,90728,1188,4,0.997804582118988
NeuMF,2011,2011-12-31,90728,53121,5,0.9976028800010681
NeuMF,2011,2011-12-31,90728,1059,6,0.9972031116485596
NeuMF,2011,2011-12-31,90728,4963,7,0.9967177510261536
NeuMF,2011,2011-12-31,90728,4299,8,0.9965013265609741
NeuMF,2011,2011-12-31,90728,54001,9,0.9964215755462646
NeuMF,2011,2011-12-31,90728,2687,10,0.99638831615448
NeuMF,2011,2011-12-31,90815,1289,1,0.9973498582839966
NeuMF,2011,2011-12-31,90815,3676,2,0.9971482157707214
NeuMF,2011,2011-12-31,90815,70286,3,0.9932509064674377
NeuMF,2011,2011-12-31,90815,80463,4,0.9922071099281311
NeuMF,2011,2011-12-31,90815,2454,5,0.991908848285675
NeuMF,2011,2011-12-31,90815,2730,6,0.9914723038673401
NeuMF,2011,2011-12-31,90815,1253,7,0.9909555315971375
NeuMF,2011,2011-12-31,90815,1258,8,0.990721583366394
NeuMF,2011,2011-12-31,90815,1193,9,0.990458607673645
NeuMF,2011,2011-12-31,90815,1955,10,0.9898786544799805
NeuMF,2011,2011-12-31,90919,73854,1,0.9998843669891357
NeuMF,2011,2011-12-31,90919,65585,2,0.9998416900634766
NeuMF,2011,2011-12-31,90919,68073,3,0.9994933605194092
NeuMF,2011,2011-12-31,90919,62155,4,0.999376118183136
NeuMF,2011,2011-12-31,90919,54190,5,0.9993367791175842
NeuMF,2011,2011-12-31,90919,60487,6,0.9993140697479248
NeuMF,2011,2011-12-31,90919,68157,7,0.9990449547767639
NeuMF,2011,2011-12-31,90919,7380,8,0.9989697933197021
NeuMF,2011,2011-12-31,90919,55999,9,0.9988055229187012
NeuMF,2011,2011-12-31,90919,58162,10,0.9985734224319458
NeuMF,2011,2011-12-31,91003,52973,1,0.9999104738235474
NeuMF,2011,2011-12-31,91003,55118,2,0.9999046325683594
NeuMF,2011,2011-12-31,91003,64839,3,0.9998113512992859
NeuMF,2011,2011-12-31,91003,54503,4,0.9997977614402771
NeuMF,2011,2011-12-31,91003,45728,5,0.9996709823608398
NeuMF,2011,2011-12-31,91003,27831,6,0.9994550347328186
NeuMF,2011,2011-12-31,91003,48774,7,0.9994311928749084
NeuMF,2011,2011-12-31,91003,39183,8,0.9993614554405212
NeuMF,2011,2011-12-31,91003,52281,9,0.9992708563804626
NeuMF,2011,2011-12-31,91003,5508,10,0.9991436004638672
NeuMF,2011,2011-12-31,91049,541,1,0.999430239200592
NeuMF,2011,2011-12-31,91049,1214,2,0.9994257688522339
NeuMF,2011,2011-12-31,91049,1270,3,0.9989905953407288
NeuMF,2011,2011-12-31,91049,912,4,0.9985262155532837
NeuMF,2011,2011-12-31,91049,1221,5,0.9983029365539551
NeuMF,2011,2011-12-31,91049,1240,6,0.9981656670570374
NeuMF,2011,2011-12-31,91049,1197,7,0.9975837469100952
NeuMF,2011,2011-12-31,91049,1225,8,0.9970759153366089
NeuMF,2011,2011-12-31,91049,750,9,0.9961507320404053
NeuMF,2011,2011-12-31,91049,1213,10,0.995369017124176
NeuMF,2011,2011-12-31,91271,26578,1,0.9999715089797974
NeuMF,2011,2011-12-31,91271,26150,2,0.9999580383300781
NeuMF,2011,2011-12-31,91271,6286,3,0.9999490976333618
NeuMF,2011,2011-12-31,91271,1913,4,0.9999353885650635
NeuMF,2011,2011-12-31,91271,1232,5,0.9998435974121094
NeuMF,2011,2011-12-31,91271,7771,6,0.9998276233673096
NeuMF,2011,2011-12-31,91271,7323,7,0.9998183846473694
NeuMF,2011,2011-12-31,91271,1132,8,0.9998063445091248
NeuMF,2011,2011-12-31,91271,6954,9,0.9998010993003845
NeuMF,2011,2011-12-31,91271,27727,10,0.9997773766517639
NeuMF,2011,2011-12-31,91595,2488,1,0.9998218417167664
NeuMF,2011,2011-12-31,91595,1241,2,0.9996676445007324
NeuMF,2011,2011-12-31,91595,7438,3,0.999638557434082
NeuMF,2011,2011-12-31,91595,6001,4,0.9994237422943115
NeuMF,2011,2011-12-31,91595,1255,5,0.9992095232009888
NeuMF,2011,2011-12-31,91595,6460,6,0.9991145730018616
NeuMF,2011,2011-12-31,91595,5980,7,0.9988195300102234
NeuMF,2011,2011-12-31,91595,63072,8,0.9987828135490417
NeuMF,2011,2011-12-31,91595,1884,9,0.9987812638282776
NeuMF,2011,2011-12-31,91595,27592,10,0.9985266923904419
NeuMF,2011,2011-12-31,91685,56782,1,0.9998785257339478
NeuMF,2011,2011-12-31,91685,65130,2,0.9995831847190857
NeuMF,2011,2011-12-31,91685,57669,3,0.9995513558387756
NeuMF,2011,2011-12-31,91685,55052,4,0.9994126558303833
NeuMF,2011,2011-12-31,91685,49312,5,0.9993171691894531
NeuMF,2011,2011-12-31,91685,64614,6,0.9993096590042114
NeuMF,2011,2011-12-31,91685,56367,7,0.999163031578064
NeuMF,2011,2011-12-31,91685,46578,8,0.9989750385284424
NeuMF,2011,2011-12-31,91685,61323,9,0.998963475227356
NeuMF,2011,2011-12-31,91685,58803,10,0.9987645149230957
NeuMF,2011,2011-12-31,91844,5391,1,0.9991600513458252
NeuMF,2011,2011-12-31,91844,2410,2,0.9980738162994385
NeuMF,2011,2011-12-31,91844,4448,3,0.9970663189888
NeuMF,2011,2011-12-31,91844,6658,4,0.9970000386238098
NeuMF,2011,2011-12-31,91844,3263,5,0.99698406457901
NeuMF,2011,2011-12-31,91844,164,6,0.9960592985153198
NeuMF,2011,2011-12-31,91844,4034,7,0.9955294728279114
NeuMF,2011,2011-12-31,91844,3254,8,0.9955015778541565
NeuMF,2011,2011-12-31,91844,6867,9,0.994644284248352
NeuMF,2011,2011-12-31,91844,1084,10,0.994569718837738
NeuMF,2011,2011-12-31,91881,31410,1,0.9996286630630493
NeuMF,2011,2011-12-31,91881,7022,2,0.999168872833252
NeuMF,2011,2011-12-31,91881,541,3,0.9985750913619995
NeuMF,2011,2011-12-31,91881,6975,4,0.9985382556915283
NeuMF,2011,2011-12-31,91881,4235,5,0.998206377029419
NeuMF,2011,2011-12-31,91881,5500,6,0.9978570342063904
NeuMF,2011,2011-12-31,91881,6731,7,0.9978362917900085
NeuMF,2011,2011-12-31,91881,3339,8,0.9976563453674316
NeuMF,2011,2011-12-31,91881,1344,9,0.9976553916931152
NeuMF,2011,2011-12-31,91881,27873,10,0.997612476348877
NeuMF,2011,2011-12-31,92814,27773,1,0.99981290102005
NeuMF,2011,2011-12-31,92814,58559,2,0.9997437596321106
NeuMF,2011,2011-12-31,92814,59315,3,0.9996738433837891
NeuMF,2011,2011-12-31,92814,1748,4,0.9995993971824646
NeuMF,2011,2011-12-31,92814,2502,5,0.9992952346801758
NeuMF,2011,2011-12-31,92814,3949,6,0.9992676377296448
NeuMF,2011,2011-12-31,92814,2762,7,0.9990591406822205
NeuMF,2011,2011-12-31,92814,1240,8,0.9989567995071411
NeuMF,2011,2011-12-31,92814,1653,9,0.9987636804580688
NeuMF,2011,2011-12-31,92814,68237,10,0.9987174272537231
NeuMF,2011,2011-12-31,92857,4963,1,0.9994588494300842
NeuMF,2011,2011-12-31,92857,48082,2,0.9993865489959717
NeuMF,2011,2011-12-31,92857,33615,3,0.9993718266487122
NeuMF,2011,2011-12-31,92857,33903,4,0.999218225479126
NeuMF,2011,2011-12-31,92857,69757,5,0.9991981387138367
NeuMF,2011,2011-12-31,92857,72011,6,0.9988517761230469
NeuMF,2011,2011-12-31,92857,4878,7,0.9986764788627625
NeuMF,2011,2011-12-31,92857,79132,8,0.9983394145965576
NeuMF,2011,2011-12-31,92857,1625,9,0.9980158805847168
NeuMF,2011,2011-12-31,92857,4816,10,0.9978653788566589
NeuMF,2011,2011-12-31,92871,1320,1,0.999733030796051
NeuMF,2011,2011-12-31,92871,1215,2,0.999440610408783
NeuMF,2011,2011-12-31,92871,1240,3,0.9987512826919556
NeuMF,2011,2011-12-31,92871,1407,4,0.9983385801315308
NeuMF,2011,2011-12-31,92871,1321,5,0.9983246922492981
NeuMF,2011,2011-12-31,92871,1997,6,0.9981217980384827
NeuMF,2011,2011-12-31,92871,2455,7,0.997730553150177
NeuMF,2011,2011-12-31,92871,70,8,0.9975739121437073
NeuMF,2011,2011-12-31,92871,288,9,0.9975087642669678
NeuMF,2011,2011-12-31,92871,589,10,0.9972067475318909
NeuMF,2011,2011-12-31,93112,44197,1,0.9994611144065857
NeuMF,2011,2011-12-31,93112,8917,2,0.9992741942405701
NeuMF,2011,2011-12-31,93112,1889,3,0.9989847540855408
NeuMF,2011,2011-12-31,93112,6333,4,0.9985538125038147
NeuMF,2011,2011-12-31,93112,53972,5,0.9978413581848145
NeuMF,2011,2011-12-31,93112,72407,6,0.9977542757987976
NeuMF,2011,2011-12-31,93112,40959,7,0.997255265712738
NeuMF,2011,2011-12-31,93112,4776,8,0.9970108270645142
NeuMF,2011,2011-12-31,93112,4344,9,0.9969360828399658
NeuMF,2011,2011-12-31,93112,3581,10,0.9967959523200989
NeuMF,2011,2011-12-31,93954,60950,1,0.9999417066574097
NeuMF,2011,2011-12-31,93954,33794,2,0.9998937845230103
NeuMF,2011,2011-12-31,93954,7438,3,0.9998855590820312
NeuMF,2011,2011-12-31,93954,44665,4,0.9998732805252075
NeuMF,2011,2011-12-31,93954,41571,5,0.9998421669006348
NeuMF,2011,2011-12-31,93954,48516,6,0.9997805953025818
NeuMF,2011,2011-12-31,93954,57669,7,0.9997740387916565
NeuMF,2011,2011-12-31,93954,60072,8,0.9997342228889465
NeuMF,2011,2011-12-31,93954,4011,9,0.9997323155403137
NeuMF,2011,2011-12-31,93954,6539,10,0.9997277855873108
NeuMF,2011,2011-12-31,93981,2020,1,0.9995110034942627
NeuMF,2011,2011-12-31,93981,1957,2,0.9994989633560181
NeuMF,2011,2011-12-31,93981,1954,3,0.9988841414451599
NeuMF,2011,2011-12-31,93981,2000,4,0.9987139701843262
NeuMF,2011,2011-12-31,93981,1293,5,0.9985018968582153
NeuMF,2011,2011-12-31,93981,1961,6,0.9978961944580078
NeuMF,2011,2011-12-31,93981,1955,7,0.9976423382759094
NeuMF,2011,2011-12-31,93981,2470,8,0.9976084232330322
NeuMF,2011,2011-12-31,93981,2739,9,0.99747234582901
NeuMF,2011,2011-12-31,93981,2872,10,0.9973710775375366
NeuMF,2011,2011-12-31,94122,6539,1,0.9994114637374878
NeuMF,2011,2011-12-31,94122,6155,2,0.9989070892333984
NeuMF,2011,2011-12-31,94122,3196,3,0.9984122514724731
NeuMF,2011,2011-12-31,94122,7263,4,0.9980207681655884
NeuMF,2011,2011-12-31,94122,6992,5,0.9980024695396423
NeuMF,2011,2011-12-31,94122,7293,6,0.9979497790336609
NeuMF,2011,2011-12-31,94122,5957,7,0.9979440569877625
NeuMF,2011,2011-12-31,94122,7169,8,0.9973222613334656
NeuMF,2011,2011-12-31,94122,1927,9,0.9972986578941345
NeuMF,2011,2011-12-31,94122,7075,10,0.997150719165802
NeuMF,2011,2011-12-31,94225,51063,1,0.9994022846221924
NeuMF,2011,2011-12-31,94225,45728,2,0.9990993738174438
NeuMF,2011,2011-12-31,94225,62376,3,0.9990882873535156
NeuMF,2011,2011-12-31,94225,8376,4,0.9989354014396667
NeuMF,2011,2011-12-31,94225,33004,5,0.9987383484840393
NeuMF,2011,2011-12-31,94225,741,6,0.9987019300460815
NeuMF,2011,2011-12-31,94225,27904,7,0.998671293258667
NeuMF,2011,2011-12-31,94225,51662,8,0.9985414743423462
NeuMF,2011,2011-12-31,94225,54272,9,0.9982123374938965
NeuMF,2011,2011-12-31,94225,4006,10,0.9981414079666138
NeuMF,2011,2011-12-31,94282,1197,1,0.999314546585083
NeuMF,2011,2011-12-31,94282,1321,2,0.9992954730987549
NeuMF,2011,2011-12-31,94282,1193,3,0.9992444515228271
NeuMF,2011,2011-12-31,94282,858,4,0.9992040991783142
NeuMF,2011,2011-12-31,94282,1214,5,0.9991645812988281
NeuMF,2011,2011-12-31,94282,2145,6,0.9991274476051331
NeuMF,2011,2011-12-31,94282,593,7,0.9983720183372498
NeuMF,2011,2011-12-31,94282,1225,8,0.9978739023208618
NeuMF,2011,2011-12-31,94282,1196,9,0.9974486231803894
NeuMF,2011,2011-12-31,94282,1961,10,0.9972350001335144
NeuMF,2011,2011-12-31,94292,8949,1,0.9994547963142395
NeuMF,2011,2011-12-31,94292,31410,2,0.9993005990982056
NeuMF,2011,2011-12-31,94292,6773,3,0.9991945624351501
NeuMF,2011,2011-12-31,94292,6953,4,0.9990259408950806
NeuMF,2011,2011-12-31,94292,39183,5,0.9990228414535522
NeuMF,2011,2011-12-31,94292,1997,6,0.9989437460899353
NeuMF,2011,2011-12-31,94292,1729,7,0.998646080493927
NeuMF,2011,2011-12-31,94292,5669,8,0.9982039928436279
NeuMF,2011,2011-12-31,94292,64957,9,0.9976415634155273
NeuMF,2011,2011-12-31,94292,55765,10,0.997586727142334
NeuMF,2011,2011-12-31,94512,8197,1,0.9997556805610657
NeuMF,2011,2011-12-31,94512,4278,2,0.9995902180671692
NeuMF,2011,2011-12-31,94512,5690,3,0.9992707371711731
NeuMF,2011,2011-12-31,94512,55814,4,0.9992293119430542
NeuMF,2011,2011-12-31,94512,48043,5,0.999151349067688
NeuMF,2011,2011-12-31,94512,65261,6,0.999082088470459
NeuMF,2011,2011-12-31,94512,5288,7,0.9990791082382202
NeuMF,2011,2011-12-31,94512,44191,8,0.9989109039306641
NeuMF,2011,2011-12-31,94512,33493,9,0.9985798597335815
NeuMF,2011,2011-12-31,94512,8582,10,0.9985609650611877
NeuMF,2011,2011-12-31,94930,2243,1,0.9997772574424744
NeuMF,2011,2011-12-31,94930,4809,2,0.999763548374176
NeuMF,2011,2011-12-31,94930,7934,3,0.9996910095214844
NeuMF,2011,2011-12-31,94930,3251,4,0.999681830406189
NeuMF,2011,2011-12-31,94930,3362,5,0.9996243715286255
NeuMF,2011,2011-12-31,94930,5367,6,0.9995892643928528
NeuMF,2011,2011-12-31,94930,3011,7,0.9995459914207458
NeuMF,2011,2011-12-31,94930,2732,8,0.9995457530021667
NeuMF,2011,2011-12-31,94930,3547,9,0.9994949102401733
NeuMF,2011,2011-12-31,94930,6993,10,0.9994783997535706
NeuMF,2011,2011-12-31,95043,7254,1,0.9997461438179016
NeuMF,2011,2011-12-31,95043,69134,2,0.9993830919265747
NeuMF,2011,2011-12-31,95043,55946,3,0.9993785619735718
NeuMF,2011,2011-12-31,95043,63082,4,0.9992892742156982
NeuMF,2011,2011-12-31,95043,7361,5,0.9991976618766785
NeuMF,2011,2011-12-31,95043,4995,6,0.9991627931594849
NeuMF,2011,2011-12-31,95043,5445,7,0.9990874528884888
NeuMF,2011,2011-12-31,95043,65130,8,0.9989683628082275
NeuMF,2011,2011-12-31,95043,64957,9,0.9989340901374817
NeuMF,2011,2011-12-31,95043,52042,10,0.9987922310829163
NeuMF,2011,2011-12-31,95161,5525,1,0.9998606443405151
NeuMF,2011,2011-12-31,95161,31359,2,0.999222993850708
NeuMF,2011,2011-12-31,95161,79242,3,0.9989628791809082
NeuMF,2011,2011-12-31,95161,44195,4,0.9986959099769592
NeuMF,2011,2011-12-31,95161,5051,5,0.9986804127693176
NeuMF,2011,2011-12-31,95161,1365,6,0.9984962940216064
NeuMF,2011,2011-12-31,95161,44694,7,0.9983929991722107
NeuMF,2011,2011-12-31,95161,348,8,0.9980625510215759
NeuMF,2011,2011-12-31,95161,5516,9,0.9980553388595581
NeuMF,2011,2011-12-31,95161,48738,10,0.9971792697906494
NeuMF,2011,2011-12-31,95354,48997,1,0.9998772144317627
NeuMF,2011,2011-12-31,95354,51575,2,0.9998124241828918
NeuMF,2011,2011-12-31,95354,44694,3,0.9997661709785461
NeuMF,2011,2011-12-31,95354,52604,4,0.9997449517250061
NeuMF,2011,2011-12-31,95354,47099,5,0.9994534850120544
NeuMF,2011,2011-12-31,95354,53125,6,0.9994400143623352
NeuMF,2011,2011-12-31,95354,55276,7,0.9994109869003296
NeuMF,2011,2011-12-31,95354,48304,8,0.9993454813957214
NeuMF,2011,2011-12-31,95354,8972,9,0.9992239475250244
NeuMF,2011,2011-12-31,95354,49822,10,0.9991528987884521
NeuMF,2011,2011-12-31,95592,26422,1,0.9991047978401184
NeuMF,2011,2011-12-31,95592,1955,2,0.9990823268890381
NeuMF,2011,2011-12-31,95592,6235,3,0.9986552000045776
NeuMF,2011,2011-12-31,95592,6858,4,0.9983030557632446
NeuMF,2011,2011-12-31,95592,5693,5,0.9982268214225769
NeuMF,2011,2011-12-31,95592,64957,6,0.9974243640899658
NeuMF,2011,2011-12-31,95592,1244,7,0.9971935153007507
NeuMF,2011,2011-12-31,95592,6016,8,0.9971299767494202
NeuMF,2011,2011-12-31,95592,1172,9,0.997100293636322
NeuMF,2011,2011-12-31,95592,5135,10,0.9970711469650269
NeuMF,2011,2011-12-31,95685,1124,1,0.9994847774505615
NeuMF,2011,2011-12-31,95685,1226,2,0.9991726279258728
NeuMF,2011,2011-12-31,95685,1278,3,0.998830258846283
NeuMF,2011,2011-12-31,95685,1231,4,0.998375654220581
NeuMF,2011,2011-12-31,95685,969,5,0.9982768297195435
NeuMF,2011,2011-12-31,95685,898,6,0.997883141040802
NeuMF,2011,2011-12-31,95685,934,7,0.9977700710296631
NeuMF,2011,2011-12-31,95685,1096,8,0.9977042078971863
NeuMF,2011,2011-12-31,95685,901,9,0.997534990310669
NeuMF,2011,2011-12-31,95685,1136,10,0.9974476099014282
NeuMF,2011,2011-12-31,96305,78499,1,0.9999703168869019
NeuMF,2011,2011-12-31,96305,80463,2,0.9999302625656128
NeuMF,2011,2011-12-31,96305,47254,3,0.9998699426651001
NeuMF,2011,2011-12-31,96305,2505,4,0.9997281432151794
NeuMF,2011,2011-12-31,96305,53129,5,0.9996936321258545
NeuMF,2011,2011-12-31,96305,2541,6,0.9996825456619263
NeuMF,2011,2011-12-31,96305,70183,7,0.9996808767318726
NeuMF,2011,2011-12-31,96305,64622,8,0.9996094107627869
NeuMF,2011,2011-12-31,96305,60069,9,0.9994747042655945
NeuMF,2011,2011-12-31,96305,68157,10,0.9994427561759949
NeuMF,2011,2011-12-31,96420,1527,1,0.9989112615585327
NeuMF,2011,2011-12-31,96420,67087,2,0.9984801411628723
NeuMF,2011,2011-12-31,96420,4226,3,0.997876763343811
NeuMF,2011,2011-12-31,96420,5618,4,0.9974766373634338
NeuMF,2011,2011-12-31,96420,1405,5,0.9970918893814087
NeuMF,2011,2011-12-31,96420,64620,6,0.9970346689224243
NeuMF,2011,2011-12-31,96420,7147,7,0.996987521648407
NeuMF,2011,2011-12-31,96420,3897,8,0.9968644976615906
NeuMF,2011,2011-12-31,96420,62511,9,0.9967440366744995
NeuMF,2011,2011-12-31,96420,6773,10,0.9966202974319458
NeuMF,2011,2011-12-31,96563,7438,1,0.9991390705108643
NeuMF,2011,2011-12-31,96563,48385,2,0.9988118410110474
NeuMF,2011,2011-12-31,96563,8641,3,0.998653769493103
NeuMF,2011,2011-12-31,96563,1230,4,0.9984526634216309
NeuMF,2011,2011-12-31,96563,2987,5,0.9982302784919739
NeuMF,2011,2011-12-31,96563,4816,6,0.998117208480835
NeuMF,2011,2011-12-31,96563,1270,7,0.9980080723762512
NeuMF,2011,2011-12-31,96563,6874,8,0.997945249080658
NeuMF,2011,2011-12-31,96563,26729,9,0.9977610111236572
NeuMF,2011,2011-12-31,96563,2762,10,0.9976949095726013
NeuMF,2011,2011-12-31,96630,4855,1,0.9983458518981934
NeuMF,2011,2011-12-31,96630,6440,2,0.9976504445075989
NeuMF,2011,2011-12-31,96630,3671,3,0.9971994161605835
NeuMF,2011,2011-12-31,96630,35836,4,0.9967505931854248
NeuMF,2011,2011-12-31,96630,6662,5,0.9965963959693909
NeuMF,2011,2011-12-31,96630,1270,6,0.9960643649101257
NeuMF,2011,2011-12-31,96630,39183,7,0.9952424764633179
NeuMF,2011,2011-12-31,96630,1961,8,0.995142936706543
NeuMF,2011,2011-12-31,96630,3578,9,0.9948022365570068
NeuMF,2011,2011-12-31,96630,2716,10,0.9944806098937988
NeuMF,2011,2011-12-31,97087,49286,1,0.9997865557670593
NeuMF,2011,2011-12-31,97087,46723,2,0.9995494484901428
NeuMF,2011,2011-12-31,97087,46578,3,0.9994695782661438
NeuMF,2011,2011-12-31,97087,2671,4,0.9994258880615234
NeuMF,2011,2011-12-31,97087,48997,5,0.9993664622306824
NeuMF,2011,2011-12-31,97087,30825,6,0.9993354678153992
NeuMF,2011,2011-12-31,97087,1216,7,0.9990739822387695
NeuMF,2011,2011-12-31,97087,33615,8,0.9990334510803223
NeuMF,2011,2011-12-31,97087,49530,9,0.998914361000061
NeuMF,2011,2011-12-31,97087,48082,10,0.998904824256897
NeuMF,2011,2011-12-31,97166,741,1,0.999716579914093
NeuMF,2011,2011-12-31,97166,1274,2,0.9996852874755859
NeuMF,2011,2011-12-31,97166,68358,3,0.9995218515396118
NeuMF,2011,2011-12-31,97166,59315,4,0.9990251064300537
NeuMF,2011,2011-12-31,97166,1196,5,0.9987179040908813
NeuMF,2011,2011-12-31,97166,60684,6,0.9986121654510498
NeuMF,2011,2011-12-31,97166,68237,7,0.9985975623130798
NeuMF,2011,2011-12-31,97166,1748,8,0.9983758926391602
NeuMF,2011,2011-12-31,97166,2968,9,0.9976630210876465
NeuMF,2011,2011-12-31,97166,1214,10,0.9974391460418701
NeuMF,2011,2011-12-31,97523,44191,1,0.9996887445449829
NeuMF,2011,2011-12-31,97523,49278,2,0.9995208978652954
NeuMF,2011,2011-12-31,97523,39446,3,0.9994503855705261
NeuMF,2011,2011-12-31,97523,51086,4,0.9994213581085205
NeuMF,2011,2011-12-31,97523,36529,5,0.9993583559989929
NeuMF,2011,2011-12-31,97523,48780,6,0.999030590057373
NeuMF,2011,2011-12-31,97523,5903,7,0.9989467263221741
NeuMF,2011,2011-12-31,97523,48774,8,0.9987548589706421
NeuMF,2011,2011-12-31,97523,34048,9,0.9987539052963257
NeuMF,2011,2011-12-31,97523,8861,10,0.9987016916275024
NeuMF,2011,2011-12-31,97769,913,1,0.999249279499054
NeuMF,2011,2011-12-31,97769,3814,2,0.9990787506103516
NeuMF,2011,2011-12-31,97769,1244,3,0.9984673857688904
NeuMF,2011,2011-12-31,97769,5017,4,0.9982333183288574
NeuMF,2011,2011-12-31,97769,3362,5,0.9981921315193176
NeuMF,2011,2011-12-31,97769,3811,6,0.9979791045188904
NeuMF,2011,2011-12-31,97769,3129,7,0.9979181885719299
NeuMF,2011,2011-12-31,97769,3365,8,0.9979169964790344
NeuMF,2011,2011-12-31,97769,3504,9,0.9978576302528381
NeuMF,2011,2011-12-31,97769,926,10,0.9978111386299133
NeuMF,2011,2011-12-31,97770,52604,1,0.9997852444648743
NeuMF,2011,2011-12-31,97770,51412,2,0.9997517466545105
NeuMF,2011,2011-12-31,97770,47099,3,0.9997304081916809
NeuMF,2011,2011-12-31,97770,46335,4,0.9997084736824036
NeuMF,2011,2011-12-31,97770,49278,5,0.9995346069335938
NeuMF,2011,2011-12-31,97770,64957,6,0.9995101690292358
NeuMF,2011,2011-12-31,97770,53125,7,0.9994868040084839
NeuMF,2011,2011-12-31,97770,53129,8,0.9994043111801147
NeuMF,2011,2011-12-31,97770,58803,9,0.9993994235992432
NeuMF,2011,2011-12-31,97770,5507,10,0.9993047714233398
NeuMF,2011,2011-12-31,97829,81834,1,0.9997270703315735
NeuMF,2011,2011-12-31,97829,58559,2,0.9997137188911438
NeuMF,2011,2011-12-31,97829,65130,3,0.9995923638343811
NeuMF,2011,2011-12-31,97829,63062,4,0.9995903372764587
NeuMF,2011,2011-12-31,97829,70599,5,0.9995860457420349
NeuMF,2011,2011-12-31,97829,56367,6,0.9990929365158081
NeuMF,2011,2011-12-31,97829,60684,7,0.9990217685699463
NeuMF,2011,2011-12-31,97829,49530,8,0.9989684820175171
NeuMF,2011,2011-12-31,97829,55274,9,0.9989141225814819
NeuMF,2011,2011-12-31,97829,50514,10,0.9987753033638
NeuMF,2011,2011-12-31,97973,1546,1,0.9983856678009033
NeuMF,2011,2011-12-31,97973,510,2,0.9973081350326538
NeuMF,2011,2011-12-31,97973,3179,3,0.9968996047973633
NeuMF,2011,2011-12-31,97973,521,4,0.9964842796325684
NeuMF,2011,2011-12-31,97973,58103,5,0.9963363409042358
NeuMF,2011,2011-12-31,97973,83,6,0.995452344417572
NeuMF,2011,2011-12-31,97973,3906,7,0.9951795339584351
NeuMF,2011,2011-12-31,97973,428,8,0.994879961013794
NeuMF,2011,2011-12-31,97973,26491,9,0.9942060708999634
NeuMF,2011,2011-12-31,97973,4345,10,0.9938308000564575
NeuMF,2011,2011-12-31,98206,1251,1,0.9990241527557373
NeuMF,2011,2011-12-31,98206,3089,2,0.9990094900131226
NeuMF,2011,2011-12-31,98206,5291,3,0.9983867406845093
NeuMF,2011,2011-12-31,98206,25963,4,0.9979546070098877
NeuMF,2011,2011-12-31,98206,7234,5,0.9978328347206116
NeuMF,2011,2011-12-31,98206,7209,6,0.9977453351020813
NeuMF,2011,2011-12-31,98206,2726,7,0.9975106716156006
NeuMF,2011,2011-12-31,98206,48774,8,0.9974053502082825
NeuMF,2011,2011-12-31,98206,6783,9,0.9974035620689392
NeuMF,2011,2011-12-31,98206,31410,10,0.9971367120742798
NeuMF,2011,2011-12-31,98329,1343,1,0.9983857870101929
NeuMF,2011,2011-12-31,98329,555,2,0.9983038902282715
NeuMF,2011,2011-12-31,98329,47,3,0.9980337023735046
NeuMF,2011,2011-12-31,98329,1321,4,0.9979045391082764
NeuMF,2011,2011-12-31,98329,1214,5,0.997032642364502
NeuMF,2011,2011-12-31,98329,1261,6,0.9968506693840027
NeuMF,2011,2011-12-31,98329,1440,7,0.9967117309570312
NeuMF,2011,2011-12-31,98329,593,8,0.9961724877357483
NeuMF,2011,2011-12-31,98329,799,9,0.9960997104644775
NeuMF,2011,2011-12-31,98329,3101,10,0.9954549074172974
NeuMF,2011,2011-12-31,98538,8827,1,0.99924635887146
NeuMF,2011,2011-12-31,98538,8526,2,0.9991132616996765
NeuMF,2011,2011-12-31,98538,8636,3,0.9989504814147949
NeuMF,2011,2011-12-31,98538,32031,4,0.9983341097831726
NeuMF,2011,2011-12-31,98538,3861,5,0.9976944327354431
NeuMF,2011,2011-12-31,98538,780,6,0.9972440004348755
NeuMF,2011,2011-12-31,98538,7373,7,0.9971278309822083
NeuMF,2011,2011-12-31,98538,5418,8,0.9971067309379578
NeuMF,2011,2011-12-31,98538,6365,9,0.9970231652259827
NeuMF,2011,2011-12-31,98538,45499,10,0.9963629841804504
NeuMF,2011,2011-12-31,98666,7099,1,0.9998553991317749
NeuMF,2011,2011-12-31,98666,8368,2,0.9998114705085754
NeuMF,2011,2011-12-31,98666,51698,3,0.999480664730072
NeuMF,2011,2011-12-31,98666,45517,4,0.9994358420372009
NeuMF,2011,2011-12-31,98666,3000,5,0.9993841648101807
NeuMF,2011,2011-12-31,98666,27741,6,0.9993407130241394
NeuMF,2011,2011-12-31,98666,3091,7,0.9991598129272461
NeuMF,2011,2011-12-31,98666,8157,8,0.9984754920005798
NeuMF,2011,2011-12-31,98666,30816,9,0.9982975125312805
NeuMF,2011,2011-12-31,98666,741,10,0.9980202913284302
NeuMF,2011,2011-12-31,98920,53972,1,0.99991774559021
NeuMF,2011,2011-12-31,98920,54736,2,0.9998860359191895
NeuMF,2011,2011-12-31,98920,53125,3,0.9997288584709167
NeuMF,2011,2011-12-31,98920,58103,4,0.9996397495269775
NeuMF,2011,2011-12-31,98920,47644,5,0.9994193315505981
NeuMF,2011,2011-12-31,98920,55995,6,0.9989374279975891
NeuMF,2011,2011-12-31,98920,62293,7,0.9988085031509399
NeuMF,2011,2011-12-31,98920,62376,8,0.9984446167945862
NeuMF,2011,2011-12-31,98920,64716,9,0.9983240962028503
NeuMF,2011,2011-12-31,98920,51412,10,0.9975263476371765
NeuMF,2011,2011-12-31,98941,3807,1,0.9997338652610779
NeuMF,2011,2011-12-31,98941,3551,2,0.999659538269043
NeuMF,2011,2011-12-31,98941,3771,3,0.9993017911911011
NeuMF,2011,2011-12-31,98941,3153,4,0.9992462396621704
NeuMF,2011,2011-12-31,98941,2872,5,0.9992399215698242
NeuMF,2011,2011-12-31,98941,4486,6,0.999193012714386
NeuMF,2011,2011-12-31,98941,3732,7,0.9991508722305298
NeuMF,2011,2011-12-31,98941,4712,8,0.9990689158439636
NeuMF,2011,2011-12-31,98941,3529,9,0.9988658428192139
NeuMF,2011,2011-12-31,98941,3028,10,0.9987622499465942
NeuMF,2011,2011-12-31,98974,6016,1,0.9987552165985107
NeuMF,2011,2011-12-31,98974,2594,2,0.9987492561340332
NeuMF,2011,2011-12-31,98974,1884,3,0.9985020160675049
NeuMF,2011,2011-12-31,98974,2542,4,0.9981959462165833
NeuMF,2011,2011-12-31,98974,44555,5,0.9979429841041565
NeuMF,2011,2011-12-31,98974,27773,6,0.9978626370429993
NeuMF,2011,2011-12-31,98974,5995,7,0.9976581335067749
NeuMF,2011,2011-12-31,98974,6953,8,0.9976047277450562
NeuMF,2011,2011-12-31,98974,46578,9,0.9967261552810669
NeuMF,2011,2011-12-31,98974,5608,10,0.9965408444404602
NeuMF,2011,2011-12-31,99109,73854,1,0.9995846152305603
NeuMF,2011,2011-12-31,99109,2804,2,0.9983231425285339
NeuMF,2011,2011-12-31,99109,107,3,0.9981575608253479
NeuMF,2011,2011-12-31,99109,919,4,0.9970515966415405
NeuMF,2011,2011-12-31,99109,1028,5,0.996459424495697
NeuMF,2011,2011-12-31,99109,1035,6,0.9961340427398682
NeuMF,2011,2011-12-31,99109,914,7,0.9960377216339111
NeuMF,2011,2011-12-31,99109,1073,8,0.9956772923469543
NeuMF,2011,2011-12-31,99109,899,9,0.9950687885284424
NeuMF,2011,2011-12-31,99109,1,10,0.9947670698165894
NeuMF,2011,2011-12-31,99156,6016,1,0.9997556805610657
NeuMF,2011,2011-12-31,99156,8576,2,0.9997187256813049
NeuMF,2011,2011-12-31,99156,59995,3,0.9995059967041016
NeuMF,2011,2011-12-31,99156,2329,4,0.999442994594574
NeuMF,2011,2011-12-31,99156,60950,5,0.9994088411331177
NeuMF,2011,2011-12-31,99156,8873,6,0.9992716908454895
NeuMF,2011,2011-12-31,99156,27831,7,0.9992650151252747
NeuMF,2011,2011-12-31,99156,63082,8,0.9992390871047974
NeuMF,2011,2011-12-31,99156,8464,9,0.9987970590591431
NeuMF,2011,2011-12-31,99156,778,10,0.9987584352493286
NeuMF,2011,2011-12-31,99165,3635,1,0.9997627139091492
NeuMF,2011,2011-12-31,99165,1892,2,0.9996082186698914
NeuMF,2011,2011-12-31,99165,540,3,0.9991825222969055
NeuMF,2011,2011-12-31,99165,2688,4,0.9991231560707092
NeuMF,2011,2011-12-31,99165,743,5,0.9986684322357178
NeuMF,2011,2011-12-31,99165,2803,6,0.9986245632171631
NeuMF,2011,2011-12-31,99165,2948,7,0.9982059001922607
NeuMF,2011,2011-12-31,99165,2376,8,0.998060405254364
NeuMF,2011,2011-12-31,99165,2991,9,0.9980104565620422
NeuMF,2011,2011-12-31,99165,445,10,0.9979100823402405
NeuMF,2011,2011-12-31,99275,74458,1,0.9986655712127686
NeuMF,2011,2011-12-31,99275,69481,2,0.9981934428215027
NeuMF,2011,2011-12-31,99275,69122,3,0.9974460601806641
NeuMF,2011,2011-12-31,99275,4226,4,0.9974126219749451
NeuMF,2011,2011-12-31,99275,45722,5,0.9961196184158325
NeuMF,2011,2011-12-31,99275,595,6,0.9958211183547974
NeuMF,2011,2011-12-31,99275,4246,7,0.9955111742019653
NeuMF,2011,2011-12-31,99275,71205,8,0.9953380823135376
NeuMF,2011,2011-12-31,99275,72011,9,0.9952319264411926
NeuMF,2011,2011-12-31,99275,69844,10,0.9949942231178284
NeuMF,2011,2011-12-31,99329,79132,1,0.9999539852142334
NeuMF,2011,2011-12-31,99329,4226,2,0.9998550415039062
NeuMF,2011,2011-12-31,99329,541,3,0.9998143315315247
NeuMF,2011,2011-12-31,99329,3949,4,0.9996470212936401
NeuMF,2011,2011-12-31,99329,69481,5,0.9995993971824646
NeuMF,2011,2011-12-31,99329,68848,6,0.9995569586753845
NeuMF,2011,2011-12-31,99329,1240,7,0.9993434548377991
NeuMF,2011,2011-12-31,99329,1206,8,0.9992735981941223
NeuMF,2011,2011-12-31,99329,1222,9,0.9989758729934692
NeuMF,2011,2011-12-31,99329,2329,10,0.9988512992858887
NeuMF,2011,2011-12-31,99439,69481,1,0.9999241828918457
NeuMF,2011,2011-12-31,99439,42718,2,0.9999146461486816
NeuMF,2011,2011-12-31,99439,53972,3,0.9995595812797546
NeuMF,2011,2011-12-31,99439,43871,4,0.9994732737541199
NeuMF,2011,2011-12-31,99439,5420,5,0.9993506073951721
NeuMF,2011,2011-12-31,99439,43396,6,0.9992215633392334
NeuMF,2011,2011-12-31,99439,8810,7,0.9988701939582825
NeuMF,2011,2011-12-31,99439,5445,8,0.9988534450531006
NeuMF,2011,2011-12-31,99439,7254,9,0.9987271428108215
NeuMF,2011,2011-12-31,99439,6378,10,0.9985231757164001
NeuMF,2011,2011-12-31,99706,5425,1,0.999640703201294
NeuMF,2011,2011-12-31,99706,7206,2,0.9995487332344055
NeuMF,2011,2011-12-31,99706,3654,3,0.9992907047271729
NeuMF,2011,2011-12-31,99706,6286,4,0.9989833235740662
NeuMF,2011,2011-12-31,99706,52042,5,0.9989426732063293
NeuMF,2011,2011-12-31,99706,8604,6,0.9984090924263
NeuMF,2011,2011-12-31,99706,4262,7,0.9981542229652405
NeuMF,2011,2011-12-31,99706,5337,8,0.9978162050247192
NeuMF,2011,2011-12-31,99706,1233,9,0.9973445534706116
NeuMF,2011,2011-12-31,99706,2467,10,0.9968611001968384
NeuMF,2011,2011-12-31,99723,58839,1,0.9998670816421509
NeuMF,2011,2011-12-31,99723,7293,2,0.9997735619544983
NeuMF,2011,2011-12-31,99723,6155,3,0.999764621257782
NeuMF,2011,2011-12-31,99723,68954,4,0.9995893836021423
NeuMF,2011,2011-12-31,99723,4963,5,0.9992058873176575
NeuMF,2011,2011-12-31,99723,5620,6,0.9991651773452759
NeuMF,2011,2011-12-31,99723,58103,7,0.9990931749343872
NeuMF,2011,2011-12-31,99723,72998,8,0.999055802822113
NeuMF,2011,2011-12-31,99723,7161,9,0.9989832043647766
NeuMF,2011,2011-12-31,99723,72011,10,0.998783528804779
NeuMF,2011,2011-12-31,99743,5464,1,0.9979173541069031
NeuMF,2011,2011-12-31,99743,3083,2,0.9976894855499268
NeuMF,2011,2011-12-31,99743,3911,3,0.9976670742034912
NeuMF,2011,2011-12-31,99743,5617,4,0.996586799621582
NeuMF,2011,2011-12-31,99743,4312,5,0.9965692758560181
NeuMF,2011,2011-12-31,99743,4422,6,0.9962269067764282
NeuMF,2011,2011-12-31,99743,4021,7,0.996056318283081
NeuMF,2011,2011-12-31,99743,6335,8,0.9957646131515503
NeuMF,2011,2011-12-31,99743,8772,9,0.9954544305801392
NeuMF,2011,2011-12-31,99743,4007,10,0.9954404830932617
NeuMF,2011,2011-12-31,99965,40148,1,0.9997422099113464
NeuMF,2011,2011-12-31,99965,79132,2,0.9995146989822388
NeuMF,2011,2011-12-31,99965,60069,3,0.9995079040527344
NeuMF,2011,2011-12-31,99965,68237,4,0.9991804957389832
NeuMF,2011,2011-12-31,99965,68157,5,0.9989306330680847
NeuMF,2011,2011-12-31,99965,44191,6,0.9988223910331726
NeuMF,2011,2011-12-31,99965,1090,7,0.9974755644798279
NeuMF,2011,2011-12-31,99965,30749,8,0.9974637031555176
NeuMF,2011,2011-12-31,99965,48738,9,0.9974084496498108
NeuMF,2011,2011-12-31,99965,68954,10,0.9973899722099304
NeuMF,2011,2011-12-31,100445,7156,1,0.999423623085022
NeuMF,2011,2011-12-31,100445,27721,2,0.9991219639778137
NeuMF,2011,2011-12-31,100445,37240,3,0.9990208148956299
NeuMF,2011,2011-12-31,100445,6668,4,0.9989368319511414
NeuMF,2011,2011-12-31,100445,7579,5,0.9988477230072021
NeuMF,2011,2011-12-31,100445,62344,6,0.9985736608505249
NeuMF,2011,2011-12-31,100445,2677,7,0.9985021352767944
NeuMF,2011,2011-12-31,100445,45928,8,0.9982798099517822
NeuMF,2011,2011-12-31,100445,7293,9,0.9978247880935669
NeuMF,2011,2011-12-31,100445,58806,10,0.9977346658706665
NeuMF,2011,2011-12-31,100546,7,1,0.9994176626205444
NeuMF,2011,2011-12-31,100546,1197,2,0.9993870258331299
NeuMF,2011,2011-12-31,100546,68135,3,0.9991540908813477
NeuMF,2011,2011-12-31,100546,953,4,0.9989883303642273
NeuMF,2011,2011-12-31,100546,17,5,0.9986494183540344
NeuMF,2011,2011-12-31,100546,595,6,0.9986466765403748
NeuMF,2011,2011-12-31,100546,26133,7,0.9985124468803406
NeuMF,2011,2011-12-31,100546,457,8,0.9983537197113037
NeuMF,2011,2011-12-31,100546,1307,9,0.9975171089172363
NeuMF,2011,2011-12-31,100546,11,10,0.9974194765090942
NeuMF,2011,2011-12-31,101099,31410,1,0.9993170499801636
NeuMF,2011,2011-12-31,101099,908,2,0.9992819428443909
NeuMF,2011,2011-12-31,101099,7419,3,0.9988943934440613
NeuMF,2011,2011-12-31,101099,8865,4,0.9987500905990601
NeuMF,2011,2011-12-31,101099,5995,5,0.9983347058296204
NeuMF,2011,2011-12-31,101099,2726,6,0.9982737302780151
NeuMF,2011,2011-12-31,101099,6711,7,0.9980927109718323
NeuMF,2011,2011-12-31,101099,7206,8,0.9980329871177673
NeuMF,2011,2011-12-31,101099,1233,9,0.997958779335022
NeuMF,2011,2011-12-31,101099,247,10,0.9978910088539124
NeuMF,2011,2011-12-31,101112,6539,1,0.9995560050010681
NeuMF,2011,2011-12-31,101112,5349,2,0.9992278814315796
NeuMF,2011,2011-12-31,101112,54286,3,0.9991846680641174
NeuMF,2011,2011-12-31,101112,60069,4,0.9991614818572998
NeuMF,2011,2011-12-31,101112,5378,5,0.9983550906181335
NeuMF,2011,2011-12-31,101112,49272,6,0.9982722997665405
NeuMF,2011,2011-12-31,101112,51255,7,0.9981024861335754
NeuMF,2011,2011-12-31,101112,3082,8,0.9979612827301025
NeuMF,2011,2011-12-31,101112,6333,9,0.9979336261749268
NeuMF,2011,2011-12-31,101112,10,10,0.9976528286933899
NeuMF,2011,2011-12-31,101156,1333,1,0.9978113770484924
NeuMF,2011,2011-12-31,101156,105,2,0.9967610239982605
NeuMF,2011,2011-12-31,101156,186,3,0.9961355924606323
NeuMF,2011,2011-12-31,101156,357,4,0.9960065484046936
NeuMF,2011,2011-12-31,101156,912,5,0.9959506988525391
NeuMF,2011,2011-12-31,101156,5060,6,0.9956368803977966
NeuMF,2011,2011-12-31,101156,260,7,0.9947208166122437
NeuMF,2011,2011-12-31,101156,1234,8,0.9943775534629822
NeuMF,2011,2011-12-31,101156,224,9,0.9933614730834961
NeuMF,2011,2011-12-31,101156,1084,10,0.9924157857894897
NeuMF,2011,2011-12-31,101626,4848,1,0.9993152618408203
NeuMF,2011,2011-12-31,101626,2023,2,0.9989476799964905
NeuMF,2011,2011-12-31,101626,6016,3,0.9980033040046692
NeuMF,2011,2011-12-31,101626,1408,4,0.9975009560585022
NeuMF,2011,2011-12-31,101626,4855,5,0.997498095035553
NeuMF,2011,2011-12-31,101626,4720,6,0.9967229962348938
NeuMF,2011,2011-12-31,101626,31410,7,0.9964498281478882
NeuMF,2011,2011-12-31,101626,3702,8,0.9963802695274353
NeuMF,2011,2011-12-31,101626,3081,9,0.9961977601051331
NeuMF,2011,2011-12-31,101626,3448,10,0.9961774349212646
NeuMF,2011,2011-12-31,102085,48082,1,0.9988603591918945
NeuMF,2011,2011-12-31,102085,27904,2,0.9981324076652527
NeuMF,2011,2011-12-31,102085,778,3,0.9980645775794983
NeuMF,2011,2011-12-31,102085,3328,4,0.9967936873435974
NeuMF,2011,2011-12-31,102085,3083,5,0.9962081909179688
NeuMF,2011,2011-12-31,102085,1884,6,0.9951028823852539
NeuMF,2011,2011-12-31,102085,34437,7,0.9945804476737976
NeuMF,2011,2011-12-31,102085,6502,8,0.9940113425254822
NeuMF,2011,2011-12-31,102085,1,9,0.9935197234153748
NeuMF,2011,2011-12-31,102085,588,10,0.9928717017173767
NeuMF,2011,2011-12-31,102130,537,1,0.9994421601295471
NeuMF,2011,2011-12-31,102130,68347,2,0.9993047714233398
NeuMF,2011,2011-12-31,102130,4102,3,0.9991183876991272
NeuMF,2011,2011-12-31,102130,4788,4,0.9990593791007996
NeuMF,2011,2011-12-31,102130,49284,5,0.9987706542015076
NeuMF,2011,2011-12-31,102130,7566,6,0.9985536932945251
NeuMF,2011,2011-12-31,102130,3581,7,0.997671902179718
NeuMF,2011,2011-12-31,102130,73344,8,0.9974796175956726
NeuMF,2011,2011-12-31,102130,31410,9,0.9973106384277344
NeuMF,2011,2011-12-31,102130,48516,10,0.997201681137085
NeuMF,2011,2011-12-31,102560,2948,1,0.9941347241401672
NeuMF,2011,2011-12-31,102560,927,2,0.9935892820358276
NeuMF,2011,2011-12-31,102560,2390,3,0.9929581880569458
NeuMF,2011,2011-12-31,102560,1931,4,0.992926299571991
NeuMF,2011,2011-12-31,102560,7579,5,0.9913623929023743
NeuMF,2011,2011-12-31,102560,2087,6,0.9909247159957886
NeuMF,2011,2011-12-31,102560,943,7,0.9909233450889587
NeuMF,2011,2011-12-31,102560,2171,8,0.9909075498580933
NeuMF,2011,2011-12-31,102560,1202,9,0.9906147718429565
NeuMF,2011,2011-12-31,102560,2140,10,0.9903427362442017
NeuMF,2011,2011-12-31,102830,5890,1,0.9998989105224609
NeuMF,2011,2011-12-31,102830,7939,2,0.9998113512992859
NeuMF,2011,2011-12-31,102830,3470,3,0.9997705817222595
NeuMF,2011,2011-12-31,102830,1289,4,0.9997596144676208
NeuMF,2011,2011-12-31,102830,4144,5,0.9996117949485779
NeuMF,2011,2011-12-31,102830,7323,6,0.999566376209259
NeuMF,2011,2011-12-31,102830,5121,7,0.9992731213569641
NeuMF,2011,2011-12-31,102830,26578,8,0.999040424823761
NeuMF,2011,2011-12-31,102830,3083,9,0.9989964365959167
NeuMF,2011,2011-12-31,102830,7396,10,0.9989439845085144
NeuMF,2011,2011-12-31,102960,25850,1,0.9995365142822266
NeuMF,2011,2011-12-31,102960,5876,2,0.9981289505958557
NeuMF,2011,2011-12-31,102960,7323,3,0.9976683259010315
NeuMF,2011,2011-12-31,102960,4998,4,0.9975568056106567
NeuMF,2011,2011-12-31,102960,3098,5,0.9974108338356018
NeuMF,2011,2011-12-31,102960,7080,6,0.9971691966056824
NeuMF,2011,2011-12-31,102960,8879,7,0.9966378211975098
NeuMF,2011,2011-12-31,102960,3246,8,0.9955331087112427
NeuMF,2011,2011-12-31,102960,176,9,0.9953951239585876
NeuMF,2011,2011-12-31,102960,3633,10,0.9940202236175537
NeuMF,2011,2011-12-31,103188,37382,1,0.9986612796783447
NeuMF,2011,2011-12-31,103188,37830,2,0.998089611530304
NeuMF,2011,2011-12-31,103188,46322,3,0.9979515671730042
NeuMF,2011,2011-12-31,103188,48304,4,0.9975042939186096
NeuMF,2011,2011-12-31,103188,31804,5,0.9972315430641174
NeuMF,2011,2011-12-31,103188,8370,6,0.9970657229423523
NeuMF,2011,2011-12-31,103188,52328,7,0.9968554973602295
NeuMF,2011,2011-12-31,103188,1201,8,0.9965215921401978
NeuMF,2011,2011-12-31,103188,44191,9,0.9964768290519714
NeuMF,2011,2011-12-31,103188,51255,10,0.9959926009178162
NeuMF,2011,2011-12-31,103240,2959,1,0.9971803426742554
NeuMF,2011,2011-12-31,103240,60069,2,0.9962551593780518
NeuMF,2011,2011-12-31,103240,58559,3,0.9955437779426575
NeuMF,2011,2011-12-31,103240,59315,4,0.9935634136199951
NeuMF,2011,2011-12-31,103240,541,5,0.9935383200645447
NeuMF,2011,2011-12-31,103240,1214,6,0.991600513458252
NeuMF,2011,2011-12-31,103240,4878,7,0.9873766899108887
NeuMF,2011,2011-12-31,103240,1136,8,0.986057698726654
NeuMF,2011,2011-12-31,103240,4963,9,0.9829866886138916
NeuMF,2011,2011-12-31,103240,293,10,0.981584370136261
NeuMF,2011,2011-12-31,103417,37386,1,0.9998704195022583
NeuMF,2011,2011-12-31,103417,6016,2,0.9995689988136292
NeuMF,2011,2011-12-31,103417,5952,3,0.9991753697395325
NeuMF,2011,2011-12-31,103417,6902,4,0.9990116357803345
NeuMF,2011,2011-12-31,103417,48082,5,0.9987221360206604
NeuMF,2011,2011-12-31,103417,53121,6,0.9984595775604248
NeuMF,2011,2011-12-31,103417,3578,7,0.9983277916908264
NeuMF,2011,2011-12-31,103417,3793,8,0.9982320666313171
NeuMF,2011,2011-12-31,103417,51255,9,0.9981719255447388
NeuMF,2011,2011-12-31,103417,57669,10,0.9981188178062439
NeuMF,2011,2011-12-31,103511,3827,1,0.9980831146240234
NeuMF,2011,2011-12-31,103511,1805,2,0.9944907426834106
NeuMF,2011,2011-12-31,103511,327,3,0.9942465424537659
NeuMF,2011,2011-12-31,103511,2094,4,0.9921926856040955
NeuMF,2011,2011-12-31,103511,2334,5,0.9919232726097107
NeuMF,2011,2011-12-31,103511,379,6,0.9905713796615601
NeuMF,2011,2011-12-31,103511,3911,7,0.9898563623428345
NeuMF,2011,2011-12-31,103511,1644,8,0.9897054433822632
NeuMF,2011,2011-12-31,103511,2133,9,0.9893866777420044
NeuMF,2011,2011-12-31,103511,1885,10,0.9887474775314331
NeuMF,2011,2011-12-31,103566,3257,1,0.9994468092918396
NeuMF,2011,2011-12-31,103566,4254,2,0.9993064403533936
NeuMF,2011,2011-12-31,103566,6942,3,0.9990344047546387
NeuMF,2011,2011-12-31,103566,58162,4,0.9987271428108215
NeuMF,2011,2011-12-31,103566,4054,5,0.9980353713035583
NeuMF,2011,2011-12-31,103566,2006,6,0.9979944229125977
NeuMF,2011,2011-12-31,103566,4992,7,0.9979694485664368
NeuMF,2011,2011-12-31,103566,2803,8,0.9977859258651733
NeuMF,2011,2011-12-31,103566,59333,9,0.9974715709686279
NeuMF,2011,2011-12-31,103566,2001,10,0.9974115490913391
NeuMF,2011,2011-12-31,103610,47999,1,0.9997149109840393
NeuMF,2011,2011-12-31,103610,51662,2,0.9991331696510315
NeuMF,2011,2011-12-31,103610,588,3,0.9989786148071289
NeuMF,2011,2011-12-31,103610,51255,4,0.9989091157913208
NeuMF,2011,2011-12-31,103610,59126,5,0.9988548755645752
NeuMF,2011,2011-12-31,103610,50872,6,0.9988377690315247
NeuMF,2011,2011-12-31,103610,54272,7,0.9987854361534119
NeuMF,2011,2011-12-31,103610,54503,8,0.9987161159515381
NeuMF,2011,2011-12-31,103610,7147,9,0.9983824491500854
NeuMF,2011,2011-12-31,103610,48997,10,0.9983813762664795
NeuMF,2011,2011-12-31,103631,62374,1,0.9999986886978149
NeuMF,2011,2011-12-31,103631,69481,2,0.9998962879180908
NeuMF,2011,2011-12-31,103631,68157,3,0.9998176693916321
NeuMF,2011,2011-12-31,103631,31410,4,0.9997312426567078
NeuMF,2011,2011-12-31,103631,52328,5,0.9995842576026917
NeuMF,2011,2011-12-31,103631,5903,6,0.9995513558387756
NeuMF,2011,2011-12-31,103631,60753,7,0.9993756413459778
NeuMF,2011,2011-12-31,103631,55820,8,0.9993601441383362
NeuMF,2011,2011-12-31,103631,57640,9,0.9993152618408203
NeuMF,2011,2011-12-31,103631,48738,10,0.9993035793304443
NeuMF,2011,2011-12-31,103834,3606,1,0.9998433589935303
NeuMF,2011,2011-12-31,103834,7064,2,0.9989412426948547
NeuMF,2011,2011-12-31,103834,7050,3,0.9989268183708191
NeuMF,2011,2011-12-31,103834,910,4,0.9987384676933289
NeuMF,2011,2011-12-31,103834,31528,5,0.9977169036865234
NeuMF,2011,2011-12-31,103834,3350,6,0.9975233674049377
NeuMF,2011,2011-12-31,103834,34482,7,0.9972827434539795
NeuMF,2011,2011-12-31,103834,905,8,0.9968520998954773
NeuMF,2011,2011-12-31,103834,1282,9,0.9965206384658813
NeuMF,2011,2011-12-31,103834,7055,10,0.9960405826568604
NeuMF,2011,2011-12-31,103856,2617,1,0.9987629652023315
NeuMF,2011,2011-12-31,103856,8644,2,0.9983441829681396
NeuMF,2011,2011-12-31,103856,933,3,0.998239278793335
NeuMF,2011,2011-12-31,103856,4308,4,0.9975414276123047
NeuMF,2011,2011-12-31,103856,2340,5,0.9973467588424683
NeuMF,2011,2011-12-31,103856,54780,6,0.9972971081733704
NeuMF,2011,2011-12-31,103856,55267,7,0.9972575306892395
NeuMF,2011,2011-12-31,103856,1917,8,0.9972527623176575
NeuMF,2011,2011-12-31,103856,45722,9,0.9968644976615906
NeuMF,2011,2011-12-31,103856,3623,10,0.9966488480567932
NeuMF,2011,2011-12-31,103925,6724,1,0.9988659620285034
NeuMF,2011,2011-12-31,103925,37240,2,0.9985111355781555
NeuMF,2011,2011-12-31,103925,281,3,0.9981980919837952
NeuMF,2011,2011-12-31,103925,1344,4,0.9980143308639526
NeuMF,2011,2011-12-31,103925,2946,5,0.9973430037498474
NeuMF,2011,2011-12-31,103925,3424,6,0.9964402318000793
NeuMF,2011,2011-12-31,103925,4799,7,0.9960659146308899
NeuMF,2011,2011-12-31,103925,48741,8,0.9957476258277893
NeuMF,2011,2011-12-31,103925,53123,9,0.9954557418823242
NeuMF,2011,2011-12-31,103925,1260,10,0.9948880076408386
NeuMF,2011,2011-12-31,103977,1089,1,0.9995360374450684
NeuMF,2011,2011-12-31,103977,1240,2,0.9976636171340942
NeuMF,2011,2011-12-31,103977,5954,3,0.9975841045379639
NeuMF,2011,2011-12-31,103977,1198,4,0.9970743656158447
NeuMF,2011,2011-12-31,103977,1610,5,0.9969474673271179
NeuMF,2011,2011-12-31,103977,6708,6,0.9967484474182129
NeuMF,2011,2011-12-31,103977,733,7,0.9966933727264404
NeuMF,2011,2011-12-31,103977,377,8,0.9960306286811829
NeuMF,2011,2011-12-31,103977,2542,9,0.9959679841995239
NeuMF,2011,2011-12-31,103977,1221,10,0.9959297776222229
NeuMF,2011,2011-12-31,104279,52241,1,0.999799907207489
NeuMF,2011,2011-12-31,104279,64620,2,0.9993695616722107
NeuMF,2011,2011-12-31,104279,73023,3,0.9982354640960693
NeuMF,2011,2011-12-31,104279,59022,4,0.9978274703025818
NeuMF,2011,2011-12-31,104279,60753,5,0.9971926808357239
NeuMF,2011,2011-12-31,104279,55247,6,0.9971805810928345
NeuMF,2011,2011-12-31,104279,714,7,0.9968068599700928
NeuMF,2011,2011-12-31,104279,39444,8,0.9963679313659668
NeuMF,2011,2011-12-31,104279,61240,9,0.995868444442749
NeuMF,2011,2011-12-31,104279,68848,10,0.9953243136405945
NeuMF,2011,2011-12-31,104283,58559,1,0.9999431371688843
NeuMF,2011,2011-12-31,104283,64620,2,0.9998793601989746
NeuMF,2011,2011-12-31,104283,51931,3,0.9998422861099243
NeuMF,2011,2011-12-31,104283,69122,4,0.9998363256454468
NeuMF,2011,2011-12-31,104283,64614,5,0.9996997117996216
NeuMF,2011,2011-12-31,104283,51540,6,0.9995248317718506
NeuMF,2011,2011-12-31,104283,58306,7,0.9994223117828369
NeuMF,2011,2011-12-31,104283,71450,8,0.9993748068809509
NeuMF,2011,2011-12-31,104283,49530,9,0.9993687272071838
NeuMF,2011,2011-12-31,104283,73017,10,0.9993237257003784
NeuMF,2011,2011-12-31,104485,71535,1,0.9999098777770996
NeuMF,2011,2011-12-31,104485,57669,2,0.9998608827590942
NeuMF,2011,2011-12-31,104485,59315,3,0.9998255372047424
NeuMF,2011,2011-12-31,104485,72998,4,0.9998000264167786
NeuMF,2011,2011-12-31,104485,78499,5,0.999737560749054
NeuMF,2011,2011-12-31,104485,69122,6,0.9997102618217468
NeuMF,2011,2011-12-31,104485,73017,7,0.9995893836021423
NeuMF,2011,2011-12-31,104485,76251,8,0.9995449185371399
NeuMF,2011,2011-12-31,104485,60684,9,0.9995242357254028
NeuMF,2011,2011-12-31,104485,53953,10,0.9995108842849731
NeuMF,2011,2011-12-31,104618,53894,1,0.9999921321868896
NeuMF,2011,2011-12-31,104618,44761,2,0.9999895095825195
NeuMF,2011,2011-12-31,104618,36535,3,0.9999865293502808
NeuMF,2011,2011-12-31,104618,44195,4,0.9999849796295166
NeuMF,2011,2011-12-31,104618,46578,5,0.999982476234436
NeuMF,2011,2011-12-31,104618,48043,6,0.9999775886535645
NeuMF,2011,2011-12-31,104618,30810,7,0.9999762773513794
NeuMF,2011,2011-12-31,104618,33794,8,0.9999756813049316
NeuMF,2011,2011-12-31,104618,27904,9,0.9999736547470093
NeuMF,2011,2011-12-31,104618,4878,10,0.9999734163284302
NeuMF,2011,2011-12-31,104663,56152,1,0.9993314743041992
NeuMF,2011,2011-12-31,104663,53000,2,0.9990473389625549
NeuMF,2011,2011-12-31,104663,35836,3,0.9989581108093262
NeuMF,2011,2011-12-31,104663,45517,4,0.9985836744308472
NeuMF,2011,2011-12-31,104663,56367,5,0.9982959628105164
NeuMF,2011,2011-12-31,104663,69844,6,0.9978867173194885
NeuMF,2011,2011-12-31,104663,7361,7,0.9976550340652466
NeuMF,2011,2011-12-31,104663,33166,8,0.9971743822097778
NeuMF,2011,2011-12-31,104663,5669,9,0.9970593452453613
NeuMF,2011,2011-12-31,104663,59784,10,0.9969995617866516
NeuMF,2011,2011-12-31,105580,588,1,0.9991983771324158
NeuMF,2011,2011-12-31,105580,34,2,0.9972977042198181
NeuMF,2011,2011-12-31,105580,1367,3,0.9961918592453003
NeuMF,2011,2011-12-31,105580,1270,4,0.9958209991455078
NeuMF,2011,2011-12-31,105580,1073,5,0.9937527775764465
NeuMF,2011,2011-12-31,105580,1580,6,0.9933804273605347
NeuMF,2011,2011-12-31,105580,661,7,0.9932107329368591
NeuMF,2011,2011-12-31,105580,158,8,0.992302417755127
NeuMF,2011,2011-12-31,105580,1196,9,0.9910119771957397
NeuMF,2011,2011-12-31,105580,551,10,0.9904424548149109
NeuMF,2011,2011-12-31,105735,7265,1,0.9997312426567078
NeuMF,2011,2011-12-31,105735,48082,2,0.9995561242103577
NeuMF,2011,2011-12-31,105735,50912,3,0.9995163679122925
NeuMF,2011,2011-12-31,105735,3914,4,0.9993206262588501
NeuMF,2011,2011-12-31,105735,3786,5,0.9990818500518799
NeuMF,2011,2011-12-31,105735,2316,6,0.9984613656997681
NeuMF,2011,2011-12-31,105735,53318,7,0.9981350898742676
NeuMF,2011,2011-12-31,105735,7323,8,0.9981263279914856
NeuMF,2011,2011-12-31,105735,40946,9,0.9976957440376282
NeuMF,2011,2011-12-31,105735,52668,10,0.9974398612976074
NeuMF,2011,2011-12-31,106228,2528,1,0.9996774196624756
NeuMF,2011,2011-12-31,106228,4000,2,0.9982993006706238
NeuMF,2011,2011-12-31,106228,53894,3,0.9982724189758301
NeuMF,2011,2011-12-31,106228,3361,4,0.9973406195640564
NeuMF,2011,2011-12-31,106228,2593,5,0.9965474009513855
NeuMF,2011,2011-12-31,106228,3098,6,0.9961483478546143
NeuMF,2011,2011-12-31,106228,64957,7,0.9950866103172302
NeuMF,2011,2011-12-31,106228,1297,8,0.9948115348815918
NeuMF,2011,2011-12-31,106228,4008,9,0.9947283864021301
NeuMF,2011,2011-12-31,106228,2474,10,0.9938246011734009
NeuMF,2011,2011-12-31,106404,42723,1,0.9992064833641052
NeuMF,2011,2011-12-31,106404,69,2,0.9991003274917603
NeuMF,2011,2011-12-31,106404,3617,3,0.9990248680114746
NeuMF,2011,2011-12-31,106404,48322,4,0.9986750483512878
NeuMF,2011,2011-12-31,106404,59418,5,0.9985151886940002
NeuMF,2011,2011-12-31,106404,47099,6,0.9982355833053589
NeuMF,2011,2011-12-31,106404,52952,7,0.9976474642753601
NeuMF,2011,2011-12-31,106404,2423,8,0.997394323348999
NeuMF,2011,2011-12-31,106404,3147,9,0.9970281720161438
NeuMF,2011,2011-12-31,106404,3552,10,0.9969485402107239
NeuMF,2011,2011-12-31,106650,5055,1,0.9986045956611633
NeuMF,2011,2011-12-31,106650,2826,2,0.9972100853919983
NeuMF,2011,2011-12-31,106650,552,3,0.9950650334358215
NeuMF,2011,2011-12-31,106650,54286,4,0.9938939213752747
NeuMF,2011,2011-12-31,106650,51255,5,0.993424654006958
NeuMF,2011,2011-12-31,106650,55363,6,0.9931515455245972
NeuMF,2011,2011-12-31,106650,5064,7,0.9921568632125854
NeuMF,2011,2011-12-31,106650,4011,8,0.9917930960655212
NeuMF,2011,2011-12-31,106650,5010,9,0.9917900562286377
NeuMF,2011,2011-12-31,106650,2447,10,0.991581380367279
NeuMF,2011,2011-12-31,106808,69844,1,0.9997397065162659
NeuMF,2011,2011-12-31,106808,64957,2,0.999345600605011
NeuMF,2011,2011-12-31,106808,54997,3,0.9993224143981934
NeuMF,2011,2011-12-31,106808,62293,4,0.9992876648902893
NeuMF,2011,2011-12-31,106808,79132,5,0.9991713762283325
NeuMF,2011,2011-12-31,106808,58998,6,0.998988687992096
NeuMF,2011,2011-12-31,106808,64622,7,0.9985718727111816
NeuMF,2011,2011-12-31,106808,74458,8,0.9984893798828125
NeuMF,2011,2011-12-31,106808,6539,9,0.9982519745826721
NeuMF,2011,2011-12-31,106808,628,10,0.9979257583618164
NeuMF,2011,2011-12-31,107192,7151,1,0.9999666213989258
NeuMF,2011,2011-12-31,107192,7323,2,0.9999505281448364
NeuMF,2011,2011-12-31,107192,6954,3,0.9999275207519531
NeuMF,2011,2011-12-31,107192,59018,4,0.9997408986091614
NeuMF,2011,2011-12-31,107192,71466,5,0.9997183680534363
NeuMF,2011,2011-12-31,107192,62849,6,0.9996730089187622
NeuMF,2011,2011-12-31,107192,74458,7,0.999624490737915
NeuMF,2011,2011-12-31,107192,64957,8,0.9996046423912048
NeuMF,2011,2011-12-31,107192,27721,9,0.9993062019348145
NeuMF,2011,2011-12-31,107192,37741,10,0.9992258548736572
NeuMF,2011,2011-12-31,107245,57528,1,0.9996293783187866
NeuMF,2011,2011-12-31,107245,8157,2,0.9995456337928772
NeuMF,2011,2011-12-31,107245,8861,3,0.9994255304336548
NeuMF,2011,2011-12-31,107245,44022,4,0.9994157552719116
NeuMF,2011,2011-12-31,107245,27482,5,0.998982846736908
NeuMF,2011,2011-12-31,107245,8371,6,0.9989768266677856
NeuMF,2011,2011-12-31,107245,5833,7,0.9987230896949768
NeuMF,2011,2011-12-31,107245,51709,8,0.998561441898346
NeuMF,2011,2011-12-31,107245,6350,9,0.9984997510910034
NeuMF,2011,2011-12-31,107245,4685,10,0.9980787038803101
NeuMF,2011,2011-12-31,107315,1209,1,0.9994932413101196
NeuMF,2011,2011-12-31,107315,7045,2,0.9994518160820007
NeuMF,2011,2011-12-31,107315,5339,3,0.9990814924240112
NeuMF,2011,2011-12-31,107315,2654,4,0.998637855052948
NeuMF,2011,2011-12-31,107315,2202,5,0.9980138540267944
NeuMF,2011,2011-12-31,107315,1196,6,0.9973374009132385
NeuMF,2011,2011-12-31,107315,3927,7,0.9969637989997864
NeuMF,2011,2011-12-31,107315,1848,8,0.9965797066688538
NeuMF,2011,2011-12-31,107315,68157,9,0.9965559244155884
NeuMF,2011,2011-12-31,107315,6743,10,0.9965448975563049
NeuMF,2011,2011-12-31,107579,913,1,0.9987706542015076
NeuMF,2011,2011-12-31,107579,2959,2,0.9987698197364807
NeuMF,2011,2011-12-31,107579,48774,3,0.9984241724014282
NeuMF,2011,2011-12-31,107579,69757,4,0.9983397722244263
NeuMF,2011,2011-12-31,107579,1206,5,0.998201847076416
NeuMF,2011,2011-12-31,107579,1240,6,0.9981483221054077
NeuMF,2011,2011-12-31,107579,78499,7,0.9977235198020935
NeuMF,2011,2011-12-31,107579,52973,8,0.9976735711097717
NeuMF,2011,2011-12-31,107579,1214,9,0.9976140260696411
NeuMF,2011,2011-12-31,107579,1580,10,0.9975445866584778
NeuMF,2011,2011-12-31,107817,4006,1,0.9982725381851196
NeuMF,2011,2011-12-31,107817,45666,2,0.9964964985847473
NeuMF,2011,2011-12-31,107817,2431,3,0.99577397108078
NeuMF,2011,2011-12-31,107817,4102,4,0.9951843619346619
NeuMF,2011,2011-12-31,107817,31660,5,0.9947808384895325
NeuMF,2011,2011-12-31,107817,543,6,0.9945501685142517
NeuMF,2011,2011-12-31,107817,34048,7,0.9941920638084412
NeuMF,2011,2011-12-31,107817,6373,8,0.9923822283744812
NeuMF,2011,2011-12-31,107817,4011,9,0.9923602938652039
NeuMF,2011,2011-12-31,107817,805,10,0.991947591304779
NeuMF,2011,2011-12-31,107846,7438,1,0.9997755885124207
NeuMF,2011,2011-12-31,107846,6874,2,0.999605119228363
NeuMF,2011,2011-12-31,107846,48997,3,0.9992617964744568
NeuMF,2011,2011-12-31,107846,40732,4,0.999144434928894
NeuMF,2011,2011-12-31,107846,51662,5,0.9991136193275452
NeuMF,2011,2011-12-31,107846,53519,6,0.9989683628082275
NeuMF,2011,2011-12-31,107846,52328,7,0.9988967180252075
NeuMF,2011,2011-12-31,107846,27592,8,0.9986735582351685
NeuMF,2011,2011-12-31,107846,1258,9,0.9986560344696045
NeuMF,2011,2011-12-31,107846,6975,10,0.9986194372177124
NeuMF,2011,2011-12-31,107908,743,1,0.9983053207397461
NeuMF,2011,2011-12-31,107908,1367,2,0.9981866478919983
NeuMF,2011,2011-12-31,107908,4701,3,0.9974676370620728
NeuMF,2011,2011-12-31,107908,5444,4,0.9974633455276489
NeuMF,2011,2011-12-31,107908,40966,5,0.9974179267883301
NeuMF,2011,2011-12-31,107908,163,6,0.9969913959503174
NeuMF,2011,2011-12-31,107908,5872,7,0.9966651797294617
NeuMF,2011,2011-12-31,107908,315,8,0.9966172575950623
NeuMF,2011,2011-12-31,107908,41571,9,0.9963756203651428
NeuMF,2011,2011-12-31,107908,648,10,0.9951468110084534
NeuMF,2011,2011-12-31,107989,2542,1,0.9992228746414185
NeuMF,2011,2011-12-31,107989,2843,2,0.9991967082023621
NeuMF,2011,2011-12-31,107989,6016,3,0.9990853071212769
NeuMF,2011,2011-12-31,107989,778,4,0.9984733462333679
NeuMF,2011,2011-12-31,107989,33794,5,0.9984234571456909
NeuMF,2011,2011-12-31,107989,7458,6,0.9981275200843811
NeuMF,2011,2011-12-31,107989,48997,7,0.997177004814148
NeuMF,2011,2011-12-31,107989,68848,8,0.9970754384994507
NeuMF,2011,2011-12-31,107989,2023,9,0.9970749616622925
NeuMF,2011,2011-12-31,107989,3147,10,0.996551513671875
NeuMF,2011,2011-12-31,108058,80463,1,0.9999852180480957
NeuMF,2011,2011-12-31,108058,72998,2,0.999889612197876
NeuMF,2011,2011-12-31,108058,79132,3,0.9998719692230225
NeuMF,2011,2011-12-31,108058,69481,4,0.9998536109924316
NeuMF,2011,2011-12-31,108058,78499,5,0.9998480081558228
NeuMF,2011,2011-12-31,108058,44555,6,0.9998266100883484
NeuMF,2011,2011-12-31,108058,48516,7,0.999605119228363
NeuMF,2011,2011-12-31,108058,73017,8,0.9995972514152527
NeuMF,2011,2011-12-31,108058,68358,9,0.9994992017745972
NeuMF,2011,2011-12-31,108058,66097,10,0.9994458556175232
NeuMF,2011,2011-12-31,108262,8957,1,0.9993588328361511
NeuMF,2011,2011-12-31,108262,3917,2,0.9992383718490601
NeuMF,2011,2011-12-31,108262,2995,3,0.9991893172264099
NeuMF,2011,2011-12-31,108262,165,4,0.9991613626480103
NeuMF,2011,2011-12-31,108262,6242,5,0.9990529417991638
NeuMF,2011,2011-12-31,108262,7153,6,0.9987444877624512
NeuMF,2011,2011-12-31,108262,4993,7,0.9985027313232422
NeuMF,2011,2011-12-31,108262,1320,8,0.9984319806098938
NeuMF,2011,2011-12-31,108262,8810,9,0.9981006979942322
NeuMF,2011,2011-12-31,108262,1573,10,0.9976778626441956
NeuMF,2011,2011-12-31,108727,58559,1,0.9995564818382263
NeuMF,2011,2011-12-31,108727,4226,2,0.999446451663971
NeuMF,2011,2011-12-31,108727,60950,3,0.999006450176239
NeuMF,2011,2011-12-31,108727,44555,4,0.9989909529685974
NeuMF,2011,2011-12-31,108727,6954,5,0.9989394545555115
NeuMF,2011,2011-12-31,108727,44191,6,0.9985570311546326
NeuMF,2011,2011-12-31,108727,4246,7,0.9983975291252136
NeuMF,2011,2011-12-31,108727,6539,8,0.9980593323707581
NeuMF,2011,2011-12-31,108727,70286,9,0.9976153373718262
NeuMF,2011,2011-12-31,108727,2396,10,0.9974631071090698
NeuMF,2011,2011-12-31,108896,6378,1,0.9991932511329651
NeuMF,2011,2011-12-31,108896,6323,2,0.998925507068634
NeuMF,2011,2011-12-31,108896,6281,3,0.9987117052078247
NeuMF,2011,2011-12-31,108896,6539,4,0.9986653327941895
NeuMF,2011,2011-12-31,108896,5445,5,0.9977141618728638
NeuMF,2011,2011-12-31,108896,4995,6,0.9976868629455566
NeuMF,2011,2011-12-31,108896,6502,7,0.9972453117370605
NeuMF,2011,2011-12-31,108896,49278,8,0.9954126477241516
NeuMF,2011,2011-12-31,108896,7254,9,0.9950606226921082
NeuMF,2011,2011-12-31,108896,6377,10,0.9928945899009705
NeuMF,2011,2011-12-31,109159,5690,1,0.9990229606628418
NeuMF,2011,2011-12-31,109159,7371,2,0.9987144470214844
NeuMF,2011,2011-12-31,109159,27592,3,0.9966536164283752
NeuMF,2011,2011-12-31,109159,57528,4,0.9961915016174316
NeuMF,2011,2011-12-31,109159,8477,5,0.9959598183631897
NeuMF,2011,2011-12-31,109159,3246,6,0.9959458708763123
NeuMF,2011,2011-12-31,109159,59315,7,0.995800793170929
NeuMF,2011,2011-12-31,109159,7013,8,0.9956346154212952
NeuMF,2011,2011-12-31,109159,2932,9,0.9947944283485413
NeuMF,2011,2011-12-31,109159,1387,10,0.9946059584617615
NeuMF,2011,2011-12-31,109302,5292,1,0.9988916516304016
NeuMF,2011,2011-12-31,109302,7444,2,0.9988242983818054
NeuMF,2011,2011-12-31,109302,27816,3,0.9986494183540344
NeuMF,2011,2011-12-31,109302,4067,4,0.9984468817710876
NeuMF,2011,2011-12-31,109302,5380,5,0.9979520440101624
NeuMF,2011,2011-12-31,109302,8640,6,0.997557520866394
NeuMF,2011,2011-12-31,109302,7569,7,0.9975559711456299
NeuMF,2011,2011-12-31,109302,7293,8,0.9963584542274475
NeuMF,2011,2011-12-31,109302,3868,9,0.9961917400360107
NeuMF,2011,2011-12-31,109302,8827,10,0.9960252046585083
NeuMF,2011,2011-12-31,109430,8485,1,0.9995834231376648
NeuMF,2011,2011-12-31,109430,1216,2,0.9995740056037903
NeuMF,2011,2011-12-31,109430,446,3,0.999303936958313
NeuMF,2011,2011-12-31,109430,3289,4,0.9988933205604553
NeuMF,2011,2011-12-31,109430,6286,5,0.9988769888877869
NeuMF,2011,2011-12-31,109430,1279,6,0.9988418221473694
NeuMF,2011,2011-12-31,109430,27721,7,0.9980663657188416
NeuMF,2011,2011-12-31,109430,5890,8,0.9980435371398926
NeuMF,2011,2011-12-31,109430,781,9,0.9978645443916321
NeuMF,2011,2011-12-31,109430,2025,10,0.9978220462799072
NeuMF,2011,2011-12-31,109713,26246,1,0.9987144470214844
NeuMF,2011,2011-12-31,109713,3160,2,0.9984103441238403
NeuMF,2011,2011-12-31,109713,5971,3,0.998190701007843
NeuMF,2011,2011-12-31,109713,2160,4,0.9980974793434143
NeuMF,2011,2011-12-31,109713,53887,5,0.9975806474685669
NeuMF,2011,2011-12-31,109713,34542,6,0.9974728226661682
NeuMF,2011,2011-12-31,109713,6987,7,0.9972438812255859
NeuMF,2011,2011-12-31,109713,2360,8,0.997239351272583
NeuMF,2011,2011-12-31,109713,235,9,0.9972236156463623
NeuMF,2011,2011-12-31,109713,27873,10,0.9969760179519653
NeuMF,2011,2011-12-31,109829,1251,1,0.9999457597732544
NeuMF,2011,2011-12-31,109829,3010,2,0.9995489716529846
NeuMF,2011,2011-12-31,109829,6270,3,0.9992936849594116
NeuMF,2011,2011-12-31,109829,6643,4,0.9992743134498596
NeuMF,2011,2011-12-31,109829,3645,5,0.9989873766899109
NeuMF,2011,2011-12-31,109829,44555,6,0.9987608194351196
NeuMF,2011,2011-12-31,109829,7936,7,0.998705267906189
NeuMF,2011,2011-12-31,109829,26052,8,0.9986141920089722
NeuMF,2011,2011-12-31,109829,5121,9,0.9985916018486023
NeuMF,2011,2011-12-31,109829,7748,10,0.9983854293823242
NeuMF,2011,2011-12-31,110215,78772,1,0.9998478889465332
NeuMF,2011,2011-12-31,110215,31427,2,0.9996744394302368
NeuMF,2011,2011-12-31,110215,7458,3,0.9994961023330688
NeuMF,2011,2011-12-31,110215,58297,4,0.9993902444839478
NeuMF,2011,2011-12-31,110215,7454,5,0.9987685084342957
NeuMF,2011,2011-12-31,110215,33794,6,0.9987585544586182
NeuMF,2011,2011-12-31,110215,5378,7,0.9986504912376404
NeuMF,2011,2011-12-31,110215,5630,8,0.9985721111297607
NeuMF,2011,2011-12-31,110215,7254,9,0.9984943866729736
NeuMF,2011,2011-12-31,110215,4963,10,0.9984070658683777
NeuMF,2011,2011-12-31,110316,3467,1,0.9999227523803711
NeuMF,2011,2011-12-31,110316,7051,2,0.9996157884597778
NeuMF,2011,2011-12-31,110316,1230,3,0.9993389248847961
NeuMF,2011,2011-12-31,110316,2669,4,0.9993252754211426
NeuMF,2011,2011-12-31,110316,55442,5,0.9992627501487732
NeuMF,2011,2011-12-31,110316,55094,6,0.999153733253479
NeuMF,2011,2011-12-31,110316,1482,7,0.9984754920005798
NeuMF,2011,2011-12-31,110316,3269,8,0.998320996761322
NeuMF,2011,2011-12-31,110316,5447,9,0.9981995820999146
NeuMF,2011,2011-12-31,110316,56782,10,0.9981843829154968
NeuMF,2011,2011-12-31,110370,58559,1,0.9990710020065308
NeuMF,2011,2011-12-31,110370,3198,2,0.9990021586418152
NeuMF,2011,2011-12-31,110370,3699,3,0.9979875087738037
NeuMF,2011,2011-12-31,110370,69122,4,0.996716320514679
NeuMF,2011,2011-12-31,110370,2803,5,0.9954198598861694
NeuMF,2011,2011-12-31,110370,3510,6,0.9951878786087036
NeuMF,2011,2011-12-31,110370,2872,7,0.9951751232147217
NeuMF,2011,2011-12-31,110370,77561,8,0.9948714971542358
NeuMF,2011,2011-12-31,110370,1096,9,0.9946462512016296
NeuMF,2011,2011-12-31,110370,3984,10,0.9937406182289124
NeuMF,2011,2011-12-31,110598,7323,1,0.9995297193527222
NeuMF,2011,2011-12-31,110598,48082,2,0.9995125532150269
NeuMF,2011,2011-12-31,110598,78499,3,0.9994555115699768
NeuMF,2011,2011-12-31,110598,8910,4,0.999286949634552
NeuMF,2011,2011-12-31,110598,52245,5,0.9979034662246704
NeuMF,2011,2011-12-31,110598,3317,6,0.9977186918258667
NeuMF,2011,2011-12-31,110598,6765,7,0.9972917437553406
NeuMF,2011,2011-12-31,110598,53318,8,0.9971305727958679
NeuMF,2011,2011-12-31,110598,67087,9,0.9969786405563354
NeuMF,2011,2011-12-31,110598,2908,10,0.9969109892845154
NeuMF,2011,2011-12-31,110646,72641,1,0.999980092048645
NeuMF,2011,2011-12-31,110646,69481,2,0.9999709129333496
NeuMF,2011,2011-12-31,110646,68157,3,0.9999611377716064
NeuMF,2011,2011-12-31,110646,67734,4,0.9998830556869507
NeuMF,2011,2011-12-31,110646,68358,5,0.9998602867126465
NeuMF,2011,2011-12-31,110646,73023,6,0.999834418296814
NeuMF,2011,2011-12-31,110646,79132,7,0.9997641444206238
NeuMF,2011,2011-12-31,110646,74458,8,0.9996249675750732
NeuMF,2011,2011-12-31,110646,70286,9,0.9994756579399109
NeuMF,2011,2011-12-31,110646,72998,10,0.9991632699966431
NeuMF,2011,2011-12-31,110853,2501,1,0.9984439015388489
NeuMF,2011,2011-12-31,110853,8807,2,0.9982923865318298
NeuMF,2011,2011-12-31,110853,7149,3,0.9978451728820801
NeuMF,2011,2011-12-31,110853,60,4,0.9974194765090942
NeuMF,2011,2011-12-31,110853,4975,5,0.9974059462547302
NeuMF,2011,2011-12-31,110853,8533,6,0.9973161816596985
NeuMF,2011,2011-12-31,110853,8984,7,0.9966009855270386
NeuMF,2011,2011-12-31,110853,44191,8,0.9962540864944458
NeuMF,2011,2011-12-31,110853,8366,9,0.9957118034362793
NeuMF,2011,2011-12-31,110853,2394,10,0.9951908588409424
NeuMF,2011,2011-12-31,111334,33794,1,0.9996156692504883
NeuMF,2011,2011-12-31,111334,4011,2,0.999599039554596
NeuMF,2011,2011-12-31,111334,69,3,0.9995893836021423
NeuMF,2011,2011-12-31,111334,49530,4,0.9995772242546082
NeuMF,2011,2011-12-31,111334,48780,5,0.9991152882575989
NeuMF,2011,2011-12-31,111334,4878,6,0.9988279938697815
NeuMF,2011,2011-12-31,111334,48516,7,0.9988221526145935
NeuMF,2011,2011-12-31,111334,48304,8,0.9987844824790955
NeuMF,2011,2011-12-31,111334,37731,9,0.9986950755119324
NeuMF,2011,2011-12-31,111334,8132,10,0.9986592531204224
NeuMF,2011,2011-12-31,111580,46578,1,0.9998278617858887
NeuMF,2011,2011-12-31,111580,56174,2,0.9997581839561462
NeuMF,2011,2011-12-31,111580,35836,3,0.9997037053108215
NeuMF,2011,2011-12-31,111580,63082,4,0.9993715882301331
NeuMF,2011,2011-12-31,111580,2959,5,0.9993705153465271
NeuMF,2011,2011-12-31,111580,48385,6,0.9992398023605347
NeuMF,2011,2011-12-31,111580,60069,7,0.9991530179977417
NeuMF,2011,2011-12-31,111580,48774,8,0.9990460276603699
NeuMF,2011,2011-12-31,111580,44191,9,0.9987952709197998
NeuMF,2011,2011-12-31,111580,51255,10,0.9985402822494507
NeuMF,2011,2011-12-31,111678,841,1,0.9999924898147583
NeuMF,2011,2011-12-31,111678,6643,2,0.999972939491272
NeuMF,2011,2011-12-31,111678,922,3,0.999956488609314
NeuMF,2011,2011-12-31,111678,5147,4,0.9999241828918457
NeuMF,2011,2011-12-31,111678,931,5,0.9998962879180908
NeuMF,2011,2011-12-31,111678,6530,6,0.9998904466629028
NeuMF,2011,2011-12-31,111678,1248,7,0.9998739957809448
NeuMF,2011,2011-12-31,111678,5114,8,0.9998611211776733
NeuMF,2011,2011-12-31,111678,2726,9,0.9998458623886108
NeuMF,2011,2011-12-31,111678,4914,10,0.999829888343811
NeuMF,2011,2011-12-31,111765,1321,1,0.9992541670799255
NeuMF,2011,2011-12-31,111765,4754,2,0.9991130232810974
NeuMF,2011,2011-12-31,111765,2160,3,0.9989081621170044
NeuMF,2011,2011-12-31,111765,7387,4,0.9986374974250793
NeuMF,2011,2011-12-31,111765,5602,5,0.9985913634300232
NeuMF,2011,2011-12-31,111765,1214,6,0.998252809047699
NeuMF,2011,2011-12-31,111765,2288,7,0.9980033040046692
NeuMF,2011,2011-12-31,111765,1343,8,0.9977157115936279
NeuMF,2011,2011-12-31,111765,1304,9,0.9971672892570496
NeuMF,2011,2011-12-31,111765,6650,10,0.9970801472663879
NeuMF,2011,2011-12-31,112246,78499,1,0.9998310804367065
NeuMF,2011,2011-12-31,112246,55290,2,0.9996892213821411
NeuMF,2011,2011-12-31,112246,54997,3,0.9994024038314819
NeuMF,2011,2011-12-31,112246,52973,4,0.9993231296539307
NeuMF,2011,2011-12-31,112246,72641,5,0.9992103576660156
NeuMF,2011,2011-12-31,112246,51935,6,0.999038815498352
NeuMF,2011,2011-12-31,112246,48738,7,0.9986600875854492
NeuMF,2011,2011-12-31,112246,33166,8,0.9985882639884949
NeuMF,2011,2011-12-31,112246,56782,9,0.9985878467559814
NeuMF,2011,2011-12-31,112246,30707,10,0.9985578656196594
NeuMF,2011,2011-12-31,112310,57504,1,0.9997572302818298
NeuMF,2011,2011-12-31,112310,61240,2,0.999685525894165
NeuMF,2011,2011-12-31,112310,66097,3,0.9995680451393127
NeuMF,2011,2011-12-31,112310,63072,4,0.9995513558387756
NeuMF,2011,2011-12-31,112310,5608,5,0.9992417097091675
NeuMF,2011,2011-12-31,112310,55247,6,0.9992250204086304
NeuMF,2011,2011-12-31,112310,29,7,0.9991717338562012
NeuMF,2011,2011-12-31,112310,66785,8,0.9989718198776245
NeuMF,2011,2011-12-31,112310,27904,9,0.9985112547874451
NeuMF,2011,2011-12-31,112310,8014,10,0.9982969164848328
NeuMF,2011,2011-12-31,112483,58559,1,0.9999634027481079
NeuMF,2011,2011-12-31,112483,68157,2,0.999932050704956
NeuMF,2011,2011-12-31,112483,51662,3,0.9999085664749146
NeuMF,2011,2011-12-31,112483,519,4,0.9998472929000854
NeuMF,2011,2011-12-31,112483,59315,5,0.9998449087142944
NeuMF,2011,2011-12-31,112483,52319,6,0.9997137188911438
NeuMF,2011,2011-12-31,112483,2389,7,0.9994500279426575
NeuMF,2011,2011-12-31,112483,2701,8,0.9994019269943237
NeuMF,2011,2011-12-31,112483,48516,9,0.9993799924850464
NeuMF,2011,2011-12-31,112483,2959,10,0.999212384223938
NeuMF,2011,2011-12-31,113093,3100,1,0.9986447691917419
NeuMF,2011,2011-12-31,113093,3468,2,0.9977725148200989
NeuMF,2011,2011-12-31,113093,318,3,0.9976359605789185
NeuMF,2011,2011-12-31,113093,1694,4,0.9975231289863586
NeuMF,2011,2011-12-31,113093,3683,5,0.997037410736084
NeuMF,2011,2011-12-31,113093,1945,6,0.9962854385375977
NeuMF,2011,2011-12-31,113093,43396,7,0.9954853653907776
NeuMF,2011,2011-12-31,113093,954,8,0.9947317838668823
NeuMF,2011,2011-12-31,113093,1104,9,0.9946777820587158
NeuMF,2011,2011-12-31,113093,3135,10,0.99434494972229
NeuMF,2011,2011-12-31,113163,3681,1,0.9998962879180908
NeuMF,2011,2011-12-31,113163,59315,2,0.9998898506164551
NeuMF,2011,2011-12-31,113163,44191,3,0.9998887777328491
NeuMF,2011,2011-12-31,113163,36529,4,0.9998800754547119
NeuMF,2011,2011-12-31,113163,1209,5,0.9998786449432373
NeuMF,2011,2011-12-31,113163,49272,6,0.999761164188385
NeuMF,2011,2011-12-31,113163,57640,7,0.9997548460960388
NeuMF,2011,2011-12-31,113163,54999,8,0.9997498393058777
NeuMF,2011,2011-12-31,113163,60069,9,0.9997318387031555
NeuMF,2011,2011-12-31,113163,38061,10,0.9996743202209473
NeuMF,2011,2011-12-31,113165,59715,1,0.9996974468231201
NeuMF,2011,2011-12-31,113165,74685,2,0.9996246099472046
NeuMF,2011,2011-12-31,113165,8886,3,0.9991777539253235
NeuMF,2011,2011-12-31,113165,4142,4,0.9985355138778687
NeuMF,2011,2011-12-31,113165,82095,5,0.9962055683135986
NeuMF,2011,2011-12-31,113165,5146,6,0.99616938829422
NeuMF,2011,2011-12-31,113165,2723,7,0.9943642616271973
NeuMF,2011,2011-12-31,113165,4754,8,0.9939382076263428
NeuMF,2011,2011-12-31,113165,8896,9,0.9928816556930542
NeuMF,2011,2011-12-31,113165,6610,10,0.9895747303962708
NeuMF,2011,2011-12-31,113521,49272,1,0.9994540810585022
NeuMF,2011,2011-12-31,113521,48780,2,0.9991808533668518
NeuMF,2011,2011-12-31,113521,5219,3,0.9988687634468079
NeuMF,2011,2011-12-31,113521,33794,4,0.9985748529434204
NeuMF,2011,2011-12-31,113521,6502,5,0.9984484910964966
NeuMF,2011,2011-12-31,113521,7438,6,0.9983471632003784
NeuMF,2011,2011-12-31,113521,54286,7,0.9981203675270081
NeuMF,2011,2011-12-31,113521,8207,8,0.9980779886245728
NeuMF,2011,2011-12-31,113521,44199,9,0.9979897737503052
NeuMF,2011,2011-12-31,113521,32587,10,0.9979854822158813
NeuMF,2011,2011-12-31,113844,5971,1,0.9996726512908936
NeuMF,2011,2011-12-31,113844,5690,2,0.9996482133865356
NeuMF,2011,2011-12-31,113844,2083,3,0.9995150566101074
NeuMF,2011,2011-12-31,113844,40815,4,0.999321460723877
NeuMF,2011,2011-12-31,113844,26776,5,0.9993108510971069
NeuMF,2011,2011-12-31,113844,1197,6,0.9992849230766296
NeuMF,2011,2011-12-31,113844,2140,7,0.9990895986557007
NeuMF,2011,2011-12-31,113844,3396,8,0.9989928603172302
NeuMF,2011,2011-12-31,113844,60069,9,0.9989000558853149
NeuMF,2011,2011-12-31,113844,54001,10,0.9988491535186768
NeuMF,2011,2011-12-31,113884,45447,1,0.99936443567276
NeuMF,2011,2011-12-31,113884,7153,2,0.9993033409118652
NeuMF,2011,2011-12-31,113884,42632,3,0.9991328120231628
NeuMF,2011,2011-12-31,113884,33794,4,0.9988542795181274
NeuMF,2011,2011-12-31,113884,4886,5,0.9986746311187744
NeuMF,2011,2011-12-31,113884,27397,6,0.9986082911491394
NeuMF,2011,2011-12-31,113884,38038,7,0.9983274340629578
NeuMF,2011,2011-12-31,113884,48385,8,0.9981855750083923
NeuMF,2011,2011-12-31,113884,45722,9,0.9976153373718262
NeuMF,2011,2011-12-31,113884,2843,10,0.9975658655166626
NeuMF,2011,2011-12-31,114029,3882,1,0.9991505146026611
NeuMF,2011,2011-12-31,114029,2089,2,0.998985230922699
NeuMF,2011,2011-12-31,114029,51255,3,0.9989418387413025
NeuMF,2011,2011-12-31,114029,7161,4,0.9987103939056396
NeuMF,2011,2011-12-31,114029,54190,5,0.9978431463241577
NeuMF,2011,2011-12-31,114029,4718,6,0.997366726398468
NeuMF,2011,2011-12-31,114029,68554,7,0.9965117573738098
NeuMF,2011,2011-12-31,114029,158,8,0.9964709281921387
NeuMF,2011,2011-12-31,114029,6218,9,0.9957410097122192
NeuMF,2011,2011-12-31,114029,31685,10,0.995470404624939
NeuMF,2011,2011-12-31,114227,51575,1,0.9999798536300659
NeuMF,2011,2011-12-31,114227,62265,2,0.9999701976776123
NeuMF,2011,2011-12-31,114227,4823,3,0.9999469518661499
NeuMF,2011,2011-12-31,114227,4381,4,0.9999350309371948
NeuMF,2011,2011-12-31,114227,54780,5,0.9998879432678223
NeuMF,2011,2011-12-31,114227,4025,6,0.9997360110282898
NeuMF,2011,2011-12-31,114227,55451,7,0.999725878238678
NeuMF,2011,2011-12-31,114227,66203,8,0.9996634721755981
NeuMF,2011,2011-12-31,114227,58154,9,0.9995013475418091
NeuMF,2011,2011-12-31,114227,2942,10,0.999495267868042
NeuMF,2011,2011-12-31,114569,33154,1,0.9991632699966431
NeuMF,2011,2011-12-31,114569,59810,2,0.999140739440918
NeuMF,2011,2011-12-31,114569,71520,3,0.9990923404693604
NeuMF,2011,2011-12-31,114569,1213,4,0.9990456700325012
NeuMF,2011,2011-12-31,114569,4963,5,0.9986878037452698
NeuMF,2011,2011-12-31,114569,76251,6,0.9981898665428162
NeuMF,2011,2011-12-31,114569,49530,7,0.9981867671012878
NeuMF,2011,2011-12-31,114569,7254,8,0.9981352090835571
NeuMF,2011,2011-12-31,114569,1704,9,0.9980952143669128
NeuMF,2011,2011-12-31,114569,1653,10,0.9980910420417786
NeuMF,2011,2011-12-31,114932,1242,1,0.9980852603912354
NeuMF,2011,2011-12-31,114932,4246,2,0.9980282187461853
NeuMF,2011,2011-12-31,114932,3114,3,0.9977881908416748
NeuMF,2011,2011-12-31,114932,494,4,0.997666597366333
NeuMF,2011,2011-12-31,114932,7348,5,0.9969117045402527
NeuMF,2011,2011-12-31,114932,4029,6,0.9967353940010071
NeuMF,2011,2011-12-31,114932,1393,7,0.9965347051620483
NeuMF,2011,2011-12-31,114932,5479,8,0.9961144924163818
NeuMF,2011,2011-12-31,114932,5222,9,0.9958303570747375
NeuMF,2011,2011-12-31,114932,112,10,0.9957377910614014
NeuMF,2011,2011-12-31,115178,7367,1,0.9992233514785767
NeuMF,2011,2011-12-31,115178,41997,2,0.9984241724014282
NeuMF,2011,2011-12-31,115178,7438,3,0.9981696605682373
NeuMF,2011,2011-12-31,115178,30810,4,0.9979599714279175
NeuMF,2011,2011-12-31,115178,6708,5,0.9977828860282898
NeuMF,2011,2011-12-31,115178,7419,6,0.997742772102356
NeuMF,2011,2011-12-31,115178,6787,7,0.9976388216018677
NeuMF,2011,2011-12-31,115178,6874,8,0.9975754618644714
NeuMF,2011,2011-12-31,115178,2717,9,0.9971272349357605
NeuMF,2011,2011-12-31,115178,5673,10,0.9968875050544739
NeuMF,2011,2011-12-31,115222,4149,1,0.9997208714485168
NeuMF,2011,2011-12-31,115222,4016,2,0.999297022819519
NeuMF,2011,2011-12-31,115222,58998,3,0.9991536140441895
NeuMF,2011,2011-12-31,115222,58295,4,0.9990947246551514
NeuMF,2011,2011-12-31,115222,2797,5,0.9990572333335876
NeuMF,2011,2011-12-31,115222,2296,6,0.9990528225898743
NeuMF,2011,2011-12-31,115222,3751,7,0.999029278755188
NeuMF,2011,2011-12-31,115222,64969,8,0.9989564418792725
NeuMF,2011,2011-12-31,115222,6887,9,0.9988800883293152
NeuMF,2011,2011-12-31,115222,1954,10,0.998400866985321
NeuMF,2011,2011-12-31,115250,5299,1,0.9990218877792358
NeuMF,2011,2011-12-31,115250,6218,2,0.9989005327224731
NeuMF,2011,2011-12-31,115250,1234,3,0.9988870024681091
NeuMF,2011,2011-12-31,115250,1207,4,0.9986156225204468
NeuMF,2011,2011-12-31,115250,2565,5,0.99839848279953
NeuMF,2011,2011-12-31,115250,5459,6,0.9978815913200378
NeuMF,2011,2011-12-31,115250,5064,7,0.997590184211731
NeuMF,2011,2011-12-31,115250,8644,8,0.9969338178634644
NeuMF,2011,2011-12-31,115250,1278,9,0.996929943561554
NeuMF,2011,2011-12-31,115250,5800,10,0.9967702627182007
NeuMF,2011,2011-12-31,115421,63033,1,0.9998701810836792
NeuMF,2011,2011-12-31,115421,64957,2,0.9995110034942627
NeuMF,2011,2011-12-31,115421,42718,3,0.9992662072181702
NeuMF,2011,2011-12-31,115421,53318,4,0.999115526676178
NeuMF,2011,2011-12-31,115421,67193,5,0.9982849955558777
NeuMF,2011,2011-12-31,115421,8860,6,0.9982330799102783
NeuMF,2011,2011-12-31,115421,6378,7,0.9981531500816345
NeuMF,2011,2011-12-31,115421,27801,8,0.9980192184448242
NeuMF,2011,2011-12-31,115421,293,9,0.9978392720222473
NeuMF,2011,2011-12-31,115421,54999,10,0.9974103569984436
NeuMF,2011,2011-12-31,115537,78499,1,0.9999979734420776
NeuMF,2011,2011-12-31,115537,72641,2,0.9999923706054688
NeuMF,2011,2011-12-31,115537,68157,3,0.9999897480010986
NeuMF,2011,2011-12-31,115537,60069,4,0.9999768733978271
NeuMF,2011,2011-12-31,115537,69757,5,0.9999734163284302
NeuMF,2011,2011-12-31,115537,67087,6,0.9999712705612183
NeuMF,2011,2011-12-31,115537,69844,7,0.9999538660049438
NeuMF,2011,2011-12-31,115537,69122,8,0.9999479055404663
NeuMF,2011,2011-12-31,115537,70286,9,0.9999444484710693
NeuMF,2011,2011-12-31,115537,62999,10,0.9999423027038574
NeuMF,2011,2011-12-31,115635,62434,1,0.9997579455375671
NeuMF,2011,2011-12-31,115635,74851,2,0.9993057250976562
NeuMF,2011,2011-12-31,115635,59369,3,0.9991046786308289
NeuMF,2011,2011-12-31,115635,58998,4,0.9989383816719055
NeuMF,2011,2011-12-31,115635,2167,5,0.9986633062362671
NeuMF,2011,2011-12-31,115635,4015,6,0.997760534286499
NeuMF,2011,2011-12-31,115635,64957,7,0.9976165294647217
NeuMF,2011,2011-12-31,115635,3624,8,0.9975966811180115
NeuMF,2011,2011-12-31,115635,673,9,0.9975506663322449
NeuMF,2011,2011-12-31,115635,60040,10,0.9975082874298096
NeuMF,2011,2011-12-31,115753,838,1,0.9993632435798645
NeuMF,2011,2011-12-31,115753,647,2,0.9992114305496216
NeuMF,2011,2011-12-31,115753,852,3,0.9988164901733398
NeuMF,2011,2011-12-31,115753,969,4,0.9986579418182373
NeuMF,2011,2011-12-31,115753,468,5,0.9980875849723816
NeuMF,2011,2011-12-31,115753,2501,6,0.9979350566864014
NeuMF,2011,2011-12-31,115753,914,7,0.9975505471229553
NeuMF,2011,2011-12-31,115753,954,8,0.9972475171089172
NeuMF,2011,2011-12-31,115753,912,9,0.9969154596328735
NeuMF,2011,2011-12-31,115753,1957,10,0.9965807795524597
NeuMF,2011,2011-12-31,115787,534,1,0.9982934594154358
NeuMF,2011,2011-12-31,115787,351,2,0.9956127405166626
NeuMF,2011,2011-12-31,115787,1488,3,0.9955109357833862
NeuMF,2011,2011-12-31,115787,494,4,0.995341420173645
NeuMF,2011,2011-12-31,115787,605,5,0.9934735894203186
NeuMF,2011,2011-12-31,115787,227,6,0.993145227432251
NeuMF,2011,2011-12-31,115787,612,7,0.9926704168319702
NeuMF,2011,2011-12-31,115787,3969,8,0.9925283193588257
NeuMF,2011,2011-12-31,115787,2312,9,0.9922876358032227
NeuMF,2011,2011-12-31,115787,1042,10,0.990797758102417
NeuMF,2011,2011-12-31,115938,1969,1,0.9970791339874268
NeuMF,2011,2011-12-31,115938,3107,2,0.9924119114875793
NeuMF,2011,2011-12-31,115938,3015,3,0.9918755292892456
NeuMF,2011,2011-12-31,115938,370,4,0.9918355941772461
NeuMF,2011,2011-12-31,115938,6001,5,0.9918171763420105
NeuMF,2011,2011-12-31,115938,5553,6,0.9913280606269836
NeuMF,2011,2011-12-31,115938,480,7,0.9912472367286682
NeuMF,2011,2011-12-31,115938,3827,8,0.9906936287879944
NeuMF,2011,2011-12-31,115938,64983,9,0.990266740322113
NeuMF,2011,2011-12-31,115938,3066,10,0.9902104139328003
NeuMF,2011,2011-12-31,116218,778,1,0.9991293549537659
NeuMF,2011,2011-12-31,116218,2959,2,0.9990473389625549
NeuMF,2011,2011-12-31,116218,223,3,0.9986639022827148
NeuMF,2011,2011-12-31,116218,1213,4,0.9985542893409729
NeuMF,2011,2011-12-31,116218,61024,5,0.9985232949256897
NeuMF,2011,2011-12-31,116218,54503,6,0.9977813363075256
NeuMF,2011,2011-12-31,116218,50,7,0.9970667958259583
NeuMF,2011,2011-12-31,116218,2329,8,0.9959988594055176
NeuMF,2011,2011-12-31,116218,318,9,0.9959543943405151
NeuMF,2011,2011-12-31,116218,1517,10,0.9957465529441833
NeuMF,2011,2011-12-31,116226,2908,1,0.999498724937439
NeuMF,2011,2011-12-31,116226,1883,2,0.9982598423957825
NeuMF,2011,2011-12-31,116226,1711,3,0.9982567429542542
NeuMF,2011,2011-12-31,116226,6867,4,0.9978904128074646
NeuMF,2011,2011-12-31,116226,3105,5,0.9972411394119263
NeuMF,2011,2011-12-31,116226,144,6,0.9972066283226013
NeuMF,2011,2011-12-31,116226,194,7,0.997204601764679
NeuMF,2011,2011-12-31,116226,46578,8,0.9969584941864014
NeuMF,2011,2011-12-31,116226,2124,9,0.9968554973602295
NeuMF,2011,2011-12-31,116226,3868,10,0.9964714050292969
NeuMF,2011,2011-12-31,116424,6373,1,0.9990419745445251
NeuMF,2011,2011-12-31,116424,3717,2,0.9989239573478699
NeuMF,2011,2011-12-31,116424,6539,3,0.9985015392303467
NeuMF,2011,2011-12-31,116424,8984,4,0.9984512329101562
NeuMF,2011,2011-12-31,116424,3623,5,0.9983755350112915
NeuMF,2011,2011-12-31,116424,2012,6,0.9983201622962952
NeuMF,2011,2011-12-31,116424,2011,7,0.9981926083564758
NeuMF,2011,2011-12-31,116424,1717,8,0.9981294274330139
NeuMF,2011,2011-12-31,116424,2115,9,0.9969467520713806
NeuMF,2011,2011-12-31,116424,70,10,0.9967610239982605
NeuMF,2011,2011-12-31,116437,1258,1,0.9997703433036804
NeuMF,2011,2011-12-31,116437,920,2,0.9985548853874207
NeuMF,2011,2011-12-31,116437,593,3,0.9984885454177856
NeuMF,2011,2011-12-31,116437,1214,4,0.9983940720558167
NeuMF,2011,2011-12-31,116437,1097,5,0.9982206225395203
NeuMF,2011,2011-12-31,116437,2011,6,0.9981285929679871
NeuMF,2011,2011-12-31,116437,924,7,0.9980984330177307
NeuMF,2011,2011-12-31,116437,1193,8,0.997704803943634
NeuMF,2011,2011-12-31,116437,1270,9,0.9976115226745605
NeuMF,2011,2011-12-31,116437,1240,10,0.9974960684776306
NeuMF,2011,2011-12-31,116678,2513,1,0.9999183416366577
NeuMF,2011,2011-12-31,116678,8132,2,0.999849796295166
NeuMF,2011,2011-12-31,116678,1347,3,0.9998260140419006
NeuMF,2011,2011-12-31,116678,839,4,0.9992392063140869
NeuMF,2011,2011-12-31,116678,288,5,0.9991793036460876
NeuMF,2011,2011-12-31,116678,51662,6,0.9991315007209778
NeuMF,2011,2011-12-31,116678,8815,7,0.9990461468696594
NeuMF,2011,2011-12-31,116678,55765,8,0.9989308714866638
NeuMF,2011,2011-12-31,116678,1061,9,0.9987228512763977
NeuMF,2011,2011-12-31,116678,1339,10,0.9985587000846863
NeuMF,2011,2011-12-31,116907,6797,1,0.9941283464431763
NeuMF,2011,2011-12-31,116907,3614,2,0.9936787486076355
NeuMF,2011,2011-12-31,116907,26133,3,0.9934321641921997
NeuMF,2011,2011-12-31,116907,55814,4,0.9924600720405579
NeuMF,2011,2011-12-31,116907,41566,5,0.9917436242103577
NeuMF,2011,2011-12-31,116907,2090,6,0.9913972616195679
NeuMF,2011,2011-12-31,116907,2846,7,0.9910064339637756
NeuMF,2011,2011-12-31,116907,2126,8,0.9904173612594604
NeuMF,2011,2011-12-31,116907,46723,9,0.9891031980514526
NeuMF,2011,2011-12-31,116907,1023,10,0.988128125667572
NeuMF,2011,2011-12-31,117046,2505,1,0.999415397644043
NeuMF,2011,2011-12-31,117046,2126,2,0.9990344047546387
NeuMF,2011,2011-12-31,117046,2421,3,0.9984337687492371
NeuMF,2011,2011-12-31,117046,79,4,0.9962360262870789
NeuMF,2011,2011-12-31,117046,4124,5,0.9946921467781067
NeuMF,2011,2011-12-31,117046,2389,6,0.9946609139442444
NeuMF,2011,2011-12-31,117046,1687,7,0.9939404726028442
NeuMF,2011,2011-12-31,117046,694,8,0.9931607246398926
NeuMF,2011,2011-12-31,117046,1892,9,0.9922192096710205
NeuMF,2011,2011-12-31,117046,3005,10,0.9890563488006592
NeuMF,2011,2011-12-31,117160,57669,1,0.9999940395355225
NeuMF,2011,2011-12-31,117160,53318,2,0.9999758005142212
NeuMF,2011,2011-12-31,117160,59315,3,0.9999663829803467
NeuMF,2011,2011-12-31,117160,58559,4,0.9999029636383057
NeuMF,2011,2011-12-31,117160,68941,5,0.9998407363891602
NeuMF,2011,2011-12-31,117160,48516,6,0.9998339414596558
NeuMF,2011,2011-12-31,117160,49530,7,0.9998112320899963
NeuMF,2011,2011-12-31,117160,54997,8,0.9997918009757996
NeuMF,2011,2011-12-31,117160,33646,9,0.999782383441925
NeuMF,2011,2011-12-31,117160,58162,10,0.9997579455375671
NeuMF,2011,2011-12-31,117201,5995,1,0.9993219375610352
NeuMF,2011,2011-12-31,117201,7153,2,0.9992960691452026
NeuMF,2011,2011-12-31,117201,44709,3,0.9992678761482239
NeuMF,2011,2011-12-31,117201,45928,4,0.9990887641906738
NeuMF,2011,2011-12-31,117201,6235,5,0.9988790154457092
NeuMF,2011,2011-12-31,117201,7151,6,0.998761773109436
NeuMF,2011,2011-12-31,117201,47629,7,0.9986603260040283
NeuMF,2011,2011-12-31,117201,7018,8,0.9986306428909302
NeuMF,2011,2011-12-31,117201,37741,9,0.9985851049423218
NeuMF,2011,2011-12-31,117201,6377,10,0.9985465407371521
NeuMF,2011,2011-12-31,117297,1748,1,0.9984526634216309
NeuMF,2011,2011-12-31,117297,2991,2,0.9983263611793518
NeuMF,2011,2011-12-31,117297,4367,3,0.9979793429374695
NeuMF,2011,2011-12-31,117297,1031,4,0.9978827834129333
NeuMF,2011,2011-12-31,117297,2803,5,0.9977461695671082
NeuMF,2011,2011-12-31,117297,951,6,0.9971917271614075
NeuMF,2011,2011-12-31,117297,170,7,0.9969633221626282
NeuMF,2011,2011-12-31,117297,163,8,0.9967790246009827
NeuMF,2011,2011-12-31,117297,3267,9,0.9966596364974976
NeuMF,2011,2011-12-31,117297,901,10,0.9963709115982056
NeuMF,2011,2011-12-31,117678,1702,1,0.9988131523132324
NeuMF,2011,2011-12-31,117678,5459,2,0.998672366142273
NeuMF,2011,2011-12-31,117678,2394,3,0.9985197186470032
NeuMF,2011,2011-12-31,117678,4980,4,0.998297393321991
NeuMF,2011,2011-12-31,117678,4025,5,0.9980042576789856
NeuMF,2011,2011-12-31,117678,2,6,0.9979119896888733
NeuMF,2011,2011-12-31,117678,4310,7,0.9977700710296631
NeuMF,2011,2011-12-31,117678,68954,8,0.9972755312919617
NeuMF,2011,2011-12-31,117678,63082,9,0.996912956237793
NeuMF,2011,2011-12-31,117678,1920,10,0.9967995882034302
NeuMF,2011,2011-12-31,117801,3429,1,0.9996507167816162
NeuMF,2011,2011-12-31,117801,2788,2,0.9989814162254333
NeuMF,2011,2011-12-31,117801,50872,3,0.9985093474388123
NeuMF,2011,2011-12-31,117801,54259,4,0.9984097480773926
NeuMF,2011,2011-12-31,117801,5618,5,0.9983674883842468
NeuMF,2011,2011-12-31,117801,1175,6,0.9983081817626953
NeuMF,2011,2011-12-31,117801,6791,7,0.9981493949890137
NeuMF,2011,2011-12-31,117801,6552,8,0.9980961680412292
NeuMF,2011,2011-12-31,117801,66097,9,0.9978654980659485
NeuMF,2011,2011-12-31,117801,7323,10,0.9978582262992859
NeuMF,2011,2011-12-31,117851,5464,1,0.9957343935966492
NeuMF,2011,2011-12-31,117851,4370,2,0.9955677390098572
NeuMF,2011,2011-12-31,117851,5669,3,0.9947740435600281
NeuMF,2011,2011-12-31,117851,2858,4,0.9942860007286072
NeuMF,2011,2011-12-31,117851,1729,5,0.9941555261611938
NeuMF,2011,2011-12-31,117851,2916,6,0.9939004182815552
NeuMF,2011,2011-12-31,117851,541,7,0.9937396049499512
NeuMF,2011,2011-12-31,117851,2455,8,0.9935498833656311
NeuMF,2011,2011-12-31,117851,2712,9,0.9931271076202393
NeuMF,2011,2011-12-31,117851,111,10,0.9930423498153687
NeuMF,2011,2011-12-31,117866,4795,1,0.9999796152114868
NeuMF,2011,2011-12-31,117866,916,2,0.9998645782470703
NeuMF,2011,2011-12-31,117866,46850,3,0.9997853636741638
NeuMF,2011,2011-12-31,117866,33649,4,0.9997531771659851
NeuMF,2011,2011-12-31,117866,3097,5,0.9997414946556091
NeuMF,2011,2011-12-31,117866,7082,6,0.9997283816337585
NeuMF,2011,2011-12-31,117866,6183,7,0.9996392726898193
NeuMF,2011,2011-12-31,117866,25850,8,0.9995013475418091
NeuMF,2011,2011-12-31,117866,4969,9,0.9994907379150391
NeuMF,2011,2011-12-31,117866,8695,10,0.9993889331817627
NeuMF,2011,2011-12-31,118005,46578,1,0.9999396800994873
NeuMF,2011,2011-12-31,118005,1395,2,0.9997057318687439
NeuMF,2011,2011-12-31,118005,6867,3,0.999686598777771
NeuMF,2011,2011-12-31,118005,1225,4,0.9996464252471924
NeuMF,2011,2011-12-31,118005,2150,5,0.9994220733642578
NeuMF,2011,2011-12-31,118005,2352,6,0.9994102716445923
NeuMF,2011,2011-12-31,118005,40819,7,0.9994088411331177
NeuMF,2011,2011-12-31,118005,1079,8,0.9993925094604492
NeuMF,2011,2011-12-31,118005,44195,9,0.9991180300712585
NeuMF,2011,2011-12-31,118005,1292,10,0.9990845918655396
NeuMF,2011,2011-12-31,118230,1037,1,0.9994982481002808
NeuMF,2011,2011-12-31,118230,420,2,0.9994235038757324
NeuMF,2011,2011-12-31,118230,849,3,0.9993640780448914
NeuMF,2011,2011-12-31,118230,674,4,0.9990965127944946
NeuMF,2011,2011-12-31,118230,1129,5,0.999030351638794
NeuMF,2011,2011-12-31,118230,4874,6,0.9982811212539673
NeuMF,2011,2011-12-31,118230,4553,7,0.9972075819969177
NeuMF,2011,2011-12-31,118230,748,8,0.9970500469207764
NeuMF,2011,2011-12-31,118230,5445,9,0.9962682127952576
NeuMF,2011,2011-12-31,118230,4848,10,0.9962571859359741
NeuMF,2011,2011-12-31,118435,72641,1,0.9997773766517639
NeuMF,2011,2011-12-31,118435,4862,2,0.9988565444946289
NeuMF,2011,2011-12-31,118435,60069,3,0.9987615346908569
NeuMF,2011,2011-12-31,118435,58998,4,0.9984632730484009
NeuMF,2011,2011-12-31,118435,1380,5,0.9982171654701233
NeuMF,2011,2011-12-31,118435,65465,6,0.998189389705658
NeuMF,2011,2011-12-31,118435,8533,7,0.9980650544166565
NeuMF,2011,2011-12-31,118435,71282,8,0.9977409839630127
NeuMF,2011,2011-12-31,118435,54190,9,0.997601330280304
NeuMF,2011,2011-12-31,118435,53123,10,0.9967331886291504
NeuMF,2011,2011-12-31,118495,4267,1,0.9998481273651123
NeuMF,2011,2011-12-31,118495,54796,2,0.9996635913848877
NeuMF,2011,2011-12-31,118495,5049,3,0.9994452595710754
NeuMF,2011,2011-12-31,118495,67665,4,0.998906135559082
NeuMF,2011,2011-12-31,118495,51127,5,0.9987921118736267
NeuMF,2011,2011-12-31,118495,4961,6,0.9985768795013428
NeuMF,2011,2011-12-31,118495,6893,7,0.9984925985336304
NeuMF,2011,2011-12-31,118495,71518,8,0.9984374642372131
NeuMF,2011,2011-12-31,118495,6104,9,0.9983177185058594
NeuMF,2011,2011-12-31,118495,6709,10,0.9982459545135498
NeuMF,2011,2011-12-31,118756,55118,1,0.9997112154960632
NeuMF,2011,2011-12-31,118756,7327,2,0.9997069239616394
NeuMF,2011,2011-12-31,118756,3949,3,0.9996575117111206
NeuMF,2011,2011-12-31,118756,7044,4,0.999548614025116
NeuMF,2011,2011-12-31,118756,3741,5,0.9993698000907898
NeuMF,2011,2011-12-31,118756,2579,6,0.9991876482963562
NeuMF,2011,2011-12-31,118756,2843,7,0.9991557598114014
NeuMF,2011,2011-12-31,118756,5954,8,0.9991000890731812
NeuMF,2011,2011-12-31,118756,6953,9,0.9990197420120239
NeuMF,2011,2011-12-31,118756,3683,10,0.9988139867782593
NeuMF,2011,2011-12-31,118852,33794,1,0.9996647834777832
NeuMF,2011,2011-12-31,118852,31696,2,0.9985413551330566
NeuMF,2011,2011-12-31,118852,3354,3,0.997930645942688
NeuMF,2011,2011-12-31,118852,2826,4,0.9976892471313477
NeuMF,2011,2011-12-31,118852,55820,5,0.99724280834198
NeuMF,2011,2011-12-31,118852,63062,6,0.9967932105064392
NeuMF,2011,2011-12-31,118852,1748,7,0.9967244267463684
NeuMF,2011,2011-12-31,118852,31184,8,0.996067225933075
NeuMF,2011,2011-12-31,118852,48997,9,0.9958832263946533
NeuMF,2011,2011-12-31,118852,1590,10,0.9957595467567444
NeuMF,2011,2011-12-31,119100,2403,1,0.9990942478179932
NeuMF,2011,2011-12-31,119100,7445,2,0.9990768432617188
NeuMF,2011,2011-12-31,119100,53972,3,0.9983685612678528
NeuMF,2011,2011-12-31,119100,10,4,0.9983129501342773
NeuMF,2011,2011-12-31,119100,2278,5,0.9981099367141724
NeuMF,2011,2011-12-31,119100,5219,6,0.9980712532997131
NeuMF,2011,2011-12-31,119100,8665,7,0.9978997707366943
NeuMF,2011,2011-12-31,119100,367,8,0.9973694086074829
NeuMF,2011,2011-12-31,119100,33794,9,0.9973612427711487
NeuMF,2011,2011-12-31,119100,2723,10,0.9970691800117493
NeuMF,2011,2011-12-31,119241,6889,1,0.9987530708312988
NeuMF,2011,2011-12-31,119241,4366,2,0.9986109733581543
NeuMF,2011,2011-12-31,119241,79132,3,0.9981542229652405
NeuMF,2011,2011-12-31,119241,55908,4,0.9979307651519775
NeuMF,2011,2011-12-31,119241,7151,5,0.9976219534873962
NeuMF,2011,2011-12-31,119241,2083,6,0.9972327351570129
NeuMF,2011,2011-12-31,119241,2991,7,0.9970640540122986
NeuMF,2011,2011-12-31,119241,2989,8,0.996070384979248
NeuMF,2011,2011-12-31,119241,2600,9,0.9959906935691833
NeuMF,2011,2011-12-31,119241,2990,10,0.9950689077377319
NeuMF,2011,2011-12-31,119269,34319,1,0.9993882179260254
NeuMF,2011,2011-12-31,119269,8981,2,0.9990457892417908
NeuMF,2011,2011-12-31,119269,3949,3,0.9977891445159912
NeuMF,2011,2011-12-31,119269,6870,4,0.9977514147758484
NeuMF,2011,2011-12-31,119269,7361,5,0.9973006844520569
NeuMF,2011,2011-12-31,119269,37733,6,0.9971250891685486
NeuMF,2011,2011-12-31,119269,46578,7,0.9967285394668579
NeuMF,2011,2011-12-31,119269,59018,8,0.9965009689331055
NeuMF,2011,2011-12-31,119269,7153,9,0.9964919686317444
NeuMF,2011,2011-12-31,119269,5952,10,0.9964725375175476
NeuMF,2011,2011-12-31,119365,2083,1,0.9998501539230347
NeuMF,2011,2011-12-31,119365,107,2,0.9994732737541199
NeuMF,2011,2011-12-31,119365,5219,3,0.999276340007782
NeuMF,2011,2011-12-31,119365,43869,4,0.9991893172264099
NeuMF,2011,2011-12-31,119365,1032,5,0.999183714389801
NeuMF,2011,2011-12-31,119365,4090,6,0.9991826415061951
NeuMF,2011,2011-12-31,119365,6889,7,0.9988985061645508
NeuMF,2011,2011-12-31,119365,4519,8,0.9988137483596802
NeuMF,2011,2011-12-31,119365,4367,9,0.9987775683403015
NeuMF,2011,2011-12-31,119365,7380,10,0.9986925721168518
NeuMF,2011,2011-12-31,119583,30803,1,0.9999775886535645
NeuMF,2011,2011-12-31,119583,7099,2,0.9999167919158936
NeuMF,2011,2011-12-31,119583,5690,3,0.9997072815895081
NeuMF,2011,2011-12-31,119583,27700,4,0.999602735042572
NeuMF,2011,2011-12-31,119583,5971,5,0.9994600415229797
NeuMF,2011,2011-12-31,119583,6286,6,0.9991427659988403
NeuMF,2011,2011-12-31,119583,53318,7,0.9987717270851135
NeuMF,2011,2011-12-31,119583,2691,8,0.9987345337867737
NeuMF,2011,2011-12-31,119583,27592,9,0.99868243932724
NeuMF,2011,2011-12-31,119583,68358,10,0.9986242055892944
NeuMF,2011,2011-12-31,119724,72998,1,0.9998620748519897
NeuMF,2011,2011-12-31,119724,58559,2,0.9997782111167908
NeuMF,2011,2011-12-31,119724,69526,3,0.9996826648712158
NeuMF,2011,2011-12-31,119724,68237,4,0.9995071887969971
NeuMF,2011,2011-12-31,119724,59103,5,0.9991747736930847
NeuMF,2011,2011-12-31,119724,33794,6,0.9991094470024109
NeuMF,2011,2011-12-31,119724,37857,7,0.9988746047019958
NeuMF,2011,2011-12-31,119724,2959,8,0.9987843632698059
NeuMF,2011,2011-12-31,119724,55908,9,0.9985612034797668
NeuMF,2011,2011-12-31,119724,4963,10,0.9982073307037354
NeuMF,2011,2011-12-31,120017,2436,1,0.9996868371963501
NeuMF,2011,2011-12-31,120017,1305,2,0.9991090893745422
NeuMF,2011,2011-12-31,120017,2330,3,0.9984776377677917
NeuMF,2011,2011-12-31,120017,2739,4,0.9982333183288574
NeuMF,2011,2011-12-31,120017,2171,5,0.9981398582458496
NeuMF,2011,2011-12-31,120017,1719,6,0.998084545135498
NeuMF,2011,2011-12-31,120017,6380,7,0.9974091649055481
NeuMF,2011,2011-12-31,120017,2069,8,0.9972975850105286
NeuMF,2011,2011-12-31,120017,6867,9,0.9968909621238708
NeuMF,2011,2011-12-31,120017,1234,10,0.9968771934509277
NeuMF,2011,2011-12-31,120048,6350,1,0.9998410940170288
NeuMF,2011,2011-12-31,120048,68954,2,0.9998224377632141
NeuMF,2011,2011-12-31,120048,74789,3,0.99977046251297
NeuMF,2011,2011-12-31,120048,69844,4,0.9997422099113464
NeuMF,2011,2011-12-31,120048,968,5,0.9997413754463196
NeuMF,2011,2011-12-31,120048,1345,6,0.999739944934845
NeuMF,2011,2011-12-31,120048,1982,7,0.9995716214179993
NeuMF,2011,2011-12-31,120048,79132,8,0.9995094537734985
NeuMF,2011,2011-12-31,120048,3676,9,0.9993915557861328
NeuMF,2011,2011-12-31,120048,7387,10,0.999377429485321
NeuMF,2011,2011-12-31,120054,55442,1,0.9998039603233337
NeuMF,2011,2011-12-31,120054,33615,2,0.9995948672294617
NeuMF,2011,2011-12-31,120054,27788,3,0.9994188547134399
NeuMF,2011,2011-12-31,120054,51540,4,0.9993507266044617
NeuMF,2011,2011-12-31,120054,53894,5,0.9989638328552246
NeuMF,2011,2011-12-31,120054,48082,6,0.9986624717712402
NeuMF,2011,2011-12-31,120054,70159,7,0.9984042048454285
NeuMF,2011,2011-12-31,120054,48738,8,0.9983170032501221
NeuMF,2011,2011-12-31,120054,59037,9,0.998145580291748
NeuMF,2011,2011-12-31,120054,71264,10,0.9977226853370667
NeuMF,2011,2011-12-31,120488,4042,1,0.9995546936988831
NeuMF,2011,2011-12-31,120488,6777,2,0.9983000159263611
NeuMF,2011,2011-12-31,120488,1029,3,0.9982500672340393
NeuMF,2011,2011-12-31,120488,1028,4,0.9978830218315125
NeuMF,2011,2011-12-31,120488,2236,5,0.9965864419937134
NeuMF,2011,2011-12-31,120488,5267,6,0.9958180785179138
NeuMF,2011,2011-12-31,120488,3498,7,0.9952943921089172
NeuMF,2011,2011-12-31,120488,4799,8,0.9948087930679321
NeuMF,2011,2011-12-31,120488,3148,9,0.9946893453598022
NeuMF,2011,2011-12-31,120488,8493,10,0.9946324825286865
NeuMF,2011,2011-12-31,120813,6711,1,0.9987902045249939
NeuMF,2011,2011-12-31,120813,5995,2,0.9987442493438721
NeuMF,2011,2011-12-31,120813,5618,3,0.9985052347183228
NeuMF,2011,2011-12-31,120813,6016,4,0.998273491859436
NeuMF,2011,2011-12-31,120813,7438,5,0.9978349804878235
NeuMF,2011,2011-12-31,120813,26662,6,0.9969576597213745
NeuMF,2011,2011-12-31,120813,6787,7,0.9961382746696472
NeuMF,2011,2011-12-31,120813,3462,8,0.995876133441925
NeuMF,2011,2011-12-31,120813,4306,9,0.9958140254020691
NeuMF,2011,2011-12-31,120813,60069,10,0.9956151247024536
NeuMF,2011,2011-12-31,120951,47518,1,0.9998575448989868
NeuMF,2011,2011-12-31,120951,48304,2,0.9989674091339111
NeuMF,2011,2011-12-31,120951,47640,3,0.9986463189125061
NeuMF,2011,2011-12-31,120951,673,4,0.9985485672950745
NeuMF,2011,2011-12-31,120951,54281,5,0.9983585476875305
NeuMF,2011,2011-12-31,120951,3555,6,0.9978470802307129
NeuMF,2011,2011-12-31,120951,362,7,0.9972092509269714
NeuMF,2011,2011-12-31,120951,59369,8,0.9970369338989258
NeuMF,2011,2011-12-31,120951,56788,9,0.9970280528068542
NeuMF,2011,2011-12-31,120951,54001,10,0.996966540813446
NeuMF,2011,2011-12-31,121244,2340,1,0.9998880624771118
NeuMF,2011,2011-12-31,121244,2445,2,0.9993396401405334
NeuMF,2011,2011-12-31,121244,105,3,0.9991390705108643
NeuMF,2011,2011-12-31,121244,1620,4,0.9989809393882751
NeuMF,2011,2011-12-31,121244,1683,5,0.9989585876464844
NeuMF,2011,2011-12-31,121244,3825,6,0.998915433883667
NeuMF,2011,2011-12-31,121244,3285,7,0.9987970590591431
NeuMF,2011,2011-12-31,121244,1092,8,0.9986792206764221
NeuMF,2011,2011-12-31,121244,4310,9,0.9976896047592163
NeuMF,2011,2011-12-31,121244,3553,10,0.9976392984390259
NeuMF,2011,2011-12-31,121293,1032,1,0.9981135129928589
NeuMF,2011,2011-12-31,121293,33162,2,0.9965717792510986
NeuMF,2011,2011-12-31,121293,6539,3,0.9957927465438843
NeuMF,2011,2011-12-31,121293,1196,4,0.9956055283546448
NeuMF,2011,2011-12-31,121293,1208,5,0.995496392250061
NeuMF,2011,2011-12-31,121293,260,6,0.9953458905220032
NeuMF,2011,2011-12-31,121293,709,7,0.9953439831733704
NeuMF,2011,2011-12-31,121293,58559,8,0.9949265718460083
NeuMF,2011,2011-12-31,121293,6753,9,0.9948710203170776
NeuMF,2011,2011-12-31,121293,1566,10,0.9946557283401489
NeuMF,2011,2011-12-31,121376,46972,1,0.9999243021011353
NeuMF,2011,2011-12-31,121376,45517,2,0.9996339082717896
NeuMF,2011,2011-12-31,121376,40339,3,0.9992867112159729
NeuMF,2011,2011-12-31,121376,58295,4,0.9992533326148987
NeuMF,2011,2011-12-31,121376,54787,5,0.9992232322692871
NeuMF,2011,2011-12-31,121376,44022,6,0.999177873134613
NeuMF,2011,2011-12-31,121376,46530,7,0.9991307854652405
NeuMF,2011,2011-12-31,121376,48516,8,0.9990429282188416
NeuMF,2011,2011-12-31,121376,52375,9,0.9990400671958923
NeuMF,2011,2011-12-31,121376,72011,10,0.9987947940826416
NeuMF,2011,2011-12-31,121628,3091,1,0.999906063079834
NeuMF,2011,2011-12-31,121628,52885,2,0.9994415640830994
NeuMF,2011,2011-12-31,121628,3310,3,0.9986037611961365
NeuMF,2011,2011-12-31,121628,2600,4,0.9984683394432068
NeuMF,2011,2011-12-31,121628,27815,5,0.9983364939689636
NeuMF,2011,2011-12-31,121628,2318,6,0.9976938366889954
NeuMF,2011,2011-12-31,121628,2388,7,0.997545063495636
NeuMF,2011,2011-12-31,121628,2455,8,0.9974236488342285
NeuMF,2011,2011-12-31,121628,665,9,0.9974201917648315
NeuMF,2011,2011-12-31,121628,4492,10,0.9972290396690369
NeuMF,2011,2011-12-31,121798,3593,1,0.9999226331710815
NeuMF,2011,2011-12-31,121798,3354,2,0.9998165965080261
NeuMF,2011,2011-12-31,121798,3981,3,0.9996060729026794
NeuMF,2011,2011-12-31,121798,7454,4,0.9993357062339783
NeuMF,2011,2011-12-31,121798,2021,5,0.9992849230766296
NeuMF,2011,2011-12-31,121798,1590,6,0.9991581439971924
NeuMF,2011,2011-12-31,121798,6754,7,0.999064028263092
NeuMF,2011,2011-12-31,121798,181,8,0.9990548491477966
NeuMF,2011,2011-12-31,121798,4367,9,0.9988971948623657
NeuMF,2011,2011-12-31,121798,126,10,0.9988883137702942
NeuMF,2011,2011-12-31,122083,60072,1,0.9999037981033325
NeuMF,2011,2011-12-31,122083,56587,2,0.9998213648796082
NeuMF,2011,2011-12-31,122083,60684,3,0.9998053908348083
NeuMF,2011,2011-12-31,122083,50442,4,0.9996851682662964
NeuMF,2011,2011-12-31,122083,59369,5,0.9996501207351685
NeuMF,2011,2011-12-31,122083,7153,6,0.9996036887168884
NeuMF,2011,2011-12-31,122083,7438,7,0.999517560005188
NeuMF,2011,2011-12-31,122083,57274,8,0.9995015859603882
NeuMF,2011,2011-12-31,122083,49530,9,0.9994643330574036
NeuMF,2011,2011-12-31,122083,51662,10,0.9992058873176575
NeuMF,2011,2011-12-31,122151,64614,1,0.9998027682304382
NeuMF,2011,2011-12-31,122151,57669,2,0.9992740750312805
NeuMF,2011,2011-12-31,122151,45722,3,0.9991341233253479
NeuMF,2011,2011-12-31,122151,51662,4,0.9989911913871765
NeuMF,2011,2011-12-31,122151,64957,5,0.9989448189735413
NeuMF,2011,2011-12-31,122151,33794,6,0.998863697052002
NeuMF,2011,2011-12-31,122151,53125,7,0.9988586902618408
NeuMF,2011,2011-12-31,122151,7022,8,0.9988094568252563
NeuMF,2011,2011-12-31,122151,2329,9,0.9987068176269531
NeuMF,2011,2011-12-31,122151,54286,10,0.9986918568611145
NeuMF,2011,2011-12-31,122437,6333,1,0.9998526573181152
NeuMF,2011,2011-12-31,122437,35836,2,0.9996751546859741
NeuMF,2011,2011-12-31,122437,7153,3,0.9996587038040161
NeuMF,2011,2011-12-31,122437,6373,4,0.9995675683021545
NeuMF,2011,2011-12-31,122437,5349,5,0.9994888305664062
NeuMF,2011,2011-12-31,122437,8636,6,0.9993785619735718
NeuMF,2011,2011-12-31,122437,53972,7,0.9990264177322388
NeuMF,2011,2011-12-31,122437,6377,8,0.9989836812019348
NeuMF,2011,2011-12-31,122437,59315,9,0.9989548921585083
NeuMF,2011,2011-12-31,122437,45722,10,0.998934805393219
NeuMF,2011,2011-12-31,123155,7099,1,0.9998767375946045
NeuMF,2011,2011-12-31,123155,4640,2,0.9996814727783203
NeuMF,2011,2011-12-31,123155,58559,3,0.9996671676635742
NeuMF,2011,2011-12-31,123155,5690,4,0.9994718432426453
NeuMF,2011,2011-12-31,123155,2622,5,0.9993271827697754
NeuMF,2011,2011-12-31,123155,6350,6,0.9991132616996765
NeuMF,2011,2011-12-31,123155,7323,7,0.9990323781967163
NeuMF,2011,2011-12-31,123155,2594,8,0.998900294303894
NeuMF,2011,2011-12-31,123155,59995,9,0.9986552000045776
NeuMF,2011,2011-12-31,123155,2908,10,0.99864262342453
NeuMF,2011,2011-12-31,123182,60069,1,0.9999566078186035
NeuMF,2011,2011-12-31,123182,69844,2,0.9997827410697937
NeuMF,2011,2011-12-31,123182,59315,3,0.999772846698761
NeuMF,2011,2011-12-31,123182,68954,4,0.9996726512908936
NeuMF,2011,2011-12-31,123182,69122,5,0.9995774626731873
NeuMF,2011,2011-12-31,123182,56367,6,0.9995595812797546
NeuMF,2011,2011-12-31,123182,60684,7,0.9995200634002686
NeuMF,2011,2011-12-31,123182,46578,8,0.9995099306106567
NeuMF,2011,2011-12-31,123182,64614,9,0.9994919300079346
NeuMF,2011,2011-12-31,123182,57669,10,0.9994339346885681
NeuMF,2011,2011-12-31,123193,1260,1,0.9998034834861755
NeuMF,2011,2011-12-31,123193,26131,2,0.9990692734718323
NeuMF,2011,2011-12-31,123193,34,3,0.9990050196647644
NeuMF,2011,2011-12-31,123193,1449,4,0.9987542629241943
NeuMF,2011,2011-12-31,123193,33639,5,0.9986287355422974
NeuMF,2011,2011-12-31,123193,27803,6,0.9983711838722229
NeuMF,2011,2011-12-31,123193,34153,7,0.9983250498771667
NeuMF,2011,2011-12-31,123193,2927,8,0.9980552196502686
NeuMF,2011,2011-12-31,123193,898,9,0.9976722598075867
NeuMF,2011,2011-12-31,123193,457,10,0.9973044395446777
NeuMF,2011,2011-12-31,123734,48516,1,0.9981982111930847
NeuMF,2011,2011-12-31,123734,6286,2,0.9971340894699097
NeuMF,2011,2011-12-31,123734,5812,3,0.9971166849136353
NeuMF,2011,2011-12-31,123734,2950,4,0.996995210647583
NeuMF,2011,2011-12-31,123734,6954,5,0.9963169097900391
NeuMF,2011,2011-12-31,123734,6377,6,0.9962998032569885
NeuMF,2011,2011-12-31,123734,1084,7,0.9957700371742249
NeuMF,2011,2011-12-31,123734,5995,8,0.9957618117332458
NeuMF,2011,2011-12-31,123734,4741,9,0.9950681924819946
NeuMF,2011,2011-12-31,123734,4886,10,0.9944023489952087
NeuMF,2011,2011-12-31,123872,58559,1,0.987453818321228
NeuMF,2011,2011-12-31,123872,68954,2,0.9791684746742249
NeuMF,2011,2011-12-31,123872,60069,3,0.9695394039154053
NeuMF,2011,2011-12-31,123872,63082,4,0.9671083688735962
NeuMF,2011,2011-12-31,123872,79132,5,0.9661486744880676
NeuMF,2011,2011-12-31,123872,74458,6,0.9530024528503418
NeuMF,2011,2011-12-31,123872,73017,7,0.9460247755050659
NeuMF,2011,2011-12-31,123872,68157,8,0.9297419786453247
NeuMF,2011,2011-12-31,123872,69757,9,0.9264890551567078
NeuMF,2011,2011-12-31,123872,59315,10,0.8940986394882202
NeuMF,2011,2011-12-31,123983,58303,1,0.9999289512634277
NeuMF,2011,2011-12-31,123983,59995,2,0.9998574256896973
NeuMF,2011,2011-12-31,123983,55269,3,0.9998247027397156
NeuMF,2011,2011-12-31,123983,55247,4,0.9997158646583557
NeuMF,2011,2011-12-31,123983,58803,5,0.9997050166130066
NeuMF,2011,2011-12-31,123983,60766,6,0.9996484518051147
NeuMF,2011,2011-12-31,123983,50514,7,0.9996053576469421
NeuMF,2011,2011-12-31,123983,48997,8,0.9995131492614746
NeuMF,2011,2011-12-31,123983,53519,9,0.9993822574615479
NeuMF,2011,2011-12-31,123983,6954,10,0.9993141889572144
NeuMF,2011,2011-12-31,124035,3094,1,0.9985049962997437
NeuMF,2011,2011-12-31,124035,5054,2,0.9983996748924255
NeuMF,2011,2011-12-31,124035,4558,3,0.9972152709960938
NeuMF,2011,2011-12-31,124035,1268,4,0.9972015619277954
NeuMF,2011,2011-12-31,124035,3701,5,0.9971386194229126
NeuMF,2011,2011-12-31,124035,3476,6,0.9954127669334412
NeuMF,2011,2011-12-31,124035,2553,7,0.9951395988464355
NeuMF,2011,2011-12-31,124035,2550,8,0.9948517680168152
NeuMF,2011,2011-12-31,124035,31694,9,0.9946960210800171
NeuMF,2011,2011-12-31,124035,1341,10,0.9920377731323242
NeuMF,2011,2011-12-31,124042,3150,1,0.9996939897537231
NeuMF,2011,2011-12-31,124042,43376,2,0.999575674533844
NeuMF,2011,2011-12-31,124042,3982,3,0.9995556473731995
NeuMF,2011,2011-12-31,124042,5633,4,0.999518871307373
NeuMF,2011,2011-12-31,124042,4381,5,0.999373733997345
NeuMF,2011,2011-12-31,124042,6927,6,0.9993353486061096
NeuMF,2011,2011-12-31,124042,3179,7,0.9992430210113525
NeuMF,2011,2011-12-31,124042,5380,8,0.9991698265075684
NeuMF,2011,2011-12-31,124042,3906,9,0.9991023540496826
NeuMF,2011,2011-12-31,124042,2609,10,0.9989097118377686
NeuMF,2011,2011-12-31,124053,34336,1,0.9997805953025818
NeuMF,2011,2011-12-31,124053,7323,2,0.9996331930160522
NeuMF,2011,2011-12-31,124053,50162,3,0.9995743632316589
NeuMF,2011,2011-12-31,124053,48696,4,0.999300479888916
NeuMF,2011,2011-12-31,124053,8972,5,0.9988179802894592
NeuMF,2011,2011-12-31,124053,44191,6,0.9985986351966858
NeuMF,2011,2011-12-31,124053,8131,7,0.9983103275299072
NeuMF,2011,2011-12-31,124053,53956,8,0.9982342720031738
NeuMF,2011,2011-12-31,124053,4246,9,0.9981890320777893
NeuMF,2011,2011-12-31,124053,6902,10,0.9981513619422913
NeuMF,2011,2011-12-31,124179,64614,1,0.9997438788414001
NeuMF,2011,2011-12-31,124179,57528,2,0.9995591044425964
NeuMF,2011,2011-12-31,124179,58998,3,0.9995511174201965
NeuMF,2011,2011-12-31,124179,53972,4,0.9992734789848328
NeuMF,2011,2011-12-31,124179,57669,5,0.9992130994796753
NeuMF,2011,2011-12-31,124179,72998,6,0.999018669128418
NeuMF,2011,2011-12-31,124179,79139,7,0.9989193677902222
NeuMF,2011,2011-12-31,124179,52319,8,0.9988831877708435
NeuMF,2011,2011-12-31,124179,77561,9,0.998788058757782
NeuMF,2011,2011-12-31,124179,5574,10,0.9984788298606873
NeuMF,2011,2011-12-31,124199,904,1,0.9995890259742737
NeuMF,2011,2011-12-31,124199,44191,2,0.9990015625953674
NeuMF,2011,2011-12-31,124199,1278,3,0.9989439845085144
NeuMF,2011,2011-12-31,124199,6377,4,0.99888676404953
NeuMF,2011,2011-12-31,124199,909,5,0.9986779093742371
NeuMF,2011,2011-12-31,124199,903,6,0.9986472725868225
NeuMF,2011,2011-12-31,124199,908,7,0.9979832172393799
NeuMF,2011,2011-12-31,124199,910,8,0.9979190230369568
NeuMF,2011,2011-12-31,124199,1617,9,0.9976193308830261
NeuMF,2011,2011-12-31,124199,51255,10,0.997612476348877
NeuMF,2011,2011-12-31,124208,26776,1,0.9998766183853149
NeuMF,2011,2011-12-31,124208,53000,2,0.9997122883796692
NeuMF,2011,2011-12-31,124208,48774,3,0.9996082186698914
NeuMF,2011,2011-12-31,124208,1022,4,0.9995821118354797
NeuMF,2011,2011-12-31,124208,8507,5,0.9994439482688904
NeuMF,2011,2011-12-31,124208,1032,6,0.9993810653686523
NeuMF,2011,2011-12-31,124208,56367,7,0.9992828965187073
NeuMF,2011,2011-12-31,124208,66097,8,0.9991928935050964
NeuMF,2011,2011-12-31,124208,27369,9,0.9991796612739563
NeuMF,2011,2011-12-31,124208,1029,10,0.9991739392280579
NeuMF,2011,2011-12-31,124255,79132,1,0.9997084736824036
NeuMF,2011,2011-12-31,124255,33794,2,0.999293327331543
NeuMF,2011,2011-12-31,124255,44191,3,0.9987896084785461
NeuMF,2011,2011-12-31,124255,1136,4,0.9987824559211731
NeuMF,2011,2011-12-31,124255,54286,5,0.9987733960151672
NeuMF,2011,2011-12-31,124255,40815,6,0.9984306693077087
NeuMF,2011,2011-12-31,124255,1240,7,0.9979656934738159
NeuMF,2011,2011-12-31,124255,69122,8,0.9974955916404724
NeuMF,2011,2011-12-31,124255,35836,9,0.9974918365478516
NeuMF,2011,2011-12-31,124255,7361,10,0.9973092079162598
NeuMF,2011,2011-12-31,124401,49651,1,0.9995778203010559
NeuMF,2011,2011-12-31,124401,45728,2,0.9993670582771301
NeuMF,2011,2011-12-31,124401,55946,3,0.9979748129844666
NeuMF,2011,2011-12-31,124401,8807,4,0.9974371194839478
NeuMF,2011,2011-12-31,124401,2953,5,0.9973213076591492
NeuMF,2011,2011-12-31,124401,8644,6,0.9971705079078674
NeuMF,2011,2011-12-31,124401,40819,7,0.9970642924308777
NeuMF,2011,2011-12-31,124401,33162,8,0.9970629811286926
NeuMF,2011,2011-12-31,124401,7147,9,0.9970241189002991
NeuMF,2011,2011-12-31,124401,49824,10,0.9970155954360962
NeuMF,2011,2011-12-31,124492,923,1,0.9994786381721497
NeuMF,2011,2011-12-31,124492,56782,2,0.9987472295761108
NeuMF,2011,2011-12-31,124492,1291,3,0.9985878467559814
NeuMF,2011,2011-12-31,124492,1466,4,0.9978908896446228
NeuMF,2011,2011-12-31,124492,5618,5,0.9978795051574707
NeuMF,2011,2011-12-31,124492,750,6,0.9977321624755859
NeuMF,2011,2011-12-31,124492,33166,7,0.9976930022239685
NeuMF,2011,2011-12-31,124492,51255,8,0.9975178241729736
NeuMF,2011,2011-12-31,124492,40819,9,0.9972814321517944
NeuMF,2011,2011-12-31,124492,40278,10,0.9970990419387817
NeuMF,2011,2011-12-31,124504,54648,1,0.9998286962509155
NeuMF,2011,2011-12-31,124504,68554,2,0.9997588992118835
NeuMF,2011,2011-12-31,124504,79185,3,0.9997022747993469
NeuMF,2011,2011-12-31,124504,73015,4,0.9994900226593018
NeuMF,2011,2011-12-31,124504,39446,5,0.9991939663887024
NeuMF,2011,2011-12-31,124504,72011,6,0.9989820122718811
NeuMF,2011,2011-12-31,124504,8807,7,0.9989216327667236
NeuMF,2011,2011-12-31,124504,42011,8,0.9987953901290894
NeuMF,2011,2011-12-31,124504,6377,9,0.9986067414283752
NeuMF,2011,2011-12-31,124504,2953,10,0.9985485672950745
NeuMF,2011,2011-12-31,124731,51255,1,0.9992884397506714
NeuMF,2011,2011-12-31,124731,3254,2,0.9992328882217407
NeuMF,2011,2011-12-31,124731,8253,3,0.9982894062995911
NeuMF,2011,2011-12-31,124731,6807,4,0.997565746307373
NeuMF,2011,2011-12-31,124731,2700,5,0.9974853992462158
NeuMF,2011,2011-12-31,124731,26554,6,0.9974195957183838
NeuMF,2011,2011-12-31,124731,8983,7,0.9970036149024963
NeuMF,2011,2011-12-31,124731,2232,8,0.9967924952507019
NeuMF,2011,2011-12-31,124731,53519,9,0.9967820644378662
NeuMF,2011,2011-12-31,124731,58559,10,0.9962130784988403
NeuMF,2011,2011-12-31,124791,8983,1,0.9991927742958069
NeuMF,2011,2011-12-31,124791,44191,2,0.9984177350997925
NeuMF,2011,2011-12-31,124791,519,3,0.998354971408844
NeuMF,2011,2011-12-31,124791,5690,4,0.9976186156272888
NeuMF,2011,2011-12-31,124791,3091,5,0.9975322484970093
NeuMF,2011,2011-12-31,124791,1246,6,0.9969007968902588
NeuMF,2011,2011-12-31,124791,60069,7,0.9966557025909424
NeuMF,2011,2011-12-31,124791,541,8,0.9963809847831726
NeuMF,2011,2011-12-31,124791,7323,9,0.9962636828422546
NeuMF,2011,2011-12-31,124791,2950,10,0.9954702854156494
NeuMF,2011,2011-12-31,124858,33493,1,0.999231219291687
NeuMF,2011,2011-12-31,124858,35836,2,0.9981518387794495
NeuMF,2011,2011-12-31,124858,7979,3,0.9981260895729065
NeuMF,2011,2011-12-31,124858,7153,4,0.9980827569961548
NeuMF,2011,2011-12-31,124858,60069,5,0.9979547262191772
NeuMF,2011,2011-12-31,124858,45728,6,0.9979414343833923
NeuMF,2011,2011-12-31,124858,33166,7,0.9978421926498413
NeuMF,2011,2011-12-31,124858,39183,8,0.9976690411567688
NeuMF,2011,2011-12-31,124858,27873,9,0.9976619482040405
NeuMF,2011,2011-12-31,124858,7256,10,0.997532844543457
NeuMF,2011,2011-12-31,125156,466,1,0.9998037219047546
NeuMF,2011,2011-12-31,125156,8368,2,0.9993200302124023
NeuMF,2011,2011-12-31,125156,7458,3,0.9988033771514893
NeuMF,2011,2011-12-31,125156,3147,4,0.9981449842453003
NeuMF,2011,2011-12-31,125156,4270,5,0.9979174733161926
NeuMF,2011,2011-12-31,125156,3578,6,0.9976420402526855
NeuMF,2011,2011-12-31,125156,6754,7,0.9972925782203674
NeuMF,2011,2011-12-31,125156,33004,8,0.9970597624778748
NeuMF,2011,2011-12-31,125156,4005,9,0.9965938925743103
NeuMF,2011,2011-12-31,125156,8361,10,0.9963931441307068
NeuMF,2011,2011-12-31,125448,7099,1,0.9996639490127563
NeuMF,2011,2011-12-31,125448,77561,2,0.9995296001434326
NeuMF,2011,2011-12-31,125448,60069,3,0.9994314312934875
NeuMF,2011,2011-12-31,125448,67087,4,0.9990756511688232
NeuMF,2011,2011-12-31,125448,69526,5,0.9989523887634277
NeuMF,2011,2011-12-31,125448,6350,6,0.9987433552742004
NeuMF,2011,2011-12-31,125448,2193,7,0.998578667640686
NeuMF,2011,2011-12-31,125448,53972,8,0.9984632730484009
NeuMF,2011,2011-12-31,125448,79293,9,0.9980095028877258
NeuMF,2011,2011-12-31,125448,480,10,0.9976443648338318
NeuMF,2011,2011-12-31,125508,1246,1,0.9960291385650635
NeuMF,2011,2011-12-31,125508,2403,2,0.9957927465438843
NeuMF,2011,2011-12-31,125508,111,3,0.9952228665351868
NeuMF,2011,2011-12-31,125508,1225,4,0.9952107071876526
NeuMF,2011,2011-12-31,125508,3552,5,0.9950830936431885
NeuMF,2011,2011-12-31,125508,1387,6,0.995071291923523
NeuMF,2011,2011-12-31,125508,2947,7,0.9948171973228455
NeuMF,2011,2011-12-31,125508,457,8,0.9948011636734009
NeuMF,2011,2011-12-31,125508,1282,9,0.994440495967865
NeuMF,2011,2011-12-31,125508,610,10,0.9934613704681396
NeuMF,2011,2011-12-31,125916,56757,1,0.9998329877853394
NeuMF,2011,2011-12-31,125916,52435,2,0.999775230884552
NeuMF,2011,2011-12-31,125916,59784,3,0.9997598528862
NeuMF,2011,2011-12-31,125916,63992,4,0.9997528195381165
NeuMF,2011,2011-12-31,125916,30816,5,0.9997419714927673
NeuMF,2011,2011-12-31,125916,37830,6,0.9996547698974609
NeuMF,2011,2011-12-31,125916,60069,7,0.9995641112327576
NeuMF,2011,2011-12-31,125916,68554,8,0.9994893074035645
NeuMF,2011,2011-12-31,125916,5971,9,0.9993971586227417
NeuMF,2011,2011-12-31,125916,56152,10,0.9991818070411682
NeuMF,2011,2011-12-31,126119,5292,1,0.9991994500160217
NeuMF,2011,2011-12-31,126119,4326,2,0.9985182881355286
NeuMF,2011,2011-12-31,126119,640,3,0.997702419757843
NeuMF,2011,2011-12-31,126119,3198,4,0.9966921806335449
NeuMF,2011,2011-12-31,126119,5792,5,0.9955915808677673
NeuMF,2011,2011-12-31,126119,441,6,0.9955112934112549
NeuMF,2011,2011-12-31,126119,5669,7,0.9951183795928955
NeuMF,2011,2011-12-31,126119,4448,8,0.9949632883071899
NeuMF,2011,2011-12-31,126119,8340,9,0.9944624304771423
NeuMF,2011,2011-12-31,126119,27816,10,0.9943721294403076
NeuMF,2011,2011-12-31,126198,45928,1,0.9997289776802063
NeuMF,2011,2011-12-31,126198,62,2,0.9996515512466431
NeuMF,2011,2011-12-31,126198,37741,3,0.9993195533752441
NeuMF,2011,2011-12-31,126198,7980,4,0.9992881417274475
NeuMF,2011,2011-12-31,126198,4857,5,0.9990769624710083
NeuMF,2011,2011-12-31,126198,2236,6,0.9990652203559875
NeuMF,2011,2011-12-31,126198,7818,7,0.9989227652549744
NeuMF,2011,2011-12-31,126198,8970,8,0.9988976716995239
NeuMF,2011,2011-12-31,126198,6777,9,0.9986288547515869
NeuMF,2011,2011-12-31,126198,33660,10,0.9985686540603638
NeuMF,2011,2011-12-31,126921,930,1,0.9997542500495911
NeuMF,2011,2011-12-31,126921,5008,2,0.9993884563446045
NeuMF,2011,2011-12-31,126921,475,3,0.9990063309669495
NeuMF,2011,2011-12-31,126921,2935,4,0.9988659620285034
NeuMF,2011,2011-12-31,126921,1935,5,0.9983331561088562
NeuMF,2011,2011-12-31,126921,3260,6,0.9978547692298889
NeuMF,2011,2011-12-31,126921,44889,7,0.9976425766944885
NeuMF,2011,2011-12-31,126921,906,8,0.9974696636199951
NeuMF,2011,2011-12-31,126921,5707,9,0.9972646236419678
NeuMF,2011,2011-12-31,126921,1209,10,0.9971752166748047
NeuMF,2011,2011-12-31,127033,5952,1,0.999387264251709
NeuMF,2011,2011-12-31,127033,7147,2,0.9993255138397217
NeuMF,2011,2011-12-31,127033,62049,3,0.9991538524627686
NeuMF,2011,2011-12-31,127033,1206,4,0.9986152648925781
NeuMF,2011,2011-12-31,127033,7022,5,0.9985872507095337
NeuMF,2011,2011-12-31,127033,5902,6,0.9985635876655579
NeuMF,2011,2011-12-31,127033,1203,7,0.9969371557235718
NeuMF,2011,2011-12-31,127033,7153,8,0.9969235062599182
NeuMF,2011,2011-12-31,127033,4886,9,0.9967932105064392
NeuMF,2011,2011-12-31,127033,47,10,0.9960286617279053
NeuMF,2011,2011-12-31,127103,55253,1,0.9996947050094604
NeuMF,2011,2011-12-31,127103,55052,2,0.9994103908538818
NeuMF,2011,2011-12-31,127103,5791,3,0.9993942975997925
NeuMF,2011,2011-12-31,127103,27820,4,0.9993201494216919
NeuMF,2011,2011-12-31,127103,299,5,0.999221920967102
NeuMF,2011,2011-12-31,127103,6344,6,0.9990905523300171
NeuMF,2011,2011-12-31,127103,6235,7,0.9988816380500793
NeuMF,2011,2011-12-31,127103,27803,8,0.998689591884613
NeuMF,2011,2011-12-31,127103,64957,9,0.9985464215278625
NeuMF,2011,2011-12-31,127103,48696,10,0.9984766840934753
NeuMF,2011,2011-12-31,127227,5137,1,0.9997766613960266
NeuMF,2011,2011-12-31,127227,64614,2,0.9996670484542847
NeuMF,2011,2011-12-31,127227,48322,3,0.9996465444564819
NeuMF,2011,2011-12-31,127227,4011,4,0.9993990659713745
NeuMF,2011,2011-12-31,127227,60291,5,0.9993034601211548
NeuMF,2011,2011-12-31,127227,8641,6,0.9988974332809448
NeuMF,2011,2011-12-31,127227,60333,7,0.9988510608673096
NeuMF,2011,2011-12-31,127227,5325,8,0.9985525012016296
NeuMF,2011,2011-12-31,127227,1405,9,0.9984240531921387
NeuMF,2011,2011-12-31,127227,1258,10,0.9983653426170349
NeuMF,2011,2011-12-31,127469,3683,1,0.9998015761375427
NeuMF,2011,2011-12-31,127469,101,2,0.9992172718048096
NeuMF,2011,2011-12-31,127469,2959,3,0.9981514811515808
NeuMF,2011,2011-12-31,127469,3267,4,0.9962695837020874
NeuMF,2011,2011-12-31,127469,18,5,0.9948622584342957
NeuMF,2011,2011-12-31,127469,858,6,0.9942640662193298
NeuMF,2011,2011-12-31,127469,555,7,0.9938767552375793
NeuMF,2011,2011-12-31,127469,32,8,0.9937596917152405
NeuMF,2011,2011-12-31,127469,2858,9,0.9932241439819336
NeuMF,2011,2011-12-31,127469,3108,10,0.9929452538490295
NeuMF,2011,2011-12-31,127822,37386,1,0.9996802806854248
NeuMF,2011,2011-12-31,127822,1200,2,0.9992140531539917
NeuMF,2011,2011-12-31,127822,6874,3,0.9991662502288818
NeuMF,2011,2011-12-31,127822,43936,4,0.9991236329078674
NeuMF,2011,2011-12-31,127822,27674,5,0.9988952279090881
NeuMF,2011,2011-12-31,127822,46347,6,0.9986887574195862
NeuMF,2011,2011-12-31,127822,1214,7,0.9985222220420837
NeuMF,2011,2011-12-31,127822,44191,8,0.9983566403388977
NeuMF,2011,2011-12-31,127822,2706,9,0.998096764087677
NeuMF,2011,2011-12-31,127822,44974,10,0.9980587363243103
NeuMF,2011,2011-12-31,128524,1289,1,0.9997151494026184
NeuMF,2011,2011-12-31,128524,61240,2,0.9996566772460938
NeuMF,2011,2011-12-31,128524,2594,3,0.9993263483047485
NeuMF,2011,2011-12-31,128524,69134,4,0.9992902278900146
NeuMF,2011,2011-12-31,128524,3677,5,0.9992409944534302
NeuMF,2011,2011-12-31,128524,53519,6,0.9991940855979919
NeuMF,2011,2011-12-31,128524,4754,7,0.9990302324295044
NeuMF,2011,2011-12-31,128524,665,8,0.9989222288131714
NeuMF,2011,2011-12-31,128524,5690,9,0.998295247554779
NeuMF,2011,2011-12-31,128524,7034,10,0.9980255365371704
NeuMF,2011,2011-12-31,128655,3569,1,0.999946117401123
NeuMF,2011,2011-12-31,128655,52952,2,0.9997863173484802
NeuMF,2011,2011-12-31,128655,5298,3,0.999762237071991
NeuMF,2011,2011-12-31,128655,5477,4,0.99957674741745
NeuMF,2011,2011-12-31,128655,8973,5,0.9991938471794128
NeuMF,2011,2011-12-31,128655,2068,6,0.9991787075996399
NeuMF,2011,2011-12-31,128655,34437,7,0.9990643858909607
NeuMF,2011,2011-12-31,128655,26485,8,0.9989935755729675
NeuMF,2011,2011-12-31,128655,71579,9,0.9987762570381165
NeuMF,2011,2011-12-31,128655,2360,10,0.9986578226089478
NeuMF,2011,2011-12-31,128657,71327,1,0.9999809265136719
NeuMF,2011,2011-12-31,128657,42197,2,0.9999557733535767
NeuMF,2011,2011-12-31,128657,63062,3,0.999919056892395
NeuMF,2011,2011-12-31,128657,72395,4,0.9999188184738159
NeuMF,2011,2011-12-31,128657,3992,5,0.9998775720596313
NeuMF,2011,2011-12-31,128657,5477,6,0.9998435974121094
NeuMF,2011,2011-12-31,128657,64614,7,0.9998036026954651
NeuMF,2011,2011-12-31,128657,60408,8,0.9997939467430115
NeuMF,2011,2011-12-31,128657,44555,9,0.9997867941856384
NeuMF,2011,2011-12-31,128657,71579,10,0.9997825026512146
NeuMF,2011,2011-12-31,128710,3752,1,0.999283492565155
NeuMF,2011,2011-12-31,128710,1911,2,0.9990707635879517
NeuMF,2011,2011-12-31,128710,3623,3,0.9990586638450623
NeuMF,2011,2011-12-31,128710,2959,4,0.9989457726478577
NeuMF,2011,2011-12-31,128710,3646,5,0.9987332224845886
NeuMF,2011,2011-12-31,128710,2706,6,0.9986265897750854
NeuMF,2011,2011-12-31,128710,4022,7,0.9986159801483154
NeuMF,2011,2011-12-31,128710,3408,8,0.9985178112983704
NeuMF,2011,2011-12-31,128710,2712,9,0.9983982443809509
NeuMF,2011,2011-12-31,128710,3246,10,0.9982190728187561
NeuMF,2011,2011-12-31,128719,413,1,0.9999053478240967
NeuMF,2011,2011-12-31,128719,60069,2,0.9998047947883606
NeuMF,2011,2011-12-31,128719,63131,3,0.9997627139091492
NeuMF,2011,2011-12-31,128719,50872,4,0.9994962215423584
NeuMF,2011,2011-12-31,128719,79132,5,0.999193012714386
NeuMF,2011,2011-12-31,128719,58559,6,0.9991014003753662
NeuMF,2011,2011-12-31,128719,59315,7,0.9989014863967896
NeuMF,2011,2011-12-31,128719,56367,8,0.9986103773117065
NeuMF,2011,2011-12-31,128719,72226,9,0.9985013008117676
NeuMF,2011,2011-12-31,128719,327,10,0.9983147382736206
NeuMF,2011,2011-12-31,128902,76093,1,0.9997902512550354
NeuMF,2011,2011-12-31,128902,76175,2,0.999714195728302
NeuMF,2011,2011-12-31,128902,34332,3,0.9996950626373291
NeuMF,2011,2011-12-31,128902,68793,4,0.9996559619903564
NeuMF,2011,2011-12-31,128902,79132,5,0.9994102716445923
NeuMF,2011,2011-12-31,128902,26662,6,0.99925297498703
NeuMF,2011,2011-12-31,128902,27731,7,0.998788058757782
NeuMF,2011,2011-12-31,128902,60069,8,0.9987748265266418
NeuMF,2011,2011-12-31,128902,2083,9,0.9987133741378784
NeuMF,2011,2011-12-31,128902,2354,10,0.9985917210578918
NeuMF,2011,2011-12-31,129186,69481,1,0.999653697013855
NeuMF,2011,2011-12-31,129186,55118,2,0.999440610408783
NeuMF,2011,2011-12-31,129186,65130,3,0.9992254972457886
NeuMF,2011,2011-12-31,129186,33166,4,0.9990917444229126
NeuMF,2011,2011-12-31,129186,70293,5,0.9989311099052429
NeuMF,2011,2011-12-31,129186,3949,6,0.9987044334411621
NeuMF,2011,2011-12-31,129186,46578,7,0.9985879063606262
NeuMF,2011,2011-12-31,129186,60950,8,0.9984460473060608
NeuMF,2011,2011-12-31,129186,44195,9,0.9983092546463013
NeuMF,2011,2011-12-31,129186,68159,10,0.9980454444885254
NeuMF,2011,2011-12-31,129573,60684,1,0.9999490976333618
NeuMF,2011,2011-12-31,129573,44191,2,0.9995989203453064
NeuMF,2011,2011-12-31,129573,58559,3,0.9995419979095459
NeuMF,2011,2011-12-31,129573,51662,4,0.9995349645614624
NeuMF,2011,2011-12-31,129573,59784,5,0.9995291233062744
NeuMF,2011,2011-12-31,129573,37729,6,0.9993849992752075
NeuMF,2011,2011-12-31,129573,47200,7,0.999295711517334
NeuMF,2011,2011-12-31,129573,70286,8,0.9992890357971191
NeuMF,2011,2011-12-31,129573,7438,9,0.999230146408081
NeuMF,2011,2011-12-31,129573,57640,10,0.9992058873176575
NeuMF,2011,2011-12-31,129704,52319,1,0.9999523162841797
NeuMF,2011,2011-12-31,129704,64614,2,0.9998793601989746
NeuMF,2011,2011-12-31,129704,3681,3,0.9993624091148376
NeuMF,2011,2011-12-31,129704,6016,4,0.9992934465408325
NeuMF,2011,2011-12-31,129704,68073,5,0.9992412328720093
NeuMF,2011,2011-12-31,129704,69122,6,0.9990710020065308
NeuMF,2011,2011-12-31,129704,61323,7,0.9987123012542725
NeuMF,2011,2011-12-31,129704,4226,8,0.9986779093742371
NeuMF,2011,2011-12-31,129704,52952,9,0.9984133243560791
NeuMF,2011,2011-12-31,129704,63082,10,0.9984070658683777
NeuMF,2011,2011-12-31,129909,68157,1,0.9997984766960144
NeuMF,2011,2011-12-31,129909,60684,2,0.9997159838676453
NeuMF,2011,2011-12-31,129909,5903,3,0.9988597631454468
NeuMF,2011,2011-12-31,129909,2167,4,0.9984022974967957
NeuMF,2011,2011-12-31,129909,1920,5,0.9983857870101929
NeuMF,2011,2011-12-31,129909,70286,6,0.9980716109275818
NeuMF,2011,2011-12-31,129909,6857,7,0.9980395436286926
NeuMF,2011,2011-12-31,129909,3986,8,0.9977541565895081
NeuMF,2011,2011-12-31,129909,2571,9,0.9977144002914429
NeuMF,2011,2011-12-31,129909,2990,10,0.9975206255912781
NeuMF,2011,2011-12-31,129992,44022,1,0.9997020363807678
NeuMF,2011,2011-12-31,129992,71264,2,0.9996515512466431
NeuMF,2011,2011-12-31,129992,73017,3,0.9996283054351807
NeuMF,2011,2011-12-31,129992,60069,4,0.999525785446167
NeuMF,2011,2011-12-31,129992,47200,5,0.999329686164856
NeuMF,2011,2011-12-31,129992,68358,6,0.9991143345832825
NeuMF,2011,2011-12-31,129992,51255,7,0.9990416169166565
NeuMF,2011,2011-12-31,129992,77561,8,0.9988369345664978
NeuMF,2011,2011-12-31,129992,37386,9,0.9987050294876099
NeuMF,2011,2011-12-31,129992,57640,10,0.9986305236816406
NeuMF,2011,2011-12-31,130003,628,1,0.9998315572738647
NeuMF,2011,2011-12-31,130003,2490,2,0.9993880987167358
NeuMF,2011,2011-12-31,130003,2541,3,0.9993316531181335
NeuMF,2011,2011-12-31,130003,2447,4,0.9991948008537292
NeuMF,2011,2011-12-31,130003,1407,5,0.9991589784622192
NeuMF,2011,2011-12-31,130003,86,6,0.9991492033004761
NeuMF,2011,2011-12-31,130003,2580,7,0.9990901947021484
NeuMF,2011,2011-12-31,130003,805,8,0.9990537762641907
NeuMF,2011,2011-12-31,130003,3499,9,0.9990378618240356
NeuMF,2011,2011-12-31,130003,1673,10,0.9986093044281006
NeuMF,2011,2011-12-31,130018,59315,1,0.9964511394500732
NeuMF,2011,2011-12-31,130018,27773,2,0.9962905645370483
NeuMF,2011,2011-12-31,130018,163,3,0.9959593415260315
NeuMF,2011,2011-12-31,130018,44,4,0.9955248832702637
NeuMF,2011,2011-12-31,130018,1562,5,0.9905571937561035
NeuMF,2011,2011-12-31,130018,55118,6,0.9900863766670227
NeuMF,2011,2011-12-31,130018,32,7,0.9899360537528992
NeuMF,2011,2011-12-31,130018,4011,8,0.9893897175788879
NeuMF,2011,2011-12-31,130018,145,9,0.9891123175621033
NeuMF,2011,2011-12-31,130018,97,10,0.986481785774231
NeuMF,2011,2011-12-31,130056,541,1,0.9999066591262817
NeuMF,2011,2011-12-31,130056,29,2,0.9998953342437744
NeuMF,2011,2011-12-31,130056,306,3,0.999884843826294
NeuMF,2011,2011-12-31,130056,1361,4,0.9998408555984497
NeuMF,2011,2011-12-31,130056,233,5,0.999775230884552
NeuMF,2011,2011-12-31,130056,1093,6,0.9997608065605164
NeuMF,2011,2011-12-31,130056,1186,7,0.9997023940086365
NeuMF,2011,2011-12-31,130056,616,8,0.9995800852775574
NeuMF,2011,2011-12-31,130056,3262,9,0.9995562434196472
NeuMF,2011,2011-12-31,130056,48394,10,0.9995346069335938
NeuMF,2011,2011-12-31,130197,77866,1,0.9999707937240601
NeuMF,2011,2011-12-31,130197,59810,2,0.9996740818023682
NeuMF,2011,2011-12-31,130197,51931,3,0.9996685981750488
NeuMF,2011,2011-12-31,130197,67087,4,0.9994256496429443
NeuMF,2011,2011-12-31,130197,71429,5,0.9992192983627319
NeuMF,2011,2011-12-31,130197,56587,6,0.9990565180778503
NeuMF,2011,2011-12-31,130197,62376,7,0.9990535378456116
NeuMF,2011,2011-12-31,130197,48997,8,0.999002993106842
NeuMF,2011,2011-12-31,130197,37731,9,0.9988565444946289
NeuMF,2011,2011-12-31,130197,73321,10,0.9988120794296265
NeuMF,2011,2011-12-31,130253,58559,1,0.9997665286064148
NeuMF,2011,2011-12-31,130253,53121,2,0.9996792078018188
NeuMF,2011,2011-12-31,130253,79293,3,0.9989808201789856
NeuMF,2011,2011-12-31,130253,60937,4,0.9988346695899963
NeuMF,2011,2011-12-31,130253,79132,5,0.9988162517547607
NeuMF,2011,2011-12-31,130253,2383,6,0.9985717535018921
NeuMF,2011,2011-12-31,130253,8387,7,0.9982584118843079
NeuMF,2011,2011-12-31,130253,59315,8,0.9977796673774719
NeuMF,2011,2011-12-31,130253,77561,9,0.9976866245269775
NeuMF,2011,2011-12-31,130253,60069,10,0.9976528286933899
NeuMF,2011,2011-12-31,130334,858,1,0.9991050362586975
NeuMF,2011,2011-12-31,130334,8917,2,0.9990653395652771
NeuMF,2011,2011-12-31,130334,1625,3,0.9986446499824524
NeuMF,2011,2011-12-31,130334,68791,4,0.9983384609222412
NeuMF,2011,2011-12-31,130334,1221,5,0.9980577826499939
NeuMF,2011,2011-12-31,130334,8873,6,0.9977481961250305
NeuMF,2011,2011-12-31,130334,2700,7,0.9974963068962097
NeuMF,2011,2011-12-31,130334,1682,8,0.9974496960639954
NeuMF,2011,2011-12-31,130334,1721,9,0.9974473714828491
NeuMF,2011,2011-12-31,130334,71057,10,0.9971418976783752
NeuMF,2011,2011-12-31,130620,2505,1,0.9983672499656677
NeuMF,2011,2011-12-31,130620,6219,2,0.9983476400375366
NeuMF,2011,2011-12-31,130620,7263,3,0.997717022895813
NeuMF,2011,2011-12-31,130620,7617,4,0.9976999163627625
NeuMF,2011,2011-12-31,130620,5108,5,0.9975864887237549
NeuMF,2011,2011-12-31,130620,3178,6,0.9971458315849304
NeuMF,2011,2011-12-31,130620,3384,7,0.997122585773468
NeuMF,2011,2011-12-31,130620,1792,8,0.9969539642333984
NeuMF,2011,2011-12-31,130620,48304,9,0.9962044358253479
NeuMF,2011,2011-12-31,130620,1608,10,0.9960516095161438
NeuMF,2011,2011-12-31,130645,3275,1,0.9993708729743958
NeuMF,2011,2011-12-31,130645,31410,2,0.9991822838783264
NeuMF,2011,2011-12-31,130645,57669,3,0.9990854263305664
NeuMF,2011,2011-12-31,130645,1136,4,0.9990230798721313
NeuMF,2011,2011-12-31,130645,7827,5,0.9989915490150452
NeuMF,2011,2011-12-31,130645,49272,6,0.9989227652549744
NeuMF,2011,2011-12-31,130645,36529,7,0.9989066123962402
NeuMF,2011,2011-12-31,130645,1262,8,0.9987015724182129
NeuMF,2011,2011-12-31,130645,7153,9,0.9982227683067322
NeuMF,2011,2011-12-31,130645,53972,10,0.9981513619422913
NeuMF,2011,2011-12-31,130758,64034,1,0.9998956918716431
NeuMF,2011,2011-12-31,130758,616,2,0.9997236132621765
NeuMF,2011,2011-12-31,130758,55363,3,0.9996435642242432
NeuMF,2011,2011-12-31,130758,54190,4,0.9995121955871582
NeuMF,2011,2011-12-31,130758,56367,5,0.9994476437568665
NeuMF,2011,2011-12-31,130758,37729,6,0.9993591904640198
NeuMF,2011,2011-12-31,130758,45431,7,0.9990924596786499
NeuMF,2011,2011-12-31,130758,54272,8,0.999005138874054
NeuMF,2011,2011-12-31,130758,48385,9,0.9989564418792725
NeuMF,2011,2011-12-31,130758,60069,10,0.9989287257194519
NeuMF,2011,2011-12-31,130839,49961,1,0.9999262094497681
NeuMF,2011,2011-12-31,130839,56788,2,0.9987303614616394
NeuMF,2011,2011-12-31,130839,3186,3,0.99834144115448
NeuMF,2011,2011-12-31,130839,35836,4,0.9982249140739441
NeuMF,2011,2011-12-31,130839,8969,5,0.9981232285499573
NeuMF,2011,2011-12-31,130839,39234,6,0.9979214072227478
NeuMF,2011,2011-12-31,130839,39292,7,0.9979158043861389
NeuMF,2011,2011-12-31,130839,3534,8,0.9979066848754883
NeuMF,2011,2011-12-31,130839,4025,9,0.9978367686271667
NeuMF,2011,2011-12-31,130839,8951,10,0.9977859258651733
NeuMF,2011,2011-12-31,130912,3000,1,0.999599039554596
NeuMF,2011,2011-12-31,130912,60069,2,0.9992315769195557
NeuMF,2011,2011-12-31,130912,1748,3,0.9991838335990906
NeuMF,2011,2011-12-31,130912,2692,4,0.9986926913261414
NeuMF,2011,2011-12-31,130912,58559,5,0.9986866116523743
NeuMF,2011,2011-12-31,130912,59315,6,0.9984571933746338
NeuMF,2011,2011-12-31,130912,2571,7,0.9983096122741699
NeuMF,2011,2011-12-31,130912,4973,8,0.9982372522354126
NeuMF,2011,2011-12-31,130912,2959,9,0.9978837370872498
NeuMF,2011,2011-12-31,130912,2723,10,0.9978119134902954
NeuMF,2011,2011-12-31,130971,68157,1,0.9995254278182983
NeuMF,2011,2011-12-31,130971,60069,2,0.9993452429771423
NeuMF,2011,2011-12-31,130971,58559,3,0.9992610812187195
NeuMF,2011,2011-12-31,130971,33794,4,0.9992595314979553
NeuMF,2011,2011-12-31,130971,35836,5,0.9991269707679749
NeuMF,2011,2011-12-31,130971,44191,6,0.9990406632423401
NeuMF,2011,2011-12-31,130971,68954,7,0.9989393353462219
NeuMF,2011,2011-12-31,130971,7361,8,0.9987056255340576
NeuMF,2011,2011-12-31,130971,79132,9,0.9982038736343384
NeuMF,2011,2011-12-31,130971,54503,10,0.9981727600097656
NeuMF,2011,2011-12-31,131294,4383,1,0.9998338222503662
NeuMF,2011,2011-12-31,131294,2730,2,0.9994938373565674
NeuMF,2011,2011-12-31,131294,1729,3,0.9994576573371887
NeuMF,2011,2011-12-31,131294,5630,4,0.9987999200820923
NeuMF,2011,2011-12-31,131294,3198,5,0.9981681108474731
NeuMF,2011,2011-12-31,131294,2726,6,0.9981191754341125
NeuMF,2011,2011-12-31,131294,47629,7,0.9974755644798279
NeuMF,2011,2011-12-31,131294,7360,8,0.9974700212478638
NeuMF,2011,2011-12-31,131294,5959,9,0.9970300197601318
NeuMF,2011,2011-12-31,131294,5995,10,0.9970133304595947
NeuMF,2011,2011-12-31,131404,67734,1,0.9998806715011597
NeuMF,2011,2011-12-31,131404,35836,2,0.9994508624076843
NeuMF,2011,2011-12-31,131404,68358,3,0.9993484616279602
NeuMF,2011,2011-12-31,131404,45501,4,0.9988560676574707
NeuMF,2011,2011-12-31,131404,61323,5,0.9987725615501404
NeuMF,2011,2011-12-31,131404,4002,6,0.9986541271209717
NeuMF,2011,2011-12-31,131404,43936,7,0.9985602498054504
NeuMF,2011,2011-12-31,131404,4979,8,0.9985213875770569
NeuMF,2011,2011-12-31,131404,46578,9,0.9984433054924011
NeuMF,2011,2011-12-31,131404,3897,10,0.9977745413780212
NeuMF,2011,2011-12-31,131405,5508,1,0.9996086955070496
NeuMF,2011,2011-12-31,131405,7323,2,0.9990295171737671
NeuMF,2011,2011-12-31,131405,64839,3,0.9987480640411377
NeuMF,2011,2011-12-31,131405,60069,4,0.9987291693687439
NeuMF,2011,2011-12-31,131405,6953,5,0.9983525276184082
NeuMF,2011,2011-12-31,131405,18,6,0.9982433319091797
NeuMF,2011,2011-12-31,131405,665,7,0.9976296424865723
NeuMF,2011,2011-12-31,131405,1625,8,0.997414231300354
NeuMF,2011,2011-12-31,131405,6502,9,0.9972062706947327
NeuMF,2011,2011-12-31,131405,6378,10,0.9970836043357849
NeuMF,2011,2011-12-31,131484,3959,1,0.9986287355422974
NeuMF,2011,2011-12-31,131484,54001,2,0.9981399774551392
NeuMF,2011,2011-12-31,131484,60069,3,0.9980046153068542
NeuMF,2011,2011-12-31,131484,2140,4,0.9972885847091675
NeuMF,2011,2011-12-31,131484,1,5,0.9967764019966125
NeuMF,2011,2011-12-31,131484,1967,6,0.9967693090438843
NeuMF,2011,2011-12-31,131484,2628,7,0.9961925745010376
NeuMF,2011,2011-12-31,131484,1580,8,0.9960325360298157
NeuMF,2011,2011-12-31,131484,588,9,0.9958280920982361
NeuMF,2011,2011-12-31,131484,780,10,0.9958093166351318
NeuMF,2011,2011-12-31,131708,51662,1,0.999536395072937
NeuMF,2011,2011-12-31,131708,72998,2,0.998746395111084
NeuMF,2011,2011-12-31,131708,79132,3,0.9985607266426086
NeuMF,2011,2011-12-31,131708,69481,4,0.9980643391609192
NeuMF,2011,2011-12-31,131708,44191,5,0.9977627992630005
NeuMF,2011,2011-12-31,131708,48774,6,0.9962053894996643
NeuMF,2011,2011-12-31,131708,80463,7,0.9961326122283936
NeuMF,2011,2011-12-31,131708,69849,8,0.9961223006248474
NeuMF,2011,2011-12-31,131708,81834,9,0.9960915446281433
NeuMF,2011,2011-12-31,131708,68954,10,0.9956730008125305
NeuMF,2011,2011-12-31,131744,1273,1,0.9999688863754272
NeuMF,2011,2011-12-31,131744,2843,2,0.999954342842102
NeuMF,2011,2011-12-31,131744,306,3,0.9999368190765381
NeuMF,2011,2011-12-31,131744,34437,4,0.9999264478683472
NeuMF,2011,2011-12-31,131744,60950,5,0.999866247177124
NeuMF,2011,2011-12-31,131744,4914,6,0.9997517466545105
NeuMF,2011,2011-12-31,131744,307,7,0.9995219707489014
NeuMF,2011,2011-12-31,131744,8981,8,0.9994706511497498
NeuMF,2011,2011-12-31,131744,1176,9,0.9993264675140381
NeuMF,2011,2011-12-31,131744,4967,10,0.9993163347244263
NeuMF,2011,2011-12-31,131837,6298,1,0.9989594221115112
NeuMF,2011,2011-12-31,131837,40412,2,0.9988521337509155
NeuMF,2011,2011-12-31,131837,413,3,0.9980105757713318
NeuMF,2011,2011-12-31,131837,44195,4,0.997333288192749
NeuMF,2011,2011-12-31,131837,71838,5,0.9963535070419312
NeuMF,2011,2011-12-31,131837,2541,6,0.9963313937187195
NeuMF,2011,2011-12-31,131837,5323,7,0.9960693120956421
NeuMF,2011,2011-12-31,131837,4725,8,0.9959142804145813
NeuMF,2011,2011-12-31,131837,2107,9,0.9957733750343323
NeuMF,2011,2011-12-31,131837,69278,10,0.9955512285232544
NeuMF,2011,2011-12-31,131866,66371,1,0.9999170303344727
NeuMF,2011,2011-12-31,131866,64614,2,0.9998922348022461
NeuMF,2011,2011-12-31,131866,67734,3,0.9998327493667603
NeuMF,2011,2011-12-31,131866,69844,4,0.9997968077659607
NeuMF,2011,2011-12-31,131866,2594,5,0.9997829794883728
NeuMF,2011,2011-12-31,131866,78499,6,0.9997585415840149
NeuMF,2011,2011-12-31,131866,68157,7,0.9993857145309448
NeuMF,2011,2011-12-31,131866,52885,8,0.9991123080253601
NeuMF,2011,2011-12-31,131866,4235,9,0.9989427924156189
NeuMF,2011,2011-12-31,131866,77561,10,0.9986794590950012
NeuMF,2011,2011-12-31,132118,58559,1,0.9998492002487183
NeuMF,2011,2011-12-31,132118,68157,2,0.9991402626037598
NeuMF,2011,2011-12-31,132118,2278,3,0.9978147745132446
NeuMF,2011,2011-12-31,132118,59315,4,0.9978061318397522
NeuMF,2011,2011-12-31,132118,2959,5,0.9976522326469421
NeuMF,2011,2011-12-31,132118,2949,6,0.9974519610404968
NeuMF,2011,2011-12-31,132118,1196,7,0.9970369338989258
NeuMF,2011,2011-12-31,132118,6874,8,0.9962483048439026
NeuMF,2011,2011-12-31,132118,2115,9,0.9959582686424255
NeuMF,2011,2011-12-31,132118,79132,10,0.9955743551254272
NeuMF,2011,2011-12-31,132218,2502,1,0.998883068561554
NeuMF,2011,2011-12-31,132218,223,2,0.9987161159515381
NeuMF,2011,2011-12-31,132218,58559,3,0.9984514713287354
NeuMF,2011,2011-12-31,132218,180,4,0.9983226656913757
NeuMF,2011,2011-12-31,132218,66934,5,0.9981780052185059
NeuMF,2011,2011-12-31,132218,56367,6,0.9981778860092163
NeuMF,2011,2011-12-31,132218,2723,7,0.997607946395874
NeuMF,2011,2011-12-31,132218,2572,8,0.9974358677864075
NeuMF,2011,2011-12-31,132218,3275,9,0.9973184466362
NeuMF,2011,2011-12-31,132218,2997,10,0.9970045685768127
NeuMF,2011,2011-12-31,132234,6867,1,0.9988633394241333
NeuMF,2011,2011-12-31,132234,101,2,0.9988216757774353
NeuMF,2011,2011-12-31,132234,6620,3,0.9982367753982544
NeuMF,2011,2011-12-31,132234,6016,4,0.9980942606925964
NeuMF,2011,2011-12-31,132234,7156,5,0.9977929592132568
NeuMF,2011,2011-12-31,132234,6331,6,0.9975053668022156
NeuMF,2011,2011-12-31,132234,1449,7,0.9974617958068848
NeuMF,2011,2011-12-31,132234,2248,8,0.9970241189002991
NeuMF,2011,2011-12-31,132234,3983,9,0.9968085885047913
NeuMF,2011,2011-12-31,132234,7361,10,0.9961232542991638
NeuMF,2011,2011-12-31,132352,79132,1,0.9999804496765137
NeuMF,2011,2011-12-31,132352,77561,2,0.9999799728393555
NeuMF,2011,2011-12-31,132352,71520,3,0.9999719858169556
NeuMF,2011,2011-12-31,132352,79702,4,0.9999498128890991
NeuMF,2011,2011-12-31,132352,68791,5,0.9997493624687195
NeuMF,2011,2011-12-31,132352,59315,6,0.9997126460075378
NeuMF,2011,2011-12-31,132352,68848,7,0.9996893405914307
NeuMF,2011,2011-12-31,132352,63113,8,0.9996556043624878
NeuMF,2011,2011-12-31,132352,76077,9,0.9995505213737488
NeuMF,2011,2011-12-31,132352,63131,10,0.9995313882827759
NeuMF,2011,2011-12-31,132381,72378,1,0.9998284578323364
NeuMF,2011,2011-12-31,132381,7445,2,0.9997223019599915
NeuMF,2011,2011-12-31,132381,53996,3,0.9996590614318848
NeuMF,2011,2011-12-31,132381,7163,4,0.9996289014816284
NeuMF,2011,2011-12-31,132381,68791,5,0.9994402527809143
NeuMF,2011,2011-12-31,132381,63082,6,0.9992815852165222
NeuMF,2011,2011-12-31,132381,68159,7,0.999200165271759
NeuMF,2011,2011-12-31,132381,35836,8,0.9991114735603333
NeuMF,2011,2011-12-31,132381,79695,9,0.9991016387939453
NeuMF,2011,2011-12-31,132381,5574,10,0.9990553259849548
NeuMF,2011,2011-12-31,132613,266,1,0.9992837309837341
NeuMF,2011,2011-12-31,132613,5446,2,0.9991201758384705
NeuMF,2011,2011-12-31,132613,44204,3,0.9990319013595581
NeuMF,2011,2011-12-31,132613,48696,4,0.998090922832489
NeuMF,2011,2011-12-31,132613,1704,5,0.99775630235672
NeuMF,2011,2011-12-31,132613,3551,6,0.9970245957374573
NeuMF,2011,2011-12-31,132613,8533,7,0.99696284532547
NeuMF,2011,2011-12-31,132613,6377,8,0.9967440366744995
NeuMF,2011,2011-12-31,132613,72011,9,0.9964860677719116
NeuMF,2011,2011-12-31,132613,64575,10,0.9962146878242493
NeuMF,2011,2011-12-31,132656,3982,1,0.9999446868896484
NeuMF,2011,2011-12-31,132656,3083,2,0.9999178647994995
NeuMF,2011,2011-12-31,132656,3794,3,0.999915361404419
NeuMF,2011,2011-12-31,132656,3512,4,0.9998984336853027
NeuMF,2011,2011-12-31,132656,2769,5,0.9998862743377686
NeuMF,2011,2011-12-31,132656,3457,6,0.999855637550354
NeuMF,2011,2011-12-31,132656,3580,7,0.9998372793197632
NeuMF,2011,2011-12-31,132656,3983,8,0.9997896552085876
NeuMF,2011,2011-12-31,132656,3831,9,0.9997867941856384
NeuMF,2011,2011-12-31,132656,3538,10,0.9997594952583313
NeuMF,2011,2011-12-31,132749,2872,1,0.999230146408081
NeuMF,2011,2011-12-31,132749,1954,2,0.9987976551055908
NeuMF,2011,2011-12-31,132749,2641,3,0.9982638955116272
NeuMF,2011,2011-12-31,132749,2944,4,0.9979661703109741
NeuMF,2011,2011-12-31,132749,2571,5,0.9978674650192261
NeuMF,2011,2011-12-31,132749,2001,6,0.9977746605873108
NeuMF,2011,2011-12-31,132749,2407,7,0.9977533221244812
NeuMF,2011,2011-12-31,132749,2406,8,0.9973161816596985
NeuMF,2011,2011-12-31,132749,2028,9,0.9972890615463257
NeuMF,2011,2011-12-31,132749,2985,10,0.997006356716156
NeuMF,2011,2011-12-31,132804,2581,1,0.9994968175888062
NeuMF,2011,2011-12-31,132804,1407,2,0.9993473887443542
NeuMF,2011,2011-12-31,132804,59315,3,0.9989010095596313
NeuMF,2011,2011-12-31,132804,1580,4,0.9988835453987122
NeuMF,2011,2011-12-31,132804,44191,5,0.9988046884536743
NeuMF,2011,2011-12-31,132804,1457,6,0.998719334602356
NeuMF,2011,2011-12-31,132804,57368,7,0.9983161687850952
NeuMF,2011,2011-12-31,132804,54001,8,0.9981263279914856
NeuMF,2011,2011-12-31,132804,63859,9,0.9974155426025391
NeuMF,2011,2011-12-31,132804,55290,10,0.9963990449905396
NeuMF,2011,2011-12-31,133009,64614,1,0.999950647354126
NeuMF,2011,2011-12-31,133009,60397,2,0.9999393224716187
NeuMF,2011,2011-12-31,133009,51834,3,0.9999290704727173
NeuMF,2011,2011-12-31,133009,65230,4,0.9999285936355591
NeuMF,2011,2011-12-31,133009,59333,5,0.9999210834503174
NeuMF,2011,2011-12-31,133009,69406,6,0.9998958110809326
NeuMF,2011,2011-12-31,133009,62553,7,0.9998406171798706
NeuMF,2011,2011-12-31,133009,63062,8,0.999784529209137
NeuMF,2011,2011-12-31,133009,59369,9,0.999778687953949
NeuMF,2011,2011-12-31,133009,60126,10,0.9997240900993347
NeuMF,2011,2011-12-31,133046,6852,1,0.9999226331710815
NeuMF,2011,2011-12-31,133046,4226,2,0.9998822212219238
NeuMF,2011,2011-12-31,133046,53123,3,0.9997956156730652
NeuMF,2011,2011-12-31,133046,7361,4,0.9997876286506653
NeuMF,2011,2011-12-31,133046,48774,5,0.999742329120636
NeuMF,2011,2011-12-31,133046,5902,6,0.9997063279151917
NeuMF,2011,2011-12-31,133046,46578,7,0.9996927976608276
NeuMF,2011,2011-12-31,133046,6711,8,0.9995928406715393
NeuMF,2011,2011-12-31,133046,6273,9,0.9994984865188599
NeuMF,2011,2011-12-31,133046,78574,10,0.9994981288909912
NeuMF,2011,2011-12-31,133126,4996,1,0.9998838901519775
NeuMF,2011,2011-12-31,133126,27478,2,0.9998019337654114
NeuMF,2011,2011-12-31,133126,80463,3,0.9997217059135437
NeuMF,2011,2011-12-31,133126,7022,4,0.9993667006492615
NeuMF,2011,2011-12-31,133126,1148,5,0.9992616772651672
NeuMF,2011,2011-12-31,133126,6344,6,0.999154806137085
NeuMF,2011,2011-12-31,133126,5971,7,0.999039351940155
NeuMF,2011,2011-12-31,133126,38038,8,0.9989771842956543
NeuMF,2011,2011-12-31,133126,2483,9,0.9989521503448486
NeuMF,2011,2011-12-31,133126,78499,10,0.998755693435669
NeuMF,2011,2011-12-31,133595,3272,1,0.9996002316474915
NeuMF,2011,2011-12-31,133595,2842,2,0.9991779923439026
NeuMF,2011,2011-12-31,133595,3822,3,0.9990634322166443
NeuMF,2011,2011-12-31,133595,72407,4,0.9988971948623657
NeuMF,2011,2011-12-31,133595,3756,5,0.998873770236969
NeuMF,2011,2011-12-31,133595,3618,6,0.9988641738891602
NeuMF,2011,2011-12-31,133595,4741,7,0.998816728591919
NeuMF,2011,2011-12-31,133595,5515,8,0.9984681010246277
NeuMF,2011,2011-12-31,133595,68073,9,0.9984495639801025
NeuMF,2011,2011-12-31,133595,3083,10,0.9982233643531799
NeuMF,2011,2011-12-31,133746,8464,1,0.9992406368255615
NeuMF,2011,2011-12-31,133746,2926,2,0.9991095662117004
NeuMF,2011,2011-12-31,133746,5446,3,0.9989051818847656
NeuMF,2011,2011-12-31,133746,247,4,0.9987050294876099
NeuMF,2011,2011-12-31,133746,6380,5,0.9986279010772705
NeuMF,2011,2011-12-31,133746,2144,6,0.9984995126724243
NeuMF,2011,2011-12-31,133746,7025,7,0.9984734654426575
NeuMF,2011,2011-12-31,133746,4978,8,0.9984276294708252
NeuMF,2011,2011-12-31,133746,6979,9,0.9983313679695129
NeuMF,2011,2011-12-31,133746,7285,10,0.9982553124427795
NeuMF,2011,2011-12-31,133825,61236,1,0.9994925260543823
NeuMF,2011,2011-12-31,133825,1178,2,0.9992396831512451
NeuMF,2011,2011-12-31,133825,7153,3,0.9988464117050171
NeuMF,2011,2011-12-31,133825,5952,4,0.9988160133361816
NeuMF,2011,2011-12-31,133825,4993,5,0.9988001585006714
NeuMF,2011,2011-12-31,133825,68237,6,0.9986696243286133
NeuMF,2011,2011-12-31,133825,72011,7,0.9983758926391602
NeuMF,2011,2011-12-31,133825,3949,8,0.99825519323349
NeuMF,2011,2011-12-31,133825,69951,9,0.9979977011680603
NeuMF,2011,2011-12-31,133825,26939,10,0.9978554844856262
NeuMF,2011,2011-12-31,134001,42738,1,0.999667763710022
NeuMF,2011,2011-12-31,134001,6754,2,0.9996070265769958
NeuMF,2011,2011-12-31,134001,62434,3,0.9994127750396729
NeuMF,2011,2011-12-31,134001,72011,4,0.9993420243263245
NeuMF,2011,2011-12-31,134001,52606,5,0.9992471933364868
NeuMF,2011,2011-12-31,134001,64969,6,0.9991968274116516
NeuMF,2011,2011-12-31,134001,34405,7,0.9990291595458984
NeuMF,2011,2011-12-31,134001,73321,8,0.9990057349205017
NeuMF,2011,2011-12-31,134001,71535,9,0.9989435076713562
NeuMF,2011,2011-12-31,134001,74156,10,0.9988697171211243
NeuMF,2011,2011-12-31,134327,46965,1,0.9997125267982483
NeuMF,2011,2011-12-31,134327,4388,2,0.998643696308136
NeuMF,2011,2011-12-31,134327,2513,3,0.9985132813453674
NeuMF,2011,2011-12-31,134327,5165,4,0.998289167881012
NeuMF,2011,2011-12-31,134327,8132,5,0.9972662925720215
NeuMF,2011,2011-12-31,134327,53972,6,0.9971566200256348
NeuMF,2011,2011-12-31,134327,6800,7,0.9970027804374695
NeuMF,2011,2011-12-31,134327,1345,8,0.9969005584716797
NeuMF,2011,2011-12-31,134327,293,9,0.9962822794914246
NeuMF,2011,2011-12-31,134327,8225,10,0.9961788654327393
NeuMF,2011,2011-12-31,134378,8254,1,0.9985777139663696
NeuMF,2011,2011-12-31,134378,8873,2,0.9981880784034729
NeuMF,2011,2011-12-31,134378,64614,3,0.9979395270347595
NeuMF,2011,2011-12-31,134378,2843,4,0.9971715807914734
NeuMF,2011,2011-12-31,134378,44694,5,0.9970976114273071
NeuMF,2011,2011-12-31,134378,6874,6,0.9953351616859436
NeuMF,2011,2011-12-31,134378,55069,7,0.9938368201255798
NeuMF,2011,2011-12-31,134378,58559,8,0.993759036064148
NeuMF,2011,2011-12-31,134378,4235,9,0.9936642646789551
NeuMF,2011,2011-12-31,134378,64285,10,0.9889993071556091
NeuMF,2011,2011-12-31,134403,896,1,0.9999421834945679
NeuMF,2011,2011-12-31,134403,303,2,0.9998579025268555
NeuMF,2011,2011-12-31,134403,224,3,0.9993929862976074
NeuMF,2011,2011-12-31,134403,1416,4,0.9989309906959534
NeuMF,2011,2011-12-31,134403,6552,5,0.9986170530319214
NeuMF,2011,2011-12-31,134403,7317,6,0.9985129237174988
NeuMF,2011,2011-12-31,134403,5992,7,0.9984734654426575
NeuMF,2011,2011-12-31,134403,52328,8,0.9983117580413818
NeuMF,2011,2011-12-31,134403,4279,9,0.9978468418121338
NeuMF,2011,2011-12-31,134403,9018,10,0.9964761137962341
NeuMF,2011,2011-12-31,134575,61236,1,0.9997467398643494
NeuMF,2011,2011-12-31,134575,56782,2,0.9996219873428345
NeuMF,2011,2011-12-31,134575,51540,3,0.9993776679039001
NeuMF,2011,2011-12-31,134575,55444,4,0.9993730187416077
NeuMF,2011,2011-12-31,134575,55908,5,0.9993622899055481
NeuMF,2011,2011-12-31,134575,64620,6,0.9993407130241394
NeuMF,2011,2011-12-31,134575,55290,7,0.9992009997367859
NeuMF,2011,2011-12-31,134575,53123,8,0.9991243481636047
NeuMF,2011,2011-12-31,134575,49530,9,0.9988155364990234
NeuMF,2011,2011-12-31,134575,54997,10,0.9983794689178467
NeuMF,2011,2011-12-31,134653,72998,1,0.9997745156288147
NeuMF,2011,2011-12-31,134653,71535,2,0.9996881484985352
NeuMF,2011,2011-12-31,134653,8810,3,0.9996412992477417
NeuMF,2011,2011-12-31,134653,8985,4,0.9994598031044006
NeuMF,2011,2011-12-31,134653,69951,5,0.9985156655311584
NeuMF,2011,2011-12-31,134653,78499,6,0.9984266757965088
NeuMF,2011,2011-12-31,134653,35836,7,0.9984257221221924
NeuMF,2011,2011-12-31,134653,72378,8,0.9981706142425537
NeuMF,2011,2011-12-31,134653,8917,9,0.9980796575546265
NeuMF,2011,2011-12-31,134653,69844,10,0.9979815483093262
NeuMF,2011,2011-12-31,134664,79132,1,0.9999357461929321
NeuMF,2011,2011-12-31,134664,80549,2,0.9998952150344849
NeuMF,2011,2011-12-31,134664,69644,3,0.9998515844345093
NeuMF,2011,2011-12-31,134664,58105,4,0.9997004270553589
NeuMF,2011,2011-12-31,134664,56152,5,0.999690055847168
NeuMF,2011,2011-12-31,134664,53974,6,0.9996565580368042
NeuMF,2011,2011-12-31,134664,1588,7,0.9995551705360413
NeuMF,2011,2011-12-31,134664,8965,8,0.9995513558387756
NeuMF,2011,2011-12-31,134664,60516,9,0.9994000196456909
NeuMF,2011,2011-12-31,134664,68135,10,0.999387264251709
NeuMF,2011,2011-12-31,134927,70286,1,0.9987490177154541
NeuMF,2011,2011-12-31,134927,71535,2,0.9986122846603394
NeuMF,2011,2011-12-31,134927,64839,3,0.9980949759483337
NeuMF,2011,2011-12-31,134927,48516,4,0.9978873133659363
NeuMF,2011,2011-12-31,134927,7360,5,0.9976931214332581
NeuMF,2011,2011-12-31,134927,457,6,0.9974555373191833
NeuMF,2011,2011-12-31,134927,60684,7,0.9974145889282227
NeuMF,2011,2011-12-31,134927,74458,8,0.9971439242362976
NeuMF,2011,2011-12-31,134927,54995,9,0.9961873888969421
NeuMF,2011,2011-12-31,134927,57669,10,0.9960089921951294
NeuMF,2011,2011-12-31,135290,555,1,0.9983687996864319
NeuMF,2011,2011-12-31,135290,293,2,0.9975051283836365
NeuMF,2011,2011-12-31,135290,247,3,0.9973445534706116
NeuMF,2011,2011-12-31,135290,7153,4,0.9969967603683472
NeuMF,2011,2011-12-31,135290,1089,5,0.9969172477722168
NeuMF,2011,2011-12-31,135290,290,6,0.9963734745979309
NeuMF,2011,2011-12-31,135290,2023,7,0.9962034821510315
NeuMF,2011,2011-12-31,135290,2916,8,0.9960842132568359
NeuMF,2011,2011-12-31,135290,74458,9,0.995968222618103
NeuMF,2011,2011-12-31,135290,318,10,0.9956889748573303
NeuMF,2011,2011-12-31,136078,596,1,0.9984250068664551
NeuMF,2011,2011-12-31,136078,6770,2,0.997779905796051
NeuMF,2011,2011-12-31,136078,1348,3,0.9977293610572815
NeuMF,2011,2011-12-31,136078,1033,4,0.9972852468490601
NeuMF,2011,2011-12-31,136078,66785,5,0.9967807531356812
NeuMF,2011,2011-12-31,136078,7361,6,0.9958271384239197
NeuMF,2011,2011-12-31,136078,2966,7,0.9957516193389893
NeuMF,2011,2011-12-31,136078,6270,8,0.9954889416694641
NeuMF,2011,2011-12-31,136078,1216,9,0.9953562617301941
NeuMF,2011,2011-12-31,136078,2530,10,0.9947840571403503
NeuMF,2011,2011-12-31,136261,1372,1,0.9989340901374817
NeuMF,2011,2011-12-31,136261,1748,2,0.9981244206428528
NeuMF,2011,2011-12-31,136261,317,3,0.9978442192077637
NeuMF,2011,2011-12-31,136261,2116,4,0.9976658821105957
NeuMF,2011,2011-12-31,136261,4232,5,0.9973479509353638
NeuMF,2011,2011-12-31,136261,4343,6,0.9969441294670105
NeuMF,2011,2011-12-31,136261,2393,7,0.9966793060302734
NeuMF,2011,2011-12-31,136261,2,8,0.9964079260826111
NeuMF,2011,2011-12-31,136261,2529,9,0.9960705041885376
NeuMF,2011,2011-12-31,136261,5047,10,0.99600750207901
NeuMF,2011,2011-12-31,136273,3677,1,0.9999890327453613
NeuMF,2011,2011-12-31,136273,5508,2,0.9998819828033447
NeuMF,2011,2011-12-31,136273,290,3,0.9996606111526489
NeuMF,2011,2011-12-31,136273,6667,4,0.9995914101600647
NeuMF,2011,2011-12-31,136273,69481,5,0.9989283680915833
NeuMF,2011,2011-12-31,136273,64197,6,0.9987472295761108
NeuMF,2011,2011-12-31,136273,3949,7,0.9987047910690308
NeuMF,2011,2011-12-31,136273,2542,8,0.9984650611877441
NeuMF,2011,2011-12-31,136273,3108,9,0.997917115688324
NeuMF,2011,2011-12-31,136273,4226,10,0.9978468418121338
NeuMF,2011,2011-12-31,136449,53972,1,0.9997056126594543
NeuMF,2011,2011-12-31,136449,44191,2,0.9997010827064514
NeuMF,2011,2011-12-31,136449,58559,3,0.999303936958313
NeuMF,2011,2011-12-31,136449,77561,4,0.9989356398582458
NeuMF,2011,2011-12-31,136449,54286,5,0.9988945126533508
NeuMF,2011,2011-12-31,136449,42738,6,0.9988528490066528
NeuMF,2011,2011-12-31,136449,33794,7,0.9988445043563843
NeuMF,2011,2011-12-31,136449,2959,8,0.998784601688385
NeuMF,2011,2011-12-31,136449,60069,9,0.998747706413269
NeuMF,2011,2011-12-31,136449,79132,10,0.9987429976463318
NeuMF,2011,2011-12-31,137287,45447,1,0.9989720582962036
NeuMF,2011,2011-12-31,137287,44195,2,0.9989601373672485
NeuMF,2011,2011-12-31,137287,46578,3,0.9989251494407654
NeuMF,2011,2011-12-31,137287,420,4,0.9987952709197998
NeuMF,2011,2011-12-31,137287,43396,5,0.998428225517273
NeuMF,2011,2011-12-31,137287,41997,6,0.9983206391334534
NeuMF,2011,2011-12-31,137287,49530,7,0.9982417821884155
NeuMF,2011,2011-12-31,137287,1676,8,0.9982345104217529
NeuMF,2011,2011-12-31,137287,55765,9,0.998187243938446
NeuMF,2011,2011-12-31,137287,40819,10,0.9973959922790527
NeuMF,2011,2011-12-31,137464,68237,1,0.9993979930877686
NeuMF,2011,2011-12-31,137464,58559,2,0.9990575909614563
NeuMF,2011,2011-12-31,137464,55444,3,0.9990401864051819
NeuMF,2011,2011-12-31,137464,60069,4,0.9986907839775085
NeuMF,2011,2011-12-31,137464,1274,5,0.9982086420059204
NeuMF,2011,2011-12-31,137464,7153,6,0.9981454610824585
NeuMF,2011,2011-12-31,137464,27592,7,0.9979690909385681
NeuMF,2011,2011-12-31,137464,56587,8,0.9977645874023438
NeuMF,2011,2011-12-31,137464,59387,9,0.9977303147315979
NeuMF,2011,2011-12-31,137464,54995,10,0.9976670742034912
NeuMF,2011,2011-12-31,137556,1201,1,0.9992215633392334
NeuMF,2011,2011-12-31,137556,4327,2,0.9981858134269714
NeuMF,2011,2011-12-31,137556,1222,3,0.9981662631034851
NeuMF,2011,2011-12-31,137556,4886,4,0.9975879192352295
NeuMF,2011,2011-12-31,137556,4085,5,0.9973926544189453
NeuMF,2011,2011-12-31,137556,7263,6,0.9973347783088684
NeuMF,2011,2011-12-31,137556,69844,7,0.9972330927848816
NeuMF,2011,2011-12-31,137556,1939,8,0.996733546257019
NeuMF,2011,2011-12-31,137556,39292,9,0.9965471625328064
NeuMF,2011,2011-12-31,137556,1029,10,0.9965007305145264
NeuMF,2011,2011-12-31,137686,69306,1,0.9998471736907959
NeuMF,2011,2011-12-31,137686,61323,2,0.9990518689155579
NeuMF,2011,2011-12-31,137686,5009,3,0.9986754059791565
NeuMF,2011,2011-12-31,137686,68954,4,0.9985488057136536
NeuMF,2011,2011-12-31,137686,5464,5,0.9981650710105896
NeuMF,2011,2011-12-31,137686,2126,6,0.9981178045272827
NeuMF,2011,2011-12-31,137686,5481,7,0.9981164932250977
NeuMF,2011,2011-12-31,137686,288,8,0.9980056881904602
NeuMF,2011,2011-12-31,137686,5956,9,0.9977176189422607
NeuMF,2011,2011-12-31,137686,68073,10,0.9976321458816528
NeuMF,2011,2011-12-31,138099,72171,1,0.9996250867843628
NeuMF,2011,2011-12-31,138099,52606,2,0.9994122982025146
NeuMF,2011,2011-12-31,138099,61323,3,0.9993327260017395
NeuMF,2011,2011-12-31,138099,64839,4,0.9990409016609192
NeuMF,2011,2011-12-31,138099,48394,5,0.9988371729850769
NeuMF,2011,2011-12-31,138099,59315,6,0.9986180067062378
NeuMF,2011,2011-12-31,138099,68358,7,0.9985914826393127
NeuMF,2011,2011-12-31,138099,62849,8,0.9985294342041016
NeuMF,2011,2011-12-31,138099,73344,9,0.9984579086303711
NeuMF,2011,2011-12-31,138099,27478,10,0.9984561204910278
NeuMF,2011,2011-12-31,138161,7438,1,0.9995157718658447
NeuMF,2011,2011-12-31,138161,45186,2,0.9989985823631287
NeuMF,2011,2011-12-31,138161,8984,3,0.9987446069717407
NeuMF,2011,2011-12-31,138161,6953,4,0.9986472725868225
NeuMF,2011,2011-12-31,138161,780,5,0.9985976815223694
NeuMF,2011,2011-12-31,138161,7373,6,0.9985963702201843
NeuMF,2011,2011-12-31,138161,6502,7,0.9984846711158752
NeuMF,2011,2011-12-31,138161,6874,8,0.9983149766921997
NeuMF,2011,2011-12-31,138161,8798,9,0.99830162525177
NeuMF,2011,2011-12-31,138161,733,10,0.9980000853538513
NeuMF,2011,2011-12-31,138741,8870,1,0.9998111128807068
NeuMF,2011,2011-12-31,138741,7454,2,0.9996886253356934
NeuMF,2011,2011-12-31,138741,56801,3,0.9996694326400757
NeuMF,2011,2011-12-31,138741,5128,4,0.9994816184043884
NeuMF,2011,2011-12-31,138741,60937,5,0.9991948008537292
NeuMF,2011,2011-12-31,138741,8371,6,0.9989944100379944
NeuMF,2011,2011-12-31,138741,1831,7,0.9986961483955383
NeuMF,2011,2011-12-31,138741,54259,8,0.9981712102890015
NeuMF,2011,2011-12-31,138741,52722,9,0.9981309771537781
NeuMF,2011,2011-12-31,138741,8972,10,0.9977145195007324
NeuMF,2011,2011-12-31,138953,7293,1,0.9997382760047913
NeuMF,2011,2011-12-31,138953,30822,2,0.9996501207351685
NeuMF,2011,2011-12-31,138953,56587,3,0.9996477365493774
NeuMF,2011,2011-12-31,138953,6187,4,0.9995978474617004
NeuMF,2011,2011-12-31,138953,46972,5,0.9995868802070618
NeuMF,2011,2011-12-31,138953,6942,6,0.9994462132453918
NeuMF,2011,2011-12-31,138953,8860,7,0.9994220733642578
NeuMF,2011,2011-12-31,138953,51086,8,0.9993723034858704
NeuMF,2011,2011-12-31,138953,8866,9,0.9989591836929321
NeuMF,2011,2011-12-31,138953,7445,10,0.9988823533058167
NeuMF,2011,2011-12-31,139140,64034,1,0.9994298815727234
NeuMF,2011,2011-12-31,139140,39446,2,0.9989979863166809
NeuMF,2011,2011-12-31,139140,58559,3,0.9986347556114197
NeuMF,2011,2011-12-31,139140,3257,4,0.9985072016716003
NeuMF,2011,2011-12-31,139140,64622,5,0.9984669089317322
NeuMF,2011,2011-12-31,139140,31,6,0.9980515241622925
NeuMF,2011,2011-12-31,139140,169,7,0.9980335831642151
NeuMF,2011,2011-12-31,139140,2424,8,0.9980218410491943
NeuMF,2011,2011-12-31,139140,64614,9,0.9976982474327087
NeuMF,2011,2011-12-31,139140,53125,10,0.9972214698791504
NeuMF,2011,2011-12-31,139425,595,1,0.9996434450149536
NeuMF,2011,2011-12-31,139425,2018,2,0.9995920062065125
NeuMF,2011,2011-12-31,139425,2080,3,0.9993070363998413
NeuMF,2011,2011-12-31,139425,1393,4,0.9992251396179199
NeuMF,2011,2011-12-31,139425,1380,5,0.9990848302841187
NeuMF,2011,2011-12-31,139425,1721,6,0.9989306330680847
NeuMF,2011,2011-12-31,139425,914,7,0.9989168643951416
NeuMF,2011,2011-12-31,139425,1672,8,0.9988079071044922
NeuMF,2011,2011-12-31,139425,8916,9,0.9987357258796692
NeuMF,2011,2011-12-31,139425,1704,10,0.9987214207649231
NeuMF,2011,2011-12-31,139493,38886,1,0.9999921321868896
NeuMF,2011,2011-12-31,139493,6016,2,0.9999750852584839
NeuMF,2011,2011-12-31,139493,7460,3,0.9999693632125854
NeuMF,2011,2011-12-31,139493,48872,4,0.9999481439590454
NeuMF,2011,2011-12-31,139493,60950,5,0.9999473094940186
NeuMF,2011,2011-12-31,139493,36535,6,0.9999184608459473
NeuMF,2011,2011-12-31,139493,44555,7,0.9998725652694702
NeuMF,2011,2011-12-31,139493,7323,8,0.9998679161071777
NeuMF,2011,2011-12-31,139493,53519,9,0.9998672008514404
NeuMF,2011,2011-12-31,139493,520,10,0.9998168349266052
NeuMF,2011,2011-12-31,139498,908,1,0.9981606602668762
NeuMF,2011,2011-12-31,139498,661,2,0.9979008436203003
NeuMF,2011,2011-12-31,139498,1265,3,0.9975988268852234
NeuMF,2011,2011-12-31,139498,4226,4,0.9974798560142517
NeuMF,2011,2011-12-31,139498,1230,5,0.9965161085128784
NeuMF,2011,2011-12-31,139498,78499,6,0.9962010979652405
NeuMF,2011,2011-12-31,139498,750,7,0.9960913062095642
NeuMF,2011,2011-12-31,139498,1221,8,0.996056079864502
NeuMF,2011,2011-12-31,139498,2080,9,0.9940318465232849
NeuMF,2011,2011-12-31,139498,1288,10,0.993800699710846
NeuMF,2011,2011-12-31,139730,4975,1,0.9998584985733032
NeuMF,2011,2011-12-31,139730,47099,2,0.9998087286949158
NeuMF,2011,2011-12-31,139730,5349,3,0.9992190599441528
NeuMF,2011,2011-12-31,139730,33166,4,0.9992008805274963
NeuMF,2011,2011-12-31,139730,5995,5,0.9991487264633179
NeuMF,2011,2011-12-31,139730,2959,6,0.9991334080696106
NeuMF,2011,2011-12-31,139730,46322,7,0.9991297125816345
NeuMF,2011,2011-12-31,139730,3578,8,0.9990606904029846
NeuMF,2011,2011-12-31,139730,5445,9,0.9990167617797852
NeuMF,2011,2011-12-31,139730,2329,10,0.9989833235740662
NeuMF,2011,2011-12-31,139800,44022,1,0.9999001026153564
NeuMF,2011,2011-12-31,139800,7438,2,0.9997735619544983
NeuMF,2011,2011-12-31,139800,60069,3,0.9997267127037048
NeuMF,2011,2011-12-31,139800,56367,4,0.9996713399887085
NeuMF,2011,2011-12-31,139800,41566,5,0.9996328353881836
NeuMF,2011,2011-12-31,139800,68157,6,0.9996089339256287
NeuMF,2011,2011-12-31,139800,33794,7,0.9995583891868591
NeuMF,2011,2011-12-31,139800,49530,8,0.9995517134666443
NeuMF,2011,2011-12-31,139800,41571,9,0.9992998838424683
NeuMF,2011,2011-12-31,139800,47099,10,0.9992353916168213
NeuMF,2011,2011-12-31,139846,8644,1,0.9997901320457458
NeuMF,2011,2011-12-31,139846,8957,2,0.9996501207351685
NeuMF,2011,2011-12-31,139846,7254,3,0.9996273517608643
NeuMF,2011,2011-12-31,139846,57528,4,0.9993157386779785
NeuMF,2011,2011-12-31,139846,58559,5,0.9992673993110657
NeuMF,2011,2011-12-31,139846,60074,6,0.9992256164550781
NeuMF,2011,2011-12-31,139846,57368,7,0.9990800619125366
NeuMF,2011,2011-12-31,139846,8636,8,0.9989733695983887
NeuMF,2011,2011-12-31,139846,8861,9,0.9988535642623901
NeuMF,2011,2011-12-31,139846,5989,10,0.9986384510993958
NeuMF,2011,2011-12-31,140030,778,1,0.9996170997619629
NeuMF,2011,2011-12-31,140030,40583,2,0.9994958639144897
NeuMF,2011,2011-12-31,140030,541,3,0.9994099140167236
NeuMF,2011,2011-12-31,140030,45183,4,0.9986981153488159
NeuMF,2011,2011-12-31,140030,1080,5,0.9983012080192566
NeuMF,2011,2011-12-31,140030,54272,6,0.998204231262207
NeuMF,2011,2011-12-31,140030,3793,7,0.9981001019477844
NeuMF,2011,2011-12-31,140030,56805,8,0.9978852868080139
NeuMF,2011,2011-12-31,140030,44665,9,0.997688889503479
NeuMF,2011,2011-12-31,140030,714,10,0.9974138736724854
NeuMF,2011,2011-12-31,140095,69122,1,0.999841570854187
NeuMF,2011,2011-12-31,140095,7438,2,0.9995307922363281
NeuMF,2011,2011-12-31,140095,78499,3,0.9994291663169861
NeuMF,2011,2011-12-31,140095,60069,4,0.9992387294769287
NeuMF,2011,2011-12-31,140095,7360,5,0.9987599849700928
NeuMF,2011,2011-12-31,140095,59315,6,0.9986911416053772
NeuMF,2011,2011-12-31,140095,2502,7,0.9985173344612122
NeuMF,2011,2011-12-31,140095,6502,8,0.9984716773033142
NeuMF,2011,2011-12-31,140095,70286,9,0.9982830286026001
NeuMF,2011,2011-12-31,140095,68954,10,0.9982256293296814
NeuMF,2011,2011-12-31,140221,8873,1,0.9997994303703308
NeuMF,2011,2011-12-31,140221,6385,2,0.9996473789215088
NeuMF,2011,2011-12-31,140221,4995,3,0.9993880987167358
NeuMF,2011,2011-12-31,140221,4306,4,0.9993688464164734
NeuMF,2011,2011-12-31,140221,5446,5,0.9990424513816833
NeuMF,2011,2011-12-31,140221,4225,6,0.9989402890205383
NeuMF,2011,2011-12-31,140221,63082,7,0.9989263415336609
NeuMF,2011,2011-12-31,140221,7153,8,0.9986059069633484
NeuMF,2011,2011-12-31,140221,5992,9,0.9985734224319458
NeuMF,2011,2011-12-31,140221,4963,10,0.9985602498054504
NeuMF,2011,2011-12-31,140240,2762,1,0.9992526173591614
NeuMF,2011,2011-12-31,140240,858,2,0.9980465173721313
NeuMF,2011,2011-12-31,140240,916,3,0.9977023005485535
NeuMF,2011,2011-12-31,140240,480,4,0.9974969029426575
NeuMF,2011,2011-12-31,140240,1240,5,0.9974963068962097
NeuMF,2011,2011-12-31,140240,1287,6,0.996931791305542
NeuMF,2011,2011-12-31,140240,1,7,0.996927797794342
NeuMF,2011,2011-12-31,140240,919,8,0.9963028430938721
NeuMF,2011,2011-12-31,140240,70286,9,0.9961856007575989
NeuMF,2011,2011-12-31,140240,1580,10,0.9960424900054932
NeuMF,2011,2011-12-31,141058,53318,1,0.9986107349395752
NeuMF,2011,2011-12-31,141058,145,2,0.998456597328186
NeuMF,2011,2011-12-31,141058,2273,3,0.9978591799736023
NeuMF,2011,2011-12-31,141058,55290,4,0.997267484664917
NeuMF,2011,2011-12-31,141058,3717,5,0.9970108270645142
NeuMF,2011,2011-12-31,141058,3316,6,0.9967082738876343
NeuMF,2011,2011-12-31,141058,3452,7,0.995732843875885
NeuMF,2011,2011-12-31,141058,3535,8,0.9956413507461548
NeuMF,2011,2011-12-31,141058,27700,9,0.9949393272399902
NeuMF,2011,2011-12-31,141058,57669,10,0.9948135614395142
NeuMF,2011,2011-12-31,141289,3681,1,0.9999538660049438
NeuMF,2011,2011-12-31,141289,79132,2,0.9997310042381287
NeuMF,2011,2011-12-31,141289,80463,3,0.999482274055481
NeuMF,2011,2011-12-31,141289,68073,4,0.9988276362419128
NeuMF,2011,2011-12-31,141289,79702,5,0.9982840418815613
NeuMF,2011,2011-12-31,141289,53318,6,0.9982584118843079
NeuMF,2011,2011-12-31,141289,68358,7,0.9981926083564758
NeuMF,2011,2011-12-31,141289,5425,8,0.9979991316795349
NeuMF,2011,2011-12-31,141289,3508,9,0.9979932308197021
NeuMF,2011,2011-12-31,141289,52952,10,0.996927797794342
NeuMF,2011,2011-12-31,141490,58047,1,0.9998494386672974
NeuMF,2011,2011-12-31,141490,57243,2,0.9994553923606873
NeuMF,2011,2011-12-31,141490,5752,3,0.9993174076080322
NeuMF,2011,2011-12-31,141490,53121,4,0.9988570213317871
NeuMF,2011,2011-12-31,141490,58295,5,0.9983768463134766
NeuMF,2011,2011-12-31,141490,51084,6,0.9977338314056396
NeuMF,2011,2011-12-31,141490,58303,7,0.9975001215934753
NeuMF,2011,2011-12-31,141490,45517,8,0.9968660473823547
NeuMF,2011,2011-12-31,141490,5470,9,0.9966333508491516
NeuMF,2011,2011-12-31,141490,4857,10,0.9966327548027039
NeuMF,2011,2011-12-31,142164,60069,1,0.9998538494110107
NeuMF,2011,2011-12-31,142164,68954,2,0.9997995495796204
NeuMF,2011,2011-12-31,142164,62374,3,0.9997938275337219
NeuMF,2011,2011-12-31,142164,51255,4,0.9997397065162659
NeuMF,2011,2011-12-31,142164,44191,5,0.9995309114456177
NeuMF,2011,2011-12-31,142164,63082,6,0.9995167255401611
NeuMF,2011,2011-12-31,142164,79132,7,0.9994708895683289
NeuMF,2011,2011-12-31,142164,53972,8,0.9993953704833984
NeuMF,2011,2011-12-31,142164,59369,9,0.9993062019348145
NeuMF,2011,2011-12-31,142164,68358,10,0.9992799162864685
NeuMF,2011,2011-12-31,142343,2310,1,0.9999980926513672
NeuMF,2011,2011-12-31,142343,1574,2,0.9997074007987976
NeuMF,2011,2011-12-31,142343,5782,3,0.9986627101898193
NeuMF,2011,2011-12-31,142343,7847,4,0.9978232383728027
NeuMF,2011,2011-12-31,142343,3515,5,0.997313916683197
NeuMF,2011,2011-12-31,142343,6375,6,0.9966726303100586
NeuMF,2011,2011-12-31,142343,3805,7,0.9954026937484741
NeuMF,2011,2011-12-31,142343,2866,8,0.9949259757995605
NeuMF,2011,2011-12-31,142343,1113,9,0.9947287440299988
NeuMF,2011,2011-12-31,142343,1125,10,0.9944317936897278
NeuMF,2011,2011-12-31,142766,4128,1,0.9995201826095581
NeuMF,2011,2011-12-31,142766,2420,2,0.9990069270133972
NeuMF,2011,2011-12-31,142766,3688,3,0.9988535642623901
NeuMF,2011,2011-12-31,142766,1645,4,0.9986745119094849
NeuMF,2011,2011-12-31,142766,2881,5,0.9982219338417053
NeuMF,2011,2011-12-31,142766,3552,6,0.9981191754341125
NeuMF,2011,2011-12-31,142766,4214,7,0.9980165958404541
NeuMF,2011,2011-12-31,142766,4975,8,0.9979947805404663
NeuMF,2011,2011-12-31,142766,1961,9,0.9976406097412109
NeuMF,2011,2011-12-31,142766,3147,10,0.9976245760917664
NeuMF,2011,2011-12-31,142821,6539,1,0.9991326928138733
NeuMF,2011,2011-12-31,142821,2447,2,0.9990288019180298
NeuMF,2011,2011-12-31,142821,637,3,0.9981548190116882
NeuMF,2011,2011-12-31,142821,88,4,0.9974105954170227
NeuMF,2011,2011-12-31,142821,2195,5,0.9972163438796997
NeuMF,2011,2011-12-31,142821,69,6,0.9971555471420288
NeuMF,2011,2011-12-31,142821,1911,7,0.9969738721847534
NeuMF,2011,2011-12-31,142821,6944,8,0.9963783621788025
NeuMF,2011,2011-12-31,142821,2082,9,0.9960662722587585
NeuMF,2011,2011-12-31,142821,8636,10,0.9951188564300537
NeuMF,2011,2011-12-31,142824,3147,1,0.9995044469833374
NeuMF,2011,2011-12-31,142824,2997,2,0.9990167617797852
NeuMF,2011,2011-12-31,142824,589,3,0.9987021684646606
NeuMF,2011,2011-12-31,142824,1617,4,0.9981492757797241
NeuMF,2011,2011-12-31,142824,51662,5,0.9977631568908691
NeuMF,2011,2011-12-31,142824,7254,6,0.997647225856781
NeuMF,2011,2011-12-31,142824,49530,7,0.996757447719574
NeuMF,2011,2011-12-31,142824,3476,8,0.9963998794555664
NeuMF,2011,2011-12-31,142824,110,9,0.996145486831665
NeuMF,2011,2011-12-31,142824,3699,10,0.994924783706665
NeuMF,2011,2011-12-31,142955,68536,1,0.9985544085502625
NeuMF,2011,2011-12-31,142955,6773,2,0.998548686504364
NeuMF,2011,2011-12-31,142955,37741,3,0.997406542301178
NeuMF,2011,2011-12-31,142955,44555,4,0.9972033500671387
NeuMF,2011,2011-12-31,142955,44022,5,0.9971505999565125
NeuMF,2011,2011-12-31,142955,39183,6,0.9969795942306519
NeuMF,2011,2011-12-31,142955,1641,7,0.9965543746948242
NeuMF,2011,2011-12-31,142955,5319,8,0.9961870312690735
NeuMF,2011,2011-12-31,142955,34437,9,0.9960816502571106
NeuMF,2011,2011-12-31,142955,1693,10,0.9959695339202881
NeuMF,2011,2011-12-31,143011,7013,1,0.9995046854019165
NeuMF,2011,2011-12-31,143011,52950,2,0.9984920024871826
NeuMF,2011,2011-12-31,143011,27592,3,0.9979953765869141
NeuMF,2011,2011-12-31,143011,52722,4,0.9978170394897461
NeuMF,2011,2011-12-31,143011,2726,5,0.9954267740249634
NeuMF,2011,2011-12-31,143011,123,6,0.9950062036514282
NeuMF,2011,2011-12-31,143011,6971,7,0.9949859380722046
NeuMF,2011,2011-12-31,143011,4881,8,0.9947993755340576
NeuMF,2011,2011-12-31,143011,42718,9,0.9945846199989319
NeuMF,2011,2011-12-31,143011,1625,10,0.9943206310272217
NeuMF,2011,2011-12-31,143019,1610,1,0.9990023970603943
NeuMF,2011,2011-12-31,143019,353,2,0.9987697005271912
NeuMF,2011,2011-12-31,143019,1370,3,0.9987190961837769
NeuMF,2011,2011-12-31,143019,1653,4,0.9980546236038208
NeuMF,2011,2011-12-31,143019,1196,5,0.9980006814002991
NeuMF,2011,2011-12-31,143019,1059,6,0.997403085231781
NeuMF,2011,2011-12-31,143019,4975,7,0.9970402121543884
NeuMF,2011,2011-12-31,143019,2000,8,0.9970153570175171
NeuMF,2011,2011-12-31,143019,1961,9,0.9968419075012207
NeuMF,2011,2011-12-31,143019,4720,10,0.9961684346199036
NeuMF,2011,2011-12-31,143598,1654,1,0.999397873878479
NeuMF,2011,2011-12-31,143598,2622,2,0.9993322491645813
NeuMF,2011,2011-12-31,143598,705,3,0.9991003274917603
NeuMF,2011,2011-12-31,143598,892,4,0.998271107673645
NeuMF,2011,2011-12-31,143598,73,5,0.9978017210960388
NeuMF,2011,2011-12-31,143598,2436,6,0.9976897239685059
NeuMF,2011,2011-12-31,143598,4261,7,0.9971191883087158
NeuMF,2011,2011-12-31,143598,2392,8,0.9970857501029968
NeuMF,2011,2011-12-31,143598,8866,9,0.9963155388832092
NeuMF,2011,2011-12-31,143598,49957,10,0.995970606803894
NeuMF,2011,2011-12-31,143962,1475,1,0.9993709921836853
NeuMF,2011,2011-12-31,143962,2105,2,0.9978741407394409
NeuMF,2011,2011-12-31,143962,1275,3,0.9977341890335083
NeuMF,2011,2011-12-31,143962,3827,4,0.9969852566719055
NeuMF,2011,2011-12-31,143962,3701,5,0.9969496130943298
NeuMF,2011,2011-12-31,143962,1268,6,0.9969363212585449
NeuMF,2011,2011-12-31,143962,2146,7,0.9965141415596008
NeuMF,2011,2011-12-31,143962,3793,8,0.9965081810951233
NeuMF,2011,2011-12-31,143962,5521,9,0.9953259229660034
NeuMF,2011,2011-12-31,143962,3513,10,0.9950113296508789
NeuMF,2011,2011-12-31,144015,4748,1,0.9993807077407837
NeuMF,2011,2011-12-31,144015,5970,2,0.9993070363998413
NeuMF,2011,2011-12-31,144015,4011,3,0.9985072016716003
NeuMF,2011,2011-12-31,144015,4178,4,0.9977003931999207
NeuMF,2011,2011-12-31,144015,2502,5,0.9976847171783447
NeuMF,2011,2011-12-31,144015,2236,6,0.997077465057373
NeuMF,2011,2011-12-31,144015,35836,7,0.9968407154083252
NeuMF,2011,2011-12-31,144015,72641,8,0.9965652823448181
NeuMF,2011,2011-12-31,144015,1597,9,0.9963585734367371
NeuMF,2011,2011-12-31,144015,333,10,0.9960283041000366
NeuMF,2011,2011-12-31,144188,5060,1,0.9996811151504517
NeuMF,2011,2011-12-31,144188,1210,2,0.9994762539863586
NeuMF,2011,2011-12-31,144188,260,3,0.9993236064910889
NeuMF,2011,2011-12-31,144188,1376,4,0.9992364645004272
NeuMF,2011,2011-12-31,144188,1196,5,0.9991971850395203
NeuMF,2011,2011-12-31,144188,2699,6,0.9991945624351501
NeuMF,2011,2011-12-31,144188,2396,7,0.9990983009338379
NeuMF,2011,2011-12-31,144188,1234,8,0.9989390969276428
NeuMF,2011,2011-12-31,144188,2406,9,0.9989180564880371
NeuMF,2011,2011-12-31,144188,1198,10,0.9987687468528748
NeuMF,2011,2011-12-31,144334,5792,1,0.999894380569458
NeuMF,2011,2011-12-31,144334,2883,2,0.9996161460876465
NeuMF,2011,2011-12-31,144334,5014,3,0.9990733861923218
NeuMF,2011,2011-12-31,144334,6993,4,0.9989144802093506
NeuMF,2011,2011-12-31,144334,33154,5,0.9983698725700378
NeuMF,2011,2011-12-31,144334,3358,6,0.9983348250389099
NeuMF,2011,2011-12-31,144334,5508,7,0.997837245464325
NeuMF,2011,2011-12-31,144334,514,8,0.9974561333656311
NeuMF,2011,2011-12-31,144334,3426,9,0.9974466562271118
NeuMF,2011,2011-12-31,144334,5421,10,0.9972545504570007
NeuMF,2011,2011-12-31,144438,66203,1,0.9994151592254639
NeuMF,2011,2011-12-31,144438,73290,2,0.9992938041687012
NeuMF,2011,2011-12-31,144438,71838,3,0.9990959167480469
NeuMF,2011,2011-12-31,144438,69406,4,0.9990925788879395
NeuMF,2011,2011-12-31,144438,5349,5,0.9989861845970154
NeuMF,2011,2011-12-31,144438,185,6,0.9988840222358704
NeuMF,2011,2011-12-31,144438,256,7,0.9988532066345215
NeuMF,2011,2011-12-31,144438,78499,8,0.9987770915031433
NeuMF,2011,2011-12-31,144438,6373,9,0.9986698627471924
NeuMF,2011,2011-12-31,144438,5378,10,0.9985854625701904
NeuMF,2011,2011-12-31,144455,5291,1,0.9995715022087097
NeuMF,2011,2011-12-31,144455,3328,2,0.9993841648101807
NeuMF,2011,2011-12-31,144455,3725,3,0.9990733861923218
NeuMF,2011,2011-12-31,144455,38304,4,0.9988089799880981
NeuMF,2011,2011-12-31,144455,1218,5,0.9980685114860535
NeuMF,2011,2011-12-31,144455,3683,6,0.997944176197052
NeuMF,2011,2011-12-31,144455,799,7,0.9974007606506348
NeuMF,2011,2011-12-31,144455,6104,8,0.9970610737800598
NeuMF,2011,2011-12-31,144455,27109,9,0.9964742064476013
NeuMF,2011,2011-12-31,144455,27478,10,0.9962571859359741
NeuMF,2011,2011-12-31,144900,1196,1,0.9998189806938171
NeuMF,2011,2011-12-31,144900,541,2,0.9995002746582031
NeuMF,2011,2011-12-31,144900,260,3,0.9994410872459412
NeuMF,2011,2011-12-31,144900,2028,4,0.999440610408783
NeuMF,2011,2011-12-31,144900,1198,5,0.9992917776107788
NeuMF,2011,2011-12-31,144900,1610,6,0.9992475509643555
NeuMF,2011,2011-12-31,144900,1240,7,0.9990808963775635
NeuMF,2011,2011-12-31,144900,1200,8,0.9989591836929321
NeuMF,2011,2011-12-31,144900,3256,9,0.9989261031150818
NeuMF,2011,2011-12-31,144900,1242,10,0.9987565279006958
NeuMF,2011,2011-12-31,145552,760,1,0.9999346733093262
NeuMF,2011,2011-12-31,145552,3508,2,0.9995162487030029
NeuMF,2011,2011-12-31,145552,64983,3,0.9994946718215942
NeuMF,2011,2011-12-31,145552,1222,4,0.9990002512931824
NeuMF,2011,2011-12-31,145552,63113,5,0.9989466071128845
NeuMF,2011,2011-12-31,145552,1036,6,0.9985664486885071
NeuMF,2011,2011-12-31,145552,53996,7,0.9982331991195679
NeuMF,2011,2011-12-31,145552,59369,8,0.9978577494621277
NeuMF,2011,2011-12-31,145552,1240,9,0.9978445768356323
NeuMF,2011,2011-12-31,145552,1250,10,0.9975542426109314
NeuMF,2011,2011-12-31,145764,3462,1,0.9998427629470825
NeuMF,2011,2011-12-31,145764,7256,2,0.9997797608375549
NeuMF,2011,2011-12-31,145764,71108,3,0.999769389629364
NeuMF,2011,2011-12-31,145764,31410,4,0.9995583891868591
NeuMF,2011,2011-12-31,145764,6818,5,0.9994188547134399
NeuMF,2011,2011-12-31,145764,7767,6,0.9993370175361633
NeuMF,2011,2011-12-31,145764,27803,7,0.9992013573646545
NeuMF,2011,2011-12-31,145764,7748,8,0.9990693926811218
NeuMF,2011,2011-12-31,145764,3415,9,0.9990394711494446
NeuMF,2011,2011-12-31,145764,306,10,0.9989449381828308
NeuMF,2011,2011-12-31,145782,35836,1,0.9996657371520996
NeuMF,2011,2011-12-31,145782,7293,2,0.9989946484565735
NeuMF,2011,2011-12-31,145782,2720,3,0.9986031651496887
NeuMF,2011,2011-12-31,145782,2329,4,0.9984776377677917
NeuMF,2011,2011-12-31,145782,7361,5,0.9980804920196533
NeuMF,2011,2011-12-31,145782,7147,6,0.9977849125862122
NeuMF,2011,2011-12-31,145782,8961,7,0.9975366592407227
NeuMF,2011,2011-12-31,145782,8917,8,0.9973909854888916
NeuMF,2011,2011-12-31,145782,2501,9,0.9973323345184326
NeuMF,2011,2011-12-31,145782,8636,10,0.9964879751205444
NeuMF,2011,2011-12-31,145849,33794,1,0.9992419481277466
NeuMF,2011,2011-12-31,145849,8640,2,0.9991652965545654
NeuMF,2011,2011-12-31,145849,7323,3,0.9991552829742432
NeuMF,2011,2011-12-31,145849,27700,4,0.9982757568359375
NeuMF,2011,2011-12-31,145849,7454,5,0.9980992674827576
NeuMF,2011,2011-12-31,145849,8798,6,0.9980694651603699
NeuMF,2011,2011-12-31,145849,31410,7,0.9980587363243103
NeuMF,2011,2011-12-31,145849,45499,8,0.9979554414749146
NeuMF,2011,2011-12-31,145849,6291,9,0.9979373216629028
NeuMF,2011,2011-12-31,145849,58293,10,0.9978235960006714
NeuMF,2011,2011-12-31,146307,6787,1,0.9997628331184387
NeuMF,2011,2011-12-31,146307,5812,2,0.9997573494911194
NeuMF,2011,2011-12-31,146307,3618,3,0.9995206594467163
NeuMF,2011,2011-12-31,146307,6773,4,0.9992842078208923
NeuMF,2011,2011-12-31,146307,5013,5,0.9989849925041199
NeuMF,2011,2011-12-31,146307,4881,6,0.9988983869552612
NeuMF,2011,2011-12-31,146307,5319,7,0.9988388419151306
NeuMF,2011,2011-12-31,146307,5993,8,0.9984036087989807
NeuMF,2011,2011-12-31,146307,4280,9,0.9983355402946472
NeuMF,2011,2011-12-31,146307,7149,10,0.9979422688484192
NeuMF,2011,2011-12-31,146615,5952,1,0.9999006986618042
NeuMF,2011,2011-12-31,146615,7153,2,0.9998830556869507
NeuMF,2011,2011-12-31,146615,6016,3,0.9998233914375305
NeuMF,2011,2011-12-31,146615,6539,4,0.9998065829277039
NeuMF,2011,2011-12-31,146615,58559,5,0.999716579914093
NeuMF,2011,2011-12-31,146615,68157,6,0.9997100234031677
NeuMF,2011,2011-12-31,146615,79132,7,0.9997066855430603
NeuMF,2011,2011-12-31,146615,7361,8,0.9997023940086365
NeuMF,2011,2011-12-31,146615,4993,9,0.9997003078460693
NeuMF,2011,2011-12-31,146615,4995,10,0.9996602535247803
NeuMF,2011,2011-12-31,146707,78105,1,0.9999431371688843
NeuMF,2011,2011-12-31,146707,46335,2,0.9999349117279053
NeuMF,2011,2011-12-31,146707,70286,3,0.9998801946640015
NeuMF,2011,2011-12-31,146707,69644,4,0.999777615070343
NeuMF,2011,2011-12-31,146707,68157,5,0.9997430443763733
NeuMF,2011,2011-12-31,146707,4993,6,0.9996907711029053
NeuMF,2011,2011-12-31,146707,6539,7,0.9996898174285889
NeuMF,2011,2011-12-31,146707,7153,8,0.9996844530105591
NeuMF,2011,2011-12-31,146707,79132,9,0.9996751546859741
NeuMF,2011,2011-12-31,146707,60040,10,0.9996633529663086
NeuMF,2011,2011-12-31,147219,53894,1,0.9997156262397766
NeuMF,2011,2011-12-31,147219,58078,2,0.9991511106491089
NeuMF,2011,2011-12-31,147219,54796,3,0.9988603591918945
NeuMF,2011,2011-12-31,147219,4452,4,0.9985254406929016
NeuMF,2011,2011-12-31,147219,3683,5,0.9984487295150757
NeuMF,2011,2011-12-31,147219,4239,6,0.9983916878700256
NeuMF,2011,2011-12-31,147219,8364,7,0.9983035326004028
NeuMF,2011,2011-12-31,147219,3246,8,0.9982075691223145
NeuMF,2011,2011-12-31,147219,55290,9,0.9981052875518799
NeuMF,2011,2011-12-31,147219,3852,10,0.9979838132858276
NeuMF,2011,2011-12-31,147260,6711,1,0.9995101690292358
NeuMF,2011,2011-12-31,147260,7361,2,0.9990159273147583
NeuMF,2011,2011-12-31,147260,4226,3,0.9986231327056885
NeuMF,2011,2011-12-31,147260,1208,4,0.9985122084617615
NeuMF,2011,2011-12-31,147260,5952,5,0.9981970191001892
NeuMF,2011,2011-12-31,147260,7153,6,0.9980180263519287
NeuMF,2011,2011-12-31,147260,33794,7,0.9980121850967407
NeuMF,2011,2011-12-31,147260,1214,8,0.9977598190307617
NeuMF,2011,2011-12-31,147260,1148,9,0.9977204203605652
NeuMF,2011,2011-12-31,147260,1278,10,0.9973847270011902
NeuMF,2011,2011-12-31,147316,80463,1,0.9999287128448486
NeuMF,2011,2011-12-31,147316,78499,2,0.9998393058776855
NeuMF,2011,2011-12-31,147316,33493,3,0.9997755885124207
NeuMF,2011,2011-12-31,147316,81591,4,0.9997692704200745
NeuMF,2011,2011-12-31,147316,74530,5,0.9997065663337708
NeuMF,2011,2011-12-31,147316,8961,6,0.9995729327201843
NeuMF,2011,2011-12-31,147316,8368,7,0.9995532631874084
NeuMF,2011,2011-12-31,147316,51575,8,0.9995132684707642
NeuMF,2011,2011-12-31,147316,69844,9,0.9993182420730591
NeuMF,2011,2011-12-31,147316,66171,10,0.9992552399635315
NeuMF,2011,2011-12-31,147821,3055,1,0.9988455772399902
NeuMF,2011,2011-12-31,147821,43376,2,0.9981241822242737
NeuMF,2011,2011-12-31,147821,5269,3,0.9980452060699463
NeuMF,2011,2011-12-31,147821,3571,4,0.9980015158653259
NeuMF,2011,2011-12-31,147821,5668,5,0.9978965520858765
NeuMF,2011,2011-12-31,147821,5319,6,0.9978273510932922
NeuMF,2011,2011-12-31,147821,6898,7,0.9972660541534424
NeuMF,2011,2011-12-31,147821,48696,8,0.9972057938575745
NeuMF,2011,2011-12-31,147821,27266,9,0.997137188911438
NeuMF,2011,2011-12-31,147821,27592,10,0.9968595504760742
NeuMF,2011,2011-12-31,148062,6595,1,0.9992942810058594
NeuMF,2011,2011-12-31,148062,3646,2,0.998916745185852
NeuMF,2011,2011-12-31,148062,6338,3,0.998673677444458
NeuMF,2011,2011-12-31,148062,33615,4,0.9986225366592407
NeuMF,2011,2011-12-31,148062,19,5,0.9983339905738831
NeuMF,2011,2011-12-31,148062,2296,6,0.9983304142951965
NeuMF,2011,2011-12-31,148062,47518,7,0.9983009696006775
NeuMF,2011,2011-12-31,148062,344,8,0.9979343414306641
NeuMF,2011,2011-12-31,148062,3948,9,0.9977107048034668
NeuMF,2011,2011-12-31,148062,1270,10,0.9975873231887817
NeuMF,2011,2011-12-31,148076,5971,1,0.9997217059135437
NeuMF,2011,2011-12-31,148076,7022,2,0.9989989399909973
NeuMF,2011,2011-12-31,148076,6350,3,0.9979718327522278
NeuMF,2011,2011-12-31,148076,551,4,0.9977988600730896
NeuMF,2011,2011-12-31,148076,1240,5,0.9970424771308899
NeuMF,2011,2011-12-31,148076,799,6,0.9968605041503906
NeuMF,2011,2011-12-31,148076,1214,7,0.99659663438797
NeuMF,2011,2011-12-31,148076,1201,8,0.996301531791687
NeuMF,2011,2011-12-31,148076,1047,9,0.995710015296936
NeuMF,2011,2011-12-31,148076,34405,10,0.9955667853355408
NeuMF,2011,2011-12-31,148282,1939,1,0.9997361302375793
NeuMF,2011,2011-12-31,148282,4422,2,0.9996459484100342
NeuMF,2011,2011-12-31,148282,7064,3,0.9995085000991821
NeuMF,2011,2011-12-31,148282,39292,4,0.9989746809005737
NeuMF,2011,2011-12-31,148282,909,5,0.9989416003227234
NeuMF,2011,2011-12-31,148282,3095,6,0.9989264607429504
NeuMF,2011,2011-12-31,148282,2728,7,0.9985042810440063
NeuMF,2011,2011-12-31,148282,1207,8,0.9980283379554749
NeuMF,2011,2011-12-31,148282,4886,9,0.99791020154953
NeuMF,2011,2011-12-31,148282,3469,10,0.9977471232414246
NeuMF,2011,2011-12-31,148322,69406,1,0.9999877214431763
NeuMF,2011,2011-12-31,148322,55999,2,0.9999035596847534
NeuMF,2011,2011-12-31,148322,79185,3,0.999896764755249
NeuMF,2011,2011-12-31,148322,69844,4,0.9998434782028198
NeuMF,2011,2011-12-31,148322,66798,5,0.9998231530189514
NeuMF,2011,2011-12-31,148322,77561,6,0.9997318387031555
NeuMF,2011,2011-12-31,148322,62376,7,0.9997063279151917
NeuMF,2011,2011-12-31,148322,68157,8,0.9996684789657593
NeuMF,2011,2011-12-31,148322,58105,9,0.9996163845062256
NeuMF,2011,2011-12-31,148322,68793,10,0.9995818734169006
NeuMF,2011,2011-12-31,148399,2272,1,0.9997058510780334
NeuMF,2011,2011-12-31,148399,6367,2,0.9997010827064514
NeuMF,2011,2011-12-31,148399,781,3,0.9996852874755859
NeuMF,2011,2011-12-31,148399,50514,4,0.9994926452636719
NeuMF,2011,2011-12-31,148399,1365,5,0.9991661310195923
NeuMF,2011,2011-12-31,148399,6341,6,0.9986461997032166
NeuMF,2011,2011-12-31,148399,4976,7,0.998583197593689
NeuMF,2011,2011-12-31,148399,5788,8,0.9983358979225159
NeuMF,2011,2011-12-31,148399,55280,9,0.9982202649116516
NeuMF,2011,2011-12-31,148399,7352,10,0.9975776076316833
NeuMF,2011,2011-12-31,148736,5298,1,0.9998340606689453
NeuMF,2011,2011-12-31,148736,6561,2,0.9995672106742859
NeuMF,2011,2011-12-31,148736,6867,3,0.9995367527008057
NeuMF,2011,2011-12-31,148736,7156,4,0.9995334148406982
NeuMF,2011,2011-12-31,148736,3618,5,0.999363124370575
NeuMF,2011,2011-12-31,148736,44555,6,0.9993618130683899
NeuMF,2011,2011-12-31,148736,1232,7,0.9992615580558777
NeuMF,2011,2011-12-31,148736,71520,8,0.9991957545280457
NeuMF,2011,2011-12-31,148736,3328,9,0.9991633892059326
NeuMF,2011,2011-12-31,148736,1289,10,0.998870313167572
NeuMF,2011,2011-12-31,148821,2121,1,0.997780978679657
NeuMF,2011,2011-12-31,148821,3825,2,0.9959112405776978
NeuMF,2011,2011-12-31,148821,2146,3,0.9951634407043457
NeuMF,2011,2011-12-31,148821,5427,4,0.9926019310951233
NeuMF,2011,2011-12-31,148821,5065,5,0.9913732409477234
NeuMF,2011,2011-12-31,148821,376,6,0.9911724925041199
NeuMF,2011,2011-12-31,148821,3946,7,0.9887239933013916
NeuMF,2011,2011-12-31,148821,78105,8,0.9840153455734253
NeuMF,2011,2011-12-31,148821,4159,9,0.9818175435066223
NeuMF,2011,2011-12-31,148821,77561,10,0.9800176620483398
NeuMF,2011,2011-12-31,148896,43936,1,0.9989100694656372
NeuMF,2011,2011-12-31,148896,555,2,0.9980113506317139
NeuMF,2011,2011-12-31,148896,8798,3,0.9973137974739075
NeuMF,2011,2011-12-31,148896,68954,4,0.9971440434455872
NeuMF,2011,2011-12-31,148896,2278,5,0.9969071745872498
NeuMF,2011,2011-12-31,148896,2707,6,0.9954067468643188
NeuMF,2011,2011-12-31,148896,2706,7,0.9951436519622803
NeuMF,2011,2011-12-31,148896,5971,8,0.9949615001678467
NeuMF,2011,2011-12-31,148896,588,9,0.9947718977928162
NeuMF,2011,2011-12-31,148896,7827,10,0.994392991065979
NeuMF,2011,2011-12-31,149314,47518,1,0.999371349811554
NeuMF,2011,2011-12-31,149314,63131,2,0.9990593791007996
NeuMF,2011,2011-12-31,149314,67087,3,0.9988729357719421
NeuMF,2011,2011-12-31,149314,61323,4,0.9981168508529663
NeuMF,2011,2011-12-31,149314,3753,5,0.9979816675186157
NeuMF,2011,2011-12-31,149314,46972,6,0.9979695677757263
NeuMF,2011,2011-12-31,149314,3510,7,0.9970775842666626
NeuMF,2011,2011-12-31,149314,413,8,0.9967558979988098
NeuMF,2011,2011-12-31,149314,38061,9,0.9963022470474243
NeuMF,2011,2011-12-31,149314,62849,10,0.9957292675971985
NeuMF,2011,2011-12-31,149720,62434,1,0.999895453453064
NeuMF,2011,2011-12-31,149720,68157,2,0.9998509883880615
NeuMF,2011,2011-12-31,149720,61024,3,0.9997017979621887
NeuMF,2011,2011-12-31,149720,59037,4,0.9996621608734131
NeuMF,2011,2011-12-31,149720,77561,5,0.999649167060852
NeuMF,2011,2011-12-31,149720,44665,6,0.9996311664581299
NeuMF,2011,2011-12-31,149720,47099,7,0.9995136260986328
NeuMF,2011,2011-12-31,149720,59103,8,0.999426007270813
NeuMF,2011,2011-12-31,149720,67695,9,0.9993724226951599
NeuMF,2011,2011-12-31,149720,55768,10,0.9993595480918884
NeuMF,2011,2011-12-31,149773,58107,1,0.9987775683403015
NeuMF,2011,2011-12-31,149773,51834,2,0.9980480670928955
NeuMF,2011,2011-12-31,149773,40966,3,0.9973567724227905
NeuMF,2011,2011-12-31,149773,48516,4,0.996303915977478
NeuMF,2011,2011-12-31,149773,58559,5,0.9959781169891357
NeuMF,2011,2011-12-31,149773,31435,6,0.9957373142242432
NeuMF,2011,2011-12-31,149773,64622,7,0.9949047565460205
NeuMF,2011,2011-12-31,149773,42728,8,0.9948962330818176
NeuMF,2011,2011-12-31,149773,44555,9,0.9941717982292175
NeuMF,2011,2011-12-31,149773,7669,10,0.9929680228233337
NeuMF,2011,2011-12-31,150594,7981,1,0.9994537234306335
NeuMF,2011,2011-12-31,150594,7001,2,0.9991568326950073
NeuMF,2011,2011-12-31,150594,2726,3,0.9989916682243347
NeuMF,2011,2011-12-31,150594,7387,4,0.9989404082298279
NeuMF,2011,2011-12-31,150594,5105,5,0.9988524913787842
NeuMF,2011,2011-12-31,150594,50514,6,0.9984398484230042
NeuMF,2011,2011-12-31,150594,64622,7,0.9983073472976685
NeuMF,2011,2011-12-31,150594,6001,8,0.9981998205184937
NeuMF,2011,2011-12-31,150594,3412,9,0.9978635907173157
NeuMF,2011,2011-12-31,150594,6552,10,0.9978105425834656
NeuMF,2011,2011-12-31,150674,8754,1,0.999872088432312
NeuMF,2011,2011-12-31,150674,6380,2,0.9998313188552856
NeuMF,2011,2011-12-31,150674,6331,3,0.9995493292808533
NeuMF,2011,2011-12-31,150674,6787,4,0.999420166015625
NeuMF,2011,2011-12-31,150674,902,5,0.9993590712547302
NeuMF,2011,2011-12-31,150674,2145,6,0.9991669654846191
NeuMF,2011,2011-12-31,150674,5367,7,0.999096155166626
NeuMF,2011,2011-12-31,150674,1096,8,0.9989389777183533
NeuMF,2011,2011-12-31,150674,7493,9,0.9989068508148193
NeuMF,2011,2011-12-31,150674,913,10,0.998785674571991
NeuMF,2011,2011-12-31,150869,6711,1,0.9990106821060181
NeuMF,2011,2011-12-31,150869,39292,2,0.9989392161369324
NeuMF,2011,2011-12-31,150869,27815,3,0.9986294507980347
NeuMF,2011,2011-12-31,150869,27878,4,0.9978728294372559
NeuMF,2011,2011-12-31,150869,5076,5,0.9976782202720642
NeuMF,2011,2011-12-31,150869,6773,6,0.9974914789199829
NeuMF,2011,2011-12-31,150869,6620,7,0.9972321391105652
NeuMF,2011,2011-12-31,150869,6565,8,0.9970024228096008
NeuMF,2011,2011-12-31,150869,7064,9,0.996852457523346
NeuMF,2011,2011-12-31,150869,6016,10,0.9964962601661682
NeuMF,2011,2011-12-31,150917,4914,1,0.9992274045944214
NeuMF,2011,2011-12-31,150917,4345,2,0.9969308972358704
NeuMF,2011,2011-12-31,150917,3354,3,0.9968777894973755
NeuMF,2011,2011-12-31,150917,1916,4,0.9967193007469177
NeuMF,2011,2011-12-31,150917,4889,5,0.9955249428749084
NeuMF,2011,2011-12-31,150917,4304,6,0.9940810799598694
NeuMF,2011,2011-12-31,150917,2915,7,0.9937385320663452
NeuMF,2011,2011-12-31,150917,3851,8,0.993183434009552
NeuMF,2011,2011-12-31,150917,5483,9,0.9925239682197571
NeuMF,2011,2011-12-31,150917,4452,10,0.992186427116394
NeuMF,2011,2011-12-31,151086,2959,1,0.9996285438537598
NeuMF,2011,2011-12-31,151086,1274,2,0.9996052384376526
NeuMF,2011,2011-12-31,151086,7022,3,0.9991336464881897
NeuMF,2011,2011-12-31,151086,6016,4,0.9989703893661499
NeuMF,2011,2011-12-31,151086,1196,5,0.9989420771598816
NeuMF,2011,2011-12-31,151086,1214,6,0.9989392161369324
NeuMF,2011,2011-12-31,151086,27773,7,0.9987686276435852
NeuMF,2011,2011-12-31,151086,4226,8,0.9986673593521118
NeuMF,2011,2011-12-31,151086,7361,9,0.9982576966285706
NeuMF,2011,2011-12-31,151086,1089,10,0.9981619715690613
NeuMF,2011,2011-12-31,151104,8207,1,0.9996138215065002
NeuMF,2011,2011-12-31,151104,5876,2,0.9996107220649719
NeuMF,2011,2011-12-31,151104,5446,3,0.9992571473121643
NeuMF,2011,2011-12-31,151104,40583,4,0.9991812109947205
NeuMF,2011,2011-12-31,151104,3230,5,0.9989055395126343
NeuMF,2011,2011-12-31,151104,3074,6,0.9988872408866882
NeuMF,2011,2011-12-31,151104,55276,7,0.9987940788269043
NeuMF,2011,2011-12-31,151104,48412,8,0.9986655712127686
NeuMF,2011,2011-12-31,151104,7018,9,0.9986473917961121
NeuMF,2011,2011-12-31,151104,8094,10,0.9985806941986084
NeuMF,2011,2011-12-31,151703,51575,1,0.9998981952667236
NeuMF,2011,2011-12-31,151703,54004,2,0.9998705387115479
NeuMF,2011,2011-12-31,151703,62434,3,0.9997010231018066
NeuMF,2011,2011-12-31,151703,58162,4,0.9996259212493896
NeuMF,2011,2011-12-31,151703,53121,5,0.9996209144592285
NeuMF,2011,2011-12-31,151703,62376,6,0.9995939135551453
NeuMF,2011,2011-12-31,151703,63113,7,0.9995885491371155
NeuMF,2011,2011-12-31,151703,56174,8,0.99952232837677
NeuMF,2011,2011-12-31,151703,56587,9,0.9993797540664673
NeuMF,2011,2011-12-31,151703,49130,10,0.9991204142570496
NeuMF,2011,2011-12-31,151871,34437,1,0.9998136162757874
NeuMF,2011,2011-12-31,151871,8638,2,0.9996838569641113
NeuMF,2011,2011-12-31,151871,3083,3,0.9993778467178345
NeuMF,2011,2011-12-31,151871,60950,4,0.9989296793937683
NeuMF,2011,2011-12-31,151871,5995,5,0.9988411068916321
NeuMF,2011,2011-12-31,151871,4848,6,0.9986637830734253
NeuMF,2011,2011-12-31,151871,4973,7,0.9985730648040771
NeuMF,2011,2011-12-31,151871,46723,8,0.9984135627746582
NeuMF,2011,2011-12-31,151871,2959,9,0.9979851245880127
NeuMF,2011,2011-12-31,151871,45880,10,0.9978813529014587
NeuMF,2011,2011-12-31,151948,66097,1,0.9991430044174194
NeuMF,2011,2011-12-31,151948,4011,2,0.9990645051002502
NeuMF,2011,2011-12-31,151948,64614,3,0.9989280104637146
NeuMF,2011,2011-12-31,151948,293,4,0.9981142282485962
NeuMF,2011,2011-12-31,151948,68358,5,0.9977275729179382
NeuMF,2011,2011-12-31,151948,5618,6,0.9976928234100342
NeuMF,2011,2011-12-31,151948,51277,7,0.9975308775901794
NeuMF,2011,2011-12-31,151948,62049,8,0.9972672462463379
NeuMF,2011,2011-12-31,151948,5952,9,0.9967785477638245
NeuMF,2011,2011-12-31,151948,3949,10,0.9966552257537842
NeuMF,2011,2011-12-31,152115,922,1,0.9996911287307739
NeuMF,2011,2011-12-31,152115,928,2,0.9996505975723267
NeuMF,2011,2011-12-31,152115,7217,3,0.9996047616004944
NeuMF,2011,2011-12-31,152115,8207,4,0.9994939565658569
NeuMF,2011,2011-12-31,152115,1953,5,0.9994041919708252
NeuMF,2011,2011-12-31,152115,908,6,0.9992600083351135
NeuMF,2011,2011-12-31,152115,1284,7,0.9991698265075684
NeuMF,2011,2011-12-31,152115,8228,8,0.9991158843040466
NeuMF,2011,2011-12-31,152115,1086,9,0.9991071820259094
NeuMF,2011,2011-12-31,152115,49272,10,0.9991024732589722
NeuMF,2011,2011-12-31,152182,35836,1,0.9998853206634521
NeuMF,2011,2011-12-31,152182,52973,2,0.999792754650116
NeuMF,2011,2011-12-31,152182,56174,3,0.9997106194496155
NeuMF,2011,2011-12-31,152182,44191,4,0.9995089769363403
NeuMF,2011,2011-12-31,152182,68954,5,0.999473512172699
NeuMF,2011,2011-12-31,152182,27773,6,0.9994425177574158
NeuMF,2011,2011-12-31,152182,3147,7,0.9993941783905029
NeuMF,2011,2011-12-31,152182,54995,8,0.9993109703063965
NeuMF,2011,2011-12-31,152182,69784,9,0.9992607235908508
NeuMF,2011,2011-12-31,152182,55765,10,0.9991820454597473
NeuMF,2011,2011-12-31,152232,72641,1,0.9997813105583191
NeuMF,2011,2011-12-31,152232,59126,2,0.9997735619544983
NeuMF,2011,2011-12-31,152232,67087,3,0.9997698664665222
NeuMF,2011,2011-12-31,152232,2959,4,0.9996926784515381
NeuMF,2011,2011-12-31,152232,72605,5,0.9996635913848877
NeuMF,2011,2011-12-31,152232,60069,6,0.999648928642273
NeuMF,2011,2011-12-31,152232,64622,7,0.9991795420646667
NeuMF,2011,2011-12-31,152232,54503,8,0.998931348323822
NeuMF,2011,2011-12-31,152232,55052,9,0.998898983001709
NeuMF,2011,2011-12-31,152232,69481,10,0.9988685846328735
NeuMF,2011,2011-12-31,152508,51575,1,0.9999630451202393
NeuMF,2011,2011-12-31,152508,8972,2,0.9997257590293884
NeuMF,2011,2011-12-31,152508,56775,3,0.9997065663337708
NeuMF,2011,2011-12-31,152508,51077,4,0.9996201992034912
NeuMF,2011,2011-12-31,152508,70336,5,0.999047577381134
NeuMF,2011,2011-12-31,152508,2409,6,0.9989665746688843
NeuMF,2011,2011-12-31,152508,58295,7,0.9989023208618164
NeuMF,2011,2011-12-31,152508,62081,8,0.9988853335380554
NeuMF,2011,2011-12-31,152508,7254,9,0.9987678527832031
NeuMF,2011,2011-12-31,152508,53972,10,0.9986760020256042
NeuMF,2011,2011-12-31,152554,2542,1,0.9995536208152771
NeuMF,2011,2011-12-31,152554,3178,2,0.9994986057281494
NeuMF,2011,2011-12-31,152554,4011,3,0.9992708563804626
NeuMF,2011,2011-12-31,152554,2115,4,0.9992469549179077
NeuMF,2011,2011-12-31,152554,1805,5,0.9988238215446472
NeuMF,2011,2011-12-31,152554,58156,6,0.9985530972480774
NeuMF,2011,2011-12-31,152554,1892,7,0.9981822967529297
NeuMF,2011,2011-12-31,152554,493,8,0.998172402381897
NeuMF,2011,2011-12-31,152554,4878,9,0.9978165626525879
NeuMF,2011,2011-12-31,152554,1625,10,0.9977684020996094
NeuMF,2011,2011-12-31,152579,616,1,0.9993143081665039
NeuMF,2011,2011-12-31,152579,50872,2,0.999091386795044
NeuMF,2011,2011-12-31,152579,58299,3,0.9988909363746643
NeuMF,2011,2011-12-31,152579,5218,4,0.9986670017242432
NeuMF,2011,2011-12-31,152579,44022,5,0.9983358979225159
NeuMF,2011,2011-12-31,152579,69644,6,0.9981743097305298
NeuMF,2011,2011-12-31,152579,4246,7,0.9979193806648254
NeuMF,2011,2011-12-31,152579,6378,8,0.9970821738243103
NeuMF,2011,2011-12-31,152579,2720,9,0.9970092177391052
NeuMF,2011,2011-12-31,152579,3147,10,0.9968467354774475
NeuMF,2011,2011-12-31,152894,3179,1,0.9996151924133301
NeuMF,2011,2011-12-31,152894,2501,2,0.9991187453269958
NeuMF,2011,2011-12-31,152894,8970,3,0.9985672235488892
NeuMF,2011,2011-12-31,152894,7293,4,0.9982566237449646
NeuMF,2011,2011-12-31,152894,8033,5,0.9981429576873779
NeuMF,2011,2011-12-31,152894,5014,6,0.9967883825302124
NeuMF,2011,2011-12-31,152894,4799,7,0.9953906536102295
NeuMF,2011,2011-12-31,152894,5267,8,0.9953279495239258
NeuMF,2011,2011-12-31,152894,2431,9,0.9949774146080017
NeuMF,2011,2011-12-31,152894,5004,10,0.9949455857276917
NeuMF,2011,2011-12-31,152994,76251,1,0.9996845722198486
NeuMF,2011,2011-12-31,152994,58295,2,0.9996159076690674
NeuMF,2011,2011-12-31,152994,68848,3,0.9995182752609253
NeuMF,2011,2011-12-31,152994,61323,4,0.9994896650314331
NeuMF,2011,2011-12-31,152994,54286,5,0.9994848966598511
NeuMF,2011,2011-12-31,152994,53318,6,0.9994588494300842
NeuMF,2011,2011-12-31,152994,54997,7,0.9994576573371887
NeuMF,2011,2011-12-31,152994,4963,8,0.9994310736656189
NeuMF,2011,2011-12-31,152994,56788,9,0.9994059801101685
NeuMF,2011,2011-12-31,152994,68954,10,0.9993170499801636
NeuMF,2011,2011-12-31,153172,1704,1,0.999256432056427
NeuMF,2011,2011-12-31,153172,6879,2,0.9990344047546387
NeuMF,2011,2011-12-31,153172,805,3,0.998258650302887
NeuMF,2011,2011-12-31,153172,3897,4,0.9979618787765503
NeuMF,2011,2011-12-31,153172,42958,5,0.9979501366615295
NeuMF,2011,2011-12-31,153172,53129,6,0.997532844543457
NeuMF,2011,2011-12-31,153172,4447,7,0.9973000884056091
NeuMF,2011,2011-12-31,153172,4018,8,0.9970965385437012
NeuMF,2011,2011-12-31,153172,3512,9,0.9969651103019714
NeuMF,2011,2011-12-31,153172,4776,10,0.9969248175621033
NeuMF,2011,2011-12-31,153642,68157,1,0.9998452663421631
NeuMF,2011,2011-12-31,153642,64614,2,0.998627781867981
NeuMF,2011,2011-12-31,153642,47099,3,0.9985781908035278
NeuMF,2011,2011-12-31,153642,67997,4,0.9978986978530884
NeuMF,2011,2011-12-31,153642,48322,5,0.9974027276039124
NeuMF,2011,2011-12-31,153642,3581,6,0.9971951246261597
NeuMF,2011,2011-12-31,153642,33162,7,0.9969396591186523
NeuMF,2011,2011-12-31,153642,73344,8,0.996845006942749
NeuMF,2011,2011-12-31,153642,180,9,0.9966453909873962
NeuMF,2011,2011-12-31,153642,45186,10,0.9964848756790161
NeuMF,2011,2011-12-31,154095,6539,1,0.9997592568397522
NeuMF,2011,2011-12-31,154095,59315,2,0.9996693134307861
NeuMF,2011,2011-12-31,154095,5952,3,0.9994789958000183
NeuMF,2011,2011-12-31,154095,7153,4,0.9989118576049805
NeuMF,2011,2011-12-31,154095,53125,5,0.9988917708396912
NeuMF,2011,2011-12-31,154095,60069,6,0.998494029045105
NeuMF,2011,2011-12-31,154095,8360,7,0.9980095028877258
NeuMF,2011,2011-12-31,154095,63082,8,0.9979879856109619
NeuMF,2011,2011-12-31,154095,4993,9,0.9979277849197388
NeuMF,2011,2011-12-31,154095,68954,10,0.9976922273635864
NeuMF,2011,2011-12-31,154260,4226,1,0.9993131160736084
NeuMF,2011,2011-12-31,154260,5225,2,0.9992701411247253
NeuMF,2011,2011-12-31,154260,5992,3,0.9991361498832703
NeuMF,2011,2011-12-31,154260,5952,4,0.9990066885948181
NeuMF,2011,2011-12-31,154260,4973,5,0.9988886713981628
NeuMF,2011,2011-12-31,154260,6286,6,0.9985405206680298
NeuMF,2011,2011-12-31,154260,7361,7,0.997642457485199
NeuMF,2011,2011-12-31,154260,924,8,0.9976391792297363
NeuMF,2011,2011-12-31,154260,923,9,0.997529923915863
NeuMF,2011,2011-12-31,154260,1291,10,0.9973649382591248
NeuMF,2011,2011-12-31,154703,59315,1,0.9997984766960144
NeuMF,2011,2011-12-31,154703,48394,2,0.9996649026870728
NeuMF,2011,2011-12-31,154703,70286,3,0.9993465542793274
NeuMF,2011,2011-12-31,154703,27721,4,0.9991341233253479
NeuMF,2011,2011-12-31,154703,31410,5,0.9991304278373718
NeuMF,2011,2011-12-31,154703,68237,6,0.9987597465515137
NeuMF,2011,2011-12-31,154703,34405,7,0.9985709190368652
NeuMF,2011,2011-12-31,154703,37741,8,0.9982799291610718
NeuMF,2011,2011-12-31,154703,77866,9,0.9979797005653381
NeuMF,2011,2011-12-31,154703,36527,10,0.9979379773139954
NeuMF,2011,2011-12-31,154736,1748,1,0.9995488524436951
NeuMF,2011,2011-12-31,154736,27674,2,0.998928964138031
NeuMF,2011,2011-12-31,154736,49530,3,0.9983283877372742
NeuMF,2011,2011-12-31,154736,3686,4,0.9981086254119873
NeuMF,2011,2011-12-31,154736,1214,5,0.9981024861335754
NeuMF,2011,2011-12-31,154736,3175,6,0.9977338314056396
NeuMF,2011,2011-12-31,154736,31035,7,0.997665524482727
NeuMF,2011,2011-12-31,154736,52604,8,0.99750155210495
NeuMF,2011,2011-12-31,154736,750,9,0.9973759651184082
NeuMF,2011,2011-12-31,154736,4855,10,0.9972796440124512
NeuMF,2011,2011-12-31,154786,2403,1,0.9999381303787231
NeuMF,2011,2011-12-31,154786,493,2,0.9983810186386108
NeuMF,2011,2011-12-31,154786,39381,3,0.9976605176925659
NeuMF,2011,2011-12-31,154786,27408,4,0.9975985884666443
NeuMF,2011,2011-12-31,154786,2470,5,0.9970716238021851
NeuMF,2011,2011-12-31,154786,383,6,0.9970197081565857
NeuMF,2011,2011-12-31,154786,5464,7,0.9969182014465332
NeuMF,2011,2011-12-31,154786,5693,8,0.9967101812362671
NeuMF,2011,2011-12-31,154786,3527,9,0.996569037437439
NeuMF,2011,2011-12-31,154786,1378,10,0.9960528612136841
NeuMF,2011,2011-12-31,154973,52319,1,0.999932050704956
NeuMF,2011,2011-12-31,154973,54259,2,0.9990768432617188
NeuMF,2011,2011-12-31,154973,57669,3,0.9968373775482178
NeuMF,2011,2011-12-31,154973,66198,4,0.9967904686927795
NeuMF,2011,2011-12-31,154973,46578,5,0.9959586262702942
NeuMF,2011,2011-12-31,154973,6953,6,0.9959422945976257
NeuMF,2011,2011-12-31,154973,347,7,0.9959273934364319
NeuMF,2011,2011-12-31,154973,59908,8,0.9957393407821655
NeuMF,2011,2011-12-31,154973,7361,9,0.9955371618270874
NeuMF,2011,2011-12-31,154973,63131,10,0.9953916072845459
NeuMF,2011,2011-12-31,155159,7143,1,0.9997907280921936
NeuMF,2011,2011-12-31,155159,110,2,0.9995829463005066
NeuMF,2011,2011-12-31,155159,6333,3,0.9994219541549683
NeuMF,2011,2011-12-31,155159,5064,4,0.9990373849868774
NeuMF,2011,2011-12-31,155159,6283,5,0.998893678188324
NeuMF,2011,2011-12-31,155159,40815,6,0.9985964894294739
NeuMF,2011,2011-12-31,155159,5989,7,0.9984115362167358
NeuMF,2011,2011-12-31,155159,54001,8,0.998071014881134
NeuMF,2011,2011-12-31,155159,1610,9,0.9978125095367432
NeuMF,2011,2011-12-31,155159,1356,10,0.9975714087486267
NeuMF,2011,2011-12-31,155172,59501,1,0.9993851184844971
NeuMF,2011,2011-12-31,155172,55267,2,0.999295711517334
NeuMF,2011,2011-12-31,155172,68791,3,0.9992746710777283
NeuMF,2011,2011-12-31,155172,69526,4,0.9990465044975281
NeuMF,2011,2011-12-31,155172,6333,5,0.9990454316139221
NeuMF,2011,2011-12-31,155172,6155,6,0.9990231990814209
NeuMF,2011,2011-12-31,155172,6378,7,0.9989179372787476
NeuMF,2011,2011-12-31,155172,6936,8,0.998700737953186
NeuMF,2011,2011-12-31,155172,68319,9,0.9986419081687927
NeuMF,2011,2011-12-31,155172,53956,10,0.9984748959541321
NeuMF,2011,2011-12-31,155185,2968,1,0.9986979961395264
NeuMF,2011,2011-12-31,155185,2355,2,0.9976261258125305
NeuMF,2011,2011-12-31,155185,2420,3,0.9970688223838806
NeuMF,2011,2011-12-31,155185,2161,4,0.9949744939804077
NeuMF,2011,2011-12-31,155185,1197,5,0.9941196441650391
NeuMF,2011,2011-12-31,155185,2125,6,0.9931950569152832
NeuMF,2011,2011-12-31,155185,3396,7,0.9923987984657288
NeuMF,2011,2011-12-31,155185,2424,8,0.9913908243179321
NeuMF,2011,2011-12-31,155185,2078,9,0.9909453392028809
NeuMF,2011,2011-12-31,155185,1962,10,0.9909120798110962
NeuMF,2011,2011-12-31,155435,62849,1,0.9996932744979858
NeuMF,2011,2011-12-31,155435,58559,2,0.9995693564414978
NeuMF,2011,2011-12-31,155435,47937,3,0.9994126558303833
NeuMF,2011,2011-12-31,155435,73017,4,0.9993720650672913
NeuMF,2011,2011-12-31,155435,67408,5,0.999053418636322
NeuMF,2011,2011-12-31,155435,55118,6,0.9989556074142456
NeuMF,2011,2011-12-31,155435,1241,7,0.9987505674362183
NeuMF,2011,2011-12-31,155435,74851,8,0.9987504482269287
NeuMF,2011,2011-12-31,155435,7438,9,0.9986345171928406
NeuMF,2011,2011-12-31,155435,4011,10,0.99830162525177
NeuMF,2011,2011-12-31,155459,27773,1,0.9996811151504517
NeuMF,2011,2011-12-31,155459,48516,2,0.9992831349372864
NeuMF,2011,2011-12-31,155459,3949,3,0.9992501139640808
NeuMF,2011,2011-12-31,155459,1089,4,0.9991198182106018
NeuMF,2011,2011-12-31,155459,51662,5,0.9990177154541016
NeuMF,2011,2011-12-31,155459,61323,6,0.9989197254180908
NeuMF,2011,2011-12-31,155459,72998,7,0.9989026784896851
NeuMF,2011,2011-12-31,155459,68237,8,0.9987633228302002
NeuMF,2011,2011-12-31,155459,76251,9,0.998736560344696
NeuMF,2011,2011-12-31,155459,778,10,0.9987261891365051
NeuMF,2011,2011-12-31,155671,6889,1,0.9991948008537292
NeuMF,2011,2011-12-31,155671,3179,2,0.9991697072982788
NeuMF,2011,2011-12-31,155671,1848,3,0.9979202151298523
NeuMF,2011,2011-12-31,155671,58103,4,0.9978489875793457
NeuMF,2011,2011-12-31,155671,8814,5,0.9970141649246216
NeuMF,2011,2011-12-31,155671,79132,6,0.9969780445098877
NeuMF,2011,2011-12-31,155671,7152,7,0.9951817393302917
NeuMF,2011,2011-12-31,155671,8874,8,0.9949835538864136
NeuMF,2011,2011-12-31,155671,72378,9,0.9949652552604675
NeuMF,2011,2011-12-31,155671,6895,10,0.9947191476821899
NeuMF,2011,2011-12-31,155683,55814,1,0.9999421834945679
NeuMF,2011,2011-12-31,155683,52967,2,0.9998644590377808
NeuMF,2011,2011-12-31,155683,59018,3,0.9997909665107727
NeuMF,2011,2011-12-31,155683,48696,4,0.9995737671852112
NeuMF,2011,2011-12-31,155683,5008,5,0.9994731545448303
NeuMF,2011,2011-12-31,155683,50514,6,0.9992679953575134
NeuMF,2011,2011-12-31,155683,78574,7,0.9990014433860779
NeuMF,2011,2011-12-31,155683,63062,8,0.9989570379257202
NeuMF,2011,2011-12-31,155683,36517,9,0.998799204826355
NeuMF,2011,2011-12-31,155683,27815,10,0.9986497759819031
NeuMF,2011,2011-12-31,155698,69844,1,0.9999758005142212
NeuMF,2011,2011-12-31,155698,47382,2,0.999962329864502
NeuMF,2011,2011-12-31,155698,72737,3,0.9999358654022217
NeuMF,2011,2011-12-31,155698,54001,4,0.9999229907989502
NeuMF,2011,2011-12-31,155698,50872,5,0.9999217987060547
NeuMF,2011,2011-12-31,155698,56949,6,0.9998893737792969
NeuMF,2011,2011-12-31,155698,8970,7,0.9998617172241211
NeuMF,2011,2011-12-31,155698,58107,8,0.9997232556343079
NeuMF,2011,2011-12-31,155698,2048,9,0.9996469020843506
NeuMF,2011,2011-12-31,155698,40815,10,0.9996108412742615
NeuMF,2011,2011-12-31,155770,7827,1,0.9996077418327332
NeuMF,2011,2011-12-31,155770,26554,2,0.9991471767425537
NeuMF,2011,2011-12-31,155770,7930,3,0.9991384744644165
NeuMF,2011,2011-12-31,155770,4533,4,0.9991276860237122
NeuMF,2011,2011-12-31,155770,5833,5,0.9991099238395691
NeuMF,2011,2011-12-31,155770,4846,6,0.9987505674362183
NeuMF,2011,2011-12-31,155770,4553,7,0.9986568689346313
NeuMF,2011,2011-12-31,155770,8253,8,0.9985874891281128
NeuMF,2011,2011-12-31,155770,4166,9,0.9983313679695129
NeuMF,2011,2011-12-31,155770,27728,10,0.9982166886329651
NeuMF,2011,2011-12-31,155780,31658,1,0.9999397993087769
NeuMF,2011,2011-12-31,155780,5618,2,0.9998871088027954
NeuMF,2011,2011-12-31,155780,5690,3,0.9998626708984375
NeuMF,2011,2011-12-31,155780,27773,4,0.9998145699501038
NeuMF,2011,2011-12-31,155780,6350,5,0.9997791647911072
NeuMF,2011,2011-12-31,155780,4878,6,0.999716579914093
NeuMF,2011,2011-12-31,155780,2959,7,0.9996880292892456
NeuMF,2011,2011-12-31,155780,5995,8,0.9996850490570068
NeuMF,2011,2011-12-31,155780,46976,9,0.9996240139007568
NeuMF,2011,2011-12-31,155780,7022,10,0.9995157718658447
NeuMF,2011,2011-12-31,155807,2763,1,0.9746153354644775
NeuMF,2011,2011-12-31,155807,3005,2,0.9721595048904419
NeuMF,2011,2011-12-31,155807,2724,3,0.9721521735191345
NeuMF,2011,2011-12-31,155807,2707,4,0.9679356217384338
NeuMF,2011,2011-12-31,155807,2762,5,0.966605007648468
NeuMF,2011,2011-12-31,155807,2858,6,0.9665440917015076
NeuMF,2011,2011-12-31,155807,2571,7,0.95133376121521
NeuMF,2011,2011-12-31,155807,2605,8,0.9421845078468323
NeuMF,2011,2011-12-31,155807,3510,9,0.9142782688140869
NeuMF,2011,2011-12-31,155807,110,10,0.9104189276695251
NeuMF,2011,2011-12-31,155914,68319,1,0.9996028542518616
NeuMF,2011,2011-12-31,155914,60074,2,0.9985274076461792
NeuMF,2011,2011-12-31,155914,72378,3,0.9982141256332397
NeuMF,2011,2011-12-31,155914,56775,4,0.9977210164070129
NeuMF,2011,2011-12-31,155914,59369,5,0.9975428581237793
NeuMF,2011,2011-12-31,155914,71379,6,0.9974384307861328
NeuMF,2011,2011-12-31,155914,65088,7,0.9973850846290588
NeuMF,2011,2011-12-31,155914,53972,8,0.9966172575950623
NeuMF,2011,2011-12-31,155914,49278,9,0.9961811304092407
NeuMF,2011,2011-12-31,155914,2278,10,0.9948869347572327
NeuMF,2011,2011-12-31,156467,37729,1,0.9990019202232361
NeuMF,2011,2011-12-31,156467,8865,2,0.9986360669136047
NeuMF,2011,2011-12-31,156467,6867,3,0.9985042810440063
NeuMF,2011,2011-12-31,156467,1281,4,0.9978172779083252
NeuMF,2011,2011-12-31,156467,33004,5,0.9977788329124451
NeuMF,2011,2011-12-31,156467,6552,6,0.9976434111595154
NeuMF,2011,2011-12-31,156467,8970,7,0.9974518418312073
NeuMF,2011,2011-12-31,156467,2455,8,0.997383177280426
NeuMF,2011,2011-12-31,156467,5388,9,0.9971104860305786
NeuMF,2011,2011-12-31,156467,2022,10,0.9970447421073914
NeuMF,2011,2011-12-31,156562,68791,1,0.9999428987503052
NeuMF,2011,2011-12-31,156562,68319,2,0.9999110698699951
NeuMF,2011,2011-12-31,156562,77561,3,0.9999074935913086
NeuMF,2011,2011-12-31,156562,71535,4,0.9998520612716675
NeuMF,2011,2011-12-31,156562,57640,5,0.9998218417167664
NeuMF,2011,2011-12-31,156562,65261,6,0.9997915625572205
NeuMF,2011,2011-12-31,156562,63131,7,0.9997366070747375
NeuMF,2011,2011-12-31,156562,60684,8,0.9997246861457825
NeuMF,2011,2011-12-31,156562,7153,9,0.9996083378791809
NeuMF,2011,2011-12-31,156562,72737,10,0.9995988011360168
NeuMF,2011,2011-12-31,156669,1260,1,0.9996335506439209
NeuMF,2011,2011-12-31,156669,8228,2,0.9995567202568054
NeuMF,2011,2011-12-31,156669,8507,3,0.9990604519844055
NeuMF,2011,2011-12-31,156669,908,4,0.9989829659461975
NeuMF,2011,2011-12-31,156669,7361,5,0.9989421963691711
NeuMF,2011,2011-12-31,156669,1212,6,0.9988718628883362
NeuMF,2011,2011-12-31,156669,7084,7,0.998767614364624
NeuMF,2011,2011-12-31,156669,6987,8,0.9985167384147644
NeuMF,2011,2011-12-31,156669,913,9,0.9983683228492737
NeuMF,2011,2011-12-31,156669,5291,10,0.9981313347816467
NeuMF,2011,2011-12-31,156708,446,1,0.9995138645172119
NeuMF,2011,2011-12-31,156708,345,2,0.9992859959602356
NeuMF,2011,2011-12-31,156708,17,3,0.9987443685531616
NeuMF,2011,2011-12-31,156708,534,4,0.9985633492469788
NeuMF,2011,2011-12-31,156708,1192,5,0.9984789490699768
NeuMF,2011,2011-12-31,156708,2572,6,0.9984094500541687
NeuMF,2011,2011-12-31,156708,232,7,0.9984036087989807
NeuMF,2011,2011-12-31,156708,265,8,0.9980881810188293
NeuMF,2011,2011-12-31,156708,260,9,0.9979826211929321
NeuMF,2011,2011-12-31,156708,3060,10,0.9977847933769226
NeuMF,2011,2011-12-31,157004,6280,1,0.9993403553962708
NeuMF,2011,2011-12-31,157004,6686,2,0.998818576335907
NeuMF,2011,2011-12-31,157004,6888,3,0.9983799457550049
NeuMF,2011,2011-12-31,157004,3534,4,0.997908353805542
NeuMF,2011,2011-12-31,157004,6754,5,0.9971030354499817
NeuMF,2011,2011-12-31,157004,8861,6,0.9969314336776733
NeuMF,2011,2011-12-31,157004,836,7,0.9955800175666809
NeuMF,2011,2011-12-31,157004,4519,8,0.9952066540718079
NeuMF,2011,2011-12-31,157004,5678,9,0.9951772689819336
NeuMF,2011,2011-12-31,157004,5064,10,0.9950227737426758
NeuMF,2011,2011-12-31,157087,69757,1,0.9990543723106384
NeuMF,2011,2011-12-31,157087,7293,2,0.998721182346344
NeuMF,2011,2011-12-31,157087,2096,3,0.9987055063247681
NeuMF,2011,2011-12-31,157087,44191,4,0.9976670742034912
NeuMF,2011,2011-12-31,157087,8641,5,0.9973875880241394
NeuMF,2011,2011-12-31,157087,80549,6,0.9971948862075806
NeuMF,2011,2011-12-31,157087,5810,7,0.9968546032905579
NeuMF,2011,2011-12-31,157087,40629,8,0.9967641830444336
NeuMF,2011,2011-12-31,157087,2716,9,0.9966408014297485
NeuMF,2011,2011-12-31,157087,6378,10,0.9964345693588257
NeuMF,2011,2011-12-31,157154,3949,1,0.9998682737350464
NeuMF,2011,2011-12-31,157154,33794,2,0.9996954202651978
NeuMF,2011,2011-12-31,157154,2329,3,0.9996669292449951
NeuMF,2011,2011-12-31,157154,296,4,0.9996169805526733
NeuMF,2011,2011-12-31,157154,4235,5,0.9995633959770203
NeuMF,2011,2011-12-31,157154,2858,6,0.9995614886283875
NeuMF,2011,2011-12-31,157154,4226,7,0.9995573163032532
NeuMF,2011,2011-12-31,157154,36529,8,0.9994959831237793
NeuMF,2011,2011-12-31,157154,55442,9,0.9994356036186218
NeuMF,2011,2011-12-31,157154,2762,10,0.999417781829834
NeuMF,2011,2011-12-31,157582,55814,1,0.9987812638282776
NeuMF,2011,2011-12-31,157582,64614,2,0.9981470108032227
NeuMF,2011,2011-12-31,157582,8949,3,0.9978929162025452
NeuMF,2011,2011-12-31,157582,55442,4,0.9976150989532471
NeuMF,2011,2011-12-31,157582,55290,5,0.9973849654197693
NeuMF,2011,2011-12-31,157582,48394,6,0.997197151184082
NeuMF,2011,2011-12-31,157582,53894,7,0.9967620372772217
NeuMF,2011,2011-12-31,157582,45210,8,0.9965536594390869
NeuMF,2011,2011-12-31,157582,3186,9,0.9962886571884155
NeuMF,2011,2011-12-31,157582,31658,10,0.9962026476860046
NeuMF,2011,2011-12-31,157655,73017,1,0.9999271631240845
NeuMF,2011,2011-12-31,157655,54997,2,0.9988369345664978
NeuMF,2011,2011-12-31,157655,64620,3,0.9986597299575806
NeuMF,2011,2011-12-31,157655,54503,4,0.998610258102417
NeuMF,2011,2011-12-31,157655,33794,5,0.9985852241516113
NeuMF,2011,2011-12-31,157655,59369,6,0.9985352754592896
NeuMF,2011,2011-12-31,157655,48780,7,0.998498797416687
NeuMF,2011,2011-12-31,157655,68358,8,0.9984092116355896
NeuMF,2011,2011-12-31,157655,59315,9,0.9979928731918335
NeuMF,2011,2011-12-31,157655,6323,10,0.9979828596115112
NeuMF,2011,2011-12-31,157890,78499,1,0.9998980760574341
NeuMF,2011,2011-12-31,157890,60684,2,0.9993891716003418
NeuMF,2011,2011-12-31,157890,56367,3,0.9992684721946716
NeuMF,2011,2011-12-31,157890,37857,4,0.9985052347183228
NeuMF,2011,2011-12-31,157890,63131,5,0.9984452128410339
NeuMF,2011,2011-12-31,157890,51255,6,0.9981514811515808
NeuMF,2011,2011-12-31,157890,69685,7,0.9979934692382812
NeuMF,2011,2011-12-31,157890,2706,8,0.9979442954063416
NeuMF,2011,2011-12-31,157890,69844,9,0.9977814555168152
NeuMF,2011,2011-12-31,157890,1136,10,0.997753918170929
NeuMF,2011,2011-12-31,158199,69481,1,0.9998960494995117
NeuMF,2011,2011-12-31,158199,1178,2,0.9998633861541748
NeuMF,2011,2011-12-31,158199,72998,3,0.999197781085968
NeuMF,2011,2011-12-31,158199,1953,4,0.9991658926010132
NeuMF,2011,2011-12-31,158199,3022,5,0.9991390705108643
NeuMF,2011,2011-12-31,158199,68157,6,0.9987345337867737
NeuMF,2011,2011-12-31,158199,69757,7,0.998474657535553
NeuMF,2011,2011-12-31,158199,68954,8,0.9980319142341614
NeuMF,2011,2011-12-31,158199,3681,9,0.9979838132858276
NeuMF,2011,2011-12-31,158199,1201,10,0.9979628324508667
NeuMF,2011,2011-12-31,158343,6350,1,0.999864935874939
NeuMF,2011,2011-12-31,158343,70286,2,0.999797523021698
NeuMF,2011,2011-12-31,158343,5690,3,0.9997966885566711
NeuMF,2011,2011-12-31,158343,2959,4,0.99970942735672
NeuMF,2011,2011-12-31,158343,3000,5,0.9996106028556824
NeuMF,2011,2011-12-31,158343,2140,6,0.99956876039505
NeuMF,2011,2011-12-31,158343,2571,7,0.9994454979896545
NeuMF,2011,2011-12-31,158343,1214,8,0.9994445443153381
NeuMF,2011,2011-12-31,158343,7099,9,0.9994388222694397
NeuMF,2011,2011-12-31,158343,3584,10,0.9992756247520447
NeuMF,2011,2011-12-31,158576,48780,1,0.999772846698761
NeuMF,2011,2011-12-31,158576,58559,2,0.9997079968452454
NeuMF,2011,2011-12-31,158576,54999,3,0.9993336796760559
NeuMF,2011,2011-12-31,158576,2959,4,0.9990932941436768
NeuMF,2011,2011-12-31,158576,53000,5,0.9988364577293396
NeuMF,2011,2011-12-31,158576,44191,6,0.9984001517295837
NeuMF,2011,2011-12-31,158576,33794,7,0.9981886744499207
NeuMF,2011,2011-12-31,158576,35836,8,0.9977368116378784
NeuMF,2011,2011-12-31,158576,7438,9,0.9973698854446411
NeuMF,2011,2011-12-31,158576,908,10,0.9972237348556519
NeuMF,2011,2011-12-31,158634,4437,1,0.9997660517692566
NeuMF,2011,2011-12-31,158634,493,2,0.999311089515686
NeuMF,2011,2011-12-31,158634,3430,3,0.9991171956062317
NeuMF,2011,2011-12-31,158634,1334,4,0.9983032941818237
NeuMF,2011,2011-12-31,158634,3018,5,0.9979554414749146
NeuMF,2011,2011-12-31,158634,60760,6,0.9977836012840271
NeuMF,2011,2011-12-31,158634,68952,7,0.9975307583808899
NeuMF,2011,2011-12-31,158634,4720,8,0.9968865513801575
NeuMF,2011,2011-12-31,158634,6662,9,0.9963208436965942
NeuMF,2011,2011-12-31,158634,69844,10,0.9958611130714417
NeuMF,2011,2011-12-31,158662,5833,1,0.9996989965438843
NeuMF,2011,2011-12-31,158662,52328,2,0.9993114471435547
NeuMF,2011,2011-12-31,158662,3300,3,0.9988225102424622
NeuMF,2011,2011-12-31,158662,5418,4,0.9981707334518433
NeuMF,2011,2011-12-31,158662,6058,5,0.9970349073410034
NeuMF,2011,2011-12-31,158662,3384,6,0.9956413507461548
NeuMF,2011,2011-12-31,158662,7347,7,0.9954100251197815
NeuMF,2011,2011-12-31,158662,51662,8,0.995112955570221
NeuMF,2011,2011-12-31,158662,7143,9,0.9947959780693054
NeuMF,2011,2011-12-31,158662,69140,10,0.9947746992111206
NeuMF,2011,2011-12-31,159211,55995,1,0.9999542236328125
NeuMF,2011,2011-12-31,159211,68554,2,0.999947190284729
NeuMF,2011,2011-12-31,159211,54001,3,0.9999150037765503
NeuMF,2011,2011-12-31,159211,61160,4,0.9999146461486816
NeuMF,2011,2011-12-31,159211,51662,5,0.9999027252197266
NeuMF,2011,2011-12-31,159211,79132,6,0.9998766183853149
NeuMF,2011,2011-12-31,159211,72998,7,0.999855637550354
NeuMF,2011,2011-12-31,159211,2393,8,0.9997538924217224
NeuMF,2011,2011-12-31,159211,62376,9,0.9997054934501648
NeuMF,2011,2011-12-31,159211,69844,10,0.9995829463005066
NeuMF,2011,2011-12-31,159649,2531,1,0.9997134804725647
NeuMF,2011,2011-12-31,159649,33615,2,0.9995833039283752
NeuMF,2011,2011-12-31,159649,71282,3,0.9995037317276001
NeuMF,2011,2011-12-31,159649,68954,4,0.9984270334243774
NeuMF,2011,2011-12-31,159649,53993,5,0.9983844757080078
NeuMF,2011,2011-12-31,159649,5224,6,0.9979567527770996
NeuMF,2011,2011-12-31,159649,71464,7,0.9977827668190002
NeuMF,2011,2011-12-31,159649,33639,8,0.99751877784729
NeuMF,2011,2011-12-31,159649,58299,9,0.9974122643470764
NeuMF,2011,2011-12-31,159649,46850,10,0.9974061846733093
NeuMF,2011,2011-12-31,159661,68358,1,0.9998914003372192
NeuMF,2011,2011-12-31,159661,69481,2,0.9994035959243774
NeuMF,2011,2011-12-31,159661,78499,3,0.999218225479126
NeuMF,2011,2011-12-31,159661,69844,4,0.9989282488822937
NeuMF,2011,2011-12-31,159661,63859,5,0.9987050294876099
NeuMF,2011,2011-12-31,159661,72998,6,0.9980073571205139
NeuMF,2011,2011-12-31,159661,4886,7,0.9974959492683411
NeuMF,2011,2011-12-31,159661,60069,8,0.9971737861633301
NeuMF,2011,2011-12-31,159661,64575,9,0.9970870614051819
NeuMF,2011,2011-12-31,159661,3317,10,0.9968792200088501
NeuMF,2011,2011-12-31,159685,3185,1,0.9998766183853149
NeuMF,2011,2011-12-31,159685,1480,2,0.9997513890266418
NeuMF,2011,2011-12-31,159685,8638,3,0.999683141708374
NeuMF,2011,2011-12-31,159685,3551,4,0.9996217489242554
NeuMF,2011,2011-12-31,159685,2961,5,0.9992577433586121
NeuMF,2011,2011-12-31,159685,8970,6,0.9992546439170837
NeuMF,2011,2011-12-31,159685,2966,7,0.9992343187332153
NeuMF,2011,2011-12-31,159685,6163,8,0.9991942048072815
NeuMF,2011,2011-12-31,159685,1616,9,0.9986398816108704
NeuMF,2011,2011-12-31,159685,2802,10,0.9982012510299683
NeuMF,2011,2011-12-31,160598,5460,1,0.9990022778511047
NeuMF,2011,2011-12-31,160598,69406,2,0.9987534284591675
NeuMF,2011,2011-12-31,160598,79132,3,0.9982239603996277
NeuMF,2011,2011-12-31,160598,7442,4,0.9966564178466797
NeuMF,2011,2011-12-31,160598,70293,5,0.9961244463920593
NeuMF,2011,2011-12-31,160598,6705,6,0.9960850477218628
NeuMF,2011,2011-12-31,160598,65585,7,0.9956701993942261
NeuMF,2011,2011-12-31,160598,2907,8,0.9955682158470154
NeuMF,2011,2011-12-31,160598,2485,9,0.9951983094215393
NeuMF,2011,2011-12-31,160598,63859,10,0.9950159192085266
NeuMF,2011,2011-12-31,160617,101,1,0.9996360540390015
NeuMF,2011,2011-12-31,160617,2726,2,0.9996196031570435
NeuMF,2011,2011-12-31,160617,1260,3,0.9994502663612366
NeuMF,2011,2011-12-31,160617,6987,4,0.9994283318519592
NeuMF,2011,2011-12-31,160617,3462,5,0.9992762207984924
NeuMF,2011,2011-12-31,160617,7132,6,0.9992620348930359
NeuMF,2011,2011-12-31,160617,1212,7,0.9992361068725586
NeuMF,2011,2011-12-31,160617,2186,8,0.9990610480308533
NeuMF,2011,2011-12-31,160617,26242,9,0.9989922642707825
NeuMF,2011,2011-12-31,160617,3730,10,0.998936116695404
NeuMF,2011,2011-12-31,160765,7132,1,0.999984622001648
NeuMF,2011,2011-12-31,160765,8542,2,0.9999140501022339
NeuMF,2011,2011-12-31,160765,1238,3,0.9998643398284912
NeuMF,2011,2011-12-31,160765,7084,4,0.9997923970222473
NeuMF,2011,2011-12-31,160765,7091,5,0.9997318387031555
NeuMF,2011,2011-12-31,160765,8827,6,0.9995589852333069
NeuMF,2011,2011-12-31,160765,6125,7,0.9994094371795654
NeuMF,2011,2011-12-31,160765,3811,8,0.9993645548820496
NeuMF,2011,2011-12-31,160765,5060,9,0.9993135929107666
NeuMF,2011,2011-12-31,160765,3022,10,0.9992130994796753
NeuMF,2011,2011-12-31,161321,66934,1,0.999930739402771
NeuMF,2011,2011-12-31,161321,52606,2,0.9994574189186096
NeuMF,2011,2011-12-31,161321,68358,3,0.9991405010223389
NeuMF,2011,2011-12-31,161321,71579,4,0.9991044402122498
NeuMF,2011,2011-12-31,161321,73017,5,0.9990523457527161
NeuMF,2011,2011-12-31,161321,27369,6,0.9989209175109863
NeuMF,2011,2011-12-31,161321,74458,7,0.9988903403282166
NeuMF,2011,2011-12-31,161321,1148,8,0.998730480670929
NeuMF,2011,2011-12-31,161321,7827,9,0.9985018968582153
NeuMF,2011,2011-12-31,161321,31123,10,0.9984598159790039
NeuMF,2011,2011-12-31,161563,760,1,0.9998328685760498
NeuMF,2011,2011-12-31,161563,50068,2,0.9995993971824646
NeuMF,2011,2011-12-31,161563,45186,3,0.9994478821754456
NeuMF,2011,2011-12-31,161563,48780,4,0.999422550201416
NeuMF,2011,2011-12-31,161563,665,5,0.9992641806602478
NeuMF,2011,2011-12-31,161563,48774,6,0.999244213104248
NeuMF,2011,2011-12-31,161563,51662,7,0.9992432594299316
NeuMF,2011,2011-12-31,161563,62374,8,0.9991607666015625
NeuMF,2011,2011-12-31,161563,68791,9,0.9990781545639038
NeuMF,2011,2011-12-31,161563,41527,10,0.9990677237510681
NeuMF,2011,2011-12-31,161667,68157,1,0.9973427653312683
NeuMF,2011,2011-12-31,161667,5952,2,0.9954681396484375
NeuMF,2011,2011-12-31,161667,4878,3,0.9932922124862671
NeuMF,2011,2011-12-31,161667,4993,4,0.9930796027183533
NeuMF,2011,2011-12-31,161667,4963,5,0.9925962686538696
NeuMF,2011,2011-12-31,161667,2959,6,0.9919508695602417
NeuMF,2011,2011-12-31,161667,68237,7,0.9919267892837524
NeuMF,2011,2011-12-31,161667,5445,8,0.990354061126709
NeuMF,2011,2011-12-31,161667,54995,9,0.9897983074188232
NeuMF,2011,2011-12-31,161667,47,10,0.9891470670700073
NeuMF,2011,2011-12-31,162038,51540,1,0.9998350143432617
NeuMF,2011,2011-12-31,162038,48304,2,0.9997729659080505
NeuMF,2011,2011-12-31,162038,4239,3,0.9996132254600525
NeuMF,2011,2011-12-31,162038,47099,4,0.9994750618934631
NeuMF,2011,2011-12-31,162038,56757,5,0.9993941783905029
NeuMF,2011,2011-12-31,162038,2231,6,0.9988460540771484
NeuMF,2011,2011-12-31,162038,53129,7,0.9987733960151672
NeuMF,2011,2011-12-31,162038,53550,8,0.998765230178833
NeuMF,2011,2011-12-31,162038,4448,9,0.9987633228302002
NeuMF,2011,2011-12-31,162038,3300,10,0.9986164569854736
NeuMF,2011,2011-12-31,162055,7458,1,0.9988152980804443
NeuMF,2011,2011-12-31,162055,31658,2,0.998432457447052
NeuMF,2011,2011-12-31,162055,5464,3,0.9982056617736816
NeuMF,2011,2011-12-31,162055,63113,4,0.9978747367858887
NeuMF,2011,2011-12-31,162055,7034,5,0.9977999329566956
NeuMF,2011,2011-12-31,162055,6542,6,0.9975215792655945
NeuMF,2011,2011-12-31,162055,2424,7,0.9972981810569763
NeuMF,2011,2011-12-31,162055,1281,8,0.9969979524612427
NeuMF,2011,2011-12-31,162055,6344,9,0.9968041181564331
NeuMF,2011,2011-12-31,162055,8368,10,0.99676114320755
NeuMF,2011,2011-12-31,162217,37386,1,0.9999022483825684
NeuMF,2011,2011-12-31,162217,5128,2,0.9990025162696838
NeuMF,2011,2011-12-31,162217,5040,3,0.998908281326294
NeuMF,2011,2011-12-31,162217,4128,4,0.9985949397087097
NeuMF,2011,2011-12-31,162217,41566,5,0.998468816280365
NeuMF,2011,2011-12-31,162217,46976,6,0.9980297684669495
NeuMF,2011,2011-12-31,162217,6201,7,0.9977340698242188
NeuMF,2011,2011-12-31,162217,8610,8,0.9975515007972717
NeuMF,2011,2011-12-31,162217,6820,9,0.9975493550300598
NeuMF,2011,2011-12-31,162217,53956,10,0.9974693059921265
NeuMF,2011,2011-12-31,162250,78499,1,0.999990701675415
NeuMF,2011,2011-12-31,162250,64839,2,0.999879002571106
NeuMF,2011,2011-12-31,162250,7153,3,0.9997227787971497
NeuMF,2011,2011-12-31,162250,61132,4,0.9996997117996216
NeuMF,2011,2011-12-31,162250,80463,5,0.99952232837677
NeuMF,2011,2011-12-31,162250,1748,6,0.9995083808898926
NeuMF,2011,2011-12-31,162250,5952,7,0.9994412064552307
NeuMF,2011,2011-12-31,162250,2115,8,0.9992874264717102
NeuMF,2011,2011-12-31,162250,57640,9,0.9991349577903748
NeuMF,2011,2011-12-31,162250,60040,10,0.9988270401954651
NeuMF,2011,2011-12-31,162271,4963,1,0.9991322159767151
NeuMF,2011,2011-12-31,162271,2115,2,0.9990789890289307
NeuMF,2011,2011-12-31,162271,7254,3,0.9990712404251099
NeuMF,2011,2011-12-31,162271,54001,4,0.9981441497802734
NeuMF,2011,2011-12-31,162271,33794,5,0.9980042576789856
NeuMF,2011,2011-12-31,162271,2628,6,0.9979074001312256
NeuMF,2011,2011-12-31,162271,53125,7,0.9978222846984863
NeuMF,2011,2011-12-31,162271,3623,8,0.9975724816322327
NeuMF,2011,2011-12-31,162271,57669,9,0.9969549179077148
NeuMF,2011,2011-12-31,162271,33004,10,0.9968468546867371
NeuMF,2011,2011-12-31,162721,3698,1,0.9997504353523254
NeuMF,2011,2011-12-31,162721,2628,2,0.9996911287307739
NeuMF,2011,2011-12-31,162721,2826,3,0.9996527433395386
NeuMF,2011,2011-12-31,162721,3717,4,0.9996410608291626
NeuMF,2011,2011-12-31,162721,2490,5,0.9996016621589661
NeuMF,2011,2011-12-31,162721,1591,6,0.9993201494216919
NeuMF,2011,2011-12-31,162721,2571,7,0.9992380142211914
NeuMF,2011,2011-12-31,162721,2167,8,0.9992278814315796
NeuMF,2011,2011-12-31,162721,1438,9,0.9991927742958069
NeuMF,2011,2011-12-31,162721,1587,10,0.9991245865821838
NeuMF,2011,2011-12-31,162970,4967,1,0.9967361092567444
NeuMF,2011,2011-12-31,162970,2949,2,0.9958239793777466
NeuMF,2011,2011-12-31,162970,5349,3,0.9957190155982971
NeuMF,2011,2011-12-31,162970,778,4,0.9956496357917786
NeuMF,2011,2011-12-31,162970,858,5,0.9954177141189575
NeuMF,2011,2011-12-31,162970,2359,6,0.9952630996704102
NeuMF,2011,2011-12-31,162970,6218,7,0.9951019287109375
NeuMF,2011,2011-12-31,162970,1732,8,0.9950937032699585
NeuMF,2011,2011-12-31,162970,2985,9,0.9948103427886963
NeuMF,2011,2011-12-31,162970,8961,10,0.9942445158958435
NeuMF,2011,2011-12-31,163113,7153,1,0.9994539618492126
NeuMF,2011,2011-12-31,163113,3949,2,0.9993731379508972
NeuMF,2011,2011-12-31,163113,1293,3,0.9993444085121155
NeuMF,2011,2011-12-31,163113,1225,4,0.9991828799247742
NeuMF,2011,2011-12-31,163113,1271,5,0.9991477727890015
NeuMF,2011,2011-12-31,163113,590,6,0.998985230922699
NeuMF,2011,2011-12-31,163113,1291,7,0.998913049697876
NeuMF,2011,2011-12-31,163113,3250,8,0.9988002777099609
NeuMF,2011,2011-12-31,163113,1678,9,0.9987717270851135
NeuMF,2011,2011-12-31,163113,27773,10,0.9986446499824524
NeuMF,2011,2011-12-31,163355,56171,1,0.999115526676178
NeuMF,2011,2011-12-31,163355,72737,2,0.9984133243560791
NeuMF,2011,2011-12-31,163355,940,3,0.9981233477592468
NeuMF,2011,2011-12-31,163355,6539,4,0.9980701804161072
NeuMF,2011,2011-12-31,163355,5690,5,0.9979787468910217
NeuMF,2011,2011-12-31,163355,58306,6,0.9979694485664368
NeuMF,2011,2011-12-31,163355,7247,7,0.9978760480880737
NeuMF,2011,2011-12-31,163355,5349,8,0.9978328347206116
NeuMF,2011,2011-12-31,163355,5014,9,0.9977667331695557
NeuMF,2011,2011-12-31,163355,69844,10,0.997269332408905
NeuMF,2011,2011-12-31,163697,2859,1,0.9993440508842468
NeuMF,2011,2011-12-31,163697,4211,2,0.9989473223686218
NeuMF,2011,2011-12-31,163697,6380,3,0.9988464117050171
NeuMF,2011,2011-12-31,163697,7327,4,0.9985369443893433
NeuMF,2011,2011-12-31,163697,5056,5,0.9984161853790283
NeuMF,2011,2011-12-31,163697,3251,6,0.9983376264572144
NeuMF,2011,2011-12-31,163697,7013,7,0.9974703788757324
NeuMF,2011,2011-12-31,163697,26400,8,0.9973915815353394
NeuMF,2011,2011-12-31,163697,2932,9,0.9972234964370728
NeuMF,2011,2011-12-31,163697,8827,10,0.9968860745429993
NeuMF,2011,2011-12-31,163917,59387,1,0.9998937845230103
NeuMF,2011,2011-12-31,163917,69134,2,0.9998849630355835
NeuMF,2011,2011-12-31,163917,52885,3,0.9997926354408264
NeuMF,2011,2011-12-31,163917,4902,4,0.9997417330741882
NeuMF,2011,2011-12-31,163917,6214,5,0.9997279047966003
NeuMF,2011,2011-12-31,163917,5570,6,0.9996597766876221
NeuMF,2011,2011-12-31,163917,68347,7,0.9996269941329956
NeuMF,2011,2011-12-31,163917,56339,8,0.999618649482727
NeuMF,2011,2011-12-31,163917,43832,9,0.9996030926704407
NeuMF,2011,2011-12-31,163917,80219,10,0.9995470643043518
NeuMF,2011,2011-12-31,164366,4052,1,0.9965206384658813
NeuMF,2011,2011-12-31,164366,8147,2,0.9960589408874512
NeuMF,2011,2011-12-31,164366,6006,3,0.9958077669143677
NeuMF,2011,2011-12-31,164366,1639,4,0.9953306913375854
NeuMF,2011,2011-12-31,164366,2236,5,0.9953054785728455
NeuMF,2011,2011-12-31,164366,1518,6,0.9953014850616455
NeuMF,2011,2011-12-31,164366,2707,7,0.9951033592224121
NeuMF,2011,2011-12-31,164366,2989,8,0.9942976832389832
NeuMF,2011,2011-12-31,164366,55176,9,0.9942485094070435
NeuMF,2011,2011-12-31,164366,785,10,0.9942014813423157
NeuMF,2011,2011-12-31,164391,161,1,0.9992663264274597
NeuMF,2011,2011-12-31,164391,4448,2,0.9992471933364868
NeuMF,2011,2011-12-31,164391,3753,3,0.9985817670822144
NeuMF,2011,2011-12-31,164391,4310,4,0.998581051826477
NeuMF,2011,2011-12-31,164391,4033,5,0.9985582232475281
NeuMF,2011,2011-12-31,164391,40583,6,0.9983646273612976
NeuMF,2011,2011-12-31,164391,4815,7,0.9983041286468506
NeuMF,2011,2011-12-31,164391,213,8,0.9981235861778259
NeuMF,2011,2011-12-31,164391,3952,9,0.9979985356330872
NeuMF,2011,2011-12-31,164391,5282,10,0.9978485107421875
NeuMF,2011,2011-12-31,164533,3676,1,0.9996250867843628
NeuMF,2011,2011-12-31,164533,4239,2,0.9995560050010681
NeuMF,2011,2011-12-31,164533,2232,3,0.9990859031677246
NeuMF,2011,2011-12-31,164533,7387,4,0.9990563988685608
NeuMF,2011,2011-12-31,164533,66509,5,0.9990288019180298
NeuMF,2011,2011-12-31,164533,6957,6,0.9989066123962402
NeuMF,2011,2011-12-31,164533,71464,7,0.9985455274581909
NeuMF,2011,2011-12-31,164533,7147,8,0.9985254406929016
NeuMF,2011,2011-12-31,164533,428,9,0.9984669089317322
NeuMF,2011,2011-12-31,164533,4262,10,0.9984421133995056
NeuMF,2011,2011-12-31,164721,2023,1,0.9967663288116455
NeuMF,2011,2011-12-31,164721,2019,2,0.996367335319519
NeuMF,2011,2011-12-31,164721,1227,3,0.9956235289573669
NeuMF,2011,2011-12-31,164721,1250,4,0.9952607750892639
NeuMF,2011,2011-12-31,164721,2959,5,0.9951516389846802
NeuMF,2011,2011-12-31,164721,70286,6,0.9939872026443481
NeuMF,2011,2011-12-31,164721,58559,7,0.9939470291137695
NeuMF,2011,2011-12-31,164721,2947,8,0.9935128092765808
NeuMF,2011,2011-12-31,164721,1272,9,0.9928481578826904
NeuMF,2011,2011-12-31,164721,51662,10,0.9925663471221924
NeuMF,2011,2011-12-31,165242,6773,1,0.9999831914901733
NeuMF,2011,2011-12-31,165242,50912,2,0.999710738658905
NeuMF,2011,2011-12-31,165242,55276,3,0.9996227025985718
NeuMF,2011,2011-12-31,165242,5051,4,0.9995625615119934
NeuMF,2011,2011-12-31,165242,68157,5,0.9990347623825073
NeuMF,2011,2011-12-31,165242,36401,6,0.9988604784011841
NeuMF,2011,2011-12-31,165242,7367,7,0.9987886548042297
NeuMF,2011,2011-12-31,165242,44022,8,0.9985937476158142
NeuMF,2011,2011-12-31,165242,2068,9,0.9984766840934753
NeuMF,2011,2011-12-31,165242,4881,10,0.9983922839164734
NeuMF,2011,2011-12-31,165361,63131,1,0.9999935626983643
NeuMF,2011,2011-12-31,165361,58803,2,0.9999901056289673
NeuMF,2011,2011-12-31,165361,51931,3,0.9999901056289673
NeuMF,2011,2011-12-31,165361,60756,4,0.9998868703842163
NeuMF,2011,2011-12-31,165361,62511,5,0.9998441934585571
NeuMF,2011,2011-12-31,165361,61323,6,0.9998339414596558
NeuMF,2011,2011-12-31,165361,26925,7,0.9998161196708679
NeuMF,2011,2011-12-31,165361,51086,8,0.9998018145561218
NeuMF,2011,2011-12-31,165361,56174,9,0.9997664093971252
NeuMF,2011,2011-12-31,165361,62155,10,0.9997380375862122
NeuMF,2011,2011-12-31,165460,45517,1,0.999883770942688
NeuMF,2011,2011-12-31,165460,63113,2,0.9998700618743896
NeuMF,2011,2011-12-31,165460,50872,3,0.9998018145561218
NeuMF,2011,2011-12-31,165460,64957,4,0.999723494052887
NeuMF,2011,2011-12-31,165460,56171,5,0.9996806383132935
NeuMF,2011,2011-12-31,165460,58559,6,0.9995808005332947
NeuMF,2011,2011-12-31,165460,54286,7,0.9994470477104187
NeuMF,2011,2011-12-31,165460,60072,8,0.9994276165962219
NeuMF,2011,2011-12-31,165460,64716,9,0.9994188547134399
NeuMF,2011,2011-12-31,165460,72998,10,0.99936443567276
NeuMF,2011,2011-12-31,165731,68554,1,0.9999308586120605
NeuMF,2011,2011-12-31,165731,5574,2,0.9997946619987488
NeuMF,2011,2011-12-31,165731,6383,3,0.9997732043266296
NeuMF,2011,2011-12-31,165731,71057,4,0.9997236132621765
NeuMF,2011,2011-12-31,165731,69122,5,0.9996008276939392
NeuMF,2011,2011-12-31,165731,4963,6,0.9995390176773071
NeuMF,2011,2011-12-31,165731,5254,7,0.9993295669555664
NeuMF,2011,2011-12-31,165731,51255,8,0.9993258714675903
NeuMF,2011,2011-12-31,165731,61132,9,0.9992607235908508
NeuMF,2011,2011-12-31,165731,8835,10,0.9989768266677856
NeuMF,2011,2011-12-31,165965,56145,1,0.9998841285705566
NeuMF,2011,2011-12-31,165965,5690,2,0.9998619556427002
NeuMF,2011,2011-12-31,165965,7022,3,0.9998459815979004
NeuMF,2011,2011-12-31,165965,6857,4,0.999691367149353
NeuMF,2011,2011-12-31,165965,68358,5,0.9995889067649841
NeuMF,2011,2011-12-31,165965,69844,6,0.9995280504226685
NeuMF,2011,2011-12-31,165965,68954,7,0.9994605183601379
NeuMF,2011,2011-12-31,165965,5618,8,0.9994588494300842
NeuMF,2011,2011-12-31,165965,6270,9,0.9992486834526062
NeuMF,2011,2011-12-31,165965,66097,10,0.9991164803504944
NeuMF,2011,2011-12-31,166030,43376,1,0.9999632835388184
NeuMF,2011,2011-12-31,166030,26729,2,0.9999336004257202
NeuMF,2011,2011-12-31,166030,2843,3,0.9996743202209473
NeuMF,2011,2011-12-31,166030,4848,4,0.9993972778320312
NeuMF,2011,2011-12-31,166030,5477,5,0.999342143535614
NeuMF,2011,2011-12-31,166030,1260,6,0.9992666840553284
NeuMF,2011,2011-12-31,166030,1172,7,0.9992146492004395
NeuMF,2011,2011-12-31,166030,3683,8,0.9989746809005737
NeuMF,2011,2011-12-31,166030,1217,9,0.9989380240440369
NeuMF,2011,2011-12-31,166030,52885,10,0.9987887740135193
NeuMF,2011,2011-12-31,166501,3210,1,0.9998577833175659
NeuMF,2011,2011-12-31,166501,2968,2,0.9997557997703552
NeuMF,2011,2011-12-31,166501,3421,3,0.9995970129966736
NeuMF,2011,2011-12-31,166501,7022,4,0.999504804611206
NeuMF,2011,2011-12-31,166501,8827,5,0.9993995428085327
NeuMF,2011,2011-12-31,166501,1214,6,0.9993804693222046
NeuMF,2011,2011-12-31,166501,2788,7,0.9990743398666382
NeuMF,2011,2011-12-31,166501,26133,8,0.998900294303894
NeuMF,2011,2011-12-31,166501,6104,9,0.9988829493522644
NeuMF,2011,2011-12-31,166501,4571,10,0.9988341927528381
NeuMF,2011,2011-12-31,166653,62374,1,0.9995794892311096
NeuMF,2011,2011-12-31,166653,80463,2,0.9994144439697266
NeuMF,2011,2011-12-31,166653,74789,3,0.9993364214897156
NeuMF,2011,2011-12-31,166653,49278,4,0.9993240833282471
NeuMF,2011,2011-12-31,166653,62849,5,0.999279797077179
NeuMF,2011,2011-12-31,166653,81834,6,0.998713493347168
NeuMF,2011,2011-12-31,166653,79702,7,0.9986648559570312
NeuMF,2011,2011-12-31,166653,51086,8,0.9984076619148254
NeuMF,2011,2011-12-31,166653,76175,9,0.9979785084724426
NeuMF,2011,2011-12-31,166653,80219,10,0.9975742697715759
NeuMF,2011,2011-12-31,166820,64614,1,0.999239444732666
NeuMF,2011,2011-12-31,166820,3698,2,0.9976142644882202
NeuMF,2011,2011-12-31,166820,1224,3,0.9974914789199829
NeuMF,2011,2011-12-31,166820,3681,4,0.9972094893455505
NeuMF,2011,2011-12-31,166820,3508,5,0.9968255758285522
NeuMF,2011,2011-12-31,166820,1663,6,0.9957519769668579
NeuMF,2011,2011-12-31,166820,2921,7,0.9953529834747314
NeuMF,2011,2011-12-31,166820,8607,8,0.9942401647567749
NeuMF,2011,2011-12-31,166820,2100,9,0.9939807653427124
NeuMF,2011,2011-12-31,166820,3770,10,0.9937962293624878
NeuMF,2011,2011-12-31,166850,2134,1,0.9988760352134705
NeuMF,2011,2011-12-31,166850,8917,2,0.9978014826774597
NeuMF,2011,2011-12-31,166850,1073,3,0.997744083404541
NeuMF,2011,2011-12-31,166850,4558,4,0.9973286390304565
NeuMF,2011,2011-12-31,166850,1136,5,0.9972541928291321
NeuMF,2011,2011-12-31,166850,2253,6,0.9972295165061951
NeuMF,2011,2011-12-31,166850,69844,7,0.9972250461578369
NeuMF,2011,2011-12-31,166850,51709,8,0.9966429471969604
NeuMF,2011,2011-12-31,166850,53519,9,0.9962329268455505
NeuMF,2011,2011-12-31,166850,58295,10,0.9960667490959167
NeuMF,2011,2011-12-31,167111,145,1,0.9997441172599792
NeuMF,2011,2011-12-31,167111,8387,2,0.9997178912162781
NeuMF,2011,2011-12-31,167111,4718,3,0.9996275901794434
NeuMF,2011,2011-12-31,167111,51575,4,0.9994915723800659
NeuMF,2011,2011-12-31,167111,6548,5,0.9993196725845337
NeuMF,2011,2011-12-31,167111,2381,6,0.9990673661231995
NeuMF,2011,2011-12-31,167111,69122,7,0.9990350008010864
NeuMF,2011,2011-12-31,167111,2380,8,0.9990084767341614
NeuMF,2011,2011-12-31,167111,5900,9,0.9989064931869507
NeuMF,2011,2011-12-31,167111,58162,10,0.998904824256897
NeuMF,2011,2011-12-31,167287,2488,1,0.999622106552124
NeuMF,2011,2011-12-31,167287,1827,2,0.9991599321365356
NeuMF,2011,2011-12-31,167287,190,3,0.9989709854125977
NeuMF,2011,2011-12-31,167287,34542,4,0.9988970756530762
NeuMF,2011,2011-12-31,167287,2495,5,0.9987590312957764
NeuMF,2011,2011-12-31,167287,2726,6,0.9984217882156372
NeuMF,2011,2011-12-31,167287,3794,7,0.9981241822242737
NeuMF,2011,2011-12-31,167287,3679,8,0.9979992508888245
NeuMF,2011,2011-12-31,167287,3676,9,0.9971681237220764
NeuMF,2011,2011-12-31,167287,3077,10,0.9962940812110901
NeuMF,2011,2011-12-31,167912,6791,1,0.9999264478683472
NeuMF,2011,2011-12-31,167912,45928,2,0.9995854496955872
NeuMF,2011,2011-12-31,167912,37240,3,0.9995706677436829
NeuMF,2011,2011-12-31,167912,42004,4,0.9995381832122803
NeuMF,2011,2011-12-31,167912,306,5,0.999396562576294
NeuMF,2011,2011-12-31,167912,7303,6,0.9991291165351868
NeuMF,2011,2011-12-31,167912,43333,7,0.9991024732589722
NeuMF,2011,2011-12-31,167912,7099,8,0.9988752007484436
NeuMF,2011,2011-12-31,167912,7745,9,0.9987414479255676
NeuMF,2011,2011-12-31,167912,44204,10,0.9987082481384277
NeuMF,2011,2011-12-31,168198,3132,1,0.9999402761459351
NeuMF,2011,2011-12-31,168198,32598,2,0.9996654987335205
NeuMF,2011,2011-12-31,168198,3739,3,0.99958735704422
NeuMF,2011,2011-12-31,168198,3179,4,0.999474823474884
NeuMF,2011,2011-12-31,168198,49130,5,0.9993175268173218
NeuMF,2011,2011-12-31,168198,5839,6,0.999221920967102
NeuMF,2011,2011-12-31,168198,7165,7,0.9988458156585693
NeuMF,2011,2011-12-31,168198,6669,8,0.9986959099769592
NeuMF,2011,2011-12-31,168198,229,9,0.9984980821609497
NeuMF,2011,2011-12-31,168198,5135,10,0.9983090162277222
NeuMF,2011,2011-12-31,168394,55768,1,0.9998047947883606
NeuMF,2011,2011-12-31,168394,72737,2,0.9993478655815125
NeuMF,2011,2011-12-31,168394,62434,3,0.9989174604415894
NeuMF,2011,2011-12-31,168394,71264,4,0.9987364411354065
NeuMF,2011,2011-12-31,168394,63859,5,0.9986557960510254
NeuMF,2011,2011-12-31,168394,3087,6,0.9986050724983215
NeuMF,2011,2011-12-31,168394,7376,7,0.9984093308448792
NeuMF,2011,2011-12-31,168394,45431,8,0.9980670809745789
NeuMF,2011,2011-12-31,168394,68848,9,0.9972468614578247
NeuMF,2011,2011-12-31,168394,42738,10,0.9971181154251099
NeuMF,2011,2011-12-31,168426,61323,1,0.999586284160614
NeuMF,2011,2011-12-31,168426,1517,2,0.9990812540054321
NeuMF,2011,2011-12-31,168426,72226,3,0.9985526204109192
NeuMF,2011,2011-12-31,168426,7360,4,0.9984797835350037
NeuMF,2011,2011-12-31,168426,39381,5,0.9983640313148499
NeuMF,2011,2011-12-31,168426,4251,6,0.9983527660369873
NeuMF,2011,2011-12-31,168426,40278,7,0.9982436895370483
NeuMF,2011,2011-12-31,168426,60684,8,0.9981521964073181
NeuMF,2011,2011-12-31,168426,46578,9,0.9976611137390137
NeuMF,2011,2011-12-31,168426,27879,10,0.9976359605789185
NeuMF,2011,2011-12-31,168606,7562,1,0.9999082088470459
NeuMF,2011,2011-12-31,168606,6953,2,0.9992497563362122
NeuMF,2011,2011-12-31,168606,4448,3,0.9991092085838318
NeuMF,2011,2011-12-31,168606,4262,4,0.999090313911438
NeuMF,2011,2011-12-31,168606,6016,5,0.9990184307098389
NeuMF,2011,2011-12-31,168606,6552,6,0.9989206790924072
NeuMF,2011,2011-12-31,168606,30894,7,0.998857855796814
NeuMF,2011,2011-12-31,168606,3316,8,0.9988327622413635
NeuMF,2011,2011-12-31,168606,6197,9,0.9987785220146179
NeuMF,2011,2011-12-31,168606,2360,10,0.998768150806427
NeuMF,2011,2011-12-31,168995,33585,1,0.999907374382019
NeuMF,2011,2011-12-31,168995,79132,2,0.9998204112052917
NeuMF,2011,2011-12-31,168995,7438,3,0.9983294606208801
NeuMF,2011,2011-12-31,168995,48385,4,0.9982579350471497
NeuMF,2011,2011-12-31,168995,58559,5,0.9981961846351624
NeuMF,2011,2011-12-31,168995,6874,6,0.9979252815246582
NeuMF,2011,2011-12-31,168995,6235,7,0.9969594478607178
NeuMF,2011,2011-12-31,168995,111,8,0.9967944025993347
NeuMF,2011,2011-12-31,168995,7976,9,0.996781587600708
NeuMF,2011,2011-12-31,168995,55820,10,0.9961877465248108
NeuMF,2011,2011-12-31,169098,2360,1,0.9996318817138672
NeuMF,2011,2011-12-31,169098,2378,2,0.9992400407791138
NeuMF,2011,2011-12-31,169098,30793,3,0.99892657995224
NeuMF,2011,2011-12-31,169098,48082,4,0.9989140033721924
NeuMF,2011,2011-12-31,169098,1884,5,0.9985805749893188
NeuMF,2011,2011-12-31,169098,36535,6,0.9981716871261597
NeuMF,2011,2011-12-31,169098,27850,7,0.9981120824813843
NeuMF,2011,2011-12-31,169098,4881,8,0.9980764389038086
NeuMF,2011,2011-12-31,169098,3160,9,0.9978406429290771
NeuMF,2011,2011-12-31,169098,4848,10,0.9976575374603271
NeuMF,2011,2011-12-31,169550,2126,1,0.9993496537208557
NeuMF,2011,2011-12-31,169550,4901,2,0.9990035891532898
NeuMF,2011,2011-12-31,169550,43871,3,0.9989786148071289
NeuMF,2011,2011-12-31,169550,5418,4,0.99837327003479
NeuMF,2011,2011-12-31,169550,733,5,0.9983067512512207
NeuMF,2011,2011-12-31,169550,8665,6,0.9978551268577576
NeuMF,2011,2011-12-31,169550,6378,7,0.9977243542671204
NeuMF,2011,2011-12-31,169550,5872,8,0.9975631237030029
NeuMF,2011,2011-12-31,169550,5900,9,0.9968696236610413
NeuMF,2011,2011-12-31,169550,5952,10,0.9965960383415222
NeuMF,2011,2011-12-31,169861,3362,1,0.9997780919075012
NeuMF,2011,2011-12-31,169861,1208,2,0.9995967745780945
NeuMF,2011,2011-12-31,169861,3037,3,0.999291181564331
NeuMF,2011,2011-12-31,169861,296,4,0.999247670173645
NeuMF,2011,2011-12-31,169861,1234,5,0.999147891998291
NeuMF,2011,2011-12-31,169861,3498,6,0.9991170763969421
NeuMF,2011,2011-12-31,169861,593,7,0.9991002082824707
NeuMF,2011,2011-12-31,169861,235,8,0.9989068508148193
NeuMF,2011,2011-12-31,169861,1095,9,0.9988425970077515
NeuMF,2011,2011-12-31,169861,1227,10,0.998815655708313
NeuMF,2011,2011-12-31,169864,79132,1,0.9999197721481323
NeuMF,2011,2011-12-31,169864,79702,2,0.9997009038925171
NeuMF,2011,2011-12-31,169864,2959,3,0.9996154308319092
NeuMF,2011,2011-12-31,169864,60684,4,0.9993725419044495
NeuMF,2011,2011-12-31,169864,54995,5,0.9993282556533813
NeuMF,2011,2011-12-31,169864,73017,6,0.9993160963058472
NeuMF,2011,2011-12-31,169864,62434,7,0.9992671608924866
NeuMF,2011,2011-12-31,169864,4878,8,0.9992511868476868
NeuMF,2011,2011-12-31,169864,7438,9,0.9990445971488953
NeuMF,2011,2011-12-31,169864,62155,10,0.9987249970436096
NeuMF,2011,2011-12-31,170149,52885,1,0.9998006224632263
NeuMF,2011,2011-12-31,170149,27478,2,0.9997879862785339
NeuMF,2011,2011-12-31,170149,57368,3,0.9993504881858826
NeuMF,2011,2011-12-31,170149,60069,4,0.9989008903503418
NeuMF,2011,2011-12-31,170149,59315,5,0.9977217316627502
NeuMF,2011,2011-12-31,170149,2021,6,0.9976345300674438
NeuMF,2011,2011-12-31,170149,53894,7,0.997395396232605
NeuMF,2011,2011-12-31,170149,8607,8,0.9970372915267944
NeuMF,2011,2011-12-31,170149,60684,9,0.9968369007110596
NeuMF,2011,2011-12-31,170149,1148,10,0.9966513514518738
NeuMF,2011,2011-12-31,170231,2329,1,0.9989859461784363
NeuMF,2011,2011-12-31,170231,2687,2,0.9987689852714539
NeuMF,2011,2011-12-31,170231,5219,3,0.9986300468444824
NeuMF,2011,2011-12-31,170231,3745,4,0.9985582232475281
NeuMF,2011,2011-12-31,170231,63072,5,0.9982768297195435
NeuMF,2011,2011-12-31,170231,4011,6,0.9982471466064453
NeuMF,2011,2011-12-31,170231,1625,7,0.9978196620941162
NeuMF,2011,2011-12-31,170231,3950,8,0.9975367784500122
NeuMF,2011,2011-12-31,170231,3578,9,0.9974074959754944
NeuMF,2011,2011-12-31,170231,3461,10,0.9971808195114136
NeuMF,2011,2011-12-31,170442,46723,1,0.9986234903335571
NeuMF,2011,2011-12-31,170442,48738,2,0.9980491399765015
NeuMF,2011,2011-12-31,170442,49530,3,0.998047947883606
NeuMF,2011,2011-12-31,170442,2360,4,0.9971201419830322
NeuMF,2011,2011-12-31,170442,2542,5,0.9969227910041809
NeuMF,2011,2011-12-31,170442,63113,6,0.9968475699424744
NeuMF,2011,2011-12-31,170442,318,7,0.9954571723937988
NeuMF,2011,2011-12-31,170442,110,8,0.9954062700271606
NeuMF,2011,2011-12-31,170442,293,9,0.995273768901825
NeuMF,2011,2011-12-31,170442,58559,10,0.9950016140937805
NeuMF,2011,2011-12-31,170473,101,1,0.9999896287918091
NeuMF,2011,2011-12-31,170473,714,2,0.9998410940170288
NeuMF,2011,2011-12-31,170473,1464,3,0.9997991919517517
NeuMF,2011,2011-12-31,170473,1916,4,0.9997450709342957
NeuMF,2011,2011-12-31,170473,3683,5,0.9996837377548218
NeuMF,2011,2011-12-31,170473,3328,6,0.999607503414154
NeuMF,2011,2011-12-31,170473,3949,7,0.9993915557861328
NeuMF,2011,2011-12-31,170473,29,8,0.9993294477462769
NeuMF,2011,2011-12-31,170473,6016,9,0.9992024302482605
NeuMF,2011,2011-12-31,170473,2952,10,0.9989637136459351
NeuMF,2011,2011-12-31,171143,899,1,0.9999297857284546
NeuMF,2011,2011-12-31,171143,47721,2,0.9999250173568726
NeuMF,2011,2011-12-31,171143,52975,3,0.9995962977409363
NeuMF,2011,2011-12-31,171143,1148,4,0.9995724558830261
NeuMF,2011,2011-12-31,171143,2139,5,0.9995275735855103
NeuMF,2011,2011-12-31,171143,2291,6,0.9994433522224426
NeuMF,2011,2011-12-31,171143,3606,7,0.9990600943565369
NeuMF,2011,2011-12-31,171143,7064,8,0.9990264177322388
NeuMF,2011,2011-12-31,171143,3159,9,0.9989606142044067
NeuMF,2011,2011-12-31,171143,6350,10,0.9989266991615295
NeuMF,2011,2011-12-31,171335,72011,1,0.9996261596679688
NeuMF,2011,2011-12-31,171335,79132,2,0.9993820190429688
NeuMF,2011,2011-12-31,171335,63082,3,0.9992709755897522
NeuMF,2011,2011-12-31,171335,69757,4,0.9990692734718323
NeuMF,2011,2011-12-31,171335,60069,5,0.9990066885948181
NeuMF,2011,2011-12-31,171335,64957,6,0.9990063309669495
NeuMF,2011,2011-12-31,171335,68554,7,0.9987805485725403
NeuMF,2011,2011-12-31,171335,3510,8,0.9987059831619263
NeuMF,2011,2011-12-31,171335,68954,9,0.9985108971595764
NeuMF,2011,2011-12-31,171335,27816,10,0.998417854309082
NeuMF,2011,2011-12-31,171352,6311,1,0.9999372959136963
NeuMF,2011,2011-12-31,171352,7380,2,0.9994939565658569
NeuMF,2011,2011-12-31,171352,58347,3,0.9992185831069946
NeuMF,2011,2011-12-31,171352,54001,4,0.9992017149925232
NeuMF,2011,2011-12-31,171352,5267,5,0.9985495209693909
NeuMF,2011,2011-12-31,171352,1597,6,0.9980553388595581
NeuMF,2011,2011-12-31,171352,37386,7,0.9979991316795349
NeuMF,2011,2011-12-31,171352,32596,8,0.9976840019226074
NeuMF,2011,2011-12-31,171352,2005,9,0.9973801970481873
NeuMF,2011,2011-12-31,171352,368,10,0.9971254467964172
NeuMF,2011,2011-12-31,171454,59501,1,0.999518632888794
NeuMF,2011,2011-12-31,171454,48997,2,0.9994524121284485
NeuMF,2011,2011-12-31,171454,40629,3,0.9993871450424194
NeuMF,2011,2011-12-31,171454,45880,4,0.9993299245834351
NeuMF,2011,2011-12-31,171454,40815,5,0.9986326098442078
NeuMF,2011,2011-12-31,171454,253,6,0.9976587295532227
NeuMF,2011,2011-12-31,171454,4815,7,0.9976141452789307
NeuMF,2011,2011-12-31,171454,7318,8,0.9975353479385376
NeuMF,2011,2011-12-31,171454,51575,9,0.9975032210350037
NeuMF,2011,2011-12-31,171454,4306,10,0.9970721006393433
NeuMF,2011,2011-12-31,171720,6975,1,0.9999537467956543
NeuMF,2011,2011-12-31,171720,61240,2,0.9998935461044312
NeuMF,2011,2011-12-31,171720,7099,3,0.9996508359909058
NeuMF,2011,2011-12-31,171720,5971,4,0.9995723366737366
NeuMF,2011,2011-12-31,171720,7022,5,0.9995124340057373
NeuMF,2011,2011-12-31,171720,1260,6,0.9993734955787659
NeuMF,2011,2011-12-31,171720,6016,7,0.9992896318435669
NeuMF,2011,2011-12-31,171720,27592,8,0.9992213249206543
NeuMF,2011,2011-12-31,171720,26776,9,0.9990634322166443
NeuMF,2011,2011-12-31,171720,2959,10,0.9988617897033691
NeuMF,2011,2011-12-31,171794,52319,1,0.9999005794525146
NeuMF,2011,2011-12-31,171794,68157,2,0.9998036026954651
NeuMF,2011,2011-12-31,171794,72998,3,0.9997735619544983
NeuMF,2011,2011-12-31,171794,74458,4,0.9995706677436829
NeuMF,2011,2011-12-31,171794,63082,5,0.9994691014289856
NeuMF,2011,2011-12-31,171794,5995,6,0.9993971586227417
NeuMF,2011,2011-12-31,171794,69481,7,0.9992899894714355
NeuMF,2011,2011-12-31,171794,68954,8,0.9992653727531433
NeuMF,2011,2011-12-31,171794,67255,9,0.9991583824157715
NeuMF,2011,2011-12-31,171794,4993,10,0.9991350769996643
NeuMF,2011,2011-12-31,172024,5017,1,0.9998301267623901
NeuMF,2011,2011-12-31,172024,8330,2,0.9997767806053162
NeuMF,2011,2011-12-31,172024,7238,3,0.9996596574783325
NeuMF,2011,2011-12-31,172024,7121,4,0.9995338916778564
NeuMF,2011,2011-12-31,172024,6611,5,0.9994218349456787
NeuMF,2011,2011-12-31,172024,3435,6,0.9993728995323181
NeuMF,2011,2011-12-31,172024,25850,7,0.9987626075744629
NeuMF,2011,2011-12-31,172024,26131,8,0.9987367987632751
NeuMF,2011,2011-12-31,172024,4217,9,0.9987249970436096
NeuMF,2011,2011-12-31,172024,7834,10,0.9981841444969177
NeuMF,2011,2011-12-31,172436,6370,1,0.9989497065544128
NeuMF,2011,2011-12-31,172436,2297,2,0.9984605312347412
NeuMF,2011,2011-12-31,172436,49910,3,0.9972223043441772
NeuMF,2011,2011-12-31,172436,8533,4,0.9970093965530396
NeuMF,2011,2011-12-31,172436,7143,5,0.9969833493232727
NeuMF,2011,2011-12-31,172436,7458,6,0.9967343807220459
NeuMF,2011,2011-12-31,172436,4306,7,0.9957985281944275
NeuMF,2011,2011-12-31,172436,55872,8,0.9952998161315918
NeuMF,2011,2011-12-31,172436,30749,9,0.9947975873947144
NeuMF,2011,2011-12-31,172436,54190,10,0.9947203397750854
NeuMF,2011,2011-12-31,172740,69757,1,0.9999659061431885
NeuMF,2011,2011-12-31,172740,79132,2,0.9999544620513916
NeuMF,2011,2011-12-31,172740,78209,3,0.9999457597732544
NeuMF,2011,2011-12-31,172740,62434,4,0.9998520612716675
NeuMF,2011,2011-12-31,172740,57669,5,0.9998459815979004
NeuMF,2011,2011-12-31,172740,63082,6,0.9996622800827026
NeuMF,2011,2011-12-31,172740,59315,7,0.9995898604393005
NeuMF,2011,2011-12-31,172740,67087,8,0.999570906162262
NeuMF,2011,2011-12-31,172740,33794,9,0.9994146823883057
NeuMF,2011,2011-12-31,172740,62374,10,0.9993040561676025
NeuMF,2011,2011-12-31,172876,54997,1,0.9996707439422607
NeuMF,2011,2011-12-31,172876,6188,2,0.9994239807128906
NeuMF,2011,2011-12-31,172876,55765,3,0.9990113973617554
NeuMF,2011,2011-12-31,172876,47099,4,0.9987965822219849
NeuMF,2011,2011-12-31,172876,59369,5,0.998677670955658
NeuMF,2011,2011-12-31,172876,7445,6,0.9986271858215332
NeuMF,2011,2011-12-31,172876,165,7,0.9984064698219299
NeuMF,2011,2011-12-31,172876,3717,8,0.998161256313324
NeuMF,2011,2011-12-31,172876,110,9,0.9978523254394531
NeuMF,2011,2011-12-31,172876,4489,10,0.9976322650909424
NeuMF,2011,2011-12-31,173242,6155,1,0.9999892711639404
NeuMF,2011,2011-12-31,173242,55250,2,0.9999783039093018
NeuMF,2011,2011-12-31,173242,7380,3,0.9999747276306152
NeuMF,2011,2011-12-31,173242,65230,4,0.9999504089355469
NeuMF,2011,2011-12-31,173242,44193,5,0.999940037727356
NeuMF,2011,2011-12-31,173242,42732,6,0.9999305009841919
NeuMF,2011,2011-12-31,173242,54780,7,0.9999271631240845
NeuMF,2011,2011-12-31,173242,58107,8,0.9998997449874878
NeuMF,2011,2011-12-31,173242,33815,9,0.999870777130127
NeuMF,2011,2011-12-31,173242,56775,10,0.9998694658279419
NeuMF,2011,2011-12-31,173804,1958,1,0.9982693195343018
NeuMF,2011,2011-12-31,173804,5016,2,0.9976882934570312
NeuMF,2011,2011-12-31,173804,2973,3,0.9964607357978821
NeuMF,2011,2011-12-31,173804,6881,4,0.9959890246391296
NeuMF,2011,2011-12-31,173804,3125,5,0.9958569407463074
NeuMF,2011,2011-12-31,173804,37741,6,0.9958078861236572
NeuMF,2011,2011-12-31,173804,1956,7,0.9945703148841858
NeuMF,2011,2011-12-31,173804,2243,8,0.994528591632843
NeuMF,2011,2011-12-31,173804,43460,9,0.9941492080688477
NeuMF,2011,2011-12-31,173804,3982,10,0.9935330152511597
NeuMF,2011,2011-12-31,173841,8916,1,0.9999533891677856
NeuMF,2011,2011-12-31,173841,73319,2,0.9994885921478271
NeuMF,2011,2011-12-31,173841,8533,3,0.9984874725341797
NeuMF,2011,2011-12-31,173841,7154,4,0.9984163045883179
NeuMF,2011,2011-12-31,173841,5553,5,0.9982181191444397
NeuMF,2011,2011-12-31,173841,30822,6,0.998111367225647
NeuMF,2011,2011-12-31,173841,30825,7,0.997812032699585
NeuMF,2011,2011-12-31,173841,1680,8,0.997794508934021
NeuMF,2011,2011-12-31,173841,54780,9,0.9975785613059998
NeuMF,2011,2011-12-31,173841,7173,10,0.9975515007972717
NeuMF,2011,2011-12-31,173979,4000,1,0.9998112320899963
NeuMF,2011,2011-12-31,173979,7218,2,0.9997671246528625
NeuMF,2011,2011-12-31,173979,6448,3,0.9984531402587891
NeuMF,2011,2011-12-31,173979,5221,4,0.998275637626648
NeuMF,2011,2011-12-31,173979,4557,5,0.997992992401123
NeuMF,2011,2011-12-31,173979,3966,6,0.9978582262992859
NeuMF,2011,2011-12-31,173979,5359,7,0.9978256821632385
NeuMF,2011,2011-12-31,173979,8491,8,0.9973892569541931
NeuMF,2011,2011-12-31,173979,3734,9,0.9967488050460815
NeuMF,2011,2011-12-31,173979,8530,10,0.9966180920600891
NeuMF,2011,2011-12-31,174092,6214,1,0.99983811378479
NeuMF,2011,2011-12-31,174092,53447,2,0.9992066025733948
NeuMF,2011,2011-12-31,174092,44828,3,0.998630166053772
NeuMF,2011,2011-12-31,174092,31952,4,0.9980695843696594
NeuMF,2011,2011-12-31,174092,39444,5,0.9980626702308655
NeuMF,2011,2011-12-31,174092,5833,6,0.9975614547729492
NeuMF,2011,2011-12-31,174092,1175,7,0.9975503087043762
NeuMF,2011,2011-12-31,174092,6932,8,0.9973879456520081
NeuMF,2011,2011-12-31,174092,6858,9,0.9971779584884644
NeuMF,2011,2011-12-31,174092,59018,10,0.997067391872406
NeuMF,2011,2011-12-31,174514,74685,1,0.9997912049293518
NeuMF,2011,2011-12-31,174514,60647,2,0.9997461438179016
NeuMF,2011,2011-12-31,174514,45517,3,0.9996280670166016
NeuMF,2011,2011-12-31,174514,51931,4,0.9996017813682556
NeuMF,2011,2011-12-31,174514,6881,5,0.9995973706245422
NeuMF,2011,2011-12-31,174514,60943,6,0.9995972514152527
NeuMF,2011,2011-12-31,174514,52375,7,0.9995449185371399
NeuMF,2011,2011-12-31,174514,68358,8,0.9992928504943848
NeuMF,2011,2011-12-31,174514,7323,9,0.9992769360542297
NeuMF,2011,2011-12-31,174514,59018,10,0.9992414712905884
NeuMF,2011,2011-12-31,174538,1479,1,0.9990725517272949
NeuMF,2011,2011-12-31,174538,8495,2,0.9984375834465027
NeuMF,2011,2011-12-31,174538,1590,3,0.9982491731643677
NeuMF,2011,2011-12-31,174538,2542,4,0.99820876121521
NeuMF,2011,2011-12-31,174538,3740,5,0.9977864027023315
NeuMF,2011,2011-12-31,174538,180,6,0.997745931148529
NeuMF,2011,2011-12-31,174538,4215,7,0.9973137974739075
NeuMF,2011,2011-12-31,174538,49530,8,0.9970314502716064
NeuMF,2011,2011-12-31,174538,51255,9,0.9964912533760071
NeuMF,2011,2011-12-31,174538,733,10,0.9963515996932983
NeuMF,2011,2011-12-31,174941,47099,1,0.9994456171989441
NeuMF,2011,2011-12-31,174941,63082,2,0.9994413256645203
NeuMF,2011,2011-12-31,174941,50872,3,0.9991014003753662
NeuMF,2011,2011-12-31,174941,7361,4,0.9989584684371948
NeuMF,2011,2011-12-31,174941,78499,5,0.9989111423492432
NeuMF,2011,2011-12-31,174941,72011,6,0.9989058971405029
NeuMF,2011,2011-12-31,174941,59018,7,0.9988844990730286
NeuMF,2011,2011-12-31,174941,58299,8,0.9986925721168518
NeuMF,2011,2011-12-31,174941,65216,9,0.9985242486000061
NeuMF,2011,2011-12-31,174941,37240,10,0.9981369972229004
NeuMF,2011,2011-12-31,175000,2594,1,0.9998507499694824
NeuMF,2011,2011-12-31,175000,3083,2,0.9982750415802002
NeuMF,2011,2011-12-31,175000,1748,3,0.9982611536979675
NeuMF,2011,2011-12-31,175000,4336,4,0.9981204867362976
NeuMF,2011,2011-12-31,175000,4226,5,0.9980323910713196
NeuMF,2011,2011-12-31,175000,2673,6,0.9974039196968079
NeuMF,2011,2011-12-31,175000,2232,7,0.9973522424697876
NeuMF,2011,2011-12-31,175000,4011,8,0.9973123073577881
NeuMF,2011,2011-12-31,175000,32,9,0.9972928166389465
NeuMF,2011,2011-12-31,175000,344,10,0.9971621036529541
NeuMF,2011,2011-12-31,175271,1289,1,0.9996247291564941
NeuMF,2011,2011-12-31,175271,1281,2,0.9995436072349548
NeuMF,2011,2011-12-31,175271,1251,3,0.9993517994880676
NeuMF,2011,2011-12-31,175271,541,4,0.9987038373947144
NeuMF,2011,2011-12-31,175271,1176,5,0.9986155033111572
NeuMF,2011,2011-12-31,175271,3470,6,0.9984315037727356
NeuMF,2011,2011-12-31,175271,4103,7,0.9984122514724731
NeuMF,2011,2011-12-31,175271,6780,8,0.9979894161224365
NeuMF,2011,2011-12-31,175271,1748,9,0.9976376295089722
NeuMF,2011,2011-12-31,175271,680,10,0.9975221753120422
NeuMF,2011,2011-12-31,175326,4226,1,0.9975516200065613
NeuMF,2011,2011-12-31,175326,50,2,0.9968833327293396
NeuMF,2011,2011-12-31,175326,1265,3,0.9957232475280762
NeuMF,2011,2011-12-31,175326,2959,4,0.9955268502235413
NeuMF,2011,2011-12-31,175326,3481,5,0.9954730868339539
NeuMF,2011,2011-12-31,175326,1198,6,0.9954565763473511
NeuMF,2011,2011-12-31,175326,8981,7,0.9950560331344604
NeuMF,2011,2011-12-31,175326,410,8,0.9943147301673889
NeuMF,2011,2011-12-31,175326,520,9,0.9943099021911621
NeuMF,2011,2011-12-31,175326,1246,10,0.9942288398742676
NeuMF,2011,2011-12-31,175482,7587,1,0.999183714389801
NeuMF,2011,2011-12-31,175482,1178,2,0.9988623857498169
NeuMF,2011,2011-12-31,175482,27317,3,0.9985790252685547
NeuMF,2011,2011-12-31,175482,7820,4,0.9983921647071838
NeuMF,2011,2011-12-31,175482,4144,5,0.9983760118484497
NeuMF,2011,2011-12-31,175482,34542,6,0.9982439279556274
NeuMF,2011,2011-12-31,175482,61240,7,0.9981902241706848
NeuMF,2011,2011-12-31,175482,26003,8,0.9978557229042053
NeuMF,2011,2011-12-31,175482,29,9,0.9976963400840759
NeuMF,2011,2011-12-31,175482,7387,10,0.9976379871368408
NeuMF,2011,2011-12-31,175666,69844,1,0.9997298121452332
NeuMF,2011,2011-12-31,175666,69122,2,0.9993327260017395
NeuMF,2011,2011-12-31,175666,68135,3,0.9992030262947083
NeuMF,2011,2011-12-31,175666,72998,4,0.9987854361534119
NeuMF,2011,2011-12-31,175666,64614,5,0.9987459182739258
NeuMF,2011,2011-12-31,175666,68954,6,0.9983914494514465
NeuMF,2011,2011-12-31,175666,62376,7,0.9983475208282471
NeuMF,2011,2011-12-31,175666,4896,8,0.9983348250389099
NeuMF,2011,2011-12-31,175666,54001,9,0.998291552066803
NeuMF,2011,2011-12-31,175666,4226,10,0.9981940388679504
NeuMF,2011,2011-12-31,175892,535,1,0.9996923208236694
NeuMF,2011,2011-12-31,175892,4262,2,0.9991768002510071
NeuMF,2011,2011-12-31,175892,475,3,0.9986807703971863
NeuMF,2011,2011-12-31,175892,47,4,0.9986555576324463
NeuMF,2011,2011-12-31,175892,4407,5,0.998367965221405
NeuMF,2011,2011-12-31,175892,4661,6,0.9983031749725342
NeuMF,2011,2011-12-31,175892,1228,7,0.9982277750968933
NeuMF,2011,2011-12-31,175892,1089,8,0.9980473518371582
NeuMF,2011,2011-12-31,175892,6440,9,0.9978553652763367
NeuMF,2011,2011-12-31,175892,7013,10,0.9977403879165649
NeuMF,2011,2011-12-31,176034,74530,1,0.9996019005775452
NeuMF,2011,2011-12-31,176034,60069,2,0.9989417195320129
NeuMF,2011,2011-12-31,176034,58559,3,0.9980657696723938
NeuMF,2011,2011-12-31,176034,59315,4,0.9977926015853882
NeuMF,2011,2011-12-31,176034,80549,5,0.9965554475784302
NeuMF,2011,2011-12-31,176034,47382,6,0.9961758852005005
NeuMF,2011,2011-12-31,176034,54259,7,0.9955548644065857
NeuMF,2011,2011-12-31,176034,48394,8,0.9951969981193542
NeuMF,2011,2011-12-31,176034,79463,9,0.994929850101471
NeuMF,2011,2011-12-31,176034,68358,10,0.9946334362030029
NeuMF,2011,2011-12-31,176085,50912,1,0.999880313873291
NeuMF,2011,2011-12-31,176085,68954,2,0.9995740056037903
NeuMF,2011,2011-12-31,176085,72386,3,0.9993513226509094
NeuMF,2011,2011-12-31,176085,49772,4,0.9992480874061584
NeuMF,2011,2011-12-31,176085,33794,5,0.9991235136985779
NeuMF,2011,2011-12-31,176085,46578,6,0.9990463852882385
NeuMF,2011,2011-12-31,176085,60943,7,0.998988687992096
NeuMF,2011,2011-12-31,176085,58559,8,0.9989435076713562
NeuMF,2011,2011-12-31,176085,60950,9,0.9989227652549744
NeuMF,2011,2011-12-31,176085,34542,10,0.9988941550254822
NeuMF,2011,2011-12-31,176228,3360,1,0.9993290901184082
NeuMF,2011,2011-12-31,176228,44204,2,0.9988388419151306
NeuMF,2011,2011-12-31,176228,1124,3,0.9986677169799805
NeuMF,2011,2011-12-31,176228,6538,4,0.9977965354919434
NeuMF,2011,2011-12-31,176228,2739,5,0.9976535439491272
NeuMF,2011,2011-12-31,176228,5876,6,0.9969648718833923
NeuMF,2011,2011-12-31,176228,1172,7,0.9956592917442322
NeuMF,2011,2011-12-31,176228,3098,8,0.995477020740509
NeuMF,2011,2011-12-31,176228,41566,9,0.9948508143424988
NeuMF,2011,2011-12-31,176228,51931,10,0.9948496222496033
NeuMF,2011,2011-12-31,176633,1590,1,0.9997844099998474
NeuMF,2011,2011-12-31,176633,2046,2,0.9997726082801819
NeuMF,2011,2011-12-31,176633,66785,3,0.9995108842849731
NeuMF,2011,2011-12-31,176633,1409,4,0.9993626475334167
NeuMF,2011,2011-12-31,176633,1779,5,0.9990838766098022
NeuMF,2011,2011-12-31,176633,71460,6,0.9989898800849915
NeuMF,2011,2011-12-31,176633,741,7,0.998835027217865
NeuMF,2011,2011-12-31,176633,55232,8,0.9988347887992859
NeuMF,2011,2011-12-31,176633,51662,9,0.998553454875946
NeuMF,2011,2011-12-31,176633,54286,10,0.9984102249145508
NeuMF,2011,2011-12-31,176695,1271,1,0.9985962510108948
NeuMF,2011,2011-12-31,176695,50160,2,0.998342752456665
NeuMF,2011,2011-12-31,176695,1537,3,0.9979879856109619
NeuMF,2011,2011-12-31,176695,2820,4,0.9979148507118225
NeuMF,2011,2011-12-31,176695,1296,5,0.9977864027023315
NeuMF,2011,2011-12-31,176695,54286,6,0.9974794983863831
NeuMF,2011,2011-12-31,176695,51931,7,0.9974045157432556
NeuMF,2011,2011-12-31,176695,55276,8,0.9973955154418945
NeuMF,2011,2011-12-31,176695,62,9,0.9972706437110901
NeuMF,2011,2011-12-31,176695,1246,10,0.9968757629394531
NeuMF,2011,2011-12-31,176899,49530,1,0.999357283115387
NeuMF,2011,2011-12-31,176899,3384,2,0.9968370199203491
NeuMF,2011,2011-12-31,176899,2770,3,0.9968224763870239
NeuMF,2011,2011-12-31,176899,64614,4,0.9957292675971985
NeuMF,2011,2011-12-31,176899,50442,5,0.9948616623878479
NeuMF,2011,2011-12-31,176899,5945,6,0.9945383667945862
NeuMF,2011,2011-12-31,176899,49822,7,0.9940832257270813
NeuMF,2011,2011-12-31,176899,2686,8,0.9939315319061279
NeuMF,2011,2011-12-31,176899,1834,9,0.9937682151794434
NeuMF,2011,2011-12-31,176899,3298,10,0.9933130145072937
NeuMF,2011,2011-12-31,177059,63082,1,0.9998390674591064
NeuMF,2011,2011-12-31,177059,2412,2,0.9994754195213318
NeuMF,2011,2011-12-31,177059,4011,3,0.9994744658470154
NeuMF,2011,2011-12-31,177059,61323,4,0.9993855953216553
NeuMF,2011,2011-12-31,177059,6016,5,0.999167799949646
NeuMF,2011,2011-12-31,177059,8917,6,0.9990676045417786
NeuMF,2011,2011-12-31,177059,49396,7,0.9990235567092896
NeuMF,2011,2011-12-31,177059,4226,8,0.9990221261978149
NeuMF,2011,2011-12-31,177059,27873,9,0.9989614486694336
NeuMF,2011,2011-12-31,177059,60069,10,0.9988333582878113
NeuMF,2011,2011-12-31,177766,47629,1,0.9998630285263062
NeuMF,2011,2011-12-31,177766,7303,2,0.9993428587913513
NeuMF,2011,2011-12-31,177766,2946,3,0.9973493814468384
NeuMF,2011,2011-12-31,177766,3469,4,0.9970347881317139
NeuMF,2011,2011-12-31,177766,1254,5,0.9966289401054382
NeuMF,2011,2011-12-31,177766,7151,6,0.9958869814872742
NeuMF,2011,2011-12-31,177766,3448,7,0.9957066178321838
NeuMF,2011,2011-12-31,177766,26084,8,0.9944709539413452
NeuMF,2011,2011-12-31,177766,1235,9,0.9943048357963562
NeuMF,2011,2011-12-31,177766,909,10,0.9938762784004211
NeuMF,2011,2011-12-31,178185,69757,1,0.9999548196792603
NeuMF,2011,2011-12-31,178185,66934,2,0.9999542236328125
NeuMF,2011,2011-12-31,178185,59315,3,0.9998894929885864
NeuMF,2011,2011-12-31,178185,78499,4,0.9997312426567078
NeuMF,2011,2011-12-31,178185,76093,5,0.9996175765991211
NeuMF,2011,2011-12-31,178185,7361,6,0.9992214441299438
NeuMF,2011,2011-12-31,178185,914,7,0.9992176294326782
NeuMF,2011,2011-12-31,178185,6889,8,0.9989368319511414
NeuMF,2011,2011-12-31,178185,1203,9,0.9989215135574341
NeuMF,2011,2011-12-31,178185,1270,10,0.9986600875854492
NeuMF,2011,2011-12-31,178731,2094,1,0.998936116695404
NeuMF,2011,2011-12-31,178731,2501,2,0.9989295601844788
NeuMF,2011,2011-12-31,178731,2723,3,0.9965631365776062
NeuMF,2011,2011-12-31,178731,2046,4,0.9963067770004272
NeuMF,2011,2011-12-31,178731,223,5,0.9962856769561768
NeuMF,2011,2011-12-31,178731,2028,6,0.9960229396820068
NeuMF,2011,2011-12-31,178731,524,7,0.9959197044372559
NeuMF,2011,2011-12-31,178731,3555,8,0.9958190321922302
NeuMF,2011,2011-12-31,178731,170,9,0.9956337809562683
NeuMF,2011,2011-12-31,178731,2502,10,0.9955660700798035
NeuMF,2011,2011-12-31,178795,6377,1,0.9993627667427063
NeuMF,2011,2011-12-31,178795,6385,2,0.9991470575332642
NeuMF,2011,2011-12-31,178795,1246,3,0.9989867806434631
NeuMF,2011,2011-12-31,178795,3114,4,0.9986543655395508
NeuMF,2011,2011-12-31,178795,1291,5,0.9985880255699158
NeuMF,2011,2011-12-31,178795,3360,6,0.9985104203224182
NeuMF,2011,2011-12-31,178795,6539,7,0.9979264736175537
NeuMF,2011,2011-12-31,178795,2194,8,0.9977483153343201
NeuMF,2011,2011-12-31,178795,457,9,0.997427761554718
NeuMF,2011,2011-12-31,178795,3448,10,0.9972521662712097
NeuMF,2011,2011-12-31,179047,60069,1,0.9995372295379639
NeuMF,2011,2011-12-31,179047,3147,2,0.9975976347923279
NeuMF,2011,2011-12-31,179047,588,3,0.9970619082450867
NeuMF,2011,2011-12-31,179047,68157,4,0.9970132112503052
NeuMF,2011,2011-12-31,179047,48385,5,0.9967930912971497
NeuMF,2011,2011-12-31,179047,1391,6,0.9963566064834595
NeuMF,2011,2011-12-31,179047,2706,7,0.9954416751861572
NeuMF,2011,2011-12-31,179047,48304,8,0.9952439665794373
NeuMF,2011,2011-12-31,179047,45722,9,0.9948599338531494
NeuMF,2011,2011-12-31,179047,62434,10,0.9941762685775757
NeuMF,2011,2011-12-31,179324,383,1,0.9996471405029297
NeuMF,2011,2011-12-31,179324,2374,2,0.9967979788780212
NeuMF,2011,2011-12-31,179324,18,3,0.9967303276062012
NeuMF,2011,2011-12-31,179324,49822,4,0.9966272711753845
NeuMF,2011,2011-12-31,179324,2118,5,0.9965343475341797
NeuMF,2011,2011-12-31,179324,1379,6,0.9964021444320679
NeuMF,2011,2011-12-31,179324,477,7,0.9954367280006409
NeuMF,2011,2011-12-31,179324,1185,8,0.9948244094848633
NeuMF,2011,2011-12-31,179324,2872,9,0.9946633577346802
NeuMF,2011,2011-12-31,179324,1287,10,0.9945230484008789
NeuMF,2011,2011-12-31,179381,6286,1,0.9999361038208008
NeuMF,2011,2011-12-31,179381,45880,2,0.9998972415924072
NeuMF,2011,2011-12-31,179381,55901,3,0.9998410940170288
NeuMF,2011,2011-12-31,179381,62511,4,0.9997511506080627
NeuMF,2011,2011-12-31,179381,56715,5,0.9996727705001831
NeuMF,2011,2011-12-31,179381,7327,6,0.9995806813240051
NeuMF,2011,2011-12-31,179381,44694,7,0.999537467956543
NeuMF,2011,2011-12-31,179381,53318,8,0.9994100332260132
NeuMF,2011,2011-12-31,179381,52952,9,0.9993945360183716
NeuMF,2011,2011-12-31,179381,61323,10,0.9992889165878296
NeuMF,2011,2011-12-31,179545,6286,1,0.9996410608291626
NeuMF,2011,2011-12-31,179545,5470,2,0.9995373487472534
NeuMF,2011,2011-12-31,179545,6662,3,0.9995337724685669
NeuMF,2011,2011-12-31,179545,1250,4,0.9991843104362488
NeuMF,2011,2011-12-31,179545,898,5,0.9991023540496826
NeuMF,2011,2011-12-31,179545,7234,6,0.998930037021637
NeuMF,2011,2011-12-31,179545,7076,7,0.9989011287689209
NeuMF,2011,2011-12-31,179545,3364,8,0.9988211989402771
NeuMF,2011,2011-12-31,179545,4037,9,0.9983715415000916
NeuMF,2011,2011-12-31,179545,34437,10,0.998371422290802
NeuMF,2011,2011-12-31,179951,33880,1,0.9997890591621399
NeuMF,2011,2011-12-31,179951,37240,2,0.9995200634002686
NeuMF,2011,2011-12-31,179951,60950,3,0.9993607401847839
NeuMF,2011,2011-12-31,179951,168,4,0.9991483688354492
NeuMF,2011,2011-12-31,179951,7147,5,0.9988662004470825
NeuMF,2011,2011-12-31,179951,34437,6,0.998837411403656
NeuMF,2011,2011-12-31,179951,39183,7,0.9980657696723938
NeuMF,2011,2011-12-31,179951,41285,8,0.9980466365814209
NeuMF,2011,2011-12-31,179951,3481,9,0.9977352619171143
NeuMF,2011,2011-12-31,179951,46578,10,0.9975368976593018
NeuMF,2011,2011-12-31,179992,60684,1,0.9999698400497437
NeuMF,2011,2011-12-31,179992,3826,2,0.9999454021453857
NeuMF,2011,2011-12-31,179992,1590,3,0.999914288520813
NeuMF,2011,2011-12-31,179992,57640,4,0.9998891353607178
NeuMF,2011,2011-12-31,179992,3354,5,0.999778687953949
NeuMF,2011,2011-12-31,179992,27773,6,0.9995272159576416
NeuMF,2011,2011-12-31,179992,3697,7,0.9993808269500732
NeuMF,2011,2011-12-31,179992,3300,8,0.9992870688438416
NeuMF,2011,2011-12-31,179992,48394,9,0.9992579817771912
NeuMF,2011,2011-12-31,179992,71535,10,0.9992504715919495
NeuMF,2011,2011-12-31,180036,6016,1,0.9995404481887817
NeuMF,2011,2011-12-31,180036,1214,2,0.9994981288909912
NeuMF,2011,2011-12-31,180036,47,3,0.999115526676178
NeuMF,2011,2011-12-31,180036,4973,4,0.9987999200820923
NeuMF,2011,2011-12-31,180036,5618,5,0.9987717270851135
NeuMF,2011,2011-12-31,180036,541,6,0.9987327456474304
NeuMF,2011,2011-12-31,180036,1274,7,0.998484194278717
NeuMF,2011,2011-12-31,180036,1208,8,0.9983207583427429
NeuMF,2011,2011-12-31,180036,7361,9,0.9982671737670898
NeuMF,2011,2011-12-31,180036,1200,10,0.9981968998908997
NeuMF,2011,2011-12-31,180149,8169,1,0.9986760020256042
NeuMF,2011,2011-12-31,180149,428,2,0.9984221458435059
NeuMF,2011,2011-12-31,180149,60684,3,0.998005211353302
NeuMF,2011,2011-12-31,180149,3179,4,0.9977431297302246
NeuMF,2011,2011-12-31,180149,2111,5,0.9976159334182739
NeuMF,2011,2011-12-31,180149,347,6,0.9975646734237671
NeuMF,2011,2011-12-31,180149,4553,7,0.9974703788757324
NeuMF,2011,2011-12-31,180149,3681,8,0.9971739053726196
NeuMF,2011,2011-12-31,180149,6104,9,0.9971038699150085
NeuMF,2011,2011-12-31,180149,64614,10,0.9968476891517639
NeuMF,2011,2011-12-31,180322,475,1,0.9985696077346802
NeuMF,2011,2011-12-31,180322,54997,2,0.9984400868415833
NeuMF,2011,2011-12-31,180322,27815,3,0.998195230960846
NeuMF,2011,2011-12-31,180322,3089,4,0.9979131817817688
NeuMF,2011,2011-12-31,180322,56782,5,0.9973312616348267
NeuMF,2011,2011-12-31,180322,529,6,0.9972358345985413
NeuMF,2011,2011-12-31,180322,70286,7,0.9962334036827087
NeuMF,2011,2011-12-31,180322,7008,8,0.9960455298423767
NeuMF,2011,2011-12-31,180322,2501,9,0.9960317015647888
NeuMF,2011,2011-12-31,180322,72998,10,0.995851993560791
NeuMF,2011,2011-12-31,180421,47629,1,0.9990074038505554
NeuMF,2011,2011-12-31,180421,8999,2,0.9989588260650635
NeuMF,2011,2011-12-31,180421,64701,3,0.9988642930984497
NeuMF,2011,2011-12-31,180421,5060,4,0.9985480904579163
NeuMF,2011,2011-12-31,180421,70293,5,0.9984288811683655
NeuMF,2011,2011-12-31,180421,39292,6,0.9982439279556274
NeuMF,2011,2011-12-31,180421,858,7,0.9981203675270081
NeuMF,2011,2011-12-31,180421,7151,8,0.9974510073661804
NeuMF,2011,2011-12-31,180421,3448,9,0.9973376393318176
NeuMF,2011,2011-12-31,180421,44555,10,0.9973114728927612
NeuMF,2011,2011-12-31,180905,43376,1,0.9999163150787354
NeuMF,2011,2011-12-31,180905,64622,2,0.9998028874397278
NeuMF,2011,2011-12-31,180905,63876,3,0.999775230884552
NeuMF,2011,2011-12-31,180905,63082,4,0.9995865225791931
NeuMF,2011,2011-12-31,180905,44694,5,0.999340832233429
NeuMF,2011,2011-12-31,180905,1772,6,0.999112069606781
NeuMF,2011,2011-12-31,180905,52579,7,0.9989467263221741
NeuMF,2011,2011-12-31,180905,58559,8,0.9988126754760742
NeuMF,2011,2011-12-31,180905,44555,9,0.9986623525619507
NeuMF,2011,2011-12-31,180905,65130,10,0.998648464679718
NeuMF,2011,2011-12-31,181104,67923,1,0.9997171759605408
NeuMF,2011,2011-12-31,181104,76077,2,0.9994685053825378
NeuMF,2011,2011-12-31,181104,59022,3,0.999298095703125
NeuMF,2011,2011-12-31,181104,60069,4,0.9990525841712952
NeuMF,2011,2011-12-31,181104,6383,5,0.9986729621887207
NeuMF,2011,2011-12-31,181104,64839,6,0.9984890222549438
NeuMF,2011,2011-12-31,181104,51086,7,0.9982656836509705
NeuMF,2011,2011-12-31,181104,53519,8,0.9982086420059204
NeuMF,2011,2011-12-31,181104,30825,9,0.9980886578559875
NeuMF,2011,2011-12-31,181104,59900,10,0.9977241158485413
NeuMF,2011,2011-12-31,181165,306,1,0.9981508851051331
NeuMF,2011,2011-12-31,181165,1046,2,0.9979544878005981
NeuMF,2011,2011-12-31,181165,3317,3,0.9979033470153809
NeuMF,2011,2011-12-31,181165,3006,4,0.9963255524635315
NeuMF,2011,2011-12-31,181165,2967,5,0.9958357810974121
NeuMF,2011,2011-12-31,181165,2599,6,0.9955976605415344
NeuMF,2011,2011-12-31,181165,2610,7,0.9955412745475769
NeuMF,2011,2011-12-31,181165,6380,8,0.9953970313072205
NeuMF,2011,2011-12-31,181165,2682,9,0.995044469833374
NeuMF,2011,2011-12-31,181165,55280,10,0.9942652583122253
NeuMF,2011,2011-12-31,181559,32296,1,0.9998302459716797
NeuMF,2011,2011-12-31,181559,8368,2,0.9998167157173157
NeuMF,2011,2011-12-31,181559,40815,3,0.999750554561615
NeuMF,2011,2011-12-31,181559,54001,4,0.9997132420539856
NeuMF,2011,2011-12-31,181559,37830,5,0.9993029832839966
NeuMF,2011,2011-12-31,181559,8360,6,0.9992979764938354
NeuMF,2011,2011-12-31,181559,2720,7,0.999278724193573
NeuMF,2011,2011-12-31,181559,8665,8,0.9987449645996094
NeuMF,2011,2011-12-31,181559,2137,9,0.9987358450889587
NeuMF,2011,2011-12-31,181559,38038,10,0.9984723925590515
NeuMF,2011,2011-12-31,181671,76251,1,0.999760091304779
NeuMF,2011,2011-12-31,181671,5379,2,0.9994588494300842
NeuMF,2011,2011-12-31,181671,57640,3,0.9994145631790161
NeuMF,2011,2011-12-31,181671,62374,4,0.9994029998779297
NeuMF,2011,2011-12-31,181671,5903,5,0.9992740750312805
NeuMF,2011,2011-12-31,181671,63113,6,0.9990382194519043
NeuMF,2011,2011-12-31,181671,53519,7,0.9988610744476318
NeuMF,2011,2011-12-31,181671,55247,8,0.9987886548042297
NeuMF,2011,2011-12-31,181671,63082,9,0.9987280964851379
NeuMF,2011,2011-12-31,181671,8798,10,0.9987088441848755
NeuMF,2011,2011-12-31,181897,7701,1,0.9998388290405273
NeuMF,2011,2011-12-31,181897,6187,2,0.9997879862785339
NeuMF,2011,2011-12-31,181897,30825,3,0.9992689490318298
NeuMF,2011,2011-12-31,181897,42011,4,0.9992382526397705
NeuMF,2011,2011-12-31,181897,7254,5,0.9987643957138062
NeuMF,2011,2011-12-31,181897,40966,6,0.9986528158187866
NeuMF,2011,2011-12-31,181897,33615,7,0.9983848333358765
NeuMF,2011,2011-12-31,181897,5530,8,0.9980777502059937
NeuMF,2011,2011-12-31,181897,6595,9,0.997776448726654
NeuMF,2011,2011-12-31,181897,41571,10,0.997696578502655
NeuMF,2011,2011-12-31,182137,50912,1,0.9999648332595825
NeuMF,2011,2011-12-31,182137,6772,2,0.9996683597564697
NeuMF,2011,2011-12-31,182137,64197,3,0.999602735042572
NeuMF,2011,2011-12-31,182137,30803,4,0.9993552565574646
NeuMF,2011,2011-12-31,182137,3470,5,0.9992105960845947
NeuMF,2011,2011-12-31,182137,55442,6,0.9987815022468567
NeuMF,2011,2011-12-31,182137,56333,7,0.9985462427139282
NeuMF,2011,2011-12-31,182137,47721,8,0.9982889294624329
NeuMF,2011,2011-12-31,182137,61236,9,0.9982206225395203
NeuMF,2011,2011-12-31,182137,4973,10,0.9977598190307617
NeuMF,2011,2011-12-31,182214,1333,1,0.9997236132621765
NeuMF,2011,2011-12-31,182214,2454,2,0.9986594915390015
NeuMF,2011,2011-12-31,182214,2366,3,0.9972534775733948
NeuMF,2011,2011-12-31,182214,5293,4,0.9968774318695068
NeuMF,2011,2011-12-31,182214,52241,5,0.9963339567184448
NeuMF,2011,2011-12-31,182214,64839,6,0.9962691068649292
NeuMF,2011,2011-12-31,182214,1258,7,0.9957239627838135
NeuMF,2011,2011-12-31,182214,5528,8,0.9951863884925842
NeuMF,2011,2011-12-31,182214,2176,9,0.9944783449172974
NeuMF,2011,2011-12-31,182214,4641,10,0.9939121007919312
NeuMF,2011,2011-12-31,182288,4040,1,0.9997212290763855
NeuMF,2011,2011-12-31,182288,35836,2,0.9990443587303162
NeuMF,2011,2011-12-31,182288,7293,3,0.9981850981712341
NeuMF,2011,2011-12-31,182288,4878,4,0.9981347322463989
NeuMF,2011,2011-12-31,182288,1974,5,0.9978635907173157
NeuMF,2011,2011-12-31,182288,3409,6,0.9970335960388184
NeuMF,2011,2011-12-31,182288,2502,7,0.9969978332519531
NeuMF,2011,2011-12-31,182288,3949,8,0.9969895482063293
NeuMF,2011,2011-12-31,182288,1347,9,0.9963186979293823
NeuMF,2011,2011-12-31,182288,8957,10,0.9957864880561829
NeuMF,2011,2011-12-31,182293,2161,1,0.9993318915367126
NeuMF,2011,2011-12-31,182293,2080,2,0.9988835453987122
NeuMF,2011,2011-12-31,182293,7323,3,0.998734176158905
NeuMF,2011,2011-12-31,182293,68954,4,0.9984858632087708
NeuMF,2011,2011-12-31,182293,7361,5,0.9982535243034363
NeuMF,2011,2011-12-31,182293,7147,6,0.9982160925865173
NeuMF,2011,2011-12-31,182293,44191,7,0.9981237053871155
NeuMF,2011,2011-12-31,182293,4973,8,0.9979804158210754
NeuMF,2011,2011-12-31,182293,1136,9,0.9978780746459961
NeuMF,2011,2011-12-31,182293,1206,10,0.9976195693016052
NeuMF,2011,2011-12-31,182302,44022,1,0.9998937845230103
NeuMF,2011,2011-12-31,182302,4251,2,0.9981410503387451
NeuMF,2011,2011-12-31,182302,47,3,0.9981305003166199
NeuMF,2011,2011-12-31,182302,6323,4,0.9978806972503662
NeuMF,2011,2011-12-31,182302,27478,5,0.9973469972610474
NeuMF,2011,2011-12-31,182302,4011,6,0.9968234300613403
NeuMF,2011,2011-12-31,182302,47937,7,0.99680495262146
NeuMF,2011,2011-12-31,182302,413,8,0.9967218041419983
NeuMF,2011,2011-12-31,182302,4974,9,0.9966457486152649
NeuMF,2011,2011-12-31,182302,1,10,0.9962267875671387
NeuMF,2011,2011-12-31,182783,2021,1,0.9997695088386536
NeuMF,2011,2011-12-31,182783,6378,2,0.9992837309837341
NeuMF,2011,2011-12-31,182783,5219,3,0.9988412261009216
NeuMF,2011,2011-12-31,182783,293,4,0.9986684322357178
NeuMF,2011,2011-12-31,182783,62376,5,0.9984421133995056
NeuMF,2011,2011-12-31,182783,610,6,0.9984167814254761
NeuMF,2011,2011-12-31,182783,1396,7,0.9979348182678223
NeuMF,2011,2011-12-31,182783,7373,8,0.997582197189331
NeuMF,2011,2011-12-31,182783,198,9,0.9974070191383362
NeuMF,2011,2011-12-31,182783,50,10,0.997265100479126
NeuMF,2011,2011-12-31,182827,3565,1,0.999679684638977
NeuMF,2011,2011-12-31,182827,5620,2,0.9996577501296997
NeuMF,2011,2011-12-31,182827,3051,3,0.9995765089988708
NeuMF,2011,2011-12-31,182827,3784,4,0.9995367527008057
NeuMF,2011,2011-12-31,182827,5267,5,0.9995274543762207
NeuMF,2011,2011-12-31,182827,3502,6,0.9988400340080261
NeuMF,2011,2011-12-31,182827,4699,7,0.9986847043037415
NeuMF,2011,2011-12-31,182827,3409,8,0.9983795881271362
NeuMF,2011,2011-12-31,182827,4167,9,0.9983048439025879
NeuMF,2011,2011-12-31,182827,6155,10,0.9975906610488892
NeuMF,2011,2011-12-31,182848,2959,1,0.9998581409454346
NeuMF,2011,2011-12-31,182848,44191,2,0.9997435212135315
NeuMF,2011,2011-12-31,182848,48394,3,0.9996163845062256
NeuMF,2011,2011-12-31,182848,48774,4,0.9996067881584167
NeuMF,2011,2011-12-31,182848,60069,5,0.999555766582489
NeuMF,2011,2011-12-31,182848,59315,6,0.999525785446167
NeuMF,2011,2011-12-31,182848,33794,7,0.9995211362838745
NeuMF,2011,2011-12-31,182848,5690,8,0.9994300007820129
NeuMF,2011,2011-12-31,182848,54286,9,0.9994244575500488
NeuMF,2011,2011-12-31,182848,27904,10,0.9992679953575134
NeuMF,2011,2011-12-31,182901,55820,1,0.999651312828064
NeuMF,2011,2011-12-31,182901,27773,2,0.9996356964111328
NeuMF,2011,2011-12-31,182901,48043,3,0.9991992115974426
NeuMF,2011,2011-12-31,182901,56715,4,0.998994767665863
NeuMF,2011,2011-12-31,182901,2329,5,0.9989251494407654
NeuMF,2011,2011-12-31,182901,64622,6,0.9983048439025879
NeuMF,2011,2011-12-31,182901,4878,7,0.9978641867637634
NeuMF,2011,2011-12-31,182901,32,8,0.997786283493042
NeuMF,2011,2011-12-31,182901,4226,9,0.997597873210907
NeuMF,2011,2011-12-31,182901,7361,10,0.9973740577697754
NeuMF,2011,2011-12-31,183341,6935,1,0.9995618462562561
NeuMF,2011,2011-12-31,183341,52435,2,0.9993791580200195
NeuMF,2011,2011-12-31,183341,7045,3,0.9993070363998413
NeuMF,2011,2011-12-31,183341,6331,4,0.9992738366127014
NeuMF,2011,2011-12-31,183341,35836,5,0.9988834261894226
NeuMF,2011,2011-12-31,183341,7323,6,0.9986299276351929
NeuMF,2011,2011-12-31,183341,26131,7,0.9983643889427185
NeuMF,2011,2011-12-31,183341,66934,8,0.9981927275657654
NeuMF,2011,2011-12-31,183341,7934,9,0.9981922507286072
NeuMF,2011,2011-12-31,183341,26925,10,0.9977549910545349
NeuMF,2011,2011-12-31,183349,55069,1,0.999754011631012
NeuMF,2011,2011-12-31,183349,62293,2,0.9995800852775574
NeuMF,2011,2011-12-31,183349,1244,3,0.9994804263114929
NeuMF,2011,2011-12-31,183349,8999,4,0.9993242025375366
NeuMF,2011,2011-12-31,183349,41226,5,0.9986371397972107
NeuMF,2011,2011-12-31,183349,2068,6,0.998342752456665
NeuMF,2011,2011-12-31,183349,899,7,0.9981269240379333
NeuMF,2011,2011-12-31,183349,7061,8,0.9980093836784363
NeuMF,2011,2011-12-31,183349,838,9,0.9979352951049805
NeuMF,2011,2011-12-31,183349,515,10,0.9978377223014832
NeuMF,2011,2011-12-31,183441,52952,1,0.9992343187332153
NeuMF,2011,2011-12-31,183441,4571,2,0.9985464215278625
NeuMF,2011,2011-12-31,183441,3949,3,0.998065173625946
NeuMF,2011,2011-12-31,183441,216,4,0.9978814721107483
NeuMF,2011,2011-12-31,183441,8784,5,0.9977468848228455
NeuMF,2011,2011-12-31,183441,6979,6,0.9975662231445312
NeuMF,2011,2011-12-31,183441,7147,7,0.9975128173828125
NeuMF,2011,2011-12-31,183441,27831,8,0.997412383556366
NeuMF,2011,2011-12-31,183441,8798,9,0.9973644614219666
NeuMF,2011,2011-12-31,183441,2134,10,0.9972062706947327
NeuMF,2011,2011-12-31,183719,2804,1,0.999446451663971
NeuMF,2011,2011-12-31,183719,909,2,0.9994426369667053
NeuMF,2011,2011-12-31,183719,2520,3,0.9993065595626831
NeuMF,2011,2011-12-31,183719,3177,4,0.9982262253761292
NeuMF,2011,2011-12-31,183719,157,5,0.9981822967529297
NeuMF,2011,2011-12-31,183719,2301,6,0.9981614947319031
NeuMF,2011,2011-12-31,183719,3196,7,0.9979933500289917
NeuMF,2011,2011-12-31,183719,2398,8,0.9975783228874207
NeuMF,2011,2011-12-31,183719,950,9,0.9966375827789307
NeuMF,2011,2011-12-31,183719,1222,10,0.9964969754219055
NeuMF,2011,2011-12-31,183771,6779,1,0.9997630715370178
NeuMF,2011,2011-12-31,183771,2014,2,0.9984112977981567
NeuMF,2011,2011-12-31,183771,705,3,0.9978790283203125
NeuMF,2011,2011-12-31,183771,6212,4,0.9978494644165039
NeuMF,2011,2011-12-31,183771,4292,5,0.9974246025085449
NeuMF,2011,2011-12-31,183771,3071,6,0.9967167973518372
NeuMF,2011,2011-12-31,183771,2747,7,0.9966256618499756
NeuMF,2011,2011-12-31,183771,2348,8,0.9960428476333618
NeuMF,2011,2011-12-31,183771,3098,9,0.9954406023025513
NeuMF,2011,2011-12-31,183771,3111,10,0.995378851890564
NeuMF,2011,2011-12-31,183822,4239,1,0.9998797178268433
NeuMF,2011,2011-12-31,183822,44195,2,0.9993042945861816
NeuMF,2011,2011-12-31,183822,64620,3,0.9992449283599854
NeuMF,2011,2011-12-31,183822,368,4,0.9991372227668762
NeuMF,2011,2011-12-31,183822,6323,5,0.9990330934524536
NeuMF,2011,2011-12-31,183822,5464,6,0.9990133047103882
NeuMF,2011,2011-12-31,183822,1597,7,0.9990035891532898
NeuMF,2011,2011-12-31,183822,6708,8,0.9987074136734009
NeuMF,2011,2011-12-31,183822,72011,9,0.9981630444526672
NeuMF,2011,2011-12-31,183822,2268,10,0.9981630444526672
NeuMF,2011,2011-12-31,183909,6378,1,0.9999210834503174
NeuMF,2011,2011-12-31,183909,60069,2,0.9998083710670471
NeuMF,2011,2011-12-31,183909,35836,3,0.9997634291648865
NeuMF,2011,2011-12-31,183909,68954,4,0.9997307658195496
NeuMF,2011,2011-12-31,183909,77561,5,0.9995313882827759
NeuMF,2011,2011-12-31,183909,52973,6,0.9992867112159729
NeuMF,2011,2011-12-31,183909,44191,7,0.9992850422859192
NeuMF,2011,2011-12-31,183909,6377,8,0.9990780353546143
NeuMF,2011,2011-12-31,183909,70286,9,0.9987886548042297
NeuMF,2011,2011-12-31,183909,56174,10,0.9987842440605164
NeuMF,2011,2011-12-31,183925,40966,1,0.9999251365661621
NeuMF,2011,2011-12-31,183925,7323,2,0.999922513961792
NeuMF,2011,2011-12-31,183925,61323,3,0.9999079704284668
NeuMF,2011,2011-12-31,183925,36535,4,0.999907374382019
NeuMF,2011,2011-12-31,183925,46723,5,0.9998795986175537
NeuMF,2011,2011-12-31,183925,48997,6,0.9998406171798706
NeuMF,2011,2011-12-31,183925,74789,7,0.9998276233673096
NeuMF,2011,2011-12-31,183925,27904,8,0.9997794032096863
NeuMF,2011,2011-12-31,183925,27803,9,0.9997569918632507
NeuMF,2011,2011-12-31,183925,52952,10,0.9997166991233826
NeuMF,2011,2011-12-31,183941,7067,1,0.9998842477798462
NeuMF,2011,2011-12-31,183941,6858,2,0.9996439218521118
NeuMF,2011,2011-12-31,183941,53887,3,0.9993322491645813
NeuMF,2011,2011-12-31,183941,1235,4,0.9990875720977783
NeuMF,2011,2011-12-31,183941,5436,5,0.9990094900131226
NeuMF,2011,2011-12-31,183941,3108,6,0.9987952709197998
NeuMF,2011,2011-12-31,183941,2467,7,0.9984336495399475
NeuMF,2011,2011-12-31,183941,8827,8,0.9982966780662537
NeuMF,2011,2011-12-31,183941,26324,9,0.9982591271400452
NeuMF,2011,2011-12-31,183941,6852,10,0.9979403614997864
NeuMF,2011,2011-12-31,184158,58559,1,0.9998536109924316
NeuMF,2011,2011-12-31,184158,2959,2,0.9997462630271912
NeuMF,2011,2011-12-31,184158,79132,3,0.9997344613075256
NeuMF,2011,2011-12-31,184158,59315,4,0.999563992023468
NeuMF,2011,2011-12-31,184158,2329,5,0.999054491519928
NeuMF,2011,2011-12-31,184158,2502,6,0.9987947940826416
NeuMF,2011,2011-12-31,184158,63082,7,0.998777449131012
NeuMF,2011,2011-12-31,184158,68157,8,0.9985806941986084
NeuMF,2011,2011-12-31,184158,3285,9,0.9983910322189331
NeuMF,2011,2011-12-31,184158,62374,10,0.9982686042785645
NeuMF,2011,2011-12-31,184219,56152,1,0.9998875856399536
NeuMF,2011,2011-12-31,184219,55267,2,0.9998835325241089
NeuMF,2011,2011-12-31,184219,56367,3,0.9997655749320984
NeuMF,2011,2011-12-31,184219,6218,4,0.9997101426124573
NeuMF,2011,2011-12-31,184219,8368,5,0.9996188879013062
NeuMF,2011,2011-12-31,184219,41566,6,0.999478280544281
NeuMF,2011,2011-12-31,184219,54281,7,0.9992245435714722
NeuMF,2011,2011-12-31,184219,51255,8,0.9991391897201538
NeuMF,2011,2011-12-31,184219,8131,9,0.9990776777267456
NeuMF,2011,2011-12-31,184219,45517,10,0.9989655017852783
NeuMF,2011,2011-12-31,184479,31952,1,0.9998359680175781
NeuMF,2011,2011-12-31,184479,2970,2,0.9998134970664978
NeuMF,2011,2011-12-31,184479,4404,3,0.9996535778045654
NeuMF,2011,2011-12-31,184479,8154,4,0.9996449947357178
NeuMF,2011,2011-12-31,184479,6987,5,0.9996125102043152
NeuMF,2011,2011-12-31,184479,7135,6,0.999607264995575
NeuMF,2011,2011-12-31,184479,6858,7,0.9995774626731873
NeuMF,2011,2011-12-31,184479,63808,8,0.9995688796043396
NeuMF,2011,2011-12-31,184479,5291,9,0.9995463490486145
NeuMF,2011,2011-12-31,184479,7566,10,0.9994275569915771
NeuMF,2011,2011-12-31,184503,922,1,0.9985670447349548
NeuMF,2011,2011-12-31,184503,909,2,0.9985005855560303
NeuMF,2011,2011-12-31,184503,2729,3,0.9983583092689514
NeuMF,2011,2011-12-31,184503,4690,4,0.9977388381958008
NeuMF,2011,2011-12-31,184503,495,5,0.9977169036865234
NeuMF,2011,2011-12-31,184503,2730,6,0.9975600242614746
NeuMF,2011,2011-12-31,184503,3088,7,0.9971467852592468
NeuMF,2011,2011-12-31,184503,1946,8,0.996452808380127
NeuMF,2011,2011-12-31,184503,933,9,0.9960998296737671
NeuMF,2011,2011-12-31,184503,6270,10,0.995762050151825
NeuMF,2011,2011-12-31,185039,69844,1,0.9999128580093384
NeuMF,2011,2011-12-31,185039,70286,2,0.9990648627281189
NeuMF,2011,2011-12-31,185039,54001,3,0.9987674951553345
NeuMF,2011,2011-12-31,185039,1282,4,0.9977854490280151
NeuMF,2011,2011-12-31,185039,73854,5,0.9975851774215698
NeuMF,2011,2011-12-31,185039,81834,6,0.9975090026855469
NeuMF,2011,2011-12-31,185039,73017,7,0.9973338842391968
NeuMF,2011,2011-12-31,185039,71535,8,0.997164785861969
NeuMF,2011,2011-12-31,185039,1907,9,0.9966064691543579
NeuMF,2011,2011-12-31,185039,56367,10,0.9949072003364563
NeuMF,2011,2011-12-31,185072,55232,1,0.9992621541023254
NeuMF,2011,2011-12-31,185072,58025,2,0.9976792931556702
NeuMF,2011,2011-12-31,185072,59985,3,0.9971452355384827
NeuMF,2011,2011-12-31,185072,2411,4,0.997105062007904
NeuMF,2011,2011-12-31,185072,48304,5,0.9970636963844299
NeuMF,2011,2011-12-31,185072,62081,6,0.9965106844902039
NeuMF,2011,2011-12-31,185072,55290,7,0.9959398508071899
NeuMF,2011,2011-12-31,185072,5464,8,0.9959099292755127
NeuMF,2011,2011-12-31,185072,6542,9,0.9953025579452515
NeuMF,2011,2011-12-31,185072,27831,10,0.9952884912490845
NeuMF,2011,2011-12-31,185141,49530,1,0.9997071623802185
NeuMF,2011,2011-12-31,185141,55820,2,0.9994584918022156
NeuMF,2011,2011-12-31,185141,27773,3,0.9993380904197693
NeuMF,2011,2011-12-31,185141,48394,4,0.9992443323135376
NeuMF,2011,2011-12-31,185141,44555,5,0.9988382458686829
NeuMF,2011,2011-12-31,185141,54997,6,0.998725950717926
NeuMF,2011,2011-12-31,185141,48774,7,0.9986363053321838
NeuMF,2011,2011-12-31,185141,55363,8,0.9984514713287354
NeuMF,2011,2011-12-31,185141,1214,9,0.9983239769935608
NeuMF,2011,2011-12-31,185141,48780,10,0.9979671835899353
NeuMF,2011,2011-12-31,185149,66171,1,0.9999510049819946
NeuMF,2011,2011-12-31,185149,63033,2,0.9996728897094727
NeuMF,2011,2011-12-31,185149,60684,3,0.9996609687805176
NeuMF,2011,2011-12-31,185149,57274,4,0.9993770718574524
NeuMF,2011,2011-12-31,185149,59985,5,0.9993688464164734
NeuMF,2011,2011-12-31,185149,55946,6,0.9992647767066956
NeuMF,2011,2011-12-31,185149,62849,7,0.9991216063499451
NeuMF,2011,2011-12-31,185149,65682,8,0.9991157650947571
NeuMF,2011,2011-12-31,185149,51412,9,0.9990403056144714
NeuMF,2011,2011-12-31,185149,68554,10,0.9989834427833557
NeuMF,2011,2011-12-31,185226,68157,1,0.9999867677688599
NeuMF,2011,2011-12-31,185226,52952,2,0.9999762773513794
NeuMF,2011,2011-12-31,185226,61323,3,0.9999244213104248
NeuMF,2011,2011-12-31,185226,63131,4,0.9998241066932678
NeuMF,2011,2011-12-31,185226,44195,5,0.9997884631156921
NeuMF,2011,2011-12-31,185226,69844,6,0.999772846698761
NeuMF,2011,2011-12-31,185226,66509,7,0.999707043170929
NeuMF,2011,2011-12-31,185226,73854,8,0.9996997117996216
NeuMF,2011,2011-12-31,185226,80463,9,0.9996917247772217
NeuMF,2011,2011-12-31,185226,54190,10,0.9996503591537476
NeuMF,2011,2011-12-31,185366,55247,1,0.9997501969337463
NeuMF,2011,2011-12-31,185366,61240,2,0.9994727969169617
NeuMF,2011,2011-12-31,185366,48043,3,0.9992689490318298
NeuMF,2011,2011-12-31,185366,67997,4,0.9992126226425171
NeuMF,2011,2011-12-31,185366,52885,5,0.9990881681442261
NeuMF,2011,2011-12-31,185366,62434,6,0.9990615248680115
NeuMF,2011,2011-12-31,185366,51255,7,0.9990083575248718
NeuMF,2011,2011-12-31,185366,7147,8,0.9988933205604553
NeuMF,2011,2011-12-31,185366,57669,9,0.9987971782684326
NeuMF,2011,2011-12-31,185366,55814,10,0.9987278580665588
NeuMF,2011,2011-12-31,185479,8638,1,0.9997050166130066
NeuMF,2011,2011-12-31,185479,31410,2,0.9996224641799927
NeuMF,2011,2011-12-31,185479,6770,3,0.9995225667953491
NeuMF,2011,2011-12-31,185479,27773,4,0.9993565678596497
NeuMF,2011,2011-12-31,185479,49530,5,0.9990854263305664
NeuMF,2011,2011-12-31,185479,43376,6,0.9985249638557434
NeuMF,2011,2011-12-31,185479,6502,7,0.998005211353302
NeuMF,2011,2011-12-31,185479,3198,8,0.9978618025779724
NeuMF,2011,2011-12-31,185479,7360,9,0.9977272152900696
NeuMF,2011,2011-12-31,185479,6436,10,0.9973026514053345
NeuMF,2011,2011-12-31,185785,69844,1,0.9997989535331726
NeuMF,2011,2011-12-31,185785,3275,2,0.999512791633606
NeuMF,2011,2011-12-31,185785,33437,3,0.9990835189819336
NeuMF,2011,2011-12-31,185785,69951,4,0.9990621209144592
NeuMF,2011,2011-12-31,185785,52722,5,0.9987875819206238
NeuMF,2011,2011-12-31,185785,57640,6,0.9987851977348328
NeuMF,2011,2011-12-31,185785,71057,7,0.9983571171760559
NeuMF,2011,2011-12-31,185785,2701,8,0.998103141784668
NeuMF,2011,2011-12-31,185785,46322,9,0.9980646967887878
NeuMF,2011,2011-12-31,185785,55768,10,0.9979854822158813
NeuMF,2011,2011-12-31,186085,64839,1,0.9995256662368774
NeuMF,2011,2011-12-31,186085,62733,2,0.999473512172699
NeuMF,2011,2011-12-31,186085,4154,3,0.9990904331207275
NeuMF,2011,2011-12-31,186085,4065,4,0.9988865256309509
NeuMF,2011,2011-12-31,186085,69,5,0.9978010058403015
NeuMF,2011,2011-12-31,186085,1321,6,0.9974632263183594
NeuMF,2011,2011-12-31,186085,2788,7,0.9974386692047119
NeuMF,2011,2011-12-31,186085,2137,8,0.9971981048583984
NeuMF,2011,2011-12-31,186085,57274,9,0.9971368312835693
NeuMF,2011,2011-12-31,186085,7373,10,0.9963995218276978
NeuMF,2011,2011-12-31,187213,3693,1,0.9998880624771118
NeuMF,2011,2011-12-31,187213,27317,2,0.9996963739395142
NeuMF,2011,2011-12-31,187213,4105,3,0.9995701909065247
NeuMF,2011,2011-12-31,187213,1214,4,0.9992092251777649
NeuMF,2011,2011-12-31,187213,714,5,0.9988364577293396
NeuMF,2011,2011-12-31,187213,2525,6,0.9988176226615906
NeuMF,2011,2011-12-31,187213,47465,7,0.9986750483512878
NeuMF,2011,2011-12-31,187213,8405,8,0.9984468817710876
NeuMF,2011,2011-12-31,187213,741,9,0.998325526714325
NeuMF,2011,2011-12-31,187213,3680,10,0.9979639053344727
NeuMF,2011,2011-12-31,187225,79185,1,0.9998100399971008
NeuMF,2011,2011-12-31,187225,59315,2,0.9995999932289124
NeuMF,2011,2011-12-31,187225,74156,3,0.9987527132034302
NeuMF,2011,2011-12-31,187225,49272,4,0.9987245202064514
NeuMF,2011,2011-12-31,187225,46976,5,0.9983595013618469
NeuMF,2011,2011-12-31,187225,7293,6,0.998284637928009
NeuMF,2011,2011-12-31,187225,2409,7,0.998239278793335
NeuMF,2011,2011-12-31,187225,55267,8,0.9982311129570007
NeuMF,2011,2011-12-31,187225,63131,9,0.9976553916931152
NeuMF,2011,2011-12-31,187225,7445,10,0.9974738955497742
NeuMF,2011,2011-12-31,187226,493,1,0.999846339225769
NeuMF,2011,2011-12-31,187226,7348,2,0.9996331930160522
NeuMF,2011,2011-12-31,187226,62374,3,0.9994947910308838
NeuMF,2011,2011-12-31,187226,5329,4,0.9993808269500732
NeuMF,2011,2011-12-31,187226,180,5,0.9990496039390564
NeuMF,2011,2011-12-31,187226,58998,6,0.9989079236984253
NeuMF,2011,2011-12-31,187226,1799,7,0.9986916184425354
NeuMF,2011,2011-12-31,187226,555,8,0.9983781576156616
NeuMF,2011,2011-12-31,187226,5388,9,0.9982472658157349
NeuMF,2011,2011-12-31,187226,5055,10,0.9978342652320862
NeuMF,2011,2011-12-31,187474,3826,1,0.999744713306427
NeuMF,2011,2011-12-31,187474,5679,2,0.9994876384735107
NeuMF,2011,2011-12-31,187474,6502,3,0.999466598033905
NeuMF,2011,2011-12-31,187474,3285,4,0.9988226294517517
NeuMF,2011,2011-12-31,187474,4718,5,0.9986903071403503
NeuMF,2011,2011-12-31,187474,5065,6,0.9984391331672668
NeuMF,2011,2011-12-31,187474,3617,7,0.9979550838470459
NeuMF,2011,2011-12-31,187474,5630,8,0.9977222084999084
NeuMF,2011,2011-12-31,187474,4344,9,0.997531533241272
NeuMF,2011,2011-12-31,187474,5219,10,0.9975293278694153
NeuMF,2011,2011-12-31,188293,26776,1,0.9999966621398926
NeuMF,2011,2011-12-31,188293,60950,2,0.9999806880950928
NeuMF,2011,2011-12-31,188293,57504,3,0.9999505281448364
NeuMF,2011,2011-12-31,188293,61236,4,0.9998517036437988
NeuMF,2011,2011-12-31,188293,66097,5,0.9998413324356079
NeuMF,2011,2011-12-31,188293,66934,6,0.9998365640640259
NeuMF,2011,2011-12-31,188293,73017,7,0.9998319149017334
NeuMF,2011,2011-12-31,188293,68358,8,0.9998212456703186
NeuMF,2011,2011-12-31,188293,293,9,0.999790608882904
NeuMF,2011,2011-12-31,188293,61240,10,0.999764621257782
NeuMF,2011,2011-12-31,188369,59126,1,0.9999376535415649
NeuMF,2011,2011-12-31,188369,59143,2,0.999887228012085
NeuMF,2011,2011-12-31,188369,5952,3,0.9995738863945007
NeuMF,2011,2011-12-31,188369,66509,4,0.9989317059516907
NeuMF,2011,2011-12-31,188369,4011,5,0.9989088773727417
NeuMF,2011,2011-12-31,188369,3911,6,0.9987718462944031
NeuMF,2011,2011-12-31,188369,63131,7,0.9987034797668457
NeuMF,2011,2011-12-31,188369,2485,8,0.9986108541488647
NeuMF,2011,2011-12-31,188369,7293,9,0.9985795021057129
NeuMF,2011,2011-12-31,188369,4974,10,0.9984194040298462
NeuMF,2011,2011-12-31,188777,3011,1,0.9976029992103577
NeuMF,2011,2011-12-31,188777,1266,2,0.9972212314605713
NeuMF,2011,2011-12-31,188777,2669,3,0.9968674778938293
NeuMF,2011,2011-12-31,188777,62,4,0.9964021444320679
NeuMF,2011,2011-12-31,188777,5707,5,0.9954089522361755
NeuMF,2011,2011-12-31,188777,2071,6,0.9950201511383057
NeuMF,2011,2011-12-31,188777,3072,7,0.9944024682044983
NeuMF,2011,2011-12-31,188777,3088,8,0.9941907525062561
NeuMF,2011,2011-12-31,188777,5689,9,0.9938109517097473
NeuMF,2011,2011-12-31,188777,2310,10,0.9931936860084534
NeuMF,2011,2011-12-31,188888,60069,1,0.999950647354126
NeuMF,2011,2011-12-31,188888,68157,2,0.9998883008956909
NeuMF,2011,2011-12-31,188888,51255,3,0.999832034111023
NeuMF,2011,2011-12-31,188888,62434,4,0.9997904896736145
NeuMF,2011,2011-12-31,188888,58559,5,0.9997325539588928
NeuMF,2011,2011-12-31,188888,63082,6,0.9997238516807556
NeuMF,2011,2011-12-31,188888,59315,7,0.9997221827507019
NeuMF,2011,2011-12-31,188888,48385,8,0.999630331993103
NeuMF,2011,2011-12-31,188888,61024,9,0.999574601650238
NeuMF,2011,2011-12-31,188888,2959,10,0.9995195865631104
NeuMF,2011,2011-12-31,189107,50005,1,0.9991868138313293
NeuMF,2011,2011-12-31,189107,1209,2,0.9990046620368958
NeuMF,2011,2011-12-31,189107,31410,3,0.9989873766899109
NeuMF,2011,2011-12-31,189107,25771,4,0.9988694787025452
NeuMF,2011,2011-12-31,189107,6016,5,0.9987044334411621
NeuMF,2011,2011-12-31,189107,5853,6,0.998610258102417
NeuMF,2011,2011-12-31,189107,7570,7,0.998407781124115
NeuMF,2011,2011-12-31,189107,71211,8,0.9983609318733215
NeuMF,2011,2011-12-31,189107,61026,9,0.9981902241706848
NeuMF,2011,2011-12-31,189107,2594,10,0.9980539083480835
NeuMF,2011,2011-12-31,189136,7254,1,0.9994800686836243
NeuMF,2011,2011-12-31,189136,6539,2,0.9991481304168701
NeuMF,2011,2011-12-31,189136,37384,3,0.9988908171653748
NeuMF,2011,2011-12-31,189136,27837,4,0.9987128973007202
NeuMF,2011,2011-12-31,189136,31685,5,0.998661994934082
NeuMF,2011,2011-12-31,189136,7367,6,0.9981808662414551
NeuMF,2011,2011-12-31,189136,27808,7,0.9979670643806458
NeuMF,2011,2011-12-31,189136,8972,8,0.9978500604629517
NeuMF,2011,2011-12-31,189136,35836,9,0.9976008534431458
NeuMF,2011,2011-12-31,189136,3916,10,0.9974861145019531
NeuMF,2011,2011-12-31,189148,44191,1,0.998900294303894
NeuMF,2011,2011-12-31,189148,5971,2,0.998441755771637
NeuMF,2011,2011-12-31,189148,551,3,0.9983231425285339
NeuMF,2011,2011-12-31,189148,1682,4,0.9979442954063416
NeuMF,2011,2011-12-31,189148,1214,5,0.9977462887763977
NeuMF,2011,2011-12-31,189148,1215,6,0.9977452158927917
NeuMF,2011,2011-12-31,189148,1200,7,0.9976848363876343
NeuMF,2011,2011-12-31,189148,7147,8,0.9973946809768677
NeuMF,2011,2011-12-31,189148,2329,9,0.9973540306091309
NeuMF,2011,2011-12-31,189148,8961,10,0.9972495436668396
NeuMF,2011,2011-12-31,189358,3168,1,0.9996500015258789
NeuMF,2011,2011-12-31,189358,1230,2,0.9995569586753845
NeuMF,2011,2011-12-31,189358,1078,3,0.9994953870773315
NeuMF,2011,2011-12-31,189358,69757,4,0.9994057416915894
NeuMF,2011,2011-12-31,189358,58559,5,0.999365508556366
NeuMF,2011,2011-12-31,189358,913,6,0.9992650151252747
NeuMF,2011,2011-12-31,189358,2571,7,0.9991886019706726
NeuMF,2011,2011-12-31,189358,2396,8,0.9991655349731445
NeuMF,2011,2011-12-31,189358,912,9,0.9991641044616699
NeuMF,2011,2011-12-31,189358,60069,10,0.9991267323493958
NeuMF,2011,2011-12-31,189429,293,1,0.9989230036735535
NeuMF,2011,2011-12-31,189429,60684,2,0.9984390139579773
NeuMF,2011,2011-12-31,189429,3275,3,0.9971139430999756
NeuMF,2011,2011-12-31,189429,541,4,0.9963739514350891
NeuMF,2011,2011-12-31,189429,1201,5,0.9955137372016907
NeuMF,2011,2011-12-31,189429,2700,6,0.9943193197250366
NeuMF,2011,2011-12-31,189429,33794,7,0.993604838848114
NeuMF,2011,2011-12-31,189429,4226,8,0.993067741394043
NeuMF,2011,2011-12-31,189429,1198,9,0.9925754070281982
NeuMF,2011,2011-12-31,189429,4306,10,0.9922898411750793
NeuMF,2011,2011-12-31,189561,52435,1,0.9994556307792664
NeuMF,2011,2011-12-31,189561,101,2,0.9982578158378601
NeuMF,2011,2011-12-31,189561,79132,3,0.9980993866920471
NeuMF,2011,2011-12-31,189561,3897,4,0.9979007244110107
NeuMF,2011,2011-12-31,189561,54503,5,0.9964718818664551
NeuMF,2011,2011-12-31,189561,6711,6,0.9940268993377686
NeuMF,2011,2011-12-31,189561,78499,7,0.9933155179023743
NeuMF,2011,2011-12-31,189561,5669,8,0.9920486807823181
NeuMF,2011,2011-12-31,189561,5265,9,0.9904441237449646
NeuMF,2011,2011-12-31,189561,76251,10,0.9894788861274719
NeuMF,2011,2011-12-31,189665,59107,1,0.9999784231185913
NeuMF,2011,2011-12-31,189665,6214,2,0.9999423027038574
NeuMF,2011,2011-12-31,189665,71033,3,0.9998856782913208
NeuMF,2011,2011-12-31,189665,6690,4,0.9998756647109985
NeuMF,2011,2011-12-31,189665,71518,5,0.9998548030853271
NeuMF,2011,2011-12-31,189665,55069,6,0.9998445510864258
NeuMF,2011,2011-12-31,189665,5612,7,0.9997778534889221
NeuMF,2011,2011-12-31,189665,55442,8,0.9997771382331848
NeuMF,2011,2011-12-31,189665,53129,9,0.9997313618659973
NeuMF,2011,2011-12-31,189665,52604,10,0.9996645450592041
NeuMF,2011,2011-12-31,189763,55444,1,0.9998362064361572
NeuMF,2011,2011-12-31,189763,50514,2,0.9997931122779846
NeuMF,2011,2011-12-31,189763,7767,3,0.9996988773345947
NeuMF,2011,2011-12-31,189763,4226,4,0.9996821880340576
NeuMF,2011,2011-12-31,189763,57669,5,0.999441921710968
NeuMF,2011,2011-12-31,189763,31410,6,0.9994113445281982
NeuMF,2011,2011-12-31,189763,34437,7,0.9991866946220398
NeuMF,2011,2011-12-31,189763,31952,8,0.9991452693939209
NeuMF,2011,2011-12-31,189763,6370,9,0.9991256594657898
NeuMF,2011,2011-12-31,189763,39183,10,0.9987433552742004
NeuMF,2011,2011-12-31,189899,3932,1,0.999748170375824
NeuMF,2011,2011-12-31,189899,4795,2,0.9994561076164246
NeuMF,2011,2011-12-31,189899,1224,3,0.999426007270813
NeuMF,2011,2011-12-31,189899,1243,4,0.999276340007782
NeuMF,2011,2011-12-31,189899,7099,5,0.9990159273147583
NeuMF,2011,2011-12-31,189899,6201,6,0.9990150928497314
NeuMF,2011,2011-12-31,189899,5618,7,0.9986969828605652
NeuMF,2011,2011-12-31,189899,4465,8,0.9985130429267883
NeuMF,2011,2011-12-31,189899,6270,9,0.998498797416687
NeuMF,2011,2011-12-31,189899,3105,10,0.9981062412261963
NeuMF,2011,2011-12-31,190652,3147,1,0.9989755153656006
NeuMF,2011,2011-12-31,190652,53972,2,0.9983091354370117
NeuMF,2011,2011-12-31,190652,20,3,0.9981160163879395
NeuMF,2011,2011-12-31,190652,7981,4,0.9975023865699768
NeuMF,2011,2011-12-31,190652,2278,5,0.9972230195999146
NeuMF,2011,2011-12-31,190652,2402,6,0.9965988993644714
NeuMF,2011,2011-12-31,190652,3499,7,0.99623703956604
NeuMF,2011,2011-12-31,190652,33437,8,0.9947108030319214
NeuMF,2011,2011-12-31,190652,3752,9,0.9946109056472778
NeuMF,2011,2011-12-31,190652,1589,10,0.9929695725440979
NeuMF,2011,2011-12-31,191122,60074,1,0.999966025352478
NeuMF,2011,2011-12-31,191122,77561,2,0.9998525381088257
NeuMF,2011,2011-12-31,191122,73268,3,0.9997789263725281
NeuMF,2011,2011-12-31,191122,74685,4,0.999582827091217
NeuMF,2011,2011-12-31,191122,73321,5,0.9993743300437927
NeuMF,2011,2011-12-31,191122,79132,6,0.9992572665214539
NeuMF,2011,2011-12-31,191122,55282,7,0.999116837978363
NeuMF,2011,2011-12-31,191122,55721,8,0.999110758304596
NeuMF,2011,2011-12-31,191122,7827,9,0.9989066123962402
NeuMF,2011,2011-12-31,191122,55820,10,0.998713493347168
NeuMF,2011,2011-12-31,191441,37386,1,0.999006450176239
NeuMF,2011,2011-12-31,191441,33794,2,0.998661994934082
NeuMF,2011,2011-12-31,191441,6874,3,0.9979358911514282
NeuMF,2011,2011-12-31,191441,59315,4,0.9977420568466187
NeuMF,2011,2011-12-31,191441,7438,5,0.997602641582489
NeuMF,2011,2011-12-31,191441,64957,6,0.9975213408470154
NeuMF,2011,2011-12-31,191441,5608,7,0.9974942207336426
NeuMF,2011,2011-12-31,191441,8371,8,0.9971851706504822
NeuMF,2011,2011-12-31,191441,4963,9,0.9968348145484924
NeuMF,2011,2011-12-31,191441,8810,10,0.9965693950653076
NeuMF,2011,2011-12-31,191670,55290,1,0.9990941286087036
NeuMF,2011,2011-12-31,191670,60074,2,0.9982165694236755
NeuMF,2011,2011-12-31,191670,6378,3,0.9976683259010315
NeuMF,2011,2011-12-31,191670,4643,4,0.9974899291992188
NeuMF,2011,2011-12-31,191670,2579,5,0.9960399866104126
NeuMF,2011,2011-12-31,191670,6539,6,0.9951866269111633
NeuMF,2011,2011-12-31,191670,60,7,0.9949102997779846
NeuMF,2011,2011-12-31,191670,5445,8,0.9947898387908936
NeuMF,2011,2011-12-31,191670,6936,9,0.9938331842422485
NeuMF,2011,2011-12-31,191670,52973,10,0.9928827285766602
NeuMF,2011,2011-12-31,191845,6773,1,0.9999788999557495
NeuMF,2011,2011-12-31,191845,6787,2,0.9999707937240601
NeuMF,2011,2011-12-31,191845,7767,3,0.9999136924743652
NeuMF,2011,2011-12-31,191845,6669,4,0.99989914894104
NeuMF,2011,2011-12-31,191845,8949,5,0.9995865225791931
NeuMF,2011,2011-12-31,191845,56171,6,0.9995104074478149
NeuMF,2011,2011-12-31,191845,7210,7,0.9994964599609375
NeuMF,2011,2011-12-31,191845,7090,8,0.9994478821754456
NeuMF,2011,2011-12-31,191845,34437,9,0.9993789196014404
NeuMF,2011,2011-12-31,191845,7096,10,0.9993570446968079
NeuMF,2011,2011-12-31,191977,1201,1,0.999869704246521
NeuMF,2011,2011-12-31,191977,70286,2,0.9997901320457458
NeuMF,2011,2011-12-31,191977,2467,3,0.9995230436325073
NeuMF,2011,2011-12-31,191977,4226,4,0.9995219707489014
NeuMF,2011,2011-12-31,191977,4262,5,0.9994356036186218
NeuMF,2011,2011-12-31,191977,1221,6,0.999352753162384
NeuMF,2011,2011-12-31,191977,3681,7,0.9993329644203186
NeuMF,2011,2011-12-31,191977,1209,8,0.999279797077179
NeuMF,2011,2011-12-31,191977,2021,9,0.9992103576660156
NeuMF,2011,2011-12-31,191977,80126,10,0.9991198182106018
NeuMF,2011,2011-12-31,191982,7361,1,0.9995842576026917
NeuMF,2011,2011-12-31,191982,73608,2,0.9984049201011658
NeuMF,2011,2011-12-31,191982,68954,3,0.9971289038658142
NeuMF,2011,2011-12-31,191982,8798,4,0.9968863129615784
NeuMF,2011,2011-12-31,191982,3114,5,0.9961313009262085
NeuMF,2011,2011-12-31,191982,6502,6,0.9957426190376282
NeuMF,2011,2011-12-31,191982,3949,7,0.9955872297286987
NeuMF,2011,2011-12-31,191982,44555,8,0.9953430891036987
NeuMF,2011,2011-12-31,191982,457,9,0.9952634572982788
NeuMF,2011,2011-12-31,191982,69481,10,0.9951068162918091
NeuMF,2011,2011-12-31,192366,5574,1,0.9995488524436951
NeuMF,2011,2011-12-31,192366,44022,2,0.9992616772651672
NeuMF,2011,2011-12-31,192366,42011,3,0.9989080429077148
NeuMF,2011,2011-12-31,192366,45186,4,0.9987503290176392
NeuMF,2011,2011-12-31,192366,8984,5,0.9983645081520081
NeuMF,2011,2011-12-31,192366,6595,6,0.9979501366615295
NeuMF,2011,2011-12-31,192366,4448,7,0.9979497790336609
NeuMF,2011,2011-12-31,192366,48412,8,0.9978927969932556
NeuMF,2011,2011-12-31,192366,1,9,0.9974842071533203
NeuMF,2011,2011-12-31,192366,6550,10,0.9970928430557251
NeuMF,2011,2011-12-31,192558,4963,1,0.9991427659988403
NeuMF,2011,2011-12-31,192558,4729,2,0.9990420937538147
NeuMF,2011,2011-12-31,192558,4975,3,0.9988560676574707
NeuMF,2011,2011-12-31,192558,6502,4,0.9988056421279907
NeuMF,2011,2011-12-31,192558,5316,5,0.9987163543701172
NeuMF,2011,2011-12-31,192558,5349,6,0.9986287355422974
NeuMF,2011,2011-12-31,192558,5902,7,0.9981275200843811
NeuMF,2011,2011-12-31,192558,6286,8,0.9980255365371704
NeuMF,2011,2011-12-31,192558,5314,9,0.9979397654533386
NeuMF,2011,2011-12-31,192558,1653,10,0.9979104399681091
NeuMF,2011,2011-12-31,192974,6016,1,0.9997876286506653
NeuMF,2011,2011-12-31,192974,27815,2,0.9997774958610535
NeuMF,2011,2011-12-31,192974,44555,3,0.9997557997703552
NeuMF,2011,2011-12-31,192974,50872,4,0.9996789693832397
NeuMF,2011,2011-12-31,192974,4973,5,0.9995892643928528
NeuMF,2011,2011-12-31,192974,7323,6,0.9993603825569153
NeuMF,2011,2011-12-31,192974,55444,7,0.9989287257194519
NeuMF,2011,2011-12-31,192974,46723,8,0.9988899827003479
NeuMF,2011,2011-12-31,192974,55247,9,0.9988677501678467
NeuMF,2011,2011-12-31,192974,55442,10,0.998853325843811
NeuMF,2011,2011-12-31,193143,8596,1,0.9989525079727173
NeuMF,2011,2011-12-31,193143,2915,2,0.9983977675437927
NeuMF,2011,2011-12-31,193143,2205,3,0.9982814788818359
NeuMF,2011,2011-12-31,193143,31685,4,0.9981939196586609
NeuMF,2011,2011-12-31,193143,3196,5,0.998184859752655
NeuMF,2011,2011-12-31,193143,7293,6,0.9980009198188782
NeuMF,2011,2011-12-31,193143,27808,7,0.997831404209137
NeuMF,2011,2011-12-31,193143,6663,8,0.9976291060447693
NeuMF,2011,2011-12-31,193143,1911,9,0.9975646734237671
NeuMF,2011,2011-12-31,193143,2109,10,0.9968051910400391
NeuMF,2011,2011-12-31,193194,53972,1,0.9996020197868347
NeuMF,2011,2011-12-31,193194,36401,2,0.9995430707931519
NeuMF,2011,2011-12-31,193194,62999,3,0.999386191368103
NeuMF,2011,2011-12-31,193194,54995,4,0.9993010759353638
NeuMF,2011,2011-12-31,193194,53121,5,0.9992353916168213
NeuMF,2011,2011-12-31,193194,53125,6,0.9990052580833435
NeuMF,2011,2011-12-31,193194,62376,7,0.9988937973976135
NeuMF,2011,2011-12-31,193194,52722,8,0.9988307356834412
NeuMF,2011,2011-12-31,193194,37729,9,0.9987533092498779
NeuMF,2011,2011-12-31,193194,49278,10,0.998420238494873
NeuMF,2011,2011-12-31,193248,3735,1,0.9995856881141663
NeuMF,2011,2011-12-31,193248,1263,2,0.9993855953216553
NeuMF,2011,2011-12-31,193248,431,3,0.9991210103034973
NeuMF,2011,2011-12-31,193248,34338,4,0.9989732503890991
NeuMF,2011,2011-12-31,193248,3684,5,0.9981129169464111
NeuMF,2011,2011-12-31,193248,3029,6,0.9973963499069214
NeuMF,2011,2011-12-31,193248,1090,7,0.9971944093704224
NeuMF,2011,2011-12-31,193248,6620,8,0.9971728324890137
NeuMF,2011,2011-12-31,193248,456,9,0.9969204664230347
NeuMF,2011,2011-12-31,193248,1517,10,0.9967970252037048
NeuMF,2011,2011-12-31,193475,8914,1,0.9999136924743652
NeuMF,2011,2011-12-31,193475,4553,2,0.9997953772544861
NeuMF,2011,2011-12-31,193475,2968,3,0.9996824264526367
NeuMF,2011,2011-12-31,193475,1200,4,0.9996167421340942
NeuMF,2011,2011-12-31,193475,2288,5,0.9989521503448486
NeuMF,2011,2011-12-31,193475,2916,6,0.9986584186553955
NeuMF,2011,2011-12-31,193475,52885,7,0.9985640645027161
NeuMF,2011,2011-12-31,193475,32,8,0.9985301494598389
NeuMF,2011,2011-12-31,193475,5522,9,0.9985098242759705
NeuMF,2011,2011-12-31,193475,2011,10,0.997905969619751
NeuMF,2011,2011-12-31,193485,7438,1,0.9995915293693542
NeuMF,2011,2011-12-31,193485,33493,2,0.9995834231376648
NeuMF,2011,2011-12-31,193485,6539,3,0.999383807182312
NeuMF,2011,2011-12-31,193485,33794,4,0.9993641972541809
NeuMF,2011,2011-12-31,193485,5952,5,0.999355137348175
NeuMF,2011,2011-12-31,193485,8529,6,0.9993519186973572
NeuMF,2011,2011-12-31,193485,7254,7,0.9992559552192688
NeuMF,2011,2011-12-31,193485,58559,8,0.9992269277572632
NeuMF,2011,2011-12-31,193485,4995,9,0.9991556406021118
NeuMF,2011,2011-12-31,193485,4963,10,0.9991441965103149
NeuMF,2011,2011-12-31,193536,5047,1,0.9999452829360962
NeuMF,2011,2011-12-31,193536,6550,2,0.9993379712104797
NeuMF,2011,2011-12-31,193536,71535,3,0.9992994070053101
NeuMF,2011,2011-12-31,193536,58559,4,0.9989190101623535
NeuMF,2011,2011-12-31,193536,59784,5,0.9987353682518005
NeuMF,2011,2011-12-31,193536,6874,6,0.9985937476158142
NeuMF,2011,2011-12-31,193536,71464,7,0.9985643029212952
NeuMF,2011,2011-12-31,193536,27478,8,0.9982954859733582
NeuMF,2011,2011-12-31,193536,35347,9,0.9982325434684753
NeuMF,2011,2011-12-31,193536,5500,10,0.997923731803894
NeuMF,2011,2011-12-31,193539,3793,1,0.9972604513168335
NeuMF,2011,2011-12-31,193539,260,2,0.996025562286377
NeuMF,2011,2011-12-31,193539,110,3,0.9958613514900208
NeuMF,2011,2011-12-31,193539,58559,4,0.9955465793609619
NeuMF,2011,2011-12-31,193539,356,5,0.99543696641922
NeuMF,2011,2011-12-31,193539,50,6,0.9952486157417297
NeuMF,2011,2011-12-31,193539,1291,7,0.9950893521308899
NeuMF,2011,2011-12-31,193539,33493,8,0.9950180053710938
NeuMF,2011,2011-12-31,193539,5010,9,0.9949716329574585
NeuMF,2011,2011-12-31,193539,2028,10,0.9949631690979004
NeuMF,2011,2011-12-31,193945,64614,1,0.9994994401931763
NeuMF,2011,2011-12-31,193945,8368,2,0.999484658241272
NeuMF,2011,2011-12-31,193945,8644,3,0.9993070363998413
NeuMF,2011,2011-12-31,193945,49530,4,0.999247670173645
NeuMF,2011,2011-12-31,193945,54001,5,0.9988178610801697
NeuMF,2011,2011-12-31,193945,1961,6,0.9987095594406128
NeuMF,2011,2011-12-31,193945,7458,7,0.9981244206428528
NeuMF,2011,2011-12-31,193945,8132,8,0.997938334941864
NeuMF,2011,2011-12-31,193945,56587,9,0.9977340698242188
NeuMF,2011,2011-12-31,193945,5989,10,0.9975167512893677
NeuMF,2011,2011-12-31,194243,32587,1,0.9996557235717773
NeuMF,2011,2011-12-31,194243,7438,2,0.9996192455291748
NeuMF,2011,2011-12-31,194243,7254,3,0.9994189739227295
NeuMF,2011,2011-12-31,194243,8917,4,0.9991264939308167
NeuMF,2011,2011-12-31,194243,1089,5,0.9987088441848755
NeuMF,2011,2011-12-31,194243,6874,6,0.9986684322357178
NeuMF,2011,2011-12-31,194243,6679,7,0.9986047148704529
NeuMF,2011,2011-12-31,194243,1206,8,0.9984210729598999
NeuMF,2011,2011-12-31,194243,47,9,0.9983041286468506
NeuMF,2011,2011-12-31,194243,1527,10,0.9982560276985168
NeuMF,2011,2011-12-31,194408,1580,1,0.9990873336791992
NeuMF,2011,2011-12-31,194408,6373,2,0.9981933236122131
NeuMF,2011,2011-12-31,194408,1610,3,0.9980090260505676
NeuMF,2011,2011-12-31,194408,1148,4,0.9977208971977234
NeuMF,2011,2011-12-31,194408,1136,5,0.9976204037666321
NeuMF,2011,2011-12-31,194408,6378,6,0.9974347949028015
NeuMF,2011,2011-12-31,194408,4993,7,0.9973791837692261
NeuMF,2011,2011-12-31,194408,7153,8,0.9972782731056213
NeuMF,2011,2011-12-31,194408,1445,9,0.9969717264175415
NeuMF,2011,2011-12-31,194408,68954,10,0.9965476393699646
NeuMF,2011,2011-12-31,194562,4658,1,0.9998797178268433
NeuMF,2011,2011-12-31,194562,1289,2,0.9998517036437988
NeuMF,2011,2011-12-31,194562,12,3,0.9998334646224976
NeuMF,2011,2011-12-31,194562,1464,4,0.9997602105140686
NeuMF,2011,2011-12-31,194562,55908,5,0.9997513890266418
NeuMF,2011,2011-12-31,194562,26246,6,0.9997507929801941
NeuMF,2011,2011-12-31,194562,37240,7,0.9996017813682556
NeuMF,2011,2011-12-31,194562,4079,8,0.9995579123497009
NeuMF,2011,2011-12-31,194562,1820,9,0.9994617104530334
NeuMF,2011,2011-12-31,194562,1274,10,0.9992908239364624
NeuMF,2011,2011-12-31,194819,8798,1,0.9986068606376648
NeuMF,2011,2011-12-31,194819,6664,2,0.9985184073448181
NeuMF,2011,2011-12-31,194819,7458,3,0.9977390766143799
NeuMF,2011,2011-12-31,194819,315,4,0.9976938366889954
NeuMF,2011,2011-12-31,194819,165,5,0.9960913062095642
NeuMF,2011,2011-12-31,194819,7254,6,0.9949014186859131
NeuMF,2011,2011-12-31,194819,5445,7,0.9948881268501282
NeuMF,2011,2011-12-31,194819,47044,8,0.9934685230255127
NeuMF,2011,2011-12-31,194819,7153,9,0.993097722530365
NeuMF,2011,2011-12-31,194819,8361,10,0.9925754070281982
NeuMF,2011,2011-12-31,194844,534,1,0.9998992681503296
NeuMF,2011,2011-12-31,194844,4802,2,0.9997031092643738
NeuMF,2011,2011-12-31,194844,72641,3,0.9996651411056519
NeuMF,2011,2011-12-31,194844,1939,4,0.9995691180229187
NeuMF,2011,2011-12-31,194844,897,5,0.9995558857917786
NeuMF,2011,2011-12-31,194844,1277,6,0.9993171691894531
NeuMF,2011,2011-12-31,194844,1894,7,0.9992431402206421
NeuMF,2011,2011-12-31,194844,902,8,0.9990050196647644
NeuMF,2011,2011-12-31,194844,3675,9,0.9982736110687256
NeuMF,2011,2011-12-31,194844,3071,10,0.9982408285140991
NeuMF,2011,2011-12-31,195051,4878,1,0.9996267557144165
NeuMF,2011,2011-12-31,195051,6433,2,0.999421238899231
NeuMF,2011,2011-12-31,195051,8973,3,0.9992297887802124
NeuMF,2011,2011-12-31,195051,1464,4,0.9990008473396301
NeuMF,2011,2011-12-31,195051,6159,5,0.9989249110221863
NeuMF,2011,2011-12-31,195051,2360,6,0.9984365105628967
NeuMF,2011,2011-12-31,195051,30793,7,0.9983978867530823
NeuMF,2011,2011-12-31,195051,4973,8,0.9983808994293213
NeuMF,2011,2011-12-31,195051,6502,9,0.9982878565788269
NeuMF,2011,2011-12-31,195051,1206,10,0.9980917572975159
NeuMF,2011,2011-12-31,195496,1203,1,0.9990637898445129
NeuMF,2011,2011-12-31,195496,1219,2,0.9986646175384521
NeuMF,2011,2011-12-31,195496,750,3,0.9984298348426819
NeuMF,2011,2011-12-31,195496,1207,4,0.9983721375465393
NeuMF,2011,2011-12-31,195496,904,5,0.9982814788818359
NeuMF,2011,2011-12-31,195496,913,6,0.9974402189254761
NeuMF,2011,2011-12-31,195496,1198,7,0.9973969459533691
NeuMF,2011,2011-12-31,195496,923,8,0.9972152709960938
NeuMF,2011,2011-12-31,195496,1193,9,0.9970912933349609
NeuMF,2011,2011-12-31,195496,593,10,0.9967361092567444
NeuMF,2011,2011-12-31,195510,6798,1,0.9997046589851379
NeuMF,2011,2011-12-31,195510,7046,2,0.9990528225898743
NeuMF,2011,2011-12-31,195510,3740,3,0.9984984397888184
NeuMF,2011,2011-12-31,195510,6541,4,0.9982585310935974
NeuMF,2011,2011-12-31,195510,6664,5,0.997753918170929
NeuMF,2011,2011-12-31,195510,2124,6,0.9977194666862488
NeuMF,2011,2011-12-31,195510,1032,7,0.9971420168876648
NeuMF,2011,2011-12-31,195510,7454,8,0.9969736337661743
NeuMF,2011,2011-12-31,195510,2297,9,0.9969648718833923
NeuMF,2011,2011-12-31,195510,7386,10,0.9968834519386292
NeuMF,2011,2011-12-31,195670,370,1,0.9994345307350159
NeuMF,2011,2011-12-31,195670,3869,2,0.9993206262588501
NeuMF,2011,2011-12-31,195670,3868,3,0.9986704587936401
NeuMF,2011,2011-12-31,195670,466,4,0.9982590079307556
NeuMF,2011,2011-12-31,195670,306,5,0.9975441098213196
NeuMF,2011,2011-12-31,195670,5349,6,0.9954724907875061
NeuMF,2011,2011-12-31,195670,1230,7,0.9952994585037231
NeuMF,2011,2011-12-31,195670,30825,8,0.9951800107955933
NeuMF,2011,2011-12-31,195670,3252,9,0.9951648712158203
NeuMF,2011,2011-12-31,195670,1125,10,0.9947389960289001
NeuMF,2011,2011-12-31,195693,3543,1,0.9999954700469971
NeuMF,2011,2011-12-31,195693,4495,2,0.9998979568481445
NeuMF,2011,2011-12-31,195693,3359,3,0.9998918771743774
NeuMF,2011,2011-12-31,195693,3911,4,0.9998905658721924
NeuMF,2011,2011-12-31,195693,5292,5,0.9998902082443237
NeuMF,2011,2011-12-31,195693,4322,6,0.9998891353607178
NeuMF,2011,2011-12-31,195693,3814,7,0.9998067021369934
NeuMF,2011,2011-12-31,195693,4062,8,0.9997023940086365
NeuMF,2011,2011-12-31,195693,1395,9,0.9996961355209351
NeuMF,2011,2011-12-31,195693,4291,10,0.9996868371963501
NeuMF,2011,2011-12-31,195730,8966,1,0.9999113082885742
NeuMF,2011,2011-12-31,195730,4873,2,0.9998620748519897
NeuMF,2011,2011-12-31,195730,4641,3,0.9997722506523132
NeuMF,2011,2011-12-31,195730,6466,4,0.9994673132896423
NeuMF,2011,2011-12-31,195730,4211,5,0.9993946552276611
NeuMF,2011,2011-12-31,195730,4304,6,0.9992058873176575
NeuMF,2011,2011-12-31,195730,6591,7,0.9990614056587219
NeuMF,2011,2011-12-31,195730,5617,8,0.9990593791007996
NeuMF,2011,2011-12-31,195730,5074,9,0.9989498257637024
NeuMF,2011,2011-12-31,195730,7177,10,0.9985900521278381
NeuMF,2011,2011-12-31,195740,63992,1,0.9999611377716064
NeuMF,2011,2011-12-31,195740,58306,2,0.9997901320457458
NeuMF,2011,2011-12-31,195740,59501,3,0.9997742772102356
NeuMF,2011,2011-12-31,195740,59103,4,0.9995947480201721
NeuMF,2011,2011-12-31,195740,49530,5,0.9995843768119812
NeuMF,2011,2011-12-31,195740,59037,6,0.9994781613349915
NeuMF,2011,2011-12-31,195740,56171,7,0.9993547797203064
NeuMF,2011,2011-12-31,195740,48394,8,0.9992507100105286
NeuMF,2011,2011-12-31,195740,71619,9,0.9991022348403931
NeuMF,2011,2011-12-31,195740,50005,10,0.9989853501319885
NeuMF,2011,2011-12-31,195840,52435,1,0.9998503923416138
NeuMF,2011,2011-12-31,195840,56152,2,0.999702513217926
NeuMF,2011,2011-12-31,195840,2316,3,0.9995638728141785
NeuMF,2011,2011-12-31,195840,46948,4,0.999451220035553
NeuMF,2011,2011-12-31,195840,46578,5,0.9993952512741089
NeuMF,2011,2011-12-31,195840,38038,6,0.999345600605011
NeuMF,2011,2011-12-31,195840,26662,7,0.9993209838867188
NeuMF,2011,2011-12-31,195840,46972,8,0.9991602897644043
NeuMF,2011,2011-12-31,195840,60487,9,0.9990506768226624
NeuMF,2011,2011-12-31,195840,2080,10,0.998805046081543
NeuMF,2011,2011-12-31,196113,318,1,0.9986296892166138
NeuMF,2011,2011-12-31,196113,70286,2,0.9981210827827454
NeuMF,2011,2011-12-31,196113,1089,3,0.998060405254364
NeuMF,2011,2011-12-31,196113,6333,4,0.9979287385940552
NeuMF,2011,2011-12-31,196113,66934,5,0.9976550340652466
NeuMF,2011,2011-12-31,196113,29,6,0.9968453049659729
NeuMF,2011,2011-12-31,196113,1213,7,0.9955427050590515
NeuMF,2011,2011-12-31,196113,48774,8,0.9953051805496216
NeuMF,2011,2011-12-31,196113,1625,9,0.9946150183677673
NeuMF,2011,2011-12-31,196113,1261,10,0.9943827390670776
NeuMF,2011,2011-12-31,196327,64614,1,0.9999096393585205
NeuMF,2011,2011-12-31,196327,55276,2,0.9997453093528748
NeuMF,2011,2011-12-31,196327,48738,3,0.9995054006576538
NeuMF,2011,2011-12-31,196327,72011,4,0.9994885921478271
NeuMF,2011,2011-12-31,196327,57669,5,0.9994392991065979
NeuMF,2011,2011-12-31,196327,64620,6,0.9993873834609985
NeuMF,2011,2011-12-31,196327,54997,7,0.9991928935050964
NeuMF,2011,2011-12-31,196327,63082,8,0.9991858601570129
NeuMF,2011,2011-12-31,196327,69122,9,0.9991750121116638
NeuMF,2011,2011-12-31,196327,68194,10,0.999085545539856
NeuMF,2011,2011-12-31,196431,2268,1,0.9997656941413879
NeuMF,2011,2011-12-31,196431,805,2,0.9996185302734375
NeuMF,2011,2011-12-31,196431,4326,3,0.9996092915534973
NeuMF,2011,2011-12-31,196431,4901,4,0.9995481371879578
NeuMF,2011,2011-12-31,196431,647,5,0.9994315505027771
NeuMF,2011,2011-12-31,196431,1246,6,0.9993996620178223
NeuMF,2011,2011-12-31,196431,1610,7,0.9991700649261475
NeuMF,2011,2011-12-31,196431,5388,8,0.9991077780723572
NeuMF,2011,2011-12-31,196431,2231,9,0.9991012811660767
NeuMF,2011,2011-12-31,196431,2841,10,0.999099612236023
NeuMF,2011,2011-12-31,197034,62999,1,0.9998095631599426
NeuMF,2011,2011-12-31,197034,72998,2,0.9997584223747253
NeuMF,2011,2011-12-31,197034,55247,3,0.9997474551200867
NeuMF,2011,2011-12-31,197034,79132,4,0.999737560749054
NeuMF,2011,2011-12-31,197034,73017,5,0.9997060894966125
NeuMF,2011,2011-12-31,197034,44191,6,0.9996472597122192
NeuMF,2011,2011-12-31,197034,56171,7,0.9996084570884705
NeuMF,2011,2011-12-31,197034,541,8,0.9994540810585022
NeuMF,2011,2011-12-31,197034,64839,9,0.9992641806602478
NeuMF,2011,2011-12-31,197034,68554,10,0.9991835951805115
NeuMF,2011,2011-12-31,197312,55442,1,0.9999043941497803
NeuMF,2011,2011-12-31,197312,72737,2,0.9998979568481445
NeuMF,2011,2011-12-31,197312,71264,3,0.9998064637184143
NeuMF,2011,2011-12-31,197312,61236,4,0.9997718930244446
NeuMF,2011,2011-12-31,197312,60069,5,0.9997316002845764
NeuMF,2011,2011-12-31,197312,69844,6,0.9997270703315735
NeuMF,2011,2011-12-31,197312,52328,7,0.9997084736824036
NeuMF,2011,2011-12-31,197312,58299,8,0.9996801614761353
NeuMF,2011,2011-12-31,197312,72226,9,0.9996260404586792
NeuMF,2011,2011-12-31,197312,68237,10,0.9996237754821777
NeuMF,2011,2011-12-31,197402,74545,1,0.9999527931213379
NeuMF,2011,2011-12-31,197402,72733,2,0.9998416900634766
NeuMF,2011,2011-12-31,197402,63062,3,0.9997792840003967
NeuMF,2011,2011-12-31,197402,71466,4,0.9997088313102722
NeuMF,2011,2011-12-31,197402,54997,5,0.9996845722198486
NeuMF,2011,2011-12-31,197402,71518,6,0.9996589422225952
NeuMF,2011,2011-12-31,197402,69406,7,0.9996414184570312
NeuMF,2011,2011-12-31,197402,51834,8,0.9995802044868469
NeuMF,2011,2011-12-31,197402,74450,9,0.9995235204696655
NeuMF,2011,2011-12-31,197402,78209,10,0.9994556307792664
NeuMF,2011,2011-12-31,197441,3681,1,0.9997979998588562
NeuMF,2011,2011-12-31,197441,2951,2,0.9995900988578796
NeuMF,2011,2011-12-31,197441,4262,3,0.9994557499885559
NeuMF,2011,2011-12-31,197441,25771,4,0.9989525079727173
NeuMF,2011,2011-12-31,197441,1227,5,0.9988462924957275
NeuMF,2011,2011-12-31,197441,54995,6,0.9982913136482239
NeuMF,2011,2011-12-31,197441,4011,7,0.9981628060340881
NeuMF,2011,2011-12-31,197441,4235,8,0.9980254173278809
NeuMF,2011,2011-12-31,197441,7022,9,0.997722327709198
NeuMF,2011,2011-12-31,197441,3742,10,0.9976244568824768
NeuMF,2011,2011-12-31,197513,60069,1,0.999915599822998
NeuMF,2011,2011-12-31,197513,35836,2,0.999471127986908
NeuMF,2011,2011-12-31,197513,77561,3,0.9991687536239624
NeuMF,2011,2011-12-31,197513,68659,4,0.9990548491477966
NeuMF,2011,2011-12-31,197513,68157,5,0.9986868500709534
NeuMF,2011,2011-12-31,197513,8641,6,0.9986409544944763
NeuMF,2011,2011-12-31,197513,50872,7,0.998380184173584
NeuMF,2011,2011-12-31,197513,78499,8,0.9981536269187927
NeuMF,2011,2011-12-31,197513,6874,9,0.9981454610824585
NeuMF,2011,2011-12-31,197513,68954,10,0.9981386661529541
NeuMF,2011,2011-12-31,197577,76210,1,0.9995447993278503
NeuMF,2011,2011-12-31,197577,35836,2,0.9990323781967163
NeuMF,2011,2011-12-31,197577,27674,3,0.9985811710357666
NeuMF,2011,2011-12-31,197577,4776,4,0.998403012752533
NeuMF,2011,2011-12-31,197577,8783,5,0.9981445074081421
NeuMF,2011,2011-12-31,197577,55946,6,0.9975427389144897
NeuMF,2011,2011-12-31,197577,8528,7,0.9971338510513306
NeuMF,2011,2011-12-31,197577,69757,8,0.9964900612831116
NeuMF,2011,2011-12-31,197577,8957,9,0.99604731798172
NeuMF,2011,2011-12-31,197577,4448,10,0.9954456090927124
NeuMF,2011,2011-12-31,197979,60937,1,0.9999645948410034
NeuMF,2011,2011-12-31,197979,79132,2,0.9999501705169678
NeuMF,2011,2011-12-31,197979,69644,3,0.9999445676803589
NeuMF,2011,2011-12-31,197979,78469,4,0.9998691082000732
NeuMF,2011,2011-12-31,197979,8861,5,0.999855637550354
NeuMF,2011,2011-12-31,197979,53464,6,0.9997864365577698
NeuMF,2011,2011-12-31,197979,65682,7,0.9997177720069885
NeuMF,2011,2011-12-31,197979,68791,8,0.9996365308761597
NeuMF,2011,2011-12-31,197979,59315,9,0.9996219873428345
NeuMF,2011,2011-12-31,197979,71535,10,0.9996028542518616
NeuMF,2011,2011-12-31,198066,58559,1,0.9998476505279541
NeuMF,2011,2011-12-31,198066,63082,2,0.9996832609176636
NeuMF,2011,2011-12-31,198066,72011,3,0.9996528625488281
NeuMF,2011,2011-12-31,198066,48516,4,0.9996125102043152
NeuMF,2011,2011-12-31,198066,64957,5,0.9996113181114197
NeuMF,2011,2011-12-31,198066,60069,6,0.9995750784873962
NeuMF,2011,2011-12-31,198066,64614,7,0.9994856119155884
NeuMF,2011,2011-12-31,198066,73017,8,0.999426007270813
NeuMF,2011,2011-12-31,198066,3949,9,0.9993399977684021
NeuMF,2011,2011-12-31,198066,4454,10,0.9993265867233276
NeuMF,2011,2011-12-31,198352,45501,1,0.9997794032096863
NeuMF,2011,2011-12-31,198352,33669,2,0.9988023042678833
NeuMF,2011,2011-12-31,198352,64957,3,0.9983446598052979
NeuMF,2011,2011-12-31,198352,2764,4,0.9965035915374756
NeuMF,2011,2011-12-31,198352,45447,5,0.9961128234863281
NeuMF,2011,2011-12-31,198352,5066,6,0.9958754181861877
NeuMF,2011,2011-12-31,198352,8981,7,0.9954832792282104
NeuMF,2011,2011-12-31,198352,5810,8,0.9951476454734802
NeuMF,2011,2011-12-31,198352,3176,9,0.994907557964325
NeuMF,2011,2011-12-31,198352,47382,10,0.9943108558654785
NeuMF,2011,2011-12-31,198515,930,1,0.9999425411224365
NeuMF,2011,2011-12-31,198515,2634,2,0.9994557499885559
NeuMF,2011,2011-12-31,198515,3334,3,0.9989249110221863
NeuMF,2011,2011-12-31,198515,1733,4,0.9987039566040039
NeuMF,2011,2011-12-31,198515,1296,5,0.9978986978530884
NeuMF,2011,2011-12-31,198515,5169,6,0.9978378415107727
NeuMF,2011,2011-12-31,198515,1945,7,0.9975354671478271
NeuMF,2011,2011-12-31,198515,5304,8,0.9975142478942871
NeuMF,2011,2011-12-31,198515,5602,9,0.9972094893455505
NeuMF,2011,2011-12-31,198515,3350,10,0.9970217347145081
NeuMF,2011,2011-12-31,198580,8033,1,0.9991132616996765
NeuMF,2011,2011-12-31,198580,374,2,0.9991083741188049
NeuMF,2011,2011-12-31,198580,6765,3,0.9986634254455566
NeuMF,2011,2011-12-31,198580,32017,4,0.9982982277870178
NeuMF,2011,2011-12-31,198580,6889,5,0.9966996312141418
NeuMF,2011,2011-12-31,198580,74,6,0.9955480098724365
NeuMF,2011,2011-12-31,198580,3269,7,0.9946202039718628
NeuMF,2011,2011-12-31,198580,1457,8,0.9943239688873291
NeuMF,2011,2011-12-31,198580,8640,9,0.9938585162162781
NeuMF,2011,2011-12-31,198580,631,10,0.9938173890113831
NeuMF,2011,2011-12-31,198616,8340,1,0.999442994594574
NeuMF,2011,2011-12-31,198616,54997,2,0.9990699887275696
NeuMF,2011,2011-12-31,198616,27873,3,0.9984285235404968
NeuMF,2011,2011-12-31,198616,7193,4,0.9984036087989807
NeuMF,2011,2011-12-31,198616,7445,5,0.998288094997406
NeuMF,2011,2011-12-31,198616,6796,6,0.9982706308364868
NeuMF,2011,2011-12-31,198616,3275,7,0.9973952770233154
NeuMF,2011,2011-12-31,198616,33166,8,0.9968374967575073
NeuMF,2011,2011-12-31,198616,428,9,0.9967519044876099
NeuMF,2011,2011-12-31,198616,4673,10,0.9967355132102966
NeuMF,2011,2011-12-31,198676,57504,1,0.9997730851173401
NeuMF,2011,2011-12-31,198676,54995,2,0.9997629523277283
NeuMF,2011,2011-12-31,198676,53519,3,0.9996871948242188
NeuMF,2011,2011-12-31,198676,72171,4,0.99951171875
NeuMF,2011,2011-12-31,198676,62644,5,0.9995095729827881
NeuMF,2011,2011-12-31,198676,52952,6,0.9994348883628845
NeuMF,2011,2011-12-31,198676,71579,7,0.999332845211029
NeuMF,2011,2011-12-31,198676,57669,8,0.9992567896842957
NeuMF,2011,2011-12-31,198676,51277,9,0.9991724491119385
NeuMF,2011,2011-12-31,198676,31952,10,0.9990302324295044
NeuMF,2011,2011-12-31,198767,4383,1,0.9998818635940552
NeuMF,2011,2011-12-31,198767,3720,2,0.9995934367179871
NeuMF,2011,2011-12-31,198767,1617,3,0.9990830421447754
NeuMF,2011,2011-12-31,198767,1466,4,0.9982640147209167
NeuMF,2011,2011-12-31,198767,2467,5,0.9980515241622925
NeuMF,2011,2011-12-31,198767,40583,6,0.9980369210243225
NeuMF,2011,2011-12-31,198767,4881,7,0.9977912902832031
NeuMF,2011,2011-12-31,198767,2966,8,0.9966444969177246
NeuMF,2011,2011-12-31,198767,71108,9,0.9964640736579895
NeuMF,2011,2011-12-31,198767,6016,10,0.9962040781974792
NeuMF,2011,2011-12-31,198929,42738,1,0.9978904128074646
NeuMF,2011,2011-12-31,198929,315,2,0.99722820520401
NeuMF,2011,2011-12-31,198929,593,3,0.9965510368347168
NeuMF,2011,2011-12-31,198929,2126,4,0.9961497783660889
NeuMF,2011,2011-12-31,198929,32587,5,0.9961330890655518
NeuMF,2011,2011-12-31,198929,1676,6,0.9960886240005493
NeuMF,2011,2011-12-31,198929,2505,7,0.9955222606658936
NeuMF,2011,2011-12-31,198929,1920,8,0.9950610995292664
NeuMF,2011,2011-12-31,198929,58293,9,0.9946073889732361
NeuMF,2011,2011-12-31,198929,2826,10,0.9944154024124146
NeuMF,2011,2011-12-31,199111,44191,1,0.9976503252983093
NeuMF,2011,2011-12-31,199111,6502,2,0.9975723624229431
NeuMF,2011,2011-12-31,199111,2428,3,0.9975065588951111
NeuMF,2011,2011-12-31,199111,6281,4,0.9970659613609314
NeuMF,2011,2011-12-31,199111,34405,5,0.995866060256958
NeuMF,2011,2011-12-31,199111,34048,6,0.9953639507293701
NeuMF,2011,2011-12-31,199111,1616,7,0.995083212852478
NeuMF,2011,2011-12-31,199111,2959,8,0.9948892593383789
NeuMF,2011,2011-12-31,199111,3175,9,0.9948040843009949
NeuMF,2011,2011-12-31,199111,2021,10,0.9945071339607239
NeuMF,2011,2011-12-31,199140,27266,1,0.9993008375167847
NeuMF,2011,2011-12-31,199140,8405,2,0.9992619156837463
NeuMF,2011,2011-12-31,199140,7371,3,0.9991115927696228
NeuMF,2011,2011-12-31,199140,8973,4,0.9990226030349731
NeuMF,2011,2011-12-31,199140,1345,5,0.9990039467811584
NeuMF,2011,2011-12-31,199140,2729,6,0.9989245533943176
NeuMF,2011,2011-12-31,199140,2361,7,0.9988881945610046
NeuMF,2011,2011-12-31,199140,33683,8,0.9988403916358948
NeuMF,2011,2011-12-31,199140,1273,9,0.9986323714256287
NeuMF,2011,2011-12-31,199140,7022,10,0.9985542893409729
NeuMF,2011,2011-12-31,199188,31260,1,0.9996894598007202
NeuMF,2011,2011-12-31,199188,6986,2,0.9991969466209412
NeuMF,2011,2011-12-31,199188,1242,3,0.9983481168746948
NeuMF,2011,2011-12-31,199188,2067,4,0.9982478618621826
NeuMF,2011,2011-12-31,199188,3649,5,0.9981885552406311
NeuMF,2011,2011-12-31,199188,7234,6,0.9981265664100647
NeuMF,2011,2011-12-31,199188,7023,7,0.9976544976234436
NeuMF,2011,2011-12-31,199188,915,8,0.9975751042366028
NeuMF,2011,2011-12-31,199188,1150,9,0.9974840879440308
NeuMF,2011,2011-12-31,199188,25856,10,0.9971075654029846
NeuMF,2011,2011-12-31,199319,4310,1,0.9998094439506531
NeuMF,2011,2011-12-31,199319,59018,2,0.9997604489326477
NeuMF,2011,2011-12-31,199319,60072,3,0.9995344877243042
NeuMF,2011,2011-12-31,199319,47629,4,0.9991042017936707
NeuMF,2011,2011-12-31,199319,8644,5,0.9986239671707153
NeuMF,2011,2011-12-31,199319,6377,6,0.998525083065033
NeuMF,2011,2011-12-31,199319,2115,7,0.9983090162277222
NeuMF,2011,2011-12-31,199319,53972,8,0.998267412185669
NeuMF,2011,2011-12-31,199319,56885,9,0.9978354573249817
NeuMF,2011,2011-12-31,199319,8533,10,0.9972447156906128
NeuMF,2011,2011-12-31,199985,4718,1,0.999764621257782
NeuMF,2011,2011-12-31,199985,5572,2,0.9993799924850464
NeuMF,2011,2011-12-31,199985,59784,3,0.9992503523826599
NeuMF,2011,2011-12-31,199985,5444,4,0.9992002844810486
NeuMF,2011,2011-12-31,199985,66097,5,0.9991586208343506
NeuMF,2011,2011-12-31,199985,54503,6,0.9991199374198914
NeuMF,2011,2011-12-31,199985,4447,7,0.9991187453269958
NeuMF,2011,2011-12-31,199985,4993,8,0.9990793466567993
NeuMF,2011,2011-12-31,199985,7293,9,0.9988502264022827
NeuMF,2011,2011-12-31,199985,4722,10,0.9987000226974487
NeuMF,2011,2011-12-31,200102,2671,1,0.999691367149353
NeuMF,2011,2011-12-31,200102,1183,2,0.9993950128555298
NeuMF,2011,2011-12-31,200102,34437,3,0.999290943145752
NeuMF,2011,2011-12-31,200102,475,4,0.9992614388465881
NeuMF,2011,2011-12-31,200102,3105,5,0.9992045760154724
NeuMF,2011,2011-12-31,200102,17,6,0.9989917874336243
NeuMF,2011,2011-12-31,200102,509,7,0.998955488204956
NeuMF,2011,2011-12-31,200102,1680,8,0.9988896250724792
NeuMF,2011,2011-12-31,200102,1277,9,0.9984439015388489
NeuMF,2011,2011-12-31,200102,7151,10,0.9984378218650818
NeuMF,2011,2011-12-31,200161,2412,1,0.9997355341911316
NeuMF,2011,2011-12-31,200161,8640,2,0.99954754114151
NeuMF,2011,2011-12-31,200161,63113,3,0.999427080154419
NeuMF,2011,2011-12-31,200161,53121,4,0.9993000030517578
NeuMF,2011,2011-12-31,200161,32017,5,0.9992629885673523
NeuMF,2011,2011-12-31,200161,7573,6,0.9985151886940002
NeuMF,2011,2011-12-31,200161,2296,7,0.9978193044662476
NeuMF,2011,2011-12-31,200161,7048,8,0.9977019429206848
NeuMF,2011,2011-12-31,200161,3827,9,0.9976735711097717
NeuMF,2011,2011-12-31,200161,2000,10,0.9973713159561157
NeuMF,2011,2011-12-31,200322,3918,1,0.9992469549179077
NeuMF,2011,2011-12-31,200322,6093,2,0.9990257024765015
NeuMF,2011,2011-12-31,200322,4006,3,0.9989572763442993
NeuMF,2011,2011-12-31,200322,8426,4,0.9988407492637634
NeuMF,2011,2011-12-31,200322,3508,5,0.9984650611877441
NeuMF,2011,2011-12-31,200322,7743,6,0.9983945488929749
NeuMF,2011,2011-12-31,200322,2787,7,0.9982401132583618
NeuMF,2011,2011-12-31,200322,2009,8,0.9978803396224976
NeuMF,2011,2011-12-31,200322,1631,9,0.9976369142532349
NeuMF,2011,2011-12-31,200322,1019,10,0.9970780611038208
NeuMF,2011,2011-12-31,200390,2959,1,0.9999011754989624
NeuMF,2011,2011-12-31,200390,55444,2,0.9997410178184509
NeuMF,2011,2011-12-31,200390,29,3,0.9994231462478638
NeuMF,2011,2011-12-31,200390,60069,4,0.9992814660072327
NeuMF,2011,2011-12-31,200390,59387,5,0.998847246170044
NeuMF,2011,2011-12-31,200390,56715,6,0.998369038105011
NeuMF,2011,2011-12-31,200390,27773,7,0.9983429908752441
NeuMF,2011,2011-12-31,200390,1175,8,0.9979591369628906
NeuMF,2011,2011-12-31,200390,72226,9,0.9979277849197388
NeuMF,2011,2011-12-31,200390,52328,10,0.9976697564125061
NeuMF,2011,2011-12-31,200421,4226,1,0.9997041821479797
NeuMF,2011,2011-12-31,200421,44555,2,0.9988190531730652
NeuMF,2011,2011-12-31,200421,1193,3,0.9985976815223694
NeuMF,2011,2011-12-31,200421,2843,4,0.998563826084137
NeuMF,2011,2011-12-31,200421,541,5,0.9983239769935608
NeuMF,2011,2011-12-31,200421,29,6,0.9982771873474121
NeuMF,2011,2011-12-31,200421,7460,7,0.9980689883232117
NeuMF,2011,2011-12-31,200421,1208,8,0.9980450868606567
NeuMF,2011,2011-12-31,200421,2542,9,0.9978208541870117
NeuMF,2011,2011-12-31,200421,46976,10,0.9977778792381287
NeuMF,2011,2011-12-31,200449,27773,1,0.9998045563697815
NeuMF,2011,2011-12-31,200449,7827,2,0.9995174407958984
NeuMF,2011,2011-12-31,200449,6104,3,0.9994435906410217
NeuMF,2011,2011-12-31,200449,2403,4,0.999402642250061
NeuMF,2011,2011-12-31,200449,3676,5,0.9993417859077454
NeuMF,2011,2011-12-31,200449,4533,6,0.9992062449455261
NeuMF,2011,2011-12-31,200449,61323,7,0.9988127946853638
NeuMF,2011,2011-12-31,200449,1241,8,0.9985466599464417
NeuMF,2011,2011-12-31,200449,3972,9,0.9983604550361633
NeuMF,2011,2011-12-31,200449,68157,10,0.9982907176017761
NeuMF,2011,2011-12-31,200582,3156,1,0.9996672868728638
NeuMF,2011,2011-12-31,200582,2414,2,0.9996601343154907
NeuMF,2011,2011-12-31,200582,2497,3,0.9995162487030029
NeuMF,2011,2011-12-31,200582,552,4,0.9992079138755798
NeuMF,2011,2011-12-31,200582,914,5,0.9991204142570496
NeuMF,2011,2011-12-31,200582,2077,6,0.9990228414535522
NeuMF,2011,2011-12-31,200582,2528,7,0.9987006187438965
NeuMF,2011,2011-12-31,200582,3699,8,0.9985699653625488
NeuMF,2011,2011-12-31,200582,2828,9,0.9985265731811523
NeuMF,2011,2011-12-31,200582,497,10,0.9983866214752197
NeuMF,2011,2011-12-31,200943,4646,1,0.9996992349624634
NeuMF,2011,2011-12-31,200943,2501,2,0.9995946288108826
NeuMF,2011,2011-12-31,200943,5146,3,0.999575674533844
NeuMF,2011,2011-12-31,200943,6617,4,0.9995588660240173
NeuMF,2011,2011-12-31,200943,1748,5,0.9995256662368774
NeuMF,2011,2011-12-31,200943,5187,6,0.9990633130073547
NeuMF,2011,2011-12-31,200943,49278,7,0.9986348748207092
NeuMF,2011,2011-12-31,200943,4688,8,0.99836665391922
NeuMF,2011,2011-12-31,200943,3508,9,0.998316764831543
NeuMF,2011,2011-12-31,200943,27266,10,0.9982007741928101
