model,year,timestamp,user_id,item_id,rank,score
NeuMF,2007,2007-12-31,208,1171,1,0.9996634721755981
NeuMF,2007,2007-12-31,208,1223,2,0.9995312690734863
NeuMF,2007,2007-12-31,208,720,3,0.9993946552276611
NeuMF,2007,2007-12-31,208,1279,4,0.9992778897285461
NeuMF,2007,2007-12-31,208,468,5,0.9992293119430542
NeuMF,2007,2007-12-31,208,232,6,0.9982750415802002
NeuMF,2007,2007-12-31,208,1252,7,0.9967845678329468
NeuMF,2007,2007-12-31,208,1207,8,0.9967055916786194
NeuMF,2007,2007-12-31,208,3819,9,0.9965830445289612
NeuMF,2007,2007-12-31,208,2542,10,0.9955495595932007
NeuMF,2007,2007-12-31,551,750,1,0.9989205598831177
NeuMF,2007,2007-12-31,551,8949,2,0.9982505440711975
NeuMF,2007,2007-12-31,551,1252,3,0.9979925155639648
NeuMF,2007,2007-12-31,551,7156,4,0.9964295029640198
NeuMF,2007,2007-12-31,551,1212,5,0.9947733283042908
NeuMF,2007,2007-12-31,551,50,6,0.9944051504135132
NeuMF,2007,2007-12-31,551,1276,7,0.9930105805397034
NeuMF,2007,2007-12-31,551,1732,8,0.9927384257316589
NeuMF,2007,2007-12-31,551,34405,9,0.9926815629005432
NeuMF,2007,2007-12-31,551,1500,10,0.9923008680343628
NeuMF,2007,2007-12-31,798,4041,1,0.9993953704833984
NeuMF,2007,2007-12-31,798,1197,2,0.9986135959625244
NeuMF,2007,2007-12-31,798,1372,3,0.9977426528930664
NeuMF,2007,2007-12-31,798,1375,4,0.9976390600204468
NeuMF,2007,2007-12-31,798,318,5,0.9975643157958984
NeuMF,2007,2007-12-31,798,7386,6,0.9972737431526184
NeuMF,2007,2007-12-31,798,4367,7,0.9966883063316345
NeuMF,2007,2007-12-31,798,7153,8,0.9952805638313293
NeuMF,2007,2007-12-31,798,4062,9,0.9949588179588318
NeuMF,2007,2007-12-31,798,3897,10,0.9948185086250305
NeuMF,2007,2007-12-31,1551,2181,1,0.9999563694000244
NeuMF,2007,2007-12-31,1551,6975,2,0.9996176958084106
NeuMF,2007,2007-12-31,1551,7323,3,0.9983047246932983
NeuMF,2007,2007-12-31,1551,2179,4,0.9981194138526917
NeuMF,2007,2007-12-31,1551,27788,5,0.9980657696723938
NeuMF,2007,2007-12-31,1551,33903,6,0.998016357421875
NeuMF,2007,2007-12-31,1551,4881,7,0.9975329637527466
NeuMF,2007,2007-12-31,1551,7371,8,0.997267484664917
NeuMF,2007,2007-12-31,1551,7352,9,0.9972196817398071
NeuMF,2007,2007-12-31,1551,8836,10,0.9969460368156433
NeuMF,2007,2007-12-31,1723,1223,1,0.9998321533203125
NeuMF,2007,2007-12-31,1723,1288,2,0.9997287392616272
NeuMF,2007,2007-12-31,1723,1148,3,0.9995980858802795
NeuMF,2007,2007-12-31,1723,745,4,0.9995961785316467
NeuMF,2007,2007-12-31,1723,1079,5,0.9993889331817627
NeuMF,2007,2007-12-31,1723,7147,6,0.9993640780448914
NeuMF,2007,2007-12-31,1723,5669,7,0.9993149042129517
NeuMF,2007,2007-12-31,1723,2683,8,0.9992905855178833
NeuMF,2007,2007-12-31,1723,1220,9,0.998890221118927
NeuMF,2007,2007-12-31,1723,6620,10,0.9987657070159912
NeuMF,2007,2007-12-31,1842,40815,1,0.9995274543762207
NeuMF,2007,2007-12-31,1842,216,2,0.9987785220146179
NeuMF,2007,2007-12-31,1842,35836,3,0.9986622333526611
NeuMF,2007,2007-12-31,1842,553,4,0.9981827735900879
NeuMF,2007,2007-12-31,1842,520,5,0.9979308843612671
NeuMF,2007,2007-12-31,1842,6365,6,0.9974517226219177
NeuMF,2007,2007-12-31,1842,6564,7,0.9973440766334534
NeuMF,2007,2007-12-31,1842,6942,8,0.9968710541725159
NeuMF,2007,2007-12-31,1842,5418,9,0.9968703389167786
NeuMF,2007,2007-12-31,1842,4489,10,0.9966478943824768
NeuMF,2007,2007-12-31,1860,5878,1,0.9983585476875305
NeuMF,2007,2007-12-31,1860,8973,2,0.9977065324783325
NeuMF,2007,2007-12-31,1860,7361,3,0.9973229765892029
NeuMF,2007,2007-12-31,1860,5669,4,0.9963106513023376
NeuMF,2007,2007-12-31,1860,7371,5,0.9960079193115234
NeuMF,2007,2007-12-31,1860,7348,6,0.9956222176551819
NeuMF,2007,2007-12-31,1860,5902,7,0.9955729246139526
NeuMF,2007,2007-12-31,1860,6291,8,0.9954885840415955
NeuMF,2007,2007-12-31,1860,7151,9,0.9946767091751099
NeuMF,2007,2007-12-31,1860,8798,10,0.994396448135376
NeuMF,2007,2007-12-31,2051,6537,1,0.9997619986534119
NeuMF,2007,2007-12-31,2051,6333,2,0.999638557434082
NeuMF,2007,2007-12-31,2051,1882,3,0.9996277093887329
NeuMF,2007,2007-12-31,2051,5218,4,0.9995805621147156
NeuMF,2007,2007-12-31,2051,5219,5,0.9995373487472534
NeuMF,2007,2007-12-31,2051,5389,6,0.9994736313819885
NeuMF,2007,2007-12-31,2051,4886,7,0.9993075132369995
NeuMF,2007,2007-12-31,2051,4270,8,0.999222993850708
NeuMF,2007,2007-12-31,2051,3988,9,0.9992120265960693
NeuMF,2007,2007-12-31,2051,4310,10,0.9991657733917236
NeuMF,2007,2007-12-31,2364,277,1,0.9996299743652344
NeuMF,2007,2007-12-31,2364,13,2,0.9991533756256104
NeuMF,2007,2007-12-31,2364,991,3,0.9985573887825012
NeuMF,2007,2007-12-31,2364,3684,4,0.9959220886230469
NeuMF,2007,2007-12-31,2364,4414,5,0.9958418011665344
NeuMF,2007,2007-12-31,2364,3738,6,0.995018720626831
NeuMF,2007,2007-12-31,2364,6832,7,0.9947866201400757
NeuMF,2007,2007-12-31,2364,1226,8,0.994242250919342
NeuMF,2007,2007-12-31,2364,3678,9,0.9932700991630554
NeuMF,2007,2007-12-31,2364,40819,10,0.9911004900932312
NeuMF,2007,2007-12-31,2601,145,1,0.9990336894989014
NeuMF,2007,2007-12-31,2601,493,2,0.9989181756973267
NeuMF,2007,2007-12-31,2601,5049,3,0.9984807372093201
NeuMF,2007,2007-12-31,2601,5010,4,0.997589111328125
NeuMF,2007,2007-12-31,2601,3271,5,0.9972406625747681
NeuMF,2007,2007-12-31,2601,161,6,0.997236967086792
NeuMF,2007,2007-12-31,2601,6539,7,0.9965842962265015
NeuMF,2007,2007-12-31,2601,180,8,0.9962117671966553
NeuMF,2007,2007-12-31,2601,5418,9,0.995781421661377
NeuMF,2007,2007-12-31,2601,5445,10,0.9957720637321472
NeuMF,2007,2007-12-31,2740,44972,1,0.9991359114646912
NeuMF,2007,2007-12-31,2740,40815,2,0.9988799691200256
NeuMF,2007,2007-12-31,2740,33794,3,0.9964056015014648
NeuMF,2007,2007-12-31,2740,1485,4,0.9961315393447876
NeuMF,2007,2007-12-31,2740,6378,5,0.9957544803619385
NeuMF,2007,2007-12-31,2740,34520,6,0.9953153133392334
NeuMF,2007,2007-12-31,2740,45722,7,0.995140790939331
NeuMF,2007,2007-12-31,2740,1882,8,0.994860053062439
NeuMF,2007,2007-12-31,2740,34150,9,0.9944882988929749
NeuMF,2007,2007-12-31,2740,3617,10,0.9941945672035217
NeuMF,2007,2007-12-31,2852,3081,1,0.9995712637901306
NeuMF,2007,2007-12-31,2852,6539,2,0.9989590644836426
NeuMF,2007,2007-12-31,2852,5956,3,0.9986711740493774
NeuMF,2007,2007-12-31,2852,3113,4,0.9984434247016907
NeuMF,2007,2007-12-31,2852,4720,5,0.9984208345413208
NeuMF,2007,2007-12-31,2852,45499,6,0.9981972575187683
NeuMF,2007,2007-12-31,2852,41569,7,0.9980620741844177
NeuMF,2007,2007-12-31,2852,2916,8,0.9975517392158508
NeuMF,2007,2007-12-31,2852,2706,9,0.9972039461135864
NeuMF,2007,2007-12-31,2852,5418,10,0.9971381425857544
NeuMF,2007,2007-12-31,3070,4427,1,0.9970085024833679
NeuMF,2007,2007-12-31,3070,7698,2,0.9957433342933655
NeuMF,2007,2007-12-31,3070,4963,3,0.9956824779510498
NeuMF,2007,2007-12-31,3070,6807,4,0.9955244064331055
NeuMF,2007,2007-12-31,3070,33162,5,0.9951395988464355
NeuMF,2007,2007-12-31,3070,954,6,0.9946507811546326
NeuMF,2007,2007-12-31,3070,50,7,0.9945154786109924
NeuMF,2007,2007-12-31,3070,527,8,0.9943430423736572
NeuMF,2007,2007-12-31,3070,910,9,0.9940845370292664
NeuMF,2007,2007-12-31,3070,7027,10,0.9939172863960266
NeuMF,2007,2007-12-31,3126,17,1,0.9995410442352295
NeuMF,2007,2007-12-31,3126,339,2,0.9993590712547302
NeuMF,2007,2007-12-31,3126,2006,3,0.999233603477478
NeuMF,2007,2007-12-31,3126,1537,4,0.9990449547767639
NeuMF,2007,2007-12-31,3126,3079,5,0.9987801909446716
NeuMF,2007,2007-12-31,3126,914,6,0.9986055493354797
NeuMF,2007,2007-12-31,3126,1066,7,0.99856036901474
NeuMF,2007,2007-12-31,3126,7,8,0.9984858632087708
NeuMF,2007,2007-12-31,3126,597,9,0.9984696507453918
NeuMF,2007,2007-12-31,3126,48,10,0.9981539845466614
NeuMF,2007,2007-12-31,3168,6796,1,0.9992738366127014
NeuMF,2007,2007-12-31,3168,6953,2,0.9992237091064453
NeuMF,2007,2007-12-31,3168,30749,3,0.9987842440605164
NeuMF,2007,2007-12-31,3168,318,4,0.997654378414154
NeuMF,2007,2007-12-31,3168,40819,5,0.9969384670257568
NeuMF,2007,2007-12-31,3168,912,6,0.9968068599700928
NeuMF,2007,2007-12-31,3168,5995,7,0.9968050718307495
NeuMF,2007,2007-12-31,3168,923,8,0.9967772364616394
NeuMF,2007,2007-12-31,3168,5014,9,0.9967520236968994
NeuMF,2007,2007-12-31,3168,1207,10,0.9965758919715881
NeuMF,2007,2007-12-31,3195,7153,1,0.9995730519294739
NeuMF,2007,2007-12-31,3195,4993,2,0.9988779425621033
NeuMF,2007,2007-12-31,3195,5952,3,0.9968704581260681
NeuMF,2007,2007-12-31,3195,4973,4,0.9962840676307678
NeuMF,2007,2007-12-31,3195,4963,5,0.9962298274040222
NeuMF,2007,2007-12-31,3195,45722,6,0.9962078332901001
NeuMF,2007,2007-12-31,3195,6333,7,0.9958712458610535
NeuMF,2007,2007-12-31,3195,41569,8,0.9948534369468689
NeuMF,2007,2007-12-31,3195,5218,9,0.9944739937782288
NeuMF,2007,2007-12-31,3195,3793,10,0.9926013350486755
NeuMF,2007,2007-12-31,3223,296,1,0.998571515083313
NeuMF,2007,2007-12-31,3223,1220,2,0.9972571730613708
NeuMF,2007,2007-12-31,3223,1080,3,0.9969422221183777
NeuMF,2007,2007-12-31,3223,1270,4,0.9968193769454956
NeuMF,2007,2007-12-31,3223,2329,5,0.9961977601051331
NeuMF,2007,2007-12-31,3223,1208,6,0.9958332180976868
NeuMF,2007,2007-12-31,3223,4993,7,0.9957699179649353
NeuMF,2007,2007-12-31,3223,1136,8,0.9952693581581116
NeuMF,2007,2007-12-31,3223,6711,9,0.9949238896369934
NeuMF,2007,2007-12-31,3223,1234,10,0.9941880702972412
NeuMF,2007,2007-12-31,3231,4262,1,0.9996172189712524
NeuMF,2007,2007-12-31,3231,5325,2,0.9993847608566284
NeuMF,2007,2007-12-31,3231,5049,3,0.999351441860199
NeuMF,2007,2007-12-31,3231,5954,4,0.9993404746055603
NeuMF,2007,2007-12-31,3231,5481,5,0.9990412592887878
NeuMF,2007,2007-12-31,3231,5293,6,0.9988768696784973
NeuMF,2007,2007-12-31,3231,6323,7,0.9988646507263184
NeuMF,2007,2007-12-31,3231,4816,8,0.9985785484313965
NeuMF,2007,2007-12-31,3231,6188,9,0.9981132745742798
NeuMF,2007,2007-12-31,3231,6502,10,0.9980340600013733
NeuMF,2007,2007-12-31,3626,7361,1,0.9998002648353577
NeuMF,2007,2007-12-31,3626,5952,2,0.9989932179450989
NeuMF,2007,2007-12-31,3626,32,3,0.9984277486801147
NeuMF,2007,2007-12-31,3626,6539,4,0.9983647465705872
NeuMF,2007,2007-12-31,3626,750,5,0.9982531666755676
NeuMF,2007,2007-12-31,3626,5673,6,0.9981842637062073
NeuMF,2007,2007-12-31,3626,5445,7,0.9981239438056946
NeuMF,2007,2007-12-31,3626,223,8,0.9974057078361511
NeuMF,2007,2007-12-31,3626,3052,9,0.9963975548744202
NeuMF,2007,2007-12-31,3626,4027,10,0.9962424039840698
NeuMF,2007,2007-12-31,3715,741,1,0.9998987913131714
NeuMF,2007,2007-12-31,3715,31878,2,0.9993494153022766
NeuMF,2007,2007-12-31,3715,27731,3,0.9992202520370483
NeuMF,2007,2007-12-31,3715,750,4,0.9987719655036926
NeuMF,2007,2007-12-31,3715,1274,5,0.9986365437507629
NeuMF,2007,2007-12-31,3715,1293,6,0.9986162185668945
NeuMF,2007,2007-12-31,3715,8914,7,0.9985615611076355
NeuMF,2007,2007-12-31,3715,29,8,0.9985535740852356
NeuMF,2007,2007-12-31,3715,8665,9,0.9984866380691528
NeuMF,2007,2007-12-31,3715,7438,10,0.9983032941818237
NeuMF,2007,2007-12-31,3733,7173,1,0.9999485015869141
NeuMF,2007,2007-12-31,3733,2792,2,0.9996309280395508
NeuMF,2007,2007-12-31,3733,2918,3,0.999503493309021
NeuMF,2007,2007-12-31,3733,2423,4,0.9993137121200562
NeuMF,2007,2007-12-31,3733,3552,5,0.9991734623908997
NeuMF,2007,2007-12-31,3733,1923,6,0.9991445541381836
NeuMF,2007,2007-12-31,3733,2150,7,0.998925507068634
NeuMF,2007,2007-12-31,3733,3948,8,0.9988588094711304
NeuMF,2007,2007-12-31,3733,8360,9,0.9985758066177368
NeuMF,2007,2007-12-31,3733,6539,10,0.9985328912734985
NeuMF,2007,2007-12-31,4218,27821,1,0.9980267882347107
NeuMF,2007,2007-12-31,4218,4963,2,0.9976263642311096
NeuMF,2007,2007-12-31,4218,2858,3,0.9974715709686279
NeuMF,2007,2007-12-31,4218,7265,4,0.9972479939460754
NeuMF,2007,2007-12-31,4218,5135,5,0.9965534210205078
NeuMF,2007,2007-12-31,4218,247,6,0.9962661862373352
NeuMF,2007,2007-12-31,4218,33493,7,0.9961692690849304
NeuMF,2007,2007-12-31,4218,5445,8,0.9957109689712524
NeuMF,2007,2007-12-31,4218,1059,9,0.9949451088905334
NeuMF,2007,2007-12-31,4218,4886,10,0.994683563709259
NeuMF,2007,2007-12-31,4435,27846,1,0.9991235136985779
NeuMF,2007,2007-12-31,4435,358,2,0.9978724718093872
NeuMF,2007,2007-12-31,4435,34338,3,0.9978561997413635
NeuMF,2007,2007-12-31,4435,3566,4,0.9967558979988098
NeuMF,2007,2007-12-31,4435,5782,5,0.9965644478797913
NeuMF,2007,2007-12-31,4435,671,6,0.9961129426956177
NeuMF,2007,2007-12-31,4435,180,7,0.9959666728973389
NeuMF,2007,2007-12-31,4435,1247,8,0.9949829578399658
NeuMF,2007,2007-12-31,4435,1396,9,0.9935417175292969
NeuMF,2007,2007-12-31,4435,322,10,0.9933789968490601
NeuMF,2007,2007-12-31,4784,3089,1,0.9983475208282471
NeuMF,2007,2007-12-31,4784,6796,2,0.9974840879440308
NeuMF,2007,2007-12-31,4784,3424,3,0.9973505735397339
NeuMF,2007,2007-12-31,4784,6852,4,0.9965655207633972
NeuMF,2007,2007-12-31,4784,4262,5,0.9962868690490723
NeuMF,2007,2007-12-31,4784,3421,6,0.9959086179733276
NeuMF,2007,2007-12-31,4784,4776,7,0.995898425579071
NeuMF,2007,2007-12-31,4784,1281,8,0.9954317808151245
NeuMF,2007,2007-12-31,4784,1225,9,0.9953457713127136
NeuMF,2007,2007-12-31,4784,1405,10,0.99480140209198
NeuMF,2007,2007-12-31,4871,7147,1,0.9993138313293457
NeuMF,2007,2007-12-31,4871,1214,2,0.998948872089386
NeuMF,2007,2007-12-31,4871,8961,3,0.998795747756958
NeuMF,2007,2007-12-31,4871,2000,4,0.9987320303916931
NeuMF,2007,2007-12-31,4871,104,5,0.9987280964851379
NeuMF,2007,2007-12-31,4871,3147,6,0.9985705614089966
NeuMF,2007,2007-12-31,4871,2371,7,0.9985076785087585
NeuMF,2007,2007-12-31,4871,7090,8,0.9982158541679382
NeuMF,2007,2007-12-31,4871,1358,9,0.9979453682899475
NeuMF,2007,2007-12-31,4871,2115,10,0.9979206919670105
NeuMF,2007,2007-12-31,4914,8622,1,0.9996727705001831
NeuMF,2007,2007-12-31,4914,8784,2,0.9994046688079834
NeuMF,2007,2007-12-31,4914,4034,3,0.9974879026412964
NeuMF,2007,2007-12-31,4914,4641,4,0.9971529245376587
NeuMF,2007,2007-12-31,4914,8981,5,0.9970032572746277
NeuMF,2007,2007-12-31,4914,345,6,0.9965713024139404
NeuMF,2007,2007-12-31,4914,35836,7,0.996355414390564
NeuMF,2007,2007-12-31,4914,5991,8,0.9963080883026123
NeuMF,2007,2007-12-31,4914,5992,9,0.9955453872680664
NeuMF,2007,2007-12-31,4914,6016,10,0.9951659440994263
NeuMF,2007,2007-12-31,5991,5574,1,0.9998279809951782
NeuMF,2007,2007-12-31,5991,5609,2,0.999290943145752
NeuMF,2007,2007-12-31,5991,4224,3,0.9987105131149292
NeuMF,2007,2007-12-31,5991,4143,4,0.9984230995178223
NeuMF,2007,2007-12-31,5991,5507,5,0.9981841444969177
NeuMF,2007,2007-12-31,5991,3785,6,0.9979376792907715
NeuMF,2007,2007-12-31,5991,5128,7,0.9979323148727417
NeuMF,2007,2007-12-31,5991,6014,8,0.9972140192985535
NeuMF,2007,2007-12-31,5991,39435,9,0.9968913197517395
NeuMF,2007,2007-12-31,5991,2170,10,0.9965654015541077
NeuMF,2007,2007-12-31,6042,8983,1,0.9990494847297668
NeuMF,2007,2007-12-31,6042,5054,2,0.9987666606903076
NeuMF,2007,2007-12-31,6042,6539,3,0.9983539581298828
NeuMF,2007,2007-12-31,6042,5618,4,0.9983420372009277
NeuMF,2007,2007-12-31,6042,6774,5,0.9978320002555847
NeuMF,2007,2007-12-31,6042,750,6,0.9973527193069458
NeuMF,2007,2007-12-31,6042,6807,7,0.9972969889640808
NeuMF,2007,2007-12-31,6042,1965,8,0.9971073269844055
NeuMF,2007,2007-12-31,6042,1748,9,0.9969736337661743
NeuMF,2007,2007-12-31,6042,4226,10,0.9967796206474304
NeuMF,2007,2007-12-31,6421,30825,1,0.9994645714759827
NeuMF,2007,2007-12-31,6421,1644,2,0.9993836879730225
NeuMF,2007,2007-12-31,6421,4254,3,0.9992706179618835
NeuMF,2007,2007-12-31,6421,7173,4,0.9980407357215881
NeuMF,2007,2007-12-31,6421,8969,5,0.9964566826820374
NeuMF,2007,2007-12-31,6421,5528,6,0.9959470629692078
NeuMF,2007,2007-12-31,6421,2001,7,0.9959186911582947
NeuMF,2007,2007-12-31,6421,8464,8,0.995639443397522
NeuMF,2007,2007-12-31,6421,36529,9,0.9956386685371399
NeuMF,2007,2007-12-31,6421,4720,10,0.9956369996070862
NeuMF,2007,2007-12-31,6471,4886,1,0.9998182654380798
NeuMF,2007,2007-12-31,6471,4993,2,0.9996421337127686
NeuMF,2007,2007-12-31,6471,7164,3,0.9995307922363281
NeuMF,2007,2007-12-31,6471,33004,4,0.9994298815727234
NeuMF,2007,2007-12-31,6471,4720,5,0.9993696808815002
NeuMF,2007,2007-12-31,6471,4232,6,0.9992954730987549
NeuMF,2007,2007-12-31,6471,31658,7,0.9991523027420044
NeuMF,2007,2007-12-31,6471,37729,8,0.9988911747932434
NeuMF,2007,2007-12-31,6471,4308,9,0.9988657236099243
NeuMF,2007,2007-12-31,6471,5991,10,0.998730480670929
NeuMF,2007,2007-12-31,7159,4496,1,0.9995205402374268
NeuMF,2007,2007-12-31,7159,6639,2,0.9991981387138367
NeuMF,2007,2007-12-31,7159,4932,3,0.9960390329360962
NeuMF,2007,2007-12-31,7159,3824,4,0.9938427209854126
NeuMF,2007,2007-12-31,7159,4337,5,0.9933892488479614
NeuMF,2007,2007-12-31,7159,2390,6,0.9931161999702454
NeuMF,2007,2007-12-31,7159,2996,7,0.9929388761520386
NeuMF,2007,2007-12-31,7159,26425,8,0.9924193024635315
NeuMF,2007,2007-12-31,7159,31035,9,0.9890981912612915
NeuMF,2007,2007-12-31,7159,5899,10,0.9885472059249878
NeuMF,2007,2007-12-31,7344,5292,1,0.9994114637374878
NeuMF,2007,2007-12-31,7344,6565,2,0.9988139867782593
NeuMF,2007,2007-12-31,7344,1036,3,0.9986133575439453
NeuMF,2007,2007-12-31,7344,4339,4,0.9975236058235168
NeuMF,2007,2007-12-31,7344,8340,5,0.9966897964477539
NeuMF,2007,2007-12-31,7344,6863,6,0.9961466789245605
NeuMF,2007,2007-12-31,7344,8781,7,0.9961374402046204
NeuMF,2007,2007-12-31,7344,3421,8,0.9956637024879456
NeuMF,2007,2007-12-31,7344,4085,9,0.9952226281166077
NeuMF,2007,2007-12-31,7344,6333,10,0.9947090148925781
NeuMF,2007,2007-12-31,7424,8781,1,0.9979988932609558
NeuMF,2007,2007-12-31,7424,8128,2,0.9977607727050781
NeuMF,2007,2007-12-31,7424,8784,3,0.9976053237915039
NeuMF,2007,2007-12-31,7424,5840,4,0.9971625208854675
NeuMF,2007,2007-12-31,7424,3359,5,0.9967758059501648
NeuMF,2007,2007-12-31,7424,30822,6,0.9962621331214905
NeuMF,2007,2007-12-31,7424,8360,7,0.9959778189659119
NeuMF,2007,2007-12-31,7424,30793,8,0.9958750605583191
NeuMF,2007,2007-12-31,7424,8919,9,0.9956373572349548
NeuMF,2007,2007-12-31,7424,2337,10,0.9956012964248657
NeuMF,2007,2007-12-31,7808,4757,1,0.9984952211380005
NeuMF,2007,2007-12-31,7808,4958,2,0.9977748990058899
NeuMF,2007,2007-12-31,7808,4265,3,0.995731770992279
NeuMF,2007,2007-12-31,7808,2367,4,0.9956728219985962
NeuMF,2007,2007-12-31,7808,1090,5,0.9953216910362244
NeuMF,2007,2007-12-31,7808,2262,6,0.9950732588768005
NeuMF,2007,2007-12-31,7808,4082,7,0.9948961138725281
NeuMF,2007,2007-12-31,7808,5810,8,0.994536280632019
NeuMF,2007,2007-12-31,7808,6957,9,0.99396151304245
NeuMF,2007,2007-12-31,7808,3703,10,0.9937573671340942
NeuMF,2007,2007-12-31,7858,3671,1,0.9987357258796692
NeuMF,2007,2007-12-31,7858,4128,2,0.9984351992607117
NeuMF,2007,2007-12-31,7858,7028,3,0.9983958601951599
NeuMF,2007,2007-12-31,7858,2167,4,0.9983627200126648
NeuMF,2007,2007-12-31,7858,6288,5,0.9982910752296448
NeuMF,2007,2007-12-31,7858,6440,6,0.9982907176017761
NeuMF,2007,2007-12-31,7858,1517,7,0.9977535605430603
NeuMF,2007,2007-12-31,7858,3210,8,0.9975256323814392
NeuMF,2007,2007-12-31,7858,5103,9,0.9975246787071228
NeuMF,2007,2007-12-31,7858,4000,10,0.9971463084220886
NeuMF,2007,2007-12-31,8444,6264,1,0.9990571141242981
NeuMF,2007,2007-12-31,8444,7573,2,0.9985596537590027
NeuMF,2007,2007-12-31,8444,5574,3,0.9984906911849976
NeuMF,2007,2007-12-31,8444,8369,4,0.997235119342804
NeuMF,2007,2007-12-31,8444,6536,5,0.9971292614936829
NeuMF,2007,2007-12-31,8444,42723,6,0.9963614344596863
NeuMF,2007,2007-12-31,8444,2681,7,0.9958329796791077
NeuMF,2007,2007-12-31,8444,4203,8,0.9954368472099304
NeuMF,2007,2007-12-31,8444,4133,9,0.9953588843345642
NeuMF,2007,2007-12-31,8444,36509,10,0.9941257238388062
NeuMF,2007,2007-12-31,8869,180,1,0.9985015392303467
NeuMF,2007,2007-12-31,8869,724,2,0.9980363249778748
NeuMF,2007,2007-12-31,8869,3608,3,0.9970972537994385
NeuMF,2007,2007-12-31,8869,3964,4,0.9968350529670715
NeuMF,2007,2007-12-31,8869,3264,5,0.9963220357894897
NeuMF,2007,2007-12-31,8869,4214,6,0.9961829781532288
NeuMF,2007,2007-12-31,8869,2020,7,0.9960779547691345
NeuMF,2007,2007-12-31,8869,2826,8,0.995995283126831
NeuMF,2007,2007-12-31,8869,7340,9,0.9957988858222961
NeuMF,2007,2007-12-31,8869,6305,10,0.9953547716140747
NeuMF,2007,2007-12-31,9111,45028,1,0.9997698664665222
NeuMF,2007,2007-12-31,9111,30707,2,0.9995477795600891
NeuMF,2007,2007-12-31,9111,8622,3,0.9992139339447021
NeuMF,2007,2007-12-31,9111,8800,4,0.999085545539856
NeuMF,2007,2007-12-31,9111,39292,5,0.9979521632194519
NeuMF,2007,2007-12-31,9111,6442,6,0.9977631568908691
NeuMF,2007,2007-12-31,9111,7099,7,0.9973740577697754
NeuMF,2007,2007-12-31,9111,7209,8,0.9972718358039856
NeuMF,2007,2007-12-31,9111,471,9,0.9970895648002625
NeuMF,2007,2007-12-31,9111,8228,10,0.9965581297874451
NeuMF,2007,2007-12-31,9146,1831,1,0.9975222945213318
NeuMF,2007,2007-12-31,9146,5010,2,0.9974174499511719
NeuMF,2007,2007-12-31,9146,4027,3,0.9972133040428162
NeuMF,2007,2007-12-31,9146,880,4,0.9961737990379333
NeuMF,2007,2007-12-31,9146,3697,5,0.9958998560905457
NeuMF,2007,2007-12-31,9146,180,6,0.995743453502655
NeuMF,2007,2007-12-31,9146,2579,7,0.9953319430351257
NeuMF,2007,2007-12-31,9146,4499,8,0.9943537712097168
NeuMF,2007,2007-12-31,9146,6539,9,0.9927166104316711
NeuMF,2007,2007-12-31,9146,5110,10,0.9916858077049255
NeuMF,2007,2007-12-31,9208,2971,1,0.998382568359375
NeuMF,2007,2007-12-31,9208,314,2,0.9983747005462646
NeuMF,2007,2007-12-31,9208,3000,3,0.9981743097305298
NeuMF,2007,2007-12-31,9208,3422,4,0.997512936592102
NeuMF,2007,2007-12-31,9208,1066,5,0.9969148635864258
NeuMF,2007,2007-12-31,9208,2406,6,0.9943392872810364
NeuMF,2007,2007-12-31,9208,4424,7,0.9939407110214233
NeuMF,2007,2007-12-31,9208,1278,8,0.9933023452758789
NeuMF,2007,2007-12-31,9208,334,9,0.9926228523254395
NeuMF,2007,2007-12-31,9208,3083,10,0.9925738573074341
NeuMF,2007,2007-12-31,9325,356,1,0.9624682068824768
NeuMF,2007,2007-12-31,9325,590,2,0.9551764726638794
NeuMF,2007,2007-12-31,9325,527,3,0.9337416291236877
NeuMF,2007,2007-12-31,9325,17,4,0.8993095755577087
NeuMF,2007,2007-12-31,9325,480,5,0.8578348159790039
NeuMF,2007,2007-12-31,9325,593,6,0.8562472462654114
NeuMF,2007,2007-12-31,9325,110,7,0.8195968270301819
NeuMF,2007,2007-12-31,9325,318,8,0.7870747447013855
NeuMF,2007,2007-12-31,9325,36,9,0.7856147885322571
NeuMF,2007,2007-12-31,9325,296,10,0.7793006300926208
NeuMF,2007,2007-12-31,9348,6666,1,0.9999823570251465
NeuMF,2007,2007-12-31,9348,5304,2,0.9998925924301147
NeuMF,2007,2007-12-31,9348,5177,3,0.9998629093170166
NeuMF,2007,2007-12-31,9348,8195,4,0.9998503923416138
NeuMF,2007,2007-12-31,9348,3134,5,0.999833345413208
NeuMF,2007,2007-12-31,9348,8620,6,0.9997778534889221
NeuMF,2007,2007-12-31,9348,6783,7,0.999768078327179
NeuMF,2007,2007-12-31,9348,6509,8,0.9996806383132935
NeuMF,2007,2007-12-31,9348,668,9,0.9996646642684937
NeuMF,2007,2007-12-31,9348,7072,10,0.999634861946106
NeuMF,2007,2007-12-31,9477,2353,1,0.9983097314834595
NeuMF,2007,2007-12-31,9477,1573,2,0.9977733492851257
NeuMF,2007,2007-12-31,9477,2763,3,0.9975712895393372
NeuMF,2007,2007-12-31,9477,2858,4,0.9975398778915405
NeuMF,2007,2007-12-31,9477,1580,5,0.9969435334205627
NeuMF,2007,2007-12-31,9477,2881,6,0.9965028762817383
NeuMF,2007,2007-12-31,9477,2706,7,0.9954414367675781
NeuMF,2007,2007-12-31,9477,4022,8,0.9947052597999573
NeuMF,2007,2007-12-31,9477,1917,9,0.9946137070655823
NeuMF,2007,2007-12-31,9477,3418,10,0.9940856695175171
NeuMF,2007,2007-12-31,9874,8970,1,0.9992777705192566
NeuMF,2007,2007-12-31,9874,318,2,0.9988162517547607
NeuMF,2007,2007-12-31,9874,33660,3,0.9981156587600708
NeuMF,2007,2007-12-31,9874,5820,4,0.9980637431144714
NeuMF,2007,2007-12-31,9874,34,5,0.998002827167511
NeuMF,2007,2007-12-31,9874,527,6,0.9972398281097412
NeuMF,2007,2007-12-31,9874,42004,7,0.9972122311592102
NeuMF,2007,2007-12-31,9874,246,8,0.9968476891517639
NeuMF,2007,2007-12-31,9874,8533,9,0.9966816306114197
NeuMF,2007,2007-12-31,9874,593,10,0.9965588450431824
NeuMF,2007,2007-12-31,10426,3948,1,0.9994020462036133
NeuMF,2007,2007-12-31,10426,4023,2,0.9986742734909058
NeuMF,2007,2007-12-31,10426,5528,3,0.9985941052436829
NeuMF,2007,2007-12-31,10426,4848,4,0.9983886480331421
NeuMF,2007,2007-12-31,10426,8361,5,0.9981825351715088
NeuMF,2007,2007-12-31,10426,6953,6,0.9981347322463989
NeuMF,2007,2007-12-31,10426,2541,7,0.998102605342865
NeuMF,2007,2007-12-31,10426,4018,8,0.9974314570426941
NeuMF,2007,2007-12-31,10426,3980,9,0.9973706007003784
NeuMF,2007,2007-12-31,10426,7450,10,0.9973101615905762
NeuMF,2007,2007-12-31,10470,1348,1,0.9988784193992615
NeuMF,2007,2007-12-31,10470,1209,2,0.9985191226005554
NeuMF,2007,2007-12-31,10470,1212,3,0.9970546960830688
NeuMF,2007,2007-12-31,10470,1223,4,0.9969820380210876
NeuMF,2007,2007-12-31,10470,2366,5,0.9969784021377563
NeuMF,2007,2007-12-31,10470,7373,6,0.9967620372772217
NeuMF,2007,2007-12-31,10470,1252,7,0.9967368245124817
NeuMF,2007,2007-12-31,10470,2948,8,0.995951771736145
NeuMF,2007,2007-12-31,10470,7064,9,0.995799720287323
NeuMF,2007,2007-12-31,10470,908,10,0.9956151247024536
NeuMF,2007,2007-12-31,10518,4963,1,0.9997885823249817
NeuMF,2007,2007-12-31,10518,4993,2,0.9993594288825989
NeuMF,2007,2007-12-31,10518,5349,3,0.9992545247077942
NeuMF,2007,2007-12-31,10518,3753,4,0.9990280866622925
NeuMF,2007,2007-12-31,10518,4011,5,0.9989398121833801
NeuMF,2007,2007-12-31,10518,5952,6,0.99888676404953
NeuMF,2007,2007-12-31,10518,3793,7,0.9988710284233093
NeuMF,2007,2007-12-31,10518,5903,8,0.9987655878067017
NeuMF,2007,2007-12-31,10518,3948,9,0.9987323880195618
NeuMF,2007,2007-12-31,10518,6378,10,0.9982390403747559
NeuMF,2007,2007-12-31,10520,5445,1,0.9983870983123779
NeuMF,2007,2007-12-31,10520,589,2,0.9981454610824585
NeuMF,2007,2007-12-31,10520,1573,3,0.9979395270347595
NeuMF,2007,2007-12-31,10520,2571,4,0.997853696346283
NeuMF,2007,2007-12-31,10520,4886,5,0.9975456595420837
NeuMF,2007,2007-12-31,10520,4306,6,0.997149646282196
NeuMF,2007,2007-12-31,10520,364,7,0.9970687031745911
NeuMF,2007,2007-12-31,10520,4993,8,0.9968926906585693
NeuMF,2007,2007-12-31,10520,2081,9,0.9964237809181213
NeuMF,2007,2007-12-31,10520,1270,10,0.9962472319602966
NeuMF,2007,2007-12-31,10656,785,1,0.9458914399147034
NeuMF,2007,2007-12-31,10656,2395,2,0.9383742809295654
NeuMF,2007,2007-12-31,10656,1210,3,0.9363411068916321
NeuMF,2007,2007-12-31,10656,2599,4,0.9332195520401001
NeuMF,2007,2007-12-31,10656,2770,5,0.9279269576072693
NeuMF,2007,2007-12-31,10656,1042,6,0.9134136438369751
NeuMF,2007,2007-12-31,10656,260,7,0.9109112620353699
NeuMF,2007,2007-12-31,10656,2858,8,0.9078506231307983
NeuMF,2007,2007-12-31,10656,1270,9,0.905203640460968
NeuMF,2007,2007-12-31,10656,1,10,0.9032601118087769
NeuMF,2007,2007-12-31,10798,6993,1,0.999424934387207
NeuMF,2007,2007-12-31,10798,2300,2,0.9988841414451599
NeuMF,2007,2007-12-31,10798,272,3,0.9978540539741516
NeuMF,2007,2007-12-31,10798,7303,4,0.9976792931556702
NeuMF,2007,2007-12-31,10798,5799,5,0.997536301612854
NeuMF,2007,2007-12-31,10798,8949,6,0.9959902167320251
NeuMF,2007,2007-12-31,10798,4857,7,0.9958778619766235
NeuMF,2007,2007-12-31,10798,1797,8,0.9956798553466797
NeuMF,2007,2007-12-31,10798,914,9,0.9956172704696655
NeuMF,2007,2007-12-31,10798,5747,10,0.9955623149871826
NeuMF,2007,2007-12-31,11191,6305,1,0.9987748265266418
NeuMF,2007,2007-12-31,11191,5782,2,0.995816171169281
NeuMF,2007,2007-12-31,11191,26662,3,0.9944666028022766
NeuMF,2007,2007-12-31,11191,2810,4,0.9941644072532654
NeuMF,2007,2007-12-31,11191,30820,5,0.9941015839576721
NeuMF,2007,2007-12-31,11191,5074,6,0.9936444759368896
NeuMF,2007,2007-12-31,11191,2010,7,0.9935723543167114
NeuMF,2007,2007-12-31,11191,2664,8,0.9932515025138855
NeuMF,2007,2007-12-31,11191,1261,9,0.992783784866333
NeuMF,2007,2007-12-31,11191,5971,10,0.9922352433204651
NeuMF,2007,2007-12-31,11212,4027,1,0.9969220757484436
NeuMF,2007,2007-12-31,11212,2010,2,0.996066153049469
NeuMF,2007,2007-12-31,11212,5989,3,0.9937744140625
NeuMF,2007,2007-12-31,11212,4886,4,0.993720293045044
NeuMF,2007,2007-12-31,11212,1214,5,0.9937185049057007
NeuMF,2007,2007-12-31,11212,1653,6,0.9930780529975891
NeuMF,2007,2007-12-31,11212,910,7,0.9924855828285217
NeuMF,2007,2007-12-31,11212,2108,8,0.9923439621925354
NeuMF,2007,2007-12-31,11212,112,9,0.9913568496704102
NeuMF,2007,2007-12-31,11212,1387,10,0.9911999106407166
NeuMF,2007,2007-12-31,11214,27266,1,0.9998395442962646
NeuMF,2007,2007-12-31,11214,5526,2,0.9997701048851013
NeuMF,2007,2007-12-31,11214,2318,3,0.999269425868988
NeuMF,2007,2007-12-31,11214,3081,4,0.9987648725509644
NeuMF,2007,2007-12-31,11214,8738,5,0.9987614154815674
NeuMF,2007,2007-12-31,11214,6620,6,0.9987108707427979
NeuMF,2007,2007-12-31,11214,5291,7,0.9981428384780884
NeuMF,2007,2007-12-31,11214,123,8,0.998087465763092
NeuMF,2007,2007-12-31,11214,4911,9,0.9977279305458069
NeuMF,2007,2007-12-31,11214,1844,10,0.9976298809051514
NeuMF,2007,2007-12-31,11287,7367,1,0.9997192025184631
NeuMF,2007,2007-12-31,11287,8366,2,0.999271810054779
NeuMF,2007,2007-12-31,11287,8622,3,0.999173104763031
NeuMF,2007,2007-12-31,11287,6711,4,0.9990481734275818
NeuMF,2007,2007-12-31,11287,7360,5,0.9990239143371582
NeuMF,2007,2007-12-31,11287,6936,6,0.9989482760429382
NeuMF,2007,2007-12-31,11287,8807,7,0.9986246824264526
NeuMF,2007,2007-12-31,11287,7147,8,0.9985388517379761
NeuMF,2007,2007-12-31,11287,1517,9,0.9985151886940002
NeuMF,2007,2007-12-31,11287,30812,10,0.9984753727912903
NeuMF,2007,2007-12-31,11333,7980,1,0.9998691082000732
NeuMF,2007,2007-12-31,11333,6947,2,0.9995902180671692
NeuMF,2007,2007-12-31,11333,7386,3,0.9981404542922974
NeuMF,2007,2007-12-31,11333,6893,4,0.9950790405273438
NeuMF,2007,2007-12-31,11333,4226,5,0.9948306679725647
NeuMF,2007,2007-12-31,11333,2194,6,0.9941307902336121
NeuMF,2007,2007-12-31,11333,3147,7,0.9933011531829834
NeuMF,2007,2007-12-31,11333,1954,8,0.993059515953064
NeuMF,2007,2007-12-31,11333,5989,9,0.9928720593452454
NeuMF,2007,2007-12-31,11333,8665,10,0.9918853044509888
NeuMF,2007,2007-12-31,11482,3512,1,0.9993519186973572
NeuMF,2007,2007-12-31,11482,1210,2,0.9965242743492126
NeuMF,2007,2007-12-31,11482,8636,3,0.9960130453109741
NeuMF,2007,2007-12-31,11482,4022,4,0.9959871172904968
NeuMF,2007,2007-12-31,11482,2161,5,0.9959014058113098
NeuMF,2007,2007-12-31,11482,3147,6,0.9958504438400269
NeuMF,2007,2007-12-31,11482,3471,7,0.9958155751228333
NeuMF,2007,2007-12-31,11482,1025,8,0.9957221746444702
NeuMF,2007,2007-12-31,11482,3753,9,0.9955289959907532
NeuMF,2007,2007-12-31,11482,7147,10,0.995027482509613
NeuMF,2007,2007-12-31,11662,7573,1,0.9988086223602295
NeuMF,2007,2007-12-31,11662,3,2,0.9988001585006714
NeuMF,2007,2007-12-31,11662,7569,3,0.998528242111206
NeuMF,2007,2007-12-31,11662,2948,4,0.9983932375907898
NeuMF,2007,2007-12-31,11662,2990,5,0.9981544613838196
NeuMF,2007,2007-12-31,11662,3690,6,0.9979730248451233
NeuMF,2007,2007-12-31,11662,743,7,0.9979621171951294
NeuMF,2007,2007-12-31,11662,466,8,0.9977728724479675
NeuMF,2007,2007-12-31,11662,2989,9,0.9975787997245789
NeuMF,2007,2007-12-31,11662,7570,10,0.9968714118003845
NeuMF,2007,2007-12-31,11770,8970,1,0.9993283748626709
NeuMF,2007,2007-12-31,11770,41569,2,0.9992226362228394
NeuMF,2007,2007-12-31,11770,7361,3,0.9990847110748291
NeuMF,2007,2007-12-31,11770,34528,4,0.997380793094635
NeuMF,2007,2007-12-31,11770,7143,5,0.996968686580658
NeuMF,2007,2007-12-31,11770,18,6,0.9967183470726013
NeuMF,2007,2007-12-31,11770,44191,7,0.9966608285903931
NeuMF,2007,2007-12-31,11770,8366,8,0.9964411854743958
NeuMF,2007,2007-12-31,11770,3793,9,0.9963793158531189
NeuMF,2007,2007-12-31,11770,42738,10,0.9959819316864014
NeuMF,2007,2007-12-31,11837,673,1,0.9996335506439209
NeuMF,2007,2007-12-31,11837,6893,2,0.9994120597839355
NeuMF,2007,2007-12-31,11837,3593,3,0.9993288516998291
NeuMF,2007,2007-12-31,11837,1223,4,0.9990959167480469
NeuMF,2007,2007-12-31,11837,8972,5,0.9982763528823853
NeuMF,2007,2007-12-31,11837,653,6,0.9967280626296997
NeuMF,2007,2007-12-31,11837,8961,7,0.9961134195327759
NeuMF,2007,2007-12-31,11837,6550,8,0.9948886036872864
NeuMF,2007,2007-12-31,11837,2335,9,0.9945629239082336
NeuMF,2007,2007-12-31,11837,2059,10,0.9944124817848206
NeuMF,2007,2007-12-31,12575,38061,1,0.9995892643928528
NeuMF,2007,2007-12-31,12575,50,2,0.9988669157028198
NeuMF,2007,2007-12-31,12575,6286,3,0.9983674883842468
NeuMF,2007,2007-12-31,12575,5679,4,0.9980273842811584
NeuMF,2007,2007-12-31,12575,1213,5,0.9979656934738159
NeuMF,2007,2007-12-31,12575,110,6,0.9974924325942993
NeuMF,2007,2007-12-31,12575,2712,7,0.997111439704895
NeuMF,2007,2007-12-31,12575,2706,8,0.9969438910484314
NeuMF,2007,2007-12-31,12575,8604,9,0.996901273727417
NeuMF,2007,2007-12-31,12575,555,10,0.9968151450157166
NeuMF,2007,2007-12-31,13019,6593,1,0.9989101886749268
NeuMF,2007,2007-12-31,13019,3998,2,0.9988407492637634
NeuMF,2007,2007-12-31,13019,7324,3,0.9982131719589233
NeuMF,2007,2007-12-31,13019,4155,4,0.9980316758155823
NeuMF,2007,2007-12-31,13019,6287,5,0.9977288842201233
NeuMF,2007,2007-12-31,13019,8957,6,0.9974410533905029
NeuMF,2007,2007-12-31,13019,5989,7,0.9971622824668884
NeuMF,2007,2007-12-31,13019,6539,8,0.9969246983528137
NeuMF,2007,2007-12-31,13019,1466,9,0.9967417120933533
NeuMF,2007,2007-12-31,13019,6936,10,0.9966403245925903
NeuMF,2007,2007-12-31,13123,2329,1,0.9997523427009583
NeuMF,2007,2007-12-31,13123,4499,2,0.9997397065162659
NeuMF,2007,2007-12-31,13123,50,3,0.999626874923706
NeuMF,2007,2007-12-31,13123,2683,4,0.9994244575500488
NeuMF,2007,2007-12-31,13123,1208,5,0.9990200996398926
NeuMF,2007,2007-12-31,13123,7076,6,0.9989641904830933
NeuMF,2007,2007-12-31,13123,8340,7,0.9989439845085144
NeuMF,2007,2007-12-31,13123,7438,8,0.9988896250724792
NeuMF,2007,2007-12-31,13123,6807,9,0.9988192915916443
NeuMF,2007,2007-12-31,13123,1136,10,0.9988045692443848
NeuMF,2007,2007-12-31,13164,158,1,0.9961000680923462
NeuMF,2007,2007-12-31,13164,5060,2,0.9954667091369629
NeuMF,2007,2007-12-31,13164,3324,3,0.9952717423439026
NeuMF,2007,2007-12-31,13164,5107,4,0.9951981902122498
NeuMF,2007,2007-12-31,13164,5021,5,0.9940659999847412
NeuMF,2007,2007-12-31,13164,2687,6,0.9940595626831055
NeuMF,2007,2007-12-31,13164,107,7,0.9925243258476257
NeuMF,2007,2007-12-31,13164,2269,8,0.9917823076248169
NeuMF,2007,2007-12-31,13164,7004,9,0.9898363947868347
NeuMF,2007,2007-12-31,13164,26375,10,0.989300012588501
NeuMF,2007,2007-12-31,13777,3429,1,0.9997714161872864
NeuMF,2007,2007-12-31,13777,1223,2,0.9994829893112183
NeuMF,2007,2007-12-31,13777,272,3,0.9992990493774414
NeuMF,2007,2007-12-31,13777,1963,4,0.9992669224739075
NeuMF,2007,2007-12-31,13777,6993,5,0.9992490410804749
NeuMF,2007,2007-12-31,13777,2357,6,0.9992249011993408
NeuMF,2007,2007-12-31,13777,3700,7,0.9992234706878662
NeuMF,2007,2007-12-31,13777,1148,8,0.9989460110664368
NeuMF,2007,2007-12-31,13777,745,9,0.9988746047019958
NeuMF,2007,2007-12-31,13777,3077,10,0.9987433552742004
NeuMF,2007,2007-12-31,13987,1374,1,0.997270405292511
NeuMF,2007,2007-12-31,13987,1542,2,0.9964509010314941
NeuMF,2007,2007-12-31,13987,342,3,0.9963058233261108
NeuMF,2007,2007-12-31,13987,2990,4,0.9958947896957397
NeuMF,2007,2007-12-31,13987,8636,5,0.9952558875083923
NeuMF,2007,2007-12-31,13987,4703,6,0.9950736165046692
NeuMF,2007,2007-12-31,13987,546,7,0.9948061108589172
NeuMF,2007,2007-12-31,13987,2145,8,0.9945249557495117
NeuMF,2007,2007-12-31,13987,1732,9,0.9942476749420166
NeuMF,2007,2007-12-31,13987,1653,10,0.9931445121765137
NeuMF,2007,2007-12-31,14411,5477,1,0.9986178874969482
NeuMF,2007,2007-12-31,14411,2145,2,0.9983693957328796
NeuMF,2007,2007-12-31,14411,2915,3,0.99830162525177
NeuMF,2007,2007-12-31,14411,1259,4,0.9980395436286926
NeuMF,2007,2007-12-31,14411,7158,5,0.9976085424423218
NeuMF,2007,2007-12-31,14411,1090,6,0.9971951246261597
NeuMF,2007,2007-12-31,14411,1096,7,0.9969814419746399
NeuMF,2007,2007-12-31,14411,4873,8,0.9968942403793335
NeuMF,2007,2007-12-31,14411,8813,9,0.9968132376670837
NeuMF,2007,2007-12-31,14411,1968,10,0.9967141151428223
NeuMF,2007,2007-12-31,14655,33794,1,0.9999840259552002
NeuMF,2007,2007-12-31,14655,7325,2,0.9998936653137207
NeuMF,2007,2007-12-31,14655,30793,3,0.9998934268951416
NeuMF,2007,2007-12-31,14655,33166,4,0.99985671043396
NeuMF,2007,2007-12-31,14655,36401,5,0.9998565912246704
NeuMF,2007,2007-12-31,14655,35836,6,0.9997863173484802
NeuMF,2007,2007-12-31,14655,37733,7,0.9997060894966125
NeuMF,2007,2007-12-31,14655,38038,8,0.9996402263641357
NeuMF,2007,2007-12-31,14655,33004,9,0.9993755221366882
NeuMF,2007,2007-12-31,14655,45447,10,0.9993277788162231
NeuMF,2007,2007-12-31,14663,4643,1,0.9988721013069153
NeuMF,2007,2007-12-31,14663,4638,2,0.9977114200592041
NeuMF,2007,2007-12-31,14663,1214,3,0.9973746538162231
NeuMF,2007,2007-12-31,14663,3826,4,0.9969275593757629
NeuMF,2007,2007-12-31,14663,31696,5,0.9968888163566589
NeuMF,2007,2007-12-31,14663,4226,6,0.9951039552688599
NeuMF,2007,2007-12-31,14663,4254,7,0.9947446584701538
NeuMF,2007,2007-12-31,14663,5459,8,0.9941896200180054
NeuMF,2007,2007-12-31,14663,2985,9,0.9940745234489441
NeuMF,2007,2007-12-31,14663,3646,10,0.9940250515937805
NeuMF,2007,2007-12-31,14855,745,1,0.998504638671875
NeuMF,2007,2007-12-31,14855,1223,2,0.9975380897521973
NeuMF,2007,2007-12-31,14855,2144,3,0.9972866773605347
NeuMF,2007,2007-12-31,14855,2795,4,0.9968940019607544
NeuMF,2007,2007-12-31,14855,1285,5,0.9967303276062012
NeuMF,2007,2007-12-31,14855,1148,6,0.9962794184684753
NeuMF,2007,2007-12-31,14855,5445,7,0.9947599768638611
NeuMF,2007,2007-12-31,14855,1199,8,0.9945176243782043
NeuMF,2007,2007-12-31,14855,5952,9,0.9934923052787781
NeuMF,2007,2007-12-31,14855,3070,10,0.9934158325195312
NeuMF,2007,2007-12-31,14990,5349,1,0.999884843826294
NeuMF,2007,2007-12-31,14990,2985,2,0.9998674392700195
NeuMF,2007,2007-12-31,14990,5445,3,0.99982750415802
NeuMF,2007,2007-12-31,14990,2406,4,0.9997853636741638
NeuMF,2007,2007-12-31,14990,2640,5,0.9997405409812927
NeuMF,2007,2007-12-31,14990,5952,6,0.9997087121009827
NeuMF,2007,2007-12-31,14990,2006,7,0.9996447563171387
NeuMF,2007,2007-12-31,14990,2105,8,0.9996436834335327
NeuMF,2007,2007-12-31,14990,2194,9,0.999636173248291
NeuMF,2007,2007-12-31,14990,2916,10,0.9995301961898804
NeuMF,2007,2007-12-31,15526,7147,1,0.9998224377632141
NeuMF,2007,2007-12-31,15526,6333,2,0.9985336065292358
NeuMF,2007,2007-12-31,15526,6947,3,0.9975615739822388
NeuMF,2007,2007-12-31,15526,1246,4,0.99676513671875
NeuMF,2007,2007-12-31,15526,8636,5,0.9954315423965454
NeuMF,2007,2007-12-31,15526,2329,6,0.9953741431236267
NeuMF,2007,2007-12-31,15526,8961,7,0.9953580498695374
NeuMF,2007,2007-12-31,15526,3751,8,0.9948195815086365
NeuMF,2007,2007-12-31,15526,6874,9,0.9947592616081238
NeuMF,2007,2007-12-31,15526,4226,10,0.9946193695068359
NeuMF,2007,2007-12-31,15599,2951,1,0.9994470477104187
NeuMF,2007,2007-12-31,15599,2194,2,0.9990436434745789
NeuMF,2007,2007-12-31,15599,1954,3,0.998672604560852
NeuMF,2007,2007-12-31,15599,2949,4,0.9979427456855774
NeuMF,2007,2007-12-31,15599,2948,5,0.997474730014801
NeuMF,2007,2007-12-31,15599,2947,6,0.9973016977310181
NeuMF,2007,2007-12-31,15599,7438,7,0.997163712978363
NeuMF,2007,2007-12-31,15599,2993,8,0.9965919256210327
NeuMF,2007,2007-12-31,15599,2006,9,0.9964503049850464
NeuMF,2007,2007-12-31,15599,1617,10,0.9959683418273926
NeuMF,2007,2007-12-31,15710,5049,1,0.9996252059936523
NeuMF,2007,2007-12-31,15710,7482,2,0.9992638230323792
NeuMF,2007,2007-12-31,15710,2403,3,0.9985917210578918
NeuMF,2007,2007-12-31,15710,5254,4,0.9985582232475281
NeuMF,2007,2007-12-31,15710,6796,5,0.9985277652740479
NeuMF,2007,2007-12-31,15710,5292,6,0.9985039234161377
NeuMF,2007,2007-12-31,15710,5785,7,0.9981533885002136
NeuMF,2007,2007-12-31,15710,2420,8,0.9976339340209961
NeuMF,2007,2007-12-31,15710,4623,9,0.997452437877655
NeuMF,2007,2007-12-31,15710,2167,10,0.9974259734153748
NeuMF,2007,2007-12-31,15839,2990,1,0.9988773465156555
NeuMF,2007,2007-12-31,15839,1408,2,0.9963603615760803
NeuMF,2007,2007-12-31,15839,2686,3,0.9962838292121887
NeuMF,2007,2007-12-31,15839,1442,4,0.9953495860099792
NeuMF,2007,2007-12-31,15839,3448,5,0.9937578439712524
NeuMF,2007,2007-12-31,15839,2890,6,0.9932491779327393
NeuMF,2007,2007-12-31,15839,151,7,0.9932100176811218
NeuMF,2007,2007-12-31,15839,3104,8,0.9931448698043823
NeuMF,2007,2007-12-31,15839,2997,9,0.9930315017700195
NeuMF,2007,2007-12-31,15839,1242,10,0.9924518465995789
NeuMF,2007,2007-12-31,16020,34405,1,0.9999063014984131
NeuMF,2007,2007-12-31,16020,5679,2,0.9998818635940552
NeuMF,2007,2007-12-31,16020,44191,3,0.999758780002594
NeuMF,2007,2007-12-31,16020,31696,4,0.9995918869972229
NeuMF,2007,2007-12-31,16020,45499,5,0.9995142221450806
NeuMF,2007,2007-12-31,16020,33162,6,0.9992740750312805
NeuMF,2007,2007-12-31,16020,6942,7,0.999090313911438
NeuMF,2007,2007-12-31,16020,8874,8,0.9990862607955933
NeuMF,2007,2007-12-31,16020,7090,9,0.9989171028137207
NeuMF,2007,2007-12-31,16020,44199,10,0.9989001750946045
NeuMF,2007,2007-12-31,16091,44204,1,0.9999786615371704
NeuMF,2007,2007-12-31,16091,3083,2,0.9998383522033691
NeuMF,2007,2007-12-31,16091,8622,3,0.9997739195823669
NeuMF,2007,2007-12-31,16091,4312,4,0.9997087121009827
NeuMF,2007,2007-12-31,16091,8949,5,0.9996050000190735
NeuMF,2007,2007-12-31,16091,39183,6,0.9994090795516968
NeuMF,2007,2007-12-31,16091,4034,7,0.9991699457168579
NeuMF,2007,2007-12-31,16091,3910,8,0.9991205334663391
NeuMF,2007,2007-12-31,16091,6216,9,0.9990071654319763
NeuMF,2007,2007-12-31,16091,3967,10,0.9984924793243408
NeuMF,2007,2007-12-31,16268,457,1,0.9987847208976746
NeuMF,2007,2007-12-31,16268,150,2,0.9986581802368164
NeuMF,2007,2007-12-31,16268,41569,3,0.9986236095428467
NeuMF,2007,2007-12-31,16268,296,4,0.9983121156692505
NeuMF,2007,2007-12-31,16268,8636,5,0.9974890947341919
NeuMF,2007,2007-12-31,16268,1210,6,0.9973121881484985
NeuMF,2007,2007-12-31,16268,480,7,0.9968985319137573
NeuMF,2007,2007-12-31,16268,47,8,0.9962852001190186
NeuMF,2007,2007-12-31,16268,1270,9,0.99554044008255
NeuMF,2007,2007-12-31,16268,356,10,0.9955093860626221
NeuMF,2007,2007-12-31,16397,1674,1,0.9990880489349365
NeuMF,2007,2007-12-31,16397,3060,2,0.9980182647705078
NeuMF,2007,2007-12-31,16397,2881,3,0.9979453682899475
NeuMF,2007,2007-12-31,16397,4086,4,0.9979063272476196
NeuMF,2007,2007-12-31,16397,3999,5,0.9977496266365051
NeuMF,2007,2007-12-31,16397,535,6,0.9977070093154907
NeuMF,2007,2007-12-31,16397,2803,7,0.997397780418396
NeuMF,2007,2007-12-31,16397,3706,8,0.9972774386405945
NeuMF,2007,2007-12-31,16397,4022,9,0.9970574378967285
NeuMF,2007,2007-12-31,16397,3101,10,0.9970555305480957
NeuMF,2007,2007-12-31,16754,2729,1,0.9994875192642212
NeuMF,2007,2007-12-31,16754,3681,2,0.9993583559989929
NeuMF,2007,2007-12-31,16754,288,3,0.9990063309669495
NeuMF,2007,2007-12-31,16754,2948,4,0.9988210797309875
NeuMF,2007,2007-12-31,16754,2951,5,0.9988094568252563
NeuMF,2007,2007-12-31,16754,1089,6,0.9984949827194214
NeuMF,2007,2007-12-31,16754,2991,7,0.9982218146324158
NeuMF,2007,2007-12-31,16754,5541,8,0.9977626800537109
NeuMF,2007,2007-12-31,16754,6662,9,0.9976268410682678
NeuMF,2007,2007-12-31,16754,3160,10,0.9975075721740723
NeuMF,2007,2007-12-31,16907,1963,1,0.9995033740997314
NeuMF,2007,2007-12-31,16907,4956,2,0.9990928173065186
NeuMF,2007,2007-12-31,16907,6218,3,0.9971779584884644
NeuMF,2007,2007-12-31,16907,5225,4,0.9970642924308777
NeuMF,2007,2007-12-31,16907,1957,5,0.9969122409820557
NeuMF,2007,2007-12-31,16907,6561,6,0.9960785508155823
NeuMF,2007,2007-12-31,16907,1449,7,0.9957547187805176
NeuMF,2007,2007-12-31,16907,8121,8,0.9955613613128662
NeuMF,2007,2007-12-31,16907,4903,9,0.9943420886993408
NeuMF,2007,2007-12-31,16907,2117,10,0.9941078424453735
NeuMF,2007,2007-12-31,17032,3986,1,0.9991457462310791
NeuMF,2007,2007-12-31,17032,5502,2,0.9990463852882385
NeuMF,2007,2007-12-31,17032,2771,3,0.9984292387962341
NeuMF,2007,2007-12-31,17032,2334,4,0.9981729984283447
NeuMF,2007,2007-12-31,17032,5066,5,0.9981032609939575
NeuMF,2007,2007-12-31,17032,2642,6,0.9980593323707581
NeuMF,2007,2007-12-31,17032,33162,7,0.9980289340019226
NeuMF,2007,2007-12-31,17032,4250,8,0.9979037046432495
NeuMF,2007,2007-12-31,17032,6862,9,0.9976861476898193
NeuMF,2007,2007-12-31,17032,1586,10,0.9972184896469116
NeuMF,2007,2007-12-31,17177,1025,1,0.9994174242019653
NeuMF,2007,2007-12-31,17177,899,2,0.9987024068832397
NeuMF,2007,2007-12-31,17177,1022,3,0.9980708956718445
NeuMF,2007,2007-12-31,17177,1393,4,0.9978173971176147
NeuMF,2007,2007-12-31,17177,2080,5,0.9976451992988586
NeuMF,2007,2007-12-31,17177,2141,6,0.9976025223731995
NeuMF,2007,2007-12-31,17177,2687,7,0.9975700974464417
NeuMF,2007,2007-12-31,17177,1380,8,0.9967392086982727
NeuMF,2007,2007-12-31,17177,2565,9,0.9962869882583618
NeuMF,2007,2007-12-31,17177,1136,10,0.9958504438400269
NeuMF,2007,2007-12-31,17536,475,1,0.9996566772460938
NeuMF,2007,2007-12-31,17536,8340,2,0.999330997467041
NeuMF,2007,2007-12-31,17536,1213,3,0.999251663684845
NeuMF,2007,2007-12-31,17536,6796,4,0.9991752505302429
NeuMF,2007,2007-12-31,17536,8636,5,0.9990224838256836
NeuMF,2007,2007-12-31,17536,2401,6,0.9989466071128845
NeuMF,2007,2007-12-31,17536,16,7,0.9987452030181885
NeuMF,2007,2007-12-31,17536,1036,8,0.9982435703277588
NeuMF,2007,2007-12-31,17536,527,9,0.9979193806648254
NeuMF,2007,2007-12-31,17536,41997,10,0.9977838397026062
NeuMF,2007,2007-12-31,17584,8949,1,0.9998865127563477
NeuMF,2007,2007-12-31,17584,49272,2,0.9998106360435486
NeuMF,2007,2007-12-31,17584,41285,3,0.9997701048851013
NeuMF,2007,2007-12-31,17584,47610,4,0.9996294975280762
NeuMF,2007,2007-12-31,17584,36527,5,0.9996247291564941
NeuMF,2007,2007-12-31,17584,8973,6,0.9995680451393127
NeuMF,2007,2007-12-31,17584,42015,7,0.9995206594467163
NeuMF,2007,2007-12-31,17584,44694,8,0.9994307160377502
NeuMF,2007,2007-12-31,17584,8951,9,0.9993616938591003
NeuMF,2007,2007-12-31,17584,33794,10,0.9990707039833069
NeuMF,2007,2007-12-31,17845,97,1,0.9997957348823547
NeuMF,2007,2007-12-31,17845,2318,2,0.9994901418685913
NeuMF,2007,2007-12-31,17845,7034,3,0.9994301199913025
NeuMF,2007,2007-12-31,17845,5608,4,0.9989954829216003
NeuMF,2007,2007-12-31,17845,3910,5,0.9989708662033081
NeuMF,2007,2007-12-31,17845,3569,6,0.9989423155784607
NeuMF,2007,2007-12-31,17845,306,7,0.9988692402839661
NeuMF,2007,2007-12-31,17845,319,8,0.9987488985061646
NeuMF,2007,2007-12-31,17845,1176,9,0.9986935257911682
NeuMF,2007,2007-12-31,17845,1428,10,0.9985890984535217
NeuMF,2007,2007-12-31,17907,30707,1,0.999954342842102
NeuMF,2007,2007-12-31,17907,44195,2,0.9998922348022461
NeuMF,2007,2007-12-31,17907,33660,3,0.9997544884681702
NeuMF,2007,2007-12-31,17907,40815,4,0.9997149109840393
NeuMF,2007,2007-12-31,17907,35836,5,0.9996529817581177
NeuMF,2007,2007-12-31,17907,33166,6,0.9996464252471924
NeuMF,2007,2007-12-31,17907,31410,7,0.9996211528778076
NeuMF,2007,2007-12-31,17907,39183,8,0.9995757937431335
NeuMF,2007,2007-12-31,17907,41285,9,0.9994248151779175
NeuMF,2007,2007-12-31,17907,38038,10,0.9993758797645569
NeuMF,2007,2007-12-31,17940,5308,1,0.9994722008705139
NeuMF,2007,2007-12-31,17940,339,2,0.998066246509552
NeuMF,2007,2007-12-31,17940,2431,3,0.9974896907806396
NeuMF,2007,2007-12-31,17940,4639,4,0.9972338080406189
NeuMF,2007,2007-12-31,17940,1959,5,0.9967700242996216
NeuMF,2007,2007-12-31,17940,4447,6,0.9956985712051392
NeuMF,2007,2007-12-31,17940,6155,7,0.9949005246162415
NeuMF,2007,2007-12-31,17940,7158,8,0.9947027564048767
NeuMF,2007,2007-12-31,17940,236,9,0.9943203926086426
NeuMF,2007,2007-12-31,17940,135,10,0.994239330291748
NeuMF,2007,2007-12-31,18212,4292,1,0.9992307424545288
NeuMF,2007,2007-12-31,18212,3111,2,0.9985169768333435
NeuMF,2007,2007-12-31,18212,2248,3,0.997948944568634
NeuMF,2007,2007-12-31,18212,969,4,0.9976868629455566
NeuMF,2007,2007-12-31,18212,3125,5,0.9969185590744019
NeuMF,2007,2007-12-31,18212,4995,6,0.9967091083526611
NeuMF,2007,2007-12-31,18212,3194,7,0.9958280920982361
NeuMF,2007,2007-12-31,18212,3571,8,0.99565589427948
NeuMF,2007,2007-12-31,18212,224,9,0.9953978657722473
NeuMF,2007,2007-12-31,18212,7162,10,0.9948400855064392
NeuMF,2007,2007-12-31,18453,996,1,0.9992837309837341
NeuMF,2007,2007-12-31,18453,522,2,0.9990000128746033
NeuMF,2007,2007-12-31,18453,1223,3,0.9984449744224548
NeuMF,2007,2007-12-31,18453,1036,4,0.9979649782180786
NeuMF,2007,2007-12-31,18453,464,5,0.9978261590003967
NeuMF,2007,2007-12-31,18453,4242,6,0.997772753238678
NeuMF,2007,2007-12-31,18453,485,7,0.9971768856048584
NeuMF,2007,2007-12-31,18453,2924,8,0.9966842532157898
NeuMF,2007,2007-12-31,18453,2232,9,0.9962379932403564
NeuMF,2007,2007-12-31,18453,1446,10,0.9958847165107727
NeuMF,2007,2007-12-31,18791,2329,1,0.9987516403198242
NeuMF,2007,2007-12-31,18791,231,2,0.9982975125312805
NeuMF,2007,2007-12-31,18791,47,3,0.9980016350746155
NeuMF,2007,2007-12-31,18791,46578,4,0.9976887702941895
NeuMF,2007,2007-12-31,18791,2683,5,0.9975119829177856
NeuMF,2007,2007-12-31,18791,6333,6,0.9970718622207642
NeuMF,2007,2007-12-31,18791,7361,7,0.9963571429252625
NeuMF,2007,2007-12-31,18791,1270,8,0.9957222938537598
NeuMF,2007,2007-12-31,18791,2997,9,0.9956973791122437
NeuMF,2007,2007-12-31,18791,40819,10,0.9956412315368652
NeuMF,2007,2007-12-31,18807,2542,1,0.9986029267311096
NeuMF,2007,2007-12-31,18807,40815,2,0.9985144734382629
NeuMF,2007,2007-12-31,18807,1917,3,0.997948944568634
NeuMF,2007,2007-12-31,18807,33794,4,0.9979199767112732
NeuMF,2007,2007-12-31,18807,1270,5,0.9969985485076904
NeuMF,2007,2007-12-31,18807,1196,6,0.9965259432792664
NeuMF,2007,2007-12-31,18807,1220,7,0.9956409931182861
NeuMF,2007,2007-12-31,18807,1214,8,0.9955887794494629
NeuMF,2007,2007-12-31,18807,1641,9,0.9949216246604919
NeuMF,2007,2007-12-31,18807,19,10,0.9947717785835266
NeuMF,2007,2007-12-31,19237,30749,1,0.9995219707489014
NeuMF,2007,2007-12-31,19237,7147,2,0.9994117021560669
NeuMF,2007,2007-12-31,19237,33166,3,0.999371349811554
NeuMF,2007,2007-12-31,19237,1270,4,0.9993687272071838
NeuMF,2007,2007-12-31,19237,3753,5,0.9992700219154358
NeuMF,2007,2007-12-31,19237,4973,6,0.9992517828941345
NeuMF,2007,2007-12-31,19237,7153,7,0.999235987663269
NeuMF,2007,2007-12-31,19237,1090,8,0.9991248250007629
NeuMF,2007,2007-12-31,19237,6539,9,0.9988191723823547
NeuMF,2007,2007-12-31,19237,2858,10,0.9987415671348572
NeuMF,2007,2007-12-31,19325,216,1,0.9993005990982056
NeuMF,2007,2007-12-31,19325,1644,2,0.9991307854652405
NeuMF,2007,2007-12-31,19325,1005,3,0.9984727501869202
NeuMF,2007,2007-12-31,19325,2014,4,0.9979446530342102
NeuMF,2007,2007-12-31,19325,60,5,0.9978347420692444
NeuMF,2007,2007-12-31,19325,74,6,0.9976515173912048
NeuMF,2007,2007-12-31,19325,1042,7,0.9975462555885315
NeuMF,2007,2007-12-31,19325,2706,8,0.9969876408576965
NeuMF,2007,2007-12-31,19325,367,9,0.996159553527832
NeuMF,2007,2007-12-31,19325,8614,10,0.9961328506469727
NeuMF,2007,2007-12-31,19783,1240,1,0.997432291507721
NeuMF,2007,2007-12-31,19783,1653,2,0.9964839220046997
NeuMF,2007,2007-12-31,19783,7153,3,0.996275782585144
NeuMF,2007,2007-12-31,19783,1721,4,0.9956032037734985
NeuMF,2007,2007-12-31,19783,1377,5,0.9950736165046692
NeuMF,2007,2007-12-31,19783,5299,6,0.9950489401817322
NeuMF,2007,2007-12-31,19783,58,7,0.9946357607841492
NeuMF,2007,2007-12-31,19783,1527,8,0.9942072629928589
NeuMF,2007,2007-12-31,19783,1088,9,0.9936954379081726
NeuMF,2007,2007-12-31,19783,1291,10,0.9935677647590637
NeuMF,2007,2007-12-31,19961,4993,1,0.9972499012947083
NeuMF,2007,2007-12-31,19961,1223,2,0.9966817498207092
NeuMF,2007,2007-12-31,19961,46530,3,0.9963685274124146
NeuMF,2007,2007-12-31,19961,551,4,0.9962640404701233
NeuMF,2007,2007-12-31,19961,595,5,0.9954729676246643
NeuMF,2007,2007-12-31,19961,1148,6,0.9936281442642212
NeuMF,2007,2007-12-31,19961,150,7,0.9934211373329163
NeuMF,2007,2007-12-31,19961,6062,8,0.9931319355964661
NeuMF,2007,2007-12-31,19961,296,9,0.9930939674377441
NeuMF,2007,2007-12-31,19961,1270,10,0.9924452900886536
NeuMF,2007,2007-12-31,20128,2243,1,0.9992027878761292
NeuMF,2007,2007-12-31,20128,2028,2,0.9978594183921814
NeuMF,2007,2007-12-31,20128,1188,3,0.9978511333465576
NeuMF,2007,2007-12-31,20128,1221,4,0.9974462985992432
NeuMF,2007,2007-12-31,20128,5620,5,0.9966797828674316
NeuMF,2007,2007-12-31,20128,2108,6,0.9956992864608765
NeuMF,2007,2007-12-31,20128,1954,7,0.9952306151390076
NeuMF,2007,2007-12-31,20128,1097,8,0.9951452612876892
NeuMF,2007,2007-12-31,20128,3246,9,0.9948164820671082
NeuMF,2007,2007-12-31,20128,1183,10,0.9946600794792175
NeuMF,2007,2007-12-31,20263,3793,1,0.9993458390235901
NeuMF,2007,2007-12-31,20263,7099,2,0.9992856383323669
NeuMF,2007,2007-12-31,20263,2542,3,0.9990917444229126
NeuMF,2007,2007-12-31,20263,1320,4,0.9988958835601807
NeuMF,2007,2007-12-31,20263,2167,5,0.9983170032501221
NeuMF,2007,2007-12-31,20263,1527,6,0.9979707598686218
NeuMF,2007,2007-12-31,20263,3527,7,0.9979273080825806
NeuMF,2007,2007-12-31,20263,3703,8,0.9977349042892456
NeuMF,2007,2007-12-31,20263,1517,9,0.9968185424804688
NeuMF,2007,2007-12-31,20263,2353,10,0.9963920712471008
NeuMF,2007,2007-12-31,20295,33672,1,0.998458981513977
NeuMF,2007,2007-12-31,20295,36517,2,0.9964185953140259
NeuMF,2007,2007-12-31,20295,33358,3,0.9959350824356079
NeuMF,2007,2007-12-31,20295,40278,4,0.9956849813461304
NeuMF,2007,2007-12-31,20295,4062,5,0.9945393204689026
NeuMF,2007,2007-12-31,20295,7255,6,0.9942051768302917
NeuMF,2007,2007-12-31,20295,1042,7,0.9937527775764465
NeuMF,2007,2007-12-31,20295,7348,8,0.9937519431114197
NeuMF,2007,2007-12-31,20295,8880,9,0.9906240105628967
NeuMF,2007,2007-12-31,20295,34338,10,0.9882986545562744
NeuMF,2007,2007-12-31,20297,7323,1,0.9990983009338379
NeuMF,2007,2007-12-31,20297,7034,2,0.9962856769561768
NeuMF,2007,2007-12-31,20297,527,3,0.9948040843009949
NeuMF,2007,2007-12-31,20297,858,4,0.9940521121025085
NeuMF,2007,2007-12-31,20297,2542,5,0.9930499792098999
NeuMF,2007,2007-12-31,20297,110,6,0.9925602674484253
NeuMF,2007,2007-12-31,20297,1320,7,0.9914689064025879
NeuMF,2007,2007-12-31,20297,2336,8,0.9897924661636353
NeuMF,2007,2007-12-31,20297,2628,9,0.9895215034484863
NeuMF,2007,2007-12-31,20297,4878,10,0.9894038438796997
NeuMF,2007,2007-12-31,20316,3052,1,0.9969660639762878
NeuMF,2007,2007-12-31,20316,3396,2,0.9968951940536499
NeuMF,2007,2007-12-31,20316,185,3,0.9961035251617432
NeuMF,2007,2007-12-31,20316,592,4,0.9960079193115234
NeuMF,2007,2007-12-31,20316,2124,5,0.995690643787384
NeuMF,2007,2007-12-31,20316,2321,6,0.9945736527442932
NeuMF,2007,2007-12-31,20316,471,7,0.9942768216133118
NeuMF,2007,2007-12-31,20316,720,8,0.9941121935844421
NeuMF,2007,2007-12-31,20316,2502,9,0.9933695793151855
NeuMF,2007,2007-12-31,20316,2987,10,0.9929894208908081
NeuMF,2007,2007-12-31,20459,8949,1,0.9990003705024719
NeuMF,2007,2007-12-31,20459,2692,2,0.9984039664268494
NeuMF,2007,2007-12-31,20459,1270,3,0.998349666595459
NeuMF,2007,2007-12-31,20459,4993,4,0.9975558519363403
NeuMF,2007,2007-12-31,20459,1923,5,0.9975518584251404
NeuMF,2007,2007-12-31,20459,8961,6,0.9971338510513306
NeuMF,2007,2007-12-31,20459,3911,7,0.9969698786735535
NeuMF,2007,2007-12-31,20459,2324,8,0.9968703389167786
NeuMF,2007,2007-12-31,20459,4034,9,0.9966424703598022
NeuMF,2007,2007-12-31,20459,223,10,0.9965173006057739
NeuMF,2007,2007-12-31,20484,27878,1,0.9998430013656616
NeuMF,2007,2007-12-31,20484,4273,2,0.9998013377189636
NeuMF,2007,2007-12-31,20484,39292,3,0.9995691180229187
NeuMF,2007,2007-12-31,20484,4028,4,0.9995090961456299
NeuMF,2007,2007-12-31,20484,46578,5,0.9990731477737427
NeuMF,2007,2007-12-31,20484,5820,6,0.9989569187164307
NeuMF,2007,2007-12-31,20484,5112,7,0.9988252520561218
NeuMF,2007,2007-12-31,20484,5446,8,0.9988037347793579
NeuMF,2007,2007-12-31,20484,4743,9,0.998768150806427
NeuMF,2007,2007-12-31,20484,7139,10,0.9987263083457947
NeuMF,2007,2007-12-31,20754,628,1,0.9986867308616638
NeuMF,2007,2007-12-31,20754,1466,2,0.9982163310050964
NeuMF,2007,2007-12-31,20754,22,3,0.9982039928436279
NeuMF,2007,2007-12-31,20754,1089,4,0.9974606037139893
NeuMF,2007,2007-12-31,20754,293,5,0.9970580339431763
NeuMF,2007,2007-12-31,20754,3252,6,0.9964731335639954
NeuMF,2007,2007-12-31,20754,7034,7,0.9964410662651062
NeuMF,2007,2007-12-31,20754,5679,8,0.99616539478302
NeuMF,2007,2007-12-31,20754,6263,9,0.9959079027175903
NeuMF,2007,2007-12-31,20754,457,10,0.9948429465293884
NeuMF,2007,2007-12-31,21057,5618,1,0.999764621257782
NeuMF,2007,2007-12-31,21057,4993,2,0.999148964881897
NeuMF,2007,2007-12-31,21057,5069,3,0.9990081191062927
NeuMF,2007,2007-12-31,21057,5971,4,0.9988700747489929
NeuMF,2007,2007-12-31,21057,7099,5,0.998778760433197
NeuMF,2007,2007-12-31,21057,1088,6,0.998778760433197
NeuMF,2007,2007-12-31,21057,5072,7,0.9986270666122437
NeuMF,2007,2007-12-31,21057,551,8,0.9985573887825012
NeuMF,2007,2007-12-31,21057,33004,9,0.9984573125839233
NeuMF,2007,2007-12-31,21057,6350,10,0.9981561303138733
NeuMF,2007,2007-12-31,21379,6333,1,0.9988947510719299
NeuMF,2007,2007-12-31,21379,1680,2,0.9987071752548218
NeuMF,2007,2007-12-31,21379,1641,3,0.9985312223434448
NeuMF,2007,2007-12-31,21379,5445,4,0.9984962940216064
NeuMF,2007,2007-12-31,21379,4823,5,0.9983615279197693
NeuMF,2007,2007-12-31,21379,6863,6,0.9983612895011902
NeuMF,2007,2007-12-31,21379,5991,7,0.9982578158378601
NeuMF,2007,2007-12-31,21379,4226,8,0.9981933236122131
NeuMF,2007,2007-12-31,21379,31685,9,0.997734546661377
NeuMF,2007,2007-12-31,21379,6944,10,0.9973859190940857
NeuMF,2007,2007-12-31,21619,5489,1,0.9993042945861816
NeuMF,2007,2007-12-31,21619,3741,2,0.9967734217643738
NeuMF,2007,2007-12-31,21619,97,3,0.9966306090354919
NeuMF,2007,2007-12-31,21619,18,4,0.9964136481285095
NeuMF,2007,2007-12-31,21619,37733,5,0.9962388277053833
NeuMF,2007,2007-12-31,21619,3581,6,0.9953109622001648
NeuMF,2007,2007-12-31,21619,319,7,0.9950972199440002
NeuMF,2007,2007-12-31,21619,8370,8,0.9950167536735535
NeuMF,2007,2007-12-31,21619,3910,9,0.9946433305740356
NeuMF,2007,2007-12-31,21619,40278,10,0.9942799806594849
NeuMF,2007,2007-12-31,21783,2059,1,0.9981867671012878
NeuMF,2007,2007-12-31,21783,3186,2,0.9980186223983765
NeuMF,2007,2007-12-31,21783,222,3,0.9956408739089966
NeuMF,2007,2007-12-31,21783,3125,4,0.9947531223297119
NeuMF,2007,2007-12-31,21783,2881,5,0.993910551071167
NeuMF,2007,2007-12-31,21783,527,6,0.9932159781455994
NeuMF,2007,2007-12-31,21783,5693,7,0.9931584000587463
NeuMF,2007,2007-12-31,21783,1353,8,0.9928486347198486
NeuMF,2007,2007-12-31,21783,10,9,0.991805911064148
NeuMF,2007,2007-12-31,21783,802,10,0.9910775423049927
NeuMF,2007,2007-12-31,21914,5298,1,0.9988296627998352
NeuMF,2007,2007-12-31,21914,3566,2,0.9969015121459961
NeuMF,2007,2007-12-31,21914,4280,3,0.9967362284660339
NeuMF,2007,2007-12-31,21914,2844,4,0.9964052438735962
NeuMF,2007,2007-12-31,21914,4318,5,0.9958539009094238
NeuMF,2007,2007-12-31,21914,4998,6,0.995804488658905
NeuMF,2007,2007-12-31,21914,6851,7,0.99498051404953
NeuMF,2007,2007-12-31,21914,3019,8,0.9948970675468445
NeuMF,2007,2007-12-31,21914,3089,9,0.994623064994812
NeuMF,2007,2007-12-31,21914,3993,10,0.9943197965621948
NeuMF,2007,2007-12-31,21916,8167,1,0.9999799728393555
NeuMF,2007,2007-12-31,21916,3606,2,0.9999504089355469
NeuMF,2007,2007-12-31,21916,8337,3,0.9998646974563599
NeuMF,2007,2007-12-31,21916,7075,4,0.9996989965438843
NeuMF,2007,2007-12-31,21916,26662,5,0.9995599389076233
NeuMF,2007,2007-12-31,21916,5021,6,0.9993347525596619
NeuMF,2007,2007-12-31,21916,5603,7,0.9992234706878662
NeuMF,2007,2007-12-31,21916,1032,8,0.9992125034332275
NeuMF,2007,2007-12-31,21916,2205,9,0.9991481304168701
NeuMF,2007,2007-12-31,21916,1025,10,0.9990870952606201
NeuMF,2007,2007-12-31,22097,2000,1,0.9979565143585205
NeuMF,2007,2007-12-31,22097,466,2,0.9966467022895813
NeuMF,2007,2007-12-31,22097,1909,3,0.9960144758224487
NeuMF,2007,2007-12-31,22097,2628,4,0.9958601593971252
NeuMF,2007,2007-12-31,22097,2916,5,0.9954259991645813
NeuMF,2007,2007-12-31,22097,2513,6,0.9951514005661011
NeuMF,2007,2007-12-31,22097,2710,7,0.9949052333831787
NeuMF,2007,2007-12-31,22097,6537,8,0.9944964051246643
NeuMF,2007,2007-12-31,22097,1485,9,0.9941598176956177
NeuMF,2007,2007-12-31,22097,1721,10,0.9936187267303467
NeuMF,2007,2007-12-31,22321,3388,1,0.9958463311195374
NeuMF,2007,2007-12-31,22321,30822,2,0.9942445158958435
NeuMF,2007,2007-12-31,22321,1379,3,0.9936083555221558
NeuMF,2007,2007-12-31,22321,500,4,0.9934449195861816
NeuMF,2007,2007-12-31,22321,2139,5,0.9931414723396301
NeuMF,2007,2007-12-31,22321,33669,6,0.9929226636886597
NeuMF,2007,2007-12-31,22321,3252,7,0.992558479309082
NeuMF,2007,2007-12-31,22321,33493,8,0.9922059178352356
NeuMF,2007,2007-12-31,22321,1378,9,0.9920316934585571
NeuMF,2007,2007-12-31,22321,8645,10,0.9909816384315491
NeuMF,2007,2007-12-31,22340,3307,1,0.9999693632125854
NeuMF,2007,2007-12-31,22340,1209,2,0.9996645450592041
NeuMF,2007,2007-12-31,22340,6534,3,0.9991899132728577
NeuMF,2007,2007-12-31,22340,2951,4,0.9991793036460876
NeuMF,2007,2007-12-31,22340,6537,5,0.9990729093551636
NeuMF,2007,2007-12-31,22340,6870,6,0.9986876845359802
NeuMF,2007,2007-12-31,22340,5669,7,0.9985260963439941
NeuMF,2007,2007-12-31,22340,2948,8,0.9985104203224182
NeuMF,2007,2007-12-31,22340,7034,9,0.998095691204071
NeuMF,2007,2007-12-31,22340,3681,10,0.9979695677757263
NeuMF,2007,2007-12-31,22355,2553,1,0.9946297407150269
NeuMF,2007,2007-12-31,22355,3365,2,0.9945876598358154
NeuMF,2007,2007-12-31,22355,3156,3,0.9930559992790222
NeuMF,2007,2007-12-31,22355,4901,4,0.991980791091919
NeuMF,2007,2007-12-31,22355,6947,5,0.9918654561042786
NeuMF,2007,2007-12-31,22355,4703,6,0.991726279258728
NeuMF,2007,2007-12-31,22355,4880,7,0.9916895627975464
NeuMF,2007,2007-12-31,22355,2202,8,0.9885475635528564
NeuMF,2007,2007-12-31,22355,2746,9,0.9885357022285461
NeuMF,2007,2007-12-31,22355,4770,10,0.9882795810699463
NeuMF,2007,2007-12-31,22596,5952,1,0.9991365075111389
NeuMF,2007,2007-12-31,22596,1918,2,0.9988194108009338
NeuMF,2007,2007-12-31,22596,2406,3,0.9986514449119568
NeuMF,2007,2007-12-31,22596,2640,4,0.997431218624115
NeuMF,2007,2007-12-31,22596,2411,5,0.9974147081375122
NeuMF,2007,2007-12-31,22596,2410,6,0.9973486661911011
NeuMF,2007,2007-12-31,22596,1722,7,0.9971221089363098
NeuMF,2007,2007-12-31,22596,315,8,0.9970254302024841
NeuMF,2007,2007-12-31,22596,5049,9,0.9968876242637634
NeuMF,2007,2007-12-31,22596,1923,10,0.9963796734809875
NeuMF,2007,2007-12-31,23489,1449,1,0.9979851245880127
NeuMF,2007,2007-12-31,23489,936,2,0.9955875873565674
NeuMF,2007,2007-12-31,23489,671,3,0.994533896446228
NeuMF,2007,2007-12-31,23489,1104,4,0.9935124516487122
NeuMF,2007,2007-12-31,23489,5995,5,0.9933483004570007
NeuMF,2007,2007-12-31,23489,8970,6,0.9931091070175171
NeuMF,2007,2007-12-31,23489,6331,7,0.9930061101913452
NeuMF,2007,2007-12-31,23489,6979,8,0.9914773106575012
NeuMF,2007,2007-12-31,23489,27706,9,0.9910961389541626
NeuMF,2007,2007-12-31,23489,6639,10,0.9908093214035034
NeuMF,2007,2007-12-31,23499,741,1,0.9996651411056519
NeuMF,2007,2007-12-31,23499,1035,2,0.9993950128555298
NeuMF,2007,2007-12-31,23499,778,3,0.9991897940635681
NeuMF,2007,2007-12-31,23499,1411,4,0.9989418387413025
NeuMF,2007,2007-12-31,23499,17,5,0.9986999034881592
NeuMF,2007,2007-12-31,23499,2788,6,0.9975736737251282
NeuMF,2007,2007-12-31,23499,272,7,0.9973840117454529
NeuMF,2007,2007-12-31,23499,1293,8,0.9969049096107483
NeuMF,2007,2007-12-31,23499,1391,9,0.9968646168708801
NeuMF,2007,2007-12-31,23499,3071,10,0.9968516230583191
NeuMF,2007,2007-12-31,23582,7027,1,0.9998106360435486
NeuMF,2007,2007-12-31,23582,4488,2,0.9993023872375488
NeuMF,2007,2007-12-31,23582,4557,3,0.9968501925468445
NeuMF,2007,2007-12-31,23582,2779,4,0.9968221187591553
NeuMF,2007,2007-12-31,23582,4571,5,0.9966272115707397
NeuMF,2007,2007-12-31,23582,3868,6,0.9960980415344238
NeuMF,2007,2007-12-31,23582,1485,7,0.9960436820983887
NeuMF,2007,2007-12-31,23582,3104,8,0.9959576725959778
NeuMF,2007,2007-12-31,23582,4361,9,0.995879054069519
NeuMF,2007,2007-12-31,23582,1234,10,0.9950003027915955
NeuMF,2007,2007-12-31,23636,46578,1,0.9998028874397278
NeuMF,2007,2007-12-31,23636,272,2,0.9997373223304749
NeuMF,2007,2007-12-31,23636,515,3,0.9996601343154907
NeuMF,2007,2007-12-31,23636,6238,4,0.9995244741439819
NeuMF,2007,2007-12-31,23636,25850,5,0.999452531337738
NeuMF,2007,2007-12-31,23636,1131,6,0.999250590801239
NeuMF,2007,2007-12-31,23636,7023,7,0.9991662502288818
NeuMF,2007,2007-12-31,23636,35,8,0.9990050196647644
NeuMF,2007,2007-12-31,23636,40629,9,0.9989451766014099
NeuMF,2007,2007-12-31,23636,5135,10,0.9988443851470947
NeuMF,2007,2007-12-31,23646,8972,1,0.9996144771575928
NeuMF,2007,2007-12-31,23646,3255,2,0.9986317753791809
NeuMF,2007,2007-12-31,23646,5135,3,0.9984866380691528
NeuMF,2007,2007-12-31,23646,1479,4,0.9982033967971802
NeuMF,2007,2007-12-31,23646,3269,5,0.9979870319366455
NeuMF,2007,2007-12-31,23646,1393,6,0.9978294968605042
NeuMF,2007,2007-12-31,23646,6765,7,0.9974506497383118
NeuMF,2007,2007-12-31,23646,3159,8,0.9970243573188782
NeuMF,2007,2007-12-31,23646,1584,9,0.9967104196548462
NeuMF,2007,2007-12-31,23646,8833,10,0.9966263771057129
NeuMF,2007,2007-12-31,23918,180,1,0.999976396560669
NeuMF,2007,2007-12-31,23918,522,2,0.9999009370803833
NeuMF,2007,2007-12-31,23918,6188,3,0.9998999834060669
NeuMF,2007,2007-12-31,23918,216,4,0.9997946619987488
NeuMF,2007,2007-12-31,23918,2618,5,0.9992873072624207
NeuMF,2007,2007-12-31,23918,5110,6,0.9992809891700745
NeuMF,2007,2007-12-31,23918,104,7,0.9991944432258606
NeuMF,2007,2007-12-31,23918,290,8,0.9991662502288818
NeuMF,2007,2007-12-31,23918,112,9,0.9991348385810852
NeuMF,2007,2007-12-31,23918,1060,10,0.998681366443634
NeuMF,2007,2007-12-31,24045,33660,1,0.9995224475860596
NeuMF,2007,2007-12-31,24045,46530,2,0.9992883801460266
NeuMF,2007,2007-12-31,24045,6323,3,0.999231219291687
NeuMF,2007,2007-12-31,24045,27790,4,0.9992309808731079
NeuMF,2007,2007-12-31,24045,39414,5,0.9992238283157349
NeuMF,2007,2007-12-31,24045,36535,6,0.9992197751998901
NeuMF,2007,2007-12-31,24045,8966,7,0.9991680383682251
NeuMF,2007,2007-12-31,24045,26386,8,0.9991264939308167
NeuMF,2007,2007-12-31,24045,34162,9,0.9989433884620667
NeuMF,2007,2007-12-31,24045,46578,10,0.9985677003860474
NeuMF,2007,2007-12-31,24046,5445,1,0.9996949434280396
NeuMF,2007,2007-12-31,24046,6378,2,0.9995299577713013
NeuMF,2007,2007-12-31,24046,903,3,0.9993945360183716
NeuMF,2007,2007-12-31,24046,8228,4,0.9993711113929749
NeuMF,2007,2007-12-31,24046,6303,5,0.9986013770103455
NeuMF,2007,2007-12-31,24046,6305,6,0.9985839128494263
NeuMF,2007,2007-12-31,24046,3462,7,0.9984002709388733
NeuMF,2007,2007-12-31,24046,904,8,0.9980185031890869
NeuMF,2007,2007-12-31,24046,5989,9,0.9964898228645325
NeuMF,2007,2007-12-31,24046,750,10,0.995835542678833
NeuMF,2007,2007-12-31,24509,44195,1,0.9973303079605103
NeuMF,2007,2007-12-31,24509,34405,2,0.9969524145126343
NeuMF,2007,2007-12-31,24509,6016,3,0.9945611357688904
NeuMF,2007,2007-12-31,24509,293,4,0.9939139485359192
NeuMF,2007,2007-12-31,24509,46723,5,0.9936734437942505
NeuMF,2007,2007-12-31,24509,4973,6,0.9930169582366943
NeuMF,2007,2007-12-31,24509,8228,7,0.9922651052474976
NeuMF,2007,2007-12-31,24509,33660,8,0.9906287789344788
NeuMF,2007,2007-12-31,24509,41569,9,0.990341067314148
NeuMF,2007,2007-12-31,24509,6979,10,0.9902567863464355
NeuMF,2007,2007-12-31,24670,2455,1,0.9975396394729614
NeuMF,2007,2007-12-31,24670,2970,2,0.9966678023338318
NeuMF,2007,2007-12-31,24670,3091,3,0.995806097984314
NeuMF,2007,2007-12-31,24670,2533,4,0.9955369234085083
NeuMF,2007,2007-12-31,24670,2454,5,0.9952611327171326
NeuMF,2007,2007-12-31,24670,2948,6,0.9945769309997559
NeuMF,2007,2007-12-31,24670,2857,7,0.994154155254364
NeuMF,2007,2007-12-31,24670,1129,8,0.9940298795700073
NeuMF,2007,2007-12-31,24670,3927,9,0.9937965869903564
NeuMF,2007,2007-12-31,24670,589,10,0.9936943650245667
NeuMF,2007,2007-12-31,24830,8535,1,0.9996480941772461
NeuMF,2007,2007-12-31,24830,2436,2,0.9981038570404053
NeuMF,2007,2007-12-31,24830,6993,3,0.9978395700454712
NeuMF,2007,2007-12-31,24830,351,4,0.9968467354774475
NeuMF,2007,2007-12-31,24830,2340,5,0.9967696666717529
NeuMF,2007,2007-12-31,24830,2942,6,0.9965434670448303
NeuMF,2007,2007-12-31,24830,3185,7,0.9956206679344177
NeuMF,2007,2007-12-31,24830,7147,8,0.9949236512184143
NeuMF,2007,2007-12-31,24830,4041,9,0.9940659999847412
NeuMF,2007,2007-12-31,24830,34437,10,0.9936987161636353
NeuMF,2007,2007-12-31,25266,1348,1,0.999498724937439
NeuMF,2007,2007-12-31,25266,1089,2,0.9989377856254578
NeuMF,2007,2007-12-31,25266,3081,3,0.9989271759986877
NeuMF,2007,2007-12-31,25266,2329,4,0.9987233281135559
NeuMF,2007,2007-12-31,25266,778,5,0.9985450506210327
NeuMF,2007,2007-12-31,25266,5679,6,0.99853515625
NeuMF,2007,2007-12-31,25266,1347,7,0.9984725117683411
NeuMF,2007,2007-12-31,25266,858,8,0.9981940388679504
NeuMF,2007,2007-12-31,25266,1407,9,0.9980411529541016
NeuMF,2007,2007-12-31,25266,4886,10,0.9976431727409363
NeuMF,2007,2007-12-31,25283,5378,1,0.999652624130249
NeuMF,2007,2007-12-31,25283,7143,2,0.9994200468063354
NeuMF,2007,2007-12-31,25283,5989,3,0.9989618062973022
NeuMF,2007,2007-12-31,25283,4299,4,0.9985743761062622
NeuMF,2007,2007-12-31,25283,4370,5,0.998559296131134
NeuMF,2007,2007-12-31,25283,6281,6,0.9982132911682129
NeuMF,2007,2007-12-31,25283,8644,7,0.9978969097137451
NeuMF,2007,2007-12-31,25283,5107,8,0.9974665641784668
NeuMF,2007,2007-12-31,25283,3578,9,0.9970266222953796
NeuMF,2007,2007-12-31,25283,6947,10,0.9965542554855347
NeuMF,2007,2007-12-31,25344,6502,1,0.9960498213768005
NeuMF,2007,2007-12-31,25344,1089,2,0.9942284822463989
NeuMF,2007,2007-12-31,25344,345,3,0.993733823299408
NeuMF,2007,2007-12-31,25344,1094,4,0.992846667766571
NeuMF,2007,2007-12-31,25344,410,5,0.9925161004066467
NeuMF,2007,2007-12-31,25344,95,6,0.9920177459716797
NeuMF,2007,2007-12-31,25344,2600,7,0.9915633201599121
NeuMF,2007,2007-12-31,25344,288,8,0.99093097448349
NeuMF,2007,2007-12-31,25344,6942,9,0.9900181293487549
NeuMF,2007,2007-12-31,25344,32,10,0.9894580841064453
NeuMF,2007,2007-12-31,25480,4723,1,0.9976264834403992
NeuMF,2007,2007-12-31,25480,5049,2,0.9974988102912903
NeuMF,2007,2007-12-31,25480,4976,3,0.997168242931366
NeuMF,2007,2007-12-31,25480,3993,4,0.9969198703765869
NeuMF,2007,2007-12-31,25480,477,5,0.9964732527732849
NeuMF,2007,2007-12-31,25480,491,6,0.9954826831817627
NeuMF,2007,2007-12-31,25480,4975,7,0.995198667049408
NeuMF,2007,2007-12-31,25480,1358,8,0.9946110248565674
NeuMF,2007,2007-12-31,25480,541,9,0.993983805179596
NeuMF,2007,2007-12-31,25480,4056,10,0.9939739108085632
NeuMF,2007,2007-12-31,25914,3246,1,0.998531699180603
NeuMF,2007,2007-12-31,25914,3342,2,0.9982954859733582
NeuMF,2007,2007-12-31,25914,4017,3,0.9979336261749268
NeuMF,2007,2007-12-31,25914,1188,4,0.9973456263542175
NeuMF,2007,2007-12-31,25914,1247,5,0.9970748424530029
NeuMF,2007,2007-12-31,25914,1304,6,0.9968968629837036
NeuMF,2007,2007-12-31,25914,1307,7,0.9966314435005188
NeuMF,2007,2007-12-31,25914,1617,8,0.9964635968208313
NeuMF,2007,2007-12-31,25914,4378,9,0.9961155652999878
NeuMF,2007,2007-12-31,25914,3241,10,0.9960867166519165
NeuMF,2007,2007-12-31,26048,3200,1,0.9992830157279968
NeuMF,2007,2007-12-31,26048,838,2,0.9990530610084534
NeuMF,2007,2007-12-31,26048,1643,3,0.9989848732948303
NeuMF,2007,2007-12-31,26048,2132,4,0.9982028007507324
NeuMF,2007,2007-12-31,26048,6986,5,0.9981245398521423
NeuMF,2007,2007-12-31,26048,3179,6,0.9979706406593323
NeuMF,2007,2007-12-31,26048,3296,7,0.9973010420799255
NeuMF,2007,2007-12-31,26048,2609,8,0.9966367483139038
NeuMF,2007,2007-12-31,26048,3734,9,0.9954864382743835
NeuMF,2007,2007-12-31,26048,1185,10,0.9953874945640564
NeuMF,2007,2007-12-31,26563,1223,1,0.9964690208435059
NeuMF,2007,2007-12-31,26563,1238,2,0.9958845973014832
NeuMF,2007,2007-12-31,26563,3505,3,0.9948577880859375
NeuMF,2007,2007-12-31,26563,783,4,0.9938517808914185
NeuMF,2007,2007-12-31,26563,586,5,0.9937319159507751
NeuMF,2007,2007-12-31,26563,2184,6,0.9937088489532471
NeuMF,2007,2007-12-31,26563,1200,7,0.9921298623085022
NeuMF,2007,2007-12-31,26563,2470,8,0.9915537238121033
NeuMF,2007,2007-12-31,26563,587,9,0.9908355474472046
NeuMF,2007,2007-12-31,26563,1689,10,0.9903475046157837
NeuMF,2007,2007-12-31,26576,39292,1,0.999362051486969
NeuMF,2007,2007-12-31,26576,8949,2,0.9992364645004272
NeuMF,2007,2007-12-31,26576,1161,3,0.9992092251777649
NeuMF,2007,2007-12-31,26576,27721,4,0.9990338087081909
NeuMF,2007,2007-12-31,26576,3067,5,0.9987768530845642
NeuMF,2007,2007-12-31,26576,1734,6,0.9986069798469543
NeuMF,2007,2007-12-31,26576,6331,7,0.9985032081604004
NeuMF,2007,2007-12-31,26576,213,8,0.9984285235404968
NeuMF,2007,2007-12-31,26576,2732,9,0.998155415058136
NeuMF,2007,2007-12-31,26576,8998,10,0.9980823993682861
NeuMF,2007,2007-12-31,26661,7076,1,0.9990028738975525
NeuMF,2007,2007-12-31,26661,231,2,0.9987348914146423
NeuMF,2007,2007-12-31,26661,3275,3,0.9985907673835754
NeuMF,2007,2007-12-31,26661,1884,4,0.9983643889427185
NeuMF,2007,2007-12-31,26661,31804,5,0.9982805252075195
NeuMF,2007,2007-12-31,26661,47044,6,0.9981587529182434
NeuMF,2007,2007-12-31,26661,27700,7,0.9978771209716797
NeuMF,2007,2007-12-31,26661,165,8,0.9977128505706787
NeuMF,2007,2007-12-31,26661,1405,9,0.9974282383918762
NeuMF,2007,2007-12-31,26661,44191,10,0.9972622394561768
NeuMF,2007,2007-12-31,26867,180,1,0.9995218515396118
NeuMF,2007,2007-12-31,26867,316,2,0.9988887906074524
NeuMF,2007,2007-12-31,26867,2542,3,0.9988787770271301
NeuMF,2007,2007-12-31,26867,6188,4,0.998862624168396
NeuMF,2007,2007-12-31,26867,4979,5,0.9981309771537781
NeuMF,2007,2007-12-31,26867,344,6,0.9980545043945312
NeuMF,2007,2007-12-31,26867,4734,7,0.997974693775177
NeuMF,2007,2007-12-31,26867,741,8,0.9976153373718262
NeuMF,2007,2007-12-31,26867,6365,9,0.997042715549469
NeuMF,2007,2007-12-31,26867,1210,10,0.9969646334648132
NeuMF,2007,2007-12-31,27046,4019,1,0.99954754114151
NeuMF,2007,2007-12-31,27046,3852,2,0.9993054866790771
NeuMF,2007,2007-12-31,27046,2318,3,0.9992318153381348
NeuMF,2007,2007-12-31,27046,2771,4,0.9977622032165527
NeuMF,2007,2007-12-31,27046,2686,5,0.9975646734237671
NeuMF,2007,2007-12-31,27046,1704,6,0.9971997737884521
NeuMF,2007,2007-12-31,27046,3882,7,0.9965879917144775
NeuMF,2007,2007-12-31,27046,3114,8,0.9951053857803345
NeuMF,2007,2007-12-31,27046,3555,9,0.9949712753295898
NeuMF,2007,2007-12-31,27046,1873,10,0.994619607925415
NeuMF,2007,2007-12-31,27567,7817,1,0.9994174242019653
NeuMF,2007,2007-12-31,27567,31878,2,0.9989744424819946
NeuMF,2007,2007-12-31,27567,3698,3,0.9988786578178406
NeuMF,2007,2007-12-31,27567,1220,4,0.9986768364906311
NeuMF,2007,2007-12-31,27567,541,5,0.9985180497169495
NeuMF,2007,2007-12-31,27567,2366,6,0.9984899759292603
NeuMF,2007,2007-12-31,27567,32587,7,0.9983596205711365
NeuMF,2007,2007-12-31,27567,2985,8,0.9982870221138
NeuMF,2007,2007-12-31,27567,1587,9,0.9982483386993408
NeuMF,2007,2007-12-31,27567,7438,10,0.9981118440628052
NeuMF,2007,2007-12-31,27729,537,1,0.9997206330299377
NeuMF,2007,2007-12-31,27729,1295,2,0.9993181228637695
NeuMF,2007,2007-12-31,27729,290,3,0.9993003606796265
NeuMF,2007,2007-12-31,27729,477,4,0.9984554052352905
NeuMF,2007,2007-12-31,27729,52,5,0.9977414608001709
NeuMF,2007,2007-12-31,27729,4283,6,0.9973758459091187
NeuMF,2007,2007-12-31,27729,345,7,0.9972381591796875
NeuMF,2007,2007-12-31,27729,535,8,0.9971961975097656
NeuMF,2007,2007-12-31,27729,2988,9,0.997115969657898
NeuMF,2007,2007-12-31,27729,7160,10,0.9969443678855896
NeuMF,2007,2007-12-31,27779,6539,1,0.999836802482605
NeuMF,2007,2007-12-31,27779,8798,2,0.9990935325622559
NeuMF,2007,2007-12-31,27779,5103,3,0.9988017082214355
NeuMF,2007,2007-12-31,27779,4623,4,0.9987139701843262
NeuMF,2007,2007-12-31,27779,2423,5,0.9984849095344543
NeuMF,2007,2007-12-31,27779,293,6,0.9983532428741455
NeuMF,2007,2007-12-31,27779,2353,7,0.9981423616409302
NeuMF,2007,2007-12-31,27779,6188,8,0.9976268410682678
NeuMF,2007,2007-12-31,27779,3638,9,0.9974923133850098
NeuMF,2007,2007-12-31,27779,3360,10,0.9974907636642456
NeuMF,2007,2007-12-31,28283,8972,1,0.9998533725738525
NeuMF,2007,2007-12-31,28283,40815,2,0.9998173117637634
NeuMF,2007,2007-12-31,28283,45210,3,0.9997887015342712
NeuMF,2007,2007-12-31,28283,33794,4,0.9997617602348328
NeuMF,2007,2007-12-31,28283,33493,5,0.9995927214622498
NeuMF,2007,2007-12-31,28283,42011,6,0.9995124340057373
NeuMF,2007,2007-12-31,28283,44022,7,0.9992928504943848
NeuMF,2007,2007-12-31,28283,1485,8,0.9992146492004395
NeuMF,2007,2007-12-31,28283,48516,9,0.9991642236709595
NeuMF,2007,2007-12-31,28283,3753,10,0.9990195035934448
NeuMF,2007,2007-12-31,28417,29,1,0.9997569918632507
NeuMF,2007,2007-12-31,28417,4973,2,0.9991069436073303
NeuMF,2007,2007-12-31,28417,318,3,0.9981867671012878
NeuMF,2007,2007-12-31,28417,2542,4,0.9980201721191406
NeuMF,2007,2007-12-31,28417,364,5,0.9979535341262817
NeuMF,2007,2007-12-31,28417,1921,6,0.9977192282676697
NeuMF,2007,2007-12-31,28417,1258,7,0.997509241104126
NeuMF,2007,2007-12-31,28417,4878,8,0.9972891807556152
NeuMF,2007,2007-12-31,28417,3949,9,0.9967304468154907
NeuMF,2007,2007-12-31,28417,1241,10,0.9965662956237793
NeuMF,2007,2007-12-31,28479,5445,1,0.9993780851364136
NeuMF,2007,2007-12-31,28479,1270,2,0.9991956353187561
NeuMF,2007,2007-12-31,28479,1240,3,0.999188244342804
NeuMF,2007,2007-12-31,28479,4886,4,0.9987924098968506
NeuMF,2007,2007-12-31,28479,2115,5,0.9983716607093811
NeuMF,2007,2007-12-31,28479,7153,6,0.9983067512512207
NeuMF,2007,2007-12-31,28479,4973,7,0.9982944130897522
NeuMF,2007,2007-12-31,28479,4226,8,0.9981032609939575
NeuMF,2007,2007-12-31,28479,1580,9,0.9980073571205139
NeuMF,2007,2007-12-31,28479,356,10,0.9979760050773621
NeuMF,2007,2007-12-31,28604,7323,1,0.9996364116668701
NeuMF,2007,2007-12-31,28604,8873,2,0.9993758797645569
NeuMF,2007,2007-12-31,28604,6216,3,0.999255359172821
NeuMF,2007,2007-12-31,28604,8949,4,0.998946487903595
NeuMF,2007,2007-12-31,28604,7438,5,0.9987375140190125
NeuMF,2007,2007-12-31,28604,7361,6,0.9981634020805359
NeuMF,2007,2007-12-31,28604,30812,7,0.998157799243927
NeuMF,2007,2007-12-31,28604,7090,8,0.9981127977371216
NeuMF,2007,2007-12-31,28604,8645,9,0.9979695677757263
NeuMF,2007,2007-12-31,28604,7143,10,0.9975724816322327
NeuMF,2007,2007-12-31,28805,1080,1,0.9995211362838745
NeuMF,2007,2007-12-31,28805,1199,2,0.9991859793663025
NeuMF,2007,2007-12-31,28805,4027,3,0.9991037249565125
NeuMF,2007,2007-12-31,28805,345,4,0.9990625977516174
NeuMF,2007,2007-12-31,28805,2692,5,0.9988508224487305
NeuMF,2007,2007-12-31,28805,2174,6,0.9986699819564819
NeuMF,2007,2007-12-31,28805,4993,7,0.9986281394958496
NeuMF,2007,2007-12-31,28805,3996,8,0.9979962110519409
NeuMF,2007,2007-12-31,28805,1079,9,0.9977450370788574
NeuMF,2007,2007-12-31,28805,1270,10,0.9976171851158142
NeuMF,2007,2007-12-31,29034,5747,1,0.9982621073722839
NeuMF,2007,2007-12-31,29034,5752,2,0.9979386925697327
NeuMF,2007,2007-12-31,29034,720,3,0.9977297186851501
NeuMF,2007,2007-12-31,29034,1172,4,0.9976024031639099
NeuMF,2007,2007-12-31,29034,581,5,0.9975813627243042
NeuMF,2007,2007-12-31,29034,125,6,0.9974339604377747
NeuMF,2007,2007-12-31,29034,305,7,0.9965657591819763
NeuMF,2007,2007-12-31,29034,6561,8,0.996145486831665
NeuMF,2007,2007-12-31,29034,549,9,0.9961270689964294
NeuMF,2007,2007-12-31,29034,1173,10,0.9947136044502258
NeuMF,2007,2007-12-31,29907,5788,1,0.9996064305305481
NeuMF,2007,2007-12-31,29907,4995,2,0.9995236396789551
NeuMF,2007,2007-12-31,29907,745,3,0.9990500807762146
NeuMF,2007,2007-12-31,29907,5633,4,0.9987321496009827
NeuMF,2007,2007-12-31,29907,5446,5,0.9985376596450806
NeuMF,2007,2007-12-31,29907,7099,6,0.9984161853790283
NeuMF,2007,2007-12-31,29907,6197,7,0.997753918170929
NeuMF,2007,2007-12-31,29907,4011,8,0.9974982142448425
NeuMF,2007,2007-12-31,29907,5820,9,0.9971752166748047
NeuMF,2007,2007-12-31,29907,4022,10,0.9968907237052917
NeuMF,2007,2007-12-31,30157,6001,1,0.9989994168281555
NeuMF,2007,2007-12-31,30157,3741,2,0.9987170696258545
NeuMF,2007,2007-12-31,30157,3169,3,0.9984706044197083
NeuMF,2007,2007-12-31,30157,1345,4,0.9979528188705444
NeuMF,2007,2007-12-31,30157,2409,5,0.9972689747810364
NeuMF,2007,2007-12-31,30157,6305,6,0.997130811214447
NeuMF,2007,2007-12-31,30157,3927,7,0.9969743490219116
NeuMF,2007,2007-12-31,30157,556,8,0.9969615340232849
NeuMF,2007,2007-12-31,30157,6016,9,0.996579110622406
NeuMF,2007,2007-12-31,30157,7001,10,0.996518611907959
NeuMF,2007,2007-12-31,30250,4310,1,0.9991708993911743
NeuMF,2007,2007-12-31,30250,4886,2,0.9991162419319153
NeuMF,2007,2007-12-31,30250,356,3,0.9986262321472168
NeuMF,2007,2007-12-31,30250,31685,4,0.9983851909637451
NeuMF,2007,2007-12-31,30250,41566,5,0.9969950914382935
NeuMF,2007,2007-12-31,30250,7153,6,0.9969944953918457
NeuMF,2007,2007-12-31,30250,40815,7,0.9969118237495422
NeuMF,2007,2007-12-31,30250,1210,8,0.9960924983024597
NeuMF,2007,2007-12-31,30250,8368,9,0.9960142374038696
NeuMF,2007,2007-12-31,30250,5952,10,0.9956711530685425
NeuMF,2007,2007-12-31,30684,7842,1,0.9975889921188354
NeuMF,2007,2007-12-31,30684,6333,2,0.9971038699150085
NeuMF,2007,2007-12-31,30684,7438,3,0.9953035116195679
NeuMF,2007,2007-12-31,30684,1690,4,0.9947456121444702
NeuMF,2007,2007-12-31,30684,6947,5,0.9945827126502991
NeuMF,2007,2007-12-31,30684,272,6,0.9938315153121948
NeuMF,2007,2007-12-31,30684,1584,7,0.9923043847084045
NeuMF,2007,2007-12-31,30684,2455,8,0.9918915033340454
NeuMF,2007,2007-12-31,30684,3704,9,0.9911530613899231
NeuMF,2007,2007-12-31,30684,4887,10,0.9910894632339478
NeuMF,2007,2007-12-31,30786,2403,1,0.9990750551223755
NeuMF,2007,2007-12-31,30786,1918,2,0.9984675049781799
NeuMF,2007,2007-12-31,30786,3113,3,0.9983174800872803
NeuMF,2007,2007-12-31,30786,5218,4,0.9969733953475952
NeuMF,2007,2007-12-31,30786,6281,5,0.9964843988418579
NeuMF,2007,2007-12-31,30786,1672,6,0.9960689544677734
NeuMF,2007,2007-12-31,30786,5464,7,0.9958571791648865
NeuMF,2007,2007-12-31,30786,5293,8,0.9957784414291382
NeuMF,2007,2007-12-31,30786,3654,9,0.9949350953102112
NeuMF,2007,2007-12-31,30786,2278,10,0.9948770403862
NeuMF,2007,2007-12-31,31281,3067,1,0.9997283816337585
NeuMF,2007,2007-12-31,31281,2732,2,0.9994839429855347
NeuMF,2007,2007-12-31,31281,1041,3,0.9992684721946716
NeuMF,2007,2007-12-31,31281,1188,4,0.9991858601570129
NeuMF,2007,2007-12-31,31281,2289,5,0.9990562796592712
NeuMF,2007,2007-12-31,31281,1673,6,0.9985085129737854
NeuMF,2007,2007-12-31,31281,3083,7,0.9984171390533447
NeuMF,2007,2007-12-31,31281,52,8,0.998241662979126
NeuMF,2007,2007-12-31,31281,58,9,0.9981772899627686
NeuMF,2007,2007-12-31,31281,1172,10,0.9980744123458862
NeuMF,2007,2007-12-31,31831,3499,1,0.9996545314788818
NeuMF,2007,2007-12-31,31831,3273,2,0.9996299743652344
NeuMF,2007,2007-12-31,31831,3752,3,0.9995169639587402
NeuMF,2007,2007-12-31,31831,2428,4,0.9994435906410217
NeuMF,2007,2007-12-31,31831,2699,5,0.999150276184082
NeuMF,2007,2007-12-31,31831,5679,6,0.9990012049674988
NeuMF,2007,2007-12-31,31831,3793,7,0.9988358616828918
NeuMF,2007,2007-12-31,31831,2881,8,0.9987351298332214
NeuMF,2007,2007-12-31,31831,2995,9,0.9986106157302856
NeuMF,2007,2007-12-31,31831,2455,10,0.998315691947937
NeuMF,2007,2007-12-31,31929,7895,1,0.9999740123748779
NeuMF,2007,2007-12-31,31929,7335,2,0.9999306201934814
NeuMF,2007,2007-12-31,31929,6023,3,0.9997848868370056
NeuMF,2007,2007-12-31,31929,8600,4,0.9996289014816284
NeuMF,2007,2007-12-31,31929,31770,5,0.999595582485199
NeuMF,2007,2007-12-31,31929,5333,6,0.9995183944702148
NeuMF,2007,2007-12-31,31929,1069,7,0.9994891881942749
NeuMF,2007,2007-12-31,31929,7013,8,0.9994553923606873
NeuMF,2007,2007-12-31,31929,8491,9,0.9993724226951599
NeuMF,2007,2007-12-31,31929,7210,10,0.9993399977684021
NeuMF,2007,2007-12-31,31959,6,1,0.9993667006492615
NeuMF,2007,2007-12-31,31959,111,2,0.9991430044174194
NeuMF,2007,2007-12-31,31959,589,3,0.9985546469688416
NeuMF,2007,2007-12-31,31959,47,4,0.9981470108032227
NeuMF,2007,2007-12-31,31959,608,5,0.9981268048286438
NeuMF,2007,2007-12-31,31959,50,6,0.9980741739273071
NeuMF,2007,2007-12-31,31959,380,7,0.996585488319397
NeuMF,2007,2007-12-31,31959,32,8,0.9964649677276611
NeuMF,2007,2007-12-31,31959,110,9,0.9949567914009094
NeuMF,2007,2007-12-31,31959,434,10,0.9944051504135132
NeuMF,2007,2007-12-31,32181,7980,1,0.9991647005081177
NeuMF,2007,2007-12-31,32181,8961,2,0.9988413453102112
NeuMF,2007,2007-12-31,32181,296,3,0.9985402822494507
NeuMF,2007,2007-12-31,32181,8958,4,0.9982208609580994
NeuMF,2007,2007-12-31,32181,356,5,0.9981352090835571
NeuMF,2007,2007-12-31,32181,8949,6,0.998079776763916
NeuMF,2007,2007-12-31,32181,4963,7,0.9980307221412659
NeuMF,2007,2007-12-31,32181,30707,8,0.997864305973053
NeuMF,2007,2007-12-31,32181,318,9,0.9975751042366028
NeuMF,2007,2007-12-31,32181,457,10,0.9973496198654175
NeuMF,2007,2007-12-31,32342,2381,1,0.9994262456893921
NeuMF,2007,2007-12-31,32342,40815,2,0.9992571473121643
NeuMF,2007,2007-12-31,32342,45447,3,0.9987415671348572
NeuMF,2007,2007-12-31,32342,466,4,0.9986423850059509
NeuMF,2007,2007-12-31,32342,8961,5,0.998418927192688
NeuMF,2007,2007-12-31,32342,8361,6,0.998258650302887
NeuMF,2007,2007-12-31,32342,34150,7,0.9975783228874207
NeuMF,2007,2007-12-31,32342,6377,8,0.9973613619804382
NeuMF,2007,2007-12-31,32342,6503,9,0.9973018169403076
NeuMF,2007,2007-12-31,32342,1882,10,0.9969539642333984
NeuMF,2007,2007-12-31,32457,7360,1,0.9981876015663147
NeuMF,2007,2007-12-31,32457,5283,2,0.996483325958252
NeuMF,2007,2007-12-31,32457,7137,3,0.9943709969520569
NeuMF,2007,2007-12-31,32457,2321,4,0.993954598903656
NeuMF,2007,2007-12-31,32457,3326,5,0.9933307766914368
NeuMF,2007,2007-12-31,32457,5015,6,0.9926062822341919
NeuMF,2007,2007-12-31,32457,1396,7,0.9909979104995728
NeuMF,2007,2007-12-31,32457,3032,8,0.990871012210846
NeuMF,2007,2007-12-31,32457,6880,9,0.9908081889152527
NeuMF,2007,2007-12-31,32457,7361,10,0.988457977771759
NeuMF,2007,2007-12-31,32466,1405,1,0.9993001222610474
NeuMF,2007,2007-12-31,32466,6620,2,0.9992607235908508
NeuMF,2007,2007-12-31,32466,1301,3,0.9991567134857178
NeuMF,2007,2007-12-31,32466,4552,4,0.9990476965904236
NeuMF,2007,2007-12-31,32466,34405,5,0.9989839196205139
NeuMF,2007,2007-12-31,32466,7323,6,0.9987726807594299
NeuMF,2007,2007-12-31,32466,4467,7,0.9987102746963501
NeuMF,2007,2007-12-31,32466,1194,8,0.998610258102417
NeuMF,2007,2007-12-31,32466,8014,9,0.9984355568885803
NeuMF,2007,2007-12-31,32466,4499,10,0.9983622431755066
NeuMF,2007,2007-12-31,32595,6709,1,0.9984405636787415
NeuMF,2007,2007-12-31,32595,329,2,0.998292863368988
NeuMF,2007,2007-12-31,32595,6365,3,0.9980342984199524
NeuMF,2007,2007-12-31,32595,589,4,0.9979225993156433
NeuMF,2007,2007-12-31,32595,6934,5,0.9972672462463379
NeuMF,2007,2007-12-31,32595,5944,6,0.9968112111091614
NeuMF,2007,2007-12-31,32595,553,7,0.996504545211792
NeuMF,2007,2007-12-31,32595,1372,8,0.9962306618690491
NeuMF,2007,2007-12-31,32595,5388,9,0.9952310919761658
NeuMF,2007,2007-12-31,32595,4234,10,0.994847297668457
NeuMF,2007,2007-12-31,32711,2347,1,0.9998918771743774
NeuMF,2007,2007-12-31,32711,306,2,0.9974936246871948
NeuMF,2007,2007-12-31,32711,6016,3,0.9972454309463501
NeuMF,2007,2007-12-31,32711,2967,4,0.9968363046646118
NeuMF,2007,2007-12-31,32711,907,5,0.9964131712913513
NeuMF,2007,2007-12-31,32711,42004,6,0.9962695837020874
NeuMF,2007,2007-12-31,32711,945,7,0.9953212141990662
NeuMF,2007,2007-12-31,32711,1929,8,0.99503493309021
NeuMF,2007,2007-12-31,32711,45950,9,0.9949862957000732
NeuMF,2007,2007-12-31,32711,2495,10,0.9944788217544556
NeuMF,2007,2007-12-31,32815,7360,1,0.9992433786392212
NeuMF,2007,2007-12-31,32815,7143,2,0.9989567995071411
NeuMF,2007,2007-12-31,32815,8636,3,0.998854398727417
NeuMF,2007,2007-12-31,32815,6893,4,0.9985427856445312
NeuMF,2007,2007-12-31,32815,8644,5,0.9978779554367065
NeuMF,2007,2007-12-31,32815,4226,6,0.9977136850357056
NeuMF,2007,2007-12-31,32815,5388,7,0.996624231338501
NeuMF,2007,2007-12-31,32815,5010,8,0.9964451193809509
NeuMF,2007,2007-12-31,32815,6333,9,0.9961845278739929
NeuMF,2007,2007-12-31,32815,27831,10,0.9956762194633484
NeuMF,2007,2007-12-31,32897,44665,1,0.9999345541000366
NeuMF,2007,2007-12-31,32897,27773,2,0.999699592590332
NeuMF,2007,2007-12-31,32897,2329,3,0.9996644258499146
NeuMF,2007,2007-12-31,32897,34437,4,0.9995926022529602
NeuMF,2007,2007-12-31,32897,5388,5,0.9995525479316711
NeuMF,2007,2007-12-31,32897,36529,6,0.9995452761650085
NeuMF,2007,2007-12-31,32897,7438,7,0.9994508624076843
NeuMF,2007,2007-12-31,32897,4776,8,0.9991043210029602
NeuMF,2007,2007-12-31,32897,7143,9,0.9990297555923462
NeuMF,2007,2007-12-31,32897,2959,10,0.9988042116165161
NeuMF,2007,2007-12-31,32974,2732,1,0.9992897510528564
NeuMF,2007,2007-12-31,32974,2212,2,0.9991710186004639
NeuMF,2007,2007-12-31,32974,7234,3,0.9990465044975281
NeuMF,2007,2007-12-31,32974,4912,4,0.998765230178833
NeuMF,2007,2007-12-31,32974,936,5,0.9985904097557068
NeuMF,2007,2007-12-31,32974,901,6,0.9985172152519226
NeuMF,2007,2007-12-31,32974,1131,7,0.9983742237091064
NeuMF,2007,2007-12-31,32974,4356,8,0.9981849789619446
NeuMF,2007,2007-12-31,32974,2973,9,0.9981285929679871
NeuMF,2007,2007-12-31,32974,1276,10,0.9978182315826416
NeuMF,2007,2007-12-31,33174,531,1,0.9997958540916443
NeuMF,2007,2007-12-31,33174,906,2,0.9992200136184692
NeuMF,2007,2007-12-31,33174,898,3,0.9990171194076538
NeuMF,2007,2007-12-31,33174,1962,4,0.9989940524101257
NeuMF,2007,2007-12-31,33174,927,5,0.9989751577377319
NeuMF,2007,2007-12-31,33174,2612,6,0.9988822340965271
NeuMF,2007,2007-12-31,33174,951,7,0.9986705780029297
NeuMF,2007,2007-12-31,33174,5099,8,0.9986416697502136
NeuMF,2007,2007-12-31,33174,7057,9,0.9986017346382141
NeuMF,2007,2007-12-31,33174,4360,10,0.9984090924263
NeuMF,2007,2007-12-31,33355,4782,1,0.9975464940071106
NeuMF,2007,2007-12-31,33355,233,2,0.9975130558013916
NeuMF,2007,2007-12-31,33355,4867,3,0.9973284006118774
NeuMF,2007,2007-12-31,33355,4849,4,0.9963567852973938
NeuMF,2007,2007-12-31,33355,3882,5,0.9949854612350464
NeuMF,2007,2007-12-31,33355,4308,6,0.9948809146881104
NeuMF,2007,2007-12-31,33355,7160,7,0.9947420358657837
NeuMF,2007,2007-12-31,33355,337,8,0.9944738745689392
NeuMF,2007,2007-12-31,33355,2272,9,0.9939561486244202
NeuMF,2007,2007-12-31,33355,2205,10,0.993854284286499
NeuMF,2007,2007-12-31,33432,33493,1,0.999313235282898
NeuMF,2007,2007-12-31,33432,8636,2,0.9993034601211548
NeuMF,2007,2007-12-31,33432,27773,3,0.9987886548042297
NeuMF,2007,2007-12-31,33432,7090,4,0.9986722469329834
NeuMF,2007,2007-12-31,33432,6539,5,0.9982454776763916
NeuMF,2007,2007-12-31,33432,34319,6,0.9979390501976013
NeuMF,2007,2007-12-31,33432,41569,7,0.9979336261749268
NeuMF,2007,2007-12-31,33432,8665,8,0.9970887303352356
NeuMF,2007,2007-12-31,33432,8360,9,0.9966680407524109
NeuMF,2007,2007-12-31,33432,7022,10,0.9966367483139038
NeuMF,2007,2007-12-31,33941,2431,1,0.998376727104187
NeuMF,2007,2007-12-31,33941,1020,2,0.9979254007339478
NeuMF,2007,2007-12-31,33941,1079,3,0.9978229999542236
NeuMF,2007,2007-12-31,33941,1228,4,0.9974232912063599
NeuMF,2007,2007-12-31,33941,4023,5,0.997401237487793
NeuMF,2007,2007-12-31,33941,527,6,0.9961380362510681
NeuMF,2007,2007-12-31,33941,1036,7,0.9958575367927551
NeuMF,2007,2007-12-31,33941,3408,8,0.9957869648933411
NeuMF,2007,2007-12-31,33941,2352,9,0.9957311749458313
NeuMF,2007,2007-12-31,33941,2539,10,0.9950222969055176
NeuMF,2007,2007-12-31,34348,33493,1,0.999891996383667
NeuMF,2007,2007-12-31,34348,4896,2,0.9997864365577698
NeuMF,2007,2007-12-31,34348,5378,3,0.9997058510780334
NeuMF,2007,2007-12-31,34348,45431,4,0.9995013475418091
NeuMF,2007,2007-12-31,34348,45722,5,0.9993460774421692
NeuMF,2007,2007-12-31,34348,364,6,0.9992963075637817
NeuMF,2007,2007-12-31,34348,33166,7,0.9989330172538757
NeuMF,2007,2007-12-31,34348,32031,8,0.9986453652381897
NeuMF,2007,2007-12-31,34348,2628,9,0.9984632730484009
NeuMF,2007,2007-12-31,34348,4022,10,0.9978650212287903
NeuMF,2007,2007-12-31,34369,2391,1,0.9954996705055237
NeuMF,2007,2007-12-31,34369,2915,2,0.9954402446746826
NeuMF,2007,2007-12-31,34369,3093,3,0.9947342872619629
NeuMF,2007,2007-12-31,34369,3700,4,0.9940394163131714
NeuMF,2007,2007-12-31,34369,3526,5,0.9938872456550598
NeuMF,2007,2007-12-31,34369,3019,6,0.9935546517372131
NeuMF,2007,2007-12-31,34369,8880,7,0.9930176734924316
NeuMF,2007,2007-12-31,34369,3007,8,0.9929137229919434
NeuMF,2007,2007-12-31,34369,3550,9,0.9927514791488647
NeuMF,2007,2007-12-31,34369,1392,10,0.9921046495437622
NeuMF,2007,2007-12-31,34640,3363,1,0.9994656443595886
NeuMF,2007,2007-12-31,34640,3683,2,0.9988231062889099
NeuMF,2007,2007-12-31,34640,3812,3,0.9986883997917175
NeuMF,2007,2007-12-31,34640,370,4,0.9984488487243652
NeuMF,2007,2007-12-31,34640,535,5,0.9982929825782776
NeuMF,2007,2007-12-31,34640,2580,6,0.9982922673225403
NeuMF,2007,2007-12-31,34640,1148,7,0.9977426528930664
NeuMF,2007,2007-12-31,34640,1673,8,0.9976680874824524
NeuMF,2007,2007-12-31,34640,3910,9,0.9976599216461182
NeuMF,2007,2007-12-31,34640,745,10,0.9976557493209839
NeuMF,2007,2007-12-31,34709,2728,1,0.9996076226234436
NeuMF,2007,2007-12-31,34709,5899,2,0.999523401260376
NeuMF,2007,2007-12-31,34709,4443,3,0.9994879961013794
NeuMF,2007,2007-12-31,34709,2664,4,0.9993797540664673
NeuMF,2007,2007-12-31,34709,760,5,0.9990838766098022
NeuMF,2007,2007-12-31,34709,5643,6,0.9990554451942444
NeuMF,2007,2007-12-31,34709,1276,7,0.9990450739860535
NeuMF,2007,2007-12-31,34709,1945,8,0.9990324974060059
NeuMF,2007,2007-12-31,34709,2670,9,0.9989781379699707
NeuMF,2007,2007-12-31,34709,6459,10,0.9988107681274414
NeuMF,2007,2007-12-31,35038,39292,1,0.9983932375907898
NeuMF,2007,2007-12-31,35038,1957,2,0.9967744946479797
NeuMF,2007,2007-12-31,35038,2409,3,0.9964549541473389
NeuMF,2007,2007-12-31,35038,587,4,0.9953994154930115
NeuMF,2007,2007-12-31,35038,3152,5,0.995205819606781
NeuMF,2007,2007-12-31,35038,2231,6,0.9949689507484436
NeuMF,2007,2007-12-31,35038,2803,7,0.9947385191917419
NeuMF,2007,2007-12-31,35038,2424,8,0.9941530823707581
NeuMF,2007,2007-12-31,35038,2420,9,0.9938051700592041
NeuMF,2007,2007-12-31,35038,1307,10,0.9932871460914612
NeuMF,2007,2007-12-31,35243,45722,1,0.9999147653579712
NeuMF,2007,2007-12-31,35243,44193,2,0.9974258542060852
NeuMF,2007,2007-12-31,35243,8958,3,0.9972436428070068
NeuMF,2007,2007-12-31,35243,1380,4,0.9967522621154785
NeuMF,2007,2007-12-31,35243,31410,5,0.9963123202323914
NeuMF,2007,2007-12-31,35243,6887,6,0.9962456822395325
NeuMF,2007,2007-12-31,35243,27660,7,0.9960957169532776
NeuMF,2007,2007-12-31,35243,45210,8,0.995854914188385
NeuMF,2007,2007-12-31,35243,34162,9,0.9957214593887329
NeuMF,2007,2007-12-31,35243,33493,10,0.9953102469444275
NeuMF,2007,2007-12-31,35441,3910,1,0.9999120235443115
NeuMF,2007,2007-12-31,35441,5878,2,0.9995785355567932
NeuMF,2007,2007-12-31,35441,7323,3,0.9992133378982544
NeuMF,2007,2007-12-31,35441,7371,4,0.9988359808921814
NeuMF,2007,2007-12-31,35441,6242,5,0.9985415935516357
NeuMF,2007,2007-12-31,35441,5669,6,0.9984385371208191
NeuMF,2007,2007-12-31,35441,6890,7,0.9983043670654297
NeuMF,2007,2007-12-31,35441,8360,8,0.998058021068573
NeuMF,2007,2007-12-31,35441,5617,9,0.9980509281158447
NeuMF,2007,2007-12-31,35441,4226,10,0.997929573059082
NeuMF,2007,2007-12-31,35894,3697,1,0.999954104423523
NeuMF,2007,2007-12-31,35894,1320,2,0.999850869178772
NeuMF,2007,2007-12-31,35894,3704,3,0.9990457892417908
NeuMF,2007,2007-12-31,35894,4744,4,0.9990426898002625
NeuMF,2007,2007-12-31,35894,2985,5,0.9988241791725159
NeuMF,2007,2007-12-31,35894,5065,6,0.9986814856529236
NeuMF,2007,2007-12-31,35894,4036,7,0.9985656142234802
NeuMF,2007,2007-12-31,35894,4865,8,0.9983662962913513
NeuMF,2007,2007-12-31,35894,1438,9,0.9982401132583618
NeuMF,2007,2007-12-31,35894,3949,10,0.9980347752571106
NeuMF,2007,2007-12-31,35970,7361,1,0.9998130202293396
NeuMF,2007,2007-12-31,35970,8464,2,0.9996169805526733
NeuMF,2007,2007-12-31,35970,30707,3,0.9993202686309814
NeuMF,2007,2007-12-31,35970,6863,4,0.9992631077766418
NeuMF,2007,2007-12-31,35970,8665,5,0.9991944432258606
NeuMF,2007,2007-12-31,35970,2011,6,0.9988558292388916
NeuMF,2007,2007-12-31,35970,3996,7,0.9986353516578674
NeuMF,2007,2007-12-31,35970,1193,8,0.9983862638473511
NeuMF,2007,2007-12-31,35970,8644,9,0.9983221888542175
NeuMF,2007,2007-12-31,35970,8970,10,0.9982323050498962
NeuMF,2007,2007-12-31,36152,8361,1,0.9998995065689087
NeuMF,2007,2007-12-31,36152,745,2,0.999772846698761
NeuMF,2007,2007-12-31,36152,6378,3,0.9997432827949524
NeuMF,2007,2007-12-31,36152,2355,4,0.9987466335296631
NeuMF,2007,2007-12-31,36152,1610,5,0.9985939860343933
NeuMF,2007,2007-12-31,36152,6889,6,0.9985136389732361
NeuMF,2007,2007-12-31,36152,5504,7,0.9984496831893921
NeuMF,2007,2007-12-31,36152,1148,8,0.9982801675796509
NeuMF,2007,2007-12-31,36152,2115,9,0.997728168964386
NeuMF,2007,2007-12-31,36152,1517,10,0.9972901344299316
NeuMF,2007,2007-12-31,36535,41285,1,0.9984098672866821
NeuMF,2007,2007-12-31,36535,3678,2,0.9980411529541016
NeuMF,2007,2007-12-31,36535,38886,3,0.9977241158485413
NeuMF,2007,2007-12-31,36535,1945,4,0.9975848197937012
NeuMF,2007,2007-12-31,36535,45447,5,0.9971871972084045
NeuMF,2007,2007-12-31,36535,1953,6,0.9964250922203064
NeuMF,2007,2007-12-31,36535,2728,7,0.9962722063064575
NeuMF,2007,2007-12-31,36535,4174,8,0.9961487054824829
NeuMF,2007,2007-12-31,36535,3011,9,0.9958835244178772
NeuMF,2007,2007-12-31,36535,32598,10,0.9947150349617004
NeuMF,2007,2007-12-31,37026,45447,1,0.9993599057197571
NeuMF,2007,2007-12-31,37026,3793,2,0.9988263249397278
NeuMF,2007,2007-12-31,37026,4886,3,0.9987338185310364
NeuMF,2007,2007-12-31,37026,2542,4,0.9985677003860474
NeuMF,2007,2007-12-31,37026,6377,5,0.9983972907066345
NeuMF,2007,2007-12-31,37026,7325,6,0.9974812865257263
NeuMF,2007,2007-12-31,37026,5872,7,0.9973018169403076
NeuMF,2007,2007-12-31,37026,1270,8,0.9971163272857666
NeuMF,2007,2007-12-31,37026,2617,9,0.9970809817314148
NeuMF,2007,2007-12-31,37026,2167,10,0.9970633387565613
NeuMF,2007,2007-12-31,37075,4424,1,0.9992886781692505
NeuMF,2007,2007-12-31,37075,3733,2,0.9992274045944214
NeuMF,2007,2007-12-31,37075,3152,3,0.9983718991279602
NeuMF,2007,2007-12-31,37075,1303,4,0.9983162879943848
NeuMF,2007,2007-12-31,37075,265,5,0.9982682466506958
NeuMF,2007,2007-12-31,37075,1238,6,0.9981367588043213
NeuMF,2007,2007-12-31,37075,1210,7,0.9980949759483337
NeuMF,2007,2007-12-31,37075,1097,8,0.997793436050415
NeuMF,2007,2007-12-31,37075,3471,9,0.9976704716682434
NeuMF,2007,2007-12-31,37075,3342,10,0.9975470900535583
NeuMF,2007,2007-12-31,37331,2827,1,0.9994171857833862
NeuMF,2007,2007-12-31,37331,6187,2,0.9993247985839844
NeuMF,2007,2007-12-31,37331,6155,3,0.9992454051971436
NeuMF,2007,2007-12-31,37331,8665,4,0.9985120892524719
NeuMF,2007,2007-12-31,37331,5081,5,0.9981927275657654
NeuMF,2007,2007-12-31,37331,7450,6,0.9980940222740173
NeuMF,2007,2007-12-31,37331,1573,7,0.9980302453041077
NeuMF,2007,2007-12-31,37331,1833,8,0.9978075623512268
NeuMF,2007,2007-12-31,37331,3825,9,0.9976356029510498
NeuMF,2007,2007-12-31,37331,8957,10,0.997545063495636
NeuMF,2007,2007-12-31,37390,4546,1,0.9997991919517517
NeuMF,2007,2007-12-31,37390,2844,2,0.9996148347854614
NeuMF,2007,2007-12-31,37390,213,3,0.9989598989486694
NeuMF,2007,2007-12-31,37390,1260,4,0.9988119602203369
NeuMF,2007,2007-12-31,37390,233,5,0.99735426902771
NeuMF,2007,2007-12-31,37390,5637,6,0.9973468780517578
NeuMF,2007,2007-12-31,37390,89,7,0.9967159032821655
NeuMF,2007,2007-12-31,37390,2883,8,0.9963878393173218
NeuMF,2007,2007-12-31,37390,2935,9,0.9950442314147949
NeuMF,2007,2007-12-31,37390,1217,10,0.9948082566261292
NeuMF,2007,2007-12-31,37585,7160,1,0.9982946515083313
NeuMF,2007,2007-12-31,37585,3608,2,0.9960861206054688
NeuMF,2007,2007-12-31,37585,1517,3,0.9959814548492432
NeuMF,2007,2007-12-31,37585,456,4,0.9950502514839172
NeuMF,2007,2007-12-31,37585,372,5,0.9946712851524353
NeuMF,2007,2007-12-31,37585,4043,6,0.9946702122688293
NeuMF,2007,2007-12-31,37585,2133,7,0.9942901134490967
NeuMF,2007,2007-12-31,37585,8784,8,0.9941534399986267
NeuMF,2007,2007-12-31,37585,358,9,0.9939324259757996
NeuMF,2007,2007-12-31,37585,3740,10,0.9933375120162964
NeuMF,2007,2007-12-31,37594,8798,1,0.9998034834861755
NeuMF,2007,2007-12-31,37594,6502,2,0.9997665286064148
NeuMF,2007,2007-12-31,37594,6870,3,0.9997569918632507
NeuMF,2007,2007-12-31,37594,5989,4,0.9995062351226807
NeuMF,2007,2007-12-31,37594,6323,5,0.9994907379150391
NeuMF,2007,2007-12-31,37594,6281,6,0.999393105506897
NeuMF,2007,2007-12-31,37594,5445,7,0.9993687272071838
NeuMF,2007,2007-12-31,37594,7143,8,0.9993174076080322
NeuMF,2007,2007-12-31,37594,5528,9,0.999160885810852
NeuMF,2007,2007-12-31,37594,7147,10,0.9990513920783997
NeuMF,2007,2007-12-31,37759,3787,1,0.999779999256134
NeuMF,2007,2007-12-31,37759,1719,2,0.9984384179115295
NeuMF,2007,2007-12-31,37759,1845,3,0.9980167150497437
NeuMF,2007,2007-12-31,37759,4506,4,0.9978917241096497
NeuMF,2007,2007-12-31,37759,1733,5,0.9977854490280151
NeuMF,2007,2007-12-31,37759,4160,6,0.9968492388725281
NeuMF,2007,2007-12-31,37759,2236,7,0.9967435598373413
NeuMF,2007,2007-12-31,37759,2442,8,0.9965754151344299
NeuMF,2007,2007-12-31,37759,4151,9,0.9961565136909485
NeuMF,2007,2007-12-31,37759,5686,10,0.9959297776222229
NeuMF,2007,2007-12-31,37795,43376,1,0.9999880790710449
NeuMF,2007,2007-12-31,37795,31410,2,0.9999239444732666
NeuMF,2007,2007-12-31,37795,40966,3,0.9999196529388428
NeuMF,2007,2007-12-31,37795,5528,4,0.9998064637184143
NeuMF,2007,2007-12-31,37795,44694,5,0.9997485280036926
NeuMF,2007,2007-12-31,37795,8970,6,0.9996064305305481
NeuMF,2007,2007-12-31,37795,8645,7,0.9995788931846619
NeuMF,2007,2007-12-31,37795,3910,8,0.9994733929634094
NeuMF,2007,2007-12-31,37795,42418,9,0.9988572597503662
NeuMF,2007,2007-12-31,37795,41997,10,0.9987263083457947
NeuMF,2007,2007-12-31,37885,5391,1,0.9996786117553711
NeuMF,2007,2007-12-31,37885,1701,2,0.99943608045578
NeuMF,2007,2007-12-31,37885,3178,3,0.9993182420730591
NeuMF,2007,2007-12-31,37885,3819,4,0.9988962411880493
NeuMF,2007,2007-12-31,37885,3071,5,0.9987164735794067
NeuMF,2007,2007-12-31,37885,3862,6,0.9985775947570801
NeuMF,2007,2007-12-31,37885,5792,7,0.9980430603027344
NeuMF,2007,2007-12-31,37885,4616,8,0.9978247880935669
NeuMF,2007,2007-12-31,37885,3480,9,0.9974838495254517
NeuMF,2007,2007-12-31,37885,5890,10,0.9972901344299316
NeuMF,2007,2007-12-31,38237,2420,1,0.9986907839775085
NeuMF,2007,2007-12-31,38237,2059,2,0.9970627427101135
NeuMF,2007,2007-12-31,38237,1022,3,0.996468186378479
NeuMF,2007,2007-12-31,38237,1693,4,0.9946333169937134
NeuMF,2007,2007-12-31,38237,6565,5,0.9945460557937622
NeuMF,2007,2007-12-31,38237,4823,6,0.9933980703353882
NeuMF,2007,2007-12-31,38237,6936,7,0.9933419823646545
NeuMF,2007,2007-12-31,38237,5377,8,0.9928709864616394
NeuMF,2007,2007-12-31,38237,2139,9,0.9928207993507385
NeuMF,2007,2007-12-31,38237,1962,10,0.9927042722702026
NeuMF,2007,2007-12-31,38697,34162,1,0.9990469813346863
NeuMF,2007,2007-12-31,38697,4465,2,0.9989559650421143
NeuMF,2007,2007-12-31,38697,4496,3,0.9989006519317627
NeuMF,2007,2007-12-31,38697,1610,4,0.9986775517463684
NeuMF,2007,2007-12-31,38697,33166,5,0.9982853531837463
NeuMF,2007,2007-12-31,38697,4262,6,0.9980702996253967
NeuMF,2007,2007-12-31,38697,2028,7,0.9978062510490417
NeuMF,2007,2007-12-31,38697,2542,8,0.9977543950080872
NeuMF,2007,2007-12-31,38697,296,9,0.9976966977119446
NeuMF,2007,2007-12-31,38697,8972,10,0.9976897239685059
NeuMF,2007,2007-12-31,38862,46530,1,0.9996460676193237
NeuMF,2007,2007-12-31,38862,7361,2,0.9992726445198059
NeuMF,2007,2007-12-31,38862,45186,3,0.9991056323051453
NeuMF,2007,2007-12-31,38862,37386,4,0.9989330172538757
NeuMF,2007,2007-12-31,38862,41569,5,0.9988492727279663
NeuMF,2007,2007-12-31,38862,41285,6,0.9984845519065857
NeuMF,2007,2007-12-31,38862,41566,7,0.9972496628761292
NeuMF,2007,2007-12-31,38862,34162,8,0.9972152709960938
NeuMF,2007,2007-12-31,38862,6502,9,0.997165858745575
NeuMF,2007,2007-12-31,38862,8636,10,0.996446430683136
NeuMF,2007,2007-12-31,38872,7153,1,0.9999607801437378
NeuMF,2007,2007-12-31,38872,5378,2,0.9997989535331726
NeuMF,2007,2007-12-31,38872,6333,3,0.9997121691703796
NeuMF,2007,2007-12-31,38872,8644,4,0.9995193481445312
NeuMF,2007,2007-12-31,38872,2571,5,0.9994732737541199
NeuMF,2007,2007-12-31,38872,3034,6,0.9994139671325684
NeuMF,2007,2007-12-31,38872,3994,7,0.999148964881897
NeuMF,2007,2007-12-31,38872,2628,8,0.9989511966705322
NeuMF,2007,2007-12-31,38872,7454,9,0.9987431168556213
NeuMF,2007,2007-12-31,38872,592,10,0.9987204074859619
NeuMF,2007,2007-12-31,39010,39292,1,0.9998821020126343
NeuMF,2007,2007-12-31,39010,1131,2,0.9997788071632385
NeuMF,2007,2007-12-31,39010,3498,3,0.9997583031654358
NeuMF,2007,2007-12-31,39010,3101,4,0.9992380142211914
NeuMF,2007,2007-12-31,39010,2858,5,0.999213457107544
NeuMF,2007,2007-12-31,39010,1952,6,0.9991070628166199
NeuMF,2007,2007-12-31,39010,3015,7,0.9990205764770508
NeuMF,2007,2007-12-31,39010,3551,8,0.998832643032074
NeuMF,2007,2007-12-31,39010,1299,9,0.9987083673477173
NeuMF,2007,2007-12-31,39010,615,10,0.9987013339996338
NeuMF,2007,2007-12-31,39701,3556,1,0.9993157386779785
NeuMF,2007,2007-12-31,39701,3983,2,0.9966675639152527
NeuMF,2007,2007-12-31,39701,3317,3,0.9965981841087341
NeuMF,2007,2007-12-31,39701,8638,4,0.9964516162872314
NeuMF,2007,2007-12-31,39701,4642,5,0.9958269000053406
NeuMF,2007,2007-12-31,39701,4017,6,0.9957075119018555
NeuMF,2007,2007-12-31,39701,3863,7,0.9945346117019653
NeuMF,2007,2007-12-31,39701,1213,8,0.9933244585990906
NeuMF,2007,2007-12-31,39701,4308,9,0.9931986927986145
NeuMF,2007,2007-12-31,39701,3504,10,0.992912232875824
NeuMF,2007,2007-12-31,40195,6934,1,0.9987033605575562
NeuMF,2007,2007-12-31,40195,5679,2,0.9985283613204956
NeuMF,2007,2007-12-31,40195,6323,3,0.9984692931175232
NeuMF,2007,2007-12-31,40195,7048,4,0.9982323050498962
NeuMF,2007,2007-12-31,40195,44191,5,0.9982206225395203
NeuMF,2007,2007-12-31,40195,5809,6,0.9982171654701233
NeuMF,2007,2007-12-31,40195,6213,7,0.9980378746986389
NeuMF,2007,2007-12-31,40195,2232,8,0.997718334197998
NeuMF,2007,2007-12-31,40195,3949,9,0.9970371723175049
NeuMF,2007,2007-12-31,40195,5785,10,0.9968478083610535
NeuMF,2007,2007-12-31,40325,1025,1,0.9997596144676208
NeuMF,2007,2007-12-31,40325,2193,2,0.9987720847129822
NeuMF,2007,2007-12-31,40325,40815,3,0.998663067817688
NeuMF,2007,2007-12-31,40325,3275,4,0.9985265731811523
NeuMF,2007,2007-12-31,40325,1023,5,0.9978725910186768
NeuMF,2007,2007-12-31,40325,39292,6,0.9968382120132446
NeuMF,2007,2007-12-31,40325,7090,7,0.9965798258781433
NeuMF,2007,2007-12-31,40325,1967,8,0.9964523315429688
NeuMF,2007,2007-12-31,40325,7143,9,0.9963523149490356
NeuMF,2007,2007-12-31,40325,928,10,0.9959536790847778
NeuMF,2007,2007-12-31,40411,8641,1,0.9995216131210327
NeuMF,2007,2007-12-31,40411,8807,2,0.9993423819541931
NeuMF,2007,2007-12-31,40411,8376,3,0.9991288781166077
NeuMF,2007,2007-12-31,40411,6373,4,0.9988112449645996
NeuMF,2007,2007-12-31,40411,31696,5,0.9987784028053284
NeuMF,2007,2007-12-31,40411,5283,6,0.998675525188446
NeuMF,2007,2007-12-31,40411,7361,7,0.9985287189483643
NeuMF,2007,2007-12-31,40411,45722,8,0.9983475208282471
NeuMF,2007,2007-12-31,40411,46530,9,0.9982786178588867
NeuMF,2007,2007-12-31,40411,4734,10,0.9982323050498962
NeuMF,2007,2007-12-31,40420,44199,1,0.9995325803756714
NeuMF,2007,2007-12-31,40420,2995,2,0.9993674159049988
NeuMF,2007,2007-12-31,40420,37727,3,0.9972809553146362
NeuMF,2007,2007-12-31,40420,31,4,0.9968173503875732
NeuMF,2007,2007-12-31,40420,48516,5,0.9964509010314941
NeuMF,2007,2007-12-31,40420,1997,6,0.9963098168373108
NeuMF,2007,2007-12-31,40420,5502,7,0.9960306286811829
NeuMF,2007,2007-12-31,40420,7318,8,0.9960285425186157
NeuMF,2007,2007-12-31,40420,1981,9,0.9958167672157288
NeuMF,2007,2007-12-31,40420,33085,10,0.9948446750640869
NeuMF,2007,2007-12-31,40456,1649,1,0.9990435242652893
NeuMF,2007,2007-12-31,40456,1449,2,0.9984813332557678
NeuMF,2007,2007-12-31,40456,4496,3,0.997663140296936
NeuMF,2007,2007-12-31,40456,2010,4,0.9968036413192749
NeuMF,2007,2007-12-31,40456,41,5,0.9965548515319824
NeuMF,2007,2007-12-31,40456,3071,6,0.9964240193367004
NeuMF,2007,2007-12-31,40456,4555,7,0.9960088729858398
NeuMF,2007,2007-12-31,40456,33004,8,0.995819091796875
NeuMF,2007,2007-12-31,40456,3169,9,0.9946938157081604
NeuMF,2007,2007-12-31,40456,6993,10,0.9942919015884399
NeuMF,2007,2007-12-31,40568,6378,1,0.9988206028938293
NeuMF,2007,2007-12-31,40568,2797,2,0.9985042810440063
NeuMF,2007,2007-12-31,40568,4022,3,0.9982922673225403
NeuMF,2007,2007-12-31,40568,7027,4,0.9977789521217346
NeuMF,2007,2007-12-31,40568,6979,5,0.9975415468215942
NeuMF,2007,2007-12-31,40568,3471,6,0.997370719909668
NeuMF,2007,2007-12-31,40568,40815,7,0.9972328543663025
NeuMF,2007,2007-12-31,40568,3256,8,0.9970878958702087
NeuMF,2007,2007-12-31,40568,3527,9,0.9970297813415527
NeuMF,2007,2007-12-31,40568,7147,10,0.9967734217643738
NeuMF,2007,2007-12-31,40685,296,1,0.9976595640182495
NeuMF,2007,2007-12-31,40685,593,2,0.9949357509613037
NeuMF,2007,2007-12-31,40685,527,3,0.9948798418045044
NeuMF,2007,2007-12-31,40685,110,4,0.9936485886573792
NeuMF,2007,2007-12-31,40685,356,5,0.9933027029037476
NeuMF,2007,2007-12-31,40685,457,6,0.9926201701164246
NeuMF,2007,2007-12-31,40685,47,7,0.983910322189331
NeuMF,2007,2007-12-31,40685,590,8,0.9820302128791809
NeuMF,2007,2007-12-31,40685,608,9,0.9816104173660278
NeuMF,2007,2007-12-31,40685,1,10,0.9668689370155334
NeuMF,2007,2007-12-31,40731,5414,1,0.9998650550842285
NeuMF,2007,2007-12-31,40731,4310,2,0.9998137354850769
NeuMF,2007,2007-12-31,40731,4446,3,0.9996403455734253
NeuMF,2007,2007-12-31,40731,4718,4,0.9996079802513123
NeuMF,2007,2007-12-31,40731,5459,5,0.9995449185371399
NeuMF,2007,2007-12-31,40731,1917,6,0.999498724937439
NeuMF,2007,2007-12-31,40731,5378,7,0.9994729161262512
NeuMF,2007,2007-12-31,40731,44665,8,0.9994527697563171
NeuMF,2007,2007-12-31,40731,4226,9,0.9993347525596619
NeuMF,2007,2007-12-31,40731,4887,10,0.9991804957389832
NeuMF,2007,2007-12-31,41323,45722,1,0.9999016523361206
NeuMF,2007,2007-12-31,41323,45447,2,0.9994775652885437
NeuMF,2007,2007-12-31,41323,5378,3,0.9993795156478882
NeuMF,2007,2007-12-31,41323,4306,4,0.9993307590484619
NeuMF,2007,2007-12-31,41323,5445,5,0.9993188381195068
NeuMF,2007,2007-12-31,41323,3081,6,0.9990295171737671
NeuMF,2007,2007-12-31,41323,4973,7,0.9988806843757629
NeuMF,2007,2007-12-31,41323,5989,8,0.9985735416412354
NeuMF,2007,2007-12-31,41323,33794,9,0.9981985688209534
NeuMF,2007,2007-12-31,41323,45431,10,0.9980307221412659
NeuMF,2007,2007-12-31,41457,45672,1,0.9984936714172363
NeuMF,2007,2007-12-31,41457,1022,2,0.9969224333763123
NeuMF,2007,2007-12-31,41457,2085,3,0.9959316849708557
NeuMF,2007,2007-12-31,41457,2078,4,0.9944742321968079
NeuMF,2007,2007-12-31,41457,34405,5,0.9944683313369751
NeuMF,2007,2007-12-31,41457,37830,6,0.9927064776420593
NeuMF,2007,2007-12-31,41457,2161,7,0.9902452230453491
NeuMF,2007,2007-12-31,41457,1031,8,0.988771378993988
NeuMF,2007,2007-12-31,41457,2096,9,0.9861524105072021
NeuMF,2007,2007-12-31,41457,552,10,0.9839702248573303
NeuMF,2007,2007-12-31,41484,7147,1,0.9972772002220154
NeuMF,2007,2007-12-31,41484,27773,2,0.995746910572052
NeuMF,2007,2007-12-31,41484,45517,3,0.9951961636543274
NeuMF,2007,2007-12-31,41484,4226,4,0.9949803948402405
NeuMF,2007,2007-12-31,41484,2232,5,0.9944655299186707
NeuMF,2007,2007-12-31,41484,6155,6,0.9944631457328796
NeuMF,2007,2007-12-31,41484,7371,7,0.9938713312149048
NeuMF,2007,2007-12-31,41484,1209,8,0.9929424524307251
NeuMF,2007,2007-12-31,41484,7151,9,0.992455244064331
NeuMF,2007,2007-12-31,41484,7153,10,0.9922183752059937
NeuMF,2007,2007-12-31,41613,5049,1,0.9981641173362732
NeuMF,2007,2007-12-31,41613,5989,2,0.9975429773330688
NeuMF,2007,2007-12-31,41613,3635,3,0.9963057041168213
NeuMF,2007,2007-12-31,41613,2600,4,0.995806097984314
NeuMF,2007,2007-12-31,41613,5293,5,0.9921731948852539
NeuMF,2007,2007-12-31,41613,1372,6,0.9919794797897339
NeuMF,2007,2007-12-31,41613,1954,7,0.9916762113571167
NeuMF,2007,2007-12-31,41613,4007,8,0.9909013509750366
NeuMF,2007,2007-12-31,41613,6378,9,0.9902216196060181
NeuMF,2007,2007-12-31,41613,5956,10,0.9902200102806091
NeuMF,2007,2007-12-31,41955,4292,1,0.9990179538726807
NeuMF,2007,2007-12-31,41955,3978,2,0.9981328845024109
NeuMF,2007,2007-12-31,41955,6450,3,0.997619092464447
NeuMF,2007,2007-12-31,41955,3478,4,0.9974867105484009
NeuMF,2007,2007-12-31,41955,3394,5,0.9974149465560913
NeuMF,2007,2007-12-31,41955,4091,6,0.9966853260993958
NeuMF,2007,2007-12-31,41955,3271,7,0.9958842396736145
NeuMF,2007,2007-12-31,41955,2746,8,0.9952595829963684
NeuMF,2007,2007-12-31,41955,1991,9,0.9940622448921204
NeuMF,2007,2007-12-31,41955,300,10,0.9937846660614014
NeuMF,2007,2007-12-31,42846,7143,1,0.9996887445449829
NeuMF,2007,2007-12-31,42846,8636,2,0.9995647072792053
NeuMF,2007,2007-12-31,42846,8361,3,0.9995637536048889
NeuMF,2007,2007-12-31,42846,5445,4,0.9995341300964355
NeuMF,2007,2007-12-31,42846,33437,5,0.9994480013847351
NeuMF,2007,2007-12-31,42846,6333,6,0.9993250370025635
NeuMF,2007,2007-12-31,42846,34319,7,0.9992088675498962
NeuMF,2007,2007-12-31,42846,6863,8,0.999135434627533
NeuMF,2007,2007-12-31,42846,33794,9,0.9991151690483093
NeuMF,2007,2007-12-31,42846,40278,10,0.999066174030304
NeuMF,2007,2007-12-31,43148,7027,1,0.9975121021270752
NeuMF,2007,2007-12-31,43148,543,2,0.9970644116401672
NeuMF,2007,2007-12-31,43148,7028,3,0.9968873858451843
NeuMF,2007,2007-12-31,43148,4321,4,0.9967980980873108
NeuMF,2007,2007-12-31,43148,4007,5,0.9966570138931274
NeuMF,2007,2007-12-31,43148,3836,6,0.9966030120849609
NeuMF,2007,2007-12-31,43148,3948,7,0.9959040284156799
NeuMF,2007,2007-12-31,43148,3653,8,0.9955973029136658
NeuMF,2007,2007-12-31,43148,1265,9,0.9949963092803955
NeuMF,2007,2007-12-31,43148,6663,10,0.9948632121086121
NeuMF,2007,2007-12-31,43259,44199,1,0.999705970287323
NeuMF,2007,2007-12-31,43259,33660,2,0.9993627667427063
NeuMF,2007,2007-12-31,43259,34162,3,0.9975119829177856
NeuMF,2007,2007-12-31,43259,8340,4,0.9973925352096558
NeuMF,2007,2007-12-31,43259,3578,5,0.9966294169425964
NeuMF,2007,2007-12-31,43259,7569,6,0.9960756897926331
NeuMF,2007,2007-12-31,43259,38061,7,0.9957411289215088
NeuMF,2007,2007-12-31,43259,8665,8,0.9957327246665955
NeuMF,2007,2007-12-31,43259,8636,9,0.995682954788208
NeuMF,2007,2007-12-31,43259,3753,10,0.9954857230186462
NeuMF,2007,2007-12-31,43313,7569,1,0.9997093081474304
NeuMF,2007,2007-12-31,43313,5853,2,0.99958735704422
NeuMF,2007,2007-12-31,43313,522,3,0.9993793964385986
NeuMF,2007,2007-12-31,43313,7123,4,0.9990884065628052
NeuMF,2007,2007-12-31,43313,7951,5,0.998965859413147
NeuMF,2007,2007-12-31,43313,1274,6,0.9987994432449341
NeuMF,2007,2007-12-31,43313,7573,7,0.9980409741401672
NeuMF,2007,2007-12-31,43313,5054,8,0.9974155426025391
NeuMF,2007,2007-12-31,43313,6782,9,0.9966974258422852
NeuMF,2007,2007-12-31,43313,741,10,0.9954081177711487
NeuMF,2007,2007-12-31,43376,5391,1,0.9999510049819946
NeuMF,2007,2007-12-31,43376,5450,2,0.9997873902320862
NeuMF,2007,2007-12-31,43376,4978,3,0.9996501207351685
NeuMF,2007,2007-12-31,43376,4166,4,0.9995228052139282
NeuMF,2007,2007-12-31,43376,5016,5,0.9992722868919373
NeuMF,2007,2007-12-31,43376,4642,6,0.9988083839416504
NeuMF,2007,2007-12-31,43376,3865,7,0.9987643957138062
NeuMF,2007,2007-12-31,43376,5095,8,0.9983327984809875
NeuMF,2007,2007-12-31,43376,3786,9,0.9981648325920105
NeuMF,2007,2007-12-31,43376,1648,10,0.9979429841041565
NeuMF,2007,2007-12-31,43406,45210,1,0.9994454979896545
NeuMF,2007,2007-12-31,43406,6862,2,0.9993301630020142
NeuMF,2007,2007-12-31,43406,30825,3,0.9991545677185059
NeuMF,2007,2007-12-31,43406,4958,4,0.9990177154541016
NeuMF,2007,2007-12-31,43406,3068,5,0.998450517654419
NeuMF,2007,2007-12-31,43406,7161,6,0.9981581568717957
NeuMF,2007,2007-12-31,43406,2433,7,0.9981256127357483
NeuMF,2007,2007-12-31,43406,6269,8,0.9979180693626404
NeuMF,2007,2007-12-31,43406,5707,9,0.9977962970733643
NeuMF,2007,2007-12-31,43406,34072,10,0.9976546168327332
NeuMF,2007,2007-12-31,43410,8973,1,0.9985175728797913
NeuMF,2007,2007-12-31,43410,7361,2,0.9983188509941101
NeuMF,2007,2007-12-31,43410,3275,3,0.9972731471061707
NeuMF,2007,2007-12-31,43410,6773,4,0.9966722726821899
NeuMF,2007,2007-12-31,43410,7325,5,0.9962790608406067
NeuMF,2007,2007-12-31,43410,8949,6,0.9959349632263184
NeuMF,2007,2007-12-31,43410,7143,7,0.99581378698349
NeuMF,2007,2007-12-31,43410,3581,8,0.9949506521224976
NeuMF,2007,2007-12-31,43410,8622,9,0.9949246644973755
NeuMF,2007,2007-12-31,43410,5477,10,0.9939910769462585
NeuMF,2007,2007-12-31,43511,8813,1,0.9998705387115479
NeuMF,2007,2007-12-31,43511,3983,2,0.9996246099472046
NeuMF,2007,2007-12-31,43511,5222,3,0.9991323351860046
NeuMF,2007,2007-12-31,43511,8530,4,0.998977541923523
NeuMF,2007,2007-12-31,43511,635,5,0.9987908005714417
NeuMF,2007,2007-12-31,43511,6881,6,0.9977861642837524
NeuMF,2007,2007-12-31,43511,4017,7,0.9974125027656555
NeuMF,2007,2007-12-31,43511,5632,8,0.9965397119522095
NeuMF,2007,2007-12-31,43511,8665,9,0.9961583018302917
NeuMF,2007,2007-12-31,43511,6710,10,0.9958996176719666
NeuMF,2007,2007-12-31,43592,3147,1,0.9994733929634094
NeuMF,2007,2007-12-31,43592,4306,2,0.9986447691917419
NeuMF,2007,2007-12-31,43592,3114,3,0.9985062479972839
NeuMF,2007,2007-12-31,43592,2502,4,0.9983479976654053
NeuMF,2007,2007-12-31,43592,2959,5,0.9982805252075195
NeuMF,2007,2007-12-31,43592,4022,6,0.9980362057685852
NeuMF,2007,2007-12-31,43592,4226,7,0.9980173110961914
NeuMF,2007,2007-12-31,43592,3578,8,0.997994065284729
NeuMF,2007,2007-12-31,43592,3793,9,0.9973406195640564
NeuMF,2007,2007-12-31,43592,3052,10,0.9972680807113647
NeuMF,2007,2007-12-31,43749,8951,1,0.9999595880508423
NeuMF,2007,2007-12-31,43749,3072,2,0.9993281364440918
NeuMF,2007,2007-12-31,43749,8949,3,0.9991023540496826
NeuMF,2007,2007-12-31,43749,4041,4,0.9985353946685791
NeuMF,2007,2007-12-31,43749,3408,5,0.9981942772865295
NeuMF,2007,2007-12-31,43749,4920,6,0.9981829524040222
NeuMF,2007,2007-12-31,43749,3967,7,0.9980924725532532
NeuMF,2007,2007-12-31,43749,3468,8,0.9975403547286987
NeuMF,2007,2007-12-31,43749,5135,9,0.9974276423454285
NeuMF,2007,2007-12-31,43749,4246,10,0.997160792350769
NeuMF,2007,2007-12-31,43953,33004,1,0.9995148181915283
NeuMF,2007,2007-12-31,43953,4015,2,0.9994957447052002
NeuMF,2007,2007-12-31,43953,8665,3,0.9989107847213745
NeuMF,2007,2007-12-31,43953,6539,4,0.9988282322883606
NeuMF,2007,2007-12-31,43953,33794,5,0.9983729124069214
NeuMF,2007,2007-12-31,43953,39446,6,0.997194766998291
NeuMF,2007,2007-12-31,43953,27773,7,0.9968235492706299
NeuMF,2007,2007-12-31,43953,7034,8,0.996439516544342
NeuMF,2007,2007-12-31,43953,70,9,0.9963911175727844
NeuMF,2007,2007-12-31,43953,6377,10,0.9961498975753784
NeuMF,2007,2007-12-31,44050,1372,1,0.9996540546417236
NeuMF,2007,2007-12-31,44050,1527,2,0.9995942711830139
NeuMF,2007,2007-12-31,44050,4993,3,0.9995682835578918
NeuMF,2007,2007-12-31,44050,7153,4,0.9995324611663818
NeuMF,2007,2007-12-31,44050,1676,5,0.9994304776191711
NeuMF,2007,2007-12-31,44050,5349,6,0.999215841293335
NeuMF,2007,2007-12-31,44050,1917,7,0.9991004467010498
NeuMF,2007,2007-12-31,44050,6377,8,0.9990748167037964
NeuMF,2007,2007-12-31,44050,1215,9,0.9988994598388672
NeuMF,2007,2007-12-31,44050,1275,10,0.9988226294517517
NeuMF,2007,2007-12-31,44361,1670,1,0.9955289959907532
NeuMF,2007,2007-12-31,44361,1188,2,0.9946959614753723
NeuMF,2007,2007-12-31,44361,2140,3,0.9946321249008179
NeuMF,2007,2007-12-31,44361,43560,4,0.9944447875022888
NeuMF,2007,2007-12-31,44361,3536,5,0.9937236905097961
NeuMF,2007,2007-12-31,44361,1240,6,0.9937199354171753
NeuMF,2007,2007-12-31,44361,1387,7,0.9930964112281799
NeuMF,2007,2007-12-31,44361,919,8,0.9927956461906433
NeuMF,2007,2007-12-31,44361,1994,9,0.9927071928977966
NeuMF,2007,2007-12-31,44361,1036,10,0.9922564029693604
NeuMF,2007,2007-12-31,44377,5787,1,0.9989314675331116
NeuMF,2007,2007-12-31,44377,6193,2,0.9982465505599976
NeuMF,2007,2007-12-31,44377,6880,3,0.997527539730072
NeuMF,2007,2007-12-31,44377,3274,4,0.9959671497344971
NeuMF,2007,2007-12-31,44377,5343,5,0.9958335161209106
NeuMF,2007,2007-12-31,44377,5293,6,0.9957881569862366
NeuMF,2007,2007-12-31,44377,6475,7,0.9943068623542786
NeuMF,2007,2007-12-31,44377,3841,8,0.9940056800842285
NeuMF,2007,2007-12-31,44377,2146,9,0.993838369846344
NeuMF,2007,2007-12-31,44377,2346,10,0.9928483963012695
NeuMF,2007,2007-12-31,44488,2560,1,0.9989896416664124
NeuMF,2007,2007-12-31,44488,1298,2,0.9987302422523499
NeuMF,2007,2007-12-31,44488,1907,3,0.9980598092079163
NeuMF,2007,2007-12-31,44488,2951,4,0.9976069927215576
NeuMF,2007,2007-12-31,44488,2144,5,0.9960493445396423
NeuMF,2007,2007-12-31,44488,31658,6,0.9947303533554077
NeuMF,2007,2007-12-31,44488,7981,7,0.9936410784721375
NeuMF,2007,2007-12-31,44488,2109,8,0.9924088716506958
NeuMF,2007,2007-12-31,44488,42004,9,0.9920051693916321
NeuMF,2007,2007-12-31,44488,8951,10,0.9918805956840515
NeuMF,2007,2007-12-31,44605,520,1,0.9997286200523376
NeuMF,2007,2007-12-31,44605,8961,2,0.9985061287879944
NeuMF,2007,2007-12-31,44605,7153,3,0.9977073669433594
NeuMF,2007,2007-12-31,44605,4963,4,0.9976632595062256
NeuMF,2007,2007-12-31,44605,6378,5,0.997342050075531
NeuMF,2007,2007-12-31,44605,2542,6,0.996773898601532
NeuMF,2007,2007-12-31,44605,466,7,0.9956961870193481
NeuMF,2007,2007-12-31,44605,1580,8,0.9955992698669434
NeuMF,2007,2007-12-31,44605,7147,9,0.995081901550293
NeuMF,2007,2007-12-31,44605,44199,10,0.9945250749588013
NeuMF,2007,2007-12-31,44652,7167,1,0.9997772574424744
NeuMF,2007,2007-12-31,44652,4978,2,0.9995823502540588
NeuMF,2007,2007-12-31,44652,6898,3,0.9995562434196472
NeuMF,2007,2007-12-31,44652,373,4,0.9989182949066162
NeuMF,2007,2007-12-31,44652,4780,5,0.9987800717353821
NeuMF,2007,2007-12-31,44652,39886,6,0.9984813332557678
NeuMF,2007,2007-12-31,44652,7285,7,0.9979481101036072
NeuMF,2007,2007-12-31,44652,5632,8,0.9979007244110107
NeuMF,2007,2007-12-31,44652,4273,9,0.9977819323539734
NeuMF,2007,2007-12-31,44652,5447,10,0.9974915981292725
NeuMF,2007,2007-12-31,44946,1036,1,0.9994833469390869
NeuMF,2007,2007-12-31,44946,7153,2,0.9994696974754333
NeuMF,2007,2007-12-31,44946,1198,3,0.9993973970413208
NeuMF,2007,2007-12-31,44946,589,4,0.9992493987083435
NeuMF,2007,2007-12-31,44946,1262,5,0.9992008805274963
NeuMF,2007,2007-12-31,44946,1240,6,0.9991967082023621
NeuMF,2007,2007-12-31,44946,356,7,0.9990541338920593
NeuMF,2007,2007-12-31,44946,1291,8,0.9990516304969788
NeuMF,2007,2007-12-31,44946,1196,9,0.9989545345306396
NeuMF,2007,2007-12-31,44946,370,10,0.998897910118103
NeuMF,2007,2007-12-31,44958,158,1,0.9995915293693542
NeuMF,2007,2007-12-31,44958,41566,2,0.9994304776191711
NeuMF,2007,2007-12-31,44958,1367,3,0.998478353023529
NeuMF,2007,2007-12-31,44958,3988,4,0.9972488284111023
NeuMF,2007,2007-12-31,44958,2710,5,0.997225821018219
NeuMF,2007,2007-12-31,44958,5103,6,0.9964996576309204
NeuMF,2007,2007-12-31,44958,2724,7,0.9962900876998901
NeuMF,2007,2007-12-31,44958,3977,8,0.9948945045471191
NeuMF,2007,2007-12-31,44958,3,9,0.9941313862800598
NeuMF,2007,2007-12-31,44958,1073,10,0.9936495423316956
NeuMF,2007,2007-12-31,45476,2948,1,0.9987398982048035
NeuMF,2007,2007-12-31,45476,1272,2,0.9963741898536682
NeuMF,2007,2007-12-31,45476,7560,3,0.9963372945785522
NeuMF,2007,2007-12-31,45476,6947,4,0.9961269497871399
NeuMF,2007,2007-12-31,45476,1262,5,0.9955411553382874
NeuMF,2007,2007-12-31,45476,913,6,0.9941695928573608
NeuMF,2007,2007-12-31,45476,2239,7,0.9937939643859863
NeuMF,2007,2007-12-31,45476,2070,8,0.9933204650878906
NeuMF,2007,2007-12-31,45476,2202,9,0.9931735396385193
NeuMF,2007,2007-12-31,45476,8361,10,0.9930056929588318
NeuMF,2007,2007-12-31,45992,5445,1,0.9996169805526733
NeuMF,2007,2007-12-31,45992,7438,2,0.99897301197052
NeuMF,2007,2007-12-31,45992,4995,3,0.9989583492279053
NeuMF,2007,2007-12-31,45992,30707,4,0.9989370703697205
NeuMF,2007,2007-12-31,45992,8798,5,0.9988555908203125
NeuMF,2007,2007-12-31,45992,2329,6,0.9987757802009583
NeuMF,2007,2007-12-31,45992,4226,7,0.9985826015472412
NeuMF,2007,2007-12-31,45992,6333,8,0.9981669187545776
NeuMF,2007,2007-12-31,45992,8636,9,0.9980306029319763
NeuMF,2007,2007-12-31,45992,6934,10,0.9972604513168335
NeuMF,2007,2007-12-31,46260,2236,1,0.9998794794082642
NeuMF,2007,2007-12-31,46260,594,2,0.9997031092643738
NeuMF,2007,2007-12-31,46260,2096,3,0.9992905855178833
NeuMF,2007,2007-12-31,46260,1022,4,0.9991070628166199
NeuMF,2007,2007-12-31,46260,3248,5,0.9988951086997986
NeuMF,2007,2007-12-31,46260,8965,6,0.9988872408866882
NeuMF,2007,2007-12-31,46260,3483,7,0.9984256029129028
NeuMF,2007,2007-12-31,46260,4519,8,0.9983812570571899
NeuMF,2007,2007-12-31,46260,455,9,0.9982012510299683
NeuMF,2007,2007-12-31,46260,13,10,0.9981951117515564
NeuMF,2007,2007-12-31,46458,5618,1,0.9994555115699768
NeuMF,2007,2007-12-31,46458,3793,2,0.9985974431037903
NeuMF,2007,2007-12-31,46458,5266,3,0.9984286427497864
NeuMF,2007,2007-12-31,46458,1617,4,0.9982751607894897
NeuMF,2007,2007-12-31,46458,3996,5,0.9981895089149475
NeuMF,2007,2007-12-31,46458,6502,6,0.9979825019836426
NeuMF,2007,2007-12-31,46458,2600,7,0.9979793429374695
NeuMF,2007,2007-12-31,46458,5878,8,0.9977315068244934
NeuMF,2007,2007-12-31,46458,2858,9,0.9975035786628723
NeuMF,2007,2007-12-31,46458,5013,10,0.9973397850990295
NeuMF,2007,2007-12-31,47023,4993,1,0.9996745586395264
NeuMF,2007,2007-12-31,47023,4022,2,0.9989951252937317
NeuMF,2007,2007-12-31,47023,7147,3,0.9987922310829163
NeuMF,2007,2007-12-31,47023,1367,4,0.9983388185501099
NeuMF,2007,2007-12-31,47023,7153,5,0.9978421926498413
NeuMF,2007,2007-12-31,47023,5952,6,0.9977161884307861
NeuMF,2007,2007-12-31,47023,3578,7,0.9977096319198608
NeuMF,2007,2007-12-31,47023,3408,8,0.9976525902748108
NeuMF,2007,2007-12-31,47023,3081,9,0.997488260269165
NeuMF,2007,2007-12-31,47023,2081,10,0.9972852468490601
NeuMF,2007,2007-12-31,47056,6502,1,0.9997718930244446
NeuMF,2007,2007-12-31,47056,6323,2,0.9996225833892822
NeuMF,2007,2007-12-31,47056,6333,3,0.9993947744369507
NeuMF,2007,2007-12-31,47056,4226,4,0.9987860321998596
NeuMF,2007,2007-12-31,47056,480,5,0.9984259605407715
NeuMF,2007,2007-12-31,47056,4963,6,0.9981921315193176
NeuMF,2007,2007-12-31,47056,41569,7,0.9980592131614685
NeuMF,2007,2007-12-31,47056,2997,8,0.9978452920913696
NeuMF,2007,2007-12-31,47056,5445,9,0.9974428415298462
NeuMF,2007,2007-12-31,47056,4306,10,0.997220516204834
NeuMF,2007,2007-12-31,47193,4993,1,0.999647855758667
NeuMF,2007,2007-12-31,47193,110,2,0.9994839429855347
NeuMF,2007,2007-12-31,47193,1200,3,0.9993890523910522
NeuMF,2007,2007-12-31,47193,1198,4,0.9993594288825989
NeuMF,2007,2007-12-31,47193,1090,5,0.999230146408081
NeuMF,2007,2007-12-31,47193,1240,6,0.9991341233253479
NeuMF,2007,2007-12-31,47193,1246,7,0.9990949630737305
NeuMF,2007,2007-12-31,47193,1036,8,0.9989359974861145
NeuMF,2007,2007-12-31,47193,1270,9,0.9987891316413879
NeuMF,2007,2007-12-31,47193,2571,10,0.9987035989761353
NeuMF,2007,2007-12-31,47382,8970,1,0.9999433755874634
NeuMF,2007,2007-12-31,47382,5943,2,0.9994632601737976
NeuMF,2007,2007-12-31,47382,8373,3,0.9990832805633545
NeuMF,2007,2007-12-31,47382,3005,4,0.9988905787467957
NeuMF,2007,2007-12-31,47382,41566,5,0.9987695813179016
NeuMF,2007,2007-12-31,47382,41569,6,0.9987577199935913
NeuMF,2007,2007-12-31,47382,35957,7,0.9985560774803162
NeuMF,2007,2007-12-31,47382,8984,8,0.9981133937835693
NeuMF,2007,2007-12-31,47382,6297,9,0.9977946281433105
NeuMF,2007,2007-12-31,47382,8799,10,0.9976999163627625
NeuMF,2007,2007-12-31,47511,6383,1,0.9995359182357788
NeuMF,2007,2007-12-31,47511,3948,2,0.9988906979560852
NeuMF,2007,2007-12-31,47511,7454,3,0.9987201690673828
NeuMF,2007,2007-12-31,47511,2571,4,0.9986769556999207
NeuMF,2007,2007-12-31,47511,3156,5,0.9986076951026917
NeuMF,2007,2007-12-31,47511,3578,6,0.9983073472976685
NeuMF,2007,2007-12-31,47511,3438,7,0.9983067512512207
NeuMF,2007,2007-12-31,47511,3081,8,0.997783362865448
NeuMF,2007,2007-12-31,47511,5324,9,0.9977760910987854
NeuMF,2007,2007-12-31,47511,8132,10,0.997479259967804
NeuMF,2007,2007-12-31,47680,2378,1,0.9987931251525879
NeuMF,2007,2007-12-31,47680,1587,2,0.9977613687515259
NeuMF,2007,2007-12-31,47680,6812,3,0.9976509213447571
NeuMF,2007,2007-12-31,47680,2948,4,0.996830403804779
NeuMF,2007,2007-12-31,47680,2379,5,0.9966846108436584
NeuMF,2007,2007-12-31,47680,3639,6,0.9964414238929749
NeuMF,2007,2007-12-31,47680,2405,7,0.9962978959083557
NeuMF,2007,2007-12-31,47680,356,8,0.9949302077293396
NeuMF,2007,2007-12-31,47680,1610,9,0.9948209524154663
NeuMF,2007,2007-12-31,47680,4310,10,0.9947039484977722
NeuMF,2007,2007-12-31,48111,4306,1,0.9948443174362183
NeuMF,2007,2007-12-31,48111,1198,2,0.994743824005127
NeuMF,2007,2007-12-31,48111,2194,3,0.9942718744277954
NeuMF,2007,2007-12-31,48111,6539,4,0.9933291673660278
NeuMF,2007,2007-12-31,48111,1682,5,0.9931176900863647
NeuMF,2007,2007-12-31,48111,8961,6,0.9918255805969238
NeuMF,2007,2007-12-31,48111,1732,7,0.9916298985481262
NeuMF,2007,2007-12-31,48111,5995,8,0.9914156794548035
NeuMF,2007,2007-12-31,48111,293,9,0.990752100944519
NeuMF,2007,2007-12-31,48111,1241,10,0.9905533194541931
NeuMF,2007,2007-12-31,48632,39292,1,0.9986100196838379
NeuMF,2007,2007-12-31,48632,19,2,0.998084545135498
NeuMF,2007,2007-12-31,48632,40819,3,0.9980734586715698
NeuMF,2007,2007-12-31,48632,45028,4,0.9976640939712524
NeuMF,2007,2007-12-31,48632,41569,5,0.9975706934928894
NeuMF,2007,2007-12-31,48632,5308,6,0.9974182844161987
NeuMF,2007,2007-12-31,48632,370,7,0.9970625042915344
NeuMF,2007,2007-12-31,48632,231,8,0.9962221384048462
NeuMF,2007,2007-12-31,48632,432,9,0.9954364895820618
NeuMF,2007,2007-12-31,48632,6565,10,0.99517822265625
NeuMF,2007,2007-12-31,48928,1097,1,0.9976608753204346
NeuMF,2007,2007-12-31,48928,377,2,0.9948325157165527
NeuMF,2007,2007-12-31,48928,2321,3,0.9937031865119934
NeuMF,2007,2007-12-31,48928,1307,4,0.9932954907417297
NeuMF,2007,2007-12-31,48928,46,5,0.9926784038543701
NeuMF,2007,2007-12-31,48928,1258,6,0.9924575090408325
NeuMF,2007,2007-12-31,48928,1088,7,0.9922438263893127
NeuMF,2007,2007-12-31,48928,1196,8,0.9917848110198975
NeuMF,2007,2007-12-31,48928,3408,9,0.9917083382606506
NeuMF,2007,2007-12-31,48928,1876,10,0.9912069439888
NeuMF,2007,2007-12-31,49066,922,1,0.9935348033905029
NeuMF,2007,2007-12-31,49066,8042,2,0.9927530288696289
NeuMF,2007,2007-12-31,49066,4128,3,0.992626965045929
NeuMF,2007,2007-12-31,49066,2511,4,0.9919822812080383
NeuMF,2007,2007-12-31,49066,4036,5,0.9918368458747864
NeuMF,2007,2007-12-31,49066,1244,6,0.9907965660095215
NeuMF,2007,2007-12-31,49066,4914,7,0.9896725416183472
NeuMF,2007,2007-12-31,49066,7013,8,0.9895274639129639
NeuMF,2007,2007-12-31,49066,41285,9,0.9882879853248596
NeuMF,2007,2007-12-31,49066,5673,10,0.9880971908569336
NeuMF,2007,2007-12-31,49545,1096,1,0.9991280436515808
NeuMF,2007,2007-12-31,49545,4028,2,0.9969272017478943
NeuMF,2007,2007-12-31,49545,27768,3,0.9966316819190979
NeuMF,2007,2007-12-31,49545,2620,4,0.9956295490264893
NeuMF,2007,2007-12-31,49545,4014,5,0.9954190254211426
NeuMF,2007,2007-12-31,49545,3684,6,0.9940358400344849
NeuMF,2007,2007-12-31,49545,5617,7,0.9933136105537415
NeuMF,2007,2007-12-31,49545,3911,8,0.991563081741333
NeuMF,2007,2007-12-31,49545,800,9,0.9915400147438049
NeuMF,2007,2007-12-31,49545,3408,10,0.9908556938171387
NeuMF,2007,2007-12-31,49774,745,1,0.9997342228889465
NeuMF,2007,2007-12-31,49774,1148,2,0.9997163414955139
NeuMF,2007,2007-12-31,49774,1223,3,0.9993494153022766
NeuMF,2007,2007-12-31,49774,6370,4,0.9988065958023071
NeuMF,2007,2007-12-31,49774,3556,5,0.9985760450363159
NeuMF,2007,2007-12-31,49774,5135,6,0.9980089068412781
NeuMF,2007,2007-12-31,49774,720,7,0.9976794123649597
NeuMF,2007,2007-12-31,49774,4903,8,0.9973942041397095
NeuMF,2007,2007-12-31,49774,5902,9,0.9971739053726196
NeuMF,2007,2007-12-31,49774,2682,10,0.9970093965530396
NeuMF,2007,2007-12-31,49948,7209,1,0.9984065890312195
NeuMF,2007,2007-12-31,49948,31410,2,0.9983372688293457
NeuMF,2007,2007-12-31,49948,2019,3,0.9969478249549866
NeuMF,2007,2007-12-31,49948,33794,4,0.996179461479187
NeuMF,2007,2007-12-31,49948,1090,5,0.9955127835273743
NeuMF,2007,2007-12-31,49948,4239,6,0.9953892230987549
NeuMF,2007,2007-12-31,49948,8917,7,0.9953693747520447
NeuMF,2007,2007-12-31,49948,1193,8,0.9949544072151184
NeuMF,2007,2007-12-31,49948,29,9,0.9948768019676208
NeuMF,2007,2007-12-31,49948,35836,10,0.9944434762001038
NeuMF,2007,2007-12-31,50270,5952,1,0.9991081357002258
NeuMF,2007,2007-12-31,50270,4993,2,0.9984017014503479
NeuMF,2007,2007-12-31,50270,5989,3,0.9982055425643921
NeuMF,2007,2007-12-31,50270,4226,4,0.9976643323898315
NeuMF,2007,2007-12-31,50270,4886,5,0.9975454211235046
NeuMF,2007,2007-12-31,50270,4963,6,0.9966873526573181
NeuMF,2007,2007-12-31,50270,4306,7,0.9960827827453613
NeuMF,2007,2007-12-31,50270,4995,8,0.9960488677024841
NeuMF,2007,2007-12-31,50270,5388,9,0.9958180785179138
NeuMF,2007,2007-12-31,50270,7153,10,0.995664656162262
NeuMF,2007,2007-12-31,50359,1223,1,0.9996041655540466
NeuMF,2007,2007-12-31,50359,745,2,0.9984287619590759
NeuMF,2007,2007-12-31,50359,6062,3,0.9976759552955627
NeuMF,2007,2007-12-31,50359,1913,4,0.9974035620689392
NeuMF,2007,2007-12-31,50359,2176,5,0.9972792267799377
NeuMF,2007,2007-12-31,50359,1392,6,0.9971538782119751
NeuMF,2007,2007-12-31,50359,3893,7,0.997117280960083
NeuMF,2007,2007-12-31,50359,2384,8,0.9964802861213684
NeuMF,2007,2007-12-31,50359,1057,9,0.9963919520378113
NeuMF,2007,2007-12-31,50359,3203,10,0.996225118637085
NeuMF,2007,2007-12-31,50581,3429,1,0.9998179078102112
NeuMF,2007,2007-12-31,50581,6618,2,0.9997588992118835
NeuMF,2007,2007-12-31,50581,1232,3,0.999424934387207
NeuMF,2007,2007-12-31,50581,3858,4,0.999406099319458
NeuMF,2007,2007-12-31,50581,5971,5,0.9987682700157166
NeuMF,2007,2007-12-31,50581,8012,6,0.9986961483955383
NeuMF,2007,2007-12-31,50581,3030,7,0.9982457160949707
NeuMF,2007,2007-12-31,50581,3786,8,0.9978296160697937
NeuMF,2007,2007-12-31,50581,1464,9,0.9978163242340088
NeuMF,2007,2007-12-31,50581,2657,10,0.9973933696746826
NeuMF,2007,2007-12-31,50750,40815,1,0.9996843338012695
NeuMF,2007,2007-12-31,50750,1619,2,0.9995501637458801
NeuMF,2007,2007-12-31,50750,2393,3,0.9982596039772034
NeuMF,2007,2007-12-31,50750,2340,4,0.9981800317764282
NeuMF,2007,2007-12-31,50750,45499,5,0.9981252551078796
NeuMF,2007,2007-12-31,50750,5944,6,0.9978443384170532
NeuMF,2007,2007-12-31,50750,8644,7,0.997843861579895
NeuMF,2007,2007-12-31,50750,1653,8,0.9977243542671204
NeuMF,2007,2007-12-31,50750,1527,9,0.9974477291107178
NeuMF,2007,2007-12-31,50750,32587,10,0.9973909258842468
NeuMF,2007,2007-12-31,50863,4373,1,0.9979981780052185
NeuMF,2007,2007-12-31,50863,3254,2,0.9963822364807129
NeuMF,2007,2007-12-31,50863,2502,3,0.9959119558334351
NeuMF,2007,2007-12-31,50863,5500,4,0.9936999082565308
NeuMF,2007,2007-12-31,50863,5462,5,0.991463840007782
NeuMF,2007,2007-12-31,50863,3751,6,0.9899072647094727
NeuMF,2007,2007-12-31,50863,370,7,0.9886735081672668
NeuMF,2007,2007-12-31,50863,3481,8,0.9876201152801514
NeuMF,2007,2007-12-31,50863,3052,9,0.9875220656394958
NeuMF,2007,2007-12-31,50863,4816,10,0.9861857295036316
NeuMF,2007,2007-12-31,50997,1270,1,0.999581515789032
NeuMF,2007,2007-12-31,50997,1240,2,0.9995748400688171
NeuMF,2007,2007-12-31,50997,4886,3,0.9994139671325684
NeuMF,2007,2007-12-31,50997,1198,4,0.9993935823440552
NeuMF,2007,2007-12-31,50997,1196,5,0.9991523027420044
NeuMF,2007,2007-12-31,50997,1197,6,0.99897301197052
NeuMF,2007,2007-12-31,50997,1210,7,0.9988333582878113
NeuMF,2007,2007-12-31,50997,5445,8,0.9987194538116455
NeuMF,2007,2007-12-31,50997,4306,9,0.9986477494239807
NeuMF,2007,2007-12-31,50997,1214,10,0.998477041721344
NeuMF,2007,2007-12-31,51058,1927,1,0.9988089799880981
NeuMF,2007,2007-12-31,51058,296,2,0.998254120349884
NeuMF,2007,2007-12-31,51058,32587,3,0.9973650574684143
NeuMF,2007,2007-12-31,51058,1036,4,0.9965105652809143
NeuMF,2007,2007-12-31,51058,1089,5,0.9963104128837585
NeuMF,2007,2007-12-31,51058,2944,6,0.9954234957695007
NeuMF,2007,2007-12-31,51058,1429,7,0.9949017763137817
NeuMF,2007,2007-12-31,51058,2231,8,0.993874728679657
NeuMF,2007,2007-12-31,51058,4321,9,0.9934501647949219
NeuMF,2007,2007-12-31,51058,7570,10,0.9933956265449524
NeuMF,2007,2007-12-31,51186,5222,1,0.9994125366210938
NeuMF,2007,2007-12-31,51186,5902,2,0.9991508722305298
NeuMF,2007,2007-12-31,51186,3481,3,0.9989553689956665
NeuMF,2007,2007-12-31,51186,3160,4,0.9988202452659607
NeuMF,2007,2007-12-31,51186,27838,5,0.9985195994377136
NeuMF,2007,2007-12-31,51186,8981,6,0.9984135627746582
NeuMF,2007,2007-12-31,51186,1025,7,0.9983356595039368
NeuMF,2007,2007-12-31,51186,5668,8,0.9982701539993286
NeuMF,2007,2007-12-31,51186,8373,9,0.9982389211654663
NeuMF,2007,2007-12-31,51186,3831,10,0.9979938268661499
NeuMF,2007,2007-12-31,51943,48385,1,0.9999712705612183
NeuMF,2007,2007-12-31,51943,34319,2,0.9999415874481201
NeuMF,2007,2007-12-31,51943,48780,3,0.9999334812164307
NeuMF,2007,2007-12-31,51943,46530,4,0.9999045133590698
NeuMF,2007,2007-12-31,51943,46976,5,0.9998767375946045
NeuMF,2007,2007-12-31,51943,35836,6,0.999843955039978
NeuMF,2007,2007-12-31,51943,40815,7,0.9997532963752747
NeuMF,2007,2007-12-31,51943,45186,8,0.9996942281723022
NeuMF,2007,2007-12-31,51943,46974,9,0.9995903372764587
NeuMF,2007,2007-12-31,51943,40278,10,0.9995808005332947
NeuMF,2007,2007-12-31,52329,4978,1,0.9994602799415588
NeuMF,2007,2007-12-31,52329,1841,2,0.9989320635795593
NeuMF,2007,2007-12-31,52329,5377,3,0.9984849095344543
NeuMF,2007,2007-12-31,52329,5379,4,0.9979752898216248
NeuMF,2007,2007-12-31,52329,4246,5,0.9978797435760498
NeuMF,2007,2007-12-31,52329,5222,6,0.9971619844436646
NeuMF,2007,2007-12-31,52329,4464,7,0.9971557855606079
NeuMF,2007,2007-12-31,52329,994,8,0.9967882633209229
NeuMF,2007,2007-12-31,52329,2962,9,0.9965446591377258
NeuMF,2007,2007-12-31,52329,4160,10,0.9964606165885925
NeuMF,2007,2007-12-31,52390,26375,1,0.9999450445175171
NeuMF,2007,2007-12-31,52390,6798,2,0.9991068243980408
NeuMF,2007,2007-12-31,52390,1276,3,0.9983972907066345
NeuMF,2007,2007-12-31,52390,30749,4,0.9978095889091492
NeuMF,2007,2007-12-31,52390,1233,5,0.9976751208305359
NeuMF,2007,2007-12-31,52390,912,6,0.9967495203018188
NeuMF,2007,2007-12-31,52390,30850,7,0.996713399887085
NeuMF,2007,2007-12-31,52390,1235,8,0.9963939785957336
NeuMF,2007,2007-12-31,52390,6724,9,0.9962553977966309
NeuMF,2007,2007-12-31,52390,5060,10,0.9961429238319397
NeuMF,2007,2007-12-31,52654,5502,1,0.9985235333442688
NeuMF,2007,2007-12-31,52654,2803,2,0.9982269406318665
NeuMF,2007,2007-12-31,52654,46948,3,0.9980717301368713
NeuMF,2007,2007-12-31,52654,1876,4,0.9971318244934082
NeuMF,2007,2007-12-31,52654,30816,5,0.9970916509628296
NeuMF,2007,2007-12-31,52654,34072,6,0.9967833757400513
NeuMF,2007,2007-12-31,52654,41285,7,0.9963878393173218
NeuMF,2007,2007-12-31,52654,4844,8,0.9960733652114868
NeuMF,2007,2007-12-31,52654,4011,9,0.995764970779419
NeuMF,2007,2007-12-31,52654,39183,10,0.995625376701355
NeuMF,2007,2007-12-31,52687,500,1,0.9997075200080872
NeuMF,2007,2007-12-31,52687,30825,2,0.9990237951278687
NeuMF,2007,2007-12-31,52687,34162,3,0.998356282711029
NeuMF,2007,2007-12-31,52687,8949,4,0.9982576966285706
NeuMF,2007,2007-12-31,52687,37741,5,0.9980758428573608
NeuMF,2007,2007-12-31,52687,2858,6,0.9979605674743652
NeuMF,2007,2007-12-31,52687,586,7,0.9978622794151306
NeuMF,2007,2007-12-31,52687,39292,8,0.9976567029953003
NeuMF,2007,2007-12-31,52687,6377,9,0.9972410202026367
NeuMF,2007,2007-12-31,52687,7173,10,0.9971387386322021
NeuMF,2007,2007-12-31,52719,1214,1,0.9995495676994324
NeuMF,2007,2007-12-31,52719,750,2,0.9992793202400208
NeuMF,2007,2007-12-31,52719,27773,3,0.9992627501487732
NeuMF,2007,2007-12-31,52719,1206,4,0.9990905523300171
NeuMF,2007,2007-12-31,52719,7090,5,0.9986855387687683
NeuMF,2007,2007-12-31,52719,1274,6,0.9977947473526001
NeuMF,2007,2007-12-31,52719,47,7,0.9977638721466064
NeuMF,2007,2007-12-31,52719,1748,8,0.997704803943634
NeuMF,2007,2007-12-31,52719,7361,9,0.997597873210907
NeuMF,2007,2007-12-31,52719,31410,10,0.9972507357597351
NeuMF,2007,2007-12-31,52730,34542,1,0.9994657635688782
NeuMF,2007,2007-12-31,52730,38886,2,0.9990505576133728
NeuMF,2007,2007-12-31,52730,34532,3,0.9990045428276062
NeuMF,2007,2007-12-31,52730,48516,4,0.9989487528800964
NeuMF,2007,2007-12-31,52730,33154,5,0.9987396597862244
NeuMF,2007,2007-12-31,52730,8968,6,0.9983193278312683
NeuMF,2007,2007-12-31,52730,46965,7,0.9980916380882263
NeuMF,2007,2007-12-31,52730,1015,8,0.9980093836784363
NeuMF,2007,2007-12-31,52730,33138,9,0.997954249382019
NeuMF,2007,2007-12-31,52730,1282,10,0.9963756203651428
NeuMF,2007,2007-12-31,52798,8949,1,0.9997534155845642
NeuMF,2007,2007-12-31,52798,6620,2,0.9994028806686401
NeuMF,2007,2007-12-31,52798,6867,3,0.9990873336791992
NeuMF,2007,2007-12-31,52798,1221,4,0.9985640645027161
NeuMF,2007,2007-12-31,52798,5902,5,0.9977859258651733
NeuMF,2007,2007-12-31,52798,8638,6,0.9976539015769958
NeuMF,2007,2007-12-31,52798,1732,7,0.9973829388618469
NeuMF,2007,2007-12-31,52798,34437,8,0.9972615242004395
NeuMF,2007,2007-12-31,52798,6953,9,0.9971457123756409
NeuMF,2007,2007-12-31,52798,5669,10,0.9969170093536377
NeuMF,2007,2007-12-31,53040,3501,1,0.9996010661125183
NeuMF,2007,2007-12-31,53040,26375,2,0.9992450475692749
NeuMF,2007,2007-12-31,53040,2013,3,0.9986673593521118
NeuMF,2007,2007-12-31,53040,1242,4,0.9975951313972473
NeuMF,2007,2007-12-31,53040,5941,5,0.9974969029426575
NeuMF,2007,2007-12-31,53040,1299,6,0.9974926710128784
NeuMF,2007,2007-12-31,53040,4808,7,0.9972788691520691
NeuMF,2007,2007-12-31,53040,1953,8,0.9957643747329712
NeuMF,2007,2007-12-31,53040,1345,9,0.9955377578735352
NeuMF,2007,2007-12-31,53040,1234,10,0.9944320321083069
NeuMF,2007,2007-12-31,53092,1049,1,0.9976814985275269
NeuMF,2007,2007-12-31,53092,4203,2,0.9972088932991028
NeuMF,2007,2007-12-31,53092,3208,3,0.9954540729522705
NeuMF,2007,2007-12-31,53092,2306,4,0.9948417544364929
NeuMF,2007,2007-12-31,53092,4351,5,0.9947881698608398
NeuMF,2007,2007-12-31,53092,292,6,0.9939080476760864
NeuMF,2007,2007-12-31,53092,81,7,0.9938907623291016
NeuMF,2007,2007-12-31,53092,3262,8,0.9937055706977844
NeuMF,2007,2007-12-31,53092,4262,9,0.9933456182479858
NeuMF,2007,2007-12-31,53092,3386,10,0.9923976063728333
NeuMF,2007,2007-12-31,53110,7438,1,0.9989948868751526
NeuMF,2007,2007-12-31,53110,2542,2,0.9989168643951416
NeuMF,2007,2007-12-31,53110,3275,3,0.9988623857498169
NeuMF,2007,2007-12-31,53110,36529,4,0.9969757795333862
NeuMF,2007,2007-12-31,53110,2605,5,0.9964302182197571
NeuMF,2007,2007-12-31,53110,1641,6,0.9960454106330872
NeuMF,2007,2007-12-31,53110,7254,7,0.9959964752197266
NeuMF,2007,2007-12-31,53110,1722,8,0.9959456324577332
NeuMF,2007,2007-12-31,53110,2428,9,0.9958714842796326
NeuMF,2007,2007-12-31,53110,778,10,0.9953032732009888
NeuMF,2007,2007-12-31,53244,6458,1,0.9997746348381042
NeuMF,2007,2007-12-31,53244,8487,2,0.9995275735855103
NeuMF,2007,2007-12-31,53244,2046,3,0.997188150882721
NeuMF,2007,2007-12-31,53244,4939,4,0.9969322681427002
NeuMF,2007,2007-12-31,53244,7406,5,0.996702253818512
NeuMF,2007,2007-12-31,53244,2747,6,0.9961162805557251
NeuMF,2007,2007-12-31,53244,4401,7,0.9955737590789795
NeuMF,2007,2007-12-31,53244,7060,8,0.994560182094574
NeuMF,2007,2007-12-31,53244,7247,9,0.994193971157074
NeuMF,2007,2007-12-31,53244,2017,10,0.9941937327384949
NeuMF,2007,2007-12-31,53403,4235,1,0.999543309211731
NeuMF,2007,2007-12-31,53403,26131,2,0.9992092251777649
NeuMF,2007,2007-12-31,53403,111,3,0.9992043375968933
NeuMF,2007,2007-12-31,53403,778,4,0.9990900754928589
NeuMF,2007,2007-12-31,53403,296,5,0.998892605304718
NeuMF,2007,2007-12-31,53403,3266,6,0.9988904595375061
NeuMF,2007,2007-12-31,53403,4350,7,0.9987144470214844
NeuMF,2007,2007-12-31,53403,7371,8,0.998336672782898
NeuMF,2007,2007-12-31,53403,5867,9,0.9979972243309021
NeuMF,2007,2007-12-31,53403,1089,10,0.9979287385940552
NeuMF,2007,2007-12-31,53805,253,1,0.9995638728141785
NeuMF,2007,2007-12-31,53805,5502,2,0.9990705847740173
NeuMF,2007,2007-12-31,53805,2997,3,0.998540997505188
NeuMF,2007,2007-12-31,53805,165,4,0.9984105825424194
NeuMF,2007,2007-12-31,53805,3753,5,0.9982631802558899
NeuMF,2007,2007-12-31,53805,3081,6,0.9980286955833435
NeuMF,2007,2007-12-31,53805,208,7,0.9976062774658203
NeuMF,2007,2007-12-31,53805,377,8,0.997099757194519
NeuMF,2007,2007-12-31,53805,1748,9,0.99703049659729
NeuMF,2007,2007-12-31,53805,5956,10,0.9969306588172913
NeuMF,2007,2007-12-31,53819,8690,1,0.9996201992034912
NeuMF,2007,2007-12-31,53819,7254,2,0.9994914531707764
NeuMF,2007,2007-12-31,53819,5219,3,0.9986030459403992
NeuMF,2007,2007-12-31,53819,3053,4,0.9985789060592651
NeuMF,2007,2007-12-31,53819,7438,5,0.9983885288238525
NeuMF,2007,2007-12-31,53819,6539,6,0.998245120048523
NeuMF,2007,2007-12-31,53819,6537,7,0.9981366395950317
NeuMF,2007,2007-12-31,53819,8644,8,0.9979630708694458
NeuMF,2007,2007-12-31,53819,7842,9,0.9976274371147156
NeuMF,2007,2007-12-31,53819,172,10,0.9970064759254456
NeuMF,2007,2007-12-31,54070,6016,1,0.9965255856513977
NeuMF,2007,2007-12-31,54070,2712,2,0.9962409734725952
NeuMF,2007,2007-12-31,54070,6187,3,0.9941118359565735
NeuMF,2007,2007-12-31,54070,1213,4,0.9938355088233948
NeuMF,2007,2007-12-31,54070,2433,5,0.9933038353919983
NeuMF,2007,2007-12-31,54070,5418,6,0.9930023550987244
NeuMF,2007,2007-12-31,54070,3259,7,0.992895781993866
NeuMF,2007,2007-12-31,54070,5679,8,0.9924307465553284
NeuMF,2007,2007-12-31,54070,2505,9,0.9922299981117249
NeuMF,2007,2007-12-31,54070,2541,10,0.9917001128196716
NeuMF,2007,2007-12-31,54391,1680,1,0.9998990297317505
NeuMF,2007,2007-12-31,54391,8981,2,0.999863862991333
NeuMF,2007,2007-12-31,54391,4014,3,0.9991826415061951
NeuMF,2007,2007-12-31,54391,8973,4,0.9989598989486694
NeuMF,2007,2007-12-31,54391,3257,5,0.9988319277763367
NeuMF,2007,2007-12-31,54391,2424,6,0.9986293315887451
NeuMF,2007,2007-12-31,54391,7361,7,0.9985578656196594
NeuMF,2007,2007-12-31,54391,4205,8,0.9980087876319885
NeuMF,2007,2007-12-31,54391,4146,9,0.9978779554367065
NeuMF,2007,2007-12-31,54391,5377,10,0.997689962387085
NeuMF,2007,2007-12-31,54449,3081,1,0.9987818598747253
NeuMF,2007,2007-12-31,54449,3869,2,0.9979063272476196
NeuMF,2007,2007-12-31,54449,5541,3,0.9973574280738831
NeuMF,2007,2007-12-31,54449,2700,4,0.9966121315956116
NeuMF,2007,2007-12-31,54449,1876,5,0.9960011839866638
NeuMF,2007,2007-12-31,54449,4993,6,0.9956098198890686
NeuMF,2007,2007-12-31,54449,2762,7,0.9953757524490356
NeuMF,2007,2007-12-31,54449,3033,8,0.9952757358551025
NeuMF,2007,2007-12-31,54449,1882,9,0.9950684309005737
NeuMF,2007,2007-12-31,54449,3409,10,0.995032787322998
NeuMF,2007,2007-12-31,54450,4973,1,0.9991798996925354
NeuMF,2007,2007-12-31,54450,8783,2,0.9988853335380554
NeuMF,2007,2007-12-31,54450,30749,3,0.9985161423683167
NeuMF,2007,2007-12-31,54450,8784,4,0.9981181621551514
NeuMF,2007,2007-12-31,54450,8957,5,0.9971665740013123
NeuMF,2007,2007-12-31,54450,4857,6,0.9970831274986267
NeuMF,2007,2007-12-31,54450,4308,7,0.9970762729644775
NeuMF,2007,2007-12-31,54450,8984,8,0.9969229102134705
NeuMF,2007,2007-12-31,54450,39183,9,0.9968685507774353
NeuMF,2007,2007-12-31,54450,4027,10,0.9966327548027039
NeuMF,2007,2007-12-31,54687,1584,1,0.9996814727783203
NeuMF,2007,2007-12-31,54687,1291,2,0.9995476603507996
NeuMF,2007,2007-12-31,54687,1374,3,0.9993902444839478
NeuMF,2007,2007-12-31,54687,1356,4,0.9993404746055603
NeuMF,2007,2007-12-31,54687,1234,5,0.9991726279258728
NeuMF,2007,2007-12-31,54687,364,6,0.9990127086639404
NeuMF,2007,2007-12-31,54687,1376,7,0.9989228844642639
NeuMF,2007,2007-12-31,54687,41569,8,0.9984226226806641
NeuMF,2007,2007-12-31,54687,1307,9,0.9980727434158325
NeuMF,2007,2007-12-31,54687,912,10,0.9980239868164062
NeuMF,2007,2007-12-31,54711,6281,1,0.9982327222824097
NeuMF,2007,2007-12-31,54711,5956,2,0.9963527917861938
NeuMF,2007,2007-12-31,54711,7325,3,0.9962253570556641
NeuMF,2007,2007-12-31,54711,4979,4,0.9954408407211304
NeuMF,2007,2007-12-31,54711,5955,5,0.9951837658882141
NeuMF,2007,2007-12-31,54711,3617,6,0.995175838470459
NeuMF,2007,2007-12-31,54711,3967,7,0.9951518774032593
NeuMF,2007,2007-12-31,54711,4848,8,0.9950146079063416
NeuMF,2007,2007-12-31,54711,5266,9,0.9948481321334839
NeuMF,2007,2007-12-31,54711,5668,10,0.9947250485420227
NeuMF,2007,2007-12-31,54783,6333,1,0.9992687106132507
NeuMF,2007,2007-12-31,54783,5349,2,0.9984453320503235
NeuMF,2007,2007-12-31,54783,8361,3,0.9966465830802917
NeuMF,2007,2007-12-31,54783,4958,4,0.9959427714347839
NeuMF,2007,2007-12-31,54783,5291,5,0.9957281947135925
NeuMF,2007,2007-12-31,54783,290,6,0.9955682158470154
NeuMF,2007,2007-12-31,54783,2542,7,0.9944412112236023
NeuMF,2007,2007-12-31,54783,2640,8,0.9939004182815552
NeuMF,2007,2007-12-31,54783,3030,9,0.9937933683395386
NeuMF,2007,2007-12-31,54783,2762,10,0.9919244647026062
NeuMF,2007,2007-12-31,55308,3265,1,0.9998989105224609
NeuMF,2007,2007-12-31,55308,8225,2,0.9982299208641052
NeuMF,2007,2007-12-31,55308,6662,3,0.9978365302085876
NeuMF,2007,2007-12-31,55308,3142,4,0.9976627826690674
NeuMF,2007,2007-12-31,55308,3858,5,0.9972347617149353
NeuMF,2007,2007-12-31,55308,6001,6,0.9956820011138916
NeuMF,2007,2007-12-31,55308,2844,7,0.9952449202537537
NeuMF,2007,2007-12-31,55308,8581,8,0.9950952529907227
NeuMF,2007,2007-12-31,55308,1202,9,0.9934303164482117
NeuMF,2007,2007-12-31,55308,3681,10,0.992912232875824
NeuMF,2007,2007-12-31,55441,6782,1,0.9995482563972473
NeuMF,2007,2007-12-31,55441,27773,2,0.9958437085151672
NeuMF,2007,2007-12-31,55441,26285,3,0.9957899451255798
NeuMF,2007,2007-12-31,55441,858,4,0.9956199526786804
NeuMF,2007,2007-12-31,55441,4327,5,0.9953304529190063
NeuMF,2007,2007-12-31,55441,2944,6,0.995302677154541
NeuMF,2007,2007-12-31,55441,3275,7,0.99506676197052
NeuMF,2007,2007-12-31,55441,3030,8,0.9944862723350525
NeuMF,2007,2007-12-31,55441,50,9,0.9931129813194275
NeuMF,2007,2007-12-31,55441,3793,10,0.993085503578186
NeuMF,2007,2007-12-31,55501,3553,1,0.996690034866333
NeuMF,2007,2007-12-31,55501,4703,2,0.9963157773017883
NeuMF,2007,2007-12-31,55501,597,3,0.9950332641601562
NeuMF,2007,2007-12-31,55501,5608,4,0.994529664516449
NeuMF,2007,2007-12-31,55501,2688,5,0.994261622428894
NeuMF,2007,2007-12-31,55501,3355,6,0.9940551519393921
NeuMF,2007,2007-12-31,55501,508,7,0.9933220744132996
NeuMF,2007,2007-12-31,55501,3798,8,0.9930949807167053
NeuMF,2007,2007-12-31,55501,290,9,0.9930932521820068
NeuMF,2007,2007-12-31,55501,1092,10,0.9930221438407898
NeuMF,2007,2007-12-31,55627,8169,1,0.9957094192504883
NeuMF,2007,2007-12-31,55627,4267,2,0.9956501126289368
NeuMF,2007,2007-12-31,55627,110,3,0.9905785918235779
NeuMF,2007,2007-12-31,55627,364,4,0.989622950553894
NeuMF,2007,2007-12-31,55627,3844,5,0.9886445999145508
NeuMF,2007,2007-12-31,55627,1672,6,0.9879708886146545
NeuMF,2007,2007-12-31,55627,3254,7,0.9870681762695312
NeuMF,2007,2007-12-31,55627,24,8,0.9858536720275879
NeuMF,2007,2007-12-31,55627,590,9,0.9853972792625427
NeuMF,2007,2007-12-31,55627,150,10,0.9853225946426392
NeuMF,2007,2007-12-31,55855,7161,1,0.9987117052078247
NeuMF,2007,2007-12-31,55855,4370,2,0.9987004995346069
NeuMF,2007,2007-12-31,55855,5507,3,0.9983977675437927
NeuMF,2007,2007-12-31,55855,48516,4,0.9976569414138794
NeuMF,2007,2007-12-31,55855,4025,5,0.9975526928901672
NeuMF,2007,2007-12-31,55855,5668,6,0.9975202679634094
NeuMF,2007,2007-12-31,55855,45666,7,0.9972743391990662
NeuMF,2007,2007-12-31,55855,5445,8,0.9970008730888367
NeuMF,2007,2007-12-31,55855,4018,9,0.9969148635864258
NeuMF,2007,2007-12-31,55855,3354,10,0.9968627691268921
NeuMF,2007,2007-12-31,56117,5679,1,0.9994440674781799
NeuMF,2007,2007-12-31,56117,1232,2,0.9993588328361511
NeuMF,2007,2007-12-31,56117,3910,3,0.9993228912353516
NeuMF,2007,2007-12-31,56117,6502,4,0.9990924596786499
NeuMF,2007,2007-12-31,56117,2232,5,0.9990862607955933
NeuMF,2007,2007-12-31,56117,8622,6,0.998433530330658
NeuMF,2007,2007-12-31,56117,778,7,0.9981092214584351
NeuMF,2007,2007-12-31,56117,8464,8,0.9976006150245667
NeuMF,2007,2007-12-31,56117,7323,9,0.9971234202384949
NeuMF,2007,2007-12-31,56117,1270,10,0.996728777885437
NeuMF,2007,2007-12-31,56465,30793,1,0.9995470643043518
NeuMF,2007,2007-12-31,56465,3081,2,0.998375654220581
NeuMF,2007,2007-12-31,56465,8972,3,0.9978123903274536
NeuMF,2007,2007-12-31,56465,30812,4,0.9973056316375732
NeuMF,2007,2007-12-31,56465,1271,5,0.9959098100662231
NeuMF,2007,2007-12-31,56465,4027,6,0.9943610429763794
NeuMF,2007,2007-12-31,56465,2683,7,0.9942886829376221
NeuMF,2007,2007-12-31,56465,3581,8,0.9932054281234741
NeuMF,2007,2007-12-31,56465,3981,9,0.9930840730667114
NeuMF,2007,2007-12-31,56465,43396,10,0.993029773235321
NeuMF,2007,2007-12-31,56777,7124,1,0.9995864033699036
NeuMF,2007,2007-12-31,56777,2297,2,0.9978652596473694
NeuMF,2007,2007-12-31,56777,1658,3,0.9947324991226196
NeuMF,2007,2007-12-31,56777,1902,4,0.9941295385360718
NeuMF,2007,2007-12-31,56777,440,5,0.993220329284668
NeuMF,2007,2007-12-31,56777,33004,6,0.9930722117424011
NeuMF,2007,2007-12-31,56777,5667,7,0.9923134446144104
NeuMF,2007,2007-12-31,56777,4372,8,0.9912018775939941
NeuMF,2007,2007-12-31,56777,2059,9,0.9904381632804871
NeuMF,2007,2007-12-31,56777,6188,10,0.9899395108222961
NeuMF,2007,2007-12-31,57246,5991,1,0.9990197420120239
NeuMF,2007,2007-12-31,57246,597,2,0.9990020394325256
NeuMF,2007,2007-12-31,57246,357,3,0.998619556427002
NeuMF,2007,2007-12-31,57246,708,4,0.9986189603805542
NeuMF,2007,2007-12-31,57246,5568,5,0.9985538125038147
NeuMF,2007,2007-12-31,57246,356,6,0.9985314607620239
NeuMF,2007,2007-12-31,57246,497,7,0.9980244636535645
NeuMF,2007,2007-12-31,57246,587,8,0.9977933168411255
NeuMF,2007,2007-12-31,57246,3897,9,0.9977013468742371
NeuMF,2007,2007-12-31,57246,141,10,0.9976859092712402
NeuMF,2007,2007-12-31,57304,3503,1,0.9999386072158813
NeuMF,2007,2007-12-31,57304,5258,2,0.9998648166656494
NeuMF,2007,2007-12-31,57304,8012,3,0.9998024106025696
NeuMF,2007,2007-12-31,57304,3518,4,0.9996997117996216
NeuMF,2007,2007-12-31,57304,3163,5,0.9996907711029053
NeuMF,2007,2007-12-31,57304,5477,6,0.999656081199646
NeuMF,2007,2007-12-31,57304,665,7,0.9995875954627991
NeuMF,2007,2007-12-31,57304,5447,8,0.9995729327201843
NeuMF,2007,2007-12-31,57304,1112,9,0.9994682669639587
NeuMF,2007,2007-12-31,57304,5690,10,0.9993804693222046
NeuMF,2007,2007-12-31,57597,6502,1,0.9991890788078308
NeuMF,2007,2007-12-31,57597,4886,2,0.9986953139305115
NeuMF,2007,2007-12-31,57597,5956,3,0.9981885552406311
NeuMF,2007,2007-12-31,57597,6378,4,0.9978243112564087
NeuMF,2007,2007-12-31,57597,4878,5,0.9976550340652466
NeuMF,2007,2007-12-31,57597,5853,6,0.9974676370620728
NeuMF,2007,2007-12-31,57597,6957,7,0.9959320425987244
NeuMF,2007,2007-12-31,57597,7373,8,0.9956468939781189
NeuMF,2007,2007-12-31,57597,4958,9,0.9955523610115051
NeuMF,2007,2007-12-31,57597,4963,10,0.9955098628997803
NeuMF,2007,2007-12-31,57734,41566,1,0.9995399713516235
NeuMF,2007,2007-12-31,57734,2501,2,0.9988691210746765
NeuMF,2007,2007-12-31,57734,4880,3,0.9988462924957275
NeuMF,2007,2007-12-31,57734,40815,4,0.9986804127693176
NeuMF,2007,2007-12-31,57734,597,5,0.998235821723938
NeuMF,2007,2007-12-31,57734,7143,6,0.9981276392936707
NeuMF,2007,2007-12-31,57734,7162,7,0.9979028701782227
NeuMF,2007,2007-12-31,57734,3753,8,0.9975603818893433
NeuMF,2007,2007-12-31,57734,6947,9,0.997532844543457
NeuMF,2007,2007-12-31,57734,32598,10,0.9971460700035095
NeuMF,2007,2007-12-31,57735,7256,1,0.9995054006576538
NeuMF,2007,2007-12-31,57735,714,2,0.9984527826309204
NeuMF,2007,2007-12-31,57735,4102,3,0.9979173541069031
NeuMF,2007,2007-12-31,57735,8158,4,0.9971663355827332
NeuMF,2007,2007-12-31,57735,1173,5,0.996994137763977
NeuMF,2007,2007-12-31,57735,428,6,0.9969084858894348
NeuMF,2007,2007-12-31,57735,8873,7,0.9961903095245361
NeuMF,2007,2007-12-31,57735,8784,8,0.9960685968399048
NeuMF,2007,2007-12-31,57735,2321,9,0.9955315589904785
NeuMF,2007,2007-12-31,57735,16,10,0.9949305653572083
NeuMF,2007,2007-12-31,57737,1940,1,0.9990285634994507
NeuMF,2007,2007-12-31,57737,6989,2,0.9984694123268127
NeuMF,2007,2007-12-31,57737,2203,3,0.9969985485076904
NeuMF,2007,2007-12-31,57737,7121,4,0.996450662612915
NeuMF,2007,2007-12-31,57737,3548,5,0.9964091181755066
NeuMF,2007,2007-12-31,57737,943,6,0.9951712489128113
NeuMF,2007,2007-12-31,57737,965,7,0.9936699271202087
NeuMF,2007,2007-12-31,57737,7311,8,0.9922533631324768
NeuMF,2007,2007-12-31,57737,6974,9,0.9920282959938049
NeuMF,2007,2007-12-31,57737,3198,10,0.9919875860214233
NeuMF,2007,2007-12-31,58335,1527,1,0.9990898370742798
NeuMF,2007,2007-12-31,58335,3081,2,0.9990808963775635
NeuMF,2007,2007-12-31,58335,33794,3,0.9982484579086304
NeuMF,2007,2007-12-31,58335,4993,4,0.9981881976127625
NeuMF,2007,2007-12-31,58335,5218,5,0.9967977404594421
NeuMF,2007,2007-12-31,58335,2,6,0.9966892600059509
NeuMF,2007,2007-12-31,58335,4886,7,0.9966800212860107
NeuMF,2007,2007-12-31,58335,8783,8,0.9966270923614502
NeuMF,2007,2007-12-31,58335,3793,9,0.995663583278656
NeuMF,2007,2007-12-31,58335,1127,10,0.9949706196784973
NeuMF,2007,2007-12-31,58920,27660,1,0.9998434782028198
NeuMF,2007,2007-12-31,58920,7438,2,0.9993993043899536
NeuMF,2007,2007-12-31,58920,1552,3,0.9993300437927246
NeuMF,2007,2007-12-31,58920,7364,4,0.9978950023651123
NeuMF,2007,2007-12-31,58920,45447,5,0.9974483251571655
NeuMF,2007,2007-12-31,58920,31804,6,0.9972802400588989
NeuMF,2007,2007-12-31,58920,8360,7,0.9969894289970398
NeuMF,2007,2007-12-31,58920,1320,8,0.99639892578125
NeuMF,2007,2007-12-31,58920,1220,9,0.9961690306663513
NeuMF,2007,2007-12-31,58920,2617,10,0.9953420162200928
NeuMF,2007,2007-12-31,59335,32,1,0.9991459846496582
NeuMF,2007,2007-12-31,59335,3538,2,0.9990776777267456
NeuMF,2007,2007-12-31,59335,5316,3,0.9986898303031921
NeuMF,2007,2007-12-31,59335,745,4,0.9985212683677673
NeuMF,2007,2007-12-31,59335,3855,5,0.9983069896697998
NeuMF,2007,2007-12-31,59335,357,6,0.9981143474578857
NeuMF,2007,2007-12-31,59335,1148,7,0.9979230761528015
NeuMF,2007,2007-12-31,59335,1223,8,0.9974476099014282
NeuMF,2007,2007-12-31,59335,97,9,0.9974027276039124
NeuMF,2007,2007-12-31,59335,3083,10,0.996900200843811
NeuMF,2007,2007-12-31,59426,5952,1,0.9980860948562622
NeuMF,2007,2007-12-31,59426,7438,2,0.9978173971176147
NeuMF,2007,2007-12-31,59426,318,3,0.9977710247039795
NeuMF,2007,2007-12-31,59426,33794,4,0.9977583885192871
NeuMF,2007,2007-12-31,59426,292,5,0.9976176619529724
NeuMF,2007,2007-12-31,59426,7153,6,0.997330904006958
NeuMF,2007,2007-12-31,59426,4571,7,0.9964600205421448
NeuMF,2007,2007-12-31,59426,508,8,0.9963732361793518
NeuMF,2007,2007-12-31,59426,33004,9,0.9962718486785889
NeuMF,2007,2007-12-31,59426,4993,10,0.9958574175834656
NeuMF,2007,2007-12-31,59544,6617,1,0.9987583160400391
NeuMF,2007,2007-12-31,59544,1754,2,0.9977071285247803
NeuMF,2007,2007-12-31,59544,6709,3,0.9975149631500244
NeuMF,2007,2007-12-31,59544,204,4,0.997444748878479
NeuMF,2007,2007-12-31,59544,5900,5,0.9972207546234131
NeuMF,2007,2007-12-31,59544,2278,6,0.9968817234039307
NeuMF,2007,2007-12-31,59544,5630,7,0.9961174726486206
NeuMF,2007,2007-12-31,59544,2353,8,0.9952410459518433
NeuMF,2007,2007-12-31,59544,4262,9,0.9947420358657837
NeuMF,2007,2007-12-31,59544,6754,10,0.994289755821228
NeuMF,2007,2007-12-31,59703,33166,1,0.9995983242988586
NeuMF,2007,2007-12-31,59703,34437,2,0.9994990825653076
NeuMF,2007,2007-12-31,59703,8873,3,0.9991278052330017
NeuMF,2007,2007-12-31,59703,27721,4,0.9974159002304077
NeuMF,2007,2007-12-31,59703,45210,5,0.9972007274627686
NeuMF,2007,2007-12-31,59703,6711,6,0.9967494010925293
NeuMF,2007,2007-12-31,59703,27838,7,0.9962838292121887
NeuMF,2007,2007-12-31,59703,37741,8,0.9960044026374817
NeuMF,2007,2007-12-31,59703,3556,9,0.9956421852111816
NeuMF,2007,2007-12-31,59703,8961,10,0.9956211447715759
NeuMF,2007,2007-12-31,59704,5747,1,0.9996449947357178
NeuMF,2007,2007-12-31,59704,1147,2,0.9996411800384521
NeuMF,2007,2007-12-31,59704,5017,3,0.9995806813240051
NeuMF,2007,2007-12-31,59704,246,4,0.9995120763778687
NeuMF,2007,2007-12-31,59704,913,5,0.9994563460350037
NeuMF,2007,2007-12-31,59704,272,6,0.9993327260017395
NeuMF,2007,2007-12-31,59704,1276,7,0.9989919066429138
NeuMF,2007,2007-12-31,59704,838,8,0.9985190033912659
NeuMF,2007,2007-12-31,59704,1296,9,0.9978729486465454
NeuMF,2007,2007-12-31,59704,342,10,0.9977788329124451
NeuMF,2007,2007-12-31,59841,1644,1,0.998180627822876
NeuMF,2007,2007-12-31,59841,4878,2,0.9981008172035217
NeuMF,2007,2007-12-31,59841,4380,3,0.9966020584106445
NeuMF,2007,2007-12-31,59841,261,4,0.996260404586792
NeuMF,2007,2007-12-31,59841,3249,5,0.9959385395050049
NeuMF,2007,2007-12-31,59841,2572,6,0.9956138134002686
NeuMF,2007,2007-12-31,59841,1407,7,0.9955732822418213
NeuMF,2007,2007-12-31,59841,31,8,0.9952261447906494
NeuMF,2007,2007-12-31,59841,3271,9,0.9950064420700073
NeuMF,2007,2007-12-31,59841,1380,10,0.9944834113121033
NeuMF,2007,2007-12-31,59998,1663,1,0.997261643409729
NeuMF,2007,2007-12-31,59998,8937,2,0.9969934225082397
NeuMF,2007,2007-12-31,59998,36519,3,0.9968006610870361
NeuMF,2007,2007-12-31,59998,8781,4,0.9965988993644714
NeuMF,2007,2007-12-31,59998,1753,5,0.9958189129829407
NeuMF,2007,2007-12-31,59998,5247,6,0.9956713914871216
NeuMF,2007,2007-12-31,59998,524,7,0.9953904151916504
NeuMF,2007,2007-12-31,59998,7347,8,0.9947394728660583
NeuMF,2007,2007-12-31,59998,2236,9,0.9947010278701782
NeuMF,2007,2007-12-31,59998,37853,10,0.9942576885223389
NeuMF,2007,2007-12-31,60119,5617,1,0.998501181602478
NeuMF,2007,2007-12-31,60119,30793,2,0.9983432292938232
NeuMF,2007,2007-12-31,60119,45499,3,0.9977555871009827
NeuMF,2007,2007-12-31,60119,6620,4,0.9965432286262512
NeuMF,2007,2007-12-31,60119,7147,5,0.9958827495574951
NeuMF,2007,2007-12-31,60119,2139,6,0.9957835674285889
NeuMF,2007,2007-12-31,60119,337,7,0.9940654039382935
NeuMF,2007,2007-12-31,60119,33004,8,0.9939861297607422
NeuMF,2007,2007-12-31,60119,1449,9,0.9937781095504761
NeuMF,2007,2007-12-31,60119,6062,10,0.9937261939048767
NeuMF,2007,2007-12-31,60321,3156,1,0.997747004032135
NeuMF,2007,2007-12-31,60321,3972,2,0.9969576597213745
NeuMF,2007,2007-12-31,60321,1405,3,0.9966539144515991
NeuMF,2007,2007-12-31,60321,575,4,0.9965428709983826
NeuMF,2007,2007-12-31,60321,6350,5,0.9947788715362549
NeuMF,2007,2007-12-31,60321,2393,6,0.993669331073761
NeuMF,2007,2007-12-31,60321,36529,7,0.9929103255271912
NeuMF,2007,2007-12-31,60321,5816,8,0.9927318692207336
NeuMF,2007,2007-12-31,60321,107,9,0.9920660853385925
NeuMF,2007,2007-12-31,60321,2788,10,0.9915915727615356
NeuMF,2007,2007-12-31,60872,2948,1,0.999320387840271
NeuMF,2007,2007-12-31,60872,1209,2,0.9992223978042603
NeuMF,2007,2007-12-31,60872,1277,3,0.9982282519340515
NeuMF,2007,2007-12-31,60872,7034,4,0.9977883100509644
NeuMF,2007,2007-12-31,60872,2951,5,0.9975873231887817
NeuMF,2007,2007-12-31,60872,2987,6,0.9974710941314697
NeuMF,2007,2007-12-31,60872,3418,7,0.9970471262931824
NeuMF,2007,2007-12-31,60872,1201,8,0.9967191815376282
NeuMF,2007,2007-12-31,60872,2427,9,0.9965793490409851
NeuMF,2007,2007-12-31,60872,1200,10,0.9962273836135864
NeuMF,2007,2007-12-31,61092,8874,1,0.9989191293716431
NeuMF,2007,2007-12-31,61092,4246,2,0.997998058795929
NeuMF,2007,2007-12-31,61092,2004,3,0.9978598952293396
NeuMF,2007,2007-12-31,61092,3273,4,0.9968318343162537
NeuMF,2007,2007-12-31,61092,2329,5,0.9966316819190979
NeuMF,2007,2007-12-31,61092,3863,6,0.9962665438652039
NeuMF,2007,2007-12-31,61092,3174,7,0.9940432906150818
NeuMF,2007,2007-12-31,61092,4506,8,0.9924725294113159
NeuMF,2007,2007-12-31,61092,1438,9,0.9921050071716309
NeuMF,2007,2007-12-31,61092,786,10,0.9916049242019653
NeuMF,2007,2007-12-31,61108,7482,1,0.9991162419319153
NeuMF,2007,2007-12-31,61108,6078,2,0.9989359974861145
NeuMF,2007,2007-12-31,61108,2403,3,0.9982759952545166
NeuMF,2007,2007-12-31,61108,6458,4,0.9976988434791565
NeuMF,2007,2007-12-31,61108,34405,5,0.9974498152732849
NeuMF,2007,2007-12-31,61108,1185,6,0.9973646998405457
NeuMF,2007,2007-12-31,61108,6428,7,0.9966886639595032
NeuMF,2007,2007-12-31,61108,1299,8,0.9958226680755615
NeuMF,2007,2007-12-31,61108,6392,9,0.9951109290122986
NeuMF,2007,2007-12-31,61108,1210,10,0.9949927926063538
NeuMF,2007,2007-12-31,61604,7034,1,0.9999034404754639
NeuMF,2007,2007-12-31,61604,3910,2,0.9999032020568848
NeuMF,2007,2007-12-31,61604,5952,3,0.999440610408783
NeuMF,2007,2007-12-31,61604,7371,4,0.9993383288383484
NeuMF,2007,2007-12-31,61604,5618,5,0.9991662502288818
NeuMF,2007,2007-12-31,61604,4720,6,0.9991329312324524
NeuMF,2007,2007-12-31,61604,4886,7,0.9990752935409546
NeuMF,2007,2007-12-31,61604,3949,8,0.9987762570381165
NeuMF,2007,2007-12-31,61604,44191,9,0.9978147745132446
NeuMF,2007,2007-12-31,61604,6668,10,0.9975764155387878
NeuMF,2007,2007-12-31,61644,2068,1,0.9991100430488586
NeuMF,2007,2007-12-31,61644,3386,2,0.9980747699737549
NeuMF,2007,2007-12-31,61644,194,3,0.9974507689476013
NeuMF,2007,2007-12-31,61644,3487,4,0.9967144727706909
NeuMF,2007,2007-12-31,61644,3448,5,0.9964816570281982
NeuMF,2007,2007-12-31,61644,282,6,0.9964767098426819
NeuMF,2007,2007-12-31,61644,3252,7,0.9958674907684326
NeuMF,2007,2007-12-31,61644,4558,8,0.9957296252250671
NeuMF,2007,2007-12-31,61644,8623,9,0.9955794215202332
NeuMF,2007,2007-12-31,61644,3873,10,0.995505690574646
NeuMF,2007,2007-12-31,61651,914,1,0.9992423057556152
NeuMF,2007,2007-12-31,61651,4903,2,0.9985041618347168
NeuMF,2007,2007-12-31,61651,362,3,0.9982730150222778
NeuMF,2007,2007-12-31,61651,928,4,0.9981837868690491
NeuMF,2007,2007-12-31,61651,3148,5,0.997920572757721
NeuMF,2007,2007-12-31,61651,2135,6,0.9978228807449341
NeuMF,2007,2007-12-31,61651,3068,7,0.9977160692214966
NeuMF,2007,2007-12-31,61651,2243,8,0.9974652528762817
NeuMF,2007,2007-12-31,61651,8535,9,0.9974334836006165
NeuMF,2007,2007-12-31,61651,3155,10,0.9970136880874634
NeuMF,2007,2007-12-31,62141,743,1,0.9985526204109192
NeuMF,2007,2007-12-31,62141,1214,2,0.9982779026031494
NeuMF,2007,2007-12-31,62141,2654,3,0.9982269406318665
NeuMF,2007,2007-12-31,62141,8404,4,0.9965208768844604
NeuMF,2007,2007-12-31,62141,1333,5,0.9963079690933228
NeuMF,2007,2007-12-31,62141,783,6,0.9960286617279053
NeuMF,2007,2007-12-31,62141,364,7,0.9959613680839539
NeuMF,2007,2007-12-31,62141,1036,8,0.9956498742103577
NeuMF,2007,2007-12-31,62141,8783,9,0.9956094622612
NeuMF,2007,2007-12-31,62141,8640,10,0.9948284029960632
NeuMF,2007,2007-12-31,62277,5282,1,0.9997602105140686
NeuMF,2007,2007-12-31,62277,4310,2,0.9997084736824036
NeuMF,2007,2007-12-31,62277,4052,3,0.9996994733810425
NeuMF,2007,2007-12-31,62277,27788,4,0.9995569586753845
NeuMF,2007,2007-12-31,62277,4270,5,0.9994444251060486
NeuMF,2007,2007-12-31,62277,3821,6,0.9992873072624207
NeuMF,2007,2007-12-31,62277,4305,7,0.9989851117134094
NeuMF,2007,2007-12-31,62277,6503,8,0.9989812970161438
NeuMF,2007,2007-12-31,62277,6950,9,0.9985289573669434
NeuMF,2007,2007-12-31,62277,6885,10,0.9985263347625732
NeuMF,2007,2007-12-31,62284,3067,1,0.999537467956543
NeuMF,2007,2007-12-31,62284,497,2,0.9991940855979919
NeuMF,2007,2007-12-31,62284,8128,3,0.9987547397613525
NeuMF,2007,2007-12-31,62284,5712,4,0.9987032413482666
NeuMF,2007,2007-12-31,62284,2289,5,0.998112678527832
NeuMF,2007,2007-12-31,62284,4529,6,0.998055100440979
NeuMF,2007,2007-12-31,62284,214,7,0.9979516863822937
NeuMF,2007,2007-12-31,62284,1963,8,0.9976123571395874
NeuMF,2007,2007-12-31,62284,2973,9,0.9974086880683899
NeuMF,2007,2007-12-31,62284,5417,10,0.9973629117012024
NeuMF,2007,2007-12-31,62315,4886,1,0.9996473789215088
NeuMF,2007,2007-12-31,62315,4993,2,0.9996223449707031
NeuMF,2007,2007-12-31,62315,5952,3,0.9995890259742737
NeuMF,2007,2007-12-31,62315,2232,4,0.9994571805000305
NeuMF,2007,2007-12-31,62315,7153,5,0.9993059635162354
NeuMF,2007,2007-12-31,62315,3793,6,0.9992617964744568
NeuMF,2007,2007-12-31,62315,5445,7,0.9991927742958069
NeuMF,2007,2007-12-31,62315,1676,8,0.9991735816001892
NeuMF,2007,2007-12-31,62315,2571,9,0.9990928173065186
NeuMF,2007,2007-12-31,62315,4306,10,0.9990708827972412
NeuMF,2007,2007-12-31,62445,1719,1,0.9998413324356079
NeuMF,2007,2007-12-31,62445,1673,2,0.9987919926643372
NeuMF,2007,2007-12-31,62445,3089,3,0.9987275004386902
NeuMF,2007,2007-12-31,62445,4973,4,0.998713493347168
NeuMF,2007,2007-12-31,62445,2692,5,0.9985546469688416
NeuMF,2007,2007-12-31,62445,3246,6,0.9979490637779236
NeuMF,2007,2007-12-31,62445,5791,7,0.9979345798492432
NeuMF,2007,2007-12-31,62445,527,8,0.9978687763214111
NeuMF,2007,2007-12-31,62445,154,9,0.997725784778595
NeuMF,2007,2007-12-31,62445,111,10,0.9976747632026672
NeuMF,2007,2007-12-31,62629,1374,1,0.9989064931869507
NeuMF,2007,2007-12-31,62629,3471,2,0.9979010820388794
NeuMF,2007,2007-12-31,62629,1663,3,0.9975476861000061
NeuMF,2007,2007-12-31,62629,1242,4,0.9969949722290039
NeuMF,2007,2007-12-31,62629,3070,5,0.9964442849159241
NeuMF,2007,2007-12-31,62629,2407,6,0.9958882927894592
NeuMF,2007,2007-12-31,62629,3730,7,0.9957916736602783
NeuMF,2007,2007-12-31,62629,2852,8,0.9954441785812378
NeuMF,2007,2007-12-31,62629,3039,9,0.9951305389404297
NeuMF,2007,2007-12-31,62629,2797,10,0.9947574138641357
NeuMF,2007,2007-12-31,62671,7143,1,0.9993977546691895
NeuMF,2007,2007-12-31,62671,3271,2,0.9993153810501099
NeuMF,2007,2007-12-31,62671,6378,3,0.9989996552467346
NeuMF,2007,2007-12-31,62671,6539,4,0.9988906979560852
NeuMF,2007,2007-12-31,62671,2231,5,0.9988788962364197
NeuMF,2007,2007-12-31,62671,150,6,0.9988773465156555
NeuMF,2007,2007-12-31,62671,2401,7,0.9983879327774048
NeuMF,2007,2007-12-31,62671,508,8,0.9982569813728333
NeuMF,2007,2007-12-31,62671,1089,9,0.9979947805404663
NeuMF,2007,2007-12-31,62671,8376,10,0.997780978679657
NeuMF,2007,2007-12-31,62891,8361,1,0.9989318251609802
NeuMF,2007,2007-12-31,62891,8908,2,0.9972346425056458
NeuMF,2007,2007-12-31,62891,5093,3,0.99512779712677
NeuMF,2007,2007-12-31,62891,8368,4,0.994761049747467
NeuMF,2007,2007-12-31,62891,7380,5,0.9938153028488159
NeuMF,2007,2007-12-31,62891,35836,6,0.9932403564453125
NeuMF,2007,2007-12-31,62891,40819,7,0.9931221604347229
NeuMF,2007,2007-12-31,62891,32031,8,0.9915681481361389
NeuMF,2007,2007-12-31,62891,5459,9,0.9914717078208923
NeuMF,2007,2007-12-31,62891,5947,10,0.991266667842865
NeuMF,2007,2007-12-31,63111,3203,1,0.9999300241470337
NeuMF,2007,2007-12-31,63111,1388,2,0.9977231621742249
NeuMF,2007,2007-12-31,63111,4326,3,0.9976613521575928
NeuMF,2007,2007-12-31,63111,3798,4,0.9972484707832336
NeuMF,2007,2007-12-31,63111,1917,5,0.9970279335975647
NeuMF,2007,2007-12-31,63111,168,6,0.9968570470809937
NeuMF,2007,2007-12-31,63111,4361,7,0.9968372583389282
NeuMF,2007,2007-12-31,63111,1258,8,0.996369481086731
NeuMF,2007,2007-12-31,63111,2709,9,0.9963423609733582
NeuMF,2007,2007-12-31,63111,1259,10,0.9961070418357849
NeuMF,2007,2007-12-31,63160,4963,1,0.9997546076774597
NeuMF,2007,2007-12-31,63160,4886,2,0.9994919300079346
NeuMF,2007,2007-12-31,63160,1270,3,0.9992275238037109
NeuMF,2007,2007-12-31,63160,5459,4,0.9991459846496582
NeuMF,2007,2007-12-31,63160,1240,5,0.9990618824958801
NeuMF,2007,2007-12-31,63160,5349,6,0.9984703660011292
NeuMF,2007,2007-12-31,63160,2001,7,0.9982134103775024
NeuMF,2007,2007-12-31,63160,3793,8,0.9980831146240234
NeuMF,2007,2007-12-31,63160,4718,9,0.9980379939079285
NeuMF,2007,2007-12-31,63160,5445,10,0.9979776740074158
NeuMF,2007,2007-12-31,63378,5445,1,0.9985226988792419
NeuMF,2007,2007-12-31,63378,2028,2,0.9978739023208618
NeuMF,2007,2007-12-31,63378,4306,3,0.996722400188446
NeuMF,2007,2007-12-31,63378,356,4,0.9966713786125183
NeuMF,2007,2007-12-31,63378,3147,5,0.9963433146476746
NeuMF,2007,2007-12-31,63378,2762,6,0.9962456822395325
NeuMF,2007,2007-12-31,63378,2959,7,0.9961133003234863
NeuMF,2007,2007-12-31,63378,318,8,0.995859682559967
NeuMF,2007,2007-12-31,63378,2858,9,0.9949144124984741
NeuMF,2007,2007-12-31,63378,1961,10,0.9946581721305847
NeuMF,2007,2007-12-31,63514,5665,1,0.999903678894043
NeuMF,2007,2007-12-31,63514,4901,2,0.9995237588882446
NeuMF,2007,2007-12-31,63514,8730,3,0.9993560910224915
NeuMF,2007,2007-12-31,63514,7376,4,0.9993162155151367
NeuMF,2007,2007-12-31,63514,5414,5,0.9992614388465881
NeuMF,2007,2007-12-31,63514,5400,6,0.999197781085968
NeuMF,2007,2007-12-31,63514,3753,7,0.9991961121559143
NeuMF,2007,2007-12-31,63514,5171,8,0.9991828799247742
NeuMF,2007,2007-12-31,63514,6378,9,0.999164342880249
NeuMF,2007,2007-12-31,63514,4899,10,0.9988476037979126
NeuMF,2007,2007-12-31,63935,45499,1,0.9999744892120361
NeuMF,2007,2007-12-31,63935,44665,2,0.9999632835388184
NeuMF,2007,2007-12-31,63935,27660,3,0.9999507665634155
NeuMF,2007,2007-12-31,63935,34405,4,0.9999501705169678
NeuMF,2007,2007-12-31,63935,45431,5,0.9999197721481323
NeuMF,2007,2007-12-31,63935,34319,6,0.9999129772186279
NeuMF,2007,2007-12-31,63935,49272,7,0.9998992681503296
NeuMF,2007,2007-12-31,63935,40815,8,0.9998862743377686
NeuMF,2007,2007-12-31,63935,41569,9,0.9998708963394165
NeuMF,2007,2007-12-31,63935,4886,10,0.9998123049736023
NeuMF,2007,2007-12-31,64250,32031,1,0.9996482133865356
NeuMF,2007,2007-12-31,64250,4016,2,0.9996142387390137
NeuMF,2007,2007-12-31,64250,6550,3,0.9996034502983093
NeuMF,2007,2007-12-31,64250,4896,4,0.9994749426841736
NeuMF,2007,2007-12-31,64250,8368,5,0.9994105100631714
NeuMF,2007,2007-12-31,64250,6539,6,0.9992623925209045
NeuMF,2007,2007-12-31,64250,7454,7,0.9992621541023254
NeuMF,2007,2007-12-31,64250,8640,8,0.9990498423576355
NeuMF,2007,2007-12-31,64250,6934,9,0.9989425539970398
NeuMF,2007,2007-12-31,64250,4226,10,0.9988775849342346
NeuMF,2007,2007-12-31,64347,3240,1,0.9996102452278137
NeuMF,2007,2007-12-31,64347,4234,2,0.9988743662834167
NeuMF,2007,2007-12-31,64347,5944,3,0.9973427653312683
NeuMF,2007,2007-12-31,64347,2346,4,0.9972744584083557
NeuMF,2007,2007-12-31,64347,7154,5,0.9970932006835938
NeuMF,2007,2007-12-31,64347,5364,6,0.9969831109046936
NeuMF,2007,2007-12-31,64347,7163,7,0.9967001080513
NeuMF,2007,2007-12-31,64347,5312,8,0.9966828227043152
NeuMF,2007,2007-12-31,64347,5992,9,0.9963380098342896
NeuMF,2007,2007-12-31,64347,3793,10,0.9958470463752747
NeuMF,2007,2007-12-31,64360,4262,1,0.999680757522583
NeuMF,2007,2007-12-31,64360,6539,2,0.9995593428611755
NeuMF,2007,2007-12-31,64360,2278,3,0.9993888139724731
NeuMF,2007,2007-12-31,64360,8665,4,0.9987359642982483
NeuMF,2007,2007-12-31,64360,8798,5,0.9987275004386902
NeuMF,2007,2007-12-31,64360,1729,6,0.9984519481658936
NeuMF,2007,2007-12-31,64360,32587,7,0.9982914328575134
NeuMF,2007,2007-12-31,64360,27773,8,0.9982415437698364
NeuMF,2007,2007-12-31,64360,8961,9,0.9981410503387451
NeuMF,2007,2007-12-31,64360,3984,10,0.9980036616325378
NeuMF,2007,2007-12-31,64440,2789,1,0.9986163377761841
NeuMF,2007,2007-12-31,64440,2117,2,0.9982284903526306
NeuMF,2007,2007-12-31,64440,4146,3,0.9974258542060852
NeuMF,2007,2007-12-31,64440,3053,4,0.9963840246200562
NeuMF,2007,2007-12-31,64440,5617,5,0.9956346154212952
NeuMF,2007,2007-12-31,64440,3198,6,0.995491087436676
NeuMF,2007,2007-12-31,64440,1953,7,0.9946574568748474
NeuMF,2007,2007-12-31,64440,2677,8,0.9938376545906067
NeuMF,2007,2007-12-31,64440,5294,9,0.9936012625694275
NeuMF,2007,2007-12-31,64440,3169,10,0.993490993976593
NeuMF,2007,2007-12-31,64527,7327,1,0.9999721050262451
NeuMF,2007,2007-12-31,64527,3310,2,0.9995033740997314
NeuMF,2007,2007-12-31,64527,3629,3,0.9993189573287964
NeuMF,2007,2007-12-31,64527,3317,4,0.9987033605575562
NeuMF,2007,2007-12-31,64527,3083,5,0.9985206723213196
NeuMF,2007,2007-12-31,64527,869,6,0.9981757402420044
NeuMF,2007,2007-12-31,64527,8973,7,0.9980148077011108
NeuMF,2007,2007-12-31,64527,2908,8,0.9978540539741516
NeuMF,2007,2007-12-31,64527,2873,9,0.9976436495780945
NeuMF,2007,2007-12-31,64527,305,10,0.9968359470367432
NeuMF,2007,2007-12-31,64756,3096,1,0.9958536624908447
NeuMF,2007,2007-12-31,64756,3251,2,0.9943258166313171
NeuMF,2007,2007-12-31,64756,1643,3,0.9934653639793396
NeuMF,2007,2007-12-31,64756,2108,4,0.9932268261909485
NeuMF,2007,2007-12-31,64756,3011,5,0.9918730854988098
NeuMF,2007,2007-12-31,64756,3037,6,0.9908843636512756
NeuMF,2007,2007-12-31,64756,3198,7,0.9893730282783508
NeuMF,2007,2007-12-31,64756,3135,8,0.987717866897583
NeuMF,2007,2007-12-31,64756,4537,9,0.987146258354187
NeuMF,2007,2007-12-31,64756,3317,10,0.9863107204437256
NeuMF,2007,2007-12-31,64778,5445,1,0.9992689490318298
NeuMF,2007,2007-12-31,64778,3578,2,0.9991273283958435
NeuMF,2007,2007-12-31,64778,2959,3,0.9988502264022827
NeuMF,2007,2007-12-31,64778,6502,4,0.9986242055892944
NeuMF,2007,2007-12-31,64778,1722,5,0.998379111289978
NeuMF,2007,2007-12-31,64778,6365,6,0.99830162525177
NeuMF,2007,2007-12-31,64778,2571,7,0.9982315897941589
NeuMF,2007,2007-12-31,64778,5903,8,0.998141884803772
NeuMF,2007,2007-12-31,64778,3147,9,0.9981318116188049
NeuMF,2007,2007-12-31,64778,3793,10,0.9980449676513672
NeuMF,2007,2007-12-31,64942,8368,1,0.9992403984069824
NeuMF,2007,2007-12-31,64942,40815,2,0.9983916878700256
NeuMF,2007,2007-12-31,64942,2353,3,0.9974581599235535
NeuMF,2007,2007-12-31,64942,5445,4,0.9970130920410156
NeuMF,2007,2007-12-31,64942,33794,5,0.9961137771606445
NeuMF,2007,2007-12-31,64942,6333,6,0.9956639409065247
NeuMF,2007,2007-12-31,64942,480,7,0.9948634505271912
NeuMF,2007,2007-12-31,64942,1210,8,0.9937317967414856
NeuMF,2007,2007-12-31,64942,8665,9,0.9932987093925476
NeuMF,2007,2007-12-31,64942,8972,10,0.9927389025688171
NeuMF,2007,2007-12-31,65814,3791,1,0.9982098340988159
NeuMF,2007,2007-12-31,65814,4321,2,0.9980098605155945
NeuMF,2007,2007-12-31,65814,1527,3,0.9976307153701782
NeuMF,2007,2007-12-31,65814,3703,4,0.997401237487793
NeuMF,2007,2007-12-31,65814,2000,5,0.9973964691162109
NeuMF,2007,2007-12-31,65814,4092,6,0.9967625141143799
NeuMF,2007,2007-12-31,65814,2918,7,0.9967343807220459
NeuMF,2007,2007-12-31,65814,6304,8,0.9958513975143433
NeuMF,2007,2007-12-31,65814,4673,9,0.99513840675354
NeuMF,2007,2007-12-31,65814,3450,10,0.9950377345085144
NeuMF,2007,2007-12-31,66277,1350,1,0.9994378685951233
NeuMF,2007,2007-12-31,66277,3917,2,0.9976929426193237
NeuMF,2007,2007-12-31,66277,4148,3,0.9975855350494385
NeuMF,2007,2007-12-31,66277,3529,4,0.997521698474884
NeuMF,2007,2007-12-31,66277,3176,5,0.9964095950126648
NeuMF,2007,2007-12-31,66277,3638,6,0.9943609833717346
NeuMF,2007,2007-12-31,66277,70,7,0.9940522313117981
NeuMF,2007,2007-12-31,66277,2789,8,0.9934432506561279
NeuMF,2007,2007-12-31,66277,2551,9,0.9929631352424622
NeuMF,2007,2007-12-31,66277,382,10,0.9928063154220581
NeuMF,2007,2007-12-31,66532,7323,1,0.9988299012184143
NeuMF,2007,2007-12-31,66532,8360,2,0.9980959296226501
NeuMF,2007,2007-12-31,66532,745,3,0.9979331493377686
NeuMF,2007,2007-12-31,66532,3287,4,0.9977377653121948
NeuMF,2007,2007-12-31,66532,5613,5,0.9975579977035522
NeuMF,2007,2007-12-31,66532,7450,6,0.9975167512893677
NeuMF,2007,2007-12-31,66532,6367,7,0.9975132942199707
NeuMF,2007,2007-12-31,66532,32031,8,0.9974512457847595
NeuMF,2007,2007-12-31,66532,4973,9,0.9972549080848694
NeuMF,2007,2007-12-31,66532,8969,10,0.9971331357955933
NeuMF,2007,2007-12-31,66750,4956,1,0.9994990825653076
NeuMF,2007,2007-12-31,66750,4572,2,0.9994841814041138
NeuMF,2007,2007-12-31,66750,6003,3,0.9986032843589783
NeuMF,2007,2007-12-31,66750,6662,4,0.9977471232414246
NeuMF,2007,2007-12-31,66750,3763,5,0.9973188042640686
NeuMF,2007,2007-12-31,66750,1785,6,0.9963703155517578
NeuMF,2007,2007-12-31,66750,42,7,0.995147168636322
NeuMF,2007,2007-12-31,66750,3204,8,0.994482159614563
NeuMF,2007,2007-12-31,66750,5410,9,0.9943884015083313
NeuMF,2007,2007-12-31,66750,4587,10,0.9936894178390503
NeuMF,2007,2007-12-31,66901,3683,1,0.9999382495880127
NeuMF,2007,2007-12-31,66901,3476,2,0.9999228715896606
NeuMF,2007,2007-12-31,66901,3730,3,0.9998931884765625
NeuMF,2007,2007-12-31,66901,6774,4,0.99986732006073
NeuMF,2007,2007-12-31,66901,162,5,0.9997504353523254
NeuMF,2007,2007-12-31,66901,48082,6,0.9997106194496155
NeuMF,2007,2007-12-31,66901,6858,7,0.999494194984436
NeuMF,2007,2007-12-31,66901,3741,8,0.9994767308235168
NeuMF,2007,2007-12-31,66901,2997,9,0.9993588328361511
NeuMF,2007,2007-12-31,66901,6975,10,0.9992064833641052
NeuMF,2007,2007-12-31,67109,34405,1,0.9992876648902893
NeuMF,2007,2007-12-31,67109,1175,2,0.9987245202064514
NeuMF,2007,2007-12-31,67109,40815,3,0.9984216690063477
NeuMF,2007,2007-12-31,67109,6333,4,0.9982727766036987
NeuMF,2007,2007-12-31,67109,1197,5,0.998150646686554
NeuMF,2007,2007-12-31,67109,26662,6,0.9980626702308655
NeuMF,2007,2007-12-31,67109,951,7,0.9980625510215759
NeuMF,2007,2007-12-31,67109,3629,8,0.997878909111023
NeuMF,2007,2007-12-31,67109,1210,9,0.9974763989448547
NeuMF,2007,2007-12-31,67109,1219,10,0.9974555373191833
NeuMF,2007,2007-12-31,67263,8340,1,0.9991243481636047
NeuMF,2007,2007-12-31,67263,8360,2,0.9984140396118164
NeuMF,2007,2007-12-31,67263,454,3,0.9976966977119446
NeuMF,2007,2007-12-31,67263,7438,4,0.9975466132164001
NeuMF,2007,2007-12-31,67263,8665,5,0.9975185394287109
NeuMF,2007,2007-12-31,67263,33166,6,0.9973766803741455
NeuMF,2007,2007-12-31,67263,3020,7,0.9964949488639832
NeuMF,2007,2007-12-31,67263,8529,8,0.9963712692260742
NeuMF,2007,2007-12-31,67263,32031,9,0.9962499737739563
NeuMF,2007,2007-12-31,67263,30707,10,0.9958257675170898
NeuMF,2007,2007-12-31,67298,7023,1,0.9975296854972839
NeuMF,2007,2007-12-31,67298,6365,2,0.9969326257705688
NeuMF,2007,2007-12-31,67298,5690,3,0.9960610270500183
NeuMF,2007,2007-12-31,67298,6542,4,0.9958673715591431
NeuMF,2007,2007-12-31,67298,4963,5,0.995795726776123
NeuMF,2007,2007-12-31,67298,4720,6,0.9956812858581543
NeuMF,2007,2007-12-31,67298,5971,7,0.995164155960083
NeuMF,2007,2007-12-31,67298,6197,8,0.9950356483459473
NeuMF,2007,2007-12-31,67298,1348,9,0.9941167831420898
NeuMF,2007,2007-12-31,67298,8019,10,0.9938977360725403
NeuMF,2007,2007-12-31,67476,4776,1,0.9995660185813904
NeuMF,2007,2007-12-31,67476,7361,2,0.9981441497802734
NeuMF,2007,2007-12-31,67476,4993,3,0.9981234669685364
NeuMF,2007,2007-12-31,67476,2997,4,0.9978570342063904
NeuMF,2007,2007-12-31,67476,39444,5,0.9977110624313354
NeuMF,2007,2007-12-31,67476,3911,6,0.9975503087043762
NeuMF,2007,2007-12-31,67476,6188,7,0.9973981380462646
NeuMF,2007,2007-12-31,67476,3949,8,0.997066080570221
NeuMF,2007,2007-12-31,67476,4034,9,0.9969701766967773
NeuMF,2007,2007-12-31,67476,6863,10,0.9969620108604431
NeuMF,2007,2007-12-31,67555,5445,1,0.9998478889465332
NeuMF,2007,2007-12-31,67555,1036,2,0.9995785355567932
NeuMF,2007,2007-12-31,67555,3175,3,0.9989842772483826
NeuMF,2007,2007-12-31,67555,541,4,0.9989718198776245
NeuMF,2007,2007-12-31,67555,3996,5,0.9986581802368164
NeuMF,2007,2007-12-31,67555,1375,6,0.9982376098632812
NeuMF,2007,2007-12-31,67555,1270,7,0.99797123670578
NeuMF,2007,2007-12-31,67555,2571,8,0.9976759552955627
NeuMF,2007,2007-12-31,67555,750,9,0.9976252913475037
NeuMF,2007,2007-12-31,67555,457,10,0.9971041083335876
NeuMF,2007,2007-12-31,67661,7371,1,0.9999262094497681
NeuMF,2007,2007-12-31,67661,31410,2,0.9997459053993225
NeuMF,2007,2007-12-31,67661,778,3,0.9996503591537476
NeuMF,2007,2007-12-31,67661,6016,4,0.999645471572876
NeuMF,2007,2007-12-31,67661,4993,5,0.9995800852775574
NeuMF,2007,2007-12-31,67661,5669,6,0.9994195699691772
NeuMF,2007,2007-12-31,67661,4963,7,0.9994195699691772
NeuMF,2007,2007-12-31,67661,5952,8,0.9992756247520447
NeuMF,2007,2007-12-31,67661,8645,9,0.9992558360099792
NeuMF,2007,2007-12-31,67661,34437,10,0.9990804195404053
NeuMF,2007,2007-12-31,68002,1962,1,0.9993306398391724
NeuMF,2007,2007-12-31,68002,1225,2,0.99875807762146
NeuMF,2007,2007-12-31,68002,1193,3,0.9985645413398743
NeuMF,2007,2007-12-31,68002,920,4,0.9983599781990051
NeuMF,2007,2007-12-31,68002,1207,5,0.9981246590614319
NeuMF,2007,2007-12-31,68002,5799,6,0.9979792237281799
NeuMF,2007,2007-12-31,68002,919,7,0.9979509711265564
NeuMF,2007,2007-12-31,68002,1272,8,0.9979410767555237
NeuMF,2007,2007-12-31,68002,1293,9,0.9976434111595154
NeuMF,2007,2007-12-31,68002,923,10,0.9973397850990295
NeuMF,2007,2007-12-31,68012,4878,1,0.9997326731681824
NeuMF,2007,2007-12-31,68012,5954,2,0.999518871307373
NeuMF,2007,2007-12-31,68012,4448,3,0.9994035959243774
NeuMF,2007,2007-12-31,68012,6279,4,0.9989871382713318
NeuMF,2007,2007-12-31,68012,5630,5,0.9988880753517151
NeuMF,2007,2007-12-31,68012,5903,6,0.9988635778427124
NeuMF,2007,2007-12-31,68012,2167,7,0.9988362193107605
NeuMF,2007,2007-12-31,68012,6796,8,0.9988333582878113
NeuMF,2007,2007-12-31,68012,4262,9,0.998801589012146
NeuMF,2007,2007-12-31,68012,5782,10,0.9987179040908813
NeuMF,2007,2007-12-31,68097,8807,1,0.9978862404823303
NeuMF,2007,2007-12-31,68097,1206,2,0.996242880821228
NeuMF,2007,2007-12-31,68097,5785,3,0.996218740940094
NeuMF,2007,2007-12-31,68097,520,4,0.995904266834259
NeuMF,2007,2007-12-31,68097,5669,5,0.995795726776123
NeuMF,2007,2007-12-31,68097,8622,6,0.9956936836242676
NeuMF,2007,2007-12-31,68097,1517,7,0.9954187870025635
NeuMF,2007,2007-12-31,68097,1291,8,0.9952588677406311
NeuMF,2007,2007-12-31,68097,343,9,0.994779109954834
NeuMF,2007,2007-12-31,68097,2174,10,0.99436354637146
NeuMF,2007,2007-12-31,68445,3556,1,0.999610960483551
NeuMF,2007,2007-12-31,68445,7265,2,0.9994682669639587
NeuMF,2007,2007-12-31,68445,3285,3,0.9992173910140991
NeuMF,2007,2007-12-31,68445,4450,4,0.9991803765296936
NeuMF,2007,2007-12-31,68445,8783,5,0.9988691210746765
NeuMF,2007,2007-12-31,68445,337,6,0.9984681010246277
NeuMF,2007,2007-12-31,68445,39446,7,0.9978613257408142
NeuMF,2007,2007-12-31,68445,1644,8,0.9974785447120667
NeuMF,2007,2007-12-31,68445,37720,9,0.9964704513549805
NeuMF,2007,2007-12-31,68445,4148,10,0.9963904023170471
NeuMF,2007,2007-12-31,68581,6216,1,0.9995653033256531
NeuMF,2007,2007-12-31,68581,37240,2,0.9993236064910889
NeuMF,2007,2007-12-31,68581,7352,3,0.9989751577377319
NeuMF,2007,2007-12-31,68581,5477,4,0.9987265467643738
NeuMF,2007,2007-12-31,68581,27721,5,0.9986322522163391
NeuMF,2007,2007-12-31,68581,33903,6,0.9984328150749207
NeuMF,2007,2007-12-31,68581,27727,7,0.9983861446380615
NeuMF,2007,2007-12-31,68581,9010,8,0.9975180625915527
NeuMF,2007,2007-12-31,68581,27815,9,0.9974244832992554
NeuMF,2007,2007-12-31,68581,7151,10,0.9961292743682861
NeuMF,2007,2007-12-31,68639,5417,1,0.999526858329773
NeuMF,2007,2007-12-31,68639,3188,2,0.9994452595710754
NeuMF,2007,2007-12-31,68639,3358,3,0.9990923404693604
NeuMF,2007,2007-12-31,68639,1963,4,0.9985411167144775
NeuMF,2007,2007-12-31,68639,2779,5,0.9984294772148132
NeuMF,2007,2007-12-31,68639,5120,6,0.9980205297470093
NeuMF,2007,2007-12-31,68639,3852,7,0.9978269934654236
NeuMF,2007,2007-12-31,68639,1150,8,0.9969887137413025
NeuMF,2007,2007-12-31,68639,262,9,0.9964463114738464
NeuMF,2007,2007-12-31,68639,1663,10,0.9958065748214722
NeuMF,2007,2007-12-31,68740,7569,1,0.9993388056755066
NeuMF,2007,2007-12-31,68740,7325,2,0.9989466071128845
NeuMF,2007,2007-12-31,68740,6333,3,0.9985646605491638
NeuMF,2007,2007-12-31,68740,4993,4,0.9984886646270752
NeuMF,2007,2007-12-31,68740,7147,5,0.9984633922576904
NeuMF,2007,2007-12-31,68740,48780,6,0.9982060194015503
NeuMF,2007,2007-12-31,68740,4886,7,0.9980157613754272
NeuMF,2007,2007-12-31,68740,3301,8,0.9978907704353333
NeuMF,2007,2007-12-31,68740,5952,9,0.9976836442947388
NeuMF,2007,2007-12-31,68740,8961,10,0.9976761937141418
NeuMF,2007,2007-12-31,68776,36535,1,0.9991759657859802
NeuMF,2007,2007-12-31,68776,4428,2,0.9989878535270691
NeuMF,2007,2007-12-31,68776,7155,3,0.998694121837616
NeuMF,2007,2007-12-31,68776,47610,4,0.9984562397003174
NeuMF,2007,2007-12-31,68776,6533,5,0.9979198575019836
NeuMF,2007,2007-12-31,68776,27790,6,0.9972274899482727
NeuMF,2007,2007-12-31,68776,6881,7,0.9970567226409912
NeuMF,2007,2007-12-31,68776,45499,8,0.9968469738960266
NeuMF,2007,2007-12-31,68776,4885,9,0.9966323971748352
NeuMF,2007,2007-12-31,68776,37720,10,0.9962827563285828
NeuMF,2007,2007-12-31,68778,5668,1,0.9998279809951782
NeuMF,2007,2007-12-31,68778,6281,2,0.9992163181304932
NeuMF,2007,2007-12-31,68778,4880,3,0.9987836480140686
NeuMF,2007,2007-12-31,68778,3948,4,0.9975196719169617
NeuMF,2007,2007-12-31,68778,4027,5,0.996782660484314
NeuMF,2007,2007-12-31,68778,5669,6,0.9964450001716614
NeuMF,2007,2007-12-31,68778,5530,7,0.996342122554779
NeuMF,2007,2007-12-31,68778,5418,8,0.9958562254905701
NeuMF,2007,2007-12-31,68778,6373,9,0.9952901601791382
NeuMF,2007,2007-12-31,68778,5296,10,0.9951992630958557
NeuMF,2007,2007-12-31,68788,49272,1,0.9997232556343079
NeuMF,2007,2007-12-31,68788,41569,2,0.9996674060821533
NeuMF,2007,2007-12-31,68788,48516,3,0.9996277093887329
NeuMF,2007,2007-12-31,68788,46976,4,0.99871826171875
NeuMF,2007,2007-12-31,68788,1356,5,0.997633695602417
NeuMF,2007,2007-12-31,68788,7074,6,0.9976093769073486
NeuMF,2007,2007-12-31,68788,34319,7,0.9968611001968384
NeuMF,2007,2007-12-31,68788,8376,8,0.9966521859169006
NeuMF,2007,2007-12-31,68788,43871,9,0.9964697360992432
NeuMF,2007,2007-12-31,68788,6378,10,0.9961851239204407
NeuMF,2007,2007-12-31,68939,1214,1,0.9994827508926392
NeuMF,2007,2007-12-31,68939,7842,2,0.999271810054779
NeuMF,2007,2007-12-31,68939,2761,3,0.998955249786377
NeuMF,2007,2007-12-31,68939,1080,4,0.998870313167572
NeuMF,2007,2007-12-31,68939,6662,5,0.9985690116882324
NeuMF,2007,2007-12-31,68939,1240,6,0.9985206723213196
NeuMF,2007,2007-12-31,68939,2640,7,0.9982379674911499
NeuMF,2007,2007-12-31,68939,8167,8,0.9980576634407043
NeuMF,2007,2007-12-31,68939,33794,9,0.9979735016822815
NeuMF,2007,2007-12-31,68939,2105,10,0.9979168772697449
NeuMF,2007,2007-12-31,69053,419,1,0.9999216794967651
NeuMF,2007,2007-12-31,69053,65,2,0.9995079040527344
NeuMF,2007,2007-12-31,69053,2148,3,0.9986386895179749
NeuMF,2007,2007-12-31,69053,6502,4,0.9977818131446838
NeuMF,2007,2007-12-31,69053,30810,5,0.9977290034294128
NeuMF,2007,2007-12-31,69053,2959,6,0.9973043203353882
NeuMF,2007,2007-12-31,69053,6702,7,0.996704638004303
NeuMF,2007,2007-12-31,69053,8142,8,0.9959031939506531
NeuMF,2007,2007-12-31,69053,611,9,0.9946130514144897
NeuMF,2007,2007-12-31,69053,177,10,0.9936578869819641
NeuMF,2007,2007-12-31,69152,6773,1,0.9998249411582947
NeuMF,2007,2007-12-31,69152,3240,2,0.9993295669555664
NeuMF,2007,2007-12-31,69152,3831,3,0.9992133378982544
NeuMF,2007,2007-12-31,69152,7361,4,0.9990295171737671
NeuMF,2007,2007-12-31,69152,2693,5,0.9975029826164246
NeuMF,2007,2007-12-31,69152,6331,6,0.9968047142028809
NeuMF,2007,2007-12-31,69152,45517,7,0.9965456128120422
NeuMF,2007,2007-12-31,69152,27878,8,0.9950022101402283
NeuMF,2007,2007-12-31,69152,34153,9,0.9949493408203125
NeuMF,2007,2007-12-31,69152,6565,10,0.9948182702064514
NeuMF,2007,2007-12-31,69161,914,1,0.9994747042655945
NeuMF,2007,2007-12-31,69161,2336,2,0.9994534850120544
NeuMF,2007,2007-12-31,69161,1035,3,0.999289870262146
NeuMF,2007,2007-12-31,69161,597,4,0.9989445805549622
NeuMF,2007,2007-12-31,69161,920,5,0.9988271594047546
NeuMF,2007,2007-12-31,69161,261,6,0.9985652565956116
NeuMF,2007,2007-12-31,69161,4535,7,0.9984192848205566
NeuMF,2007,2007-12-31,69161,1441,8,0.9981020092964172
NeuMF,2007,2007-12-31,69161,4014,9,0.9980612397193909
NeuMF,2007,2007-12-31,69161,932,10,0.9978644251823425
NeuMF,2007,2007-12-31,69256,45722,1,0.9998576641082764
NeuMF,2007,2007-12-31,69256,33493,2,0.9998134970664978
NeuMF,2007,2007-12-31,69256,34405,3,0.9997814297676086
NeuMF,2007,2007-12-31,69256,42011,4,0.9997747540473938
NeuMF,2007,2007-12-31,69256,41997,5,0.9996587038040161
NeuMF,2007,2007-12-31,69256,32587,6,0.9994686245918274
NeuMF,2007,2007-12-31,69256,45499,7,0.9992901086807251
NeuMF,2007,2007-12-31,69256,39292,8,0.9991307854652405
NeuMF,2007,2007-12-31,69256,47044,9,0.998989999294281
NeuMF,2007,2007-12-31,69256,41566,10,0.9987945556640625
NeuMF,2007,2007-12-31,69604,1772,1,0.9987301230430603
NeuMF,2007,2007-12-31,69604,40815,2,0.9973415732383728
NeuMF,2007,2007-12-31,69604,6934,3,0.9972633123397827
NeuMF,2007,2007-12-31,69604,5608,4,0.9959171414375305
NeuMF,2007,2007-12-31,69604,7371,5,0.9953734278678894
NeuMF,2007,2007-12-31,69604,3704,6,0.9946004152297974
NeuMF,2007,2007-12-31,69604,7034,7,0.9937356114387512
NeuMF,2007,2007-12-31,69604,2691,8,0.9932290315628052
NeuMF,2007,2007-12-31,69604,1641,9,0.993046224117279
NeuMF,2007,2007-12-31,69604,1391,10,0.9928500652313232
NeuMF,2007,2007-12-31,69790,4661,1,0.9983559250831604
NeuMF,2007,2007-12-31,69790,2318,2,0.9981275200843811
NeuMF,2007,2007-12-31,69790,750,3,0.9966942071914673
NeuMF,2007,2007-12-31,69790,347,4,0.9965484738349915
NeuMF,2007,2007-12-31,69790,4878,5,0.9964842796325684
NeuMF,2007,2007-12-31,69790,904,6,0.9962027668952942
NeuMF,2007,2007-12-31,69790,3067,7,0.9961729645729065
NeuMF,2007,2007-12-31,69790,176,8,0.9960314631462097
NeuMF,2007,2007-12-31,69790,7116,9,0.9960046410560608
NeuMF,2007,2007-12-31,69790,2186,10,0.9948752522468567
NeuMF,2007,2007-12-31,69925,272,1,0.9985905289649963
NeuMF,2007,2007-12-31,69925,4993,2,0.9985687732696533
NeuMF,2007,2007-12-31,69925,308,3,0.9983344674110413
NeuMF,2007,2007-12-31,69925,29,4,0.9982529282569885
NeuMF,2007,2007-12-31,69925,608,5,0.9980394244194031
NeuMF,2007,2007-12-31,69925,594,6,0.9978083968162537
NeuMF,2007,2007-12-31,69925,307,7,0.9977405071258545
NeuMF,2007,2007-12-31,69925,4641,8,0.9975695013999939
NeuMF,2007,2007-12-31,69925,3949,9,0.9973599314689636
NeuMF,2007,2007-12-31,69925,527,10,0.9967899918556213
NeuMF,2007,2007-12-31,69931,8533,1,0.9998155236244202
NeuMF,2007,2007-12-31,69931,262,2,0.9996167421340942
NeuMF,2007,2007-12-31,69931,31685,3,0.9994654059410095
NeuMF,2007,2007-12-31,69931,7346,4,0.9992502331733704
NeuMF,2007,2007-12-31,69931,2572,5,0.9979273080825806
NeuMF,2007,2007-12-31,69931,33794,6,0.9978985786437988
NeuMF,2007,2007-12-31,69931,5308,7,0.9976402521133423
NeuMF,2007,2007-12-31,69931,7150,8,0.9968315958976746
NeuMF,2007,2007-12-31,69931,41569,9,0.9967159032821655
NeuMF,2007,2007-12-31,69931,4474,10,0.9966321587562561
NeuMF,2007,2007-12-31,70117,6323,1,0.9988715052604675
NeuMF,2007,2007-12-31,70117,6942,2,0.9987251162528992
NeuMF,2007,2007-12-31,70117,5954,3,0.9980035424232483
NeuMF,2007,2007-12-31,70117,33004,4,0.9975269436836243
NeuMF,2007,2007-12-31,70117,34319,5,0.9970827698707581
NeuMF,2007,2007-12-31,70117,7347,6,0.9964726567268372
NeuMF,2007,2007-12-31,70117,5669,7,0.9964367151260376
NeuMF,2007,2007-12-31,70117,6250,8,0.9962485432624817
NeuMF,2007,2007-12-31,70117,4901,9,0.9962064027786255
NeuMF,2007,2007-12-31,70117,8622,10,0.9955600500106812
NeuMF,2007,2007-12-31,70340,7143,1,0.999126136302948
NeuMF,2007,2007-12-31,70340,7147,2,0.997739315032959
NeuMF,2007,2007-12-31,70340,7366,3,0.99754399061203
NeuMF,2007,2007-12-31,70340,2082,4,0.9964995384216309
NeuMF,2007,2007-12-31,70340,5400,5,0.9964058995246887
NeuMF,2007,2007-12-31,70340,5989,6,0.9963841438293457
NeuMF,2007,2007-12-31,70340,5843,7,0.9955989122390747
NeuMF,2007,2007-12-31,70340,7004,8,0.994776725769043
NeuMF,2007,2007-12-31,70340,5574,9,0.9945138692855835
NeuMF,2007,2007-12-31,70340,6059,10,0.9944480657577515
NeuMF,2007,2007-12-31,70774,7001,1,0.9992375373840332
NeuMF,2007,2007-12-31,70774,235,2,0.9985628724098206
NeuMF,2007,2007-12-31,70774,4191,3,0.996944010257721
NeuMF,2007,2007-12-31,70774,428,4,0.9969430565834045
NeuMF,2007,2007-12-31,70774,8596,5,0.9969239830970764
NeuMF,2007,2007-12-31,70774,6791,6,0.9968300461769104
NeuMF,2007,2007-12-31,70774,596,7,0.9967181086540222
NeuMF,2007,2007-12-31,70774,661,8,0.9965864419937134
NeuMF,2007,2007-12-31,70774,337,9,0.996531069278717
NeuMF,2007,2007-12-31,70774,8507,10,0.9958658218383789
NeuMF,2007,2007-12-31,70963,2167,1,0.9998582601547241
NeuMF,2007,2007-12-31,70963,8983,2,0.999735414981842
NeuMF,2007,2007-12-31,70963,7438,3,0.9996680021286011
NeuMF,2007,2007-12-31,70963,40732,4,0.999648928642273
NeuMF,2007,2007-12-31,70963,180,5,0.9990880489349365
NeuMF,2007,2007-12-31,70963,6333,6,0.9990761280059814
NeuMF,2007,2007-12-31,70963,27773,7,0.9990474581718445
NeuMF,2007,2007-12-31,70963,8636,8,0.9990146160125732
NeuMF,2007,2007-12-31,70963,8528,9,0.9989703893661499
NeuMF,2007,2007-12-31,70963,34162,10,0.9989412426948547
NeuMF,2007,2007-12-31,71140,7084,1,0.99875807762146
NeuMF,2007,2007-12-31,71140,4212,2,0.9987372756004333
NeuMF,2007,2007-12-31,71140,3742,3,0.997452437877655
NeuMF,2007,2007-12-31,71140,2212,4,0.9964717626571655
NeuMF,2007,2007-12-31,71140,6345,5,0.9955310225486755
NeuMF,2007,2007-12-31,71140,3723,6,0.9952617883682251
NeuMF,2007,2007-12-31,71140,3705,7,0.9948644042015076
NeuMF,2007,2007-12-31,71140,6286,8,0.9948467016220093
NeuMF,2007,2007-12-31,71140,6100,9,0.9940978288650513
NeuMF,2007,2007-12-31,71140,2124,10,0.9940662384033203
NeuMF,2007,2007-12-31,71204,8638,1,0.9999098777770996
NeuMF,2007,2007-12-31,71204,6773,2,0.9997760653495789
NeuMF,2007,2007-12-31,71204,5896,3,0.9997598528862
NeuMF,2007,2007-12-31,71204,1236,4,0.9996067881584167
NeuMF,2007,2007-12-31,71204,187,5,0.9995821118354797
NeuMF,2007,2007-12-31,71204,5225,6,0.999514102935791
NeuMF,2007,2007-12-31,71204,3851,7,0.9994603991508484
NeuMF,2007,2007-12-31,71204,6296,8,0.9994285702705383
NeuMF,2007,2007-12-31,71204,246,9,0.9993894100189209
NeuMF,2007,2007-12-31,71204,562,10,0.9993249177932739
NeuMF,2007,2007-12-31,71215,4886,1,0.9996496438980103
NeuMF,2007,2007-12-31,71215,33794,2,0.9993780851364136
NeuMF,2007,2007-12-31,71215,2706,3,0.9990977048873901
NeuMF,2007,2007-12-31,71215,2959,4,0.9990391731262207
NeuMF,2007,2007-12-31,71215,4226,5,0.9989206790924072
NeuMF,2007,2007-12-31,71215,47,6,0.9983073472976685
NeuMF,2007,2007-12-31,71215,380,7,0.9976831674575806
NeuMF,2007,2007-12-31,71215,1270,8,0.997655987739563
NeuMF,2007,2007-12-31,71215,2858,9,0.9975950121879578
NeuMF,2007,2007-12-31,71215,4027,10,0.9971652626991272
NeuMF,2007,2007-12-31,71347,8798,1,0.9986691474914551
NeuMF,2007,2007-12-31,71347,8636,2,0.998532772064209
NeuMF,2007,2007-12-31,71347,8949,3,0.9976226687431335
NeuMF,2007,2007-12-31,71347,8937,4,0.9975564479827881
NeuMF,2007,2007-12-31,71347,5445,5,0.9969971179962158
NeuMF,2007,2007-12-31,71347,8961,6,0.9969075322151184
NeuMF,2007,2007-12-31,71347,5292,7,0.9965301156044006
NeuMF,2007,2007-12-31,71347,7386,8,0.9964014291763306
NeuMF,2007,2007-12-31,71347,474,9,0.9963871240615845
NeuMF,2007,2007-12-31,71347,1242,10,0.9960193037986755
NeuMF,2007,2007-12-31,71379,1917,1,0.9996404647827148
NeuMF,2007,2007-12-31,71379,180,2,0.9984434247016907
NeuMF,2007,2007-12-31,71379,736,3,0.9975551962852478
NeuMF,2007,2007-12-31,71379,1580,4,0.9974337220191956
NeuMF,2007,2007-12-31,71379,3793,5,0.9973356127738953
NeuMF,2007,2007-12-31,71379,3253,6,0.996940016746521
NeuMF,2007,2007-12-31,71379,520,7,0.9968369007110596
NeuMF,2007,2007-12-31,71379,2617,8,0.9967982172966003
NeuMF,2007,2007-12-31,71379,3081,9,0.9966927766799927
NeuMF,2007,2007-12-31,71379,380,10,0.9966517090797424
NeuMF,2007,2007-12-31,71442,3527,1,0.9999052286148071
NeuMF,2007,2007-12-31,71442,3703,2,0.9998123049736023
NeuMF,2007,2007-12-31,71442,4105,3,0.9995720982551575
NeuMF,2007,2007-12-31,71442,1372,4,0.9993897676467896
NeuMF,2007,2007-12-31,71442,3638,5,0.9993053674697876
NeuMF,2007,2007-12-31,71442,3702,6,0.9992376565933228
NeuMF,2007,2007-12-31,71442,3396,7,0.9991132616996765
NeuMF,2007,2007-12-31,71442,2664,8,0.999077558517456
NeuMF,2007,2007-12-31,71442,4306,9,0.9989069700241089
NeuMF,2007,2007-12-31,71442,1261,10,0.9988852143287659
NeuMF,2007,2007-12-31,71617,3081,1,0.9973684549331665
NeuMF,2007,2007-12-31,71617,3948,2,0.9968596696853638
NeuMF,2007,2007-12-31,71617,3578,3,0.996161699295044
NeuMF,2007,2007-12-31,71617,1597,4,0.9951347708702087
NeuMF,2007,2007-12-31,71617,3499,5,0.994772732257843
NeuMF,2007,2007-12-31,71617,3753,6,0.994487464427948
NeuMF,2007,2007-12-31,71617,1197,7,0.9941703081130981
NeuMF,2007,2007-12-31,71617,2706,8,0.994001567363739
NeuMF,2007,2007-12-31,71617,4022,9,0.9928399324417114
NeuMF,2007,2007-12-31,71617,1777,10,0.9922048449516296
NeuMF,2007,2007-12-31,71873,597,1,0.9995025396347046
NeuMF,2007,2007-12-31,71873,41566,2,0.9993446469306946
NeuMF,2007,2007-12-31,71873,1124,3,0.999071478843689
NeuMF,2007,2007-12-31,71873,1674,4,0.9990503191947937
NeuMF,2007,2007-12-31,71873,1096,5,0.999046266078949
NeuMF,2007,2007-12-31,71873,41569,6,0.9990069270133972
NeuMF,2007,2007-12-31,71873,8360,7,0.9988347887992859
NeuMF,2007,2007-12-31,71873,1962,8,0.998723566532135
NeuMF,2007,2007-12-31,71873,3252,9,0.9986193180084229
NeuMF,2007,2007-12-31,71873,1035,10,0.99793541431427
NeuMF,2007,2007-12-31,71987,6753,1,0.9997603297233582
NeuMF,2007,2007-12-31,71987,8526,2,0.999444305896759
NeuMF,2007,2007-12-31,71987,7386,3,0.9987949132919312
NeuMF,2007,2007-12-31,71987,40815,4,0.9987450838088989
NeuMF,2007,2007-12-31,71987,33615,5,0.9986555576324463
NeuMF,2007,2007-12-31,71987,7346,6,0.9984920024871826
NeuMF,2007,2007-12-31,71987,5218,7,0.9983572363853455
NeuMF,2007,2007-12-31,71987,8860,8,0.9971820116043091
NeuMF,2007,2007-12-31,71987,8665,9,0.9956623911857605
NeuMF,2007,2007-12-31,71987,6264,10,0.9956058859825134
NeuMF,2007,2007-12-31,72186,5995,1,0.9995125532150269
NeuMF,2007,2007-12-31,72186,4993,2,0.9995051622390747
NeuMF,2007,2007-12-31,72186,5989,3,0.9992423057556152
NeuMF,2007,2007-12-31,72186,1193,4,0.9991496801376343
NeuMF,2007,2007-12-31,72186,296,5,0.9991205334663391
NeuMF,2007,2007-12-31,72186,5952,6,0.9990659356117249
NeuMF,2007,2007-12-31,72186,2858,7,0.998869001865387
NeuMF,2007,2007-12-31,72186,4973,8,0.9988614320755005
NeuMF,2007,2007-12-31,72186,4306,9,0.9985870122909546
NeuMF,2007,2007-12-31,72186,150,10,0.9984207153320312
NeuMF,2007,2007-12-31,72663,886,1,0.998641312122345
NeuMF,2007,2007-12-31,72663,5843,2,0.9986348748207092
NeuMF,2007,2007-12-31,72663,6934,3,0.9978986978530884
NeuMF,2007,2007-12-31,72663,1882,4,0.9970082640647888
NeuMF,2007,2007-12-31,72663,8633,5,0.9967902302742004
NeuMF,2007,2007-12-31,72663,3275,6,0.9966679215431213
NeuMF,2007,2007-12-31,72663,1587,7,0.9964123368263245
NeuMF,2007,2007-12-31,72663,3452,8,0.9959912896156311
NeuMF,2007,2007-12-31,72663,4084,9,0.9958227872848511
NeuMF,2007,2007-12-31,72663,8874,10,0.9946626424789429
NeuMF,2007,2007-12-31,72717,8937,1,0.9997418522834778
NeuMF,2007,2007-12-31,72717,35836,2,0.9996781349182129
NeuMF,2007,2007-12-31,72717,7263,3,0.9996540546417236
NeuMF,2007,2007-12-31,72717,6287,4,0.9996300935745239
NeuMF,2007,2007-12-31,72717,34162,5,0.9995936751365662
NeuMF,2007,2007-12-31,72717,8784,6,0.9995643496513367
NeuMF,2007,2007-12-31,72717,6539,7,0.9994103908538818
NeuMF,2007,2007-12-31,72717,32598,8,0.9990590214729309
NeuMF,2007,2007-12-31,72717,7147,9,0.9989269375801086
NeuMF,2007,2007-12-31,72717,7258,10,0.998847246170044
NeuMF,2007,2007-12-31,72888,7007,1,0.9999113082885742
NeuMF,2007,2007-12-31,72888,20,2,0.9994111061096191
NeuMF,2007,2007-12-31,72888,805,3,0.9991831183433533
NeuMF,2007,2007-12-31,72888,16,4,0.9990878105163574
NeuMF,2007,2007-12-31,72888,1061,5,0.999057948589325
NeuMF,2007,2007-12-31,72888,782,6,0.9986003041267395
NeuMF,2007,2007-12-31,72888,4466,7,0.998246431350708
NeuMF,2007,2007-12-31,72888,8798,8,0.9981635212898254
NeuMF,2007,2007-12-31,72888,8493,9,0.9979996085166931
NeuMF,2007,2007-12-31,72888,4448,10,0.9978210926055908
NeuMF,2007,2007-12-31,72964,4823,1,0.9996167421340942
NeuMF,2007,2007-12-31,72964,4142,2,0.9981634020805359
NeuMF,2007,2007-12-31,72964,5015,3,0.9972482323646545
NeuMF,2007,2007-12-31,72964,4002,4,0.9965370893478394
NeuMF,2007,2007-12-31,72964,5218,5,0.9961014986038208
NeuMF,2007,2007-12-31,72964,6333,6,0.994687557220459
NeuMF,2007,2007-12-31,72964,3882,7,0.9944372177124023
NeuMF,2007,2007-12-31,72964,3745,8,0.9943152070045471
NeuMF,2007,2007-12-31,72964,589,9,0.9923386573791504
NeuMF,2007,2007-12-31,72964,2359,10,0.9917843341827393
NeuMF,2007,2007-12-31,73029,272,1,0.9989092350006104
NeuMF,2007,2007-12-31,73029,947,2,0.9972901344299316
NeuMF,2007,2007-12-31,73029,955,3,0.997232973575592
NeuMF,2007,2007-12-31,73029,4886,4,0.9971056580543518
NeuMF,2007,2007-12-31,73029,4226,5,0.9960546493530273
NeuMF,2007,2007-12-31,73029,5945,6,0.995424211025238
NeuMF,2007,2007-12-31,73029,910,7,0.9949321150779724
NeuMF,2007,2007-12-31,73029,902,8,0.9946886301040649
NeuMF,2007,2007-12-31,73029,1276,9,0.9944355487823486
NeuMF,2007,2007-12-31,73029,7153,10,0.9934797286987305
NeuMF,2007,2007-12-31,73267,41569,1,0.9992579817771912
NeuMF,2007,2007-12-31,73267,40815,2,0.9989896416664124
NeuMF,2007,2007-12-31,73267,7147,3,0.9974664449691772
NeuMF,2007,2007-12-31,73267,34319,4,0.9972660541534424
NeuMF,2007,2007-12-31,73267,1485,5,0.9963201284408569
NeuMF,2007,2007-12-31,73267,6887,6,0.9952238202095032
NeuMF,2007,2007-12-31,73267,5308,7,0.9951390027999878
NeuMF,2007,2007-12-31,73267,8916,8,0.994724690914154
NeuMF,2007,2007-12-31,73267,8464,9,0.994539201259613
NeuMF,2007,2007-12-31,73267,8781,10,0.994310736656189
NeuMF,2007,2007-12-31,73616,4888,1,0.9999829530715942
NeuMF,2007,2007-12-31,73616,1734,2,0.9999657869338989
NeuMF,2007,2007-12-31,73616,8365,3,0.9998999834060669
NeuMF,2007,2007-12-31,73616,6268,4,0.9998388290405273
NeuMF,2007,2007-12-31,73616,3115,5,0.9996306896209717
NeuMF,2007,2007-12-31,73616,2318,6,0.9995812773704529
NeuMF,2007,2007-12-31,73616,2493,7,0.9994019269943237
NeuMF,2007,2007-12-31,73616,32022,8,0.9993531107902527
NeuMF,2007,2007-12-31,73616,3481,9,0.9992851614952087
NeuMF,2007,2007-12-31,73616,6890,10,0.9990527033805847
NeuMF,2007,2007-12-31,73774,3700,1,0.9998233914375305
NeuMF,2007,2007-12-31,73774,3678,2,0.9993348717689514
NeuMF,2007,2007-12-31,73774,5135,3,0.9992343187332153
NeuMF,2007,2007-12-31,73774,1949,4,0.9981932044029236
NeuMF,2007,2007-12-31,73774,3783,5,0.997991681098938
NeuMF,2007,2007-12-31,73774,1957,6,0.9968057870864868
NeuMF,2007,2007-12-31,73774,4225,7,0.9966782331466675
NeuMF,2007,2007-12-31,73774,800,8,0.9958454966545105
NeuMF,2007,2007-12-31,73774,1293,9,0.9956342577934265
NeuMF,2007,2007-12-31,73774,3296,10,0.995457649230957
NeuMF,2007,2007-12-31,73833,4066,1,0.9978165626525879
NeuMF,2007,2007-12-31,73833,3329,2,0.9972642660140991
NeuMF,2007,2007-12-31,73833,8610,3,0.9954078793525696
NeuMF,2007,2007-12-31,73833,4091,4,0.9952738881111145
NeuMF,2007,2007-12-31,73833,3098,5,0.994662344455719
NeuMF,2007,2007-12-31,73833,3549,6,0.9946052432060242
NeuMF,2007,2007-12-31,73833,3521,7,0.9941385984420776
NeuMF,2007,2007-12-31,73833,2693,8,0.9937066435813904
NeuMF,2007,2007-12-31,73833,6183,9,0.9933962821960449
NeuMF,2007,2007-12-31,73833,1188,10,0.9933624267578125
NeuMF,2007,2007-12-31,73864,7153,1,0.9999123811721802
NeuMF,2007,2007-12-31,73864,7143,2,0.9999032020568848
NeuMF,2007,2007-12-31,73864,6942,3,0.9998125433921814
NeuMF,2007,2007-12-31,73864,7323,4,0.9997515082359314
NeuMF,2007,2007-12-31,73864,33794,5,0.9997435212135315
NeuMF,2007,2007-12-31,73864,5445,6,0.9996708631515503
NeuMF,2007,2007-12-31,73864,7147,7,0.9996495246887207
NeuMF,2007,2007-12-31,73864,4034,8,0.9996440410614014
NeuMF,2007,2007-12-31,73864,8961,9,0.9996192455291748
NeuMF,2007,2007-12-31,73864,27773,10,0.9994866847991943
NeuMF,2007,2007-12-31,74000,3959,1,0.9983166456222534
NeuMF,2007,2007-12-31,74000,4638,2,0.9982965588569641
NeuMF,2007,2007-12-31,74000,1084,3,0.9980596899986267
NeuMF,2007,2007-12-31,74000,6239,4,0.9976932406425476
NeuMF,2007,2007-12-31,74000,3984,5,0.9971517324447632
NeuMF,2007,2007-12-31,74000,924,6,0.9970699548721313
NeuMF,2007,2007-12-31,74000,34437,7,0.9969571828842163
NeuMF,2007,2007-12-31,74000,41997,8,0.9946146607398987
NeuMF,2007,2007-12-31,74000,4855,9,0.9941800832748413
NeuMF,2007,2007-12-31,74000,3798,10,0.9937862157821655
NeuMF,2007,2007-12-31,74503,33794,1,0.9986701011657715
NeuMF,2007,2007-12-31,74503,41569,2,0.9985526204109192
NeuMF,2007,2007-12-31,74503,7346,3,0.9982800483703613
NeuMF,2007,2007-12-31,74503,3624,4,0.9975056052207947
NeuMF,2007,2007-12-31,74503,1223,5,0.9963809847831726
NeuMF,2007,2007-12-31,74503,1276,6,0.9953612685203552
NeuMF,2007,2007-12-31,74503,2944,7,0.9949807524681091
NeuMF,2007,2007-12-31,74503,1429,8,0.993945300579071
NeuMF,2007,2007-12-31,74503,2921,9,0.9939243197441101
NeuMF,2007,2007-12-31,74503,1231,10,0.9930267333984375
NeuMF,2007,2007-12-31,74518,6772,1,0.9999717473983765
NeuMF,2007,2007-12-31,74518,27790,2,0.9999221563339233
NeuMF,2007,2007-12-31,74518,6216,3,0.9998817443847656
NeuMF,2007,2007-12-31,74518,6773,4,0.999768078327179
NeuMF,2007,2007-12-31,74518,8464,5,0.9997175335884094
NeuMF,2007,2007-12-31,74518,7090,6,0.9995179176330566
NeuMF,2007,2007-12-31,74518,6776,7,0.9994545578956604
NeuMF,2007,2007-12-31,74518,7147,8,0.9993897676467896
NeuMF,2007,2007-12-31,74518,500,9,0.9992786049842834
NeuMF,2007,2007-12-31,74518,6016,10,0.9992245435714722
NeuMF,2007,2007-12-31,74727,6565,1,0.9981322884559631
NeuMF,2007,2007-12-31,74727,1466,2,0.9978830218315125
NeuMF,2007,2007-12-31,74727,150,3,0.9977228045463562
NeuMF,2007,2007-12-31,74727,8970,4,0.9977031350135803
NeuMF,2007,2007-12-31,74727,33166,5,0.9976285099983215
NeuMF,2007,2007-12-31,74727,1250,6,0.9968501925468445
NeuMF,2007,2007-12-31,74727,7153,7,0.9968225955963135
NeuMF,2007,2007-12-31,74727,908,8,0.9967117309570312
NeuMF,2007,2007-12-31,74727,1393,9,0.9965882301330566
NeuMF,2007,2007-12-31,74727,2329,10,0.9957971572875977
NeuMF,2007,2007-12-31,75006,8512,1,0.9987125396728516
NeuMF,2007,2007-12-31,75006,370,2,0.9980944991111755
NeuMF,2007,2007-12-31,75006,3814,3,0.9972977042198181
NeuMF,2007,2007-12-31,75006,7832,4,0.996908962726593
NeuMF,2007,2007-12-31,75006,6125,5,0.9957734942436218
NeuMF,2007,2007-12-31,75006,4467,6,0.9946841597557068
NeuMF,2007,2007-12-31,75006,442,7,0.9944633841514587
NeuMF,2007,2007-12-31,75006,6850,8,0.9940453767776489
NeuMF,2007,2007-12-31,75006,33004,9,0.9940366744995117
NeuMF,2007,2007-12-31,75006,4634,10,0.9931380152702332
NeuMF,2007,2007-12-31,75121,2463,1,0.9970383644104004
NeuMF,2007,2007-12-31,75121,426,2,0.9967766404151917
NeuMF,2007,2007-12-31,75121,2111,3,0.9951022863388062
NeuMF,2007,2007-12-31,75121,3984,4,0.9940292835235596
NeuMF,2007,2007-12-31,75121,5843,5,0.99357670545578
NeuMF,2007,2007-12-31,75121,2752,6,0.992482602596283
NeuMF,2007,2007-12-31,75121,466,7,0.9915409684181213
NeuMF,2007,2007-12-31,75121,2948,8,0.9903420209884644
NeuMF,2007,2007-12-31,75121,3639,9,0.9876270890235901
NeuMF,2007,2007-12-31,75121,2792,10,0.9875866174697876
NeuMF,2007,2007-12-31,75276,7265,1,0.99922776222229
NeuMF,2007,2007-12-31,75276,41285,2,0.9990019202232361
NeuMF,2007,2007-12-31,75276,44694,3,0.9989145994186401
NeuMF,2007,2007-12-31,75276,7347,4,0.9986152648925781
NeuMF,2007,2007-12-31,75276,46578,5,0.9977217316627502
NeuMF,2007,2007-12-31,75276,724,6,0.9976067543029785
NeuMF,2007,2007-12-31,75276,48516,7,0.9974766373634338
NeuMF,2007,2007-12-31,75276,5679,8,0.9966540336608887
NeuMF,2007,2007-12-31,75276,2541,9,0.9965671300888062
NeuMF,2007,2007-12-31,75276,8464,10,0.9958069324493408
NeuMF,2007,2007-12-31,75336,2083,1,0.9988031387329102
NeuMF,2007,2007-12-31,75336,2084,2,0.998789370059967
NeuMF,2007,2007-12-31,75336,4886,3,0.9983855485916138
NeuMF,2007,2007-12-31,75336,6377,4,0.998080849647522
NeuMF,2007,2007-12-31,75336,33004,5,0.9979870319366455
NeuMF,2007,2007-12-31,75336,33493,6,0.9976166486740112
NeuMF,2007,2007-12-31,75336,7458,7,0.9975806474685669
NeuMF,2007,2007-12-31,75336,8970,8,0.9967791438102722
NeuMF,2007,2007-12-31,75336,4700,9,0.9966611862182617
NeuMF,2007,2007-12-31,75336,4874,10,0.9961025714874268
NeuMF,2007,2007-12-31,75431,4993,1,0.9995148181915283
NeuMF,2007,2007-12-31,75431,1282,2,0.9982555508613586
NeuMF,2007,2007-12-31,75431,6005,3,0.9978166818618774
NeuMF,2007,2007-12-31,75431,3624,4,0.9977364540100098
NeuMF,2007,2007-12-31,75431,5952,5,0.9976286292076111
NeuMF,2007,2007-12-31,75431,3972,6,0.9967488050460815
NeuMF,2007,2007-12-31,75431,2161,7,0.9967271089553833
NeuMF,2007,2007-12-31,75431,3000,8,0.9965161085128784
NeuMF,2007,2007-12-31,75431,4446,9,0.9963370561599731
NeuMF,2007,2007-12-31,75431,1917,10,0.9962706565856934
NeuMF,2007,2007-12-31,76078,5992,1,0.999068558216095
NeuMF,2007,2007-12-31,76078,27821,2,0.9983698725700378
NeuMF,2007,2007-12-31,76078,5788,3,0.9983066320419312
NeuMF,2007,2007-12-31,76078,4720,4,0.9983031749725342
NeuMF,2007,2007-12-31,76078,7438,5,0.9975020289421082
NeuMF,2007,2007-12-31,76078,6378,6,0.997318685054779
NeuMF,2007,2007-12-31,76078,4848,7,0.9964206218719482
NeuMF,2007,2007-12-31,76078,5902,8,0.9961578249931335
NeuMF,2007,2007-12-31,76078,1645,9,0.9960298538208008
NeuMF,2007,2007-12-31,76078,266,10,0.9959344863891602
NeuMF,2007,2007-12-31,76116,6953,1,0.9998047947883606
NeuMF,2007,2007-12-31,76116,6870,2,0.9996433258056641
NeuMF,2007,2007-12-31,76116,7153,3,0.9996250867843628
NeuMF,2007,2007-12-31,76116,6281,4,0.9995608925819397
NeuMF,2007,2007-12-31,76116,253,5,0.9994224309921265
NeuMF,2007,2007-12-31,76116,1032,6,0.9985970854759216
NeuMF,2007,2007-12-31,76116,551,7,0.9985339641571045
NeuMF,2007,2007-12-31,76116,4993,8,0.9983538389205933
NeuMF,2007,2007-12-31,76116,1342,9,0.9980857372283936
NeuMF,2007,2007-12-31,76116,5902,10,0.9980713725090027
NeuMF,2007,2007-12-31,76225,3681,1,0.9997188448905945
NeuMF,2007,2007-12-31,76225,8949,2,0.9993639588356018
NeuMF,2007,2007-12-31,76225,1252,3,0.9992281198501587
NeuMF,2007,2007-12-31,76225,858,4,0.999037504196167
NeuMF,2007,2007-12-31,76225,2194,5,0.998765230178833
NeuMF,2007,2007-12-31,76225,1213,6,0.9984477758407593
NeuMF,2007,2007-12-31,76225,39444,7,0.998178243637085
NeuMF,2007,2007-12-31,76225,1209,8,0.9981746673583984
NeuMF,2007,2007-12-31,76225,40583,9,0.9981366395950317
NeuMF,2007,2007-12-31,76225,26242,10,0.9980359673500061
NeuMF,2007,2007-12-31,76337,5902,1,0.9997283816337585
NeuMF,2007,2007-12-31,76337,1080,2,0.9994576573371887
NeuMF,2007,2007-12-31,76337,2908,3,0.9992018342018127
NeuMF,2007,2007-12-31,76337,4642,4,0.9991617202758789
NeuMF,2007,2007-12-31,76337,2318,5,0.9990136623382568
NeuMF,2007,2007-12-31,76337,2692,6,0.9990039467811584
NeuMF,2007,2007-12-31,76337,29,7,0.9989538192749023
NeuMF,2007,2007-12-31,76337,247,8,0.9986078143119812
NeuMF,2007,2007-12-31,76337,1285,9,0.9985108971595764
NeuMF,2007,2007-12-31,76337,1199,10,0.9983465671539307
NeuMF,2007,2007-12-31,76430,4784,1,0.9987284541130066
NeuMF,2007,2007-12-31,76430,4028,2,0.9983508586883545
NeuMF,2007,2007-12-31,76430,4225,3,0.997855007648468
NeuMF,2007,2007-12-31,76430,4815,4,0.9977911710739136
NeuMF,2007,2007-12-31,76430,5034,5,0.9975029826164246
NeuMF,2007,2007-12-31,76430,1177,6,0.9963312745094299
NeuMF,2007,2007-12-31,76430,3125,7,0.9963101744651794
NeuMF,2007,2007-12-31,76430,2437,8,0.9953665733337402
NeuMF,2007,2007-12-31,76430,6385,9,0.9950264096260071
NeuMF,2007,2007-12-31,76430,2942,10,0.9933832287788391
NeuMF,2007,2007-12-31,76512,7459,1,0.9998979568481445
NeuMF,2007,2007-12-31,76512,7323,2,0.9997621178627014
NeuMF,2007,2007-12-31,76512,7254,3,0.9997264742851257
NeuMF,2007,2007-12-31,76512,7361,4,0.9995924830436707
NeuMF,2007,2007-12-31,76512,8638,5,0.9994755387306213
NeuMF,2007,2007-12-31,76512,4881,6,0.9993269443511963
NeuMF,2007,2007-12-31,76512,4450,7,0.9992936849594116
NeuMF,2007,2007-12-31,76512,7371,8,0.9992928504943848
NeuMF,2007,2007-12-31,76512,665,9,0.9992758631706238
NeuMF,2007,2007-12-31,76512,5954,10,0.9991410970687866
NeuMF,2007,2007-12-31,76684,8361,1,0.9998760223388672
NeuMF,2007,2007-12-31,76684,6595,2,0.9993264675140381
NeuMF,2007,2007-12-31,76684,5872,3,0.9992608428001404
NeuMF,2007,2007-12-31,76684,8798,4,0.9990755319595337
NeuMF,2007,2007-12-31,76684,6893,5,0.9989868998527527
NeuMF,2007,2007-12-31,76684,4901,6,0.9988118410110474
NeuMF,2007,2007-12-31,76684,5414,7,0.9987542629241943
NeuMF,2007,2007-12-31,76684,170,8,0.9987320303916931
NeuMF,2007,2007-12-31,76684,6155,9,0.998579740524292
NeuMF,2007,2007-12-31,76684,185,10,0.9985532164573669
NeuMF,2007,2007-12-31,77020,34542,1,0.9998633861541748
NeuMF,2007,2007-12-31,77020,6273,2,0.9995099306106567
NeuMF,2007,2007-12-31,77020,43460,3,0.9990350008010864
NeuMF,2007,2007-12-31,77020,2318,4,0.9989987015724182
NeuMF,2007,2007-12-31,77020,8738,5,0.9983997941017151
NeuMF,2007,2007-12-31,77020,922,6,0.9982858300209045
NeuMF,2007,2007-12-31,77020,1248,7,0.9981091022491455
NeuMF,2007,2007-12-31,77020,25825,8,0.9972832202911377
NeuMF,2007,2007-12-31,77020,27831,9,0.9969045519828796
NeuMF,2007,2007-12-31,77020,7063,10,0.9968889355659485
NeuMF,2007,2007-12-31,77177,2709,1,0.9998733997344971
NeuMF,2007,2007-12-31,77177,3000,2,0.9992055296897888
NeuMF,2007,2007-12-31,77177,3429,3,0.999202311038971
NeuMF,2007,2007-12-31,77177,3479,4,0.999170184135437
NeuMF,2007,2007-12-31,77177,4443,5,0.9988420605659485
NeuMF,2007,2007-12-31,77177,720,6,0.9981603026390076
NeuMF,2007,2007-12-31,77177,2946,7,0.9977847933769226
NeuMF,2007,2007-12-31,77177,2941,8,0.997357189655304
NeuMF,2007,2007-12-31,77177,1210,9,0.9973305463790894
NeuMF,2007,2007-12-31,77177,1297,10,0.9969649910926819
NeuMF,2007,2007-12-31,77257,8973,1,0.9999948740005493
NeuMF,2007,2007-12-31,77257,8638,2,0.9999901056289673
NeuMF,2007,2007-12-31,77257,34437,3,0.9999797344207764
NeuMF,2007,2007-12-31,77257,44191,4,0.9999226331710815
NeuMF,2007,2007-12-31,77257,27803,5,0.9998986721038818
NeuMF,2007,2007-12-31,77257,194,6,0.999886155128479
NeuMF,2007,2007-12-31,77257,235,7,0.9998216032981873
NeuMF,2007,2007-12-31,77257,7361,8,0.9998132586479187
NeuMF,2007,2007-12-31,77257,37741,9,0.9998096823692322
NeuMF,2007,2007-12-31,77257,2318,10,0.9995595812797546
NeuMF,2007,2007-12-31,77784,2353,1,0.9988422989845276
NeuMF,2007,2007-12-31,77784,2167,2,0.9983966946601868
NeuMF,2007,2007-12-31,77784,7361,3,0.9981441497802734
NeuMF,2007,2007-12-31,77784,6188,4,0.9980430603027344
NeuMF,2007,2007-12-31,77784,4776,5,0.9978893399238586
NeuMF,2007,2007-12-31,77784,2278,6,0.9977837204933167
NeuMF,2007,2007-12-31,77784,163,7,0.9976304769515991
NeuMF,2007,2007-12-31,77784,5445,8,0.9975554943084717
NeuMF,2007,2007-12-31,77784,8784,9,0.9972803592681885
NeuMF,2007,2007-12-31,77784,3793,10,0.9972547888755798
NeuMF,2007,2007-12-31,77790,150,1,0.9988749623298645
NeuMF,2007,2007-12-31,77790,318,2,0.9986433386802673
NeuMF,2007,2007-12-31,77790,8636,3,0.9981807470321655
NeuMF,2007,2007-12-31,77790,8949,4,0.9979938268661499
NeuMF,2007,2007-12-31,77790,2997,5,0.9970947504043579
NeuMF,2007,2007-12-31,77790,1197,6,0.9970462918281555
NeuMF,2007,2007-12-31,77790,47,7,0.9961417317390442
NeuMF,2007,2007-12-31,77790,1225,8,0.9960638880729675
NeuMF,2007,2007-12-31,77790,913,9,0.9955112934112549
NeuMF,2007,2007-12-31,77790,1193,10,0.9954856038093567
NeuMF,2007,2007-12-31,77880,6893,1,0.9989940524101257
NeuMF,2007,2007-12-31,77880,6333,2,0.9986849427223206
NeuMF,2007,2007-12-31,77880,29,3,0.9979246854782104
NeuMF,2007,2007-12-31,77880,8665,4,0.9977669715881348
NeuMF,2007,2007-12-31,77880,3536,5,0.9971218705177307
NeuMF,2007,2007-12-31,77880,1396,6,0.9967495203018188
NeuMF,2007,2007-12-31,77880,2916,7,0.9965171813964844
NeuMF,2007,2007-12-31,77880,7569,8,0.996364414691925
NeuMF,2007,2007-12-31,77880,1527,9,0.9962671399116516
NeuMF,2007,2007-12-31,77880,32,10,0.9962170720100403
NeuMF,2007,2007-12-31,77957,2321,1,0.9993078708648682
NeuMF,2007,2007-12-31,77957,2997,2,0.9989402890205383
NeuMF,2007,2007-12-31,77957,8636,3,0.9988836646080017
NeuMF,2007,2007-12-31,77957,19,4,0.9985806941986084
NeuMF,2007,2007-12-31,77957,2700,5,0.9979238510131836
NeuMF,2007,2007-12-31,77957,2542,6,0.997420072555542
NeuMF,2007,2007-12-31,77957,2124,7,0.9974154233932495
NeuMF,2007,2007-12-31,77957,552,8,0.9974110722541809
NeuMF,2007,2007-12-31,77957,8879,9,0.9971711039543152
NeuMF,2007,2007-12-31,77957,410,10,0.997053861618042
NeuMF,2007,2007-12-31,78006,364,1,0.9995253086090088
NeuMF,2007,2007-12-31,78006,6365,2,0.9994126558303833
NeuMF,2007,2007-12-31,78006,1485,3,0.9993971586227417
NeuMF,2007,2007-12-31,78006,8373,4,0.9993615746498108
NeuMF,2007,2007-12-31,78006,6934,5,0.9992074370384216
NeuMF,2007,2007-12-31,78006,6377,6,0.9991594552993774
NeuMF,2007,2007-12-31,78006,520,7,0.9991196990013123
NeuMF,2007,2007-12-31,78006,6539,8,0.9988824725151062
NeuMF,2007,2007-12-31,78006,8636,9,0.998842716217041
NeuMF,2007,2007-12-31,78006,7147,10,0.9987412095069885
NeuMF,2007,2007-12-31,78049,33834,1,0.9998936653137207
NeuMF,2007,2007-12-31,78049,30793,2,0.9994433522224426
NeuMF,2007,2007-12-31,78049,7361,3,0.9994055032730103
NeuMF,2007,2007-12-31,78049,35957,4,0.9990164041519165
NeuMF,2007,2007-12-31,78049,40278,5,0.998820960521698
NeuMF,2007,2007-12-31,78049,8361,6,0.9987820982933044
NeuMF,2007,2007-12-31,78049,34323,7,0.9987795948982239
NeuMF,2007,2007-12-31,78049,41569,8,0.9987610578536987
NeuMF,2007,2007-12-31,78049,7442,9,0.9985390901565552
NeuMF,2007,2007-12-31,78049,7346,10,0.9985004663467407
NeuMF,2007,2007-12-31,78054,2812,1,0.9985020160675049
NeuMF,2007,2007-12-31,78054,2795,2,0.9980863332748413
NeuMF,2007,2007-12-31,78054,3988,3,0.9957964420318604
NeuMF,2007,2007-12-31,78054,1120,4,0.9946118593215942
NeuMF,2007,2007-12-31,78054,785,5,0.9934011101722717
NeuMF,2007,2007-12-31,78054,4340,6,0.9921000599861145
NeuMF,2007,2007-12-31,78054,4007,7,0.9919778108596802
NeuMF,2007,2007-12-31,78054,5010,8,0.9913942217826843
NeuMF,2007,2007-12-31,78054,1485,9,0.9913115501403809
NeuMF,2007,2007-12-31,78054,1061,10,0.9912230968475342
NeuMF,2007,2007-12-31,78107,4690,1,0.9981654286384583
NeuMF,2007,2007-12-31,78107,2971,2,0.9978747367858887
NeuMF,2007,2007-12-31,78107,1081,3,0.9976945519447327
NeuMF,2007,2007-12-31,78107,4188,4,0.9943629503250122
NeuMF,2007,2007-12-31,78107,537,5,0.9930237531661987
NeuMF,2007,2007-12-31,78107,5970,6,0.9921646118164062
NeuMF,2007,2007-12-31,78107,2311,7,0.9916576743125916
NeuMF,2007,2007-12-31,78107,468,8,0.9909911155700684
NeuMF,2007,2007-12-31,78107,2300,9,0.9897123575210571
NeuMF,2007,2007-12-31,78107,2346,10,0.989204466342926
NeuMF,2007,2007-12-31,78380,2579,1,0.9999945163726807
NeuMF,2007,2007-12-31,78380,4642,2,0.999984622001648
NeuMF,2007,2007-12-31,78380,4873,3,0.9998598098754883
NeuMF,2007,2007-12-31,78380,5225,4,0.999586284160614
NeuMF,2007,2007-12-31,78380,7361,5,0.9994096755981445
NeuMF,2007,2007-12-31,78380,101,6,0.9993996620178223
NeuMF,2007,2007-12-31,78380,4848,7,0.9990143775939941
NeuMF,2007,2007-12-31,78380,5673,8,0.9988425374031067
NeuMF,2007,2007-12-31,78380,6380,9,0.9988341927528381
NeuMF,2007,2007-12-31,78380,3910,10,0.9988190531730652
NeuMF,2007,2007-12-31,78386,1081,1,0.999123752117157
NeuMF,2007,2007-12-31,78386,3501,2,0.9990739822387695
NeuMF,2007,2007-12-31,78386,6993,3,0.9989393353462219
NeuMF,2007,2007-12-31,78386,3451,4,0.9987823367118835
NeuMF,2007,2007-12-31,78386,1286,5,0.9987008571624756
NeuMF,2007,2007-12-31,78386,1292,6,0.997992753982544
NeuMF,2007,2007-12-31,78386,969,7,0.9979656934738159
NeuMF,2007,2007-12-31,78386,2100,8,0.9975929856300354
NeuMF,2007,2007-12-31,78386,910,9,0.9975376129150391
NeuMF,2007,2007-12-31,78386,3469,10,0.9974538683891296
NeuMF,2007,2007-12-31,78625,7139,1,0.9994762539863586
NeuMF,2007,2007-12-31,78625,1185,2,0.9993135929107666
NeuMF,2007,2007-12-31,78625,1271,3,0.9991474151611328
NeuMF,2007,2007-12-31,78625,3108,4,0.9980237483978271
NeuMF,2007,2007-12-31,78625,1207,5,0.9979602098464966
NeuMF,2007,2007-12-31,78625,5876,6,0.9976528286933899
NeuMF,2007,2007-12-31,78625,2739,7,0.9973317384719849
NeuMF,2007,2007-12-31,78625,4978,8,0.9964624047279358
NeuMF,2007,2007-12-31,78625,1094,9,0.9961115717887878
NeuMF,2007,2007-12-31,78625,7256,10,0.9960349202156067
NeuMF,2007,2007-12-31,79420,4993,1,0.9996495246887207
NeuMF,2007,2007-12-31,79420,4027,2,0.9995474219322205
NeuMF,2007,2007-12-31,79420,4306,3,0.9994994401931763
NeuMF,2007,2007-12-31,79420,4226,4,0.9986336827278137
NeuMF,2007,2007-12-31,79420,1193,5,0.9968957901000977
NeuMF,2007,2007-12-31,79420,3996,6,0.9966566562652588
NeuMF,2007,2007-12-31,79420,4857,7,0.9948679208755493
NeuMF,2007,2007-12-31,79420,1721,8,0.9941452741622925
NeuMF,2007,2007-12-31,79420,1784,9,0.9939458966255188
NeuMF,2007,2007-12-31,79420,1210,10,0.9934840798377991
NeuMF,2007,2007-12-31,79480,5983,1,0.9992561936378479
NeuMF,2007,2007-12-31,79480,5765,2,0.9975979924201965
NeuMF,2007,2007-12-31,79480,6383,3,0.9965531826019287
NeuMF,2007,2007-12-31,79480,2654,4,0.9960671067237854
NeuMF,2007,2007-12-31,79480,26285,5,0.9950292706489563
NeuMF,2007,2007-12-31,79480,4128,6,0.994380533695221
NeuMF,2007,2007-12-31,79480,6857,7,0.9938353300094604
NeuMF,2007,2007-12-31,79480,5965,8,0.993087112903595
NeuMF,2007,2007-12-31,79480,1620,9,0.9925212264060974
NeuMF,2007,2007-12-31,79480,3555,10,0.9923095703125
NeuMF,2007,2007-12-31,79555,2634,1,0.9978256821632385
NeuMF,2007,2007-12-31,79555,4865,2,0.9977098703384399
NeuMF,2007,2007-12-31,79555,4611,3,0.9972476363182068
NeuMF,2007,2007-12-31,79555,5809,4,0.9963765740394592
NeuMF,2007,2007-12-31,79555,3287,5,0.9963209629058838
NeuMF,2007,2007-12-31,79555,3142,6,0.9962450861930847
NeuMF,2007,2007-12-31,79555,1337,7,0.9958881735801697
NeuMF,2007,2007-12-31,79555,41569,8,0.9951595664024353
NeuMF,2007,2007-12-31,79555,4821,9,0.9946863651275635
NeuMF,2007,2007-12-31,79555,963,10,0.9943870306015015
NeuMF,2007,2007-12-31,79595,7254,1,0.9989954829216003
NeuMF,2007,2007-12-31,79595,5377,2,0.9989614486694336
NeuMF,2007,2007-12-31,79595,2841,3,0.9988294243812561
NeuMF,2007,2007-12-31,79595,3273,4,0.998670220375061
NeuMF,2007,2007-12-31,79595,1407,5,0.9984488487243652
NeuMF,2007,2007-12-31,79595,5991,6,0.9979503750801086
NeuMF,2007,2007-12-31,79595,1573,7,0.997742772102356
NeuMF,2007,2007-12-31,79595,6874,8,0.996697187423706
NeuMF,2007,2007-12-31,79595,7160,9,0.9965356588363647
NeuMF,2007,2007-12-31,79595,318,10,0.9964614510536194
NeuMF,2007,2007-12-31,79746,235,1,0.9981080293655396
NeuMF,2007,2007-12-31,79746,1411,2,0.9965676069259644
NeuMF,2007,2007-12-31,79746,1701,3,0.9960046410560608
NeuMF,2007,2007-12-31,79746,1732,4,0.9958896040916443
NeuMF,2007,2007-12-31,79746,1729,5,0.9954267144203186
NeuMF,2007,2007-12-31,79746,1641,6,0.9950410723686218
NeuMF,2007,2007-12-31,79746,6440,7,0.9944071769714355
NeuMF,2007,2007-12-31,79746,50,8,0.9941646456718445
NeuMF,2007,2007-12-31,79746,6620,9,0.9940154552459717
NeuMF,2007,2007-12-31,79746,296,10,0.9938536882400513
NeuMF,2007,2007-12-31,79783,8366,1,0.9998630285263062
NeuMF,2007,2007-12-31,79783,2693,2,0.9998575448989868
NeuMF,2007,2007-12-31,79783,45730,3,0.9995457530021667
NeuMF,2007,2007-12-31,79783,46530,4,0.9990701079368591
NeuMF,2007,2007-12-31,79783,33794,5,0.9990608096122742
NeuMF,2007,2007-12-31,79783,26662,6,0.9989398121833801
NeuMF,2007,2007-12-31,79783,3793,7,0.9989018440246582
NeuMF,2007,2007-12-31,79783,41569,8,0.9987793564796448
NeuMF,2007,2007-12-31,79783,3598,9,0.998219907283783
NeuMF,2007,2007-12-31,79783,27790,10,0.9976746439933777
NeuMF,2007,2007-12-31,79790,1639,1,0.997397780418396
NeuMF,2007,2007-12-31,79790,5015,2,0.996840238571167
NeuMF,2007,2007-12-31,79790,3949,3,0.9968360662460327
NeuMF,2007,2007-12-31,79790,1036,4,0.9966068267822266
NeuMF,2007,2007-12-31,79790,30898,5,0.9963202476501465
NeuMF,2007,2007-12-31,79790,6932,6,0.9953184723854065
NeuMF,2007,2007-12-31,79790,5225,7,0.9939315319061279
NeuMF,2007,2007-12-31,79790,5528,8,0.9939115047454834
NeuMF,2007,2007-12-31,79790,4033,9,0.9936642646789551
NeuMF,2007,2007-12-31,79790,912,10,0.9935389161109924
NeuMF,2007,2007-12-31,80096,4705,1,0.9997954964637756
NeuMF,2007,2007-12-31,80096,926,2,0.9997908473014832
NeuMF,2007,2007-12-31,80096,914,3,0.9996352195739746
NeuMF,2007,2007-12-31,80096,4447,4,0.9995513558387756
NeuMF,2007,2007-12-31,80096,1035,5,0.9990171194076538
NeuMF,2007,2007-12-31,80096,4886,6,0.9987020492553711
NeuMF,2007,2007-12-31,80096,5377,7,0.9986754059791565
NeuMF,2007,2007-12-31,80096,936,8,0.998128354549408
NeuMF,2007,2007-12-31,80096,902,9,0.9979678988456726
NeuMF,2007,2007-12-31,80096,1132,10,0.9977619647979736
NeuMF,2007,2007-12-31,81036,41569,1,0.9961169958114624
NeuMF,2007,2007-12-31,81036,33493,2,0.9951254725456238
NeuMF,2007,2007-12-31,81036,8970,3,0.994684636592865
NeuMF,2007,2007-12-31,81036,5618,4,0.9942399263381958
NeuMF,2007,2007-12-31,81036,7143,5,0.9940891265869141
NeuMF,2007,2007-12-31,81036,7482,6,0.9932651519775391
NeuMF,2007,2007-12-31,81036,8636,7,0.9922866821289062
NeuMF,2007,2007-12-31,81036,6377,8,0.991797685623169
NeuMF,2007,2007-12-31,81036,260,9,0.991359531879425
NeuMF,2007,2007-12-31,81036,1073,10,0.9905194044113159
NeuMF,2007,2007-12-31,81284,7327,1,0.999920129776001
NeuMF,2007,2007-12-31,81284,2726,2,0.9997970461845398
NeuMF,2007,2007-12-31,81284,1255,3,0.9995595812797546
NeuMF,2007,2007-12-31,81284,6710,4,0.9994656443595886
NeuMF,2007,2007-12-31,81284,6890,5,0.9991538524627686
NeuMF,2007,2007-12-31,81284,2010,6,0.999137282371521
NeuMF,2007,2007-12-31,81284,6620,7,0.9989768266677856
NeuMF,2007,2007-12-31,81284,7982,8,0.9989398121833801
NeuMF,2007,2007-12-31,81284,1128,9,0.9988256096839905
NeuMF,2007,2007-12-31,81284,6867,10,0.9986910223960876
NeuMF,2007,2007-12-31,81638,7022,1,0.9996997117996216
NeuMF,2007,2007-12-31,81638,3275,2,0.9995137453079224
NeuMF,2007,2007-12-31,81638,27773,3,0.9992895126342773
NeuMF,2007,2007-12-31,81638,653,4,0.999275267124176
NeuMF,2007,2007-12-31,81638,2329,5,0.9991028308868408
NeuMF,2007,2007-12-31,81638,1625,6,0.9988890290260315
NeuMF,2007,2007-12-31,81638,3285,7,0.9979342222213745
NeuMF,2007,2007-12-31,81638,1200,8,0.9972618818283081
NeuMF,2007,2007-12-31,81638,7007,9,0.9971511960029602
NeuMF,2007,2007-12-31,81638,296,10,0.9969155788421631
NeuMF,2007,2007-12-31,81727,7143,1,0.9998301267623901
NeuMF,2007,2007-12-31,81727,4995,2,0.999550998210907
NeuMF,2007,2007-12-31,81727,6947,3,0.9992683529853821
NeuMF,2007,2007-12-31,81727,30707,4,0.9991607666015625
NeuMF,2007,2007-12-31,81727,8636,5,0.9989495873451233
NeuMF,2007,2007-12-31,81727,6565,6,0.9987743496894836
NeuMF,2007,2007-12-31,81727,7980,7,0.9986258745193481
NeuMF,2007,2007-12-31,81727,4310,8,0.9984322190284729
NeuMF,2007,2007-12-31,81727,6765,9,0.9984311461448669
NeuMF,2007,2007-12-31,81727,7386,10,0.9981766939163208
NeuMF,2007,2007-12-31,81742,3071,1,0.9998175501823425
NeuMF,2007,2007-12-31,81742,2915,2,0.9997016787528992
NeuMF,2007,2007-12-31,81742,4537,3,0.9995760321617126
NeuMF,2007,2007-12-31,81742,3039,4,0.9995390176773071
NeuMF,2007,2007-12-31,81742,3098,5,0.9995163679122925
NeuMF,2007,2007-12-31,81742,2463,6,0.9994292855262756
NeuMF,2007,2007-12-31,81742,4623,7,0.9990407824516296
NeuMF,2007,2007-12-31,81742,2413,8,0.9990271329879761
NeuMF,2007,2007-12-31,81742,2889,9,0.998995840549469
NeuMF,2007,2007-12-31,81742,2518,10,0.9988798499107361
NeuMF,2007,2007-12-31,82329,6216,1,0.9999955892562866
NeuMF,2007,2007-12-31,82329,41863,2,0.9999233484268188
NeuMF,2007,2007-12-31,82329,36517,3,0.9996079802513123
NeuMF,2007,2007-12-31,82329,4144,4,0.9995385408401489
NeuMF,2007,2007-12-31,82329,7365,5,0.9995238780975342
NeuMF,2007,2007-12-31,82329,30749,6,0.9995001554489136
NeuMF,2007,2007-12-31,82329,7371,7,0.9994975328445435
NeuMF,2007,2007-12-31,82329,8973,8,0.9994637370109558
NeuMF,2007,2007-12-31,82329,6773,9,0.9994634985923767
NeuMF,2007,2007-12-31,82329,27878,10,0.999403715133667
NeuMF,2007,2007-12-31,82523,36517,1,0.9971920847892761
NeuMF,2007,2007-12-31,82523,1242,2,0.9968608617782593
NeuMF,2007,2007-12-31,82523,2858,3,0.9966499209403992
NeuMF,2007,2007-12-31,82523,2395,4,0.9957626461982727
NeuMF,2007,2007-12-31,82523,4993,5,0.9946293234825134
NeuMF,2007,2007-12-31,82523,1270,6,0.9940589666366577
NeuMF,2007,2007-12-31,82523,5952,7,0.9928741455078125
NeuMF,2007,2007-12-31,82523,44195,8,0.9926213026046753
NeuMF,2007,2007-12-31,82523,30749,9,0.9920256733894348
NeuMF,2007,2007-12-31,82523,2959,10,0.9913854598999023
NeuMF,2007,2007-12-31,82615,2492,1,0.9998722076416016
NeuMF,2007,2007-12-31,82615,3989,2,0.9996374845504761
NeuMF,2007,2007-12-31,82615,26680,3,0.99850994348526
NeuMF,2007,2007-12-31,82615,3130,4,0.998314380645752
NeuMF,2007,2007-12-31,82615,2330,5,0.9974806904792786
NeuMF,2007,2007-12-31,82615,5214,6,0.9971252083778381
NeuMF,2007,2007-12-31,82615,3498,7,0.9971123933792114
NeuMF,2007,2007-12-31,82615,4185,8,0.9962735176086426
NeuMF,2007,2007-12-31,82615,2064,9,0.9962069988250732
NeuMF,2007,2007-12-31,82615,3254,10,0.9962061643600464
NeuMF,2007,2007-12-31,82625,2628,1,0.9991636276245117
NeuMF,2007,2007-12-31,82625,48,2,0.9981491565704346
NeuMF,2007,2007-12-31,82625,4446,3,0.9979715943336487
NeuMF,2007,2007-12-31,82625,4022,4,0.997882068157196
NeuMF,2007,2007-12-31,82625,260,5,0.9976587295532227
NeuMF,2007,2007-12-31,82625,541,6,0.997314989566803
NeuMF,2007,2007-12-31,82625,1036,7,0.9972193241119385
NeuMF,2007,2007-12-31,82625,2393,8,0.9970667958259583
NeuMF,2007,2007-12-31,82625,592,9,0.997046172618866
NeuMF,2007,2007-12-31,82625,1320,10,0.996206521987915
NeuMF,2007,2007-12-31,83174,2947,1,0.9991092085838318
NeuMF,2007,2007-12-31,83174,34405,2,0.9991036057472229
NeuMF,2007,2007-12-31,83174,594,3,0.9989638328552246
NeuMF,2007,2007-12-31,83174,4623,4,0.9988802075386047
NeuMF,2007,2007-12-31,83174,31696,5,0.9988566637039185
NeuMF,2007,2007-12-31,83174,8132,6,0.9986562728881836
NeuMF,2007,2007-12-31,83174,33794,7,0.9984727501869202
NeuMF,2007,2007-12-31,83174,6188,8,0.9984492063522339
NeuMF,2007,2007-12-31,83174,180,9,0.9983945488929749
NeuMF,2007,2007-12-31,83174,47200,10,0.9979903697967529
NeuMF,2007,2007-12-31,83290,3424,1,0.9997349381446838
NeuMF,2007,2007-12-31,83290,1964,2,0.9992474317550659
NeuMF,2007,2007-12-31,83290,6953,3,0.9992208480834961
NeuMF,2007,2007-12-31,83290,1953,4,0.9991063475608826
NeuMF,2007,2007-12-31,83290,16,5,0.9990737438201904
NeuMF,2007,2007-12-31,83290,6957,6,0.9990301132202148
NeuMF,2007,2007-12-31,83290,3104,7,0.9988406300544739
NeuMF,2007,2007-12-31,83290,1673,8,0.9988020658493042
NeuMF,2007,2007-12-31,83290,1077,9,0.9987045526504517
NeuMF,2007,2007-12-31,83290,1395,10,0.9986377358436584
NeuMF,2007,2007-12-31,83361,7324,1,0.9996223449707031
NeuMF,2007,2007-12-31,83361,26776,2,0.9993984699249268
NeuMF,2007,2007-12-31,83361,7842,3,0.9989665746688843
NeuMF,2007,2007-12-31,83361,6947,4,0.9975817203521729
NeuMF,2007,2007-12-31,83361,2810,5,0.9974815249443054
NeuMF,2007,2007-12-31,83361,7720,6,0.99704509973526
NeuMF,2007,2007-12-31,83361,4720,7,0.9966411590576172
NeuMF,2007,2007-12-31,83361,34048,8,0.99659663438797
NeuMF,2007,2007-12-31,83361,4958,9,0.9958552718162537
NeuMF,2007,2007-12-31,83361,783,10,0.9953410625457764
NeuMF,2007,2007-12-31,83429,44191,1,0.9998441934585571
NeuMF,2007,2007-12-31,83429,31658,2,0.9997503161430359
NeuMF,2007,2007-12-31,83429,41997,3,0.9981824159622192
NeuMF,2007,2007-12-31,83429,2858,4,0.9977320432662964
NeuMF,2007,2007-12-31,83429,1270,5,0.9970242381095886
NeuMF,2007,2007-12-31,83429,3275,6,0.9967588782310486
NeuMF,2007,2007-12-31,83429,4963,7,0.9965858459472656
NeuMF,2007,2007-12-31,83429,293,8,0.9964739680290222
NeuMF,2007,2007-12-31,83429,27700,9,0.9960389137268066
NeuMF,2007,2007-12-31,83429,3160,10,0.995750904083252
NeuMF,2007,2007-12-31,83924,27846,1,0.9992208480834961
NeuMF,2007,2007-12-31,83924,1253,2,0.9992191791534424
NeuMF,2007,2007-12-31,83924,3022,3,0.999093770980835
NeuMF,2007,2007-12-31,83924,4181,4,0.9988192915916443
NeuMF,2007,2007-12-31,83924,7256,5,0.9988172650337219
NeuMF,2007,2007-12-31,83924,6062,6,0.9979979395866394
NeuMF,2007,2007-12-31,83924,5485,7,0.9976158142089844
NeuMF,2007,2007-12-31,83924,6942,8,0.9971508383750916
NeuMF,2007,2007-12-31,83924,36535,9,0.9970604777336121
NeuMF,2007,2007-12-31,83924,8582,10,0.996809184551239
NeuMF,2007,2007-12-31,83931,6016,1,0.9999622106552124
NeuMF,2007,2007-12-31,83931,5902,2,0.9999526739120483
NeuMF,2007,2007-12-31,83931,32587,3,0.9999303817749023
NeuMF,2007,2007-12-31,83931,3949,4,0.9998925924301147
NeuMF,2007,2007-12-31,83931,7361,5,0.9998383522033691
NeuMF,2007,2007-12-31,83931,4993,6,0.9997912049293518
NeuMF,2007,2007-12-31,83931,5618,7,0.9997528195381165
NeuMF,2007,2007-12-31,83931,5669,8,0.9997528195381165
NeuMF,2007,2007-12-31,83931,8970,9,0.9997496008872986
NeuMF,2007,2007-12-31,83931,7034,10,0.9997084736824036
NeuMF,2007,2007-12-31,84059,7325,1,0.9999728202819824
NeuMF,2007,2007-12-31,84059,4673,2,0.9993674159049988
NeuMF,2007,2007-12-31,84059,30825,3,0.9991269707679749
NeuMF,2007,2007-12-31,84059,8361,4,0.9990664124488831
NeuMF,2007,2007-12-31,84059,4718,5,0.9987373948097229
NeuMF,2007,2007-12-31,84059,5636,6,0.9987180233001709
NeuMF,2007,2007-12-31,84059,5900,7,0.9983806610107422
NeuMF,2007,2007-12-31,84059,7173,8,0.9981663823127747
NeuMF,2007,2007-12-31,84059,7438,9,0.9978050589561462
NeuMF,2007,2007-12-31,84059,6537,10,0.9976116418838501
NeuMF,2007,2007-12-31,84232,73,1,0.9994507431983948
NeuMF,2007,2007-12-31,84232,5642,2,0.9990389347076416
NeuMF,2007,2007-12-31,84232,527,3,0.9989161491394043
NeuMF,2007,2007-12-31,84232,6082,4,0.9987034797668457
NeuMF,2007,2007-12-31,84232,5747,5,0.9981050491333008
NeuMF,2007,2007-12-31,84232,8809,6,0.9980729818344116
NeuMF,2007,2007-12-31,84232,678,7,0.9977814555168152
NeuMF,2007,2007-12-31,84232,3060,8,0.9976041913032532
NeuMF,2007,2007-12-31,84232,337,9,0.9975678324699402
NeuMF,2007,2007-12-31,84232,590,10,0.9963424801826477
NeuMF,2007,2007-12-31,84485,5445,1,0.9987629652023315
NeuMF,2007,2007-12-31,84485,8950,2,0.9984056353569031
NeuMF,2007,2007-12-31,84485,5959,3,0.9983804225921631
NeuMF,2007,2007-12-31,84485,33162,4,0.9978281855583191
NeuMF,2007,2007-12-31,84485,4226,5,0.9978132247924805
NeuMF,2007,2007-12-31,84485,1921,6,0.9969190359115601
NeuMF,2007,2007-12-31,84485,714,7,0.9966475367546082
NeuMF,2007,2007-12-31,84485,8581,8,0.9958886504173279
NeuMF,2007,2007-12-31,84485,7460,9,0.9958785772323608
NeuMF,2007,2007-12-31,84485,2329,10,0.9957658052444458
NeuMF,2007,2007-12-31,84592,8636,1,0.9993464350700378
NeuMF,2007,2007-12-31,84592,40815,2,0.9983416795730591
NeuMF,2007,2007-12-31,84592,4027,3,0.9982377290725708
NeuMF,2007,2007-12-31,84592,150,4,0.9980102181434631
NeuMF,2007,2007-12-31,84592,110,5,0.9979856014251709
NeuMF,2007,2007-12-31,84592,4720,6,0.9969101548194885
NeuMF,2007,2007-12-31,84592,2997,7,0.9962859153747559
NeuMF,2007,2007-12-31,84592,353,8,0.9958136677742004
NeuMF,2007,2007-12-31,84592,4034,9,0.9950917959213257
NeuMF,2007,2007-12-31,84592,3527,10,0.9949691891670227
NeuMF,2007,2007-12-31,84745,30707,1,0.9995303153991699
NeuMF,2007,2007-12-31,84745,3147,2,0.9991599321365356
NeuMF,2007,2007-12-31,84745,5989,3,0.9990997314453125
NeuMF,2007,2007-12-31,84745,6378,4,0.9990658164024353
NeuMF,2007,2007-12-31,84745,5903,5,0.998910665512085
NeuMF,2007,2007-12-31,84745,7458,6,0.9986662864685059
NeuMF,2007,2007-12-31,84745,1917,7,0.9986079335212708
NeuMF,2007,2007-12-31,84745,7143,8,0.998400866985321
NeuMF,2007,2007-12-31,84745,7325,9,0.9982169270515442
NeuMF,2007,2007-12-31,84745,8798,10,0.9981961846351624
NeuMF,2007,2007-12-31,84763,7153,1,0.999907374382019
NeuMF,2007,2007-12-31,84763,5989,2,0.9998874664306641
NeuMF,2007,2007-12-31,84763,8361,3,0.9998784065246582
NeuMF,2007,2007-12-31,84763,6947,4,0.9998782873153687
NeuMF,2007,2007-12-31,84763,6378,5,0.9998602867126465
NeuMF,2007,2007-12-31,84763,6537,6,0.9998190999031067
NeuMF,2007,2007-12-31,84763,8636,7,0.9997345805168152
NeuMF,2007,2007-12-31,84763,8360,8,0.9997000694274902
NeuMF,2007,2007-12-31,84763,4886,9,0.9996769428253174
NeuMF,2007,2007-12-31,84763,8529,10,0.9994291663169861
NeuMF,2007,2007-12-31,84879,3156,1,0.9990523457527161
NeuMF,2007,2007-12-31,84879,7366,2,0.9990253448486328
NeuMF,2007,2007-12-31,84879,4718,3,0.9986292123794556
NeuMF,2007,2007-12-31,84879,104,4,0.9984317421913147
NeuMF,2007,2007-12-31,84879,4388,5,0.9981594681739807
NeuMF,2007,2007-12-31,84879,6586,6,0.9973064661026001
NeuMF,2007,2007-12-31,84879,785,7,0.9969682097434998
NeuMF,2007,2007-12-31,84879,4890,8,0.9967789053916931
NeuMF,2007,2007-12-31,84879,7255,9,0.9967407584190369
NeuMF,2007,2007-12-31,84879,3268,10,0.9964634776115417
NeuMF,2007,2007-12-31,85039,41285,1,0.9991810917854309
NeuMF,2007,2007-12-31,85039,49272,2,0.9990726709365845
NeuMF,2007,2007-12-31,85039,33794,3,0.9990525841712952
NeuMF,2007,2007-12-31,85039,3275,4,0.9990386962890625
NeuMF,2007,2007-12-31,85039,44694,5,0.9988313317298889
NeuMF,2007,2007-12-31,85039,2542,6,0.9986740350723267
NeuMF,2007,2007-12-31,85039,27592,7,0.9986635446548462
NeuMF,2007,2007-12-31,85039,44204,8,0.9986306428909302
NeuMF,2007,2007-12-31,85039,4011,9,0.9985557198524475
NeuMF,2007,2007-12-31,85039,44199,10,0.9984727501869202
NeuMF,2007,2007-12-31,85365,3030,1,0.999945878982544
NeuMF,2007,2007-12-31,85365,5291,2,0.999840497970581
NeuMF,2007,2007-12-31,85365,3468,3,0.9995200634002686
NeuMF,2007,2007-12-31,85365,7700,4,0.9994000196456909
NeuMF,2007,2007-12-31,85365,6818,5,0.9993925094604492
NeuMF,2007,2007-12-31,85365,2726,6,0.9993059635162354
NeuMF,2007,2007-12-31,85365,5899,7,0.9991496801376343
NeuMF,2007,2007-12-31,85365,1260,8,0.9989719390869141
NeuMF,2007,2007-12-31,85365,8983,9,0.9989209175109863
NeuMF,2007,2007-12-31,85365,6870,10,0.9989147186279297
NeuMF,2007,2007-12-31,85376,3623,1,0.9987843632698059
NeuMF,2007,2007-12-31,85376,2420,2,0.9984954595565796
NeuMF,2007,2007-12-31,85376,2694,3,0.9980353713035583
NeuMF,2007,2007-12-31,85376,2676,4,0.9976633787155151
NeuMF,2007,2007-12-31,85376,3578,5,0.9973123073577881
NeuMF,2007,2007-12-31,85376,2571,6,0.9971098303794861
NeuMF,2007,2007-12-31,85376,2959,7,0.9971049427986145
NeuMF,2007,2007-12-31,85376,3986,8,0.9970145225524902
NeuMF,2007,2007-12-31,85376,2329,9,0.9968863129615784
NeuMF,2007,2007-12-31,85376,10,10,0.996272087097168
NeuMF,2007,2007-12-31,85638,8959,1,0.9999674558639526
NeuMF,2007,2007-12-31,85638,8973,2,0.999903678894043
NeuMF,2007,2007-12-31,85638,8949,3,0.9995369911193848
NeuMF,2007,2007-12-31,85638,5992,4,0.9994818568229675
NeuMF,2007,2007-12-31,85638,8950,5,0.9994801878929138
NeuMF,2007,2007-12-31,85638,6016,6,0.9994189739227295
NeuMF,2007,2007-12-31,85638,6502,7,0.9992179870605469
NeuMF,2007,2007-12-31,85638,4641,8,0.9991390705108643
NeuMF,2007,2007-12-31,85638,8981,9,0.9991344809532166
NeuMF,2007,2007-12-31,85638,4642,10,0.9990350008010864
NeuMF,2007,2007-12-31,85672,4993,1,0.99925297498703
NeuMF,2007,2007-12-31,85672,1207,2,0.9990110397338867
NeuMF,2007,2007-12-31,85672,919,3,0.9985833168029785
NeuMF,2007,2007-12-31,85672,594,4,0.9983119964599609
NeuMF,2007,2007-12-31,85672,1270,5,0.9974343180656433
NeuMF,2007,2007-12-31,85672,1193,6,0.9973382353782654
NeuMF,2007,2007-12-31,85672,5952,7,0.9971056580543518
NeuMF,2007,2007-12-31,85672,953,8,0.9968240261077881
NeuMF,2007,2007-12-31,85672,8784,9,0.9965187311172485
NeuMF,2007,2007-12-31,85672,5528,10,0.9965006113052368
NeuMF,2007,2007-12-31,85727,7153,1,0.9999414682388306
NeuMF,2007,2007-12-31,85727,8368,2,0.9995157718658447
NeuMF,2007,2007-12-31,85727,8961,3,0.9994832277297974
NeuMF,2007,2007-12-31,85727,6333,4,0.9992669224739075
NeuMF,2007,2007-12-31,85727,529,5,0.9992082715034485
NeuMF,2007,2007-12-31,85727,30749,6,0.9989103078842163
NeuMF,2007,2007-12-31,85727,3114,7,0.9988194108009338
NeuMF,2007,2007-12-31,85727,150,8,0.9987910389900208
NeuMF,2007,2007-12-31,85727,5299,9,0.9986473917961121
NeuMF,2007,2007-12-31,85727,3000,10,0.9986467957496643
NeuMF,2007,2007-12-31,85788,6724,1,0.9990875720977783
NeuMF,2007,2007-12-31,85788,5747,2,0.9989245533943176
NeuMF,2007,2007-12-31,85788,4783,3,0.9988395571708679
NeuMF,2007,2007-12-31,85788,4809,4,0.9987156391143799
NeuMF,2007,2007-12-31,85788,6385,5,0.998490571975708
NeuMF,2007,2007-12-31,85788,5991,6,0.9983710646629333
NeuMF,2007,2007-12-31,85788,7151,7,0.99793541431427
NeuMF,2007,2007-12-31,85788,7619,8,0.996944010257721
NeuMF,2007,2007-12-31,85788,6639,9,0.9968606233596802
NeuMF,2007,2007-12-31,85788,5992,10,0.9968269467353821
NeuMF,2007,2007-12-31,86050,5445,1,0.9997275471687317
NeuMF,2007,2007-12-31,86050,2571,2,0.9995668530464172
NeuMF,2007,2007-12-31,86050,7254,3,0.9991773962974548
NeuMF,2007,2007-12-31,86050,4878,4,0.9991625547409058
NeuMF,2007,2007-12-31,86050,7361,5,0.998711347579956
NeuMF,2007,2007-12-31,86050,1653,6,0.9984807372093201
NeuMF,2007,2007-12-31,86050,1917,7,0.9980973601341248
NeuMF,2007,2007-12-31,86050,6333,8,0.9977987408638
NeuMF,2007,2007-12-31,86050,6539,9,0.9974592328071594
NeuMF,2007,2007-12-31,86050,7147,10,0.9973729848861694
NeuMF,2007,2007-12-31,86256,4036,1,0.9979867935180664
NeuMF,2007,2007-12-31,86256,2117,2,0.9979731440544128
NeuMF,2007,2007-12-31,86256,327,3,0.9961240887641907
NeuMF,2007,2007-12-31,86256,6863,4,0.9955393671989441
NeuMF,2007,2007-12-31,86256,5135,5,0.9947957396507263
NeuMF,2007,2007-12-31,86256,8464,6,0.9938386082649231
NeuMF,2007,2007-12-31,86256,30810,7,0.9936224818229675
NeuMF,2007,2007-12-31,86256,5225,8,0.9927526712417603
NeuMF,2007,2007-12-31,86256,112,9,0.992724597454071
NeuMF,2007,2007-12-31,86256,1913,10,0.9922020435333252
NeuMF,2007,2007-12-31,86575,1648,1,0.9960230588912964
NeuMF,2007,2007-12-31,86575,1611,2,0.9951397180557251
NeuMF,2007,2007-12-31,86575,2539,3,0.9937633872032166
NeuMF,2007,2007-12-31,86575,36527,4,0.9922497272491455
NeuMF,2007,2007-12-31,86575,3831,5,0.9915989637374878
NeuMF,2007,2007-12-31,86575,5577,6,0.9908052682876587
NeuMF,2007,2007-12-31,86575,34072,7,0.990450918674469
NeuMF,2007,2007-12-31,86575,2724,8,0.9903514981269836
NeuMF,2007,2007-12-31,86575,3246,9,0.9894202947616577
NeuMF,2007,2007-12-31,86575,538,10,0.989326000213623
NeuMF,2007,2007-12-31,86990,8973,1,0.9997434020042419
NeuMF,2007,2007-12-31,86990,3972,2,0.9995682835578918
NeuMF,2007,2007-12-31,86990,5477,3,0.9989637136459351
NeuMF,2007,2007-12-31,86990,741,4,0.9988383650779724
NeuMF,2007,2007-12-31,86990,1405,5,0.9988197684288025
NeuMF,2007,2007-12-31,86990,1274,6,0.9983355402946472
NeuMF,2007,2007-12-31,86990,33880,7,0.9975963234901428
NeuMF,2007,2007-12-31,86990,3854,8,0.9974634647369385
NeuMF,2007,2007-12-31,86990,2594,9,0.9967380166053772
NeuMF,2007,2007-12-31,86990,5515,10,0.9966256618499756
NeuMF,2007,2007-12-31,87085,8807,1,0.9997164607048035
NeuMF,2007,2007-12-31,87085,3552,2,0.999509334564209
NeuMF,2007,2007-12-31,87085,6188,3,0.9994076490402222
NeuMF,2007,2007-12-31,87085,33493,4,0.9990621209144592
NeuMF,2007,2007-12-31,87085,8917,5,0.9988797307014465
NeuMF,2007,2007-12-31,87085,8970,6,0.998166561126709
NeuMF,2007,2007-12-31,87085,8784,7,0.997998058795929
NeuMF,2007,2007-12-31,87085,6323,8,0.9978126287460327
NeuMF,2007,2007-12-31,87085,2321,9,0.9977516531944275
NeuMF,2007,2007-12-31,87085,40278,10,0.9977460503578186
NeuMF,2007,2007-12-31,87188,8636,1,0.999675989151001
NeuMF,2007,2007-12-31,87188,8360,2,0.9993535876274109
NeuMF,2007,2007-12-31,87188,6333,3,0.9990052580833435
NeuMF,2007,2007-12-31,87188,7147,4,0.9989362359046936
NeuMF,2007,2007-12-31,87188,1278,5,0.998059093952179
NeuMF,2007,2007-12-31,87188,47,6,0.9978166818618774
NeuMF,2007,2007-12-31,87188,4027,7,0.9978145360946655
NeuMF,2007,2007-12-31,87188,7361,8,0.9975290894508362
NeuMF,2007,2007-12-31,87188,3147,9,0.997296154499054
NeuMF,2007,2007-12-31,87188,7438,10,0.997183620929718
NeuMF,2007,2007-12-31,87330,348,1,0.9958816766738892
NeuMF,2007,2007-12-31,87330,535,2,0.9924237728118896
NeuMF,2007,2007-12-31,87330,784,3,0.9922634363174438
NeuMF,2007,2007-12-31,87330,492,4,0.99169921875
NeuMF,2007,2007-12-31,87330,3196,5,0.9906188249588013
NeuMF,2007,2007-12-31,87330,2973,6,0.9905520677566528
NeuMF,2007,2007-12-31,87330,3814,7,0.9900602102279663
NeuMF,2007,2007-12-31,87330,272,8,0.9899673461914062
NeuMF,2007,2007-12-31,87330,2184,9,0.9897255301475525
NeuMF,2007,2007-12-31,87330,585,10,0.9890812635421753
NeuMF,2007,2007-12-31,87517,6378,1,0.9991748929023743
NeuMF,2007,2007-12-31,87517,7346,2,0.9986022114753723
NeuMF,2007,2007-12-31,87517,1291,3,0.9981563687324524
NeuMF,2007,2007-12-31,87517,7361,4,0.9981538653373718
NeuMF,2007,2007-12-31,87517,2115,5,0.9979827404022217
NeuMF,2007,2007-12-31,87517,1748,6,0.9963645339012146
NeuMF,2007,2007-12-31,87517,2761,7,0.9962431192398071
NeuMF,2007,2007-12-31,87517,8865,8,0.9961538910865784
NeuMF,2007,2007-12-31,87517,107,9,0.9961423277854919
NeuMF,2007,2007-12-31,87517,6946,10,0.9960894584655762
NeuMF,2007,2007-12-31,87739,6333,1,0.9977244734764099
NeuMF,2007,2007-12-31,87739,3253,2,0.9941177368164062
NeuMF,2007,2007-12-31,87739,1210,3,0.9916751384735107
NeuMF,2007,2007-12-31,87739,8917,4,0.9908415079116821
NeuMF,2007,2007-12-31,87739,4489,5,0.9898452758789062
NeuMF,2007,2007-12-31,87739,2716,6,0.9875537157058716
NeuMF,2007,2007-12-31,87739,7482,7,0.9873671531677246
NeuMF,2007,2007-12-31,87739,5991,8,0.9871750473976135
NeuMF,2007,2007-12-31,87739,3793,9,0.9869816899299622
NeuMF,2007,2007-12-31,87739,3478,10,0.9869549870491028
NeuMF,2007,2007-12-31,87881,1223,1,0.9984958171844482
NeuMF,2007,2007-12-31,87881,5095,2,0.9982749223709106
NeuMF,2007,2007-12-31,87881,2528,3,0.9971597194671631
NeuMF,2007,2007-12-31,87881,5577,4,0.9961723685264587
NeuMF,2007,2007-12-31,87881,4378,5,0.9960393905639648
NeuMF,2007,2007-12-31,87881,1967,6,0.9952398538589478
NeuMF,2007,2007-12-31,87881,2273,7,0.9950321912765503
NeuMF,2007,2007-12-31,87881,2640,8,0.9949874877929688
NeuMF,2007,2007-12-31,87881,2000,9,0.9948946237564087
NeuMF,2007,2007-12-31,87881,5401,10,0.9943261742591858
NeuMF,2007,2007-12-31,87929,41569,1,0.9996060729026794
NeuMF,2007,2007-12-31,87929,4226,2,0.998908281326294
NeuMF,2007,2007-12-31,87929,364,3,0.9988704323768616
NeuMF,2007,2007-12-31,87929,4963,4,0.9988227486610413
NeuMF,2007,2007-12-31,87929,45722,5,0.9984909296035767
NeuMF,2007,2007-12-31,87929,4993,6,0.9981607794761658
NeuMF,2007,2007-12-31,87929,41566,7,0.9976932406425476
NeuMF,2007,2007-12-31,87929,5952,8,0.9975165128707886
NeuMF,2007,2007-12-31,87929,6378,9,0.9973018169403076
NeuMF,2007,2007-12-31,87929,1097,10,0.9967793822288513
NeuMF,2007,2007-12-31,88198,6765,1,0.9979593753814697
NeuMF,2007,2007-12-31,88198,838,2,0.9978755712509155
NeuMF,2007,2007-12-31,88198,2100,3,0.9975801706314087
NeuMF,2007,2007-12-31,88198,708,4,0.9962687492370605
NeuMF,2007,2007-12-31,88198,2395,5,0.9958321452140808
NeuMF,2007,2007-12-31,88198,45,6,0.9954779744148254
NeuMF,2007,2007-12-31,88198,5135,7,0.9949841499328613
NeuMF,2007,2007-12-31,88198,3882,8,0.994060218334198
NeuMF,2007,2007-12-31,88198,34072,9,0.992377519607544
NeuMF,2007,2007-12-31,88198,4738,10,0.9921776652336121
NeuMF,2007,2007-12-31,88230,40815,1,0.9984959363937378
NeuMF,2007,2007-12-31,88230,1,2,0.9982490539550781
NeuMF,2007,2007-12-31,88230,4963,3,0.9980714917182922
NeuMF,2007,2007-12-31,88230,2123,4,0.9976918697357178
NeuMF,2007,2007-12-31,88230,1291,5,0.9974974989891052
NeuMF,2007,2007-12-31,88230,5218,6,0.9974835515022278
NeuMF,2007,2007-12-31,88230,3882,7,0.9972821474075317
NeuMF,2007,2007-12-31,88230,3578,8,0.9969995021820068
NeuMF,2007,2007-12-31,88230,5816,9,0.9964876174926758
NeuMF,2007,2007-12-31,88230,7454,10,0.9964706897735596
NeuMF,2007,2007-12-31,88522,7579,1,0.9991832375526428
NeuMF,2007,2007-12-31,88522,33679,2,0.9985687732696533
NeuMF,2007,2007-12-31,88522,2424,3,0.9981677532196045
NeuMF,2007,2007-12-31,88522,8622,4,0.9977853298187256
NeuMF,2007,2007-12-31,88522,42011,5,0.9975480437278748
NeuMF,2007,2007-12-31,88522,2081,6,0.997380793094635
NeuMF,2007,2007-12-31,88522,4002,7,0.9973688125610352
NeuMF,2007,2007-12-31,88522,41285,8,0.9973119497299194
NeuMF,2007,2007-12-31,88522,6333,9,0.9971740245819092
NeuMF,2007,2007-12-31,88522,4886,10,0.9969502091407776
NeuMF,2007,2007-12-31,88736,1393,1,0.9997518658638
NeuMF,2007,2007-12-31,88736,1302,2,0.9993112087249756
NeuMF,2007,2007-12-31,88736,6565,3,0.9992589354515076
NeuMF,2007,2007-12-31,88736,3360,4,0.998945415019989
NeuMF,2007,2007-12-31,88736,4306,5,0.9972618818283081
NeuMF,2007,2007-12-31,88736,339,6,0.9961870312690735
NeuMF,2007,2007-12-31,88736,3098,7,0.9961590766906738
NeuMF,2007,2007-12-31,88736,5103,8,0.9956372380256653
NeuMF,2007,2007-12-31,88736,2302,9,0.9955037236213684
NeuMF,2007,2007-12-31,88736,1721,10,0.9954244494438171
NeuMF,2007,2007-12-31,88797,41997,1,0.9995174407958984
NeuMF,2007,2007-12-31,88797,508,2,0.9994018077850342
NeuMF,2007,2007-12-31,88797,318,3,0.9987865090370178
NeuMF,2007,2007-12-31,88797,37741,4,0.9985604882240295
NeuMF,2007,2007-12-31,88797,111,5,0.9985448122024536
NeuMF,2007,2007-12-31,88797,858,6,0.9983503818511963
NeuMF,2007,2007-12-31,88797,2329,7,0.9982036352157593
NeuMF,2007,2007-12-31,88797,509,8,0.998018741607666
NeuMF,2007,2007-12-31,88797,8645,9,0.9979375600814819
NeuMF,2007,2007-12-31,88797,31410,10,0.9978286623954773
NeuMF,2007,2007-12-31,88947,19,1,0.9995123147964478
NeuMF,2007,2007-12-31,88947,33794,2,0.9989848732948303
NeuMF,2007,2007-12-31,88947,8636,3,0.9985547661781311
NeuMF,2007,2007-12-31,88947,2232,4,0.9982197880744934
NeuMF,2007,2007-12-31,88947,198,5,0.9981764554977417
NeuMF,2007,2007-12-31,88947,8810,6,0.9980953335762024
NeuMF,2007,2007-12-31,88947,3066,7,0.9979775547981262
NeuMF,2007,2007-12-31,88947,10,8,0.9975958466529846
NeuMF,2007,2007-12-31,88947,3793,9,0.9965553283691406
NeuMF,2007,2007-12-31,88947,1127,10,0.996448278427124
NeuMF,2007,2007-12-31,89494,308,1,0.9969074130058289
NeuMF,2007,2007-12-31,89494,3422,2,0.9963387250900269
NeuMF,2007,2007-12-31,89494,4361,3,0.9960403442382812
NeuMF,2007,2007-12-31,89494,3706,4,0.9939900636672974
NeuMF,2007,2007-12-31,89494,2677,5,0.9938269257545471
NeuMF,2007,2007-12-31,89494,2575,6,0.9932128190994263
NeuMF,2007,2007-12-31,89494,3342,7,0.9914795160293579
NeuMF,2007,2007-12-31,89494,2618,8,0.991054117679596
NeuMF,2007,2007-12-31,89494,4251,9,0.9907196760177612
NeuMF,2007,2007-12-31,89494,2318,10,0.9904967546463013
NeuMF,2007,2007-12-31,90138,1183,1,0.9988939166069031
NeuMF,2007,2007-12-31,90138,141,2,0.9981815814971924
NeuMF,2007,2007-12-31,90138,1357,3,0.9979457259178162
NeuMF,2007,2007-12-31,90138,608,4,0.9976136684417725
NeuMF,2007,2007-12-31,90138,357,5,0.9974642992019653
NeuMF,2007,2007-12-31,90138,1120,6,0.9972986578941345
NeuMF,2007,2007-12-31,90138,858,7,0.9968565702438354
NeuMF,2007,2007-12-31,90138,1682,8,0.9968005418777466
NeuMF,2007,2007-12-31,90138,1711,9,0.9958904981613159
NeuMF,2007,2007-12-31,90138,7173,10,0.9958600401878357
NeuMF,2007,2007-12-31,90419,4939,1,0.9994018077850342
NeuMF,2007,2007-12-31,90419,4017,2,0.9982996582984924
NeuMF,2007,2007-12-31,90419,2528,3,0.997406542301178
NeuMF,2007,2007-12-31,90419,3360,4,0.9973613619804382
NeuMF,2007,2007-12-31,90419,5214,5,0.9972254037857056
NeuMF,2007,2007-12-31,90419,4007,6,0.9971190690994263
NeuMF,2007,2007-12-31,90419,60,7,0.9969856142997742
NeuMF,2007,2007-12-31,90419,1544,8,0.9935537576675415
NeuMF,2007,2007-12-31,90419,41569,9,0.9931521415710449
NeuMF,2007,2007-12-31,90419,338,10,0.992935836315155
NeuMF,2007,2007-12-31,90604,1801,1,0.9985962510108948
NeuMF,2007,2007-12-31,90604,344,2,0.9944579601287842
NeuMF,2007,2007-12-31,90604,293,3,0.9940770864486694
NeuMF,2007,2007-12-31,90604,40819,4,0.9933818578720093
NeuMF,2007,2007-12-31,90604,1597,5,0.9931214451789856
NeuMF,2007,2007-12-31,90604,1552,6,0.9930211901664734
NeuMF,2007,2007-12-31,90604,1485,7,0.992819607257843
NeuMF,2007,2007-12-31,90604,46530,8,0.9925782084465027
NeuMF,2007,2007-12-31,90604,34405,9,0.9922530055046082
NeuMF,2007,2007-12-31,90604,1573,10,0.9903039336204529
NeuMF,2007,2007-12-31,90728,1223,1,0.999029278755188
NeuMF,2007,2007-12-31,90728,1279,2,0.9987713694572449
NeuMF,2007,2007-12-31,90728,1176,3,0.9971562623977661
NeuMF,2007,2007-12-31,90728,2542,4,0.9965096116065979
NeuMF,2007,2007-12-31,90728,2167,5,0.995790958404541
NeuMF,2007,2007-12-31,90728,1188,6,0.9957755208015442
NeuMF,2007,2007-12-31,90728,4383,7,0.9955854415893555
NeuMF,2007,2007-12-31,90728,8983,8,0.9949947595596313
NeuMF,2007,2007-12-31,90728,302,9,0.9945084452629089
NeuMF,2007,2007-12-31,90728,5628,10,0.9944384098052979
NeuMF,2007,2007-12-31,91844,6711,1,0.9977344274520874
NeuMF,2007,2007-12-31,91844,5669,2,0.9973759651184082
NeuMF,2007,2007-12-31,91844,2411,3,0.9958243370056152
NeuMF,2007,2007-12-31,91844,593,4,0.9957408905029297
NeuMF,2007,2007-12-31,91844,608,5,0.9946991205215454
NeuMF,2007,2007-12-31,91844,110,6,0.9940378665924072
NeuMF,2007,2007-12-31,91844,457,7,0.9925081133842468
NeuMF,2007,2007-12-31,91844,4406,8,0.9920265078544617
NeuMF,2007,2007-12-31,91844,2395,9,0.9911046624183655
NeuMF,2007,2007-12-31,91844,4034,10,0.9910767078399658
NeuMF,2007,2007-12-31,91881,1255,1,0.9997085928916931
NeuMF,2007,2007-12-31,91881,3266,2,0.9992874264717102
NeuMF,2007,2007-12-31,91881,3265,3,0.999201238155365
NeuMF,2007,2007-12-31,91881,4855,4,0.9989256262779236
NeuMF,2007,2007-12-31,91881,3569,5,0.9980944991111755
NeuMF,2007,2007-12-31,91881,4886,6,0.9980549812316895
NeuMF,2007,2007-12-31,91881,1036,7,0.9980323910713196
NeuMF,2007,2007-12-31,91881,1270,8,0.9978107810020447
NeuMF,2007,2007-12-31,91881,2542,9,0.9976442456245422
NeuMF,2007,2007-12-31,91881,4848,10,0.997307300567627
NeuMF,2007,2007-12-31,91967,33493,1,0.9993933439254761
NeuMF,2007,2007-12-31,91967,36535,2,0.9989585876464844
NeuMF,2007,2007-12-31,91967,45720,3,0.9986110925674438
NeuMF,2007,2007-12-31,91967,231,4,0.9972726702690125
NeuMF,2007,2007-12-31,91967,49272,5,0.9972373247146606
NeuMF,2007,2007-12-31,91967,5956,6,0.9968516230583191
NeuMF,2007,2007-12-31,91967,43460,7,0.9962944388389587
NeuMF,2007,2007-12-31,91967,8961,8,0.9960032105445862
NeuMF,2007,2007-12-31,91967,3948,9,0.9949965476989746
NeuMF,2007,2007-12-31,91967,5378,10,0.9949022531509399
NeuMF,2007,2007-12-31,92029,4734,1,0.9992738366127014
NeuMF,2007,2007-12-31,92029,3617,2,0.9991821646690369
NeuMF,2007,2007-12-31,92029,33493,3,0.9989619255065918
NeuMF,2007,2007-12-31,92029,5459,4,0.9987500905990601
NeuMF,2007,2007-12-31,92029,5010,5,0.9987061023712158
NeuMF,2007,2007-12-31,92029,4887,6,0.9982193112373352
NeuMF,2007,2007-12-31,92029,4958,7,0.9980741739273071
NeuMF,2007,2007-12-31,92029,3793,8,0.998047947883606
NeuMF,2007,2007-12-31,92029,5137,9,0.9973458647727966
NeuMF,2007,2007-12-31,92029,4247,10,0.9972260594367981
NeuMF,2007,2007-12-31,92033,509,1,0.9976600408554077
NeuMF,2007,2007-12-31,92033,3274,2,0.9964185953140259
NeuMF,2007,2007-12-31,92033,3824,3,0.9961967468261719
NeuMF,2007,2007-12-31,92033,348,4,0.9957850575447083
NeuMF,2007,2007-12-31,92033,224,5,0.9950246214866638
NeuMF,2007,2007-12-31,92033,4318,6,0.9947094917297363
NeuMF,2007,2007-12-31,92033,3594,7,0.9926906228065491
NeuMF,2007,2007-12-31,92033,2065,8,0.992484986782074
NeuMF,2007,2007-12-31,92033,425,9,0.9917489290237427
NeuMF,2007,2007-12-31,92033,555,10,0.9907826781272888
NeuMF,2007,2007-12-31,92293,8501,1,0.9996178150177002
NeuMF,2007,2007-12-31,92293,27873,2,0.9990975856781006
NeuMF,2007,2007-12-31,92293,1350,3,0.9987238049507141
NeuMF,2007,2007-12-31,92293,3499,4,0.9984742999076843
NeuMF,2007,2007-12-31,92293,27838,5,0.9980778694152832
NeuMF,2007,2007-12-31,92293,1333,6,0.9980474710464478
NeuMF,2007,2007-12-31,92293,7160,7,0.9979210495948792
NeuMF,2007,2007-12-31,92293,2232,8,0.9979143738746643
NeuMF,2007,2007-12-31,92293,7981,9,0.996797502040863
NeuMF,2007,2007-12-31,92293,33896,10,0.9964237809181213
NeuMF,2007,2007-12-31,92499,5890,1,0.9996115565299988
NeuMF,2007,2007-12-31,92499,4886,2,0.9994584918022156
NeuMF,2007,2007-12-31,92499,709,3,0.9993522763252258
NeuMF,2007,2007-12-31,92499,45880,4,0.9993409514427185
NeuMF,2007,2007-12-31,92499,594,5,0.999327540397644
NeuMF,2007,2007-12-31,92499,4963,6,0.9992421865463257
NeuMF,2007,2007-12-31,92499,4235,7,0.9992283582687378
NeuMF,2007,2007-12-31,92499,4308,8,0.9991276860237122
NeuMF,2007,2007-12-31,92499,7323,9,0.9990766048431396
NeuMF,2007,2007-12-31,92499,551,10,0.9990142583847046
NeuMF,2007,2007-12-31,92926,2051,1,0.9993247985839844
NeuMF,2007,2007-12-31,92926,2471,2,0.9991057515144348
NeuMF,2007,2007-12-31,92926,370,3,0.9990867376327515
NeuMF,2007,2007-12-31,92926,2371,4,0.9985785484313965
NeuMF,2007,2007-12-31,92926,743,5,0.9979819059371948
NeuMF,2007,2007-12-31,92926,7173,6,0.9979113936424255
NeuMF,2007,2007-12-31,92926,5942,7,0.9968953132629395
NeuMF,2007,2007-12-31,92926,1010,8,0.9966045618057251
NeuMF,2007,2007-12-31,92926,7101,9,0.9964736104011536
NeuMF,2007,2007-12-31,92926,356,10,0.9959327578544617
NeuMF,2007,2007-12-31,93112,4738,1,0.9997484087944031
NeuMF,2007,2007-12-31,93112,5670,2,0.9996911287307739
NeuMF,2007,2007-12-31,93112,6440,3,0.9994727969169617
NeuMF,2007,2007-12-31,93112,6062,4,0.9994022846221924
NeuMF,2007,2007-12-31,93112,8501,5,0.9991996884346008
NeuMF,2007,2007-12-31,93112,6936,6,0.9990830421447754
NeuMF,2007,2007-12-31,93112,6593,7,0.9990092515945435
NeuMF,2007,2007-12-31,93112,6957,8,0.9989264607429504
NeuMF,2007,2007-12-31,93112,6764,9,0.9988144636154175
NeuMF,2007,2007-12-31,93112,7451,10,0.9987967014312744
NeuMF,2007,2007-12-31,93726,62,1,0.9996256828308105
NeuMF,2007,2007-12-31,93726,4310,2,0.9995483756065369
NeuMF,2007,2007-12-31,93726,3259,3,0.9993793964385986
NeuMF,2007,2007-12-31,93726,4223,4,0.9993383288383484
NeuMF,2007,2007-12-31,93726,5152,5,0.9992584586143494
NeuMF,2007,2007-12-31,93726,3980,6,0.9992351531982422
NeuMF,2007,2007-12-31,93726,6887,7,0.9991987347602844
NeuMF,2007,2007-12-31,93726,3512,8,0.9991499185562134
NeuMF,2007,2007-12-31,93726,4023,9,0.9991119503974915
NeuMF,2007,2007-12-31,93726,7379,10,0.999029278755188
NeuMF,2007,2007-12-31,93850,4886,1,0.9987448453903198
NeuMF,2007,2007-12-31,93850,741,2,0.9976685643196106
NeuMF,2007,2007-12-31,93850,2916,3,0.9974307417869568
NeuMF,2007,2007-12-31,93850,2502,4,0.997400164604187
NeuMF,2007,2007-12-31,93850,6377,5,0.9971889853477478
NeuMF,2007,2007-12-31,93850,2012,6,0.9970362186431885
NeuMF,2007,2007-12-31,93850,2640,7,0.9965649247169495
NeuMF,2007,2007-12-31,93850,1517,8,0.9965593218803406
NeuMF,2007,2007-12-31,93850,3052,9,0.996212363243103
NeuMF,2007,2007-12-31,93850,1240,10,0.9960144758224487
NeuMF,2007,2007-12-31,93884,466,1,0.9988970756530762
NeuMF,2007,2007-12-31,93884,2918,2,0.9981632828712463
NeuMF,2007,2007-12-31,93884,7366,3,0.9971705079078674
NeuMF,2007,2007-12-31,93884,10,4,0.9964973330497742
NeuMF,2007,2007-12-31,93884,3082,5,0.9961947202682495
NeuMF,2007,2007-12-31,93884,6365,6,0.9960880279541016
NeuMF,2007,2007-12-31,93884,40815,7,0.9957091808319092
NeuMF,2007,2007-12-31,93884,520,8,0.9953672885894775
NeuMF,2007,2007-12-31,93884,553,9,0.9953078627586365
NeuMF,2007,2007-12-31,93884,1270,10,0.9952192902565002
NeuMF,2007,2007-12-31,93954,48516,1,0.9999173879623413
NeuMF,2007,2007-12-31,93954,41997,2,0.9998912811279297
NeuMF,2007,2007-12-31,93954,33794,3,0.999599039554596
NeuMF,2007,2007-12-31,93954,40815,4,0.999586284160614
NeuMF,2007,2007-12-31,93954,49272,5,0.9995657801628113
NeuMF,2007,2007-12-31,93954,27831,6,0.9994502663612366
NeuMF,2007,2007-12-31,93954,296,7,0.9990718364715576
NeuMF,2007,2007-12-31,93954,38061,8,0.9989426732063293
NeuMF,2007,2007-12-31,93954,4226,9,0.9987149238586426
NeuMF,2007,2007-12-31,93954,45499,10,0.9986386895179749
NeuMF,2007,2007-12-31,94122,6764,1,0.9995326995849609
NeuMF,2007,2007-12-31,94122,5267,2,0.9986164569854736
NeuMF,2007,2007-12-31,94122,7263,3,0.997553288936615
NeuMF,2007,2007-12-31,94122,4886,4,0.9972825050354004
NeuMF,2007,2007-12-31,94122,4709,5,0.9961417317390442
NeuMF,2007,2007-12-31,94122,7153,6,0.9955195188522339
NeuMF,2007,2007-12-31,94122,5801,7,0.9936436414718628
NeuMF,2007,2007-12-31,94122,952,8,0.99327152967453
NeuMF,2007,2007-12-31,94122,1210,9,0.9931641221046448
NeuMF,2007,2007-12-31,94122,1646,10,0.9927776455879211
NeuMF,2007,2007-12-31,94291,150,1,0.9976689219474792
NeuMF,2007,2007-12-31,94291,8969,2,0.9975990653038025
NeuMF,2007,2007-12-31,94291,1885,3,0.9968531727790833
NeuMF,2007,2007-12-31,94291,2690,4,0.9963282942771912
NeuMF,2007,2007-12-31,94291,1875,5,0.996178150177002
NeuMF,2007,2007-12-31,94291,1271,6,0.9960649609565735
NeuMF,2007,2007-12-31,94291,4037,7,0.9953340888023376
NeuMF,2007,2007-12-31,94291,923,8,0.995128870010376
NeuMF,2007,2007-12-31,94291,34,9,0.995119571685791
NeuMF,2007,2007-12-31,94291,1252,10,0.994903564453125
NeuMF,2007,2007-12-31,94772,40815,1,0.9998999834060669
NeuMF,2007,2007-12-31,94772,30707,2,0.9996247291564941
NeuMF,2007,2007-12-31,94772,7147,3,0.9994112253189087
NeuMF,2007,2007-12-31,94772,8644,4,0.9993941783905029
NeuMF,2007,2007-12-31,94772,6378,5,0.9993470311164856
NeuMF,2007,2007-12-31,94772,41569,6,0.9992817044258118
NeuMF,2007,2007-12-31,94772,44022,7,0.9991618394851685
NeuMF,2007,2007-12-31,94772,7438,8,0.9991222023963928
NeuMF,2007,2007-12-31,94772,6537,9,0.9990941286087036
NeuMF,2007,2007-12-31,94772,39292,10,0.9987863898277283
NeuMF,2007,2007-12-31,94930,2917,1,0.9995918869972229
NeuMF,2007,2007-12-31,94930,2973,2,0.9994058609008789
NeuMF,2007,2007-12-31,94930,1124,3,0.9988835453987122
NeuMF,2007,2007-12-31,94930,3067,4,0.9987272620201111
NeuMF,2007,2007-12-31,94930,3244,5,0.9983008503913879
NeuMF,2007,2007-12-31,94930,3543,6,0.9982886910438538
NeuMF,2007,2007-12-31,94930,3362,7,0.9982094764709473
NeuMF,2007,2007-12-31,94930,5940,8,0.9979488253593445
NeuMF,2007,2007-12-31,94930,2942,9,0.9975259900093079
NeuMF,2007,2007-12-31,94930,2352,10,0.997458279132843
NeuMF,2007,2007-12-31,95079,45668,1,0.9991573095321655
NeuMF,2007,2007-12-31,95079,30816,2,0.9988111257553101
NeuMF,2007,2007-12-31,95079,7944,3,0.9987686276435852
NeuMF,2007,2007-12-31,95079,38038,4,0.9951450228691101
NeuMF,2007,2007-12-31,95079,44022,5,0.9938849806785583
NeuMF,2007,2007-12-31,95079,30749,6,0.9928511381149292
NeuMF,2007,2007-12-31,95079,25788,7,0.9924357533454895
NeuMF,2007,2007-12-31,95079,4886,8,0.990774929523468
NeuMF,2007,2007-12-31,95079,9000,9,0.990415096282959
NeuMF,2007,2007-12-31,95079,48780,10,0.9903720617294312
NeuMF,2007,2007-12-31,95161,6711,1,0.998028576374054
NeuMF,2007,2007-12-31,95161,6385,2,0.997680127620697
NeuMF,2007,2007-12-31,95161,492,3,0.9971467852592468
NeuMF,2007,2007-12-31,95161,7020,4,0.9970908164978027
NeuMF,2007,2007-12-31,95161,1279,5,0.9966199398040771
NeuMF,2007,2007-12-31,95161,6440,6,0.9963908791542053
NeuMF,2007,2007-12-31,95161,2436,7,0.9962338805198669
NeuMF,2007,2007-12-31,95161,6216,8,0.9957557916641235
NeuMF,2007,2007-12-31,95161,1834,9,0.9955728054046631
NeuMF,2007,2007-12-31,95161,2302,10,0.9951030015945435
NeuMF,2007,2007-12-31,95187,6503,1,0.9997780919075012
NeuMF,2007,2007-12-31,95187,4973,2,0.9995480179786682
NeuMF,2007,2007-12-31,95187,6539,3,0.9992628693580627
NeuMF,2007,2007-12-31,95187,5618,4,0.999159574508667
NeuMF,2007,2007-12-31,95187,41566,5,0.9991233944892883
NeuMF,2007,2007-12-31,95187,8636,6,0.9990725517272949
NeuMF,2007,2007-12-31,95187,8526,7,0.9989627599716187
NeuMF,2007,2007-12-31,95187,6333,8,0.9988002777099609
NeuMF,2007,2007-12-31,95187,4310,9,0.9987775683403015
NeuMF,2007,2007-12-31,95187,2617,10,0.9987391829490662
NeuMF,2007,2007-12-31,95592,6144,1,0.9996747970581055
NeuMF,2007,2007-12-31,95592,2920,2,0.9995334148406982
NeuMF,2007,2007-12-31,95592,1295,3,0.9994257688522339
NeuMF,2007,2007-12-31,95592,4784,4,0.999363124370575
NeuMF,2007,2007-12-31,95592,541,5,0.9980903267860413
NeuMF,2007,2007-12-31,95592,2029,6,0.9979566335678101
NeuMF,2007,2007-12-31,95592,1244,7,0.9979240894317627
NeuMF,2007,2007-12-31,95592,1844,8,0.9979133009910583
NeuMF,2007,2007-12-31,95592,3538,9,0.9978654980659485
NeuMF,2007,2007-12-31,95592,1913,10,0.9978494644165039
NeuMF,2007,2007-12-31,95676,4496,1,0.9993602633476257
NeuMF,2007,2007-12-31,95676,1635,2,0.9989129304885864
NeuMF,2007,2007-12-31,95676,1084,3,0.9979206919670105
NeuMF,2007,2007-12-31,95676,2702,4,0.996772825717926
NeuMF,2007,2007-12-31,95676,1912,5,0.9948312640190125
NeuMF,2007,2007-12-31,95676,2176,6,0.994515061378479
NeuMF,2007,2007-12-31,95676,1513,7,0.9942122101783752
NeuMF,2007,2007-12-31,95676,1046,8,0.9936548471450806
NeuMF,2007,2007-12-31,95676,3203,9,0.9918531775474548
NeuMF,2007,2007-12-31,95676,2212,10,0.991314709186554
NeuMF,2007,2007-12-31,95685,1278,1,0.9997122883796692
NeuMF,2007,2007-12-31,95685,1080,2,0.9991206526756287
NeuMF,2007,2007-12-31,95685,1136,3,0.9987571239471436
NeuMF,2007,2007-12-31,95685,1394,4,0.9981433153152466
NeuMF,2007,2007-12-31,95685,1288,5,0.997541069984436
NeuMF,2007,2007-12-31,95685,934,6,0.9973299503326416
NeuMF,2007,2007-12-31,95685,1125,7,0.9972490668296814
NeuMF,2007,2007-12-31,95685,432,8,0.9971639513969421
NeuMF,2007,2007-12-31,95685,2243,9,0.9969682097434998
NeuMF,2007,2007-12-31,95685,1185,10,0.9968060255050659
NeuMF,2007,2007-12-31,95821,7324,1,0.9999377727508545
NeuMF,2007,2007-12-31,95821,594,2,0.9995529055595398
NeuMF,2007,2007-12-31,95821,8972,3,0.9992546439170837
NeuMF,2007,2007-12-31,95821,7147,4,0.9990239143371582
NeuMF,2007,2007-12-31,95821,5621,5,0.998921275138855
NeuMF,2007,2007-12-31,95821,6378,6,0.9989153146743774
NeuMF,2007,2007-12-31,95821,7381,7,0.9985945820808411
NeuMF,2007,2007-12-31,95821,6934,8,0.9982165694236755
NeuMF,2007,2007-12-31,95821,6863,9,0.9981766939163208
NeuMF,2007,2007-12-31,95821,596,10,0.9981585144996643
NeuMF,2007,2007-12-31,95850,5445,1,0.9992486834526062
NeuMF,2007,2007-12-31,95850,7360,2,0.9992289543151855
NeuMF,2007,2007-12-31,95850,6537,3,0.9987446069717407
NeuMF,2007,2007-12-31,95850,7387,4,0.9986623525619507
NeuMF,2007,2007-12-31,95850,6502,5,0.9984511137008667
NeuMF,2007,2007-12-31,95850,4886,6,0.9984482526779175
NeuMF,2007,2007-12-31,95850,1036,7,0.9977706670761108
NeuMF,2007,2007-12-31,95850,2288,8,0.9974314570426941
NeuMF,2007,2007-12-31,95850,6242,9,0.996971607208252
NeuMF,2007,2007-12-31,95850,5989,10,0.9969520568847656
NeuMF,2007,2007-12-31,96237,2059,1,0.9997740387916565
NeuMF,2007,2007-12-31,96237,40,2,0.9995666146278381
NeuMF,2007,2007-12-31,96237,158,3,0.999121367931366
NeuMF,2007,2007-12-31,96237,6887,4,0.9985248446464539
NeuMF,2007,2007-12-31,96237,6147,5,0.9983410835266113
NeuMF,2007,2007-12-31,96237,5644,6,0.9982682466506958
NeuMF,2007,2007-12-31,96237,3198,7,0.9982216954231262
NeuMF,2007,2007-12-31,96237,2501,8,0.9980453252792358
NeuMF,2007,2007-12-31,96237,7059,9,0.9978457689285278
NeuMF,2007,2007-12-31,96237,7451,10,0.9971565008163452
NeuMF,2007,2007-12-31,96250,2700,1,0.9970024228096008
NeuMF,2007,2007-12-31,96250,39446,2,0.9962989687919617
NeuMF,2007,2007-12-31,96250,8645,3,0.995868980884552
NeuMF,2007,2007-12-31,96250,1809,4,0.9950592517852783
NeuMF,2007,2007-12-31,96250,1255,5,0.9941120743751526
NeuMF,2007,2007-12-31,96250,2990,6,0.993852972984314
NeuMF,2007,2007-12-31,96250,8644,7,0.9935632944107056
NeuMF,2007,2007-12-31,96250,27873,8,0.9930342435836792
NeuMF,2007,2007-12-31,96250,1298,9,0.9930142760276794
NeuMF,2007,2007-12-31,96250,2467,10,0.9922894835472107
NeuMF,2007,2007-12-31,96837,3253,1,0.998408854007721
NeuMF,2007,2007-12-31,96837,3252,2,0.9983623623847961
NeuMF,2007,2007-12-31,96837,3477,3,0.9982314705848694
NeuMF,2007,2007-12-31,96837,104,4,0.9961543679237366
NeuMF,2007,2007-12-31,96837,2772,5,0.9960571527481079
NeuMF,2007,2007-12-31,96837,3100,6,0.9960154891014099
NeuMF,2007,2007-12-31,96837,3616,7,0.995705783367157
NeuMF,2007,2007-12-31,96837,4067,8,0.9954977035522461
NeuMF,2007,2007-12-31,96837,2718,9,0.9953663349151611
NeuMF,2007,2007-12-31,96837,180,10,0.9951378703117371
NeuMF,2007,2007-12-31,97031,5617,1,0.9992669224739075
NeuMF,2007,2007-12-31,97031,37733,2,0.9990509152412415
NeuMF,2007,2007-12-31,97031,6953,3,0.9978107810020447
NeuMF,2007,2007-12-31,97031,1619,4,0.9961462020874023
NeuMF,2007,2007-12-31,97031,8874,5,0.9958998560905457
NeuMF,2007,2007-12-31,97031,4816,6,0.9956320524215698
NeuMF,2007,2007-12-31,97031,7044,7,0.9952280521392822
NeuMF,2007,2007-12-31,97031,3160,8,0.995201826095581
NeuMF,2007,2007-12-31,97031,3262,9,0.994858980178833
NeuMF,2007,2007-12-31,97031,319,10,0.9948044419288635
NeuMF,2007,2007-12-31,97769,6216,1,0.9996334314346313
NeuMF,2007,2007-12-31,97769,3089,2,0.9995755553245544
NeuMF,2007,2007-12-31,97769,4733,3,0.9974907636642456
NeuMF,2007,2007-12-31,97769,3163,4,0.9973970651626587
NeuMF,2007,2007-12-31,97769,33166,5,0.996908962726593
NeuMF,2007,2007-12-31,97769,7218,6,0.9964817762374878
NeuMF,2007,2007-12-31,97769,7139,7,0.9964207410812378
NeuMF,2007,2007-12-31,97769,8937,8,0.9962313771247864
NeuMF,2007,2007-12-31,97769,38886,9,0.9957872033119202
NeuMF,2007,2007-12-31,97769,27878,10,0.9950876832008362
NeuMF,2007,2007-12-31,97829,42015,1,0.9999788999557495
NeuMF,2007,2007-12-31,97829,44191,2,0.9999415874481201
NeuMF,2007,2007-12-31,97829,40815,3,0.9999092817306519
NeuMF,2007,2007-12-31,97829,49272,4,0.999895453453064
NeuMF,2007,2007-12-31,97829,8961,5,0.9998925924301147
NeuMF,2007,2007-12-31,97829,45499,6,0.9998565912246704
NeuMF,2007,2007-12-31,97829,40583,7,0.9995477795600891
NeuMF,2007,2007-12-31,97829,33162,8,0.9995439648628235
NeuMF,2007,2007-12-31,97829,46578,9,0.9994237422943115
NeuMF,2007,2007-12-31,97829,8638,10,0.9993983507156372
NeuMF,2007,2007-12-31,97844,1234,1,0.9989448189735413
NeuMF,2007,2007-12-31,97844,8665,2,0.998681366443634
NeuMF,2007,2007-12-31,97844,4993,3,0.9985384941101074
NeuMF,2007,2007-12-31,97844,8636,4,0.9983980059623718
NeuMF,2007,2007-12-31,97844,7153,5,0.9982956051826477
NeuMF,2007,2007-12-31,97844,1197,6,0.9982360601425171
NeuMF,2007,2007-12-31,97844,6539,7,0.9978697299957275
NeuMF,2007,2007-12-31,97844,260,8,0.9976968169212341
NeuMF,2007,2007-12-31,97844,50,9,0.9976052045822144
NeuMF,2007,2007-12-31,97844,1136,10,0.9976027607917786
NeuMF,2007,2007-12-31,97913,2692,1,0.9998794794082642
NeuMF,2007,2007-12-31,97913,2997,2,0.9998574256896973
NeuMF,2007,2007-12-31,97913,3996,3,0.9998456239700317
NeuMF,2007,2007-12-31,97913,4306,4,0.9998019337654114
NeuMF,2007,2007-12-31,97913,4993,5,0.9997639060020447
NeuMF,2007,2007-12-31,97913,2959,6,0.9997257590293884
NeuMF,2007,2007-12-31,97913,4226,7,0.9996781349182129
NeuMF,2007,2007-12-31,97913,4027,8,0.9996590614318848
NeuMF,2007,2007-12-31,97913,2858,9,0.9995806813240051
NeuMF,2007,2007-12-31,97913,3578,10,0.9995406866073608
NeuMF,2007,2007-12-31,97973,428,1,0.9968932867050171
NeuMF,2007,2007-12-31,97973,2173,2,0.9958373308181763
NeuMF,2007,2007-12-31,97973,262,3,0.9945052266120911
NeuMF,2007,2007-12-31,97973,4657,4,0.9933377504348755
NeuMF,2007,2007-12-31,97973,3157,5,0.9930205941200256
NeuMF,2007,2007-12-31,97973,2561,6,0.9921025633811951
NeuMF,2007,2007-12-31,97973,2506,7,0.991877555847168
NeuMF,2007,2007-12-31,97973,3178,8,0.9906540513038635
NeuMF,2007,2007-12-31,97973,527,9,0.9905155897140503
NeuMF,2007,2007-12-31,97973,4488,10,0.9900497198104858
NeuMF,2007,2007-12-31,98666,33836,1,0.9994680285453796
NeuMF,2007,2007-12-31,98666,316,2,0.9992803931236267
NeuMF,2007,2007-12-31,98666,43396,3,0.9992539286613464
NeuMF,2007,2007-12-31,98666,1584,4,0.9991018772125244
NeuMF,2007,2007-12-31,98666,34319,5,0.9989443421363831
NeuMF,2007,2007-12-31,98666,5445,6,0.9989168643951416
NeuMF,2007,2007-12-31,98666,7099,7,0.9981266856193542
NeuMF,2007,2007-12-31,98666,329,8,0.9979816675186157
NeuMF,2007,2007-12-31,98666,1301,9,0.9976420998573303
NeuMF,2007,2007-12-31,98666,7023,10,0.9976116418838501
NeuMF,2007,2007-12-31,98673,6333,1,0.9998792409896851
NeuMF,2007,2007-12-31,98673,5378,2,0.9997785687446594
NeuMF,2007,2007-12-31,98673,1972,3,0.9997662901878357
NeuMF,2007,2007-12-31,98673,33794,4,0.9995949864387512
NeuMF,2007,2007-12-31,98673,6502,5,0.9995637536048889
NeuMF,2007,2007-12-31,98673,33493,6,0.9995490908622742
NeuMF,2007,2007-12-31,98673,1970,7,0.9995425939559937
NeuMF,2007,2007-12-31,98673,1995,8,0.9995325803756714
NeuMF,2007,2007-12-31,98673,7387,9,0.9993532299995422
NeuMF,2007,2007-12-31,98673,5952,10,0.9993032217025757
NeuMF,2007,2007-12-31,98706,27878,1,0.9967265129089355
NeuMF,2007,2007-12-31,98706,2020,2,0.9965360164642334
NeuMF,2007,2007-12-31,98706,3948,3,0.996293842792511
NeuMF,2007,2007-12-31,98706,3623,4,0.9957809448242188
NeuMF,2007,2007-12-31,98706,5445,5,0.9957060217857361
NeuMF,2007,2007-12-31,98706,7154,6,0.9956305027008057
NeuMF,2007,2007-12-31,98706,1207,7,0.9952947497367859
NeuMF,2007,2007-12-31,98706,8373,8,0.9950634837150574
NeuMF,2007,2007-12-31,98706,5820,9,0.9942452311515808
NeuMF,2007,2007-12-31,98706,1172,10,0.9929303526878357
NeuMF,2007,2007-12-31,98778,1405,1,0.9990743398666382
NeuMF,2007,2007-12-31,98778,1982,2,0.9990136623382568
NeuMF,2007,2007-12-31,98778,6502,3,0.9984425902366638
NeuMF,2007,2007-12-31,98778,29,4,0.9981375932693481
NeuMF,2007,2007-12-31,98778,2455,5,0.9957465529441833
NeuMF,2007,2007-12-31,98778,2011,6,0.9956865310668945
NeuMF,2007,2007-12-31,98778,2174,7,0.9953097701072693
NeuMF,2007,2007-12-31,98778,6333,8,0.9949063062667847
NeuMF,2007,2007-12-31,98778,2105,9,0.9943431615829468
NeuMF,2007,2007-12-31,98778,2459,10,0.9936769604682922
NeuMF,2007,2007-12-31,98920,33794,1,0.9997648596763611
NeuMF,2007,2007-12-31,98920,33493,2,0.9993649125099182
NeuMF,2007,2007-12-31,98920,2959,3,0.9988542795181274
NeuMF,2007,2007-12-31,98920,4995,4,0.9987887740135193
NeuMF,2007,2007-12-31,98920,40819,5,0.9982840418815613
NeuMF,2007,2007-12-31,98920,6378,6,0.9976893663406372
NeuMF,2007,2007-12-31,98920,35836,7,0.9974518418312073
NeuMF,2007,2007-12-31,98920,2502,8,0.9972726702690125
NeuMF,2007,2007-12-31,98920,4027,9,0.9972214698791504
NeuMF,2007,2007-12-31,98920,3275,10,0.9972094893455505
NeuMF,2007,2007-12-31,98941,5916,1,0.9998478889465332
NeuMF,2007,2007-12-31,98941,5940,2,0.9997522234916687
NeuMF,2007,2007-12-31,98941,1292,3,0.9997158646583557
NeuMF,2007,2007-12-31,98941,172,4,0.9993341565132141
NeuMF,2007,2007-12-31,98941,4572,5,0.9993207454681396
NeuMF,2007,2007-12-31,98941,2851,6,0.9992334842681885
NeuMF,2007,2007-12-31,98941,4338,7,0.9991705417633057
NeuMF,2007,2007-12-31,98941,8928,8,0.9991379976272583
NeuMF,2007,2007-12-31,98941,1419,9,0.9991276860237122
NeuMF,2007,2007-12-31,98941,4574,10,0.9985635876655579
NeuMF,2007,2007-12-31,99061,2858,1,0.9990023970603943
NeuMF,2007,2007-12-31,99061,3081,2,0.9989215135574341
NeuMF,2007,2007-12-31,99061,3448,3,0.9987806677818298
NeuMF,2007,2007-12-31,99061,3418,4,0.9987736344337463
NeuMF,2007,2007-12-31,99061,33794,5,0.99850994348526
NeuMF,2007,2007-12-31,99061,3176,6,0.9984020590782166
NeuMF,2007,2007-12-31,99061,4963,7,0.9981745481491089
NeuMF,2007,2007-12-31,99061,2692,8,0.9981192946434021
NeuMF,2007,2007-12-31,99061,2115,9,0.9981166124343872
NeuMF,2007,2007-12-31,99061,4995,10,0.9980140924453735
NeuMF,2007,2007-12-31,99156,32587,1,0.9994971752166748
NeuMF,2007,2007-12-31,99156,41997,2,0.9993566870689392
NeuMF,2007,2007-12-31,99156,6016,3,0.9992969036102295
NeuMF,2007,2007-12-31,99156,4027,4,0.9991503953933716
NeuMF,2007,2007-12-31,99156,1208,5,0.9991142153739929
NeuMF,2007,2007-12-31,99156,7323,6,0.9991005659103394
NeuMF,2007,2007-12-31,99156,6620,7,0.9989626407623291
NeuMF,2007,2007-12-31,99156,750,8,0.9987873435020447
NeuMF,2007,2007-12-31,99156,2329,9,0.9987791180610657
NeuMF,2007,2007-12-31,99156,37741,10,0.9987057447433472
NeuMF,2007,2007-12-31,99269,1307,1,0.9998900890350342
NeuMF,2007,2007-12-31,99269,6377,2,0.99988853931427
NeuMF,2007,2007-12-31,99269,1270,3,0.9998611211776733
NeuMF,2007,2007-12-31,99269,1197,4,0.9998562335968018
NeuMF,2007,2007-12-31,99269,4993,5,0.999829888343811
NeuMF,2007,2007-12-31,99269,1225,6,0.9997661709785461
NeuMF,2007,2007-12-31,99269,1259,7,0.9996753931045532
NeuMF,2007,2007-12-31,99269,1198,8,0.9995970129966736
NeuMF,2007,2007-12-31,99269,6711,9,0.9995872378349304
NeuMF,2007,2007-12-31,99269,1234,10,0.9995692372322083
NeuMF,2007,2007-12-31,99286,111,1,0.9973631501197815
NeuMF,2007,2007-12-31,99286,6187,2,0.9964710474014282
NeuMF,2007,2007-12-31,99286,382,3,0.9961953163146973
NeuMF,2007,2007-12-31,99286,6378,4,0.9951932430267334
NeuMF,2007,2007-12-31,99286,6281,5,0.9945514798164368
NeuMF,2007,2007-12-31,99286,4033,6,0.9941362142562866
NeuMF,2007,2007-12-31,99286,5809,7,0.9931989312171936
NeuMF,2007,2007-12-31,99286,145,8,0.9931358098983765
NeuMF,2007,2007-12-31,99286,5254,9,0.9928283095359802
NeuMF,2007,2007-12-31,99286,481,10,0.9925824403762817
NeuMF,2007,2007-12-31,99706,1372,1,0.999474823474884
NeuMF,2007,2007-12-31,99706,1356,2,0.9994456171989441
NeuMF,2007,2007-12-31,99706,3156,3,0.9992390871047974
NeuMF,2007,2007-12-31,99706,466,4,0.9987273812294006
NeuMF,2007,2007-12-31,99706,485,5,0.9985840320587158
NeuMF,2007,2007-12-31,99706,6539,6,0.997661828994751
NeuMF,2007,2007-12-31,99706,7323,7,0.9975806474685669
NeuMF,2007,2007-12-31,99706,5445,8,0.9974783062934875
NeuMF,2007,2007-12-31,99706,442,9,0.9970881342887878
NeuMF,2007,2007-12-31,99706,7090,10,0.9967702627182007
NeuMF,2007,2007-12-31,99723,6367,1,0.9994068145751953
NeuMF,2007,2007-12-31,99723,31685,2,0.9993394017219543
NeuMF,2007,2007-12-31,99723,4990,3,0.999234676361084
NeuMF,2007,2007-12-31,99723,5792,4,0.9984285235404968
NeuMF,2007,2007-12-31,99723,38038,5,0.9978647828102112
NeuMF,2007,2007-12-31,99723,6322,6,0.9974721074104309
NeuMF,2007,2007-12-31,99723,4963,7,0.9974260926246643
NeuMF,2007,2007-12-31,99723,7137,8,0.9967688322067261
NeuMF,2007,2007-12-31,99723,8958,9,0.9967404007911682
NeuMF,2007,2007-12-31,99723,6378,10,0.9966667294502258
NeuMF,2007,2007-12-31,99743,4009,1,0.9997071623802185
NeuMF,2007,2007-12-31,99743,4234,2,0.9992896318435669
NeuMF,2007,2007-12-31,99743,2202,3,0.9989041090011597
NeuMF,2007,2007-12-31,99743,4784,4,0.998418927192688
NeuMF,2007,2007-12-31,99743,3555,5,0.9973618388175964
NeuMF,2007,2007-12-31,99743,4889,6,0.9971669316291809
NeuMF,2007,2007-12-31,99743,5266,7,0.9961611032485962
NeuMF,2007,2007-12-31,99743,42,8,0.9951321482658386
NeuMF,2007,2007-12-31,99743,4021,9,0.9949336647987366
NeuMF,2007,2007-12-31,99743,7216,10,0.9945389628410339
NeuMF,2007,2007-12-31,100154,6534,1,0.99962317943573
NeuMF,2007,2007-12-31,100154,27660,2,0.9994887113571167
NeuMF,2007,2007-12-31,100154,6333,3,0.9990301132202148
NeuMF,2007,2007-12-31,100154,1376,4,0.9990032315254211
NeuMF,2007,2007-12-31,100154,33794,5,0.9987953901290894
NeuMF,2007,2007-12-31,100154,1210,6,0.9987622499465942
NeuMF,2007,2007-12-31,100154,741,7,0.9986972212791443
NeuMF,2007,2007-12-31,100154,1356,8,0.9986775517463684
NeuMF,2007,2007-12-31,100154,1917,9,0.9984671473503113
NeuMF,2007,2007-12-31,100154,112,10,0.9982805252075195
NeuMF,2007,2007-12-31,100445,6565,1,0.9997490048408508
NeuMF,2007,2007-12-31,100445,8949,2,0.9995355606079102
NeuMF,2007,2007-12-31,100445,7361,3,0.999388575553894
NeuMF,2007,2007-12-31,100445,32582,4,0.9986770749092102
NeuMF,2007,2007-12-31,100445,314,5,0.9978275895118713
NeuMF,2007,2007-12-31,100445,32022,6,0.9974175691604614
NeuMF,2007,2007-12-31,100445,27706,7,0.9973172545433044
NeuMF,2007,2007-12-31,100445,5618,8,0.9966139197349548
NeuMF,2007,2007-12-31,100445,4007,9,0.9964035749435425
NeuMF,2007,2007-12-31,100445,39,10,0.9959444403648376
NeuMF,2007,2007-12-31,100485,7034,1,0.9994113445281982
NeuMF,2007,2007-12-31,100485,5570,2,0.9984999895095825
NeuMF,2007,2007-12-31,100485,7371,3,0.9983919262886047
NeuMF,2007,2007-12-31,100485,37240,4,0.9983733892440796
NeuMF,2007,2007-12-31,100485,6058,5,0.997452437877655
NeuMF,2007,2007-12-31,100485,27700,6,0.9972469806671143
NeuMF,2007,2007-12-31,100485,32587,7,0.9969255328178406
NeuMF,2007,2007-12-31,100485,7981,8,0.996910035610199
NeuMF,2007,2007-12-31,100485,6782,9,0.9965116381645203
NeuMF,2007,2007-12-31,100485,6242,10,0.9960365891456604
NeuMF,2007,2007-12-31,100568,6660,1,0.9998207688331604
NeuMF,2007,2007-12-31,100568,3435,2,0.9997294545173645
NeuMF,2007,2007-12-31,100568,7190,3,0.9996935129165649
NeuMF,2007,2007-12-31,100568,6791,4,0.999454915523529
NeuMF,2007,2007-12-31,100568,4978,5,0.9994139671325684
NeuMF,2007,2007-12-31,100568,668,6,0.9990604519844055
NeuMF,2007,2007-12-31,100568,6331,7,0.9987334609031677
NeuMF,2007,2007-12-31,100568,5840,8,0.9983646273612976
NeuMF,2007,2007-12-31,100568,5009,9,0.9982056617736816
NeuMF,2007,2007-12-31,100568,670,10,0.9980916380882263
NeuMF,2007,2007-12-31,101060,3629,1,0.9995713829994202
NeuMF,2007,2007-12-31,101060,25940,2,0.9993187189102173
NeuMF,2007,2007-12-31,101060,4914,3,0.9992782473564148
NeuMF,2007,2007-12-31,101060,8949,4,0.998836100101471
NeuMF,2007,2007-12-31,101060,5914,5,0.9984706044197083
NeuMF,2007,2007-12-31,101060,6140,6,0.9981657862663269
NeuMF,2007,2007-12-31,101060,7700,7,0.9972220659255981
NeuMF,2007,2007-12-31,101060,4037,8,0.9970941543579102
NeuMF,2007,2007-12-31,101060,908,9,0.9967203736305237
NeuMF,2007,2007-12-31,101060,8638,10,0.9966211318969727
NeuMF,2007,2007-12-31,101236,8973,1,0.9999740123748779
NeuMF,2007,2007-12-31,101236,37741,2,0.9997031092643738
NeuMF,2007,2007-12-31,101236,33004,3,0.9996726512908936
NeuMF,2007,2007-12-31,101236,3052,4,0.9995712637901306
NeuMF,2007,2007-12-31,101236,4144,5,0.9995239973068237
NeuMF,2007,2007-12-31,101236,40815,6,0.9994944334030151
NeuMF,2007,2007-12-31,101236,39292,7,0.9994924068450928
NeuMF,2007,2007-12-31,101236,26776,8,0.9994879961013794
NeuMF,2007,2007-12-31,101236,6377,9,0.9994463324546814
NeuMF,2007,2007-12-31,101236,6216,10,0.9993701577186584
NeuMF,2007,2007-12-31,101672,172,1,0.9995785355567932
NeuMF,2007,2007-12-31,101672,5219,2,0.9987937211990356
NeuMF,2007,2007-12-31,101672,741,3,0.9972002506256104
NeuMF,2007,2007-12-31,101672,4993,4,0.9969878792762756
NeuMF,2007,2007-12-31,101672,5952,5,0.9934542179107666
NeuMF,2007,2007-12-31,101672,5254,6,0.9905970692634583
NeuMF,2007,2007-12-31,101672,2167,7,0.9895097017288208
NeuMF,2007,2007-12-31,101672,6333,8,0.9888613820075989
NeuMF,2007,2007-12-31,101672,1127,9,0.9886699914932251
NeuMF,2007,2007-12-31,101672,5853,10,0.9884496927261353
NeuMF,2007,2007-12-31,101991,8917,1,0.9982876181602478
NeuMF,2007,2007-12-31,101991,27788,2,0.9980853796005249
NeuMF,2007,2007-12-31,101991,4267,3,0.9977267384529114
NeuMF,2007,2007-12-31,101991,2296,4,0.9964866638183594
NeuMF,2007,2007-12-31,101991,2060,5,0.9964731335639954
NeuMF,2007,2007-12-31,101991,6377,6,0.996227502822876
NeuMF,2007,2007-12-31,101991,3148,7,0.9953818917274475
NeuMF,2007,2007-12-31,101991,6879,8,0.9928416013717651
NeuMF,2007,2007-12-31,101991,126,9,0.9919479489326477
NeuMF,2007,2007-12-31,101991,1246,10,0.9915185570716858
NeuMF,2007,2007-12-31,102085,18,1,0.9998383522033691
NeuMF,2007,2007-12-31,102085,5902,2,0.9992765784263611
NeuMF,2007,2007-12-31,102085,4235,3,0.9992198944091797
NeuMF,2007,2007-12-31,102085,3949,4,0.9991970658302307
NeuMF,2007,2007-12-31,102085,4886,5,0.9988784193992615
NeuMF,2007,2007-12-31,102085,7438,6,0.9985976815223694
NeuMF,2007,2007-12-31,102085,3910,7,0.9985095858573914
NeuMF,2007,2007-12-31,102085,1199,8,0.9984099864959717
NeuMF,2007,2007-12-31,102085,5971,9,0.9983538389205933
NeuMF,2007,2007-12-31,102085,1206,10,0.997983455657959
NeuMF,2007,2007-12-31,102102,7646,1,0.9998993873596191
NeuMF,2007,2007-12-31,102102,6889,2,0.9997137188911438
NeuMF,2007,2007-12-31,102102,3638,3,0.9996084570884705
NeuMF,2007,2007-12-31,102102,1515,4,0.9994884729385376
NeuMF,2007,2007-12-31,102102,4638,5,0.9994602799415588
NeuMF,2007,2007-12-31,102102,5400,6,0.9992928504943848
NeuMF,2007,2007-12-31,102102,1372,7,0.9992081522941589
NeuMF,2007,2007-12-31,102102,1356,8,0.999170184135437
NeuMF,2007,2007-12-31,102102,4886,9,0.9990353584289551
NeuMF,2007,2007-12-31,102102,1556,10,0.99903404712677
NeuMF,2007,2007-12-31,102133,5602,1,0.9997982382774353
NeuMF,2007,2007-12-31,102133,1641,2,0.9993293285369873
NeuMF,2007,2007-12-31,102133,2068,3,0.9991125464439392
NeuMF,2007,2007-12-31,102133,1262,4,0.9986617565155029
NeuMF,2007,2007-12-31,102133,2921,5,0.9985625147819519
NeuMF,2007,2007-12-31,102133,4027,6,0.9983893632888794
NeuMF,2007,2007-12-31,102133,1276,7,0.9983271956443787
NeuMF,2007,2007-12-31,102133,1220,8,0.998261034488678
NeuMF,2007,2007-12-31,102133,2542,9,0.9980770349502563
NeuMF,2007,2007-12-31,102133,1270,10,0.9978943467140198
NeuMF,2007,2007-12-31,102447,1542,1,0.9942359328269958
NeuMF,2007,2007-12-31,102447,1023,2,0.9930431842803955
NeuMF,2007,2007-12-31,102447,599,3,0.9903220534324646
NeuMF,2007,2007-12-31,102447,6997,4,0.9889278411865234
NeuMF,2007,2007-12-31,102447,1025,5,0.986871600151062
NeuMF,2007,2007-12-31,102447,7256,6,0.984546959400177
NeuMF,2007,2007-12-31,102447,46723,7,0.9829493761062622
NeuMF,2007,2007-12-31,102447,1184,8,0.9813597202301025
NeuMF,2007,2007-12-31,102447,3677,9,0.9756311178207397
NeuMF,2007,2007-12-31,102447,851,10,0.9745190143585205
NeuMF,2007,2007-12-31,102494,30749,1,0.999534010887146
NeuMF,2007,2007-12-31,102494,4993,2,0.9992398023605347
NeuMF,2007,2007-12-31,102494,27773,3,0.9986434578895569
NeuMF,2007,2007-12-31,102494,1206,4,0.9983471632003784
NeuMF,2007,2007-12-31,102494,8645,5,0.9981826543807983
NeuMF,2007,2007-12-31,102494,7090,6,0.9980950951576233
NeuMF,2007,2007-12-31,102494,1270,7,0.9976752400398254
NeuMF,2007,2007-12-31,102494,1222,8,0.9974033236503601
NeuMF,2007,2007-12-31,102494,1262,9,0.9973402619361877
NeuMF,2007,2007-12-31,102494,1193,10,0.99681156873703
NeuMF,2007,2007-12-31,102560,6027,1,0.9953112006187439
NeuMF,2007,2007-12-31,102560,1785,2,0.9919399619102478
NeuMF,2007,2007-12-31,102560,1945,3,0.99155592918396
NeuMF,2007,2007-12-31,102560,2078,4,0.9912012815475464
NeuMF,2007,2007-12-31,102560,899,5,0.9907062649726868
NeuMF,2007,2007-12-31,102560,46578,6,0.9898918867111206
NeuMF,2007,2007-12-31,102560,5752,7,0.9891780614852905
NeuMF,2007,2007-12-31,102560,3706,8,0.9891726970672607
NeuMF,2007,2007-12-31,102560,1441,9,0.9884950518608093
NeuMF,2007,2007-12-31,102560,38061,10,0.9883948564529419
NeuMF,2007,2007-12-31,102687,7396,1,0.9999126195907593
NeuMF,2007,2007-12-31,102687,8738,2,0.9999023675918579
NeuMF,2007,2007-12-31,102687,8239,3,0.9996588230133057
NeuMF,2007,2007-12-31,102687,1178,4,0.9996525049209595
NeuMF,2007,2007-12-31,102687,1248,5,0.999514102935791
NeuMF,2007,2007-12-31,102687,1230,6,0.9992297887802124
NeuMF,2007,2007-12-31,102687,6643,7,0.9991956353187561
NeuMF,2007,2007-12-31,102687,5169,8,0.9991462230682373
NeuMF,2007,2007-12-31,102687,7301,9,0.998813271522522
NeuMF,2007,2007-12-31,102687,6023,10,0.9979400038719177
NeuMF,2007,2007-12-31,102778,3247,1,0.9978840947151184
NeuMF,2007,2007-12-31,102778,540,2,0.9974024891853333
NeuMF,2007,2007-12-31,102778,3707,3,0.9971908926963806
NeuMF,2007,2007-12-31,102778,436,4,0.9959281086921692
NeuMF,2007,2007-12-31,102778,5530,5,0.9942008852958679
NeuMF,2007,2007-12-31,102778,7147,6,0.993191659450531
NeuMF,2007,2007-12-31,102778,2316,7,0.9926611185073853
NeuMF,2007,2007-12-31,102778,5299,8,0.9918814301490784
NeuMF,2007,2007-12-31,102778,4643,9,0.9901459813117981
NeuMF,2007,2007-12-31,102778,4639,10,0.9901403784751892
NeuMF,2007,2007-12-31,102784,597,1,0.9995877146720886
NeuMF,2007,2007-12-31,102784,4018,2,0.9992640614509583
NeuMF,2007,2007-12-31,102784,539,3,0.9992276430130005
NeuMF,2007,2007-12-31,102784,4464,4,0.9989113807678223
NeuMF,2007,2007-12-31,102784,4014,5,0.998764157295227
NeuMF,2007,2007-12-31,102784,4025,6,0.9987217783927917
NeuMF,2007,2007-12-31,102784,4019,7,0.9986135959625244
NeuMF,2007,2007-12-31,102784,6218,8,0.9985901713371277
NeuMF,2007,2007-12-31,102784,8916,9,0.9984360337257385
NeuMF,2007,2007-12-31,102784,587,10,0.9984276294708252
NeuMF,2007,2007-12-31,102801,969,1,0.9996316432952881
NeuMF,2007,2007-12-31,102801,920,2,0.9996103644371033
NeuMF,2007,2007-12-31,102801,594,3,0.9992941617965698
NeuMF,2007,2007-12-31,102801,919,4,0.9986521601676941
NeuMF,2007,2007-12-31,102801,4896,5,0.9984034895896912
NeuMF,2007,2007-12-31,102801,2080,6,0.9981447458267212
NeuMF,2007,2007-12-31,102801,4993,7,0.9979516863822937
NeuMF,2007,2007-12-31,102801,908,8,0.9978107810020447
NeuMF,2007,2007-12-31,102801,953,9,0.9976021647453308
NeuMF,2007,2007-12-31,102801,1210,10,0.9975404739379883
NeuMF,2007,2007-12-31,102868,5577,1,0.9996165037155151
NeuMF,2007,2007-12-31,102868,5265,2,0.9994408488273621
NeuMF,2007,2007-12-31,102868,5481,3,0.9989253878593445
NeuMF,2007,2007-12-31,102868,5876,4,0.9987632036209106
NeuMF,2007,2007-12-31,102868,5617,5,0.9986209869384766
NeuMF,2007,2007-12-31,102868,7090,6,0.9986007809638977
NeuMF,2007,2007-12-31,102868,6807,7,0.9973777532577515
NeuMF,2007,2007-12-31,102868,5954,8,0.9969760179519653
NeuMF,2007,2007-12-31,102868,2188,9,0.9967838525772095
NeuMF,2007,2007-12-31,102868,3911,10,0.9965523481369019
NeuMF,2007,2007-12-31,102960,5991,1,0.9981513619422913
NeuMF,2007,2007-12-31,102960,1147,2,0.997347354888916
NeuMF,2007,2007-12-31,102960,6777,3,0.997138500213623
NeuMF,2007,2007-12-31,102960,17,4,0.9970260262489319
NeuMF,2007,2007-12-31,102960,3967,5,0.9967514276504517
NeuMF,2007,2007-12-31,102960,8879,6,0.9962540864944458
NeuMF,2007,2007-12-31,102960,969,7,0.9933856129646301
NeuMF,2007,2007-12-31,102960,8641,8,0.9916185736656189
NeuMF,2007,2007-12-31,102960,3384,9,0.9914200305938721
NeuMF,2007,2007-12-31,102960,1699,10,0.99044269323349
NeuMF,2007,2007-12-31,103189,8970,1,0.9999934434890747
NeuMF,2007,2007-12-31,103189,41285,2,0.999984860420227
NeuMF,2007,2007-12-31,103189,45668,3,0.9999479055404663
NeuMF,2007,2007-12-31,103189,27821,4,0.9999158382415771
NeuMF,2007,2007-12-31,103189,34048,5,0.999901533126831
NeuMF,2007,2007-12-31,103189,6565,6,0.9998776912689209
NeuMF,2007,2007-12-31,103189,33794,7,0.9998316764831543
NeuMF,2007,2007-12-31,103189,5445,8,0.9998161196708679
NeuMF,2007,2007-12-31,103189,30812,9,0.9997970461845398
NeuMF,2007,2007-12-31,103189,8833,10,0.9997939467430115
NeuMF,2007,2007-12-31,103566,4447,1,0.999805748462677
NeuMF,2007,2007-12-31,103566,4995,2,0.9997592568397522
NeuMF,2007,2007-12-31,103566,5377,3,0.999693751335144
NeuMF,2007,2007-12-31,103566,4306,4,0.999622106552124
NeuMF,2007,2007-12-31,103566,4823,5,0.9995865225791931
NeuMF,2007,2007-12-31,103566,4018,6,0.9995802044868469
NeuMF,2007,2007-12-31,103566,3948,7,0.9994947910308838
NeuMF,2007,2007-12-31,103566,4310,8,0.999491810798645
NeuMF,2007,2007-12-31,103566,5445,9,0.9993109703063965
NeuMF,2007,2007-12-31,103566,4014,10,0.999303936958313
NeuMF,2007,2007-12-31,103649,8638,1,0.9997448325157166
NeuMF,2007,2007-12-31,103649,4235,2,0.9997418522834778
NeuMF,2007,2007-12-31,103649,38061,3,0.9997014403343201
NeuMF,2007,2007-12-31,103649,27815,4,0.9996274709701538
NeuMF,2007,2007-12-31,103649,42418,5,0.9991922974586487
NeuMF,2007,2007-12-31,103649,41997,6,0.9991058707237244
NeuMF,2007,2007-12-31,103649,34162,7,0.998855710029602
NeuMF,2007,2007-12-31,103649,38038,8,0.9987508058547974
NeuMF,2007,2007-12-31,103649,8014,9,0.9985731840133667
NeuMF,2007,2007-12-31,103649,41571,10,0.9984278678894043
NeuMF,2007,2007-12-31,103728,296,1,0.9991117119789124
NeuMF,2007,2007-12-31,103728,2804,2,0.9990173578262329
NeuMF,2007,2007-12-31,103728,47,3,0.9983376264572144
NeuMF,2007,2007-12-31,103728,457,4,0.9983032941818237
NeuMF,2007,2007-12-31,103728,3147,5,0.9982216954231262
NeuMF,2007,2007-12-31,103728,3421,6,0.9982191920280457
NeuMF,2007,2007-12-31,103728,7361,7,0.9981822967529297
NeuMF,2007,2007-12-31,103728,7147,8,0.997986912727356
NeuMF,2007,2007-12-31,103728,3671,9,0.9975138902664185
NeuMF,2007,2007-12-31,103728,32587,10,0.99724942445755
NeuMF,2007,2007-12-31,103834,7702,1,0.9997498393058777
NeuMF,2007,2007-12-31,103834,6231,2,0.9975011944770813
NeuMF,2007,2007-12-31,103834,4188,3,0.9967116117477417
NeuMF,2007,2007-12-31,103834,783,4,0.9965938925743103
NeuMF,2007,2007-12-31,103834,5721,5,0.996552586555481
NeuMF,2007,2007-12-31,103834,1282,6,0.9959458708763123
NeuMF,2007,2007-12-31,103834,4042,7,0.9959424138069153
NeuMF,2007,2007-12-31,103834,1223,8,0.9950692653656006
NeuMF,2007,2007-12-31,103834,6533,9,0.9948238134384155
NeuMF,2007,2007-12-31,103834,73,10,0.9942962527275085
NeuMF,2007,2007-12-31,103856,168,1,0.999480664730072
NeuMF,2007,2007-12-31,103856,2581,2,0.9983855485916138
NeuMF,2007,2007-12-31,103856,8665,3,0.9981204867362976
NeuMF,2007,2007-12-31,103856,33493,4,0.9979733824729919
NeuMF,2007,2007-12-31,103856,1393,5,0.9968248605728149
NeuMF,2007,2007-12-31,103856,8644,6,0.9959132075309753
NeuMF,2007,2007-12-31,103856,1457,7,0.9958956241607666
NeuMF,2007,2007-12-31,103856,17,8,0.9956845045089722
NeuMF,2007,2007-12-31,103856,4155,9,0.9952906370162964
NeuMF,2007,2007-12-31,103856,3681,10,0.9951966404914856
NeuMF,2007,2007-12-31,103925,3365,1,0.9990183115005493
NeuMF,2007,2007-12-31,103925,6001,2,0.9977197051048279
NeuMF,2007,2007-12-31,103925,3936,3,0.9974853992462158
NeuMF,2007,2007-12-31,103925,14,4,0.9973393082618713
NeuMF,2007,2007-12-31,103925,1086,5,0.9971480965614319
NeuMF,2007,2007-12-31,103925,999,6,0.9964935183525085
NeuMF,2007,2007-12-31,103925,2236,7,0.9954180717468262
NeuMF,2007,2007-12-31,103925,903,8,0.9953462481498718
NeuMF,2007,2007-12-31,103925,5447,9,0.9946151375770569
NeuMF,2007,2007-12-31,103925,5415,10,0.9945603013038635
NeuMF,2007,2007-12-31,103977,6193,1,0.9998372793197632
NeuMF,2007,2007-12-31,103977,5445,2,0.999103844165802
NeuMF,2007,2007-12-31,103977,6378,3,0.998581051826477
NeuMF,2007,2007-12-31,103977,7143,4,0.997774064540863
NeuMF,2007,2007-12-31,103977,733,5,0.9970679879188538
NeuMF,2007,2007-12-31,103977,7438,6,0.9970303773880005
NeuMF,2007,2007-12-31,103977,344,7,0.9967266321182251
NeuMF,2007,2007-12-31,103977,5010,8,0.9965689182281494
NeuMF,2007,2007-12-31,103977,34536,9,0.9964053630828857
NeuMF,2007,2007-12-31,103977,163,10,0.9961524605751038
NeuMF,2007,2007-12-31,104279,5954,1,0.9999443292617798
NeuMF,2007,2007-12-31,104279,7981,2,0.9998202919960022
NeuMF,2007,2007-12-31,104279,5959,3,0.9996665716171265
NeuMF,2007,2007-12-31,104279,32587,4,0.9994077682495117
NeuMF,2007,2007-12-31,104279,16,5,0.9992766976356506
NeuMF,2007,2007-12-31,104279,4262,6,0.9992126226425171
NeuMF,2007,2007-12-31,104279,8983,7,0.9985696077346802
NeuMF,2007,2007-12-31,104279,1617,8,0.9983463287353516
NeuMF,2007,2007-12-31,104279,5528,9,0.9983000159263611
NeuMF,2007,2007-12-31,104279,7482,10,0.9982613921165466
NeuMF,2007,2007-12-31,104283,3949,1,0.9998688697814941
NeuMF,2007,2007-12-31,104283,5388,2,0.9992190599441528
NeuMF,2007,2007-12-31,104283,5500,3,0.9992027878761292
NeuMF,2007,2007-12-31,104283,33794,4,0.9991818070411682
NeuMF,2007,2007-12-31,104283,4226,5,0.9989832043647766
NeuMF,2007,2007-12-31,104283,5679,6,0.9988042116165161
NeuMF,2007,2007-12-31,104283,7147,7,0.9982806444168091
NeuMF,2007,2007-12-31,104283,40278,8,0.9979947805404663
NeuMF,2007,2007-12-31,104283,1921,9,0.9978996515274048
NeuMF,2007,2007-12-31,104283,8798,10,0.9978663325309753
NeuMF,2007,2007-12-31,104663,8368,1,0.9994866847991943
NeuMF,2007,2007-12-31,104663,6333,2,0.9991563558578491
NeuMF,2007,2007-12-31,104663,8636,3,0.9990070462226868
NeuMF,2007,2007-12-31,104663,318,4,0.998874843120575
NeuMF,2007,2007-12-31,104663,708,5,0.997899055480957
NeuMF,2007,2007-12-31,104663,608,6,0.9974763989448547
NeuMF,2007,2007-12-31,104663,32,7,0.997461199760437
NeuMF,2007,2007-12-31,104663,50,8,0.9974387884140015
NeuMF,2007,2007-12-31,104663,345,9,0.9973305463790894
NeuMF,2007,2007-12-31,104663,5679,10,0.9971936941146851
NeuMF,2007,2007-12-31,104917,589,1,0.9945023059844971
NeuMF,2007,2007-12-31,104917,105,2,0.9910428524017334
NeuMF,2007,2007-12-31,104917,1270,3,0.9904967546463013
NeuMF,2007,2007-12-31,104917,597,4,0.9902550578117371
NeuMF,2007,2007-12-31,104917,168,5,0.9899768233299255
NeuMF,2007,2007-12-31,104917,4993,6,0.9867538809776306
NeuMF,2007,2007-12-31,104917,780,7,0.9845389127731323
NeuMF,2007,2007-12-31,104917,1653,8,0.9838584065437317
NeuMF,2007,2007-12-31,104917,110,9,0.9793119430541992
NeuMF,2007,2007-12-31,104917,2640,10,0.978779137134552
NeuMF,2007,2007-12-31,105071,6155,1,0.9989247918128967
NeuMF,2007,2007-12-31,105071,1059,2,0.9987770915031433
NeuMF,2007,2007-12-31,105071,31700,3,0.9986611604690552
NeuMF,2007,2007-12-31,105071,7445,4,0.998565137386322
NeuMF,2007,2007-12-31,105071,2316,5,0.9984225034713745
NeuMF,2007,2007-12-31,105071,1798,6,0.9983710646629333
NeuMF,2007,2007-12-31,105071,3916,7,0.9980925917625427
NeuMF,2007,2007-12-31,105071,2497,8,0.9980480670928955
NeuMF,2007,2007-12-31,105071,4673,9,0.9978592991828918
NeuMF,2007,2007-12-31,105071,3270,10,0.997803270816803
NeuMF,2007,2007-12-31,105239,5040,1,0.9984569549560547
NeuMF,2007,2007-12-31,105239,2116,2,0.9982814788818359
NeuMF,2007,2007-12-31,105239,3791,3,0.998273491859436
NeuMF,2007,2007-12-31,105239,553,4,0.9967142343521118
NeuMF,2007,2007-12-31,105239,3591,5,0.9962855577468872
NeuMF,2007,2007-12-31,105239,357,6,0.995974600315094
NeuMF,2007,2007-12-31,105239,26375,7,0.9958173632621765
NeuMF,2007,2007-12-31,105239,1394,8,0.993844747543335
NeuMF,2007,2007-12-31,105239,8884,9,0.992827832698822
NeuMF,2007,2007-12-31,105239,8644,10,0.9927271604537964
NeuMF,2007,2007-12-31,105300,1223,1,0.9972246885299683
NeuMF,2007,2007-12-31,105300,6710,2,0.9963327646255493
NeuMF,2007,2007-12-31,105300,8530,3,0.9952200055122375
NeuMF,2007,2007-12-31,105300,5690,4,0.9943214654922485
NeuMF,2007,2007-12-31,105300,6378,5,0.9935571551322937
NeuMF,2007,2007-12-31,105300,4034,6,0.9934275150299072
NeuMF,2007,2007-12-31,105300,3787,7,0.993084192276001
NeuMF,2007,2007-12-31,105300,4327,8,0.9928382039070129
NeuMF,2007,2007-12-31,105300,2700,9,0.992495059967041
NeuMF,2007,2007-12-31,105300,2398,10,0.9920083284378052
NeuMF,2007,2007-12-31,105457,3198,1,0.9997501969337463
NeuMF,2007,2007-12-31,105457,5122,2,0.9997319579124451
NeuMF,2007,2007-12-31,105457,2946,3,0.9995419979095459
NeuMF,2007,2007-12-31,105457,5693,4,0.9994897842407227
NeuMF,2007,2007-12-31,105457,3011,5,0.9994250535964966
NeuMF,2007,2007-12-31,105457,5840,6,0.9993529915809631
NeuMF,2007,2007-12-31,105457,2028,7,0.9987530708312988
NeuMF,2007,2007-12-31,105457,3655,8,0.9985722303390503
NeuMF,2007,2007-12-31,105457,3147,9,0.9982038736343384
NeuMF,2007,2007-12-31,105457,4349,10,0.9981951117515564
NeuMF,2007,2007-12-31,105563,8665,1,0.9998453855514526
NeuMF,2007,2007-12-31,105563,27821,2,0.9994627833366394
NeuMF,2007,2007-12-31,105563,8949,3,0.9993714690208435
NeuMF,2007,2007-12-31,105563,5445,4,0.999300479888916
NeuMF,2007,2007-12-31,105563,34162,5,0.9992401599884033
NeuMF,2007,2007-12-31,105563,5418,6,0.9991579055786133
NeuMF,2007,2007-12-31,105563,34336,7,0.999134361743927
NeuMF,2007,2007-12-31,105563,8132,8,0.998915433883667
NeuMF,2007,2007-12-31,105563,8970,9,0.9988316893577576
NeuMF,2007,2007-12-31,105563,4823,10,0.9986338019371033
NeuMF,2007,2007-12-31,105735,3786,1,0.9999731779098511
NeuMF,2007,2007-12-31,105735,4865,2,0.9997183680534363
NeuMF,2007,2007-12-31,105735,6323,3,0.9995452761650085
NeuMF,2007,2007-12-31,105735,4973,4,0.9991552829742432
NeuMF,2007,2007-12-31,105735,2337,5,0.9988511800765991
NeuMF,2007,2007-12-31,105735,1748,6,0.9985442161560059
NeuMF,2007,2007-12-31,105735,2124,7,0.9984859824180603
NeuMF,2007,2007-12-31,105735,8984,8,0.9984583854675293
NeuMF,2007,2007-12-31,105735,4308,9,0.9983587861061096
NeuMF,2007,2007-12-31,105735,7153,10,0.9983478784561157
NeuMF,2007,2007-12-31,106089,7303,1,0.9996851682662964
NeuMF,2007,2007-12-31,106089,5099,2,0.9994707703590393
NeuMF,2007,2007-12-31,106089,4427,3,0.9984287619590759
NeuMF,2007,2007-12-31,106089,2006,4,0.9982538819313049
NeuMF,2007,2007-12-31,106089,7060,5,0.9970824122428894
NeuMF,2007,2007-12-31,106089,6239,6,0.9970345497131348
NeuMF,2007,2007-12-31,106089,2100,7,0.9968971014022827
NeuMF,2007,2007-12-31,106089,1017,8,0.9967303276062012
NeuMF,2007,2007-12-31,106089,40815,9,0.9965678453445435
NeuMF,2007,2007-12-31,106089,2324,10,0.9961523413658142
NeuMF,2007,2007-12-31,106194,2105,1,0.9980734586715698
NeuMF,2007,2007-12-31,106194,6857,2,0.9965173006057739
NeuMF,2007,2007-12-31,106194,5146,3,0.9961507320404053
NeuMF,2007,2007-12-31,106194,2467,4,0.9956875443458557
NeuMF,2007,2007-12-31,106194,1372,5,0.9947834610939026
NeuMF,2007,2007-12-31,106194,2278,6,0.9931492209434509
NeuMF,2007,2007-12-31,106194,2288,7,0.9930874705314636
NeuMF,2007,2007-12-31,106194,861,8,0.9930342435836792
NeuMF,2007,2007-12-31,106194,407,9,0.9927780032157898
NeuMF,2007,2007-12-31,106194,2948,10,0.9923810362815857
NeuMF,2007,2007-12-31,106228,608,1,0.9986454844474792
NeuMF,2007,2007-12-31,106228,50,2,0.9982025623321533
NeuMF,2007,2007-12-31,106228,5782,3,0.9976636171340942
NeuMF,2007,2007-12-31,106228,47,4,0.9952383041381836
NeuMF,2007,2007-12-31,106228,4489,5,0.9949038028717041
NeuMF,2007,2007-12-31,106228,1321,6,0.9944580793380737
NeuMF,2007,2007-12-31,106228,1240,7,0.9937910437583923
NeuMF,2007,2007-12-31,106228,456,8,0.9933276176452637
NeuMF,2007,2007-12-31,106228,1261,9,0.9928079843521118
NeuMF,2007,2007-12-31,106228,6979,10,0.9923332929611206
NeuMF,2007,2007-12-31,106411,8880,1,0.9988559484481812
NeuMF,2007,2007-12-31,106411,4037,2,0.9985564351081848
NeuMF,2007,2007-12-31,106411,1953,3,0.9985488057136536
NeuMF,2007,2007-12-31,106411,2262,4,0.998095691204071
NeuMF,2007,2007-12-31,106411,1395,5,0.997952938079834
NeuMF,2007,2007-12-31,106411,4016,6,0.997407853603363
NeuMF,2007,2007-12-31,106411,2539,7,0.9972424507141113
NeuMF,2007,2007-12-31,106411,7451,8,0.9968065023422241
NeuMF,2007,2007-12-31,106411,2804,9,0.9965758919715881
NeuMF,2007,2007-12-31,106411,4239,10,0.9964924454689026
NeuMF,2007,2007-12-31,106650,353,1,0.9970085024833679
NeuMF,2007,2007-12-31,106650,151,2,0.9966422319412231
NeuMF,2007,2007-12-31,106650,3686,3,0.9956990480422974
NeuMF,2007,2007-12-31,106650,592,4,0.9946187734603882
NeuMF,2007,2007-12-31,106650,553,5,0.994519054889679
NeuMF,2007,2007-12-31,106650,5810,6,0.9943225383758545
NeuMF,2007,2007-12-31,106650,3250,7,0.9938029050827026
NeuMF,2007,2007-12-31,106650,410,8,0.9931107759475708
NeuMF,2007,2007-12-31,106650,5055,9,0.9923949241638184
NeuMF,2007,2007-12-31,106650,552,10,0.9921533465385437
NeuMF,2007,2007-12-31,106741,4815,1,0.9994544386863708
NeuMF,2007,2007-12-31,106741,1179,2,0.9986781477928162
NeuMF,2007,2007-12-31,106741,3183,3,0.9972534775733948
NeuMF,2007,2007-12-31,106741,3498,4,0.9972051978111267
NeuMF,2007,2007-12-31,106741,3528,5,0.9971833825111389
NeuMF,2007,2007-12-31,106741,5635,6,0.9959750771522522
NeuMF,2007,2007-12-31,106741,5112,7,0.9959604144096375
NeuMF,2007,2007-12-31,106741,3198,8,0.9955472946166992
NeuMF,2007,2007-12-31,106741,3980,9,0.9946812987327576
NeuMF,2007,2007-12-31,106741,100,10,0.9944577217102051
NeuMF,2007,2007-12-31,106742,3081,1,0.9977090358734131
NeuMF,2007,2007-12-31,106742,112,2,0.9973605275154114
NeuMF,2007,2007-12-31,106742,165,3,0.9963055849075317
NeuMF,2007,2007-12-31,106742,8665,4,0.9948278069496155
NeuMF,2007,2007-12-31,106742,35836,5,0.9944227337837219
NeuMF,2007,2007-12-31,106742,4133,6,0.9943270087242126
NeuMF,2007,2007-12-31,106742,1320,7,0.9930230379104614
NeuMF,2007,2007-12-31,106742,2808,8,0.9926028847694397
NeuMF,2007,2007-12-31,106742,5679,9,0.989931583404541
NeuMF,2007,2007-12-31,106742,3264,10,0.9899144172668457
NeuMF,2007,2007-12-31,106754,1271,1,0.9978722333908081
NeuMF,2007,2007-12-31,106754,1997,2,0.9970428347587585
NeuMF,2007,2007-12-31,106754,1041,3,0.9966359734535217
NeuMF,2007,2007-12-31,106754,778,4,0.9945043921470642
NeuMF,2007,2007-12-31,106754,628,5,0.9939941763877869
NeuMF,2007,2007-12-31,106754,903,6,0.9939749836921692
NeuMF,2007,2007-12-31,106754,1354,7,0.993848979473114
NeuMF,2007,2007-12-31,106754,1258,8,0.9937122464179993
NeuMF,2007,2007-12-31,106754,2908,9,0.9931983351707458
NeuMF,2007,2007-12-31,106754,714,10,0.9930484294891357
NeuMF,2007,2007-12-31,107192,6539,1,0.9996077418327332
NeuMF,2007,2007-12-31,107192,4886,2,0.9994872808456421
NeuMF,2007,2007-12-31,107192,8961,3,0.9990243911743164
NeuMF,2007,2007-12-31,107192,27773,4,0.9984896183013916
NeuMF,2007,2007-12-31,107192,7090,5,0.9982837438583374
NeuMF,2007,2007-12-31,107192,6333,6,0.9977558255195618
NeuMF,2007,2007-12-31,107192,7323,7,0.9970579147338867
NeuMF,2007,2007-12-31,107192,2987,8,0.9969423413276672
NeuMF,2007,2007-12-31,107192,4226,9,0.9968481659889221
NeuMF,2007,2007-12-31,107192,6947,10,0.995442271232605
NeuMF,2007,2007-12-31,107232,1517,1,0.9989781379699707
NeuMF,2007,2007-12-31,107232,2294,2,0.9984650611877441
NeuMF,2007,2007-12-31,107232,19,3,0.9980644583702087
NeuMF,2007,2007-12-31,107232,4022,4,0.9978123903274536
NeuMF,2007,2007-12-31,107232,8961,5,0.9971610307693481
NeuMF,2007,2007-12-31,107232,2618,6,0.9966875910758972
NeuMF,2007,2007-12-31,107232,1580,7,0.9966026544570923
NeuMF,2007,2007-12-31,107232,1270,8,0.9963979721069336
NeuMF,2007,2007-12-31,107232,2355,9,0.9962652325630188
NeuMF,2007,2007-12-31,107232,33493,10,0.9957014918327332
NeuMF,2007,2007-12-31,107272,33880,1,0.995610773563385
NeuMF,2007,2007-12-31,107272,3653,2,0.9953305721282959
NeuMF,2007,2007-12-31,107272,4661,3,0.9952007532119751
NeuMF,2007,2007-12-31,107272,6219,4,0.9917870163917542
NeuMF,2007,2007-12-31,107272,5015,5,0.9908879995346069
NeuMF,2007,2007-12-31,107272,3733,6,0.9906647205352783
NeuMF,2007,2007-12-31,107272,4214,7,0.9899852275848389
NeuMF,2007,2007-12-31,107272,361,8,0.9898657202720642
NeuMF,2007,2007-12-31,107272,3730,9,0.9892958998680115
NeuMF,2007,2007-12-31,107272,34528,10,0.989228367805481
NeuMF,2007,2007-12-31,107315,565,1,0.9997151494026184
NeuMF,2007,2007-12-31,107315,3801,2,0.9987215399742126
NeuMF,2007,2007-12-31,107315,7075,3,0.9981912970542908
NeuMF,2007,2007-12-31,107315,1924,4,0.9974760413169861
NeuMF,2007,2007-12-31,107315,8591,5,0.9973273277282715
NeuMF,2007,2007-12-31,107315,2644,6,0.9966493248939514
NeuMF,2007,2007-12-31,107315,1689,7,0.9962937235832214
NeuMF,2007,2007-12-31,107315,2117,8,0.9962345957756042
NeuMF,2007,2007-12-31,107315,4427,9,0.9961556792259216
NeuMF,2007,2007-12-31,107315,6100,10,0.9950616955757141
NeuMF,2007,2007-12-31,107429,8371,1,0.9992902278900146
NeuMF,2007,2007-12-31,107429,6893,2,0.9992232322692871
NeuMF,2007,2007-12-31,107429,6808,3,0.9985975623130798
NeuMF,2007,2007-12-31,107429,8636,4,0.9985402822494507
NeuMF,2007,2007-12-31,107429,7387,5,0.9980646967887878
NeuMF,2007,2007-12-31,107429,7163,6,0.9977244734764099
NeuMF,2007,2007-12-31,107429,5989,7,0.9976620674133301
NeuMF,2007,2007-12-31,107429,26285,8,0.9975612163543701
NeuMF,2007,2007-12-31,107429,7254,9,0.9974032044410706
NeuMF,2007,2007-12-31,107429,5853,10,0.9973069429397583
NeuMF,2007,2007-12-31,107479,2501,1,0.9994639754295349
NeuMF,2007,2007-12-31,107479,3911,2,0.9994636178016663
NeuMF,2007,2007-12-31,107479,3948,3,0.9993147850036621
NeuMF,2007,2007-12-31,107479,2908,4,0.9990423321723938
NeuMF,2007,2007-12-31,107479,3408,5,0.9989148378372192
NeuMF,2007,2007-12-31,107479,1730,6,0.9986804127693176
NeuMF,2007,2007-12-31,107479,3006,7,0.9986411929130554
NeuMF,2007,2007-12-31,107479,3246,8,0.9985685348510742
NeuMF,2007,2007-12-31,107479,3105,9,0.998424768447876
NeuMF,2007,2007-12-31,107479,1641,10,0.9983876943588257
NeuMF,2007,2007-12-31,107519,2329,1,0.9991052746772766
NeuMF,2007,2007-12-31,107519,778,2,0.9990479350090027
NeuMF,2007,2007-12-31,107519,5970,3,0.9989590644836426
NeuMF,2007,2007-12-31,107519,4255,4,0.9987760186195374
NeuMF,2007,2007-12-31,107519,3252,5,0.9986943602561951
NeuMF,2007,2007-12-31,107519,4993,6,0.9986722469329834
NeuMF,2007,2007-12-31,107519,4306,7,0.9985970854759216
NeuMF,2007,2007-12-31,107519,4226,8,0.9985827207565308
NeuMF,2007,2007-12-31,107519,3271,9,0.9984575510025024
NeuMF,2007,2007-12-31,107519,1035,10,0.9975854158401489
NeuMF,2007,2007-12-31,107717,910,1,0.9988893866539001
NeuMF,2007,2007-12-31,107717,2846,2,0.9964385032653809
NeuMF,2007,2007-12-31,107717,4406,3,0.9960896968841553
NeuMF,2007,2007-12-31,107717,2160,4,0.9953171014785767
NeuMF,2007,2007-12-31,107717,4103,5,0.9932191967964172
NeuMF,2007,2007-12-31,107717,610,6,0.9930201172828674
NeuMF,2007,2007-12-31,107717,7792,7,0.9920599460601807
NeuMF,2007,2007-12-31,107717,10,8,0.9919127225875854
NeuMF,2007,2007-12-31,107717,29,9,0.991904079914093
NeuMF,2007,2007-12-31,107717,6662,10,0.9909235835075378
NeuMF,2007,2007-12-31,107756,1210,1,0.9981164932250977
NeuMF,2007,2007-12-31,107756,150,2,0.9977098703384399
NeuMF,2007,2007-12-31,107756,1097,3,0.9977053999900818
NeuMF,2007,2007-12-31,107756,1208,4,0.997616171836853
NeuMF,2007,2007-12-31,107756,1036,5,0.9973974227905273
NeuMF,2007,2007-12-31,107756,356,6,0.9973764419555664
NeuMF,2007,2007-12-31,107756,296,7,0.99733966588974
NeuMF,2007,2007-12-31,107756,1291,8,0.9968594312667847
NeuMF,2007,2007-12-31,107756,1250,9,0.9966997504234314
NeuMF,2007,2007-12-31,107756,919,10,0.9964509010314941
NeuMF,2007,2007-12-31,107817,547,1,0.9995348453521729
NeuMF,2007,2007-12-31,107817,18,2,0.9976316690444946
NeuMF,2007,2007-12-31,107817,2023,3,0.9966738224029541
NeuMF,2007,2007-12-31,107817,3697,4,0.9953545331954956
NeuMF,2007,2007-12-31,107817,2373,5,0.9932678937911987
NeuMF,2007,2007-12-31,107817,1665,6,0.9930636286735535
NeuMF,2007,2007-12-31,107817,2728,7,0.9928682446479797
NeuMF,2007,2007-12-31,107817,2505,8,0.9897642135620117
NeuMF,2007,2007-12-31,107817,4799,9,0.9895997047424316
NeuMF,2007,2007-12-31,107817,1573,10,0.9884926676750183
NeuMF,2007,2007-12-31,107907,3793,1,0.9992994070053101
NeuMF,2007,2007-12-31,107907,34405,2,0.9991440773010254
NeuMF,2007,2007-12-31,107907,6188,3,0.9991112351417542
NeuMF,2007,2007-12-31,107907,3275,4,0.9988343119621277
NeuMF,2007,2007-12-31,107907,6333,5,0.9984986782073975
NeuMF,2007,2007-12-31,107907,3955,6,0.9982175230979919
NeuMF,2007,2007-12-31,107907,4015,7,0.998040497303009
NeuMF,2007,2007-12-31,107907,4718,8,0.9979669451713562
NeuMF,2007,2007-12-31,107907,4963,9,0.9978305697441101
NeuMF,2007,2007-12-31,107907,4006,10,0.9975868463516235
NeuMF,2007,2007-12-31,107908,4896,1,0.9988793730735779
NeuMF,2007,2007-12-31,107908,1367,2,0.9981706142425537
NeuMF,2007,2007-12-31,107908,41566,3,0.9981693029403687
NeuMF,2007,2007-12-31,107908,5309,4,0.9977871179580688
NeuMF,2007,2007-12-31,107908,33794,5,0.9975289702415466
NeuMF,2007,2007-12-31,107908,40815,6,0.9975095987319946
NeuMF,2007,2007-12-31,107908,1429,7,0.997395396232605
NeuMF,2007,2007-12-31,107908,36401,8,0.9971882700920105
NeuMF,2007,2007-12-31,107908,5541,9,0.9971189498901367
NeuMF,2007,2007-12-31,107908,6378,10,0.9969848990440369
NeuMF,2007,2007-12-31,108065,44694,1,0.9999399185180664
NeuMF,2007,2007-12-31,108065,680,2,0.9998825788497925
NeuMF,2007,2007-12-31,108065,5878,3,0.9996558427810669
NeuMF,2007,2007-12-31,108065,1206,4,0.9982782602310181
NeuMF,2007,2007-12-31,108065,2730,5,0.9980781078338623
NeuMF,2007,2007-12-31,108065,4914,6,0.997275173664093
NeuMF,2007,2007-12-31,108065,8738,7,0.996981680393219
NeuMF,2007,2007-12-31,108065,111,8,0.9962006211280823
NeuMF,2007,2007-12-31,108065,1289,9,0.9960965514183044
NeuMF,2007,2007-12-31,108065,3462,10,0.9959995746612549
NeuMF,2007,2007-12-31,108262,8798,1,0.999408483505249
NeuMF,2007,2007-12-31,108262,4148,2,0.9992413520812988
NeuMF,2007,2007-12-31,108262,3751,3,0.998528242111206
NeuMF,2007,2007-12-31,108262,7090,4,0.9984644651412964
NeuMF,2007,2007-12-31,108262,8983,5,0.9984118938446045
NeuMF,2007,2007-12-31,108262,4310,6,0.9983875751495361
NeuMF,2007,2007-12-31,108262,4270,7,0.9983013868331909
NeuMF,2007,2007-12-31,108262,4993,8,0.9981096982955933
NeuMF,2007,2007-12-31,108262,8783,9,0.9979400038719177
NeuMF,2007,2007-12-31,108262,3617,10,0.9976783394813538
NeuMF,2007,2007-12-31,108633,2984,1,0.9996528625488281
NeuMF,2007,2007-12-31,108633,4305,2,0.9987866282463074
NeuMF,2007,2007-12-31,108633,3194,3,0.9983842372894287
NeuMF,2007,2007-12-31,108633,3911,4,0.9973443150520325
NeuMF,2007,2007-12-31,108633,3868,5,0.9969916343688965
NeuMF,2007,2007-12-31,108633,2991,6,0.9969249367713928
NeuMF,2007,2007-12-31,108633,2533,7,0.9968733191490173
NeuMF,2007,2007-12-31,108633,2520,8,0.9964648485183716
NeuMF,2007,2007-12-31,108633,3537,9,0.9962893724441528
NeuMF,2007,2007-12-31,108633,1124,10,0.9960653185844421
NeuMF,2007,2007-12-31,108971,44694,1,0.9999159574508667
NeuMF,2007,2007-12-31,108971,4146,2,0.9998515844345093
NeuMF,2007,2007-12-31,108971,27416,3,0.9998477697372437
NeuMF,2007,2007-12-31,108971,7352,4,0.9997243285179138
NeuMF,2007,2007-12-31,108971,5515,5,0.9993537068367004
NeuMF,2007,2007-12-31,108971,4872,6,0.9993383288383484
NeuMF,2007,2007-12-31,108971,8873,7,0.9992291927337646
NeuMF,2007,2007-12-31,108971,8949,8,0.9992045760154724
NeuMF,2007,2007-12-31,108971,8604,9,0.9992017149925232
NeuMF,2007,2007-12-31,108971,5810,10,0.9986087679862976
NeuMF,2007,2007-12-31,109067,3949,1,0.9997929930686951
NeuMF,2007,2007-12-31,109067,4720,2,0.9996336698532104
NeuMF,2007,2007-12-31,109067,4993,3,0.9995694756507874
NeuMF,2007,2007-12-31,109067,5445,4,0.9995410442352295
NeuMF,2007,2007-12-31,109067,5995,5,0.9995130300521851
NeuMF,2007,2007-12-31,109067,4011,6,0.9994910955429077
NeuMF,2007,2007-12-31,109067,4995,7,0.9994774460792542
NeuMF,2007,2007-12-31,109067,4014,8,0.9993410706520081
NeuMF,2007,2007-12-31,109067,4963,9,0.9993308782577515
NeuMF,2007,2007-12-31,109067,4306,10,0.9992471933364868
NeuMF,2007,2007-12-31,109072,34336,1,0.9997100234031677
NeuMF,2007,2007-12-31,109072,42011,2,0.9992209672927856
NeuMF,2007,2007-12-31,109072,27808,3,0.9988327622413635
NeuMF,2007,2007-12-31,109072,7324,4,0.9981410503387451
NeuMF,2007,2007-12-31,109072,45722,5,0.9980112314224243
NeuMF,2007,2007-12-31,109072,33162,6,0.9975720047950745
NeuMF,2007,2007-12-31,109072,8362,7,0.9975582361221313
NeuMF,2007,2007-12-31,109072,8972,8,0.9973830580711365
NeuMF,2007,2007-12-31,109072,837,9,0.9970870614051819
NeuMF,2007,2007-12-31,109072,8916,10,0.9968432188034058
NeuMF,2007,2007-12-31,109206,5507,1,0.9994519352912903
NeuMF,2007,2007-12-31,109206,44191,2,0.99936443567276
NeuMF,2007,2007-12-31,109206,7254,3,0.9993568062782288
NeuMF,2007,2007-12-31,109206,40815,4,0.9981076717376709
NeuMF,2007,2007-12-31,109206,6281,5,0.9980908036231995
NeuMF,2007,2007-12-31,109206,3452,6,0.9979348182678223
NeuMF,2007,2007-12-31,109206,2273,7,0.9977511763572693
NeuMF,2007,2007-12-31,109206,1722,8,0.997632622718811
NeuMF,2007,2007-12-31,109206,7458,9,0.9975983500480652
NeuMF,2007,2007-12-31,109206,8464,10,0.9975630044937134
NeuMF,2007,2007-12-31,109290,7323,1,0.9996922016143799
NeuMF,2007,2007-12-31,109290,34437,2,0.9991282820701599
NeuMF,2007,2007-12-31,109290,42004,3,0.9991112351417542
NeuMF,2007,2007-12-31,109290,6867,4,0.9984069466590881
NeuMF,2007,2007-12-31,109290,745,5,0.9982889294624329
NeuMF,2007,2007-12-31,109290,5989,6,0.9982671737670898
NeuMF,2007,2007-12-31,109290,1148,7,0.9981021285057068
NeuMF,2007,2007-12-31,109290,6552,8,0.9979027509689331
NeuMF,2007,2007-12-31,109290,27721,9,0.9978243112564087
NeuMF,2007,2007-12-31,109290,750,10,0.9975364208221436
NeuMF,2007,2007-12-31,109302,34405,1,0.9996265172958374
NeuMF,2007,2007-12-31,109302,5283,2,0.9981293082237244
NeuMF,2007,2007-12-31,109302,4867,3,0.9979988932609558
NeuMF,2007,2007-12-31,109302,2146,4,0.9976957440376282
NeuMF,2007,2007-12-31,109302,4783,5,0.997582197189331
NeuMF,2007,2007-12-31,109302,5544,6,0.9965590834617615
NeuMF,2007,2007-12-31,109302,6957,7,0.9961740374565125
NeuMF,2007,2007-12-31,109302,4213,8,0.9960903525352478
NeuMF,2007,2007-12-31,109302,7143,9,0.99607914686203
NeuMF,2007,2007-12-31,109302,5903,10,0.995817244052887
NeuMF,2007,2007-12-31,109430,665,1,0.9996359348297119
NeuMF,2007,2007-12-31,109430,6244,2,0.998434841632843
NeuMF,2007,2007-12-31,109430,8963,3,0.9979665279388428
NeuMF,2007,2007-12-31,109430,4741,4,0.9979386925697327
NeuMF,2007,2007-12-31,109430,8970,5,0.9976370334625244
NeuMF,2007,2007-12-31,109430,7352,6,0.9970176219940186
NeuMF,2007,2007-12-31,109430,1680,7,0.9962278604507446
NeuMF,2007,2007-12-31,109430,6344,8,0.9960581064224243
NeuMF,2007,2007-12-31,109430,2843,9,0.9958022236824036
NeuMF,2007,2007-12-31,109430,319,10,0.9955358505249023
NeuMF,2007,2007-12-31,109711,4027,1,0.9985268115997314
NeuMF,2007,2007-12-31,109711,3000,2,0.9985230565071106
NeuMF,2007,2007-12-31,109711,4085,3,0.998337984085083
NeuMF,2007,2007-12-31,109711,5903,4,0.9976510405540466
NeuMF,2007,2007-12-31,109711,31878,5,0.9972544312477112
NeuMF,2007,2007-12-31,109711,5445,6,0.9966434240341187
NeuMF,2007,2007-12-31,109711,4973,7,0.9964248538017273
NeuMF,2007,2007-12-31,109711,4571,8,0.9958354234695435
NeuMF,2007,2007-12-31,109711,7143,9,0.9957137107849121
NeuMF,2007,2007-12-31,109711,1517,10,0.9956222176551819
NeuMF,2007,2007-12-31,110074,778,1,0.9995130300521851
NeuMF,2007,2007-12-31,110074,3266,2,0.9994614720344543
NeuMF,2007,2007-12-31,110074,7728,3,0.9993595480918884
NeuMF,2007,2007-12-31,110074,29,4,0.9992881417274475
NeuMF,2007,2007-12-31,110074,1208,5,0.9992852807044983
NeuMF,2007,2007-12-31,110074,3462,6,0.9991739392280579
NeuMF,2007,2007-12-31,110074,6818,7,0.9991034865379333
NeuMF,2007,2007-12-31,110074,296,8,0.9990485310554504
NeuMF,2007,2007-12-31,110074,1270,9,0.9990367889404297
NeuMF,2007,2007-12-31,110074,1222,10,0.9990047812461853
NeuMF,2007,2007-12-31,110316,5812,1,0.9996857643127441
NeuMF,2007,2007-12-31,110316,5499,2,0.9988885521888733
NeuMF,2007,2007-12-31,110316,1230,3,0.9986569881439209
NeuMF,2007,2007-12-31,110316,3467,4,0.9973203539848328
NeuMF,2007,2007-12-31,110316,2829,5,0.9968571662902832
NeuMF,2007,2007-12-31,110316,5847,6,0.9966147541999817
NeuMF,2007,2007-12-31,110316,3244,7,0.9959971904754639
NeuMF,2007,2007-12-31,110316,5225,8,0.9954938888549805
NeuMF,2007,2007-12-31,110316,3089,9,0.9952182173728943
NeuMF,2007,2007-12-31,110316,100,10,0.9948590993881226
NeuMF,2007,2007-12-31,110370,3681,1,0.9962342381477356
NeuMF,2007,2007-12-31,110370,3717,2,0.99594646692276
NeuMF,2007,2007-12-31,110370,4464,3,0.9955780506134033
NeuMF,2007,2007-12-31,110370,3384,4,0.9950593709945679
NeuMF,2007,2007-12-31,110370,3969,5,0.9947479367256165
NeuMF,2007,2007-12-31,110370,3706,6,0.9947378039360046
NeuMF,2007,2007-12-31,110370,1097,7,0.9937102794647217
NeuMF,2007,2007-12-31,110370,5553,8,0.9908322691917419
NeuMF,2007,2007-12-31,110370,6565,9,0.9902175068855286
NeuMF,2007,2007-12-31,110370,1955,10,0.9891253709793091
NeuMF,2007,2007-12-31,110562,6333,1,0.9992254972457886
NeuMF,2007,2007-12-31,110562,6539,2,0.9971625208854675
NeuMF,2007,2007-12-31,110562,1,3,0.9969909191131592
NeuMF,2007,2007-12-31,110562,30816,4,0.9966549873352051
NeuMF,2007,2007-12-31,110562,2273,5,0.9966536164283752
NeuMF,2007,2007-12-31,110562,3071,6,0.9965789914131165
NeuMF,2007,2007-12-31,110562,3793,7,0.9962324500083923
NeuMF,2007,2007-12-31,110562,2144,8,0.9947691559791565
NeuMF,2007,2007-12-31,110562,6807,9,0.9946722388267517
NeuMF,2007,2007-12-31,110562,745,10,0.9930827617645264
NeuMF,2007,2007-12-31,110842,6953,1,0.9996733665466309
NeuMF,2007,2007-12-31,110842,6187,2,0.9990000128746033
NeuMF,2007,2007-12-31,110842,6016,3,0.9982216954231262
NeuMF,2007,2007-12-31,110842,6370,4,0.9962171912193298
NeuMF,2007,2007-12-31,110842,288,5,0.9960656762123108
NeuMF,2007,2007-12-31,110842,8873,6,0.9958205223083496
NeuMF,2007,2007-12-31,110842,6620,7,0.9957255125045776
NeuMF,2007,2007-12-31,110842,608,8,0.9956070780754089
NeuMF,2007,2007-12-31,110842,6552,9,0.9954981803894043
NeuMF,2007,2007-12-31,110842,16,10,0.9950742125511169
NeuMF,2007,2007-12-31,110853,4022,1,0.9977720379829407
NeuMF,2007,2007-12-31,110853,5066,2,0.9977502226829529
NeuMF,2007,2007-12-31,110853,543,3,0.9969287514686584
NeuMF,2007,2007-12-31,110853,2083,4,0.9963231086730957
NeuMF,2007,2007-12-31,110853,4880,5,0.9960034489631653
NeuMF,2007,2007-12-31,110853,1753,6,0.9958162903785706
NeuMF,2007,2007-12-31,110853,8366,7,0.9955878257751465
NeuMF,2007,2007-12-31,110853,30822,8,0.9948593378067017
NeuMF,2007,2007-12-31,110853,1673,9,0.9946861267089844
NeuMF,2007,2007-12-31,110853,1835,10,0.9943225383758545
NeuMF,2007,2007-12-31,110861,41285,1,0.9971761703491211
NeuMF,2007,2007-12-31,110861,44195,2,0.9969415068626404
NeuMF,2007,2007-12-31,110861,6942,3,0.9964172840118408
NeuMF,2007,2007-12-31,110861,2329,4,0.9958909749984741
NeuMF,2007,2007-12-31,110861,40819,5,0.9944086670875549
NeuMF,2007,2007-12-31,110861,2321,6,0.9943621158599854
NeuMF,2007,2007-12-31,110861,2542,7,0.9942029118537903
NeuMF,2007,2007-12-31,110861,44191,8,0.9940317273139954
NeuMF,2007,2007-12-31,110861,39183,9,0.9938836693763733
NeuMF,2007,2007-12-31,110861,6016,10,0.9937730431556702
NeuMF,2007,2007-12-31,111334,33794,1,0.9997971653938293
NeuMF,2007,2007-12-31,111334,44665,2,0.999398946762085
NeuMF,2007,2007-12-31,111334,4886,3,0.9992269277572632
NeuMF,2007,2007-12-31,111334,1619,4,0.998715877532959
NeuMF,2007,2007-12-31,111334,27660,5,0.9987082481384277
NeuMF,2007,2007-12-31,111334,4306,6,0.9984519481658936
NeuMF,2007,2007-12-31,111334,3275,7,0.9984378218650818
NeuMF,2007,2007-12-31,111334,1527,8,0.997235119342804
NeuMF,2007,2007-12-31,111334,45499,9,0.9966135621070862
NeuMF,2007,2007-12-31,111334,40815,10,0.9964497089385986
NeuMF,2007,2007-12-31,111560,1270,1,0.9990389347076416
NeuMF,2007,2007-12-31,111560,1500,2,0.9988491535186768
NeuMF,2007,2007-12-31,111560,2997,3,0.9987986087799072
NeuMF,2007,2007-12-31,111560,1641,4,0.9986397624015808
NeuMF,2007,2007-12-31,111560,2700,5,0.9983683228492737
NeuMF,2007,2007-12-31,111560,2918,6,0.9981630444526672
NeuMF,2007,2007-12-31,111560,858,7,0.99795001745224
NeuMF,2007,2007-12-31,111560,1288,8,0.9979470372200012
NeuMF,2007,2007-12-31,111560,3114,9,0.9979058504104614
NeuMF,2007,2007-12-31,111560,708,10,0.9976209998130798
NeuMF,2007,2007-12-31,111614,7034,1,0.99997878074646
NeuMF,2007,2007-12-31,111614,7323,2,0.9998949766159058
NeuMF,2007,2007-12-31,111614,7371,3,0.9998264908790588
NeuMF,2007,2007-12-31,111614,38038,4,0.9997206330299377
NeuMF,2007,2007-12-31,111614,33794,5,0.9996607303619385
NeuMF,2007,2007-12-31,111614,7147,6,0.9996004700660706
NeuMF,2007,2007-12-31,111614,8973,7,0.9995542168617249
NeuMF,2007,2007-12-31,111614,8970,8,0.9994208812713623
NeuMF,2007,2007-12-31,111614,32587,9,0.9994046688079834
NeuMF,2007,2007-12-31,111614,6291,10,0.9993712306022644
NeuMF,2007,2007-12-31,111678,2066,1,0.9999127388000488
NeuMF,2007,2007-12-31,111678,2936,2,0.9998958110809326
NeuMF,2007,2007-12-31,111678,7116,3,0.9998581409454346
NeuMF,2007,2007-12-31,111678,931,4,0.9998258948326111
NeuMF,2007,2007-12-31,111678,1212,5,0.9998002648353577
NeuMF,2007,2007-12-31,111678,922,6,0.9997863173484802
NeuMF,2007,2007-12-31,111678,8491,7,0.9997325539588928
NeuMF,2007,2007-12-31,111678,926,8,0.9996476173400879
NeuMF,2007,2007-12-31,111678,942,9,0.999286949634552
NeuMF,2007,2007-12-31,111678,750,10,0.9992164373397827
NeuMF,2007,2007-12-31,111690,6341,1,0.999029278755188
NeuMF,2007,2007-12-31,111690,8949,2,0.9988439083099365
NeuMF,2007,2007-12-31,111690,6552,3,0.998832643032074
NeuMF,2007,2007-12-31,111690,1639,4,0.9974362254142761
NeuMF,2007,2007-12-31,111690,8966,5,0.99736088514328
NeuMF,2007,2007-12-31,111690,6890,6,0.997071385383606
NeuMF,2007,2007-12-31,111690,5954,7,0.9970206618309021
NeuMF,2007,2007-12-31,111690,5878,8,0.9970075488090515
NeuMF,2007,2007-12-31,111690,4881,9,0.9969269633293152
NeuMF,2007,2007-12-31,111690,29,10,0.9966404438018799
NeuMF,2007,2007-12-31,111869,4306,1,0.9996017813682556
NeuMF,2007,2007-12-31,111869,3793,2,0.999377965927124
NeuMF,2007,2007-12-31,111869,8983,3,0.9993720650672913
NeuMF,2007,2007-12-31,111869,4027,4,0.999182403087616
NeuMF,2007,2007-12-31,111869,3578,5,0.999161958694458
NeuMF,2007,2007-12-31,111869,3911,6,0.9991057515144348
NeuMF,2007,2007-12-31,111869,7318,7,0.9990524649620056
NeuMF,2007,2007-12-31,111869,2997,8,0.9988466501235962
NeuMF,2007,2007-12-31,111869,589,9,0.998711347579956
NeuMF,2007,2007-12-31,111869,4022,10,0.9983934760093689
NeuMF,2007,2007-12-31,112246,34162,1,0.999404788017273
NeuMF,2007,2007-12-31,112246,44195,2,0.9987132549285889
NeuMF,2007,2007-12-31,112246,44199,3,0.9985009431838989
NeuMF,2007,2007-12-31,112246,4041,4,0.9976578950881958
NeuMF,2007,2007-12-31,112246,33166,5,0.9968106150627136
NeuMF,2007,2007-12-31,112246,4815,6,0.9967262744903564
NeuMF,2007,2007-12-31,112246,48780,7,0.9967048764228821
NeuMF,2007,2007-12-31,112246,8949,8,0.9965973496437073
NeuMF,2007,2007-12-31,112246,5049,9,0.9961804151535034
NeuMF,2007,2007-12-31,112246,1307,10,0.9960774779319763
NeuMF,2007,2007-12-31,112398,4439,1,0.999984860420227
NeuMF,2007,2007-12-31,112398,2360,2,0.9998446702957153
NeuMF,2007,2007-12-31,112398,1089,3,0.9998387098312378
NeuMF,2007,2007-12-31,112398,47,4,0.9995102882385254
NeuMF,2007,2007-12-31,112398,6953,5,0.9994961023330688
NeuMF,2007,2007-12-31,112398,288,6,0.9993783235549927
NeuMF,2007,2007-12-31,112398,31410,7,0.9991986155509949
NeuMF,2007,2007-12-31,112398,1206,8,0.999024510383606
NeuMF,2007,2007-12-31,112398,290,9,0.9989976286888123
NeuMF,2007,2007-12-31,112398,4235,10,0.9989663362503052
NeuMF,2007,2007-12-31,112616,8947,1,0.9997016787528992
NeuMF,2007,2007-12-31,112616,1241,2,0.9995738863945007
NeuMF,2007,2007-12-31,112616,2700,3,0.9992764592170715
NeuMF,2007,2007-12-31,112616,6754,4,0.9989810585975647
NeuMF,2007,2007-12-31,112616,611,5,0.9989718198776245
NeuMF,2007,2007-12-31,112616,3452,6,0.9983701109886169
NeuMF,2007,2007-12-31,112616,8810,7,0.9979965090751648
NeuMF,2007,2007-12-31,112616,1882,8,0.99790358543396
NeuMF,2007,2007-12-31,112616,6058,9,0.9978400468826294
NeuMF,2007,2007-12-31,112616,3697,10,0.9978306889533997
NeuMF,2007,2007-12-31,112679,7254,1,0.9992115497589111
NeuMF,2007,2007-12-31,112679,2916,2,0.999150276184082
NeuMF,2007,2007-12-31,112679,1909,3,0.9990447163581848
NeuMF,2007,2007-12-31,112679,3273,4,0.9987232089042664
NeuMF,2007,2007-12-31,112679,1653,5,0.9985753297805786
NeuMF,2007,2007-12-31,112679,3994,6,0.9985161423683167
NeuMF,2007,2007-12-31,112679,1779,7,0.9978836178779602
NeuMF,2007,2007-12-31,112679,3578,8,0.9977526068687439
NeuMF,2007,2007-12-31,112679,3301,9,0.9970988035202026
NeuMF,2007,2007-12-31,112679,1552,10,0.9970943927764893
NeuMF,2007,2007-12-31,113093,923,1,0.9989328980445862
NeuMF,2007,2007-12-31,113093,5799,2,0.9984295964241028
NeuMF,2007,2007-12-31,113093,3551,3,0.9979361295700073
NeuMF,2007,2007-12-31,113093,3179,4,0.9975330829620361
NeuMF,2007,2007-12-31,113093,3471,5,0.9958712458610535
NeuMF,2007,2007-12-31,113093,5952,6,0.995770275592804
NeuMF,2007,2007-12-31,113093,3408,7,0.9947689771652222
NeuMF,2007,2007-12-31,113093,4361,8,0.9943426847457886
NeuMF,2007,2007-12-31,113093,318,9,0.9937400817871094
NeuMF,2007,2007-12-31,113093,3095,10,0.9936347007751465
NeuMF,2007,2007-12-31,113230,8622,1,0.9980716109275818
NeuMF,2007,2007-12-31,113230,1240,2,0.9980705380439758
NeuMF,2007,2007-12-31,113230,2353,3,0.9979222416877747
NeuMF,2007,2007-12-31,113230,1270,4,0.9979107975959778
NeuMF,2007,2007-12-31,113230,2542,5,0.997399091720581
NeuMF,2007,2007-12-31,113230,6378,6,0.9956101775169373
NeuMF,2007,2007-12-31,113230,6377,7,0.995220959186554
NeuMF,2007,2007-12-31,113230,2944,8,0.9952056407928467
NeuMF,2007,2007-12-31,113230,5377,9,0.9946881532669067
NeuMF,2007,2007-12-31,113230,316,10,0.9945250749588013
NeuMF,2007,2007-12-31,113871,1858,1,0.9997372031211853
NeuMF,2007,2007-12-31,113871,3113,2,0.999713122844696
NeuMF,2007,2007-12-31,113871,3986,3,0.9994427561759949
NeuMF,2007,2007-12-31,113871,5608,4,0.9988698363304138
NeuMF,2007,2007-12-31,113871,2840,5,0.9986949563026428
NeuMF,2007,2007-12-31,113871,2273,6,0.9980626702308655
NeuMF,2007,2007-12-31,113871,2763,7,0.9979591369628906
NeuMF,2007,2007-12-31,113871,3301,8,0.9978817105293274
NeuMF,2007,2007-12-31,113871,4814,9,0.9976571798324585
NeuMF,2007,2007-12-31,113871,3052,10,0.9975610971450806
NeuMF,2007,2007-12-31,113884,7153,1,0.9989114999771118
NeuMF,2007,2007-12-31,113884,5040,2,0.9987401366233826
NeuMF,2007,2007-12-31,113884,5004,3,0.9987350106239319
NeuMF,2007,2007-12-31,113884,33493,4,0.9985741376876831
NeuMF,2007,2007-12-31,113884,4886,5,0.9972002506256104
NeuMF,2007,2007-12-31,113884,5669,6,0.9964597821235657
NeuMF,2007,2007-12-31,113884,2700,7,0.9958593249320984
NeuMF,2007,2007-12-31,113884,33004,8,0.9945883750915527
NeuMF,2007,2007-12-31,113884,27873,9,0.9945791959762573
NeuMF,2007,2007-12-31,113884,2421,10,0.9942217469215393
NeuMF,2007,2007-12-31,114692,10,1,0.9994211196899414
NeuMF,2007,2007-12-31,114692,1527,2,0.9988654851913452
NeuMF,2007,2007-12-31,114692,367,3,0.9982494115829468
NeuMF,2007,2007-12-31,114692,1580,4,0.995301365852356
NeuMF,2007,2007-12-31,114692,1356,5,0.9951156377792358
NeuMF,2007,2007-12-31,114692,2115,6,0.9949943423271179
NeuMF,2007,2007-12-31,114692,1610,7,0.9920322895050049
NeuMF,2007,2007-12-31,114692,3793,8,0.9919890761375427
NeuMF,2007,2007-12-31,114692,1036,9,0.9917113780975342
NeuMF,2007,2007-12-31,114692,2683,10,0.9916529059410095
NeuMF,2007,2007-12-31,115164,33794,1,0.9998447895050049
NeuMF,2007,2007-12-31,115164,6617,2,0.9998103976249695
NeuMF,2007,2007-12-31,115164,33834,3,0.9997355341911316
NeuMF,2007,2007-12-31,115164,7360,4,0.9996827840805054
NeuMF,2007,2007-12-31,115164,4865,5,0.9995372295379639
NeuMF,2007,2007-12-31,115164,6294,6,0.9994889497756958
NeuMF,2007,2007-12-31,115164,5872,7,0.9994145631790161
NeuMF,2007,2007-12-31,115164,36401,8,0.9992996454238892
NeuMF,2007,2007-12-31,115164,5463,9,0.9992691874504089
NeuMF,2007,2007-12-31,115164,7090,10,0.9991006851196289
NeuMF,2007,2007-12-31,115178,7438,1,0.9981295466423035
NeuMF,2007,2007-12-31,115178,1673,2,0.9966174960136414
NeuMF,2007,2007-12-31,115178,50,3,0.9963350296020508
NeuMF,2007,2007-12-31,115178,1729,4,0.9962855577468872
NeuMF,2007,2007-12-31,115178,4226,5,0.995658278465271
NeuMF,2007,2007-12-31,115178,1653,6,0.995585560798645
NeuMF,2007,2007-12-31,115178,1517,7,0.9951906204223633
NeuMF,2007,2007-12-31,115178,2502,8,0.9948567152023315
NeuMF,2007,2007-12-31,115178,1089,9,0.994642972946167
NeuMF,2007,2007-12-31,115178,3160,10,0.9940739274024963
NeuMF,2007,2007-12-31,115222,2501,1,0.999894380569458
NeuMF,2007,2007-12-31,115222,7263,2,0.9995803236961365
NeuMF,2007,2007-12-31,115222,6936,3,0.9989159107208252
NeuMF,2007,2007-12-31,115222,4047,4,0.9988129138946533
NeuMF,2007,2007-12-31,115222,2687,5,0.9985461235046387
NeuMF,2007,2007-12-31,115222,317,6,0.9984822869300842
NeuMF,2007,2007-12-31,115222,35836,7,0.9983092546463013
NeuMF,2007,2007-12-31,115222,5449,8,0.9981587529182434
NeuMF,2007,2007-12-31,115222,1907,9,0.9978123903274536
NeuMF,2007,2007-12-31,115222,33615,10,0.99774169921875
NeuMF,2007,2007-12-31,115421,27838,1,0.9996969699859619
NeuMF,2007,2007-12-31,115421,6323,2,0.9996500015258789
NeuMF,2007,2007-12-31,115421,37733,3,0.9995860457420349
NeuMF,2007,2007-12-31,115421,8950,4,0.9993029832839966
NeuMF,2007,2007-12-31,115421,5010,5,0.9990641474723816
NeuMF,2007,2007-12-31,115421,7458,6,0.9990054965019226
NeuMF,2007,2007-12-31,115421,5418,7,0.9988196492195129
NeuMF,2007,2007-12-31,115421,7360,8,0.9985389709472656
NeuMF,2007,2007-12-31,115421,7438,9,0.9985370635986328
NeuMF,2007,2007-12-31,115421,36529,10,0.9984525442123413
NeuMF,2007,2007-12-31,115637,16,1,0.9993564486503601
NeuMF,2007,2007-12-31,115637,457,2,0.9990768432617188
NeuMF,2007,2007-12-31,115637,2268,3,0.999072790145874
NeuMF,2007,2007-12-31,115637,1213,4,0.9989497065544128
NeuMF,2007,2007-12-31,115637,2194,5,0.9988798499107361
NeuMF,2007,2007-12-31,115637,6947,6,0.9984459280967712
NeuMF,2007,2007-12-31,115637,8636,7,0.9983522891998291
NeuMF,2007,2007-12-31,115637,6322,8,0.9981332421302795
NeuMF,2007,2007-12-31,115637,6323,9,0.9975318908691406
NeuMF,2007,2007-12-31,115637,628,10,0.9973047971725464
NeuMF,2007,2007-12-31,115938,3703,1,0.9958691000938416
NeuMF,2007,2007-12-31,115938,5502,2,0.9945536851882935
NeuMF,2007,2007-12-31,115938,4084,3,0.9938545227050781
NeuMF,2007,2007-12-31,115938,2736,4,0.9921565055847168
NeuMF,2007,2007-12-31,115938,4128,5,0.9921270608901978
NeuMF,2007,2007-12-31,115938,4262,6,0.9919397234916687
NeuMF,2007,2007-12-31,115938,3267,7,0.9905208349227905
NeuMF,2007,2007-12-31,115938,3841,8,0.9903027415275574
NeuMF,2007,2007-12-31,115938,4896,9,0.990300178527832
NeuMF,2007,2007-12-31,115938,5500,10,0.9902691841125488
NeuMF,2007,2007-12-31,116103,1147,1,0.9996861219406128
NeuMF,2007,2007-12-31,116103,307,2,0.9988390803337097
NeuMF,2007,2007-12-31,116103,1095,3,0.9984024167060852
NeuMF,2007,2007-12-31,116103,1466,4,0.998166024684906
NeuMF,2007,2007-12-31,116103,1213,5,0.9981480836868286
NeuMF,2007,2007-12-31,116103,858,6,0.9979648590087891
NeuMF,2007,2007-12-31,116103,3730,7,0.997836172580719
NeuMF,2007,2007-12-31,116103,50,8,0.997369647026062
NeuMF,2007,2007-12-31,116103,1221,9,0.9973535537719727
NeuMF,2007,2007-12-31,116103,994,10,0.9967746138572693
NeuMF,2007,2007-12-31,116226,708,1,0.998218834400177
NeuMF,2007,2007-12-31,116226,224,2,0.9981062412261963
NeuMF,2007,2007-12-31,116226,2804,3,0.9975444674491882
NeuMF,2007,2007-12-31,116226,2908,4,0.9969149827957153
NeuMF,2007,2007-12-31,116226,5673,5,0.9966772794723511
NeuMF,2007,2007-12-31,116226,5225,6,0.9964052438735962
NeuMF,2007,2007-12-31,116226,215,7,0.9962064027786255
NeuMF,2007,2007-12-31,116226,1285,8,0.9961548447608948
NeuMF,2007,2007-12-31,116226,4318,9,0.9960983991622925
NeuMF,2007,2007-12-31,116226,3983,10,0.9958232641220093
NeuMF,2007,2007-12-31,116478,2467,1,0.9991928935050964
NeuMF,2007,2007-12-31,116478,5445,2,0.9991220831871033
NeuMF,2007,2007-12-31,116478,31878,3,0.9989299178123474
NeuMF,2007,2007-12-31,116478,3030,4,0.9980366826057434
NeuMF,2007,2007-12-31,116478,3479,5,0.9980134963989258
NeuMF,2007,2007-12-31,116478,2571,6,0.9979871511459351
NeuMF,2007,2007-12-31,116478,4327,7,0.9976630210876465
NeuMF,2007,2007-12-31,116478,34405,8,0.99754399061203
NeuMF,2007,2007-12-31,116478,6711,9,0.996699869632721
NeuMF,2007,2007-12-31,116478,1197,10,0.9962571859359741
NeuMF,2007,2007-12-31,116730,8970,1,0.9993108510971069
NeuMF,2007,2007-12-31,116730,40815,2,0.9987624883651733
NeuMF,2007,2007-12-31,116730,7153,3,0.9984996318817139
NeuMF,2007,2007-12-31,116730,508,4,0.9984397292137146
NeuMF,2007,2007-12-31,116730,597,5,0.9981235861778259
NeuMF,2007,2007-12-31,116730,356,6,0.9979032278060913
NeuMF,2007,2007-12-31,116730,41569,7,0.9967016577720642
NeuMF,2007,2007-12-31,116730,296,8,0.9966366291046143
NeuMF,2007,2007-12-31,116730,4886,9,0.9963705539703369
NeuMF,2007,2007-12-31,116730,4993,10,0.9961744546890259
NeuMF,2007,2007-12-31,116907,377,1,0.9972946047782898
NeuMF,2007,2007-12-31,116907,30898,2,0.9972246885299683
NeuMF,2007,2007-12-31,116907,1013,3,0.9962894916534424
NeuMF,2007,2007-12-31,116907,3499,4,0.9961001873016357
NeuMF,2007,2007-12-31,116907,3052,5,0.9956276416778564
NeuMF,2007,2007-12-31,116907,431,6,0.9954556226730347
NeuMF,2007,2007-12-31,116907,3426,7,0.9950672388076782
NeuMF,2007,2007-12-31,116907,733,8,0.9929083585739136
NeuMF,2007,2007-12-31,116907,2105,9,0.9925997257232666
NeuMF,2007,2007-12-31,116907,1958,10,0.9916942715644836
NeuMF,2007,2007-12-31,117050,4383,1,0.9984490871429443
NeuMF,2007,2007-12-31,117050,5034,2,0.997879147529602
NeuMF,2007,2007-12-31,117050,5527,3,0.9933186769485474
NeuMF,2007,2007-12-31,117050,4313,4,0.9930516481399536
NeuMF,2007,2007-12-31,117050,3553,5,0.992586076259613
NeuMF,2007,2007-12-31,117050,8866,6,0.9919523596763611
NeuMF,2007,2007-12-31,117050,215,7,0.9911106824874878
NeuMF,2007,2007-12-31,117050,2181,8,0.9891015887260437
NeuMF,2007,2007-12-31,117050,365,9,0.9887608885765076
NeuMF,2007,2007-12-31,117050,6503,10,0.9887365698814392
NeuMF,2007,2007-12-31,117193,7361,1,0.9992351531982422
NeuMF,2007,2007-12-31,117193,1517,2,0.9965884685516357
NeuMF,2007,2007-12-31,117193,2918,3,0.9943941831588745
NeuMF,2007,2007-12-31,117193,1968,4,0.9929853081703186
NeuMF,2007,2007-12-31,117193,2858,5,0.992588996887207
NeuMF,2007,2007-12-31,117193,1270,6,0.9916446805000305
NeuMF,2007,2007-12-31,117193,1197,7,0.990624725818634
NeuMF,2007,2007-12-31,117193,1,8,0.9901903867721558
NeuMF,2007,2007-12-31,117193,2542,9,0.9896925091743469
NeuMF,2007,2007-12-31,117193,2324,10,0.9884862899780273
NeuMF,2007,2007-12-31,117358,3996,1,0.9998688697814941
NeuMF,2007,2007-12-31,117358,4226,2,0.9997698664665222
NeuMF,2007,2007-12-31,117358,4027,3,0.999441921710968
NeuMF,2007,2007-12-31,117358,3994,4,0.9993734955787659
NeuMF,2007,2007-12-31,117358,5816,5,0.9991040825843811
NeuMF,2007,2007-12-31,117358,4014,6,0.9988875985145569
NeuMF,2007,2007-12-31,117358,3793,7,0.9988393187522888
NeuMF,2007,2007-12-31,117358,2542,8,0.998392641544342
NeuMF,2007,2007-12-31,117358,4011,9,0.9983704686164856
NeuMF,2007,2007-12-31,117358,1682,10,0.9983161687850952
NeuMF,2007,2007-12-31,117457,46976,1,0.9996678829193115
NeuMF,2007,2007-12-31,117457,46530,2,0.9987012147903442
NeuMF,2007,2007-12-31,117457,45447,3,0.9982724189758301
NeuMF,2007,2007-12-31,117457,45722,4,0.997776448726654
NeuMF,2007,2007-12-31,117457,41569,5,0.9976733326911926
NeuMF,2007,2007-12-31,117457,40815,6,0.9970098733901978
NeuMF,2007,2007-12-31,117457,2001,7,0.9969527721405029
NeuMF,2007,2007-12-31,117457,48780,8,0.9968482851982117
NeuMF,2007,2007-12-31,117457,8636,9,0.9958301186561584
NeuMF,2007,2007-12-31,117457,33679,10,0.9956770539283752
NeuMF,2007,2007-12-31,117866,4246,1,0.9985939860343933
NeuMF,2007,2007-12-31,117866,3097,2,0.997772753238678
NeuMF,2007,2007-12-31,117866,3079,3,0.997761607170105
NeuMF,2007,2007-12-31,117866,1463,4,0.9969944953918457
NeuMF,2007,2007-12-31,117866,950,5,0.9968468546867371
NeuMF,2007,2007-12-31,117866,4994,6,0.9964427351951599
NeuMF,2007,2007-12-31,117866,1455,7,0.9963853359222412
NeuMF,2007,2007-12-31,117866,7,8,0.9962038397789001
NeuMF,2007,2007-12-31,117866,1177,9,0.9961810111999512
NeuMF,2007,2007-12-31,117866,916,10,0.995987594127655
NeuMF,2007,2007-12-31,117949,5418,1,0.9986808896064758
NeuMF,2007,2007-12-31,117949,527,2,0.9982025623321533
NeuMF,2007,2007-12-31,117949,2028,3,0.9978964328765869
NeuMF,2007,2007-12-31,117949,8636,4,0.9974834322929382
NeuMF,2007,2007-12-31,117949,1101,5,0.9972848892211914
NeuMF,2007,2007-12-31,117949,5152,6,0.997103750705719
NeuMF,2007,2007-12-31,117949,7147,7,0.9966622591018677
NeuMF,2007,2007-12-31,117949,1216,8,0.9966296553611755
NeuMF,2007,2007-12-31,117949,588,9,0.9962196946144104
NeuMF,2007,2007-12-31,117949,1641,10,0.9961392283439636
NeuMF,2007,2007-12-31,118005,1079,1,0.9988595247268677
NeuMF,2007,2007-12-31,118005,2150,2,0.9987412095069885
NeuMF,2007,2007-12-31,118005,4082,3,0.998572826385498
NeuMF,2007,2007-12-31,118005,2352,4,0.998485267162323
NeuMF,2007,2007-12-31,118005,1270,5,0.9982290863990784
NeuMF,2007,2007-12-31,118005,1090,6,0.9981499910354614
NeuMF,2007,2007-12-31,118005,3037,7,0.9976562261581421
NeuMF,2007,2007-12-31,118005,1125,8,0.9976215958595276
NeuMF,2007,2007-12-31,118005,2145,9,0.9975639581680298
NeuMF,2007,2007-12-31,118005,2401,10,0.9975042939186096
NeuMF,2007,2007-12-31,118130,3256,1,0.9994157552719116
NeuMF,2007,2007-12-31,118130,1036,2,0.9993417859077454
NeuMF,2007,2007-12-31,118130,589,3,0.9991575479507446
NeuMF,2007,2007-12-31,118130,3527,4,0.9991042017936707
NeuMF,2007,2007-12-31,118130,1961,5,0.9990932941436768
NeuMF,2007,2007-12-31,118130,110,6,0.998993456363678
NeuMF,2007,2007-12-31,118130,2000,7,0.9989720582962036
NeuMF,2007,2007-12-31,118130,1962,8,0.998891294002533
NeuMF,2007,2007-12-31,118130,318,9,0.9988800883293152
NeuMF,2007,2007-12-31,118130,1387,10,0.9988722205162048
NeuMF,2007,2007-12-31,118230,849,1,0.9996308088302612
NeuMF,2007,2007-12-31,118230,5872,2,0.9991363883018494
NeuMF,2007,2007-12-31,118230,5445,3,0.9989911913871765
NeuMF,2007,2007-12-31,118230,5502,4,0.9989542961120605
NeuMF,2007,2007-12-31,118230,4443,5,0.9989349246025085
NeuMF,2007,2007-12-31,118230,4643,6,0.9988094568252563
NeuMF,2007,2007-12-31,118230,1037,7,0.9986575841903687
NeuMF,2007,2007-12-31,118230,4874,8,0.9984341263771057
NeuMF,2007,2007-12-31,118230,4975,9,0.9982977509498596
NeuMF,2007,2007-12-31,118230,5463,10,0.9979270696640015
NeuMF,2007,2007-12-31,118388,4973,1,0.9998958110809326
NeuMF,2007,2007-12-31,118388,5952,2,0.9995021820068359
NeuMF,2007,2007-12-31,118388,4993,3,0.9994159936904907
NeuMF,2007,2007-12-31,118388,5445,4,0.9992497563362122
NeuMF,2007,2007-12-31,118388,4886,5,0.9992063641548157
NeuMF,2007,2007-12-31,118388,4306,6,0.9985367059707642
NeuMF,2007,2007-12-31,118388,17,7,0.9984215497970581
NeuMF,2007,2007-12-31,118388,5377,8,0.9978518486022949
NeuMF,2007,2007-12-31,118388,5349,9,0.9976516366004944
NeuMF,2007,2007-12-31,118388,6539,10,0.9975631237030029
NeuMF,2007,2007-12-31,118495,27773,1,0.9998186230659485
NeuMF,2007,2007-12-31,118495,6977,2,0.9995402097702026
NeuMF,2007,2007-12-31,118495,6377,3,0.9992762207984924
NeuMF,2007,2007-12-31,118495,7438,4,0.998936116695404
NeuMF,2007,2007-12-31,118495,19,5,0.9989249110221863
NeuMF,2007,2007-12-31,118495,7153,6,0.9981886744499207
NeuMF,2007,2007-12-31,118495,364,7,0.9981799125671387
NeuMF,2007,2007-12-31,118495,8961,8,0.9980863332748413
NeuMF,2007,2007-12-31,118495,595,9,0.9970110654830933
NeuMF,2007,2007-12-31,118495,7004,10,0.9964951872825623
NeuMF,2007,2007-12-31,118967,27788,1,0.9994601607322693
NeuMF,2007,2007-12-31,118967,33794,2,0.9983453750610352
NeuMF,2007,2007-12-31,118967,27801,3,0.997559666633606
NeuMF,2007,2007-12-31,118967,27660,4,0.9967772364616394
NeuMF,2007,2007-12-31,118967,5134,5,0.9965301156044006
NeuMF,2007,2007-12-31,118967,8132,6,0.9962277412414551
NeuMF,2007,2007-12-31,118967,37733,7,0.995713472366333
NeuMF,2007,2007-12-31,118967,8644,8,0.9954460859298706
NeuMF,2007,2007-12-31,118967,1752,9,0.9948914051055908
NeuMF,2007,2007-12-31,118967,2194,10,0.9945911169052124
NeuMF,2007,2007-12-31,119100,3114,1,0.9996874332427979
NeuMF,2007,2007-12-31,119100,5679,2,0.9995008707046509
NeuMF,2007,2007-12-31,119100,2232,3,0.999369204044342
NeuMF,2007,2007-12-31,119100,4886,4,0.9992244243621826
NeuMF,2007,2007-12-31,119100,8636,5,0.9987249970436096
NeuMF,2007,2007-12-31,119100,33794,6,0.9987069368362427
NeuMF,2007,2007-12-31,119100,5989,7,0.9983968138694763
NeuMF,2007,2007-12-31,119100,2762,8,0.9983887672424316
NeuMF,2007,2007-12-31,119100,6281,9,0.9979698061943054
NeuMF,2007,2007-12-31,119100,5502,10,0.9972724318504333
NeuMF,2007,2007-12-31,119293,8622,1,0.999201238155365
NeuMF,2007,2007-12-31,119293,6538,2,0.9990876913070679
NeuMF,2007,2007-12-31,119293,7158,3,0.9983332753181458
NeuMF,2007,2007-12-31,119293,5528,4,0.9977304339408875
NeuMF,2007,2007-12-31,119293,30749,5,0.9976075887680054
NeuMF,2007,2007-12-31,119293,8645,6,0.9969269633293152
NeuMF,2007,2007-12-31,119293,4865,7,0.9965108036994934
NeuMF,2007,2007-12-31,119293,41285,8,0.9964010715484619
NeuMF,2007,2007-12-31,119293,3081,9,0.9963298439979553
NeuMF,2007,2007-12-31,119293,6377,10,0.9959650039672852
NeuMF,2007,2007-12-31,119795,1273,1,0.9993288516998291
NeuMF,2007,2007-12-31,119795,2732,2,0.9988629817962646
NeuMF,2007,2007-12-31,119795,4628,3,0.9963380098342896
NeuMF,2007,2007-12-31,119795,2511,4,0.9961586594581604
NeuMF,2007,2007-12-31,119795,2178,5,0.9955387711524963
NeuMF,2007,2007-12-31,119795,2750,6,0.9950854182243347
NeuMF,2007,2007-12-31,119795,2130,7,0.995046854019165
NeuMF,2007,2007-12-31,119795,3814,8,0.9948793649673462
NeuMF,2007,2007-12-31,119795,4191,9,0.9947128891944885
NeuMF,2007,2007-12-31,119795,1963,10,0.9945778846740723
NeuMF,2007,2007-12-31,120017,1480,1,0.998190701007843
NeuMF,2007,2007-12-31,120017,2908,2,0.9981398582458496
NeuMF,2007,2007-12-31,120017,1719,3,0.9977649450302124
NeuMF,2007,2007-12-31,120017,4017,4,0.9973666071891785
NeuMF,2007,2007-12-31,120017,1594,5,0.9968384504318237
NeuMF,2007,2007-12-31,120017,562,6,0.9968197345733643
NeuMF,2007,2007-12-31,120017,7139,7,0.9965319633483887
NeuMF,2007,2007-12-31,120017,6215,8,0.9961250424385071
NeuMF,2007,2007-12-31,120017,1635,9,0.9961082339286804
NeuMF,2007,2007-12-31,120017,1673,10,0.9953438639640808
NeuMF,2007,2007-12-31,120054,7361,1,0.999723494052887
NeuMF,2007,2007-12-31,120054,37733,2,0.999667763710022
NeuMF,2007,2007-12-31,120054,7371,3,0.999603807926178
NeuMF,2007,2007-12-31,120054,7438,4,0.9993769526481628
NeuMF,2007,2007-12-31,120054,36401,5,0.9991071820259094
NeuMF,2007,2007-12-31,120054,778,6,0.9988417029380798
NeuMF,2007,2007-12-31,120054,7323,7,0.9987115859985352
NeuMF,2007,2007-12-31,120054,27788,8,0.9984458088874817
NeuMF,2007,2007-12-31,120054,1241,9,0.9982265830039978
NeuMF,2007,2007-12-31,120054,5269,10,0.9979550838470459
NeuMF,2007,2007-12-31,120242,3194,1,0.9987327456474304
NeuMF,2007,2007-12-31,120242,5707,2,0.9980891346931458
NeuMF,2007,2007-12-31,120242,5267,3,0.9980271458625793
NeuMF,2007,2007-12-31,120242,3984,4,0.9972889423370361
NeuMF,2007,2007-12-31,120242,6428,5,0.9971923232078552
NeuMF,2007,2007-12-31,120242,6639,6,0.9956488013267517
NeuMF,2007,2007-12-31,120242,3451,7,0.9950824975967407
NeuMF,2007,2007-12-31,120242,7178,8,0.9944092631340027
NeuMF,2007,2007-12-31,120242,4086,9,0.9941869974136353
NeuMF,2007,2007-12-31,120242,2941,10,0.9939265847206116
NeuMF,2007,2007-12-31,120483,7925,1,0.999894380569458
NeuMF,2007,2007-12-31,120483,7766,2,0.9998102784156799
NeuMF,2007,2007-12-31,120483,7013,3,0.9995344877243042
NeuMF,2007,2007-12-31,120483,7118,4,0.9995086193084717
NeuMF,2007,2007-12-31,120483,1260,5,0.9990569949150085
NeuMF,2007,2007-12-31,120483,8507,6,0.9990522265434265
NeuMF,2007,2007-12-31,120483,1208,7,0.998981773853302
NeuMF,2007,2007-12-31,120483,29,8,0.9988551139831543
NeuMF,2007,2007-12-31,120483,3091,9,0.9988456964492798
NeuMF,2007,2007-12-31,120483,1201,10,0.9987784028053284
NeuMF,2007,2007-12-31,120485,2353,1,0.9995995163917542
NeuMF,2007,2007-12-31,120485,6934,2,0.9995695948600769
NeuMF,2007,2007-12-31,120485,7153,3,0.999254047870636
NeuMF,2007,2007-12-31,120485,3578,4,0.9992522597312927
NeuMF,2007,2007-12-31,120485,2003,5,0.9991044402122498
NeuMF,2007,2007-12-31,120485,6947,6,0.9987229704856873
NeuMF,2007,2007-12-31,120485,2605,7,0.9987022876739502
NeuMF,2007,2007-12-31,120485,7438,8,0.9985525012016296
NeuMF,2007,2007-12-31,120485,3793,9,0.9985407590866089
NeuMF,2007,2007-12-31,120485,520,10,0.9983370304107666
NeuMF,2007,2007-12-31,120518,30812,1,0.9986801743507385
NeuMF,2007,2007-12-31,120518,2610,2,0.9983503818511963
NeuMF,2007,2007-12-31,120518,1964,3,0.9981796741485596
NeuMF,2007,2007-12-31,120518,1041,4,0.9981497526168823
NeuMF,2007,2007-12-31,120518,2859,5,0.9980783462524414
NeuMF,2007,2007-12-31,120518,2871,6,0.997774064540863
NeuMF,2007,2007-12-31,120518,7160,7,0.9974587559700012
NeuMF,2007,2007-12-31,120518,1192,8,0.9971129894256592
NeuMF,2007,2007-12-31,120518,1304,9,0.9970980882644653
NeuMF,2007,2007-12-31,120518,6936,10,0.996651828289032
NeuMF,2007,2007-12-31,120568,6811,1,0.9990825653076172
NeuMF,2007,2007-12-31,120568,3255,2,0.9976668357849121
NeuMF,2007,2007-12-31,120568,3270,3,0.9975267052650452
NeuMF,2007,2007-12-31,120568,6188,4,0.997426450252533
NeuMF,2007,2007-12-31,120568,3398,5,0.9972416162490845
NeuMF,2007,2007-12-31,120568,377,6,0.9971168041229248
NeuMF,2007,2007-12-31,120568,3549,7,0.9970683455467224
NeuMF,2007,2007-12-31,120568,3809,8,0.9970394968986511
NeuMF,2007,2007-12-31,120568,2273,9,0.9970281720161438
NeuMF,2007,2007-12-31,120568,4448,10,0.9965104460716248
NeuMF,2007,2007-12-31,120967,4226,1,0.9968538880348206
NeuMF,2007,2007-12-31,120967,3996,2,0.9955224990844727
NeuMF,2007,2007-12-31,120967,2858,3,0.9953508377075195
NeuMF,2007,2007-12-31,120967,4306,4,0.9934383034706116
NeuMF,2007,2007-12-31,120967,4022,5,0.9931271076202393
NeuMF,2007,2007-12-31,120967,3578,6,0.9925742149353027
NeuMF,2007,2007-12-31,120967,3897,7,0.9923437237739563
NeuMF,2007,2007-12-31,120967,2997,8,0.9871370792388916
NeuMF,2007,2007-12-31,120967,4027,9,0.9871366024017334
NeuMF,2007,2007-12-31,120967,4993,10,0.986876368522644
NeuMF,2007,2007-12-31,121244,36525,1,0.9999327659606934
NeuMF,2007,2007-12-31,121244,31427,2,0.9997815489768982
NeuMF,2007,2007-12-31,121244,35957,3,0.9990168809890747
NeuMF,2007,2007-12-31,121244,805,4,0.9981179237365723
NeuMF,2007,2007-12-31,121244,4578,5,0.9978896975517273
NeuMF,2007,2007-12-31,121244,832,6,0.9978203773498535
NeuMF,2007,2007-12-31,121244,3798,7,0.9977269768714905
NeuMF,2007,2007-12-31,121244,469,8,0.9975457787513733
NeuMF,2007,2007-12-31,121244,34532,9,0.9969106316566467
NeuMF,2007,2007-12-31,121244,39449,10,0.9965357780456543
NeuMF,2007,2007-12-31,121291,5110,1,0.9980463981628418
NeuMF,2007,2007-12-31,121291,5478,2,0.99700528383255
NeuMF,2007,2007-12-31,121291,5655,3,0.9964674711227417
NeuMF,2007,2007-12-31,121291,7376,4,0.9962397813796997
NeuMF,2007,2007-12-31,121291,662,5,0.9950928688049316
NeuMF,2007,2007-12-31,121291,5266,6,0.9947680234909058
NeuMF,2007,2007-12-31,121291,7847,7,0.9938972592353821
NeuMF,2007,2007-12-31,121291,6652,8,0.9937260746955872
NeuMF,2007,2007-12-31,121291,4876,9,0.993709921836853
NeuMF,2007,2007-12-31,121291,6290,10,0.9936478734016418
NeuMF,2007,2007-12-31,121376,4310,1,0.9999240636825562
NeuMF,2007,2007-12-31,121376,7376,2,0.9996613264083862
NeuMF,2007,2007-12-31,121376,42011,3,0.9995793700218201
NeuMF,2007,2007-12-31,121376,31696,4,0.9994807839393616
NeuMF,2007,2007-12-31,121376,8860,5,0.9993634819984436
NeuMF,2007,2007-12-31,121376,6156,6,0.9992426633834839
NeuMF,2007,2007-12-31,121376,3753,7,0.9992280006408691
NeuMF,2007,2007-12-31,121376,45517,8,0.9992085099220276
NeuMF,2007,2007-12-31,121376,4701,9,0.9990683197975159
NeuMF,2007,2007-12-31,121376,3980,10,0.9989263415336609
NeuMF,2007,2007-12-31,121400,2232,1,0.9997093081474304
NeuMF,2007,2007-12-31,121400,4235,2,0.9993852376937866
NeuMF,2007,2007-12-31,121400,44022,3,0.9986845850944519
NeuMF,2007,2007-12-31,121400,7034,4,0.9985686540603638
NeuMF,2007,2007-12-31,121400,4027,5,0.9984966516494751
NeuMF,2007,2007-12-31,121400,7022,6,0.9982590079307556
NeuMF,2007,2007-12-31,121400,33794,7,0.9981291890144348
NeuMF,2007,2007-12-31,121400,4446,8,0.9973704814910889
NeuMF,2007,2007-12-31,121400,1748,9,0.9971352815628052
NeuMF,2007,2007-12-31,121400,6283,10,0.9964675903320312
NeuMF,2007,2007-12-31,121442,5507,1,0.9998409748077393
NeuMF,2007,2007-12-31,121442,8810,2,0.9993101358413696
NeuMF,2007,2007-12-31,121442,7376,3,0.9989470839500427
NeuMF,2007,2007-12-31,121442,5479,4,0.9989135265350342
NeuMF,2007,2007-12-31,121442,5900,5,0.998884379863739
NeuMF,2007,2007-12-31,121442,5015,6,0.9987764954566956
NeuMF,2007,2007-12-31,121442,4814,7,0.9987560510635376
NeuMF,2007,2007-12-31,121442,7325,8,0.9984071850776672
NeuMF,2007,2007-12-31,121442,6265,9,0.998029887676239
NeuMF,2007,2007-12-31,121442,6193,10,0.9972477555274963
NeuMF,2007,2007-12-31,121628,5069,1,0.9996509552001953
NeuMF,2007,2007-12-31,121628,1355,2,0.9991022348403931
NeuMF,2007,2007-12-31,121628,1050,3,0.9985734224319458
NeuMF,2007,2007-12-31,121628,4446,4,0.9979231953620911
NeuMF,2007,2007-12-31,121628,4312,5,0.9975045323371887
NeuMF,2007,2007-12-31,121628,1263,6,0.9974045157432556
NeuMF,2007,2007-12-31,121628,26,7,0.9972366094589233
NeuMF,2007,2007-12-31,121628,3091,8,0.996877908706665
NeuMF,2007,2007-12-31,121628,3155,9,0.9968498349189758
NeuMF,2007,2007-12-31,121628,3483,10,0.9959936141967773
NeuMF,2007,2007-12-31,122016,2085,1,0.9992437362670898
NeuMF,2007,2007-12-31,122016,1023,2,0.998110294342041
NeuMF,2007,2007-12-31,122016,1028,3,0.9979251623153687
NeuMF,2007,2007-12-31,122016,2018,4,0.9976800084114075
NeuMF,2007,2007-12-31,122016,1022,5,0.9971182346343994
NeuMF,2007,2007-12-31,122016,1086,6,0.9968884587287903
NeuMF,2007,2007-12-31,122016,1282,7,0.9965887069702148
NeuMF,2007,2007-12-31,122016,1250,8,0.995667576789856
NeuMF,2007,2007-12-31,122016,2001,9,0.9954586029052734
NeuMF,2007,2007-12-31,122016,2640,10,0.9952616691589355
NeuMF,2007,2007-12-31,122118,3726,1,0.9997654557228088
NeuMF,2007,2007-12-31,122118,2966,2,0.9989545345306396
NeuMF,2007,2007-12-31,122118,2921,3,0.9985089898109436
NeuMF,2007,2007-12-31,122118,3114,4,0.9984868764877319
NeuMF,2007,2007-12-31,122118,33794,5,0.9984056353569031
NeuMF,2007,2007-12-31,122118,3681,6,0.9982677698135376
NeuMF,2007,2007-12-31,122118,2700,7,0.9978246688842773
NeuMF,2007,2007-12-31,122118,2329,8,0.9978207349777222
NeuMF,2007,2007-12-31,122118,32587,9,0.9977439641952515
NeuMF,2007,2007-12-31,122118,36529,10,0.9975124597549438
NeuMF,2007,2007-12-31,122507,34542,1,0.9993763566017151
NeuMF,2007,2007-12-31,122507,3718,2,0.9992353916168213
NeuMF,2007,2007-12-31,122507,3911,3,0.9986525774002075
NeuMF,2007,2007-12-31,122507,1147,4,0.9984581470489502
NeuMF,2007,2007-12-31,122507,4239,5,0.9984577894210815
NeuMF,2007,2007-12-31,122507,27831,6,0.9981278777122498
NeuMF,2007,2007-12-31,122507,34153,7,0.9978931546211243
NeuMF,2007,2007-12-31,122507,1729,8,0.9976990818977356
NeuMF,2007,2007-12-31,122507,5137,9,0.9975640773773193
NeuMF,2007,2007-12-31,122507,3608,10,0.9968945980072021
NeuMF,2007,2007-12-31,123022,6709,1,0.9967430233955383
NeuMF,2007,2007-12-31,123022,5349,2,0.9967249035835266
NeuMF,2007,2007-12-31,123022,33004,3,0.9965384006500244
NeuMF,2007,2007-12-31,123022,1270,4,0.9962548017501831
NeuMF,2007,2007-12-31,123022,6947,5,0.9961528182029724
NeuMF,2007,2007-12-31,123022,6268,6,0.9943050742149353
NeuMF,2007,2007-12-31,123022,6863,7,0.9939443469047546
NeuMF,2007,2007-12-31,123022,6502,8,0.9936230778694153
NeuMF,2007,2007-12-31,123022,37384,9,0.9930998086929321
NeuMF,2007,2007-12-31,123022,8636,10,0.9927918910980225
NeuMF,2007,2007-12-31,123468,5445,1,0.9995473027229309
NeuMF,2007,2007-12-31,123468,4963,2,0.9994955062866211
NeuMF,2007,2007-12-31,123468,4011,3,0.9988635778427124
NeuMF,2007,2007-12-31,123468,5418,4,0.9983820915222168
NeuMF,2007,2007-12-31,123468,1270,5,0.9980814456939697
NeuMF,2007,2007-12-31,123468,589,6,0.9970097541809082
NeuMF,2007,2007-12-31,123468,4995,7,0.9955704808235168
NeuMF,2007,2007-12-31,123468,5989,8,0.9951510429382324
NeuMF,2007,2007-12-31,123468,2997,9,0.9949786067008972
NeuMF,2007,2007-12-31,123468,597,10,0.9948723912239075
NeuMF,2007,2007-12-31,123604,2858,1,0.9997873902320862
NeuMF,2007,2007-12-31,123604,1270,2,0.9997711777687073
NeuMF,2007,2007-12-31,123604,2762,3,0.9996706247329712
NeuMF,2007,2007-12-31,123604,2706,4,0.9996625185012817
NeuMF,2007,2007-12-31,123604,2959,5,0.9995146989822388
NeuMF,2007,2007-12-31,123604,5377,6,0.9993269443511963
NeuMF,2007,2007-12-31,123604,4963,7,0.9993195533752441
NeuMF,2007,2007-12-31,123604,1307,8,0.9992539286613464
NeuMF,2007,2007-12-31,123604,2580,9,0.999231219291687
NeuMF,2007,2007-12-31,123604,2997,10,0.9992235898971558
NeuMF,2007,2007-12-31,123613,48385,1,0.9999344348907471
NeuMF,2007,2007-12-31,123613,27831,2,0.999001681804657
NeuMF,2007,2007-12-31,123613,6188,3,0.9988099336624146
NeuMF,2007,2007-12-31,123613,34437,4,0.9981821775436401
NeuMF,2007,2007-12-31,123613,6868,5,0.9979050159454346
NeuMF,2007,2007-12-31,123613,6796,6,0.997821569442749
NeuMF,2007,2007-12-31,123613,41997,7,0.9974881410598755
NeuMF,2007,2007-12-31,123613,1449,8,0.9960585832595825
NeuMF,2007,2007-12-31,123613,30820,9,0.9960122108459473
NeuMF,2007,2007-12-31,123613,999,10,0.9958562254905701
NeuMF,2007,2007-12-31,123734,3569,1,0.9998058676719666
NeuMF,2007,2007-12-31,123734,5992,2,0.9996500015258789
NeuMF,2007,2007-12-31,123734,31410,3,0.9995759129524231
NeuMF,2007,2007-12-31,123734,32291,4,0.9994101524353027
NeuMF,2007,2007-12-31,123734,6954,5,0.9989769458770752
NeuMF,2007,2007-12-31,123734,4056,6,0.9989655017852783
NeuMF,2007,2007-12-31,123734,37741,7,0.9988148212432861
NeuMF,2007,2007-12-31,123734,4878,8,0.9987587928771973
NeuMF,2007,2007-12-31,123734,31658,9,0.9977467656135559
NeuMF,2007,2007-12-31,123734,4034,10,0.9977352619171143
NeuMF,2007,2007-12-31,124035,2721,1,0.9994038343429565
NeuMF,2007,2007-12-31,124035,39446,2,0.9981379508972168
NeuMF,2007,2007-12-31,124035,4833,3,0.9976596832275391
NeuMF,2007,2007-12-31,124035,7286,4,0.9974741339683533
NeuMF,2007,2007-12-31,124035,4722,5,0.9970397353172302
NeuMF,2007,2007-12-31,124035,490,6,0.9935117363929749
NeuMF,2007,2007-12-31,124035,95,7,0.9893491268157959
NeuMF,2007,2007-12-31,124035,9004,8,0.987873375415802
NeuMF,2007,2007-12-31,124035,33679,9,0.9875898361206055
NeuMF,2007,2007-12-31,124035,7366,10,0.9846389889717102
NeuMF,2007,2007-12-31,124251,914,1,0.999777615070343
NeuMF,2007,2007-12-31,124251,3155,2,0.9996991157531738
NeuMF,2007,2007-12-31,124251,3159,3,0.9995710253715515
NeuMF,2007,2007-12-31,124251,261,4,0.9995187520980835
NeuMF,2007,2007-12-31,124251,2467,5,0.9994970560073853
NeuMF,2007,2007-12-31,124251,1271,6,0.9994286894798279
NeuMF,2007,2007-12-31,124251,2336,7,0.9993919134140015
NeuMF,2007,2007-12-31,124251,1185,8,0.9993289709091187
NeuMF,2007,2007-12-31,124251,4993,9,0.9992362260818481
NeuMF,2007,2007-12-31,124251,6539,10,0.9990373849868774
NeuMF,2007,2007-12-31,124306,2118,1,0.9976488947868347
NeuMF,2007,2007-12-31,124306,6323,2,0.9960024952888489
NeuMF,2007,2007-12-31,124306,2391,3,0.9949274063110352
NeuMF,2007,2007-12-31,124306,3114,4,0.9941626191139221
NeuMF,2007,2007-12-31,124306,7360,5,0.9936715364456177
NeuMF,2007,2007-12-31,124306,46974,6,0.9935156106948853
NeuMF,2007,2007-12-31,124306,8970,7,0.9932947754859924
NeuMF,2007,2007-12-31,124306,930,8,0.9930650591850281
NeuMF,2007,2007-12-31,124306,8874,9,0.993059515953064
NeuMF,2007,2007-12-31,124306,8665,10,0.992976725101471
NeuMF,2007,2007-12-31,124328,1069,1,0.9993608593940735
NeuMF,2007,2007-12-31,124328,5373,2,0.9986947178840637
NeuMF,2007,2007-12-31,124328,1572,3,0.9959452748298645
NeuMF,2007,2007-12-31,124328,3066,4,0.9954743981361389
NeuMF,2007,2007-12-31,124328,6023,5,0.99382483959198
NeuMF,2007,2007-12-31,124328,3306,6,0.9937542080879211
NeuMF,2007,2007-12-31,124328,8983,7,0.992333173751831
NeuMF,2007,2007-12-31,124328,4499,8,0.9921308159828186
NeuMF,2007,2007-12-31,124328,915,9,0.9920583367347717
NeuMF,2007,2007-12-31,124328,610,10,0.9898910522460938
NeuMF,2007,2007-12-31,124731,7438,1,0.9990358352661133
NeuMF,2007,2007-12-31,124731,260,2,0.9987271428108215
NeuMF,2007,2007-12-31,124731,7153,3,0.9981405735015869
NeuMF,2007,2007-12-31,124731,7361,4,0.9980008006095886
NeuMF,2007,2007-12-31,124731,29,5,0.9979878664016724
NeuMF,2007,2007-12-31,124731,2275,6,0.9979670643806458
NeuMF,2007,2007-12-31,124731,180,7,0.9977681636810303
NeuMF,2007,2007-12-31,124731,2700,8,0.9976515173912048
NeuMF,2007,2007-12-31,124731,4181,9,0.9975220561027527
NeuMF,2007,2007-12-31,124731,1527,10,0.997102677822113
NeuMF,2007,2007-12-31,124858,8957,1,0.9987354874610901
NeuMF,2007,2007-12-31,124858,41569,2,0.9986429810523987
NeuMF,2007,2007-12-31,124858,33493,3,0.9983680844306946
NeuMF,2007,2007-12-31,124858,36529,4,0.9978773593902588
NeuMF,2007,2007-12-31,124858,37720,5,0.9977961778640747
NeuMF,2007,2007-12-31,124858,5989,6,0.9976497292518616
NeuMF,2007,2007-12-31,124858,47044,7,0.9975437521934509
NeuMF,2007,2007-12-31,124858,39231,8,0.9975295662879944
NeuMF,2007,2007-12-31,124858,8917,9,0.9970567226409912
NeuMF,2007,2007-12-31,124858,6586,10,0.996697187423706
NeuMF,2007,2007-12-31,125010,6947,1,0.9976606369018555
NeuMF,2007,2007-12-31,125010,2278,2,0.9968166947364807
NeuMF,2007,2007-12-31,125010,1092,3,0.9963793158531189
NeuMF,2007,2007-12-31,125010,6565,4,0.9937629103660583
NeuMF,2007,2007-12-31,125010,6708,5,0.9936740398406982
NeuMF,2007,2007-12-31,125010,2321,6,0.9936519861221313
NeuMF,2007,2007-12-31,125010,1722,7,0.9918660521507263
NeuMF,2007,2007-12-31,125010,2329,8,0.9912444353103638
NeuMF,2007,2007-12-31,125010,5294,9,0.9911133646965027
NeuMF,2007,2007-12-31,125010,6378,10,0.9910539984703064
NeuMF,2007,2007-12-31,125508,5349,1,0.9994901418685913
NeuMF,2007,2007-12-31,125508,4993,2,0.9991976618766785
NeuMF,2007,2007-12-31,125508,3868,3,0.9991403818130493
NeuMF,2007,2007-12-31,125508,5952,4,0.9981327652931213
NeuMF,2007,2007-12-31,125508,3996,5,0.997412383556366
NeuMF,2007,2007-12-31,125508,3033,6,0.9972760081291199
NeuMF,2007,2007-12-31,125508,5377,7,0.9972251653671265
NeuMF,2007,2007-12-31,125508,3317,8,0.9965920448303223
NeuMF,2007,2007-12-31,125508,3424,9,0.9960227012634277
NeuMF,2007,2007-12-31,125508,4306,10,0.9955695271492004
NeuMF,2007,2007-12-31,125733,4624,1,0.9998922348022461
NeuMF,2007,2007-12-31,125733,5146,2,0.998833954334259
NeuMF,2007,2007-12-31,125733,8604,3,0.9980687499046326
NeuMF,2007,2007-12-31,125733,6333,4,0.997300922870636
NeuMF,2007,2007-12-31,125733,3265,5,0.9971315860748291
NeuMF,2007,2007-12-31,125733,2710,6,0.997117280960083
NeuMF,2007,2007-12-31,125733,3869,7,0.9963546991348267
NeuMF,2007,2007-12-31,125733,8957,8,0.9962843656539917
NeuMF,2007,2007-12-31,125733,6721,9,0.996148943901062
NeuMF,2007,2007-12-31,125733,1625,10,0.9956623911857605
NeuMF,2007,2007-12-31,126119,3707,1,0.999108612537384
NeuMF,2007,2007-12-31,126119,2146,2,0.9976567029953003
NeuMF,2007,2007-12-31,126119,4126,3,0.996519923210144
NeuMF,2007,2007-12-31,126119,3791,4,0.9957112073898315
NeuMF,2007,2007-12-31,126119,5782,5,0.9955810904502869
NeuMF,2007,2007-12-31,126119,100,6,0.9952110648155212
NeuMF,2007,2007-12-31,126119,4661,7,0.9906817674636841
NeuMF,2007,2007-12-31,126119,5388,8,0.9906057715415955
NeuMF,2007,2007-12-31,126119,4084,9,0.9905347228050232
NeuMF,2007,2007-12-31,126119,7445,10,0.9904354810714722
NeuMF,2007,2007-12-31,126198,4857,1,0.9997525811195374
NeuMF,2007,2007-12-31,126198,7087,2,0.9997473359107971
NeuMF,2007,2007-12-31,126198,1678,3,0.9994556307792664
NeuMF,2007,2007-12-31,126198,4047,4,0.9992296695709229
NeuMF,2007,2007-12-31,126198,914,5,0.999139666557312
NeuMF,2007,2007-12-31,126198,1286,6,0.9991280436515808
NeuMF,2007,2007-12-31,126198,4103,7,0.998705267906189
NeuMF,2007,2007-12-31,126198,3252,8,0.9986398816108704
NeuMF,2007,2007-12-31,126198,508,9,0.9986191987991333
NeuMF,2007,2007-12-31,126198,6947,10,0.9980565905570984
NeuMF,2007,2007-12-31,127307,1917,1,0.9969643950462341
NeuMF,2007,2007-12-31,127307,8644,2,0.9969568252563477
NeuMF,2007,2007-12-31,127307,40815,3,0.9947307109832764
NeuMF,2007,2007-12-31,127307,2115,4,0.9944264888763428
NeuMF,2007,2007-12-31,127307,2012,5,0.9926005005836487
NeuMF,2007,2007-12-31,127307,33493,6,0.9917446970939636
NeuMF,2007,2007-12-31,127307,8636,7,0.9902618527412415
NeuMF,2007,2007-12-31,127307,2011,8,0.9900621175765991
NeuMF,2007,2007-12-31,127307,2000,9,0.9895597696304321
NeuMF,2007,2007-12-31,127307,780,10,0.9891714453697205
NeuMF,2007,2007-12-31,127454,1036,1,0.9995311498641968
NeuMF,2007,2007-12-31,127454,2617,2,0.9993427395820618
NeuMF,2007,2007-12-31,127454,1127,3,0.9993083477020264
NeuMF,2007,2007-12-31,127454,1370,4,0.9991689920425415
NeuMF,2007,2007-12-31,127454,2628,5,0.9990917444229126
NeuMF,2007,2007-12-31,127454,1909,6,0.9990761280059814
NeuMF,2007,2007-12-31,127454,780,7,0.9984155893325806
NeuMF,2007,2007-12-31,127454,3527,8,0.9982993006706238
NeuMF,2007,2007-12-31,127454,1374,9,0.9979186654090881
NeuMF,2007,2007-12-31,127454,2881,10,0.9977090358734131
NeuMF,2007,2007-12-31,127722,2273,1,0.9987419247627258
NeuMF,2007,2007-12-31,127722,2004,2,0.9977977275848389
NeuMF,2007,2007-12-31,127722,4973,3,0.9977503418922424
NeuMF,2007,2007-12-31,127722,1777,4,0.9972469806671143
NeuMF,2007,2007-12-31,127722,4306,5,0.99680495262146
NeuMF,2007,2007-12-31,127722,2003,6,0.9962320923805237
NeuMF,2007,2007-12-31,127722,1148,7,0.9961910247802734
NeuMF,2007,2007-12-31,127722,1223,8,0.9959795475006104
NeuMF,2007,2007-12-31,127722,2081,9,0.9945304989814758
NeuMF,2007,2007-12-31,127722,5478,10,0.9936777949333191
NeuMF,2007,2007-12-31,127861,34405,1,0.9997770190238953
NeuMF,2007,2007-12-31,127861,1197,2,0.9995461106300354
NeuMF,2007,2007-12-31,127861,8949,3,0.9993054866790771
NeuMF,2007,2007-12-31,127861,4886,4,0.9990013241767883
NeuMF,2007,2007-12-31,127861,33166,5,0.9988808035850525
NeuMF,2007,2007-12-31,127861,39292,6,0.998810887336731
NeuMF,2007,2007-12-31,127861,44191,7,0.9985380172729492
NeuMF,2007,2007-12-31,127861,2028,8,0.9980155229568481
NeuMF,2007,2007-12-31,127861,6377,9,0.9979706406593323
NeuMF,2007,2007-12-31,127861,5299,10,0.997803270816803
NeuMF,2007,2007-12-31,127959,5992,1,0.9999603033065796
NeuMF,2007,2007-12-31,127959,5995,2,0.999940037727356
NeuMF,2007,2007-12-31,127959,5669,3,0.9997658133506775
NeuMF,2007,2007-12-31,127959,5989,4,0.9994932413101196
NeuMF,2007,2007-12-31,127959,4641,5,0.998980700969696
NeuMF,2007,2007-12-31,127959,8949,6,0.9986901879310608
NeuMF,2007,2007-12-31,127959,34437,7,0.9986465573310852
NeuMF,2007,2007-12-31,127959,5528,8,0.9985572695732117
NeuMF,2007,2007-12-31,127959,8464,9,0.9984577894210815
NeuMF,2007,2007-12-31,127959,1673,10,0.9984568357467651
NeuMF,2007,2007-12-31,128524,7209,1,0.9997119307518005
NeuMF,2007,2007-12-31,128524,7327,2,0.9992503523826599
NeuMF,2007,2007-12-31,128524,7034,3,0.9991043210029602
NeuMF,2007,2007-12-31,128524,235,4,0.9986679553985596
NeuMF,2007,2007-12-31,128524,784,5,0.9985663294792175
NeuMF,2007,2007-12-31,128524,2997,6,0.9984709620475769
NeuMF,2007,2007-12-31,128524,3462,7,0.9984293580055237
NeuMF,2007,2007-12-31,128524,288,8,0.9976940751075745
NeuMF,2007,2007-12-31,128524,3174,9,0.9974019527435303
NeuMF,2007,2007-12-31,128524,1270,10,0.9973061084747314
NeuMF,2007,2007-12-31,128710,3735,1,0.9998679161071777
NeuMF,2007,2007-12-31,128710,5015,2,0.99897301197052
NeuMF,2007,2007-12-31,128710,3077,3,0.9989571571350098
NeuMF,2007,2007-12-31,128710,5388,4,0.9988793730735779
NeuMF,2007,2007-12-31,128710,3359,5,0.9986899495124817
NeuMF,2007,2007-12-31,128710,3783,6,0.9986805319786072
NeuMF,2007,2007-12-31,128710,4304,7,0.9986763596534729
NeuMF,2007,2007-12-31,128710,3363,8,0.9978678226470947
NeuMF,2007,2007-12-31,128710,3858,9,0.9978278279304504
NeuMF,2007,2007-12-31,128710,1461,10,0.9975367784500122
NeuMF,2007,2007-12-31,128793,1214,1,0.9998434782028198
NeuMF,2007,2007-12-31,128793,1210,2,0.9998070597648621
NeuMF,2007,2007-12-31,128793,1196,3,0.9997658133506775
NeuMF,2007,2007-12-31,128793,1240,4,0.999745786190033
NeuMF,2007,2007-12-31,128793,1270,5,0.9997454285621643
NeuMF,2007,2007-12-31,128793,1198,6,0.9997138381004333
NeuMF,2007,2007-12-31,128793,4993,7,0.9996531009674072
NeuMF,2007,2007-12-31,128793,3421,8,0.9996428489685059
NeuMF,2007,2007-12-31,128793,1197,9,0.9996373653411865
NeuMF,2007,2007-12-31,128793,4306,10,0.9996123909950256
NeuMF,2007,2007-12-31,128994,2724,1,0.999984860420227
NeuMF,2007,2007-12-31,128994,1270,2,0.9998273253440857
NeuMF,2007,2007-12-31,128994,1197,3,0.999824583530426
NeuMF,2007,2007-12-31,128994,2396,4,0.9997250437736511
NeuMF,2007,2007-12-31,128994,1293,5,0.999686598777771
NeuMF,2007,2007-12-31,128994,3534,6,0.9996484518051147
NeuMF,2007,2007-12-31,128994,1307,7,0.9995909333229065
NeuMF,2007,2007-12-31,128994,2407,8,0.9994307160377502
NeuMF,2007,2007-12-31,128994,2915,9,0.9994068145751953
NeuMF,2007,2007-12-31,128994,1296,10,0.9992567896842957
NeuMF,2007,2007-12-31,129154,8874,1,0.9998251795768738
NeuMF,2007,2007-12-31,129154,32587,2,0.9996553659439087
NeuMF,2007,2007-12-31,129154,7438,3,0.9996541738510132
NeuMF,2007,2007-12-31,129154,4011,4,0.9995875954627991
NeuMF,2007,2007-12-31,129154,6502,5,0.9995561242103577
NeuMF,2007,2007-12-31,129154,6323,6,0.9995496869087219
NeuMF,2007,2007-12-31,129154,7254,7,0.9995200634002686
NeuMF,2007,2007-12-31,129154,33794,8,0.9995033740997314
NeuMF,2007,2007-12-31,129154,3793,9,0.9994149208068848
NeuMF,2007,2007-12-31,129154,4878,10,0.9991368651390076
NeuMF,2007,2007-12-31,129282,1884,1,0.9993724226951599
NeuMF,2007,2007-12-31,129282,2571,2,0.9986867308616638
NeuMF,2007,2007-12-31,129282,1722,3,0.9978010058403015
NeuMF,2007,2007-12-31,129282,5378,4,0.9974157810211182
NeuMF,2007,2007-12-31,129282,33162,5,0.9971326589584351
NeuMF,2007,2007-12-31,129282,3638,6,0.9962363839149475
NeuMF,2007,2007-12-31,129282,10,7,0.9958747029304504
NeuMF,2007,2007-12-31,129282,1687,8,0.9939864873886108
NeuMF,2007,2007-12-31,129282,145,9,0.9939358830451965
NeuMF,2007,2007-12-31,129282,5810,10,0.9938194155693054
NeuMF,2007,2007-12-31,129420,41569,1,0.999460756778717
NeuMF,2007,2007-12-31,129420,39414,2,0.999233603477478
NeuMF,2007,2007-12-31,129420,7254,3,0.9985255599021912
NeuMF,2007,2007-12-31,129420,7361,4,0.9980490207672119
NeuMF,2007,2007-12-31,129420,4776,5,0.9980370402336121
NeuMF,2007,2007-12-31,129420,6188,6,0.9973850846290588
NeuMF,2007,2007-12-31,129420,7036,7,0.9969944953918457
NeuMF,2007,2007-12-31,129420,5103,8,0.9969137907028198
NeuMF,2007,2007-12-31,129420,216,9,0.9965037107467651
NeuMF,2007,2007-12-31,129420,44195,10,0.9964498281478882
NeuMF,2007,2007-12-31,129647,1218,1,0.9988511800765991
NeuMF,2007,2007-12-31,129647,3424,2,0.9985733032226562
NeuMF,2007,2007-12-31,129647,123,3,0.9983955025672913
NeuMF,2007,2007-12-31,129647,3265,4,0.9980103373527527
NeuMF,2007,2007-12-31,129647,3300,5,0.9969227910041809
NeuMF,2007,2007-12-31,129647,6754,6,0.9968088269233704
NeuMF,2007,2007-12-31,129647,7338,7,0.9967721104621887
NeuMF,2007,2007-12-31,129647,260,8,0.9958906173706055
NeuMF,2007,2007-12-31,129647,3742,9,0.995063841342926
NeuMF,2007,2007-12-31,129647,5291,10,0.9937784075737
NeuMF,2007,2007-12-31,129780,4993,1,0.9982845187187195
NeuMF,2007,2007-12-31,129780,520,2,0.9953202605247498
NeuMF,2007,2007-12-31,129780,466,3,0.995053768157959
NeuMF,2007,2007-12-31,129780,1485,4,0.9945722222328186
NeuMF,2007,2007-12-31,129780,3578,5,0.9940022826194763
NeuMF,2007,2007-12-31,129780,1270,6,0.9929867386817932
NeuMF,2007,2007-12-31,129780,2000,7,0.9922926425933838
NeuMF,2007,2007-12-31,129780,4306,8,0.9919330477714539
NeuMF,2007,2007-12-31,129780,4963,9,0.9917370676994324
NeuMF,2007,2007-12-31,129780,780,10,0.9915076494216919
NeuMF,2007,2007-12-31,129840,5128,1,0.9998573064804077
NeuMF,2007,2007-12-31,129840,5378,2,0.9997707009315491
NeuMF,2007,2007-12-31,129840,5313,3,0.9996663331985474
NeuMF,2007,2007-12-31,129840,10,4,0.9996601343154907
NeuMF,2007,2007-12-31,129840,5944,5,0.9996554851531982
NeuMF,2007,2007-12-31,129840,1690,6,0.9994428753852844
NeuMF,2007,2007-12-31,129840,1320,7,0.9992722868919373
NeuMF,2007,2007-12-31,129840,7454,8,0.9991291165351868
NeuMF,2007,2007-12-31,129840,7842,9,0.9987727999687195
NeuMF,2007,2007-12-31,129840,2004,10,0.9985994696617126
NeuMF,2007,2007-12-31,129909,7022,1,0.9999477863311768
NeuMF,2007,2007-12-31,129909,26662,2,0.9999425411224365
NeuMF,2007,2007-12-31,129909,27660,3,0.9999113082885742
NeuMF,2007,2007-12-31,129909,7827,4,0.9998282194137573
NeuMF,2007,2007-12-31,129909,31660,5,0.9997760653495789
NeuMF,2007,2007-12-31,129909,37830,6,0.9997698664665222
NeuMF,2007,2007-12-31,129909,7360,7,0.9997349381446838
NeuMF,2007,2007-12-31,129909,7254,8,0.9997087121009827
NeuMF,2007,2007-12-31,129909,27773,9,0.9997051358222961
NeuMF,2007,2007-12-31,129909,39446,10,0.9997039437294006
NeuMF,2007,2007-12-31,130108,2772,1,0.9997498393058777
NeuMF,2007,2007-12-31,130108,5954,2,0.9993845224380493
NeuMF,2007,2007-12-31,130108,6885,3,0.9989762306213379
NeuMF,2007,2007-12-31,130108,2296,4,0.9985288381576538
NeuMF,2007,2007-12-31,130108,1255,5,0.9981847405433655
NeuMF,2007,2007-12-31,130108,7044,6,0.9971381425857544
NeuMF,2007,2007-12-31,130108,3499,7,0.9970280528068542
NeuMF,2007,2007-12-31,130108,30793,8,0.9952881336212158
NeuMF,2007,2007-12-31,130108,6957,9,0.9951737523078918
NeuMF,2007,2007-12-31,130108,1889,10,0.9948933124542236
NeuMF,2007,2007-12-31,130190,296,1,0.9994677901268005
NeuMF,2007,2007-12-31,130190,33794,2,0.9993353486061096
NeuMF,2007,2007-12-31,130190,8949,3,0.9981016516685486
NeuMF,2007,2007-12-31,130190,150,4,0.9972667694091797
NeuMF,2007,2007-12-31,130190,904,5,0.9969449639320374
NeuMF,2007,2007-12-31,130190,1213,6,0.9964389801025391
NeuMF,2007,2007-12-31,130190,4963,7,0.9960958361625671
NeuMF,2007,2007-12-31,130190,1035,8,0.99493008852005
NeuMF,2007,2007-12-31,130190,6016,9,0.9947681427001953
NeuMF,2007,2007-12-31,130190,8636,10,0.9943878054618835
NeuMF,2007,2007-12-31,130244,1953,1,0.9999598264694214
NeuMF,2007,2007-12-31,130244,2067,2,0.9998030066490173
NeuMF,2007,2007-12-31,130244,2065,3,0.9996417760848999
NeuMF,2007,2007-12-31,130244,1077,4,0.9994010925292969
NeuMF,2007,2007-12-31,130244,912,5,0.999299168586731
NeuMF,2007,2007-12-31,130244,1244,6,0.9992839694023132
NeuMF,2007,2007-12-31,130244,3037,7,0.9992513060569763
NeuMF,2007,2007-12-31,130244,1944,8,0.9989885687828064
NeuMF,2007,2007-12-31,130244,1952,9,0.9987257122993469
NeuMF,2007,2007-12-31,130244,1078,10,0.9986380934715271
NeuMF,2007,2007-12-31,130510,6927,1,0.9987558126449585
NeuMF,2007,2007-12-31,130510,3355,2,0.9987323880195618
NeuMF,2007,2007-12-31,130510,6488,3,0.9960479140281677
NeuMF,2007,2007-12-31,130510,5502,4,0.9959403276443481
NeuMF,2007,2007-12-31,130510,590,5,0.9958454966545105
NeuMF,2007,2007-12-31,130510,3798,6,0.995607316493988
NeuMF,2007,2007-12-31,130510,16,7,0.9945473670959473
NeuMF,2007,2007-12-31,130510,111,8,0.9945031404495239
NeuMF,2007,2007-12-31,130510,1627,9,0.9933932423591614
NeuMF,2007,2007-12-31,130510,2028,10,0.9931643605232239
NeuMF,2007,2007-12-31,130620,45210,1,0.9993473887443542
NeuMF,2007,2007-12-31,130620,3999,2,0.9975610971450806
NeuMF,2007,2007-12-31,130620,1982,3,0.9974409341812134
NeuMF,2007,2007-12-31,130620,4388,4,0.9972231388092041
NeuMF,2007,2007-12-31,130620,2662,5,0.9969797134399414
NeuMF,2007,2007-12-31,130620,6213,6,0.9968360662460327
NeuMF,2007,2007-12-31,130620,2476,7,0.9962910413742065
NeuMF,2007,2007-12-31,130620,2367,8,0.9960939288139343
NeuMF,2007,2007-12-31,130620,4124,9,0.9949551224708557
NeuMF,2007,2007-12-31,130620,5293,10,0.994732141494751
NeuMF,2007,2007-12-31,130839,38886,1,0.9987168312072754
NeuMF,2007,2007-12-31,130839,4025,2,0.9986559152603149
NeuMF,2007,2007-12-31,130839,47610,3,0.9986509680747986
NeuMF,2007,2007-12-31,130839,40614,4,0.9984145164489746
NeuMF,2007,2007-12-31,130839,40819,5,0.9981582760810852
NeuMF,2007,2007-12-31,130839,40278,6,0.9977660179138184
NeuMF,2007,2007-12-31,130839,3888,7,0.9970816969871521
NeuMF,2007,2007-12-31,130839,5377,8,0.9970321655273438
NeuMF,2007,2007-12-31,130839,30707,9,0.996767520904541
NeuMF,2007,2007-12-31,130839,33794,10,0.9964113831520081
NeuMF,2007,2007-12-31,130939,31685,1,0.9998419284820557
NeuMF,2007,2007-12-31,130939,30822,2,0.9997515082359314
NeuMF,2007,2007-12-31,130939,33679,3,0.9997269511222839
NeuMF,2007,2007-12-31,130939,8528,4,0.9997102618217468
NeuMF,2007,2007-12-31,130939,8972,5,0.9996697902679443
NeuMF,2007,2007-12-31,130939,32116,6,0.9995378255844116
NeuMF,2007,2007-12-31,130939,7173,7,0.9992560744285583
NeuMF,2007,2007-12-31,130939,8622,8,0.9989669322967529
NeuMF,2007,2007-12-31,130939,30810,9,0.9988723397254944
NeuMF,2007,2007-12-31,130939,30707,10,0.9988622665405273
NeuMF,2007,2007-12-31,131294,6782,1,0.9993013143539429
NeuMF,2007,2007-12-31,131294,3198,2,0.998412013053894
NeuMF,2007,2007-12-31,131294,2366,3,0.9979180693626404
NeuMF,2007,2007-12-31,131294,1080,4,0.9976879358291626
NeuMF,2007,2007-12-31,131294,8501,5,0.9973093271255493
NeuMF,2007,2007-12-31,131294,31410,6,0.9972184896469116
NeuMF,2007,2007-12-31,131294,2542,7,0.9967843294143677
NeuMF,2007,2007-12-31,131294,1241,8,0.9960248470306396
NeuMF,2007,2007-12-31,131294,1729,9,0.9960224628448486
NeuMF,2007,2007-12-31,131294,2427,10,0.995672881603241
NeuMF,2007,2007-12-31,131563,2212,1,0.9995514750480652
NeuMF,2007,2007-12-31,131563,930,2,0.9993093013763428
NeuMF,2007,2007-12-31,131563,6791,3,0.9986547231674194
NeuMF,2007,2007-12-31,131563,7020,4,0.9985215067863464
NeuMF,2007,2007-12-31,131563,1188,5,0.9983547329902649
NeuMF,2007,2007-12-31,131563,933,6,0.9978373646736145
NeuMF,2007,2007-12-31,131563,509,7,0.9977512955665588
NeuMF,2007,2007-12-31,131563,590,8,0.9977445602416992
NeuMF,2007,2007-12-31,131563,1653,9,0.9975773692131042
NeuMF,2007,2007-12-31,131563,6989,10,0.9973428845405579
NeuMF,2007,2007-12-31,132365,778,1,0.9998703002929688
NeuMF,2007,2007-12-31,132365,858,2,0.9998490810394287
NeuMF,2007,2007-12-31,132365,750,3,0.9996672868728638
NeuMF,2007,2007-12-31,132365,608,4,0.9995710253715515
NeuMF,2007,2007-12-31,132365,1193,5,0.9994412064552307
NeuMF,2007,2007-12-31,132365,260,6,0.9993981122970581
NeuMF,2007,2007-12-31,132365,1136,7,0.9993658661842346
NeuMF,2007,2007-12-31,132365,1208,8,0.999298095703125
NeuMF,2007,2007-12-31,132365,1089,9,0.9991769194602966
NeuMF,2007,2007-12-31,132365,50,10,0.9991102814674377
NeuMF,2007,2007-12-31,132699,44665,1,0.9996351003646851
NeuMF,2007,2007-12-31,132699,41997,2,0.9995612502098083
NeuMF,2007,2007-12-31,132699,3275,3,0.9993457198143005
NeuMF,2007,2007-12-31,132699,41285,4,0.9993302822113037
NeuMF,2007,2007-12-31,132699,32587,5,0.999308705329895
NeuMF,2007,2007-12-31,132699,44199,6,0.998530387878418
NeuMF,2007,2007-12-31,132699,46530,7,0.9984922409057617
NeuMF,2007,2007-12-31,132699,4011,8,0.9984800219535828
NeuMF,2007,2007-12-31,132699,39183,9,0.9984220266342163
NeuMF,2007,2007-12-31,132699,7153,10,0.9981967806816101
NeuMF,2007,2007-12-31,133070,8949,1,0.9996941089630127
NeuMF,2007,2007-12-31,133070,5225,2,0.9993882179260254
NeuMF,2007,2007-12-31,133070,4973,3,0.9992462396621704
NeuMF,2007,2007-12-31,133070,2076,4,0.9987447261810303
NeuMF,2007,2007-12-31,133070,5291,5,0.9985594153404236
NeuMF,2007,2007-12-31,133070,2731,6,0.9979648590087891
NeuMF,2007,2007-12-31,133070,111,7,0.9978906512260437
NeuMF,2007,2007-12-31,133070,665,8,0.9978421926498413
NeuMF,2007,2007-12-31,133070,2357,9,0.9978311657905579
NeuMF,2007,2007-12-31,133070,5791,10,0.997602641582489
NeuMF,2007,2007-12-31,133077,1487,1,0.9987860321998596
NeuMF,2007,2007-12-31,133077,5066,2,0.9986791014671326
NeuMF,2007,2007-12-31,133077,1453,3,0.9985892176628113
NeuMF,2007,2007-12-31,133077,6040,4,0.9985620379447937
NeuMF,2007,2007-12-31,133077,33646,5,0.9981269240379333
NeuMF,2007,2007-12-31,133077,5478,6,0.9980273842811584
NeuMF,2007,2007-12-31,133077,1474,7,0.9980167150497437
NeuMF,2007,2007-12-31,133077,6535,8,0.9979053735733032
NeuMF,2007,2007-12-31,133077,7346,9,0.9973999261856079
NeuMF,2007,2007-12-31,133077,5108,10,0.9973987340927124
NeuMF,2007,2007-12-31,133117,6216,1,0.9995972514152527
NeuMF,2007,2007-12-31,133117,9018,2,0.9995796084403992
NeuMF,2007,2007-12-31,133117,5391,3,0.9993519186973572
NeuMF,2007,2007-12-31,133117,8966,4,0.9992838501930237
NeuMF,2007,2007-12-31,133117,2677,5,0.9992091059684753
NeuMF,2007,2007-12-31,133117,37741,6,0.9991621971130371
NeuMF,2007,2007-12-31,133117,3089,7,0.9991494417190552
NeuMF,2007,2007-12-31,133117,3911,8,0.9988757967948914
NeuMF,2007,2007-12-31,133117,2696,9,0.9982731342315674
NeuMF,2007,2007-12-31,133117,3707,10,0.9982048273086548
NeuMF,2007,2007-12-31,133595,45028,1,0.9997588992118835
NeuMF,2007,2007-12-31,133595,5792,2,0.9997043013572693
NeuMF,2007,2007-12-31,133595,2829,3,0.9991247057914734
NeuMF,2007,2007-12-31,133595,2690,4,0.9990500807762146
NeuMF,2007,2007-12-31,133595,2587,5,0.9986404776573181
NeuMF,2007,2007-12-31,133595,5298,6,0.9983617663383484
NeuMF,2007,2007-12-31,133595,3783,7,0.9982094764709473
NeuMF,2007,2007-12-31,133595,3893,8,0.997684121131897
NeuMF,2007,2007-12-31,133595,3006,9,0.997678816318512
NeuMF,2007,2007-12-31,133595,42021,10,0.9975938200950623
NeuMF,2007,2007-12-31,134001,7143,1,0.9996559619903564
NeuMF,2007,2007-12-31,134001,3275,2,0.9992129802703857
NeuMF,2007,2007-12-31,134001,8783,3,0.9988301396369934
NeuMF,2007,2007-12-31,134001,27788,4,0.9988269209861755
NeuMF,2007,2007-12-31,134001,7346,5,0.9988176226615906
NeuMF,2007,2007-12-31,134001,5445,6,0.9988012313842773
NeuMF,2007,2007-12-31,134001,5989,7,0.998687207698822
NeuMF,2007,2007-12-31,134001,34048,8,0.9986792206764221
NeuMF,2007,2007-12-31,134001,4226,9,0.9986670017242432
NeuMF,2007,2007-12-31,134001,8957,10,0.9986183643341064
NeuMF,2007,2007-12-31,134042,260,1,0.9986239671707153
NeuMF,2007,2007-12-31,134042,1210,2,0.9984390139579773
NeuMF,2007,2007-12-31,134042,30812,3,0.9974690675735474
NeuMF,2007,2007-12-31,134042,589,4,0.9966004490852356
NeuMF,2007,2007-12-31,134042,1272,5,0.9963158965110779
NeuMF,2007,2007-12-31,134042,1653,6,0.9958884119987488
NeuMF,2007,2007-12-31,134042,899,7,0.995827853679657
NeuMF,2007,2007-12-31,134042,1527,8,0.9954745173454285
NeuMF,2007,2007-12-31,134042,1221,9,0.9954336285591125
NeuMF,2007,2007-12-31,134042,1674,10,0.9953089356422424
NeuMF,2007,2007-12-31,134076,7361,1,0.9995943903923035
NeuMF,2007,2007-12-31,134076,7154,2,0.9993714690208435
NeuMF,2007,2007-12-31,134076,8636,3,0.9993647933006287
NeuMF,2007,2007-12-31,134076,7090,4,0.9993422627449036
NeuMF,2007,2007-12-31,134076,30825,5,0.9993405938148499
NeuMF,2007,2007-12-31,134076,4973,6,0.9993222951889038
NeuMF,2007,2007-12-31,134076,8360,7,0.9992456436157227
NeuMF,2007,2007-12-31,134076,7367,8,0.9990290403366089
NeuMF,2007,2007-12-31,134076,6954,9,0.9986346364021301
NeuMF,2007,2007-12-31,134076,8961,10,0.9979405999183655
NeuMF,2007,2007-12-31,134327,7387,1,0.9995191097259521
NeuMF,2007,2007-12-31,134327,413,2,0.9995056390762329
NeuMF,2007,2007-12-31,134327,145,3,0.9993042945861816
NeuMF,2007,2007-12-31,134327,8985,4,0.9992460012435913
NeuMF,2007,2007-12-31,134327,555,5,0.9984022974967957
NeuMF,2007,2007-12-31,134327,38061,6,0.9977217316627502
NeuMF,2007,2007-12-31,134327,33834,7,0.9975841045379639
NeuMF,2007,2007-12-31,134327,231,8,0.9974266886711121
NeuMF,2007,2007-12-31,134327,34162,9,0.9974085688591003
NeuMF,2007,2007-12-31,134327,442,10,0.9965190887451172
NeuMF,2007,2007-12-31,134403,1541,1,0.9998164772987366
NeuMF,2007,2007-12-31,134403,3324,2,0.9908973574638367
NeuMF,2007,2007-12-31,134403,1797,3,0.9813692569732666
NeuMF,2007,2007-12-31,134403,1183,4,0.9770368933677673
NeuMF,2007,2007-12-31,134403,4228,5,0.9737704396247864
NeuMF,2007,2007-12-31,134403,1963,6,0.9708741307258606
NeuMF,2007,2007-12-31,134403,3680,7,0.969576358795166
NeuMF,2007,2007-12-31,134403,2443,8,0.9642322063446045
NeuMF,2007,2007-12-31,134403,360,9,0.9592497944831848
NeuMF,2007,2007-12-31,134403,3825,10,0.958853542804718
NeuMF,2007,2007-12-31,134664,8916,1,0.9998880624771118
NeuMF,2007,2007-12-31,134664,8870,2,0.9997279047966003
NeuMF,2007,2007-12-31,134664,8965,3,0.9997171759605408
NeuMF,2007,2007-12-31,134664,5804,4,0.9996793270111084
NeuMF,2007,2007-12-31,134664,5943,5,0.9995206594467163
NeuMF,2007,2007-12-31,134664,42002,6,0.9993115663528442
NeuMF,2007,2007-12-31,134664,30825,7,0.9991069436073303
NeuMF,2007,2007-12-31,134664,5501,8,0.9990666508674622
NeuMF,2007,2007-12-31,134664,5048,9,0.9990177154541016
NeuMF,2007,2007-12-31,134664,6297,10,0.9990148544311523
NeuMF,2007,2007-12-31,134783,41569,1,0.9985559582710266
NeuMF,2007,2007-12-31,134783,7153,2,0.9954751133918762
NeuMF,2007,2007-12-31,134783,3730,3,0.9954507946968079
NeuMF,2007,2007-12-31,134783,1953,4,0.9950186014175415
NeuMF,2007,2007-12-31,134783,34405,5,0.994619607925415
NeuMF,2007,2007-12-31,134783,44191,6,0.9942079782485962
NeuMF,2007,2007-12-31,134783,3435,7,0.9933428764343262
NeuMF,2007,2007-12-31,134783,48516,8,0.9929845333099365
NeuMF,2007,2007-12-31,134783,1270,9,0.9928228855133057
NeuMF,2007,2007-12-31,134783,318,10,0.9917311072349548
NeuMF,2007,2007-12-31,134871,180,1,0.9993568062782288
NeuMF,2007,2007-12-31,134871,38992,2,0.9991297125816345
NeuMF,2007,2007-12-31,134871,5452,3,0.9987221360206604
NeuMF,2007,2007-12-31,134871,8581,4,0.9986422657966614
NeuMF,2007,2007-12-31,134871,829,5,0.9984039664268494
NeuMF,2007,2007-12-31,134871,1298,6,0.9983580708503723
NeuMF,2007,2007-12-31,134871,3846,7,0.9982845187187195
NeuMF,2007,2007-12-31,134871,5854,8,0.9979654550552368
NeuMF,2007,2007-12-31,134871,543,9,0.9978982210159302
NeuMF,2007,2007-12-31,134871,2146,10,0.9977278113365173
NeuMF,2007,2007-12-31,135220,1500,1,0.9981939196586609
NeuMF,2007,2007-12-31,135220,2076,2,0.9977371692657471
NeuMF,2007,2007-12-31,135220,2997,3,0.9974448680877686
NeuMF,2007,2007-12-31,135220,2391,4,0.9973315000534058
NeuMF,2007,2007-12-31,135220,1264,5,0.9971473813056946
NeuMF,2007,2007-12-31,135220,3129,6,0.9971264004707336
NeuMF,2007,2007-12-31,135220,4144,7,0.9969903230667114
NeuMF,2007,2007-12-31,135220,5902,8,0.9964686632156372
NeuMF,2007,2007-12-31,135220,417,9,0.9963597655296326
NeuMF,2007,2007-12-31,135220,3362,10,0.9962677359580994
NeuMF,2007,2007-12-31,135352,2236,1,0.9996664524078369
NeuMF,2007,2007-12-31,135352,7445,2,0.9993732571601868
NeuMF,2007,2007-12-31,135352,2036,3,0.9988842606544495
NeuMF,2007,2007-12-31,135352,6040,4,0.9987670183181763
NeuMF,2007,2007-12-31,135352,7375,5,0.9982751607894897
NeuMF,2007,2007-12-31,135352,37720,6,0.9981616139411926
NeuMF,2007,2007-12-31,135352,5151,7,0.9979789853096008
NeuMF,2007,2007-12-31,135352,46578,8,0.9979687333106995
NeuMF,2007,2007-12-31,135352,36519,9,0.9970327615737915
NeuMF,2007,2007-12-31,135352,7437,10,0.9963752627372742
NeuMF,2007,2007-12-31,135618,6502,1,0.999829888343811
NeuMF,2007,2007-12-31,135618,2683,2,0.9997524619102478
NeuMF,2007,2007-12-31,135618,5669,3,0.9994040727615356
NeuMF,2007,2007-12-31,135618,5679,4,0.9990768432617188
NeuMF,2007,2007-12-31,135618,180,5,0.9988621473312378
NeuMF,2007,2007-12-31,135618,5481,6,0.9987372756004333
NeuMF,2007,2007-12-31,135618,6807,7,0.9987145662307739
NeuMF,2007,2007-12-31,135618,4993,8,0.9986110925674438
NeuMF,2007,2007-12-31,135618,6333,9,0.9977110624313354
NeuMF,2007,2007-12-31,135618,2700,10,0.9973004460334778
NeuMF,2007,2007-12-31,135965,2542,1,0.9986885190010071
NeuMF,2007,2007-12-31,135965,3581,2,0.9985347986221313
NeuMF,2007,2007-12-31,135965,2683,3,0.9981623291969299
NeuMF,2007,2007-12-31,135965,4963,4,0.9955235719680786
NeuMF,2007,2007-12-31,135965,5617,5,0.9949787259101868
NeuMF,2007,2007-12-31,135965,5418,6,0.9934628009796143
NeuMF,2007,2007-12-31,135965,4011,7,0.9927628636360168
NeuMF,2007,2007-12-31,135965,8961,8,0.9925984144210815
NeuMF,2007,2007-12-31,135965,8970,9,0.9923468828201294
NeuMF,2007,2007-12-31,135965,6502,10,0.9918904304504395
NeuMF,2007,2007-12-31,135988,2318,1,0.9997908473014832
NeuMF,2007,2007-12-31,135988,27317,2,0.9993828535079956
NeuMF,2007,2007-12-31,135988,1748,3,0.999289870262146
NeuMF,2007,2007-12-31,135988,2761,4,0.9991207718849182
NeuMF,2007,2007-12-31,135988,33138,5,0.9991044402122498
NeuMF,2007,2007-12-31,135988,7460,6,0.9990177154541016
NeuMF,2007,2007-12-31,135988,1856,7,0.9987562894821167
NeuMF,2007,2007-12-31,135988,31878,8,0.9986322522163391
NeuMF,2007,2007-12-31,135988,7360,9,0.9986129999160767
NeuMF,2007,2007-12-31,135988,7256,10,0.9985463619232178
NeuMF,2007,2007-12-31,136078,3000,1,0.9998241066932678
NeuMF,2007,2007-12-31,136078,29,2,0.9994962215423584
NeuMF,2007,2007-12-31,136078,2810,3,0.9991821646690369
NeuMF,2007,2007-12-31,136078,6286,4,0.9991735816001892
NeuMF,2007,2007-12-31,136078,7371,5,0.9991257786750793
NeuMF,2007,2007-12-31,136078,4226,6,0.9984024167060852
NeuMF,2007,2007-12-31,136078,1027,7,0.9983612895011902
NeuMF,2007,2007-12-31,136078,7438,8,0.9981685876846313
NeuMF,2007,2007-12-31,136078,7022,9,0.9976254105567932
NeuMF,2007,2007-12-31,136078,4235,10,0.9976025223731995
NeuMF,2007,2007-12-31,136261,2393,1,0.9996875524520874
NeuMF,2007,2007-12-31,136261,1374,2,0.9990574717521667
NeuMF,2007,2007-12-31,136261,1376,3,0.9989404082298279
NeuMF,2007,2007-12-31,136261,2423,4,0.9988760352134705
NeuMF,2007,2007-12-31,136261,5944,5,0.9988489151000977
NeuMF,2007,2007-12-31,136261,7318,6,0.9983780384063721
NeuMF,2007,2007-12-31,136261,1371,7,0.9982352256774902
NeuMF,2007,2007-12-31,136261,2448,8,0.9979540109634399
NeuMF,2007,2007-12-31,136261,1748,9,0.9974021911621094
NeuMF,2007,2007-12-31,136261,1372,10,0.9972063899040222
NeuMF,2007,2007-12-31,136449,8636,1,0.9974859952926636
NeuMF,2007,2007-12-31,136449,33794,2,0.996778666973114
NeuMF,2007,2007-12-31,136449,1393,3,0.9964355230331421
NeuMF,2007,2007-12-31,136449,1485,4,0.9962366223335266
NeuMF,2007,2007-12-31,136449,1270,5,0.9955565333366394
NeuMF,2007,2007-12-31,136449,4993,6,0.9955291152000427
NeuMF,2007,2007-12-31,136449,1036,7,0.9953914880752563
NeuMF,2007,2007-12-31,136449,2706,8,0.9946709275245667
NeuMF,2007,2007-12-31,136449,3114,9,0.9944252967834473
NeuMF,2007,2007-12-31,136449,1641,10,0.993950366973877
NeuMF,2007,2007-12-31,136589,7034,1,0.999241828918457
NeuMF,2007,2007-12-31,136589,27773,2,0.9990574717521667
NeuMF,2007,2007-12-31,136589,2692,3,0.9985540509223938
NeuMF,2007,2007-12-31,136589,2542,4,0.9985160231590271
NeuMF,2007,2007-12-31,136589,318,5,0.9982439279556274
NeuMF,2007,2007-12-31,136589,3949,6,0.9982181191444397
NeuMF,2007,2007-12-31,136589,3081,7,0.9977871179580688
NeuMF,2007,2007-12-31,136589,6016,8,0.9977214932441711
NeuMF,2007,2007-12-31,136589,858,9,0.9972614049911499
NeuMF,2007,2007-12-31,136589,1193,10,0.9972267746925354
NeuMF,2007,2007-12-31,136870,3854,1,0.9998362064361572
NeuMF,2007,2007-12-31,136870,4914,2,0.9997212290763855
NeuMF,2007,2007-12-31,136870,33880,3,0.999702513217926
NeuMF,2007,2007-12-31,136870,6773,4,0.9996017813682556
NeuMF,2007,2007-12-31,136870,7087,5,0.999363124370575
NeuMF,2007,2007-12-31,136870,3620,6,0.9993243217468262
NeuMF,2007,2007-12-31,136870,123,7,0.9991037249565125
NeuMF,2007,2007-12-31,136870,1537,8,0.9990400671958923
NeuMF,2007,2007-12-31,136870,2351,9,0.9989719390869141
NeuMF,2007,2007-12-31,136870,6858,10,0.9987210631370544
NeuMF,2007,2007-12-31,138143,3289,1,0.9989081621170044
NeuMF,2007,2007-12-31,138143,7143,2,0.9981106519699097
NeuMF,2007,2007-12-31,138143,7147,3,0.9974573254585266
NeuMF,2007,2007-12-31,138143,1280,4,0.9972250461578369
NeuMF,2007,2007-12-31,138143,308,5,0.9964806437492371
NeuMF,2007,2007-12-31,138143,30812,6,0.9962781071662903
NeuMF,2007,2007-12-31,138143,446,7,0.9960030913352966
NeuMF,2007,2007-12-31,138143,527,8,0.9958635568618774
NeuMF,2007,2007-12-31,138143,5902,9,0.9958459734916687
NeuMF,2007,2007-12-31,138143,1217,10,0.9956737160682678
NeuMF,2007,2007-12-31,138161,7438,1,0.9995844960212708
NeuMF,2007,2007-12-31,138161,296,2,0.9994365572929382
NeuMF,2007,2007-12-31,138161,4027,3,0.9994269609451294
NeuMF,2007,2007-12-31,138161,4011,4,0.9992595314979553
NeuMF,2007,2007-12-31,138161,4886,5,0.9990730285644531
NeuMF,2007,2007-12-31,138161,1206,6,0.9988284707069397
NeuMF,2007,2007-12-31,138161,33493,7,0.9981839060783386
NeuMF,2007,2007-12-31,138161,7361,8,0.9970511198043823
NeuMF,2007,2007-12-31,138161,1748,9,0.9962932467460632
NeuMF,2007,2007-12-31,138161,4034,10,0.9962329268455505
NeuMF,2007,2007-12-31,138230,4973,1,0.9987919926643372
NeuMF,2007,2007-12-31,138230,1923,2,0.9987840056419373
NeuMF,2007,2007-12-31,138230,3897,3,0.9979609251022339
NeuMF,2007,2007-12-31,138230,3481,4,0.9978969097137451
NeuMF,2007,2007-12-31,138230,345,5,0.9977973699569702
NeuMF,2007,2007-12-31,138230,2997,6,0.9977214932441711
NeuMF,2007,2007-12-31,138230,1641,7,0.9967871904373169
NeuMF,2007,2007-12-31,138230,3948,8,0.9967542290687561
NeuMF,2007,2007-12-31,138230,342,9,0.9963895678520203
NeuMF,2007,2007-12-31,138230,7361,10,0.9961890578269958
NeuMF,2007,2007-12-31,138241,586,1,0.9995436072349548
NeuMF,2007,2007-12-31,138241,4993,2,0.999450147151947
NeuMF,2007,2007-12-31,138241,1270,3,0.9988924860954285
NeuMF,2007,2007-12-31,138241,318,4,0.9981564879417419
NeuMF,2007,2007-12-31,138241,520,5,0.9979856014251709
NeuMF,2007,2007-12-31,138241,231,6,0.9977421760559082
NeuMF,2007,2007-12-31,138241,589,7,0.9975212216377258
NeuMF,2007,2007-12-31,138241,4963,8,0.997252881526947
NeuMF,2007,2007-12-31,138241,344,9,0.9970993995666504
NeuMF,2007,2007-12-31,138241,6539,10,0.9970821738243103
NeuMF,2007,2007-12-31,138700,43396,1,0.997868537902832
NeuMF,2007,2007-12-31,138700,4857,2,0.9950637221336365
NeuMF,2007,2007-12-31,138700,2524,3,0.9940407872200012
NeuMF,2007,2007-12-31,138700,1584,4,0.993316650390625
NeuMF,2007,2007-12-31,138700,2662,5,0.9923624992370605
NeuMF,2007,2007-12-31,138700,1372,6,0.9912478923797607
NeuMF,2007,2007-12-31,138700,1036,7,0.9910643100738525
NeuMF,2007,2007-12-31,138700,2819,8,0.9910176992416382
NeuMF,2007,2007-12-31,138700,7698,9,0.9906518459320068
NeuMF,2007,2007-12-31,138700,1356,10,0.9896277189254761
NeuMF,2007,2007-12-31,138847,39446,1,0.9999217987060547
NeuMF,2007,2007-12-31,138847,4876,2,0.9995889067649841
NeuMF,2007,2007-12-31,138847,7360,3,0.9994359612464905
NeuMF,2007,2007-12-31,138847,8783,4,0.998307466506958
NeuMF,2007,2007-12-31,138847,42723,5,0.9977618455886841
NeuMF,2007,2007-12-31,138847,158,6,0.996743381023407
NeuMF,2007,2007-12-31,138847,1997,7,0.9965684413909912
NeuMF,2007,2007-12-31,138847,1982,8,0.9963866472244263
NeuMF,2007,2007-12-31,138847,6058,9,0.9963428378105164
NeuMF,2007,2007-12-31,138847,1347,10,0.996268630027771
NeuMF,2007,2007-12-31,138889,2467,1,0.9989295601844788
NeuMF,2007,2007-12-31,138889,4465,2,0.9979208111763
NeuMF,2007,2007-12-31,138889,1653,3,0.997553288936615
NeuMF,2007,2007-12-31,138889,1271,4,0.9968921542167664
NeuMF,2007,2007-12-31,138889,272,5,0.9954063892364502
NeuMF,2007,2007-12-31,138889,6525,6,0.9952186942100525
NeuMF,2007,2007-12-31,138889,8636,7,0.9946585297584534
NeuMF,2007,2007-12-31,138889,2803,8,0.9946199655532837
NeuMF,2007,2007-12-31,138889,4499,9,0.9926211833953857
NeuMF,2007,2007-12-31,138889,1200,10,0.9921478629112244
NeuMF,2007,2007-12-31,138953,6942,1,0.999901533126831
NeuMF,2007,2007-12-31,138953,31433,2,0.9998840093612671
NeuMF,2007,2007-12-31,138953,34532,3,0.9994661211967468
NeuMF,2007,2007-12-31,138953,6539,4,0.9994173049926758
NeuMF,2007,2007-12-31,138953,30825,5,0.9993183612823486
NeuMF,2007,2007-12-31,138953,33166,6,0.9992177486419678
NeuMF,2007,2007-12-31,138953,40815,7,0.9991937279701233
NeuMF,2007,2007-12-31,138953,4018,8,0.9990828037261963
NeuMF,2007,2007-12-31,138953,8970,9,0.9989504218101501
NeuMF,2007,2007-12-31,138953,4014,10,0.9989234805107117
NeuMF,2007,2007-12-31,139262,3160,1,0.9996551275253296
NeuMF,2007,2007-12-31,139262,778,2,0.9996242523193359
NeuMF,2007,2007-12-31,139262,2959,3,0.9995660185813904
NeuMF,2007,2007-12-31,139262,3703,4,0.9994940757751465
NeuMF,2007,2007-12-31,139262,3527,5,0.9992254972457886
NeuMF,2007,2007-12-31,139262,858,6,0.9985617995262146
NeuMF,2007,2007-12-31,139262,3868,7,0.9983231425285339
NeuMF,2007,2007-12-31,139262,1089,8,0.9982934594154358
NeuMF,2007,2007-12-31,139262,2997,9,0.9981212019920349
NeuMF,2007,2007-12-31,139262,296,10,0.9980089068412781
NeuMF,2007,2007-12-31,139292,7153,1,0.9997472167015076
NeuMF,2007,2007-12-31,139292,44022,2,0.9991415739059448
NeuMF,2007,2007-12-31,139292,4993,3,0.9990712404251099
NeuMF,2007,2007-12-31,139292,45722,4,0.9988734126091003
NeuMF,2007,2007-12-31,139292,6377,5,0.9987784028053284
NeuMF,2007,2007-12-31,139292,2571,6,0.9985768795013428
NeuMF,2007,2007-12-31,139292,6287,7,0.9985585808753967
NeuMF,2007,2007-12-31,139292,5952,8,0.9980210065841675
NeuMF,2007,2007-12-31,139292,27773,9,0.9980022311210632
NeuMF,2007,2007-12-31,139292,4973,10,0.9970665574073792
NeuMF,2007,2007-12-31,140375,8874,1,0.9997920393943787
NeuMF,2007,2007-12-31,140375,8961,2,0.9997120499610901
NeuMF,2007,2007-12-31,140375,4015,3,0.9995923638343811
NeuMF,2007,2007-12-31,140375,4734,4,0.999531626701355
NeuMF,2007,2007-12-31,140375,6539,5,0.9994658827781677
NeuMF,2007,2007-12-31,140375,4027,6,0.9994333386421204
NeuMF,2007,2007-12-31,140375,4718,7,0.9992355108261108
NeuMF,2007,2007-12-31,140375,3617,8,0.9991185069084167
NeuMF,2007,2007-12-31,140375,1241,9,0.9990870952606201
NeuMF,2007,2007-12-31,140375,3081,10,0.9989594221115112
NeuMF,2007,2007-12-31,140458,6986,1,0.9997331500053406
NeuMF,2007,2007-12-31,140458,33615,2,0.9995681643486023
NeuMF,2007,2007-12-31,140458,150,3,0.9993782043457031
NeuMF,2007,2007-12-31,140458,8636,4,0.9987891316413879
NeuMF,2007,2007-12-31,140458,8961,5,0.9984252452850342
NeuMF,2007,2007-12-31,140458,8965,6,0.9980946183204651
NeuMF,2007,2007-12-31,140458,8360,7,0.9979850053787231
NeuMF,2007,2007-12-31,140458,7980,8,0.9978731870651245
NeuMF,2007,2007-12-31,140458,296,9,0.9977424144744873
NeuMF,2007,2007-12-31,140458,32031,10,0.9975765347480774
NeuMF,2007,2007-12-31,140493,48385,1,0.9995951056480408
NeuMF,2007,2007-12-31,140493,7361,2,0.9984939098358154
NeuMF,2007,2007-12-31,140493,2420,3,0.9983229041099548
NeuMF,2007,2007-12-31,140493,7325,4,0.9983140230178833
NeuMF,2007,2007-12-31,140493,8529,5,0.9981471300125122
NeuMF,2007,2007-12-31,140493,2628,6,0.9979274272918701
NeuMF,2007,2007-12-31,140493,3793,7,0.9973125457763672
NeuMF,2007,2007-12-31,140493,3623,8,0.997307300567627
NeuMF,2007,2007-12-31,140493,8970,9,0.9972991347312927
NeuMF,2007,2007-12-31,140493,5481,10,0.9972653388977051
NeuMF,2007,2007-12-31,140670,3911,1,0.9994946718215942
NeuMF,2007,2007-12-31,140670,4976,2,0.9991223216056824
NeuMF,2007,2007-12-31,140670,5279,3,0.9986836314201355
NeuMF,2007,2007-12-31,140670,851,4,0.9984723925590515
NeuMF,2007,2007-12-31,140670,6538,5,0.9984373450279236
NeuMF,2007,2007-12-31,140670,1365,6,0.998420238494873
NeuMF,2007,2007-12-31,140670,4646,7,0.9982646107673645
NeuMF,2007,2007-12-31,140670,2359,8,0.997377872467041
NeuMF,2007,2007-12-31,140670,2624,9,0.9973598122596741
NeuMF,2007,2007-12-31,140670,4246,10,0.9972454309463501
NeuMF,2007,2007-12-31,140969,8640,1,0.9982849955558777
NeuMF,2007,2007-12-31,140969,4343,2,0.9980840682983398
NeuMF,2007,2007-12-31,140969,4448,3,0.9975253939628601
NeuMF,2007,2007-12-31,140969,8368,4,0.9974344372749329
NeuMF,2007,2007-12-31,140969,4369,5,0.9963306784629822
NeuMF,2007,2007-12-31,140969,5810,6,0.9962643980979919
NeuMF,2007,2007-12-31,140969,3555,7,0.9959533214569092
NeuMF,2007,2007-12-31,140969,1882,8,0.9933056235313416
NeuMF,2007,2007-12-31,140969,10,9,0.9932405948638916
NeuMF,2007,2007-12-31,140969,1223,10,0.993084192276001
NeuMF,2007,2007-12-31,141058,5883,1,0.9989485144615173
NeuMF,2007,2007-12-31,141058,3355,2,0.9983336329460144
NeuMF,2007,2007-12-31,141058,6063,3,0.9982505440711975
NeuMF,2007,2007-12-31,141058,145,4,0.9978489875793457
NeuMF,2007,2007-12-31,141058,4814,5,0.9967849254608154
NeuMF,2007,2007-12-31,141058,6506,6,0.9965840578079224
NeuMF,2007,2007-12-31,141058,47,7,0.9963990449905396
NeuMF,2007,2007-12-31,141058,3864,8,0.996253490447998
NeuMF,2007,2007-12-31,141058,293,9,0.9960401058197021
NeuMF,2007,2007-12-31,141058,40339,10,0.99573814868927
NeuMF,2007,2007-12-31,141084,45431,1,0.9998440742492676
NeuMF,2007,2007-12-31,141084,41566,2,0.9998130202293396
NeuMF,2007,2007-12-31,141084,8970,3,0.9997585415840149
NeuMF,2007,2007-12-31,141084,33794,4,0.9994149208068848
NeuMF,2007,2007-12-31,141084,661,5,0.9992788434028625
NeuMF,2007,2007-12-31,141084,3114,6,0.9991971850395203
NeuMF,2007,2007-12-31,141084,7147,7,0.9990208148956299
NeuMF,2007,2007-12-31,141084,7361,8,0.9988811612129211
NeuMF,2007,2007-12-31,141084,39183,9,0.9988293051719666
NeuMF,2007,2007-12-31,141084,4447,10,0.9985083937644958
NeuMF,2007,2007-12-31,141289,1252,1,0.9995551705360413
NeuMF,2007,2007-12-31,141289,296,2,0.9993867874145508
NeuMF,2007,2007-12-31,141289,541,3,0.9992978572845459
NeuMF,2007,2007-12-31,141289,3328,4,0.9992836117744446
NeuMF,2007,2007-12-31,141289,1260,5,0.9992774128913879
NeuMF,2007,2007-12-31,141289,1217,6,0.999104917049408
NeuMF,2007,2007-12-31,141289,7153,7,0.9987812638282776
NeuMF,2007,2007-12-31,141289,8253,8,0.9986127614974976
NeuMF,2007,2007-12-31,141289,6001,9,0.9984819293022156
NeuMF,2007,2007-12-31,141289,7361,10,0.9984360337257385
NeuMF,2007,2007-12-31,141812,541,1,0.9978105425834656
NeuMF,2007,2007-12-31,141812,2139,2,0.9966525435447693
NeuMF,2007,2007-12-31,141812,1711,3,0.9961884617805481
NeuMF,2007,2007-12-31,141812,157,4,0.9958821535110474
NeuMF,2007,2007-12-31,141812,272,5,0.9941038489341736
NeuMF,2007,2007-12-31,141812,3527,6,0.9939824938774109
NeuMF,2007,2007-12-31,141812,1374,7,0.9939500093460083
NeuMF,2007,2007-12-31,141812,1050,8,0.9938282370567322
NeuMF,2007,2007-12-31,141812,1589,9,0.9935520887374878
NeuMF,2007,2007-12-31,141812,1240,10,0.993278443813324
NeuMF,2007,2007-12-31,141870,1674,1,0.9996590614318848
NeuMF,2007,2007-12-31,141870,1036,2,0.9982560276985168
NeuMF,2007,2007-12-31,141870,5445,3,0.9978851675987244
NeuMF,2007,2007-12-31,141870,1569,4,0.9978703260421753
NeuMF,2007,2007-12-31,141870,2100,5,0.9969893097877502
NeuMF,2007,2007-12-31,141870,3256,6,0.9968057870864868
NeuMF,2007,2007-12-31,141870,2915,7,0.9968053102493286
NeuMF,2007,2007-12-31,141870,2020,8,0.9961703419685364
NeuMF,2007,2007-12-31,141870,2059,9,0.9961614608764648
NeuMF,2007,2007-12-31,141870,2243,10,0.9959828853607178
NeuMF,2007,2007-12-31,142137,8636,1,0.999862551689148
NeuMF,2007,2007-12-31,142137,1223,2,0.9992578625679016
NeuMF,2007,2007-12-31,142137,3114,3,0.9989162683486938
NeuMF,2007,2007-12-31,142137,8961,4,0.9988565444946289
NeuMF,2007,2007-12-31,142137,1500,5,0.9985097050666809
NeuMF,2007,2007-12-31,142137,5445,6,0.9984652996063232
NeuMF,2007,2007-12-31,142137,1,7,0.9984527826309204
NeuMF,2007,2007-12-31,142137,7153,8,0.9984293580055237
NeuMF,2007,2007-12-31,142137,1270,9,0.9982628226280212
NeuMF,2007,2007-12-31,142137,2000,10,0.9982572197914124
NeuMF,2007,2007-12-31,142171,7327,1,0.999995231628418
NeuMF,2007,2007-12-31,142171,8638,2,0.999972939491272
NeuMF,2007,2007-12-31,142171,31658,3,0.9998483657836914
NeuMF,2007,2007-12-31,142171,8154,4,0.9998053908348083
NeuMF,2007,2007-12-31,142171,8507,5,0.9997957348823547
NeuMF,2007,2007-12-31,142171,6666,6,0.99973064661026
NeuMF,2007,2007-12-31,142171,5618,7,0.9996457099914551
NeuMF,2007,2007-12-31,142171,6774,8,0.9996254444122314
NeuMF,2007,2007-12-31,142171,29,9,0.9995760321617126
NeuMF,2007,2007-12-31,142171,4878,10,0.99956876039505
NeuMF,2007,2007-12-31,142343,1218,1,0.9986910223960876
NeuMF,2007,2007-12-31,142343,2271,2,0.9985711574554443
NeuMF,2007,2007-12-31,142343,4055,3,0.9979726672172546
NeuMF,2007,2007-12-31,142343,3265,4,0.9951515197753906
NeuMF,2007,2007-12-31,142343,719,5,0.9940641522407532
NeuMF,2007,2007-12-31,142343,2394,6,0.9938011765480042
NeuMF,2007,2007-12-31,142343,5400,7,0.991665780544281
NeuMF,2007,2007-12-31,142343,4238,8,0.9905962944030762
NeuMF,2007,2007-12-31,142343,429,9,0.99036705493927
NeuMF,2007,2007-12-31,142343,1042,10,0.9901605844497681
NeuMF,2007,2007-12-31,142834,6378,1,0.9995212554931641
NeuMF,2007,2007-12-31,142834,1608,2,0.998542308807373
NeuMF,2007,2007-12-31,142834,4901,3,0.9980183839797974
NeuMF,2007,2007-12-31,142834,4047,4,0.9978970289230347
NeuMF,2007,2007-12-31,142834,4022,5,0.9974101185798645
NeuMF,2007,2007-12-31,142834,6565,6,0.996967613697052
NeuMF,2007,2007-12-31,142834,27837,7,0.9969335794448853
NeuMF,2007,2007-12-31,142834,7263,8,0.9966031312942505
NeuMF,2007,2007-12-31,142834,5989,9,0.9965445399284363
NeuMF,2007,2007-12-31,142834,41569,10,0.9964680671691895
NeuMF,2007,2007-12-31,142857,4426,1,0.9998619556427002
NeuMF,2007,2007-12-31,142857,2940,2,0.9994767308235168
NeuMF,2007,2007-12-31,142857,8507,3,0.9992019534111023
NeuMF,2007,2007-12-31,142857,914,4,0.9988712668418884
NeuMF,2007,2007-12-31,142857,48082,5,0.9986552000045776
NeuMF,2007,2007-12-31,142857,2644,6,0.9986334443092346
NeuMF,2007,2007-12-31,142857,1340,7,0.998582124710083
NeuMF,2007,2007-12-31,142857,945,8,0.9981531500816345
NeuMF,2007,2007-12-31,142857,1237,9,0.9978535771369934
NeuMF,2007,2007-12-31,142857,4920,10,0.9974000453948975
NeuMF,2007,2007-12-31,142955,8636,1,0.9988942742347717
NeuMF,2007,2007-12-31,142955,33493,2,0.9986171722412109
NeuMF,2007,2007-12-31,142955,38038,3,0.9980819225311279
NeuMF,2007,2007-12-31,142955,8949,4,0.9980364441871643
NeuMF,2007,2007-12-31,142955,32031,5,0.9978801012039185
NeuMF,2007,2007-12-31,142955,6773,6,0.9977703094482422
NeuMF,2007,2007-12-31,142955,7438,7,0.9975741505622864
NeuMF,2007,2007-12-31,142955,27706,8,0.9967702627182007
NeuMF,2007,2007-12-31,142955,593,9,0.9966984391212463
NeuMF,2007,2007-12-31,142955,33615,10,0.9966933727264404
NeuMF,2007,2007-12-31,143011,7323,1,0.999396562576294
NeuMF,2007,2007-12-31,143011,36517,2,0.9988162517547607
NeuMF,2007,2007-12-31,143011,6971,3,0.9987779259681702
NeuMF,2007,2007-12-31,143011,2731,4,0.9983910918235779
NeuMF,2007,2007-12-31,143011,27831,5,0.9982298016548157
NeuMF,2007,2007-12-31,143011,5379,6,0.9973433613777161
NeuMF,2007,2007-12-31,143011,46723,7,0.997232973575592
NeuMF,2007,2007-12-31,143011,5608,8,0.997021496295929
NeuMF,2007,2007-12-31,143011,33166,9,0.9969226717948914
NeuMF,2007,2007-12-31,143011,27660,10,0.9968718886375427
NeuMF,2007,2007-12-31,143598,5222,1,0.9995865225791931
NeuMF,2007,2007-12-31,143598,40815,2,0.9985673427581787
NeuMF,2007,2007-12-31,143598,2822,3,0.9982391595840454
NeuMF,2007,2007-12-31,143598,2690,4,0.9981099367141724
NeuMF,2007,2007-12-31,143598,2861,5,0.9980568289756775
NeuMF,2007,2007-12-31,143598,3259,6,0.9979422688484192
NeuMF,2007,2007-12-31,143598,3545,7,0.9975710511207581
NeuMF,2007,2007-12-31,143598,5444,8,0.9969949722290039
NeuMF,2007,2007-12-31,143598,1042,9,0.9969415068626404
NeuMF,2007,2007-12-31,143598,2605,10,0.9965800642967224
NeuMF,2007,2007-12-31,143781,7323,1,0.9997106194496155
NeuMF,2007,2007-12-31,143781,26662,2,0.9997026324272156
NeuMF,2007,2007-12-31,143781,43376,3,0.9992747902870178
NeuMF,2007,2007-12-31,143781,31658,4,0.9992485642433167
NeuMF,2007,2007-12-31,143781,37240,5,0.9991536140441895
NeuMF,2007,2007-12-31,143781,41569,6,0.9990077614784241
NeuMF,2007,2007-12-31,143781,40815,7,0.9989328980445862
NeuMF,2007,2007-12-31,143781,45447,8,0.9987468719482422
NeuMF,2007,2007-12-31,143781,29,9,0.998729407787323
NeuMF,2007,2007-12-31,143781,7352,10,0.9984322190284729
NeuMF,2007,2007-12-31,143962,3479,1,0.9994008541107178
NeuMF,2007,2007-12-31,143962,416,2,0.9982082843780518
NeuMF,2007,2007-12-31,143962,1726,3,0.9978287816047668
NeuMF,2007,2007-12-31,143962,31221,4,0.9972113966941833
NeuMF,2007,2007-12-31,143962,4085,5,0.9969522953033447
NeuMF,2007,2007-12-31,143962,1275,6,0.9964295029640198
NeuMF,2007,2007-12-31,143962,3450,7,0.9956364035606384
NeuMF,2007,2007-12-31,143962,4887,8,0.9942373037338257
NeuMF,2007,2007-12-31,143962,4474,9,0.9941522479057312
NeuMF,2007,2007-12-31,143962,2161,10,0.9935398697853088
NeuMF,2007,2007-12-31,144015,5293,1,0.9979960918426514
NeuMF,2007,2007-12-31,144015,35836,2,0.9978354573249817
NeuMF,2007,2007-12-31,144015,4011,3,0.9974505305290222
NeuMF,2007,2007-12-31,144015,5102,4,0.9966912269592285
NeuMF,2007,2007-12-31,144015,4155,5,0.9964267611503601
NeuMF,2007,2007-12-31,144015,953,6,0.996309220790863
NeuMF,2007,2007-12-31,144015,1207,7,0.9956359267234802
NeuMF,2007,2007-12-31,144015,1673,8,0.9954076409339905
NeuMF,2007,2007-12-31,144015,4178,9,0.9945675134658813
NeuMF,2007,2007-12-31,144015,5418,10,0.993505597114563
NeuMF,2007,2007-12-31,144326,596,1,0.9997963309288025
NeuMF,2007,2007-12-31,144326,2941,2,0.9997954964637756
NeuMF,2007,2007-12-31,144326,7082,3,0.9994378685951233
NeuMF,2007,2007-12-31,144326,277,4,0.9992679953575134
NeuMF,2007,2007-12-31,144326,7579,5,0.998999297618866
NeuMF,2007,2007-12-31,144326,1282,6,0.998986542224884
NeuMF,2007,2007-12-31,144326,2096,7,0.9989181756973267
NeuMF,2007,2007-12-31,144326,1032,8,0.9984618425369263
NeuMF,2007,2007-12-31,144326,2083,9,0.998394787311554
NeuMF,2007,2007-12-31,144326,1022,10,0.9976045489311218
NeuMF,2007,2007-12-31,144329,31,1,0.9988579750061035
NeuMF,2007,2007-12-31,144329,74,2,0.998526930809021
NeuMF,2007,2007-12-31,144329,2501,3,0.9985266923904419
NeuMF,2007,2007-12-31,144329,49530,4,0.9974225759506226
NeuMF,2007,2007-12-31,144329,2321,5,0.9970346689224243
NeuMF,2007,2007-12-31,144329,2106,6,0.9967246651649475
NeuMF,2007,2007-12-31,144329,5237,7,0.9966328740119934
NeuMF,2007,2007-12-31,144329,34528,8,0.996272087097168
NeuMF,2007,2007-12-31,144329,3512,9,0.9956445693969727
NeuMF,2007,2007-12-31,144329,4880,10,0.9941642880439758
NeuMF,2007,2007-12-31,144334,6188,1,0.9978996515274048
NeuMF,2007,2007-12-31,144334,30820,2,0.9973140358924866
NeuMF,2007,2007-12-31,144334,2501,3,0.9972997307777405
NeuMF,2007,2007-12-31,144334,5348,4,0.9964905381202698
NeuMF,2007,2007-12-31,144334,5377,5,0.9959107637405396
NeuMF,2007,2007-12-31,144334,5421,6,0.9957805871963501
NeuMF,2007,2007-12-31,144334,5666,7,0.9948758482933044
NeuMF,2007,2007-12-31,144334,101,8,0.9936673045158386
NeuMF,2007,2007-12-31,144334,1057,9,0.9935439825057983
NeuMF,2007,2007-12-31,144334,1678,10,0.9934414625167847
NeuMF,2007,2007-12-31,145350,236,1,0.9946961402893066
NeuMF,2007,2007-12-31,145350,708,2,0.9943994879722595
NeuMF,2007,2007-12-31,145350,46,3,0.9940075874328613
NeuMF,2007,2007-12-31,145350,1500,4,0.9923187494277954
NeuMF,2007,2007-12-31,145350,3528,5,0.9918673634529114
NeuMF,2007,2007-12-31,145350,1629,6,0.9907872080802917
NeuMF,2007,2007-12-31,145350,3831,7,0.9903948903083801
NeuMF,2007,2007-12-31,145350,1958,8,0.9891545176506042
NeuMF,2007,2007-12-31,145350,2248,9,0.9880515336990356
NeuMF,2007,2007-12-31,145350,1711,10,0.9877617359161377
NeuMF,2007,2007-12-31,145560,4941,1,0.9995574355125427
NeuMF,2007,2007-12-31,145560,4887,2,0.9981926083564758
NeuMF,2007,2007-12-31,145560,2468,3,0.9973338842391968
NeuMF,2007,2007-12-31,145560,3708,4,0.9971566200256348
NeuMF,2007,2007-12-31,145560,2822,5,0.997093677520752
NeuMF,2007,2007-12-31,145560,4039,6,0.9963251948356628
NeuMF,2007,2007-12-31,145560,1126,7,0.9956018924713135
NeuMF,2007,2007-12-31,145560,1445,8,0.9955126643180847
NeuMF,2007,2007-12-31,145560,6392,9,0.9953696131706238
NeuMF,2007,2007-12-31,145560,3197,10,0.995089590549469
NeuMF,2007,2007-12-31,145981,2006,1,0.993573009967804
NeuMF,2007,2007-12-31,145981,6333,2,0.9934048056602478
NeuMF,2007,2007-12-31,145981,589,3,0.9930906295776367
NeuMF,2007,2007-12-31,145981,8961,4,0.9930629134178162
NeuMF,2007,2007-12-31,145981,8636,5,0.9927257299423218
NeuMF,2007,2007-12-31,145981,8665,6,0.9924742579460144
NeuMF,2007,2007-12-31,145981,150,7,0.9922349452972412
NeuMF,2007,2007-12-31,145981,552,8,0.9919869899749756
NeuMF,2007,2007-12-31,145981,480,9,0.9912508726119995
NeuMF,2007,2007-12-31,145981,2012,10,0.9882826209068298
NeuMF,2007,2007-12-31,146065,1084,1,0.9983507394790649
NeuMF,2007,2007-12-31,146065,1270,2,0.9974654912948608
NeuMF,2007,2007-12-31,146065,919,3,0.996566891670227
NeuMF,2007,2007-12-31,146065,2321,4,0.9964867830276489
NeuMF,2007,2007-12-31,146065,1219,5,0.9960812926292419
NeuMF,2007,2007-12-31,146065,44195,6,0.9950876832008362
NeuMF,2007,2007-12-31,146065,8874,7,0.9949553608894348
NeuMF,2007,2007-12-31,146065,2329,8,0.9946565628051758
NeuMF,2007,2007-12-31,146065,1387,9,0.9941512942314148
NeuMF,2007,2007-12-31,146065,1923,10,0.9925227761268616
NeuMF,2007,2007-12-31,147102,3581,1,0.9996460676193237
NeuMF,2007,2007-12-31,147102,4027,2,0.9994816184043884
NeuMF,2007,2007-12-31,147102,4370,3,0.9993502497673035
NeuMF,2007,2007-12-31,147102,3994,4,0.9991439580917358
NeuMF,2007,2007-12-31,147102,7022,5,0.9989394545555115
NeuMF,2007,2007-12-31,147102,4225,6,0.9987478256225586
NeuMF,2007,2007-12-31,147102,3300,7,0.9987227320671082
NeuMF,2007,2007-12-31,147102,3949,8,0.9987114667892456
NeuMF,2007,2007-12-31,147102,3617,9,0.998420000076294
NeuMF,2007,2007-12-31,147102,3159,10,0.9982869029045105
NeuMF,2007,2007-12-31,147181,830,1,0.9997194409370422
NeuMF,2007,2007-12-31,147181,1020,2,0.9983207583427429
NeuMF,2007,2007-12-31,147181,33499,3,0.9979623556137085
NeuMF,2007,2007-12-31,147181,339,4,0.9979575872421265
NeuMF,2007,2007-12-31,147181,8221,5,0.9960987567901611
NeuMF,2007,2007-12-31,147181,2059,6,0.9958794116973877
NeuMF,2007,2007-12-31,147181,8605,7,0.9957408905029297
NeuMF,2007,2007-12-31,147181,1022,8,0.9955659508705139
NeuMF,2007,2007-12-31,147181,2340,9,0.9952036142349243
NeuMF,2007,2007-12-31,147181,6493,10,0.9948640465736389
NeuMF,2007,2007-12-31,147219,2395,1,0.9993411898612976
NeuMF,2007,2007-12-31,147219,2997,2,0.9993036985397339
NeuMF,2007,2007-12-31,147219,5225,3,0.9990953207015991
NeuMF,2007,2007-12-31,147219,8622,4,0.998450756072998
NeuMF,2007,2007-12-31,147219,40819,5,0.9984473586082458
NeuMF,2007,2007-12-31,147219,3424,6,0.9984422326087952
NeuMF,2007,2007-12-31,147219,8949,7,0.9984373450279236
NeuMF,2007,2007-12-31,147219,608,8,0.9982176423072815
NeuMF,2007,2007-12-31,147219,4235,9,0.997825562953949
NeuMF,2007,2007-12-31,147219,4873,10,0.9978072047233582
NeuMF,2007,2007-12-31,147821,4888,1,0.9995059967041016
NeuMF,2007,2007-12-31,147821,42004,2,0.998663067817688
NeuMF,2007,2007-12-31,147821,5379,3,0.9985775947570801
NeuMF,2007,2007-12-31,147821,33171,4,0.9980419874191284
NeuMF,2007,2007-12-31,147821,6898,5,0.9978371262550354
NeuMF,2007,2007-12-31,147821,5450,6,0.9976593255996704
NeuMF,2007,2007-12-31,147821,40278,7,0.9976153373718262
NeuMF,2007,2007-12-31,147821,3676,8,0.9975152015686035
NeuMF,2007,2007-12-31,147821,3855,9,0.9974823594093323
NeuMF,2007,2007-12-31,147821,5421,10,0.9965296387672424
NeuMF,2007,2007-12-31,148076,26776,1,0.9998250603675842
NeuMF,2007,2007-12-31,148076,5971,2,0.9997420907020569
NeuMF,2007,2007-12-31,148076,31658,3,0.9996196031570435
NeuMF,2007,2007-12-31,148076,7361,4,0.9994743466377258
NeuMF,2007,2007-12-31,148076,8983,5,0.9993417859077454
NeuMF,2007,2007-12-31,148076,5903,6,0.9992792010307312
NeuMF,2007,2007-12-31,148076,7099,7,0.9991748929023743
NeuMF,2007,2007-12-31,148076,34405,8,0.9989612102508545
NeuMF,2007,2007-12-31,148076,541,9,0.9985415935516357
NeuMF,2007,2007-12-31,148076,6093,10,0.9984277486801147
NeuMF,2007,2007-12-31,148250,158,1,0.9996066689491272
NeuMF,2007,2007-12-31,148250,783,2,0.9995044469833374
NeuMF,2007,2007-12-31,148250,180,3,0.9987115859985352
NeuMF,2007,2007-12-31,148250,27773,4,0.9982125759124756
NeuMF,2007,2007-12-31,148250,2253,5,0.9974735379219055
NeuMF,2007,2007-12-31,148250,784,6,0.9974592328071594
NeuMF,2007,2007-12-31,148250,6333,7,0.9971027970314026
NeuMF,2007,2007-12-31,148250,1527,8,0.9964062571525574
NeuMF,2007,2007-12-31,148250,5903,9,0.9951242804527283
NeuMF,2007,2007-12-31,148250,4027,10,0.9947327375411987
NeuMF,2007,2007-12-31,148282,5017,1,0.9993335604667664
NeuMF,2007,2007-12-31,148282,1178,2,0.9992087483406067
NeuMF,2007,2007-12-31,148282,3814,3,0.9989830851554871
NeuMF,2007,2007-12-31,148282,1207,4,0.9972902536392212
NeuMF,2007,2007-12-31,148282,940,5,0.9969057440757751
NeuMF,2007,2007-12-31,148282,5291,6,0.9967259168624878
NeuMF,2007,2007-12-31,148282,3469,7,0.9966309666633606
NeuMF,2007,2007-12-31,148282,2730,8,0.9960263967514038
NeuMF,2007,2007-12-31,148282,2970,9,0.9958211183547974
NeuMF,2007,2007-12-31,148282,3196,10,0.9958167672157288
NeuMF,2007,2007-12-31,148399,3426,1,0.9994015693664551
NeuMF,2007,2007-12-31,148399,7018,2,0.9990322589874268
NeuMF,2007,2007-12-31,148399,2546,3,0.9989446997642517
NeuMF,2007,2007-12-31,148399,3246,4,0.998830258846283
NeuMF,2007,2007-12-31,148399,5839,5,0.9986581802368164
NeuMF,2007,2007-12-31,148399,8667,6,0.9985392093658447
NeuMF,2007,2007-12-31,148399,5222,7,0.9984098672866821
NeuMF,2007,2007-12-31,148399,265,8,0.9978640675544739
NeuMF,2007,2007-12-31,148399,5637,9,0.9961192607879639
NeuMF,2007,2007-12-31,148399,373,10,0.9960176348686218
NeuMF,2007,2007-12-31,148579,8949,1,0.9997746348381042
NeuMF,2007,2007-12-31,148579,8665,2,0.9990333318710327
NeuMF,2007,2007-12-31,148579,6333,3,0.9983769655227661
NeuMF,2007,2007-12-31,148579,4963,4,0.9982579350471497
NeuMF,2007,2007-12-31,148579,8784,5,0.9978017210960388
NeuMF,2007,2007-12-31,148579,8207,6,0.9972705245018005
NeuMF,2007,2007-12-31,148579,3504,7,0.9970040917396545
NeuMF,2007,2007-12-31,148579,6378,8,0.9969778060913086
NeuMF,2007,2007-12-31,148579,5989,9,0.9968456625938416
NeuMF,2007,2007-12-31,148579,7147,10,0.9964728951454163
NeuMF,2007,2007-12-31,148597,6721,1,0.9988810420036316
NeuMF,2007,2007-12-31,148597,6534,2,0.9979152083396912
NeuMF,2007,2007-12-31,148597,6754,3,0.997394323348999
NeuMF,2007,2007-12-31,148597,5378,4,0.9972445964813232
NeuMF,2007,2007-12-31,148597,6365,5,0.9972027540206909
NeuMF,2007,2007-12-31,148597,8983,6,0.996526300907135
NeuMF,2007,2007-12-31,148597,8798,7,0.9963887929916382
NeuMF,2007,2007-12-31,148597,8665,8,0.9962567090988159
NeuMF,2007,2007-12-31,148597,4973,9,0.9962373971939087
NeuMF,2007,2007-12-31,148597,6378,10,0.9960173964500427
NeuMF,2007,2007-12-31,148709,2779,1,0.9989660978317261
NeuMF,2007,2007-12-31,148709,3072,2,0.9973884224891663
NeuMF,2007,2007-12-31,148709,2455,3,0.9967467784881592
NeuMF,2007,2007-12-31,148709,2247,4,0.9967447519302368
NeuMF,2007,2007-12-31,148709,1276,5,0.9962502121925354
NeuMF,2007,2007-12-31,148709,3524,6,0.9958553910255432
NeuMF,2007,2007-12-31,148709,1124,7,0.9955849647521973
NeuMF,2007,2007-12-31,148709,2366,8,0.9953210949897766
NeuMF,2007,2007-12-31,148709,7155,9,0.9949846267700195
NeuMF,2007,2007-12-31,148709,1304,10,0.9948240518569946
NeuMF,2007,2007-12-31,148736,29,1,0.9995669722557068
NeuMF,2007,2007-12-31,148736,1464,2,0.9994814991950989
NeuMF,2007,2007-12-31,148736,2074,3,0.9992187023162842
NeuMF,2007,2007-12-31,148736,7937,4,0.9991115927696228
NeuMF,2007,2007-12-31,148736,3676,5,0.9990522265434265
NeuMF,2007,2007-12-31,148736,2925,6,0.9990466237068176
NeuMF,2007,2007-12-31,148736,2351,7,0.9987584352493286
NeuMF,2007,2007-12-31,148736,2285,8,0.9985427856445312
NeuMF,2007,2007-12-31,148736,33880,9,0.9984703660011292
NeuMF,2007,2007-12-31,148736,7209,10,0.99809330701828
NeuMF,2007,2007-12-31,148793,34150,1,0.9999725818634033
NeuMF,2007,2007-12-31,148793,4310,2,0.9998805522918701
NeuMF,2007,2007-12-31,148793,7254,3,0.9998780488967896
NeuMF,2007,2007-12-31,148793,5349,4,0.9997583031654358
NeuMF,2007,2007-12-31,148793,4638,5,0.9996054768562317
NeuMF,2007,2007-12-31,148793,34319,6,0.9995622038841248
NeuMF,2007,2007-12-31,148793,4446,7,0.9993641972541809
NeuMF,2007,2007-12-31,148793,31696,8,0.9993415474891663
NeuMF,2007,2007-12-31,148793,5903,9,0.9993140697479248
NeuMF,2007,2007-12-31,148793,6754,10,0.9993064403533936
NeuMF,2007,2007-12-31,148896,7980,1,0.9984079003334045
NeuMF,2007,2007-12-31,148896,5896,2,0.9976139068603516
NeuMF,2007,2007-12-31,148896,7254,3,0.99611496925354
NeuMF,2007,2007-12-31,148896,7361,4,0.9959025979042053
NeuMF,2007,2007-12-31,148896,7256,5,0.9948185086250305
NeuMF,2007,2007-12-31,148896,8640,6,0.9944897890090942
NeuMF,2007,2007-12-31,148896,8636,7,0.9941708445549011
NeuMF,2007,2007-12-31,148896,8798,8,0.9936157464981079
NeuMF,2007,2007-12-31,148896,1580,9,0.9931256771087646
NeuMF,2007,2007-12-31,148896,70,10,0.9930588006973267
NeuMF,2007,2007-12-31,149082,3040,1,0.9987911581993103
NeuMF,2007,2007-12-31,149082,8040,2,0.9982512593269348
NeuMF,2007,2007-12-31,149082,2924,3,0.9979301691055298
NeuMF,2007,2007-12-31,149082,800,4,0.9973098039627075
NeuMF,2007,2007-12-31,149082,4465,5,0.9965129494667053
NeuMF,2007,2007-12-31,149082,842,6,0.9958612322807312
NeuMF,2007,2007-12-31,149082,34542,7,0.9951177835464478
NeuMF,2007,2007-12-31,149082,428,8,0.9945555925369263
NeuMF,2007,2007-12-31,149082,46970,9,0.9944753050804138
NeuMF,2007,2007-12-31,149082,4623,10,0.9939820170402527
NeuMF,2007,2007-12-31,149334,4006,1,0.9994962215423584
NeuMF,2007,2007-12-31,149334,1967,2,0.9993854761123657
NeuMF,2007,2007-12-31,149334,3972,3,0.9988001585006714
NeuMF,2007,2007-12-31,149334,714,4,0.9986265897750854
NeuMF,2007,2007-12-31,149334,610,5,0.9985573887825012
NeuMF,2007,2007-12-31,149334,1347,6,0.9983443021774292
NeuMF,2007,2007-12-31,149334,1982,7,0.9982841610908508
NeuMF,2007,2007-12-31,149334,1921,8,0.9981935620307922
NeuMF,2007,2007-12-31,149334,1274,9,0.9981895089149475
NeuMF,2007,2007-12-31,149334,1222,10,0.9981129169464111
NeuMF,2007,2007-12-31,149692,4886,1,0.9996354579925537
NeuMF,2007,2007-12-31,149692,5418,2,0.9995974898338318
NeuMF,2007,2007-12-31,149692,40815,3,0.9994398951530457
NeuMF,2007,2007-12-31,149692,6333,4,0.9993189573287964
NeuMF,2007,2007-12-31,149692,6502,5,0.9992870688438416
NeuMF,2007,2007-12-31,149692,6281,6,0.9992434978485107
NeuMF,2007,2007-12-31,149692,8665,7,0.9992148876190186
NeuMF,2007,2007-12-31,149692,5872,8,0.9991293549537659
NeuMF,2007,2007-12-31,149692,6534,9,0.9990267753601074
NeuMF,2007,2007-12-31,149692,10,10,0.9988806843757629
NeuMF,2007,2007-12-31,149696,594,1,0.9992720484733582
NeuMF,2007,2007-12-31,149696,5952,2,0.9987397789955139
NeuMF,2007,2007-12-31,149696,7153,3,0.9986888766288757
NeuMF,2007,2007-12-31,149696,8665,4,0.9980985522270203
NeuMF,2007,2007-12-31,149696,595,5,0.9976081848144531
NeuMF,2007,2007-12-31,149696,5991,6,0.9974104762077332
NeuMF,2007,2007-12-31,149696,4993,7,0.9967707395553589
NeuMF,2007,2007-12-31,149696,6378,8,0.996738612651825
NeuMF,2007,2007-12-31,149696,5418,9,0.996416449546814
NeuMF,2007,2007-12-31,149696,8970,10,0.9951336979866028
NeuMF,2007,2007-12-31,150456,1994,1,0.999351441860199
NeuMF,2007,2007-12-31,150456,2167,2,0.996965229511261
NeuMF,2007,2007-12-31,150456,1917,3,0.9966206550598145
NeuMF,2007,2007-12-31,150456,673,4,0.9958460927009583
NeuMF,2007,2007-12-31,150456,3706,5,0.9957905411720276
NeuMF,2007,2007-12-31,150456,2640,6,0.9953877329826355
NeuMF,2007,2007-12-31,150456,364,7,0.9950078725814819
NeuMF,2007,2007-12-31,150456,1678,8,0.9949623346328735
NeuMF,2007,2007-12-31,150456,2,9,0.9945650100708008
NeuMF,2007,2007-12-31,150456,2321,10,0.9941843152046204
NeuMF,2007,2007-12-31,150594,1245,1,0.9994650483131409
NeuMF,2007,2007-12-31,150594,8340,2,0.9990746974945068
NeuMF,2007,2007-12-31,150594,31410,3,0.9988786578178406
NeuMF,2007,2007-12-31,150594,2366,4,0.9974125027656555
NeuMF,2007,2007-12-31,150594,1196,5,0.9968817234039307
NeuMF,2007,2007-12-31,150594,3317,6,0.996273398399353
NeuMF,2007,2007-12-31,150594,1210,7,0.9956740736961365
NeuMF,2007,2007-12-31,150594,2000,8,0.9952593445777893
NeuMF,2007,2007-12-31,150594,7371,9,0.9949506521224976
NeuMF,2007,2007-12-31,150594,7013,10,0.9944075345993042
NeuMF,2007,2007-12-31,150738,3549,1,0.9997867941856384
NeuMF,2007,2007-12-31,150738,5013,2,0.9994400143623352
NeuMF,2007,2007-12-31,150738,3398,3,0.9989527463912964
NeuMF,2007,2007-12-31,150738,745,4,0.9983281493186951
NeuMF,2007,2007-12-31,150738,3819,5,0.9982016086578369
NeuMF,2007,2007-12-31,150738,3163,6,0.9979360103607178
NeuMF,2007,2007-12-31,150738,4306,7,0.9970957040786743
NeuMF,2007,2007-12-31,150738,1234,8,0.9969437718391418
NeuMF,2007,2007-12-31,150738,5218,9,0.9963991641998291
NeuMF,2007,2007-12-31,150738,5444,10,0.9962297081947327
NeuMF,2007,2007-12-31,150869,3988,1,0.9993667006492615
NeuMF,2007,2007-12-31,150869,3034,2,0.9989739656448364
NeuMF,2007,2007-12-31,150869,6942,3,0.9986910223960876
NeuMF,2007,2007-12-31,150869,27878,4,0.9984567165374756
NeuMF,2007,2007-12-31,150869,31878,5,0.9983798265457153
NeuMF,2007,2007-12-31,150869,33493,6,0.9980915188789368
NeuMF,2007,2007-12-31,150869,1023,7,0.9975627660751343
NeuMF,2007,2007-12-31,150869,4728,8,0.9969794750213623
NeuMF,2007,2007-12-31,150869,1014,9,0.9969275593757629
NeuMF,2007,2007-12-31,150869,261,10,0.995992124080658
NeuMF,2007,2007-12-31,150884,1953,1,0.9998610019683838
NeuMF,2007,2007-12-31,150884,599,2,0.9998506307601929
NeuMF,2007,2007-12-31,150884,2917,3,0.9997455477714539
NeuMF,2007,2007-12-31,150884,5017,4,0.9995655417442322
NeuMF,2007,2007-12-31,150884,965,5,0.9994561076164246
NeuMF,2007,2007-12-31,150884,1238,6,0.9993928670883179
NeuMF,2007,2007-12-31,150884,2819,7,0.9992014765739441
NeuMF,2007,2007-12-31,150884,926,8,0.9991102814674377
NeuMF,2007,2007-12-31,150884,2289,9,0.9989390969276428
NeuMF,2007,2007-12-31,150884,2521,10,0.99880051612854
NeuMF,2007,2007-12-31,150917,2064,1,0.999161958694458
NeuMF,2007,2007-12-31,150917,5782,2,0.9978182315826416
NeuMF,2007,2007-12-31,150917,125,3,0.9975693821907043
NeuMF,2007,2007-12-31,150917,3265,4,0.9970011115074158
NeuMF,2007,2007-12-31,150917,2924,5,0.9962295889854431
NeuMF,2007,2007-12-31,150917,29,6,0.9954580068588257
NeuMF,2007,2007-12-31,150917,4889,7,0.9953219294548035
NeuMF,2007,2007-12-31,150917,6954,8,0.9943792223930359
NeuMF,2007,2007-12-31,150917,5812,9,0.9942876696586609
NeuMF,2007,2007-12-31,150917,3424,10,0.993861198425293
NeuMF,2007,2007-12-31,151104,8207,1,0.9990798234939575
NeuMF,2007,2007-12-31,151104,2819,2,0.9989293217658997
NeuMF,2007,2007-12-31,151104,5947,3,0.9987245202064514
NeuMF,2007,2007-12-31,151104,6724,4,0.9979735016822815
NeuMF,2007,2007-12-31,151104,7154,5,0.9978663325309753
NeuMF,2007,2007-12-31,151104,2501,6,0.9976073503494263
NeuMF,2007,2007-12-31,151104,7018,7,0.9965535402297974
NeuMF,2007,2007-12-31,151104,7980,8,0.9964300990104675
NeuMF,2007,2007-12-31,151104,3555,9,0.9959575533866882
NeuMF,2007,2007-12-31,151104,5899,10,0.9955279231071472
NeuMF,2007,2007-12-31,151471,3752,1,0.9947971701622009
NeuMF,2007,2007-12-31,151471,3285,2,0.9943352341651917
NeuMF,2007,2007-12-31,151471,4226,3,0.9921404719352722
NeuMF,2007,2007-12-31,151471,40278,4,0.9898395538330078
NeuMF,2007,2007-12-31,151471,2329,5,0.9896664619445801
NeuMF,2007,2007-12-31,151471,5418,6,0.9888918995857239
NeuMF,2007,2007-12-31,151471,1801,7,0.9888222217559814
NeuMF,2007,2007-12-31,151471,8640,8,0.9885303378105164
NeuMF,2007,2007-12-31,151471,8784,9,0.9878956079483032
NeuMF,2007,2007-12-31,151471,5665,10,0.9872128367424011
NeuMF,2007,2007-12-31,151756,33794,1,0.9996556043624878
NeuMF,2007,2007-12-31,151756,4963,2,0.9995574355125427
NeuMF,2007,2007-12-31,151756,6333,3,0.9991835951805115
NeuMF,2007,2007-12-31,151756,1240,4,0.9990037083625793
NeuMF,2007,2007-12-31,151756,1270,5,0.9985160231590271
NeuMF,2007,2007-12-31,151756,4886,6,0.9984424710273743
NeuMF,2007,2007-12-31,151756,4027,7,0.9984069466590881
NeuMF,2007,2007-12-31,151756,8961,8,0.9983927607536316
NeuMF,2007,2007-12-31,151756,750,9,0.9982168078422546
NeuMF,2007,2007-12-31,151756,50,10,0.9982082843780518
NeuMF,2007,2007-12-31,152115,903,1,0.9997321963310242
NeuMF,2007,2007-12-31,152115,1086,2,0.9996925592422485
NeuMF,2007,2007-12-31,152115,933,3,0.9995563626289368
NeuMF,2007,2007-12-31,152115,904,4,0.9994878768920898
NeuMF,2007,2007-12-31,152115,922,5,0.9994646906852722
NeuMF,2007,2007-12-31,152115,911,6,0.9989221096038818
NeuMF,2007,2007-12-31,152115,928,7,0.9988732933998108
NeuMF,2007,2007-12-31,152115,7215,8,0.9987910389900208
NeuMF,2007,2007-12-31,152115,1069,9,0.9987462759017944
NeuMF,2007,2007-12-31,152115,908,10,0.9986222982406616
NeuMF,2007,2007-12-31,152182,7022,1,0.9997310042381287
NeuMF,2007,2007-12-31,152182,33437,2,0.9991050362586975
NeuMF,2007,2007-12-31,152182,33493,3,0.9988915324211121
NeuMF,2007,2007-12-31,152182,2959,4,0.9986615180969238
NeuMF,2007,2007-12-31,152182,30793,5,0.9981666803359985
NeuMF,2007,2007-12-31,152182,466,6,0.9970645308494568
NeuMF,2007,2007-12-31,152182,7153,7,0.9959443211555481
NeuMF,2007,2007-12-31,152182,27773,8,0.9955106973648071
NeuMF,2007,2007-12-31,152182,44199,9,0.9952031373977661
NeuMF,2007,2007-12-31,152182,35836,10,0.9947905540466309
NeuMF,2007,2007-12-31,152211,4226,1,0.999832034111023
NeuMF,2007,2007-12-31,152211,4993,2,0.9996597766876221
NeuMF,2007,2007-12-31,152211,7153,3,0.9992489218711853
NeuMF,2007,2007-12-31,152211,3996,4,0.9992179870605469
NeuMF,2007,2007-12-31,152211,4886,5,0.9990850687026978
NeuMF,2007,2007-12-31,152211,2858,6,0.9989299178123474
NeuMF,2007,2007-12-31,152211,5445,7,0.9989244341850281
NeuMF,2007,2007-12-31,152211,2997,8,0.9989070892333984
NeuMF,2007,2007-12-31,152211,4027,9,0.9988962411880493
NeuMF,2007,2007-12-31,152211,4306,10,0.998868465423584
NeuMF,2007,2007-12-31,152465,1032,1,0.9998812675476074
NeuMF,2007,2007-12-31,152465,27731,2,0.9997361302375793
NeuMF,2007,2007-12-31,152465,581,3,0.99970942735672
NeuMF,2007,2007-12-31,152465,1031,4,0.9996994733810425
NeuMF,2007,2007-12-31,152465,3399,5,0.9993023872375488
NeuMF,2007,2007-12-31,152465,3429,6,0.9992746710777283
NeuMF,2007,2007-12-31,152465,5690,7,0.9992082715034485
NeuMF,2007,2007-12-31,152465,1148,8,0.9992032647132874
NeuMF,2007,2007-12-31,152465,1025,9,0.999198853969574
NeuMF,2007,2007-12-31,152465,1022,10,0.9989199638366699
NeuMF,2007,2007-12-31,152851,27317,1,0.9999440908432007
NeuMF,2007,2007-12-31,152851,7396,2,0.9999277591705322
NeuMF,2007,2007-12-31,152851,6975,3,0.9998993873596191
NeuMF,2007,2007-12-31,152851,7327,4,0.9998937845230103
NeuMF,2007,2007-12-31,152851,27266,5,0.9997748732566833
NeuMF,2007,2007-12-31,152851,2730,6,0.9997368454933167
NeuMF,2007,2007-12-31,152851,778,7,0.9996342658996582
NeuMF,2007,2007-12-31,152851,2076,8,0.9995991587638855
NeuMF,2007,2007-12-31,152851,608,9,0.9995318651199341
NeuMF,2007,2007-12-31,152851,1464,10,0.999370276927948
NeuMF,2007,2007-12-31,152894,5651,1,0.9975218176841736
NeuMF,2007,2007-12-31,152894,6187,2,0.9973483085632324
NeuMF,2007,2007-12-31,152894,7347,3,0.9970273375511169
NeuMF,2007,2007-12-31,152894,4848,4,0.9965566396713257
NeuMF,2007,2007-12-31,152894,7458,5,0.9961215853691101
NeuMF,2007,2007-12-31,152894,899,6,0.9961005449295044
NeuMF,2007,2007-12-31,152894,3399,7,0.9960351586341858
NeuMF,2007,2007-12-31,152894,2432,8,0.9953527450561523
NeuMF,2007,2007-12-31,152894,3061,9,0.9952547550201416
NeuMF,2007,2007-12-31,152894,7155,10,0.995220959186554
NeuMF,2007,2007-12-31,153053,171,1,0.9966128468513489
NeuMF,2007,2007-12-31,153053,327,2,0.9963985681533813
NeuMF,2007,2007-12-31,153053,1962,3,0.9951757192611694
NeuMF,2007,2007-12-31,153053,3809,4,0.9942438006401062
NeuMF,2007,2007-12-31,153053,2432,5,0.9933927655220032
NeuMF,2007,2007-12-31,153053,4205,6,0.9926141500473022
NeuMF,2007,2007-12-31,153053,3071,7,0.9919458031654358
NeuMF,2007,2007-12-31,153053,1124,8,0.9912364482879639
NeuMF,2007,2007-12-31,153053,249,9,0.9911804795265198
NeuMF,2007,2007-12-31,153053,1735,10,0.9888136982917786
NeuMF,2007,2007-12-31,153077,33639,1,0.9999212026596069
NeuMF,2007,2007-12-31,153077,4880,2,0.9996356964111328
NeuMF,2007,2007-12-31,153077,6268,3,0.9990600943565369
NeuMF,2007,2007-12-31,153077,4028,4,0.9987284541130066
NeuMF,2007,2007-12-31,153077,1449,5,0.9983718991279602
NeuMF,2007,2007-12-31,153077,8958,6,0.9982566237449646
NeuMF,2007,2007-12-31,153077,4616,7,0.9982243180274963
NeuMF,2007,2007-12-31,153077,31433,8,0.9979276657104492
NeuMF,2007,2007-12-31,153077,32025,9,0.9976582527160645
NeuMF,2007,2007-12-31,153077,46578,10,0.9974666833877563
NeuMF,2007,2007-12-31,153195,1917,1,0.997945249080658
NeuMF,2007,2007-12-31,153195,8644,2,0.9974948167800903
NeuMF,2007,2007-12-31,153195,8798,3,0.9967849254608154
NeuMF,2007,2007-12-31,153195,8622,4,0.9962524771690369
NeuMF,2007,2007-12-31,153195,2353,5,0.996215283870697
NeuMF,2007,2007-12-31,153195,32587,6,0.9959700107574463
NeuMF,2007,2007-12-31,153195,442,7,0.9942177534103394
NeuMF,2007,2007-12-31,153195,1320,8,0.9938342571258545
NeuMF,2007,2007-12-31,153195,4027,9,0.9938141107559204
NeuMF,2007,2007-12-31,153195,7156,10,0.9933449029922485
NeuMF,2007,2007-12-31,153587,42738,1,0.9999812841415405
NeuMF,2007,2007-12-31,153587,40819,2,0.9999560117721558
NeuMF,2007,2007-12-31,153587,35836,3,0.9999527931213379
NeuMF,2007,2007-12-31,153587,27660,4,0.9997392296791077
NeuMF,2007,2007-12-31,153587,40583,5,0.9997001886367798
NeuMF,2007,2007-12-31,153587,33834,6,0.9996680021286011
NeuMF,2007,2007-12-31,153587,8132,7,0.999527096748352
NeuMF,2007,2007-12-31,153587,46578,8,0.9993892908096313
NeuMF,2007,2007-12-31,153587,33880,9,0.9992836117744446
NeuMF,2007,2007-12-31,153587,33164,10,0.999214768409729
NeuMF,2007,2007-12-31,153642,1673,1,0.9984228610992432
NeuMF,2007,2007-12-31,153642,33615,2,0.9980339407920837
NeuMF,2007,2007-12-31,153642,30793,3,0.9972244501113892
NeuMF,2007,2007-12-31,153642,5266,4,0.9968851208686829
NeuMF,2007,2007-12-31,153642,858,5,0.9965863227844238
NeuMF,2007,2007-12-31,153642,18,6,0.9963907599449158
NeuMF,2007,2007-12-31,153642,5541,7,0.9958879351615906
NeuMF,2007,2007-12-31,153642,45722,8,0.9942286014556885
NeuMF,2007,2007-12-31,153642,34437,9,0.9934473633766174
NeuMF,2007,2007-12-31,153642,5673,10,0.9928776621818542
NeuMF,2007,2007-12-31,153706,33166,1,0.9998924732208252
NeuMF,2007,2007-12-31,153706,296,2,0.9996176958084106
NeuMF,2007,2007-12-31,153706,44199,3,0.9988400340080261
NeuMF,2007,2007-12-31,153706,33794,4,0.9987767338752747
NeuMF,2007,2007-12-31,153706,40819,5,0.9986768364906311
NeuMF,2007,2007-12-31,153706,2329,6,0.9986662864685059
NeuMF,2007,2007-12-31,153706,41997,7,0.9984537363052368
NeuMF,2007,2007-12-31,153706,47,8,0.9984311461448669
NeuMF,2007,2007-12-31,153706,34437,9,0.9983901977539062
NeuMF,2007,2007-12-31,153706,4226,10,0.9983283877372742
NeuMF,2007,2007-12-31,154786,1347,1,0.9991734623908997
NeuMF,2007,2007-12-31,154786,2367,2,0.999121367931366
NeuMF,2007,2007-12-31,154786,26375,3,0.9985950589179993
NeuMF,2007,2007-12-31,154786,6989,4,0.9982686042785645
NeuMF,2007,2007-12-31,154786,2944,5,0.9979705214500427
NeuMF,2007,2007-12-31,154786,1094,6,0.997967541217804
NeuMF,2007,2007-12-31,154786,7040,7,0.9979013204574585
NeuMF,2007,2007-12-31,154786,1587,8,0.9977868795394897
NeuMF,2007,2007-12-31,154786,8947,9,0.9973167777061462
NeuMF,2007,2007-12-31,154786,3527,10,0.9969857335090637
NeuMF,2007,2007-12-31,155185,1197,1,0.9993067979812622
NeuMF,2007,2007-12-31,155185,4447,2,0.9985284805297852
NeuMF,2007,2007-12-31,155185,4246,3,0.9972578883171082
NeuMF,2007,2007-12-31,155185,4823,4,0.9971886277198792
NeuMF,2007,2007-12-31,155185,923,5,0.9967984557151794
NeuMF,2007,2007-12-31,155185,3396,6,0.9964988231658936
NeuMF,2007,2007-12-31,155185,708,7,0.9963842630386353
NeuMF,2007,2007-12-31,155185,4085,8,0.9963318705558777
NeuMF,2007,2007-12-31,155185,3213,9,0.9960816502571106
NeuMF,2007,2007-12-31,155185,1962,10,0.9954507946968079
NeuMF,2007,2007-12-31,155294,4728,1,0.9996920824050903
NeuMF,2007,2007-12-31,155294,27838,2,0.9994420409202576
NeuMF,2007,2007-12-31,155294,5679,3,0.9993614554405212
NeuMF,2007,2007-12-31,155294,4963,4,0.9993367791175842
NeuMF,2007,2007-12-31,155294,5379,5,0.9993128776550293
NeuMF,2007,2007-12-31,155294,4975,6,0.999264657497406
NeuMF,2007,2007-12-31,155294,6535,7,0.9989686012268066
NeuMF,2007,2007-12-31,155294,7147,8,0.9988859295845032
NeuMF,2007,2007-12-31,155294,8937,9,0.9988570213317871
NeuMF,2007,2007-12-31,155294,6936,10,0.9986469149589539
NeuMF,2007,2007-12-31,155357,3196,1,0.9993539452552795
NeuMF,2007,2007-12-31,155357,1178,2,0.9989614486694336
NeuMF,2007,2007-12-31,155357,4406,3,0.9988991022109985
NeuMF,2007,2007-12-31,155357,2948,4,0.9979483485221863
NeuMF,2007,2007-12-31,155357,7070,5,0.9971265196800232
NeuMF,2007,2007-12-31,155357,3959,6,0.9958503246307373
NeuMF,2007,2007-12-31,155357,3507,7,0.9951649904251099
NeuMF,2007,2007-12-31,155357,3703,8,0.9951604008674622
NeuMF,2007,2007-12-31,155357,3742,9,0.9949648976325989
NeuMF,2007,2007-12-31,155357,4993,10,0.994803249835968
NeuMF,2007,2007-12-31,155384,4226,1,0.999221682548523
NeuMF,2007,2007-12-31,155384,296,2,0.9979053735733032
NeuMF,2007,2007-12-31,155384,47,3,0.9969272017478943
NeuMF,2007,2007-12-31,155384,4878,4,0.9968721270561218
NeuMF,2007,2007-12-31,155384,32,5,0.9949712753295898
NeuMF,2007,2007-12-31,155384,4027,6,0.9944591522216797
NeuMF,2007,2007-12-31,155384,3996,7,0.9939826130867004
NeuMF,2007,2007-12-31,155384,541,8,0.9935530424118042
NeuMF,2007,2007-12-31,155384,1270,9,0.9927968382835388
NeuMF,2007,2007-12-31,155384,778,10,0.991710364818573
NeuMF,2007,2007-12-31,155415,6550,1,0.9996696710586548
NeuMF,2007,2007-12-31,155415,6378,2,0.9996100068092346
NeuMF,2007,2007-12-31,155415,8972,3,0.9995779395103455
NeuMF,2007,2007-12-31,155415,34150,4,0.9993232488632202
NeuMF,2007,2007-12-31,155415,6537,5,0.99930739402771
NeuMF,2007,2007-12-31,155415,31696,6,0.9992496371269226
NeuMF,2007,2007-12-31,155415,42013,7,0.9991462230682373
NeuMF,2007,2007-12-31,155415,8361,8,0.9990988969802856
NeuMF,2007,2007-12-31,155415,6157,9,0.9989853501319885
NeuMF,2007,2007-12-31,155415,8640,10,0.9988235831260681
NeuMF,2007,2007-12-31,155433,1276,1,0.9990297555923462
NeuMF,2007,2007-12-31,155433,4178,2,0.9980903267860413
NeuMF,2007,2007-12-31,155433,1207,3,0.9971615076065063
NeuMF,2007,2007-12-31,155433,1267,4,0.9971215128898621
NeuMF,2007,2007-12-31,155433,4327,5,0.9970780611038208
NeuMF,2007,2007-12-31,155433,2300,6,0.996990442276001
NeuMF,2007,2007-12-31,155433,5349,7,0.996906578540802
NeuMF,2007,2007-12-31,155433,8167,8,0.9968185424804688
NeuMF,2007,2007-12-31,155433,3972,9,0.9967525005340576
NeuMF,2007,2007-12-31,155433,4027,10,0.996241569519043
NeuMF,2007,2007-12-31,155671,44199,1,0.9979358911514282
NeuMF,2007,2007-12-31,155671,2805,2,0.9975649118423462
NeuMF,2007,2007-12-31,155671,36529,3,0.9969782829284668
NeuMF,2007,2007-12-31,155671,6016,4,0.9968076944351196
NeuMF,2007,2007-12-31,155671,27831,5,0.9963717460632324
NeuMF,2007,2007-12-31,155671,7151,6,0.9946229457855225
NeuMF,2007,2007-12-31,155671,36517,7,0.9939982891082764
NeuMF,2007,2007-12-31,155671,1479,8,0.9923052191734314
NeuMF,2007,2007-12-31,155671,6370,9,0.9919694066047668
NeuMF,2007,2007-12-31,155671,44204,10,0.9913691878318787
NeuMF,2007,2007-12-31,155770,3503,1,0.999945878982544
NeuMF,2007,2007-12-31,155770,33834,2,0.9998519420623779
NeuMF,2007,2007-12-31,155770,5254,3,0.9997465014457703
NeuMF,2007,2007-12-31,155770,7982,4,0.9995694756507874
NeuMF,2007,2007-12-31,155770,7022,5,0.9995309114456177
NeuMF,2007,2007-12-31,155770,4446,6,0.9995032548904419
NeuMF,2007,2007-12-31,155770,4641,7,0.9987542629241943
NeuMF,2007,2007-12-31,155770,1255,8,0.9986547231674194
NeuMF,2007,2007-12-31,155770,2117,9,0.9986345171928406
NeuMF,2007,2007-12-31,155770,104,10,0.9985107779502869
NeuMF,2007,2007-12-31,155823,342,1,0.9989166259765625
NeuMF,2007,2007-12-31,155823,235,2,0.9985042810440063
NeuMF,2007,2007-12-31,155823,4117,3,0.9983515739440918
NeuMF,2007,2007-12-31,155823,2395,4,0.9982773065567017
NeuMF,2007,2007-12-31,155823,7084,5,0.9978815913200378
NeuMF,2007,2007-12-31,155823,246,6,0.9976117610931396
NeuMF,2007,2007-12-31,155823,2406,7,0.9971460700035095
NeuMF,2007,2007-12-31,155823,5747,8,0.9970006346702576
NeuMF,2007,2007-12-31,155823,1292,9,0.9966849684715271
NeuMF,2007,2007-12-31,155823,1188,10,0.9961936473846436
NeuMF,2007,2007-12-31,156066,3968,1,0.999667763710022
NeuMF,2007,2007-12-31,156066,5313,2,0.9995830655097961
NeuMF,2007,2007-12-31,156066,4343,3,0.9993939399719238
NeuMF,2007,2007-12-31,156066,4741,4,0.9992020726203918
NeuMF,2007,2007-12-31,156066,466,5,0.9991880059242249
NeuMF,2007,2007-12-31,156066,4015,6,0.99913090467453
NeuMF,2007,2007-12-31,156066,6888,7,0.9991059899330139
NeuMF,2007,2007-12-31,156066,4701,8,0.9990450739860535
NeuMF,2007,2007-12-31,156066,6537,9,0.998874843120575
NeuMF,2007,2007-12-31,156066,5283,10,0.9987157583236694
NeuMF,2007,2007-12-31,156260,2671,1,0.9978358149528503
NeuMF,2007,2007-12-31,156260,215,2,0.9978308081626892
NeuMF,2007,2007-12-31,156260,4450,3,0.9974761605262756
NeuMF,2007,2007-12-31,156260,8638,4,0.9959467053413391
NeuMF,2007,2007-12-31,156260,508,5,0.9950801134109497
NeuMF,2007,2007-12-31,156260,253,6,0.9949559569358826
NeuMF,2007,2007-12-31,156260,6322,7,0.9948354959487915
NeuMF,2007,2007-12-31,156260,27803,8,0.9943155646324158
NeuMF,2007,2007-12-31,156260,9005,9,0.9935410022735596
NeuMF,2007,2007-12-31,156260,7151,10,0.9934582114219666
NeuMF,2007,2007-12-31,156467,2232,1,0.9989700317382812
NeuMF,2007,2007-12-31,156467,1772,2,0.9970141649246216
NeuMF,2007,2007-12-31,156467,1232,3,0.9963891506195068
NeuMF,2007,2007-12-31,156467,36529,4,0.9957321286201477
NeuMF,2007,2007-12-31,156467,2467,5,0.9954622387886047
NeuMF,2007,2007-12-31,156467,923,6,0.9950776696205139
NeuMF,2007,2007-12-31,156467,551,7,0.9947196245193481
NeuMF,2007,2007-12-31,156467,4350,8,0.994570791721344
NeuMF,2007,2007-12-31,156467,3893,9,0.993705689907074
NeuMF,2007,2007-12-31,156467,5388,10,0.9931944608688354
NeuMF,2007,2007-12-31,156669,7013,1,0.9996563196182251
NeuMF,2007,2007-12-31,156669,7089,2,0.9992176294326782
NeuMF,2007,2007-12-31,156669,7153,3,0.9991794228553772
NeuMF,2007,2007-12-31,156669,7983,4,0.9988320469856262
NeuMF,2007,2007-12-31,156669,8961,5,0.9985137581825256
NeuMF,2007,2007-12-31,156669,6104,6,0.9985120892524719
NeuMF,2007,2007-12-31,156669,7934,7,0.9983859062194824
NeuMF,2007,2007-12-31,156669,541,8,0.9983317255973816
NeuMF,2007,2007-12-31,156669,1201,9,0.9980504512786865
NeuMF,2007,2007-12-31,156669,1252,10,0.9976829290390015
NeuMF,2007,2007-12-31,156846,1485,1,0.9996685981750488
NeuMF,2007,2007-12-31,156846,104,2,0.9987390637397766
NeuMF,2007,2007-12-31,156846,33794,3,0.9983188509941101
NeuMF,2007,2007-12-31,156846,3052,4,0.998307466506958
NeuMF,2007,2007-12-31,156846,4467,5,0.9981763362884521
NeuMF,2007,2007-12-31,156846,1527,6,0.9979216456413269
NeuMF,2007,2007-12-31,156846,4027,7,0.997223973274231
NeuMF,2007,2007-12-31,156846,1682,8,0.9969955682754517
NeuMF,2007,2007-12-31,156846,588,9,0.9969447255134583
NeuMF,2007,2007-12-31,156846,1059,10,0.9967761635780334
NeuMF,2007,2007-12-31,156931,8937,1,0.9998906850814819
NeuMF,2007,2007-12-31,156931,3980,2,0.9997666478157043
NeuMF,2007,2007-12-31,156931,6005,3,0.9996963739395142
NeuMF,2007,2007-12-31,156931,3250,4,0.9995821118354797
NeuMF,2007,2007-12-31,156931,3753,5,0.9995368719100952
NeuMF,2007,2007-12-31,156931,2423,6,0.9995237588882446
NeuMF,2007,2007-12-31,156931,31225,7,0.9994915723800659
NeuMF,2007,2007-12-31,156931,7143,8,0.9994383454322815
NeuMF,2007,2007-12-31,156931,6338,9,0.9994127750396729
NeuMF,2007,2007-12-31,156931,1393,10,0.9992697834968567
NeuMF,2007,2007-12-31,156948,4973,1,0.9982709884643555
NeuMF,2007,2007-12-31,156948,6305,2,0.9967921376228333
NeuMF,2007,2007-12-31,156948,4117,3,0.9964680671691895
NeuMF,2007,2007-12-31,156948,3707,4,0.9947758913040161
NeuMF,2007,2007-12-31,156948,342,5,0.994484007358551
NeuMF,2007,2007-12-31,156948,4464,6,0.9934682846069336
NeuMF,2007,2007-12-31,156948,272,7,0.9930567741394043
NeuMF,2007,2007-12-31,156948,1307,8,0.9929810762405396
NeuMF,2007,2007-12-31,156948,2150,9,0.9925379157066345
NeuMF,2007,2007-12-31,156948,4327,10,0.9903023838996887
NeuMF,2007,2007-12-31,157004,174,1,0.9986404776573181
NeuMF,2007,2007-12-31,157004,1566,2,0.996527373790741
NeuMF,2007,2007-12-31,157004,19,3,0.9950366616249084
NeuMF,2007,2007-12-31,157004,2605,4,0.9942580461502075
NeuMF,2007,2007-12-31,157004,7007,5,0.994239091873169
NeuMF,2007,2007-12-31,157004,3879,6,0.994216799736023
NeuMF,2007,2007-12-31,157004,6952,7,0.9933633804321289
NeuMF,2007,2007-12-31,157004,1907,8,0.9920449256896973
NeuMF,2007,2007-12-31,157004,2421,9,0.9917297959327698
NeuMF,2007,2007-12-31,157004,4721,10,0.9909392595291138
NeuMF,2007,2007-12-31,157087,2096,1,0.9986509680747986
NeuMF,2007,2007-12-31,157087,33660,2,0.9978195428848267
NeuMF,2007,2007-12-31,157087,39414,3,0.9972507357597351
NeuMF,2007,2007-12-31,157087,41569,4,0.9971230626106262
NeuMF,2007,2007-12-31,157087,37384,5,0.9955427050590515
NeuMF,2007,2007-12-31,157087,2085,6,0.9952373504638672
NeuMF,2007,2007-12-31,157087,45666,7,0.9949252605438232
NeuMF,2007,2007-12-31,157087,2078,8,0.9938115477561951
NeuMF,2007,2007-12-31,157087,5617,9,0.9931303858757019
NeuMF,2007,2007-12-31,157087,1961,10,0.9924159049987793
NeuMF,2007,2007-12-31,157307,2571,1,0.9985812902450562
NeuMF,2007,2007-12-31,157307,5528,2,0.998072624206543
NeuMF,2007,2007-12-31,157307,2028,3,0.9969697594642639
NeuMF,2007,2007-12-31,157307,2353,4,0.9969603419303894
NeuMF,2007,2007-12-31,157307,2706,5,0.9967688322067261
NeuMF,2007,2007-12-31,157307,2231,6,0.9966536164283752
NeuMF,2007,2007-12-31,157307,5481,7,0.9963358640670776
NeuMF,2007,2007-12-31,157307,1573,8,0.9961584210395813
NeuMF,2007,2007-12-31,157307,2000,9,0.9950891137123108
NeuMF,2007,2007-12-31,157307,5445,10,0.9950278401374817
NeuMF,2007,2007-12-31,158183,7090,1,0.9993276596069336
NeuMF,2007,2007-12-31,158183,8784,2,0.9985939860343933
NeuMF,2007,2007-12-31,158183,8665,3,0.9968928098678589
NeuMF,2007,2007-12-31,158183,2993,4,0.9963345527648926
NeuMF,2007,2007-12-31,158183,3246,5,0.9961844086647034
NeuMF,2007,2007-12-31,158183,1086,6,0.9961381554603577
NeuMF,2007,2007-12-31,158183,8228,7,0.9960227012634277
NeuMF,2007,2007-12-31,158183,292,8,0.9957787990570068
NeuMF,2007,2007-12-31,158183,2616,9,0.995743453502655
NeuMF,2007,2007-12-31,158183,38038,10,0.9953218102455139
NeuMF,2007,2007-12-31,158353,4886,1,0.9998594522476196
NeuMF,2007,2007-12-31,158353,4226,2,0.999652624130249
NeuMF,2007,2007-12-31,158353,3081,3,0.9995357990264893
NeuMF,2007,2007-12-31,158353,6197,4,0.9994572997093201
NeuMF,2007,2007-12-31,158353,4720,5,0.9993122816085815
NeuMF,2007,2007-12-31,158353,5903,6,0.9990610480308533
NeuMF,2007,2007-12-31,158353,2232,7,0.998953104019165
NeuMF,2007,2007-12-31,158353,2959,8,0.9987736344337463
NeuMF,2007,2007-12-31,158353,4370,9,0.998371422290802
NeuMF,2007,2007-12-31,158353,4995,10,0.9980213642120361
NeuMF,2007,2007-12-31,158453,4823,1,0.9993797540664673
NeuMF,2007,2007-12-31,158453,8813,2,0.9993788003921509
NeuMF,2007,2007-12-31,158453,8376,3,0.9988293051719666
NeuMF,2007,2007-12-31,158453,33794,4,0.9983540773391724
NeuMF,2007,2007-12-31,158453,40819,5,0.9976589679718018
NeuMF,2007,2007-12-31,158453,4052,6,0.9958218336105347
NeuMF,2007,2007-12-31,158453,3949,7,0.9958130717277527
NeuMF,2007,2007-12-31,158453,3512,8,0.9956904053688049
NeuMF,2007,2007-12-31,158453,30707,9,0.9954207539558411
NeuMF,2007,2007-12-31,158453,1060,10,0.9954068660736084
NeuMF,2007,2007-12-31,158634,373,1,0.9989498257637024
NeuMF,2007,2007-12-31,158634,2949,2,0.9988940358161926
NeuMF,2007,2007-12-31,158634,2664,3,0.9988638162612915
NeuMF,2007,2007-12-31,158634,3499,4,0.9972304701805115
NeuMF,2007,2007-12-31,158634,3706,5,0.9971242547035217
NeuMF,2007,2007-12-31,158634,5294,6,0.9970429539680481
NeuMF,2007,2007-12-31,158634,7757,7,0.9967269897460938
NeuMF,2007,2007-12-31,158634,5617,8,0.996232807636261
NeuMF,2007,2007-12-31,158634,5959,9,0.9962272644042969
NeuMF,2007,2007-12-31,158634,5528,10,0.9960142374038696
NeuMF,2007,2007-12-31,158662,5853,1,0.999988317489624
NeuMF,2007,2007-12-31,158662,6774,2,0.9995771050453186
NeuMF,2007,2007-12-31,158662,2660,3,0.9990342855453491
NeuMF,2007,2007-12-31,158662,8501,4,0.9988365769386292
NeuMF,2007,2007-12-31,158662,1320,5,0.9988094568252563
NeuMF,2007,2007-12-31,158662,3918,6,0.9987963438034058
NeuMF,2007,2007-12-31,158662,31923,7,0.9985551238059998
NeuMF,2007,2007-12-31,158662,3676,8,0.9984468817710876
NeuMF,2007,2007-12-31,158662,3576,9,0.9983839988708496
NeuMF,2007,2007-12-31,158662,3704,10,0.9983047246932983
NeuMF,2007,2007-12-31,159175,3435,1,0.999907374382019
NeuMF,2007,2007-12-31,159175,7072,2,0.9997674822807312
NeuMF,2007,2007-12-31,159175,8228,3,0.9996870756149292
NeuMF,2007,2007-12-31,159175,7074,4,0.999567449092865
NeuMF,2007,2007-12-31,159175,2186,5,0.9993383288383484
NeuMF,2007,2007-12-31,159175,6650,6,0.9987687468528748
NeuMF,2007,2007-12-31,159175,25923,7,0.9987371563911438
NeuMF,2007,2007-12-31,159175,2066,8,0.9985920786857605
NeuMF,2007,2007-12-31,159175,1267,9,0.9982008934020996
NeuMF,2007,2007-12-31,159175,6331,10,0.9981815814971924
NeuMF,2007,2007-12-31,159460,2599,1,0.997945249080658
NeuMF,2007,2007-12-31,159460,8807,2,0.9977231621742249
NeuMF,2007,2007-12-31,159460,277,3,0.9959164261817932
NeuMF,2007,2007-12-31,159460,1513,4,0.9954960346221924
NeuMF,2007,2007-12-31,159460,3052,5,0.9952516555786133
NeuMF,2007,2007-12-31,159460,2302,6,0.9948870539665222
NeuMF,2007,2007-12-31,159460,2572,7,0.9948511719703674
NeuMF,2007,2007-12-31,159460,2804,8,0.994758665561676
NeuMF,2007,2007-12-31,159460,3270,9,0.9943026304244995
NeuMF,2007,2007-12-31,159460,30810,10,0.9930570125579834
NeuMF,2007,2007-12-31,159649,2692,1,0.9983128309249878
NeuMF,2007,2007-12-31,159649,3996,2,0.9977178573608398
NeuMF,2007,2007-12-31,159649,4857,3,0.9973511695861816
NeuMF,2007,2007-12-31,159649,3408,4,0.9971522092819214
NeuMF,2007,2007-12-31,159649,3751,5,0.996993899345398
NeuMF,2007,2007-12-31,159649,3000,6,0.9968308806419373
NeuMF,2007,2007-12-31,159649,5446,7,0.9963632225990295
NeuMF,2007,2007-12-31,159649,1678,8,0.9952108263969421
NeuMF,2007,2007-12-31,159649,4973,9,0.9951423406600952
NeuMF,2007,2007-12-31,159649,6713,10,0.9946957230567932
NeuMF,2007,2007-12-31,159661,4886,1,0.999848484992981
NeuMF,2007,2007-12-31,159661,7153,2,0.9997014403343201
NeuMF,2007,2007-12-31,159661,30707,3,0.9996395111083984
NeuMF,2007,2007-12-31,159661,40819,4,0.9995456337928772
NeuMF,2007,2007-12-31,159661,41569,5,0.9994850158691406
NeuMF,2007,2007-12-31,159661,6565,6,0.9990941286087036
NeuMF,2007,2007-12-31,159661,3471,7,0.9986571073532104
NeuMF,2007,2007-12-31,159661,4995,8,0.9985454082489014
NeuMF,2007,2007-12-31,159661,8970,9,0.9984716773033142
NeuMF,2007,2007-12-31,159661,8949,10,0.9984655380249023
NeuMF,2007,2007-12-31,159690,7090,1,0.9981465339660645
NeuMF,2007,2007-12-31,159690,8949,2,0.997545063495636
NeuMF,2007,2007-12-31,159690,3196,3,0.9974036812782288
NeuMF,2007,2007-12-31,159690,4956,4,0.9971640706062317
NeuMF,2007,2007-12-31,159690,194,5,0.9971591234207153
NeuMF,2007,2007-12-31,159690,7013,6,0.9971179962158203
NeuMF,2007,2007-12-31,159690,1295,7,0.9963952898979187
NeuMF,2007,2007-12-31,159690,2745,8,0.9962196946144104
NeuMF,2007,2007-12-31,159690,912,9,0.9955934882164001
NeuMF,2007,2007-12-31,159690,4529,10,0.9954000115394592
NeuMF,2007,2007-12-31,159713,1726,1,0.9998435974121094
NeuMF,2007,2007-12-31,159713,242,2,0.9991720914840698
NeuMF,2007,2007-12-31,159713,7042,3,0.9989921450614929
NeuMF,2007,2007-12-31,159713,3198,4,0.9970738887786865
NeuMF,2007,2007-12-31,159713,105,5,0.9966213703155518
NeuMF,2007,2007-12-31,159713,5608,6,0.9962615370750427
NeuMF,2007,2007-12-31,159713,8644,7,0.9960655570030212
NeuMF,2007,2007-12-31,159713,4955,8,0.9952281713485718
NeuMF,2007,2007-12-31,159713,1597,9,0.995029628276825
NeuMF,2007,2007-12-31,159713,3408,10,0.9947669506072998
NeuMF,2007,2007-12-31,160060,4226,1,0.9994966983795166
NeuMF,2007,2007-12-31,160060,4886,2,0.9988320469856262
NeuMF,2007,2007-12-31,160060,5378,3,0.998630940914154
NeuMF,2007,2007-12-31,160060,3578,4,0.9979857206344604
NeuMF,2007,2007-12-31,160060,6502,5,0.9975802898406982
NeuMF,2007,2007-12-31,160060,1909,6,0.9972845315933228
NeuMF,2007,2007-12-31,160060,4701,7,0.9968546628952026
NeuMF,2007,2007-12-31,160060,34150,8,0.996639609336853
NeuMF,2007,2007-12-31,160060,7147,9,0.9966262578964233
NeuMF,2007,2007-12-31,160060,6874,10,0.9963033199310303
NeuMF,2007,2007-12-31,160598,2506,1,0.9984338879585266
NeuMF,2007,2007-12-31,160598,4345,2,0.9982354640960693
NeuMF,2007,2007-12-31,160598,4676,3,0.9970530271530151
NeuMF,2007,2007-12-31,160598,4039,4,0.9970231652259827
NeuMF,2007,2007-12-31,160598,337,5,0.9969377517700195
NeuMF,2007,2007-12-31,160598,3156,6,0.9967387318611145
NeuMF,2007,2007-12-31,160598,2485,7,0.9957483410835266
NeuMF,2007,2007-12-31,160598,4242,8,0.9951958060264587
NeuMF,2007,2007-12-31,160598,4649,9,0.9944608211517334
NeuMF,2007,2007-12-31,160598,2083,10,0.9937451481819153
NeuMF,2007,2007-12-31,160611,3275,1,0.9998927116394043
NeuMF,2007,2007-12-31,160611,48516,2,0.999728262424469
NeuMF,2007,2007-12-31,160611,43936,3,0.999524712562561
NeuMF,2007,2007-12-31,160611,35957,4,0.999430239200592
NeuMF,2007,2007-12-31,160611,46530,5,0.9993982315063477
NeuMF,2007,2007-12-31,160611,40959,6,0.999357283115387
NeuMF,2007,2007-12-31,160611,34048,7,0.9992559552192688
NeuMF,2007,2007-12-31,160611,8972,8,0.9992058873176575
NeuMF,2007,2007-12-31,160611,104,9,0.999170184135437
NeuMF,2007,2007-12-31,160611,39419,10,0.9986011385917664
NeuMF,2007,2007-12-31,160617,6001,1,0.9994173049926758
NeuMF,2007,2007-12-31,160617,1921,2,0.9992830157279968
NeuMF,2007,2007-12-31,160617,1260,3,0.9992045760154724
NeuMF,2007,2007-12-31,160617,6852,4,0.9989972710609436
NeuMF,2007,2007-12-31,160617,101,5,0.9989683628082275
NeuMF,2007,2007-12-31,160617,702,6,0.9989461302757263
NeuMF,2007,2007-12-31,160617,3742,7,0.9988454580307007
NeuMF,2007,2007-12-31,160617,3683,8,0.9988353848457336
NeuMF,2007,2007-12-31,160617,3338,9,0.9987186193466187
NeuMF,2007,2007-12-31,160617,3730,10,0.9986947178840637
NeuMF,2007,2007-12-31,161025,6373,1,0.9990070462226868
NeuMF,2007,2007-12-31,161025,7034,2,0.9988522529602051
NeuMF,2007,2007-12-31,161025,6016,3,0.9985650181770325
NeuMF,2007,2007-12-31,161025,5309,4,0.9979815483093262
NeuMF,2007,2007-12-31,161025,5528,5,0.9974762797355652
NeuMF,2007,2007-12-31,161025,552,6,0.9972973465919495
NeuMF,2007,2007-12-31,161025,6286,7,0.9969432950019836
NeuMF,2007,2007-12-31,161025,165,8,0.9969325065612793
NeuMF,2007,2007-12-31,161025,6333,9,0.9967825412750244
NeuMF,2007,2007-12-31,161025,2006,10,0.9966359734535217
NeuMF,2007,2007-12-31,161370,1293,1,0.9991849064826965
NeuMF,2007,2007-12-31,161370,1250,2,0.9986592531204224
NeuMF,2007,2007-12-31,161370,1201,3,0.9957273006439209
NeuMF,2007,2007-12-31,161370,4973,4,0.9953359961509705
NeuMF,2007,2007-12-31,161370,7147,5,0.9945130348205566
NeuMF,2007,2007-12-31,161370,1197,6,0.9939025640487671
NeuMF,2007,2007-12-31,161370,2944,7,0.9911493062973022
NeuMF,2007,2007-12-31,161370,1213,8,0.9910050630569458
NeuMF,2007,2007-12-31,161370,2329,9,0.9909805655479431
NeuMF,2007,2007-12-31,161370,1203,10,0.9902183413505554
NeuMF,2007,2007-12-31,161463,44191,1,0.9998419284820557
NeuMF,2007,2007-12-31,161463,8949,2,0.9994640946388245
NeuMF,2007,2007-12-31,161463,34048,3,0.9994034767150879
NeuMF,2007,2007-12-31,161463,38886,4,0.9993427395820618
NeuMF,2007,2007-12-31,161463,30707,5,0.9991971850395203
NeuMF,2007,2007-12-31,161463,8798,6,0.9991831183433533
NeuMF,2007,2007-12-31,161463,1673,7,0.9987939596176147
NeuMF,2007,2007-12-31,161463,33166,8,0.9987229704856873
NeuMF,2007,2007-12-31,161463,40815,9,0.9986296892166138
NeuMF,2007,2007-12-31,161463,1036,10,0.9984386563301086
NeuMF,2007,2007-12-31,162102,954,1,0.9975427389144897
NeuMF,2007,2007-12-31,162102,5122,2,0.9974040389060974
NeuMF,2007,2007-12-31,162102,5187,3,0.9966014623641968
NeuMF,2007,2007-12-31,162102,4857,4,0.995784342288971
NeuMF,2007,2007-12-31,162102,5299,5,0.9954647421836853
NeuMF,2007,2007-12-31,162102,2949,6,0.9946538209915161
NeuMF,2007,2007-12-31,162102,377,7,0.9946104288101196
NeuMF,2007,2007-12-31,162102,2951,8,0.993599534034729
NeuMF,2007,2007-12-31,162102,5445,9,0.9933659434318542
NeuMF,2007,2007-12-31,162102,2565,10,0.9927974343299866
NeuMF,2007,2007-12-31,162426,8641,1,0.9997448325157166
NeuMF,2007,2007-12-31,162426,34162,2,0.9996541738510132
NeuMF,2007,2007-12-31,162426,33493,3,0.9995802044868469
NeuMF,2007,2007-12-31,162426,4034,4,0.9995369911193848
NeuMF,2007,2007-12-31,162426,32587,5,0.9993614554405212
NeuMF,2007,2007-12-31,162426,8636,6,0.9992495179176331
NeuMF,2007,2007-12-31,162426,8827,7,0.9991815686225891
NeuMF,2007,2007-12-31,162426,19,8,0.9991410970687866
NeuMF,2007,2007-12-31,162426,8798,9,0.9990217685699463
NeuMF,2007,2007-12-31,162426,6188,10,0.9989244341850281
NeuMF,2007,2007-12-31,162854,3275,1,0.9989577531814575
NeuMF,2007,2007-12-31,162854,6188,2,0.9987875819206238
NeuMF,2007,2007-12-31,162854,2860,3,0.9976159334182739
NeuMF,2007,2007-12-31,162854,5267,4,0.9973689317703247
NeuMF,2007,2007-12-31,162854,4696,5,0.996367335319519
NeuMF,2007,2007-12-31,162854,4226,6,0.9963047504425049
NeuMF,2007,2007-12-31,162854,3549,7,0.9958726763725281
NeuMF,2007,2007-12-31,162854,3039,8,0.99480801820755
NeuMF,2007,2007-12-31,162854,8798,9,0.9942387342453003
NeuMF,2007,2007-12-31,162854,3421,10,0.9926233291625977
NeuMF,2007,2007-12-31,162970,8207,1,0.9996317625045776
NeuMF,2007,2007-12-31,162970,7153,2,0.9994186162948608
NeuMF,2007,2007-12-31,162970,5995,3,0.9992792010307312
NeuMF,2007,2007-12-31,162970,5747,4,0.9992157220840454
NeuMF,2007,2007-12-31,162970,8636,5,0.999159574508667
NeuMF,2007,2007-12-31,162970,7361,6,0.9991017580032349
NeuMF,2007,2007-12-31,162970,750,7,0.9989266991615295
NeuMF,2007,2007-12-31,162970,7438,8,0.9989087581634521
NeuMF,2007,2007-12-31,162970,5669,9,0.9987132549285889
NeuMF,2007,2007-12-31,162970,5952,10,0.9985969662666321
NeuMF,2007,2007-12-31,163314,8879,1,0.999997615814209
NeuMF,2007,2007-12-31,163314,8542,2,0.9999295473098755
NeuMF,2007,2007-12-31,163314,2205,3,0.9999219179153442
NeuMF,2007,2007-12-31,163314,7215,4,0.9996911287307739
NeuMF,2007,2007-12-31,163314,8999,5,0.9996774196624756
NeuMF,2007,2007-12-31,163314,5168,6,0.9996090531349182
NeuMF,2007,2007-12-31,163314,7579,7,0.9995611310005188
NeuMF,2007,2007-12-31,163314,898,8,0.9994891881942749
NeuMF,2007,2007-12-31,163314,25828,9,0.9994791150093079
NeuMF,2007,2007-12-31,163314,5752,10,0.9994373917579651
NeuMF,2007,2007-12-31,163465,1092,1,0.9995148181915283
NeuMF,2007,2007-12-31,163465,7147,2,0.9992125034332275
NeuMF,2007,2007-12-31,163465,1216,3,0.9988821148872375
NeuMF,2007,2007-12-31,163465,7042,4,0.9988278746604919
NeuMF,2007,2007-12-31,163465,6832,5,0.9983147382736206
NeuMF,2007,2007-12-31,163465,8949,6,0.9981791973114014
NeuMF,2007,2007-12-31,163465,3257,7,0.998046875
NeuMF,2007,2007-12-31,163465,7836,8,0.997725784778595
NeuMF,2007,2007-12-31,163465,3529,9,0.9976966977119446
NeuMF,2007,2007-12-31,163465,3101,10,0.9976159334182739
NeuMF,2007,2007-12-31,163697,4723,1,0.9988999366760254
NeuMF,2007,2007-12-31,163697,534,2,0.9985632300376892
NeuMF,2007,2007-12-31,163697,2024,3,0.9984500408172607
NeuMF,2007,2007-12-31,163697,7013,4,0.9979561567306519
NeuMF,2007,2007-12-31,163697,7151,5,0.9970809817314148
NeuMF,2007,2007-12-31,163697,3547,6,0.9960266351699829
NeuMF,2007,2007-12-31,163697,6183,7,0.9954881072044373
NeuMF,2007,2007-12-31,163697,412,8,0.9948965907096863
NeuMF,2007,2007-12-31,163697,1189,9,0.9948909282684326
NeuMF,2007,2007-12-31,163697,3543,10,0.9948000907897949
NeuMF,2007,2007-12-31,163937,1997,1,0.9991732239723206
NeuMF,2007,2007-12-31,163937,7254,2,0.9990949630737305
NeuMF,2007,2007-12-31,163937,6707,3,0.9988106489181519
NeuMF,2007,2007-12-31,163937,1917,4,0.9987939596176147
NeuMF,2007,2007-12-31,163937,2279,5,0.9979596138000488
NeuMF,2007,2007-12-31,163937,1258,6,0.997671902179718
NeuMF,2007,2007-12-31,163937,2762,7,0.9975054860115051
NeuMF,2007,2007-12-31,163937,1982,8,0.9973829388618469
NeuMF,2007,2007-12-31,163937,34048,9,0.9973427653312683
NeuMF,2007,2007-12-31,163937,5502,10,0.9972670078277588
NeuMF,2007,2007-12-31,163970,3317,1,0.9988916516304016
NeuMF,2007,2007-12-31,163970,37727,2,0.9988278746604919
NeuMF,2007,2007-12-31,163970,4903,3,0.9982534050941467
NeuMF,2007,2007-12-31,163970,5266,4,0.9978692531585693
NeuMF,2007,2007-12-31,163970,12,5,0.9978166818618774
NeuMF,2007,2007-12-31,163970,5668,6,0.9976851940155029
NeuMF,2007,2007-12-31,163970,5225,7,0.9974079728126526
NeuMF,2007,2007-12-31,163970,42418,8,0.9973600506782532
NeuMF,2007,2007-12-31,163970,1357,9,0.9972288012504578
NeuMF,2007,2007-12-31,163970,32291,10,0.9970832467079163
NeuMF,2007,2007-12-31,164315,5992,1,0.9997032284736633
NeuMF,2007,2007-12-31,164315,3831,2,0.99896240234375
NeuMF,2007,2007-12-31,164315,5876,3,0.9968851208686829
NeuMF,2007,2007-12-31,164315,4028,4,0.9957658052444458
NeuMF,2007,2007-12-31,164315,6502,5,0.9957053065299988
NeuMF,2007,2007-12-31,164315,1545,6,0.995165228843689
NeuMF,2007,2007-12-31,164315,5297,7,0.9951100945472717
NeuMF,2007,2007-12-31,164315,7164,8,0.9950567483901978
NeuMF,2007,2007-12-31,164315,6370,9,0.9941068887710571
NeuMF,2007,2007-12-31,164315,3981,10,0.9939517378807068
NeuMF,2007,2007-12-31,164327,3812,1,0.9995741248130798
NeuMF,2007,2007-12-31,164327,3654,2,0.9993305206298828
NeuMF,2007,2007-12-31,164327,6650,3,0.9991402626037598
NeuMF,2007,2007-12-31,164327,908,4,0.9987512826919556
NeuMF,2007,2007-12-31,164327,6787,5,0.9985382556915283
NeuMF,2007,2007-12-31,164327,8167,6,0.9983726143836975
NeuMF,2007,2007-12-31,164327,3505,7,0.9981154203414917
NeuMF,2007,2007-12-31,164327,3735,8,0.997645914554596
NeuMF,2007,2007-12-31,164327,7215,9,0.9975554347038269
NeuMF,2007,2007-12-31,164327,2212,10,0.9972285628318787
NeuMF,2007,2007-12-31,164366,30894,1,0.9983439445495605
NeuMF,2007,2007-12-31,164366,5628,2,0.9973478317260742
NeuMF,2007,2007-12-31,164366,31685,3,0.9964861869812012
NeuMF,2007,2007-12-31,164366,2334,4,0.9956936836242676
NeuMF,2007,2007-12-31,164366,2118,5,0.9954381585121155
NeuMF,2007,2007-12-31,164366,1672,6,0.9953842759132385
NeuMF,2007,2007-12-31,164366,4723,7,0.994756817817688
NeuMF,2007,2007-12-31,164366,1661,8,0.9943782687187195
NeuMF,2007,2007-12-31,164366,589,9,0.9941859245300293
NeuMF,2007,2007-12-31,164366,2836,10,0.9926654696464539
NeuMF,2007,2007-12-31,164391,161,1,0.9984922409057617
NeuMF,2007,2007-12-31,164391,3555,2,0.9983052015304565
NeuMF,2007,2007-12-31,164391,2996,3,0.9973661303520203
NeuMF,2007,2007-12-31,164391,6565,4,0.9971121549606323
NeuMF,2007,2007-12-31,164391,7139,5,0.9968439340591431
NeuMF,2007,2007-12-31,164391,2561,6,0.9968343377113342
NeuMF,2007,2007-12-31,164391,2501,7,0.9966943264007568
NeuMF,2007,2007-12-31,164391,8908,8,0.9962120056152344
NeuMF,2007,2007-12-31,164391,35957,9,0.9960806965827942
NeuMF,2007,2007-12-31,164391,7143,10,0.995984673500061
NeuMF,2007,2007-12-31,164463,26242,1,0.9992377758026123
NeuMF,2007,2007-12-31,164463,45210,2,0.9990760087966919
NeuMF,2007,2007-12-31,164463,3252,3,0.9990552067756653
NeuMF,2007,2007-12-31,164463,8982,4,0.9989628791809082
NeuMF,2007,2007-12-31,164463,7572,5,0.9988215565681458
NeuMF,2007,2007-12-31,164463,3412,6,0.9986833930015564
NeuMF,2007,2007-12-31,164463,318,7,0.9986340403556824
NeuMF,2007,2007-12-31,164463,30898,8,0.9983653426170349
NeuMF,2007,2007-12-31,164463,1372,9,0.9977117776870728
NeuMF,2007,2007-12-31,164463,8464,10,0.9974465370178223
NeuMF,2007,2007-12-31,164776,1214,1,0.9998518228530884
NeuMF,2007,2007-12-31,164776,1219,2,0.9997808337211609
NeuMF,2007,2007-12-31,164776,1206,3,0.9996538162231445
NeuMF,2007,2007-12-31,164776,3307,4,0.9996153116226196
NeuMF,2007,2007-12-31,164776,904,5,0.9995198249816895
NeuMF,2007,2007-12-31,164776,1348,6,0.9994692206382751
NeuMF,2007,2007-12-31,164776,1193,7,0.9994388222694397
NeuMF,2007,2007-12-31,164776,1258,8,0.9994175434112549
NeuMF,2007,2007-12-31,164776,3462,9,0.9994115829467773
NeuMF,2007,2007-12-31,164776,2726,10,0.9992988109588623
NeuMF,2007,2007-12-31,165267,29,1,0.9995405673980713
NeuMF,2007,2007-12-31,165267,5618,2,0.9995342493057251
NeuMF,2007,2007-12-31,165267,3000,3,0.9994910955429077
NeuMF,2007,2007-12-31,165267,306,4,0.9991499185562134
NeuMF,2007,2007-12-31,165267,2959,5,0.9990633130073547
NeuMF,2007,2007-12-31,165267,4886,6,0.9987836480140686
NeuMF,2007,2007-12-31,165267,8253,7,0.9985204339027405
NeuMF,2007,2007-12-31,165267,2692,8,0.9984868764877319
NeuMF,2007,2007-12-31,165267,4878,9,0.998405396938324
NeuMF,2007,2007-12-31,165267,6333,10,0.9981108903884888
NeuMF,2007,2007-12-31,165318,7325,1,0.9988841414451599
NeuMF,2007,2007-12-31,165318,5264,2,0.998819887638092
NeuMF,2007,2007-12-31,165318,8937,3,0.9987101554870605
NeuMF,2007,2007-12-31,165318,7324,4,0.9985792636871338
NeuMF,2007,2007-12-31,165318,35836,5,0.9984295964241028
NeuMF,2007,2007-12-31,165318,5283,6,0.9979504942893982
NeuMF,2007,2007-12-31,165318,7317,7,0.9978116154670715
NeuMF,2007,2007-12-31,165318,40815,8,0.9977129697799683
NeuMF,2007,2007-12-31,165318,37384,9,0.9957503080368042
NeuMF,2007,2007-12-31,165318,34332,10,0.9955706000328064
NeuMF,2007,2007-12-31,165426,33493,1,0.999861478805542
NeuMF,2007,2007-12-31,165426,33166,2,0.9994937181472778
NeuMF,2007,2007-12-31,165426,5952,3,0.9990320205688477
NeuMF,2007,2007-12-31,165426,44204,4,0.9986194372177124
NeuMF,2007,2007-12-31,165426,8961,5,0.9985795021057129
NeuMF,2007,2007-12-31,165426,296,6,0.9984104633331299
NeuMF,2007,2007-12-31,165426,8970,7,0.9983310103416443
NeuMF,2007,2007-12-31,165426,150,8,0.9981610178947449
NeuMF,2007,2007-12-31,165426,40815,9,0.9981098175048828
NeuMF,2007,2007-12-31,165426,47,10,0.9979742169380188
NeuMF,2007,2007-12-31,165745,8972,1,0.9997102618217468
NeuMF,2007,2007-12-31,165745,31685,2,0.9996151924133301
NeuMF,2007,2007-12-31,165745,5444,3,0.9992589354515076
NeuMF,2007,2007-12-31,165745,7981,4,0.9991102814674377
NeuMF,2007,2007-12-31,165745,6773,5,0.999068558216095
NeuMF,2007,2007-12-31,165745,6765,6,0.9989874958992004
NeuMF,2007,2007-12-31,165745,33794,7,0.9989354014396667
NeuMF,2007,2007-12-31,165745,8966,8,0.998860239982605
NeuMF,2007,2007-12-31,165745,8912,9,0.9986956715583801
NeuMF,2007,2007-12-31,165745,4963,10,0.998685896396637
NeuMF,2007,2007-12-31,165953,1953,1,0.9994701743125916
NeuMF,2007,2007-12-31,165953,628,2,0.9986518025398254
NeuMF,2007,2007-12-31,165953,1222,3,0.9981958270072937
NeuMF,2007,2007-12-31,165953,1266,4,0.9979459643363953
NeuMF,2007,2007-12-31,165953,1252,5,0.9978559613227844
NeuMF,2007,2007-12-31,165953,2952,6,0.9977972507476807
NeuMF,2007,2007-12-31,165953,904,7,0.9972598552703857
NeuMF,2007,2007-12-31,165953,527,8,0.9971976280212402
NeuMF,2007,2007-12-31,165953,1258,9,0.9965857267379761
NeuMF,2007,2007-12-31,165953,2959,10,0.9964174032211304
NeuMF,2007,2007-12-31,166012,47,1,0.998613715171814
NeuMF,2007,2007-12-31,166012,5010,2,0.9984378218650818
NeuMF,2007,2007-12-31,166012,3617,3,0.9972840547561646
NeuMF,2007,2007-12-31,166012,4958,4,0.9966081380844116
NeuMF,2007,2007-12-31,166012,589,5,0.9965516328811646
NeuMF,2007,2007-12-31,166012,161,6,0.9959703683853149
NeuMF,2007,2007-12-31,166012,32,7,0.9956398010253906
NeuMF,2007,2007-12-31,166012,3275,8,0.9956064820289612
NeuMF,2007,2007-12-31,166012,4776,9,0.9954298734664917
NeuMF,2007,2007-12-31,166012,4262,10,0.9954147338867188
NeuMF,2007,2007-12-31,166030,2731,1,0.9999395608901978
NeuMF,2007,2007-12-31,166030,1260,2,0.999731719493866
NeuMF,2007,2007-12-31,166030,3462,3,0.9989007711410522
NeuMF,2007,2007-12-31,166030,1244,4,0.9988840222358704
NeuMF,2007,2007-12-31,166030,7327,5,0.9984394907951355
NeuMF,2007,2007-12-31,166030,1305,6,0.9983471632003784
NeuMF,2007,2007-12-31,166030,4298,7,0.9983419179916382
NeuMF,2007,2007-12-31,166030,6552,8,0.9978512525558472
NeuMF,2007,2007-12-31,166030,5508,9,0.9975239634513855
NeuMF,2007,2007-12-31,166030,31410,10,0.9973341226577759
NeuMF,2007,2007-12-31,166237,8167,1,0.9999033212661743
NeuMF,2007,2007-12-31,166237,7560,2,0.9998378753662109
NeuMF,2007,2007-12-31,166237,3196,3,0.9997939467430115
NeuMF,2007,2007-12-31,166237,25891,4,0.9997876286506653
NeuMF,2007,2007-12-31,166237,6650,5,0.9996473789215088
NeuMF,2007,2007-12-31,166237,4327,6,0.9994262456893921
NeuMF,2007,2007-12-31,166237,1212,7,0.999251663684845
NeuMF,2007,2007-12-31,166237,7210,8,0.9991660118103027
NeuMF,2007,2007-12-31,166237,3929,9,0.9990947246551514
NeuMF,2007,2007-12-31,166237,8094,10,0.9988526105880737
NeuMF,2007,2007-12-31,166653,6333,1,0.9996715784072876
NeuMF,2007,2007-12-31,166653,7438,2,0.9991081357002258
NeuMF,2007,2007-12-31,166653,44191,3,0.9986586570739746
NeuMF,2007,2007-12-31,166653,7981,4,0.9982884526252747
NeuMF,2007,2007-12-31,166653,3114,5,0.9979820251464844
NeuMF,2007,2007-12-31,166653,1214,6,0.9975646734237671
NeuMF,2007,2007-12-31,166653,4643,7,0.9974175691604614
NeuMF,2007,2007-12-31,166653,31878,8,0.9973278045654297
NeuMF,2007,2007-12-31,166653,4226,9,0.9970571994781494
NeuMF,2007,2007-12-31,166653,8368,10,0.9966344237327576
NeuMF,2007,2007-12-31,166779,4531,1,0.9997753500938416
NeuMF,2007,2007-12-31,166779,2167,2,0.9993871450424194
NeuMF,2007,2007-12-31,166779,2826,3,0.9991614818572998
NeuMF,2007,2007-12-31,166779,3717,4,0.9989759922027588
NeuMF,2007,2007-12-31,166779,173,5,0.998725950717926
NeuMF,2007,2007-12-31,166779,4776,6,0.9984933137893677
NeuMF,2007,2007-12-31,166779,36519,7,0.998126208782196
NeuMF,2007,2007-12-31,166779,8636,8,0.9981036186218262
NeuMF,2007,2007-12-31,166779,5283,9,0.9974938631057739
NeuMF,2007,2007-12-31,166779,7438,10,0.9967986345291138
NeuMF,2007,2007-12-31,167172,2478,1,0.9992853999137878
NeuMF,2007,2007-12-31,167172,2617,2,0.9973937273025513
NeuMF,2007,2007-12-31,167172,2699,3,0.9966541528701782
NeuMF,2007,2007-12-31,167172,3258,4,0.9963552951812744
NeuMF,2007,2007-12-31,167172,2378,5,0.9961451292037964
NeuMF,2007,2007-12-31,167172,7438,6,0.9958863854408264
NeuMF,2007,2007-12-31,167172,2701,7,0.9955374002456665
NeuMF,2007,2007-12-31,167172,7173,8,0.9952484965324402
NeuMF,2007,2007-12-31,167172,1889,9,0.9942521452903748
NeuMF,2007,2007-12-31,167172,4951,10,0.9941431879997253
NeuMF,2007,2007-12-31,167287,2732,1,0.9994192123413086
NeuMF,2007,2007-12-31,167287,2660,2,0.9992462396621704
NeuMF,2007,2007-12-31,167287,3018,3,0.999207079410553
NeuMF,2007,2007-12-31,167287,3814,4,0.9991136193275452
NeuMF,2007,2007-12-31,167287,2788,5,0.9986573457717896
NeuMF,2007,2007-12-31,167287,3169,6,0.9985935091972351
NeuMF,2007,2007-12-31,167287,2700,7,0.9982503056526184
NeuMF,2007,2007-12-31,167287,2313,8,0.9976373910903931
NeuMF,2007,2007-12-31,167287,3917,9,0.9976298809051514
NeuMF,2007,2007-12-31,167287,1827,10,0.9974620342254639
NeuMF,2007,2007-12-31,167760,3697,1,0.9996808767318726
NeuMF,2007,2007-12-31,167760,70,2,0.9991611242294312
NeuMF,2007,2007-12-31,167760,5903,3,0.9991418123245239
NeuMF,2007,2007-12-31,167760,1617,4,0.9991196990013123
NeuMF,2007,2007-12-31,167760,2542,5,0.9990057349205017
NeuMF,2007,2007-12-31,167760,1580,6,0.9989359974861145
NeuMF,2007,2007-12-31,167760,1641,7,0.9989166259765625
NeuMF,2007,2007-12-31,167760,1732,8,0.9986221790313721
NeuMF,2007,2007-12-31,167760,1625,9,0.9985741376876831
NeuMF,2007,2007-12-31,167760,1653,10,0.9984222650527954
NeuMF,2007,2007-12-31,167811,999,1,0.9960326552391052
NeuMF,2007,2007-12-31,167811,4084,2,0.995005190372467
NeuMF,2007,2007-12-31,167811,5903,3,0.9946956038475037
NeuMF,2007,2007-12-31,167811,3825,4,0.994239330291748
NeuMF,2007,2007-12-31,167811,3424,5,0.993527352809906
NeuMF,2007,2007-12-31,167811,3686,6,0.993314802646637
NeuMF,2007,2007-12-31,167811,5225,7,0.9922518134117126
NeuMF,2007,2007-12-31,167811,170,8,0.9918472766876221
NeuMF,2007,2007-12-31,167811,3897,9,0.9918262958526611
NeuMF,2007,2007-12-31,167811,1658,10,0.9918238520622253
NeuMF,2007,2007-12-31,168198,301,1,0.9998308420181274
NeuMF,2007,2007-12-31,168198,8754,2,0.9993866682052612
NeuMF,2007,2007-12-31,168198,4738,3,0.9992491602897644
NeuMF,2007,2007-12-31,168198,7394,4,0.9990612864494324
NeuMF,2007,2007-12-31,168198,3088,5,0.9990261793136597
NeuMF,2007,2007-12-31,168198,569,6,0.9986164569854736
NeuMF,2007,2007-12-31,168198,4936,7,0.9983866214752197
NeuMF,2007,2007-12-31,168198,6334,8,0.998087465763092
NeuMF,2007,2007-12-31,168198,3028,9,0.9979870319366455
NeuMF,2007,2007-12-31,168198,4644,10,0.9979079961776733
NeuMF,2007,2007-12-31,168534,1663,1,0.9991952776908875
NeuMF,2007,2007-12-31,168534,3210,2,0.9989319443702698
NeuMF,2007,2007-12-31,168534,4616,3,0.9977267384529114
NeuMF,2007,2007-12-31,168534,4280,4,0.9958957433700562
NeuMF,2007,2007-12-31,168534,2355,5,0.9956823587417603
NeuMF,2007,2007-12-31,168534,2736,6,0.9953485131263733
NeuMF,2007,2007-12-31,168534,5292,7,0.9948568344116211
NeuMF,2007,2007-12-31,168534,2640,8,0.9947473406791687
NeuMF,2007,2007-12-31,168534,5693,9,0.99440997838974
NeuMF,2007,2007-12-31,168534,223,10,0.9935222268104553
NeuMF,2007,2007-12-31,169240,2949,1,0.9993257522583008
NeuMF,2007,2007-12-31,169240,2948,2,0.9972212314605713
NeuMF,2007,2007-12-31,169240,4359,3,0.9969810843467712
NeuMF,2007,2007-12-31,169240,2993,4,0.9965667724609375
NeuMF,2007,2007-12-31,169240,4357,5,0.9964620471000671
NeuMF,2007,2007-12-31,169240,7482,6,0.9950425624847412
NeuMF,2007,2007-12-31,169240,1271,7,0.9950313568115234
NeuMF,2007,2007-12-31,169240,4361,8,0.993996262550354
NeuMF,2007,2007-12-31,169240,7143,9,0.9937584400177002
NeuMF,2007,2007-12-31,169240,5464,10,0.9935397505760193
NeuMF,2007,2007-12-31,169441,8798,1,0.9995360374450684
NeuMF,2007,2007-12-31,169441,6378,2,0.9992696642875671
NeuMF,2007,2007-12-31,169441,1552,3,0.9987769722938538
NeuMF,2007,2007-12-31,169441,5418,4,0.9986332058906555
NeuMF,2007,2007-12-31,169441,8605,5,0.9978349804878235
NeuMF,2007,2007-12-31,169441,6942,6,0.9969090819358826
NeuMF,2007,2007-12-31,169441,2763,7,0.9968001842498779
NeuMF,2007,2007-12-31,169441,33615,8,0.9967999458312988
NeuMF,2007,2007-12-31,169441,7445,9,0.9964450001716614
NeuMF,2007,2007-12-31,169441,4886,10,0.9964450001716614
NeuMF,2007,2007-12-31,169599,34319,1,0.9998194575309753
NeuMF,2007,2007-12-31,169599,8874,2,0.9993466734886169
NeuMF,2007,2007-12-31,169599,33834,3,0.9989094734191895
NeuMF,2007,2007-12-31,169599,38038,4,0.9986172914505005
NeuMF,2007,2007-12-31,169599,3535,5,0.998241662979126
NeuMF,2007,2007-12-31,169599,27660,6,0.998174786567688
NeuMF,2007,2007-12-31,169599,2232,7,0.9980013966560364
NeuMF,2007,2007-12-31,169599,2722,8,0.9979696869850159
NeuMF,2007,2007-12-31,169599,31878,9,0.9978501796722412
NeuMF,2007,2007-12-31,169599,2455,10,0.9977442026138306
NeuMF,2007,2007-12-31,169717,49272,1,0.9998067021369934
NeuMF,2007,2007-12-31,169717,10,2,0.9990259408950806
NeuMF,2007,2007-12-31,169717,1438,3,0.9977062940597534
NeuMF,2007,2007-12-31,169717,38061,4,0.9976271986961365
NeuMF,2007,2007-12-31,169717,7254,5,0.9973625540733337
NeuMF,2007,2007-12-31,169717,40732,6,0.9968453049659729
NeuMF,2007,2007-12-31,169717,8361,7,0.9967531561851501
NeuMF,2007,2007-12-31,169717,18,8,0.9967271089553833
NeuMF,2007,2007-12-31,169717,165,9,0.9966402053833008
NeuMF,2007,2007-12-31,169717,32029,10,0.9961550831794739
NeuMF,2007,2007-12-31,169909,2504,1,0.9977454543113708
NeuMF,2007,2007-12-31,169909,1246,2,0.9969661831855774
NeuMF,2007,2007-12-31,169909,1243,3,0.996508777141571
NeuMF,2007,2007-12-31,169909,1883,4,0.9956511855125427
NeuMF,2007,2007-12-31,169909,3549,5,0.994929850101471
NeuMF,2007,2007-12-31,169909,8930,6,0.9930939674377441
NeuMF,2007,2007-12-31,169909,1649,7,0.9924865961074829
NeuMF,2007,2007-12-31,169909,357,8,0.9908826947212219
NeuMF,2007,2007-12-31,169909,27706,9,0.9902575016021729
NeuMF,2007,2007-12-31,169909,803,10,0.9901357293128967
NeuMF,2007,2007-12-31,169968,457,1,0.9988237023353577
NeuMF,2007,2007-12-31,169968,1242,2,0.9982218146324158
NeuMF,2007,2007-12-31,169968,110,3,0.997549831867218
NeuMF,2007,2007-12-31,169968,3360,4,0.9972714781761169
NeuMF,2007,2007-12-31,169968,333,5,0.9966321587562561
NeuMF,2007,2007-12-31,169968,527,6,0.9964631199836731
NeuMF,2007,2007-12-31,169968,733,7,0.9961863160133362
NeuMF,2007,2007-12-31,169968,1213,8,0.9959666728973389
NeuMF,2007,2007-12-31,169968,2353,9,0.9957115650177002
NeuMF,2007,2007-12-31,169968,589,10,0.9952157735824585
NeuMF,2007,2007-12-31,169972,1347,1,0.9990043044090271
NeuMF,2007,2007-12-31,169972,5283,2,0.9987956285476685
NeuMF,2007,2007-12-31,169972,1994,3,0.9987529516220093
NeuMF,2007,2007-12-31,169972,3324,4,0.9983170032501221
NeuMF,2007,2007-12-31,169972,5010,5,0.9978029131889343
NeuMF,2007,2007-12-31,169972,5400,6,0.9973905682563782
NeuMF,2007,2007-12-31,169972,4238,7,0.9973376393318176
NeuMF,2007,2007-12-31,169972,3316,8,0.9970027804374695
NeuMF,2007,2007-12-31,169972,4104,9,0.9965421557426453
NeuMF,2007,2007-12-31,169972,5110,10,0.9965171813964844
NeuMF,2007,2007-12-31,170146,784,1,0.9994125366210938
NeuMF,2007,2007-12-31,170146,2959,2,0.9985696077346802
NeuMF,2007,2007-12-31,170146,6537,3,0.9984183311462402
NeuMF,2007,2007-12-31,170146,16,4,0.9979743361473083
NeuMF,2007,2007-12-31,170146,2232,5,0.9971262812614441
NeuMF,2007,2007-12-31,170146,2000,6,0.9968875050544739
NeuMF,2007,2007-12-31,170146,5010,7,0.9962887763977051
NeuMF,2007,2007-12-31,170146,4011,8,0.9959496259689331
NeuMF,2007,2007-12-31,170146,589,9,0.9953362345695496
NeuMF,2007,2007-12-31,170146,6,10,0.9950882792472839
NeuMF,2007,2007-12-31,170231,5069,1,0.9998550415039062
NeuMF,2007,2007-12-31,170231,2691,2,0.9994502663612366
NeuMF,2007,2007-12-31,170231,5881,3,0.9976154565811157
NeuMF,2007,2007-12-31,170231,2167,4,0.9975829124450684
NeuMF,2007,2007-12-31,170231,1590,5,0.9973898530006409
NeuMF,2007,2007-12-31,170231,2687,6,0.9973528385162354
NeuMF,2007,2007-12-31,170231,2826,7,0.9971575736999512
NeuMF,2007,2007-12-31,170231,3578,8,0.9966928958892822
NeuMF,2007,2007-12-31,170231,1527,9,0.9965715408325195
NeuMF,2007,2007-12-31,170231,1584,10,0.9963332414627075
NeuMF,2007,2007-12-31,170636,45447,1,0.9996877908706665
NeuMF,2007,2007-12-31,170636,8985,2,0.9996821880340576
NeuMF,2007,2007-12-31,170636,3257,3,0.9991989731788635
NeuMF,2007,2007-12-31,170636,6503,4,0.9990795850753784
NeuMF,2007,2007-12-31,170636,442,5,0.9987813830375671
NeuMF,2007,2007-12-31,170636,3980,6,0.9986699819564819
NeuMF,2007,2007-12-31,170636,7445,7,0.9985550045967102
NeuMF,2007,2007-12-31,170636,45517,8,0.9983591437339783
NeuMF,2007,2007-12-31,170636,7007,9,0.9979439377784729
NeuMF,2007,2007-12-31,170636,43871,10,0.9974713325500488
NeuMF,2007,2007-12-31,170740,4973,1,0.9996531009674072
NeuMF,2007,2007-12-31,170740,8665,2,0.9994803071022034
NeuMF,2007,2007-12-31,170740,33162,3,0.998806357383728
NeuMF,2007,2007-12-31,170740,4226,4,0.998332679271698
NeuMF,2007,2007-12-31,170740,7438,5,0.9982835054397583
NeuMF,2007,2007-12-31,170740,34072,6,0.9981075525283813
NeuMF,2007,2007-12-31,170740,5299,7,0.9979780316352844
NeuMF,2007,2007-12-31,170740,648,8,0.9974266886711121
NeuMF,2007,2007-12-31,170740,40815,9,0.9970793724060059
NeuMF,2007,2007-12-31,170740,597,10,0.9970656037330627
NeuMF,2007,2007-12-31,171049,1069,1,0.9988804459571838
NeuMF,2007,2007-12-31,171049,6440,2,0.9988417029380798
NeuMF,2007,2007-12-31,171049,6987,3,0.9986171722412109
NeuMF,2007,2007-12-31,171049,7334,4,0.9984671473503113
NeuMF,2007,2007-12-31,171049,2181,5,0.9984341263771057
NeuMF,2007,2007-12-31,171049,7361,6,0.9980922341346741
NeuMF,2007,2007-12-31,171049,7073,7,0.9980373978614807
NeuMF,2007,2007-12-31,171049,5712,8,0.9976992011070251
NeuMF,2007,2007-12-31,171049,2966,9,0.997322142124176
NeuMF,2007,2007-12-31,171049,3462,10,0.9971904158592224
NeuMF,2007,2007-12-31,171228,2413,1,0.9992961883544922
NeuMF,2007,2007-12-31,171228,2078,2,0.9963648915290833
NeuMF,2007,2007-12-31,171228,2366,3,0.9958053827285767
NeuMF,2007,2007-12-31,171228,520,4,0.9955607652664185
NeuMF,2007,2007-12-31,171228,2111,5,0.9954291582107544
NeuMF,2007,2007-12-31,171228,5159,6,0.9951300621032715
NeuMF,2007,2007-12-31,171228,1223,7,0.9950849413871765
NeuMF,2007,2007-12-31,171228,34162,8,0.9950718283653259
NeuMF,2007,2007-12-31,171228,2003,9,0.993488073348999
NeuMF,2007,2007-12-31,171228,1031,10,0.9921677708625793
NeuMF,2007,2007-12-31,171389,3638,1,0.9986481070518494
NeuMF,2007,2007-12-31,171389,442,2,0.9979591369628906
NeuMF,2007,2007-12-31,171389,4571,3,0.997725784778595
NeuMF,2007,2007-12-31,171389,8798,4,0.996885359287262
NeuMF,2007,2007-12-31,171389,4327,5,0.9967426657676697
NeuMF,2007,2007-12-31,171389,3699,6,0.9966170191764832
NeuMF,2007,2007-12-31,171389,368,7,0.9950555562973022
NeuMF,2007,2007-12-31,171389,40959,8,0.9944319128990173
NeuMF,2007,2007-12-31,171389,3175,9,0.9936848282814026
NeuMF,2007,2007-12-31,171389,32596,10,0.9935908317565918
NeuMF,2007,2007-12-31,172013,832,1,0.9984148740768433
NeuMF,2007,2007-12-31,172013,48516,2,0.9982012510299683
NeuMF,2007,2007-12-31,172013,18,3,0.9981855750083923
NeuMF,2007,2007-12-31,172013,3686,4,0.996887743473053
NeuMF,2007,2007-12-31,172013,1464,5,0.9968451261520386
NeuMF,2007,2007-12-31,172013,4027,6,0.9966913461685181
NeuMF,2007,2007-12-31,172013,39444,7,0.9963082671165466
NeuMF,2007,2007-12-31,172013,31,8,0.9962665438652039
NeuMF,2007,2007-12-31,172013,782,9,0.9960891008377075
NeuMF,2007,2007-12-31,172013,41566,10,0.9957156777381897
NeuMF,2007,2007-12-31,172302,41569,1,0.9997462630271912
NeuMF,2007,2007-12-31,172302,38038,2,0.9996219873428345
NeuMF,2007,2007-12-31,172302,33794,3,0.9994544386863708
NeuMF,2007,2007-12-31,172302,41566,4,0.9993540644645691
NeuMF,2007,2007-12-31,172302,7147,5,0.998908519744873
NeuMF,2007,2007-12-31,172302,26662,6,0.9987404942512512
NeuMF,2007,2007-12-31,172302,6618,7,0.9985858201980591
NeuMF,2007,2007-12-31,172302,356,8,0.9983206391334534
NeuMF,2007,2007-12-31,172302,5445,9,0.9982215762138367
NeuMF,2007,2007-12-31,172302,34048,10,0.9980523586273193
NeuMF,2007,2007-12-31,172436,31658,1,0.9992235898971558
NeuMF,2007,2007-12-31,172436,8784,2,0.9979166388511658
NeuMF,2007,2007-12-31,172436,5618,3,0.9969812035560608
NeuMF,2007,2007-12-31,172436,7143,4,0.9964128136634827
NeuMF,2007,2007-12-31,172436,30822,5,0.9960350394248962
NeuMF,2007,2007-12-31,172436,30749,6,0.9959761500358582
NeuMF,2007,2007-12-31,172436,34405,7,0.9950049519538879
NeuMF,2007,2007-12-31,172436,6385,8,0.9948569536209106
NeuMF,2007,2007-12-31,172436,4259,9,0.9943258166313171
NeuMF,2007,2007-12-31,172436,4006,10,0.9942808151245117
NeuMF,2007,2007-12-31,172740,6323,1,0.9998987913131714
NeuMF,2007,2007-12-31,172740,6942,2,0.9998761415481567
NeuMF,2007,2007-12-31,172740,33794,3,0.9997380375862122
NeuMF,2007,2007-12-31,172740,7254,4,0.9997151494026184
NeuMF,2007,2007-12-31,172740,27788,5,0.9993619322776794
NeuMF,2007,2007-12-31,172740,8957,6,0.9991312623023987
NeuMF,2007,2007-12-31,172740,7438,7,0.9991205334663391
NeuMF,2007,2007-12-31,172740,4228,8,0.9990522265434265
NeuMF,2007,2007-12-31,172740,4901,9,0.9988555908203125
NeuMF,2007,2007-12-31,172740,2541,10,0.9987161159515381
NeuMF,2007,2007-12-31,173199,8961,1,0.9995935559272766
NeuMF,2007,2007-12-31,173199,7361,2,0.9993884563446045
NeuMF,2007,2007-12-31,173199,8970,3,0.9993784427642822
NeuMF,2007,2007-12-31,173199,4973,4,0.9989132881164551
NeuMF,2007,2007-12-31,173199,6942,5,0.9987646341323853
NeuMF,2007,2007-12-31,173199,2858,6,0.9986832737922668
NeuMF,2007,2007-12-31,173199,8949,7,0.9983460903167725
NeuMF,2007,2007-12-31,173199,33794,8,0.9982372522354126
NeuMF,2007,2007-12-31,173199,2571,9,0.9979792237281799
NeuMF,2007,2007-12-31,173199,6539,10,0.9978951215744019
NeuMF,2007,2007-12-31,173615,6264,1,0.9995504021644592
NeuMF,2007,2007-12-31,173615,5219,2,0.9991323351860046
NeuMF,2007,2007-12-31,173615,5254,3,0.9989870190620422
NeuMF,2007,2007-12-31,173615,5046,4,0.9987614154815674
NeuMF,2007,2007-12-31,173615,27788,5,0.9983439445495605
NeuMF,2007,2007-12-31,173615,6263,6,0.99820876121521
NeuMF,2007,2007-12-31,173615,5679,7,0.997627317905426
NeuMF,2007,2007-12-31,173615,6502,8,0.9973217844963074
NeuMF,2007,2007-12-31,173615,172,9,0.9969026446342468
NeuMF,2007,2007-12-31,173615,5026,10,0.9967413544654846
NeuMF,2007,2007-12-31,173646,3985,1,0.9999454021453857
NeuMF,2007,2007-12-31,173646,4842,2,0.9997259974479675
NeuMF,2007,2007-12-31,173646,1272,3,0.9996137022972107
NeuMF,2007,2007-12-31,173646,760,4,0.9995765089988708
NeuMF,2007,2007-12-31,173646,3654,5,0.9992893934249878
NeuMF,2007,2007-12-31,173646,1090,6,0.9990733861923218
NeuMF,2007,2007-12-31,173646,1293,7,0.9982041120529175
NeuMF,2007,2007-12-31,173646,1196,8,0.9981383085250854
NeuMF,2007,2007-12-31,173646,1210,9,0.9978733062744141
NeuMF,2007,2007-12-31,173646,1610,10,0.9978000521659851
NeuMF,2007,2007-12-31,173720,3654,1,0.9997971653938293
NeuMF,2007,2007-12-31,173720,3507,2,0.9995916485786438
NeuMF,2007,2007-12-31,173720,1204,3,0.999339759349823
NeuMF,2007,2007-12-31,173720,1304,4,0.9991975426673889
NeuMF,2007,2007-12-31,173720,1262,5,0.9990266561508179
NeuMF,2007,2007-12-31,173720,1234,6,0.998916506767273
NeuMF,2007,2007-12-31,173720,4406,7,0.9977129697799683
NeuMF,2007,2007-12-31,173720,1610,8,0.9976426959037781
NeuMF,2007,2007-12-31,173720,4857,9,0.9975249171257019
NeuMF,2007,2007-12-31,173720,6561,10,0.9974095225334167
NeuMF,2007,2007-12-31,173784,165,1,0.999158501625061
NeuMF,2007,2007-12-31,173784,1320,2,0.9985461235046387
NeuMF,2007,2007-12-31,173784,296,3,0.9985346794128418
NeuMF,2007,2007-12-31,173784,4226,4,0.9973815083503723
NeuMF,2007,2007-12-31,173784,33794,5,0.9973602890968323
NeuMF,2007,2007-12-31,173784,40815,6,0.9972960352897644
NeuMF,2007,2007-12-31,173784,589,7,0.9969396591186523
NeuMF,2007,2007-12-31,173784,3753,8,0.9967772364616394
NeuMF,2007,2007-12-31,173784,592,9,0.9952517747879028
NeuMF,2007,2007-12-31,173784,2700,10,0.9950544834136963
NeuMF,2007,2007-12-31,173804,6331,1,0.9993008375167847
NeuMF,2007,2007-12-31,173804,483,2,0.9991751313209534
NeuMF,2007,2007-12-31,173804,2759,3,0.9991601705551147
NeuMF,2007,2007-12-31,173804,8530,4,0.999042809009552
NeuMF,2007,2007-12-31,173804,281,5,0.9985718727111816
NeuMF,2007,2007-12-31,173804,5223,6,0.998544454574585
NeuMF,2007,2007-12-31,173804,262,7,0.998526930809021
NeuMF,2007,2007-12-31,173804,3125,8,0.9974699020385742
NeuMF,2007,2007-12-31,173804,6881,9,0.9969281554222107
NeuMF,2007,2007-12-31,173804,2236,10,0.9966707825660706
NeuMF,2007,2007-12-31,173961,1042,1,0.9985727071762085
NeuMF,2007,2007-12-31,173961,3594,2,0.9977160692214966
NeuMF,2007,2007-12-31,173961,805,3,0.9975130558013916
NeuMF,2007,2007-12-31,173961,27,4,0.9968576431274414
NeuMF,2007,2007-12-31,173961,7584,5,0.996138870716095
NeuMF,2007,2007-12-31,173961,381,6,0.995945155620575
NeuMF,2007,2007-12-31,173961,1010,7,0.9959256649017334
NeuMF,2007,2007-12-31,173961,2421,8,0.9956340193748474
NeuMF,2007,2007-12-31,173961,31433,9,0.993148148059845
NeuMF,2007,2007-12-31,173961,2321,10,0.9930510520935059
NeuMF,2007,2007-12-31,173979,6808,1,0.9996894598007202
NeuMF,2007,2007-12-31,173979,2922,2,0.998695433139801
NeuMF,2007,2007-12-31,173979,4353,3,0.998153030872345
NeuMF,2007,2007-12-31,173979,6787,4,0.9977953433990479
NeuMF,2007,2007-12-31,173979,6974,5,0.99779212474823
NeuMF,2007,2007-12-31,173979,5899,6,0.997412383556366
NeuMF,2007,2007-12-31,173979,6448,7,0.9972924590110779
NeuMF,2007,2007-12-31,173979,7840,8,0.9970396161079407
NeuMF,2007,2007-12-31,173979,3735,9,0.9967772364616394
NeuMF,2007,2007-12-31,173979,5642,10,0.996410071849823
NeuMF,2007,2007-12-31,174092,5570,1,0.9998282194137573
NeuMF,2007,2007-12-31,174092,5690,2,0.999678373336792
NeuMF,2007,2007-12-31,174092,1921,3,0.9986108541488647
NeuMF,2007,2007-12-31,174092,27820,4,0.9975292086601257
NeuMF,2007,2007-12-31,174092,6442,5,0.9975010752677917
NeuMF,2007,2007-12-31,174092,6791,6,0.9965488314628601
NeuMF,2007,2007-12-31,174092,6341,7,0.9965384006500244
NeuMF,2007,2007-12-31,174092,319,8,0.9963394403457642
NeuMF,2007,2007-12-31,174092,4874,9,0.9962783455848694
NeuMF,2007,2007-12-31,174092,27838,10,0.9961822628974915
NeuMF,2007,2007-12-31,174114,5055,1,0.9956633448600769
NeuMF,2007,2007-12-31,174114,2924,2,0.9953195452690125
NeuMF,2007,2007-12-31,174114,3326,3,0.99408358335495
NeuMF,2007,2007-12-31,174114,3987,4,0.9939457774162292
NeuMF,2007,2007-12-31,174114,1888,5,0.9938656687736511
NeuMF,2007,2007-12-31,174114,606,6,0.9926302433013916
NeuMF,2007,2007-12-31,174114,1120,7,0.991178572177887
NeuMF,2007,2007-12-31,174114,5324,8,0.9857239127159119
NeuMF,2007,2007-12-31,174114,2116,9,0.985406756401062
NeuMF,2007,2007-12-31,174114,7325,10,0.9847546815872192
NeuMF,2007,2007-12-31,174514,8530,1,0.9995928406715393
NeuMF,2007,2007-12-31,174514,33162,2,0.9995606541633606
NeuMF,2007,2007-12-31,174514,8972,3,0.9991926550865173
NeuMF,2007,2007-12-31,174514,5809,4,0.9990556836128235
NeuMF,2007,2007-12-31,174514,6378,5,0.9989908337593079
NeuMF,2007,2007-12-31,174514,7285,6,0.9982203841209412
NeuMF,2007,2007-12-31,174514,40629,7,0.9981731176376343
NeuMF,2007,2007-12-31,174514,4056,8,0.998120129108429
NeuMF,2007,2007-12-31,174514,34532,9,0.9974778294563293
NeuMF,2007,2007-12-31,174514,4973,10,0.9974633455276489
NeuMF,2007,2007-12-31,174538,4679,1,0.9994516968727112
NeuMF,2007,2007-12-31,174538,1210,2,0.9987911581993103
NeuMF,2007,2007-12-31,174538,3616,3,0.9986221790313721
NeuMF,2007,2007-12-31,174538,1194,4,0.9983794689178467
NeuMF,2007,2007-12-31,174538,2134,5,0.9979683756828308
NeuMF,2007,2007-12-31,174538,1517,6,0.9977542757987976
NeuMF,2007,2007-12-31,174538,1036,7,0.9971985816955566
NeuMF,2007,2007-12-31,174538,3525,8,0.9971367120742798
NeuMF,2007,2007-12-31,174538,1196,9,0.99662184715271
NeuMF,2007,2007-12-31,174538,1270,10,0.9964523315429688
NeuMF,2007,2007-12-31,174564,8970,1,0.9995088577270508
NeuMF,2007,2007-12-31,174564,30793,2,0.999444305896759
NeuMF,2007,2007-12-31,174564,8972,3,0.9994341731071472
NeuMF,2007,2007-12-31,174564,49272,4,0.9994271993637085
NeuMF,2007,2007-12-31,174564,8644,5,0.9994045495986938
NeuMF,2007,2007-12-31,174564,44191,6,0.9993473887443542
NeuMF,2007,2007-12-31,174564,1527,7,0.998454213142395
NeuMF,2007,2007-12-31,174564,7842,8,0.9982043504714966
NeuMF,2007,2007-12-31,174564,30812,9,0.9980035424232483
NeuMF,2007,2007-12-31,174564,4993,10,0.9979693293571472
NeuMF,2007,2007-12-31,174699,1012,1,0.9992504715919495
NeuMF,2007,2007-12-31,174699,2179,2,0.9991466999053955
NeuMF,2007,2007-12-31,174699,6777,3,0.9990870952606201
NeuMF,2007,2007-12-31,174699,596,4,0.9971461892127991
NeuMF,2007,2007-12-31,174699,3435,5,0.9967551827430725
NeuMF,2007,2007-12-31,174699,4042,6,0.9964233040809631
NeuMF,2007,2007-12-31,174699,1036,7,0.9960756897926331
NeuMF,2007,2007-12-31,174699,2085,8,0.9958935976028442
NeuMF,2007,2007-12-31,174699,3420,9,0.9954674243927002
NeuMF,2007,2007-12-31,174699,3350,10,0.9946075081825256
NeuMF,2007,2007-12-31,175078,1036,1,0.9974960684776306
NeuMF,2007,2007-12-31,175078,4901,2,0.9960909485816956
NeuMF,2007,2007-12-31,175078,1025,3,0.9960376024246216
NeuMF,2007,2007-12-31,175078,596,4,0.9957962036132812
NeuMF,2007,2007-12-31,175078,3988,5,0.9952827095985413
NeuMF,2007,2007-12-31,175078,4874,6,0.9950940608978271
NeuMF,2007,2007-12-31,175078,4223,7,0.9947928786277771
NeuMF,2007,2007-12-31,175078,4033,8,0.994550883769989
NeuMF,2007,2007-12-31,175078,5010,9,0.9937332272529602
NeuMF,2007,2007-12-31,175078,185,10,0.993017315864563
NeuMF,2007,2007-12-31,175155,8983,1,0.9980043768882751
NeuMF,2007,2007-12-31,175155,31878,2,0.9972597360610962
NeuMF,2007,2007-12-31,175155,7981,3,0.9971895813941956
NeuMF,2007,2007-12-31,175155,6932,4,0.9961469173431396
NeuMF,2007,2007-12-31,175155,4446,5,0.9960805773735046
NeuMF,2007,2007-12-31,175155,4027,6,0.9959672689437866
NeuMF,2007,2007-12-31,175155,5903,7,0.9956527948379517
NeuMF,2007,2007-12-31,175155,1573,8,0.9952646493911743
NeuMF,2007,2007-12-31,175155,5266,9,0.9951144456863403
NeuMF,2007,2007-12-31,175155,4967,10,0.9934731125831604
NeuMF,2007,2007-12-31,175271,2970,1,0.9998964071273804
NeuMF,2007,2007-12-31,175271,2600,2,0.9996663331985474
NeuMF,2007,2007-12-31,175271,2232,3,0.9992256164550781
NeuMF,2007,2007-12-31,175271,8014,4,0.9988983869552612
NeuMF,2007,2007-12-31,175271,3160,5,0.9987150430679321
NeuMF,2007,2007-12-31,175271,1274,6,0.9986610412597656
NeuMF,2007,2007-12-31,175271,2788,7,0.998401939868927
NeuMF,2007,2007-12-31,175271,4390,8,0.9983193278312683
NeuMF,2007,2007-12-31,175271,3081,9,0.9983079433441162
NeuMF,2007,2007-12-31,175271,2117,10,0.9979296922683716
NeuMF,2007,2007-12-31,175326,215,1,0.9980593323707581
NeuMF,2007,2007-12-31,175326,8638,2,0.9978070855140686
NeuMF,2007,2007-12-31,175326,4727,3,0.9968101382255554
NeuMF,2007,2007-12-31,175326,34162,4,0.9963627457618713
NeuMF,2007,2007-12-31,175326,5445,5,0.9951910972595215
NeuMF,2007,2007-12-31,175326,6187,6,0.9951230883598328
NeuMF,2007,2007-12-31,175326,1963,7,0.9947502017021179
NeuMF,2007,2007-12-31,175326,7361,8,0.9943494200706482
NeuMF,2007,2007-12-31,175326,356,9,0.9940822720527649
NeuMF,2007,2007-12-31,175326,492,10,0.9939793348312378
NeuMF,2007,2007-12-31,175482,4329,1,0.9994825124740601
NeuMF,2007,2007-12-31,175482,4298,2,0.999285876750946
NeuMF,2007,2007-12-31,175482,7943,3,0.9992803931236267
NeuMF,2007,2007-12-31,175482,2730,4,0.9992796778678894
NeuMF,2007,2007-12-31,175482,7484,5,0.9986422657966614
NeuMF,2007,2007-12-31,175482,5292,6,0.9984846711158752
NeuMF,2007,2007-12-31,175482,34542,7,0.9983445405960083
NeuMF,2007,2007-12-31,175482,33896,8,0.9982554316520691
NeuMF,2007,2007-12-31,175482,2542,9,0.9977502226829529
NeuMF,2007,2007-12-31,175482,43460,10,0.9975941777229309
NeuMF,2007,2007-12-31,175712,5995,1,0.998365581035614
NeuMF,2007,2007-12-31,175712,2381,2,0.9982759952545166
NeuMF,2007,2007-12-31,175712,3949,3,0.9969671368598938
NeuMF,2007,2007-12-31,175712,3499,4,0.9959046244621277
NeuMF,2007,2007-12-31,175712,8957,5,0.9957564473152161
NeuMF,2007,2007-12-31,175712,858,6,0.9957447648048401
NeuMF,2007,2007-12-31,175712,34150,7,0.9949392080307007
NeuMF,2007,2007-12-31,175712,3409,8,0.9947658777236938
NeuMF,2007,2007-12-31,175712,1206,9,0.9911141991615295
NeuMF,2007,2007-12-31,175712,8360,10,0.9908775687217712
NeuMF,2007,2007-12-31,175761,7445,1,0.9991287589073181
NeuMF,2007,2007-12-31,175761,8665,2,0.9985906481742859
NeuMF,2007,2007-12-31,175761,7143,3,0.9980747699737549
NeuMF,2007,2007-12-31,175761,1036,4,0.9979044198989868
NeuMF,2007,2007-12-31,175761,8636,5,0.9962433576583862
NeuMF,2007,2007-12-31,175761,41997,6,0.9956260919570923
NeuMF,2007,2007-12-31,175761,8361,7,0.9953345656394958
NeuMF,2007,2007-12-31,175761,260,8,0.9950305223464966
NeuMF,2007,2007-12-31,175761,293,9,0.9949697852134705
NeuMF,2007,2007-12-31,175761,8798,10,0.994691789150238
NeuMF,2007,2007-12-31,175947,40815,1,0.9997403025627136
NeuMF,2007,2007-12-31,175947,30707,2,0.9994587302207947
NeuMF,2007,2007-12-31,175947,41566,3,0.9991111159324646
NeuMF,2007,2007-12-31,175947,3825,4,0.9988942742347717
NeuMF,2007,2007-12-31,175947,8970,5,0.9988793730735779
NeuMF,2007,2007-12-31,175947,3147,6,0.9987724423408508
NeuMF,2007,2007-12-31,175947,33794,7,0.9986794590950012
NeuMF,2007,2007-12-31,175947,45517,8,0.9985291957855225
NeuMF,2007,2007-12-31,175947,3160,9,0.9973334074020386
NeuMF,2007,2007-12-31,175947,2541,10,0.9972152709960938
NeuMF,2007,2007-12-31,176198,5989,1,0.9994493126869202
NeuMF,2007,2007-12-31,176198,5952,2,0.9993430972099304
NeuMF,2007,2007-12-31,176198,4963,3,0.9991683959960938
NeuMF,2007,2007-12-31,176198,8961,4,0.9990955591201782
NeuMF,2007,2007-12-31,176198,7153,5,0.9987010955810547
NeuMF,2007,2007-12-31,176198,2542,6,0.9975269436836243
NeuMF,2007,2007-12-31,176198,6711,7,0.9972724318504333
NeuMF,2007,2007-12-31,176198,8638,8,0.997093677520752
NeuMF,2007,2007-12-31,176198,33493,9,0.9968613386154175
NeuMF,2007,2007-12-31,176198,8360,10,0.9965454936027527
NeuMF,2007,2007-12-31,176228,6216,1,0.9988446235656738
NeuMF,2007,2007-12-31,176228,8784,2,0.9987437129020691
NeuMF,2007,2007-12-31,176228,1094,3,0.9985710382461548
NeuMF,2007,2007-12-31,176228,6016,4,0.998547375202179
NeuMF,2007,2007-12-31,176228,5995,5,0.9983274340629578
NeuMF,2007,2007-12-31,176228,2943,6,0.9982125759124756
NeuMF,2007,2007-12-31,176228,7147,7,0.9982022047042847
NeuMF,2007,2007-12-31,176228,509,8,0.9980432987213135
NeuMF,2007,2007-12-31,176228,7323,9,0.99769526720047
NeuMF,2007,2007-12-31,176228,750,10,0.9975589513778687
NeuMF,2007,2007-12-31,176578,2311,1,0.998563826084137
NeuMF,2007,2007-12-31,176578,2413,2,0.9959449172019958
NeuMF,2007,2007-12-31,176578,2021,3,0.9957199692726135
NeuMF,2007,2007-12-31,176578,1334,4,0.9955859184265137
NeuMF,2007,2007-12-31,176578,2735,5,0.9951038360595703
NeuMF,2007,2007-12-31,176578,2517,6,0.9948866963386536
NeuMF,2007,2007-12-31,176578,2014,7,0.994533896446228
NeuMF,2007,2007-12-31,176578,1840,8,0.9940932393074036
NeuMF,2007,2007-12-31,176578,1050,9,0.9924584031105042
NeuMF,2007,2007-12-31,176578,3093,10,0.9920611381530762
NeuMF,2007,2007-12-31,176610,8636,1,0.9997407793998718
NeuMF,2007,2007-12-31,176610,33794,2,0.999462902545929
NeuMF,2007,2007-12-31,176610,8644,3,0.9990884065628052
NeuMF,2007,2007-12-31,176610,33493,4,0.9990692734718323
NeuMF,2007,2007-12-31,176610,1608,5,0.9989919066429138
NeuMF,2007,2007-12-31,176610,1479,6,0.9982567429542542
NeuMF,2007,2007-12-31,176610,8949,7,0.9982085227966309
NeuMF,2007,2007-12-31,176610,1225,8,0.9974230527877808
NeuMF,2007,2007-12-31,176610,34319,9,0.9973306655883789
NeuMF,2007,2007-12-31,176610,903,10,0.9968628883361816
NeuMF,2007,2007-12-31,176811,3791,1,0.9993250370025635
NeuMF,2007,2007-12-31,176811,2406,2,0.9988106489181519
NeuMF,2007,2007-12-31,176811,5214,3,0.9986781477928162
NeuMF,2007,2007-12-31,176811,1372,4,0.9986622333526611
NeuMF,2007,2007-12-31,176811,2150,5,0.998339056968689
NeuMF,2007,2007-12-31,176811,4464,6,0.9981070756912231
NeuMF,2007,2007-12-31,176811,5377,7,0.9977514147758484
NeuMF,2007,2007-12-31,176811,1271,8,0.9973631501197815
NeuMF,2007,2007-12-31,176811,2918,9,0.9973248243331909
NeuMF,2007,2007-12-31,176811,4321,10,0.9973153471946716
NeuMF,2007,2007-12-31,176848,1485,1,0.9998207688331604
NeuMF,2007,2007-12-31,176848,41566,2,0.999441921710968
NeuMF,2007,2007-12-31,176848,8874,3,0.9992029070854187
NeuMF,2007,2007-12-31,176848,30810,4,0.9988180994987488
NeuMF,2007,2007-12-31,176848,3948,5,0.9985864162445068
NeuMF,2007,2007-12-31,176848,33660,6,0.9985159039497375
NeuMF,2007,2007-12-31,176848,7361,7,0.9984710812568665
NeuMF,2007,2007-12-31,176848,7482,8,0.9982326030731201
NeuMF,2007,2007-12-31,176848,333,9,0.9981685876846313
NeuMF,2007,2007-12-31,176848,40815,10,0.997814416885376
NeuMF,2007,2007-12-31,176899,35836,1,0.9956615567207336
NeuMF,2007,2007-12-31,176899,4103,2,0.9946708083152771
NeuMF,2007,2007-12-31,176899,27821,3,0.9946253895759583
NeuMF,2007,2007-12-31,176899,4055,4,0.9941509366035461
NeuMF,2007,2007-12-31,176899,2819,5,0.9938377737998962
NeuMF,2007,2007-12-31,176899,6942,6,0.993127703666687
NeuMF,2007,2007-12-31,176899,7018,7,0.9929231405258179
NeuMF,2007,2007-12-31,176899,40278,8,0.9929163455963135
NeuMF,2007,2007-12-31,176899,7023,9,0.9922959208488464
NeuMF,2007,2007-12-31,176899,41285,10,0.9920817613601685
NeuMF,2007,2007-12-31,176990,3072,1,0.9990378618240356
NeuMF,2007,2007-12-31,176990,3361,2,0.9982584118843079
NeuMF,2007,2007-12-31,176990,3418,3,0.9981990456581116
NeuMF,2007,2007-12-31,176990,6565,4,0.9978799819946289
NeuMF,2007,2007-12-31,176990,6887,5,0.9978746175765991
NeuMF,2007,2007-12-31,176990,2420,6,0.9975568056106567
NeuMF,2007,2007-12-31,176990,3461,7,0.9974621534347534
NeuMF,2007,2007-12-31,176990,3421,8,0.9953300952911377
NeuMF,2007,2007-12-31,176990,1367,9,0.9939870834350586
NeuMF,2007,2007-12-31,176990,2028,10,0.9937665462493896
NeuMF,2007,2007-12-31,177615,2313,1,0.9978502988815308
NeuMF,2007,2007-12-31,177615,1186,2,0.9975138902664185
NeuMF,2007,2007-12-31,177615,7062,3,0.9974606037139893
NeuMF,2007,2007-12-31,177615,7618,4,0.9971189498901367
NeuMF,2007,2007-12-31,177615,1120,5,0.9969409108161926
NeuMF,2007,2007-12-31,177615,7944,6,0.9962444305419922
NeuMF,2007,2007-12-31,177615,1161,7,0.9962062835693359
NeuMF,2007,2007-12-31,177615,1673,8,0.9958204030990601
NeuMF,2007,2007-12-31,177615,4174,9,0.9935279488563538
NeuMF,2007,2007-12-31,177615,6591,10,0.9935076236724854
NeuMF,2007,2007-12-31,177639,27831,1,0.9994146823883057
NeuMF,2007,2007-12-31,177639,1517,2,0.9991948008537292
NeuMF,2007,2007-12-31,177639,6188,3,0.9989858269691467
NeuMF,2007,2007-12-31,177639,6539,4,0.9989331364631653
NeuMF,2007,2007-12-31,177639,7438,5,0.9988242983818054
NeuMF,2007,2007-12-31,177639,1405,6,0.9987307190895081
NeuMF,2007,2007-12-31,177639,6863,7,0.9985241293907166
NeuMF,2007,2007-12-31,177639,16,8,0.998166024684906
NeuMF,2007,2007-12-31,177639,288,9,0.9976686835289001
NeuMF,2007,2007-12-31,177639,4878,10,0.9964500665664673
NeuMF,2007,2007-12-31,177766,6216,1,0.9997673630714417
NeuMF,2007,2007-12-31,177766,37741,2,0.9991432428359985
NeuMF,2007,2007-12-31,177766,6269,3,0.9987465143203735
NeuMF,2007,2007-12-31,177766,4187,4,0.9986190795898438
NeuMF,2007,2007-12-31,177766,3789,5,0.9985979199409485
NeuMF,2007,2007-12-31,177766,32598,6,0.9982582926750183
NeuMF,2007,2007-12-31,177766,27878,7,0.9978919625282288
NeuMF,2007,2007-12-31,177766,8147,8,0.9975741505622864
NeuMF,2007,2007-12-31,177766,2313,9,0.996699869632721
NeuMF,2007,2007-12-31,177766,6954,10,0.9956399202346802
NeuMF,2007,2007-12-31,178066,27878,1,0.9976230263710022
NeuMF,2007,2007-12-31,178066,2161,2,0.9965494871139526
NeuMF,2007,2007-12-31,178066,4427,3,0.9964019060134888
NeuMF,2007,2007-12-31,178066,1206,4,0.9942604303359985
NeuMF,2007,2007-12-31,178066,2997,5,0.992601215839386
NeuMF,2007,2007-12-31,178066,5673,6,0.992398202419281
NeuMF,2007,2007-12-31,178066,1641,7,0.9914641976356506
NeuMF,2007,2007-12-31,178066,2297,8,0.9910878539085388
NeuMF,2007,2007-12-31,178066,2174,9,0.9907618165016174
NeuMF,2007,2007-12-31,178066,36535,10,0.9902715086936951
NeuMF,2007,2007-12-31,178379,40815,1,0.9983295798301697
NeuMF,2007,2007-12-31,178379,2505,2,0.9974326491355896
NeuMF,2007,2007-12-31,178379,7325,3,0.9972707629203796
NeuMF,2007,2007-12-31,178379,4844,4,0.9953770637512207
NeuMF,2007,2007-12-31,178379,3198,5,0.9950507283210754
NeuMF,2007,2007-12-31,178379,4776,6,0.9949687123298645
NeuMF,2007,2007-12-31,178379,3535,7,0.9947518706321716
NeuMF,2007,2007-12-31,178379,5956,8,0.9947093725204468
NeuMF,2007,2007-12-31,178379,3173,9,0.9939987659454346
NeuMF,2007,2007-12-31,178379,36535,10,0.9937441945075989
NeuMF,2007,2007-12-31,178896,5128,1,0.9997058510780334
NeuMF,2007,2007-12-31,178896,5903,2,0.999306321144104
NeuMF,2007,2007-12-31,178896,5628,3,0.9992340803146362
NeuMF,2007,2007-12-31,178896,45499,4,0.9992039799690247
NeuMF,2007,2007-12-31,178896,2193,5,0.9988756775856018
NeuMF,2007,2007-12-31,178896,44665,6,0.9978772401809692
NeuMF,2007,2007-12-31,178896,7254,7,0.9975736737251282
NeuMF,2007,2007-12-31,178896,6281,8,0.9963566064834595
NeuMF,2007,2007-12-31,178896,37382,9,0.9962477087974548
NeuMF,2007,2007-12-31,178896,5218,10,0.9959230422973633
NeuMF,2007,2007-12-31,179005,5971,1,0.9989431500434875
NeuMF,2007,2007-12-31,179005,6537,2,0.9979509711265564
NeuMF,2007,2007-12-31,179005,5903,3,0.9976779818534851
NeuMF,2007,2007-12-31,179005,36401,4,0.993963897228241
NeuMF,2007,2007-12-31,179005,1025,5,0.993324339389801
NeuMF,2007,2007-12-31,179005,8798,6,0.9918463826179504
NeuMF,2007,2007-12-31,179005,4226,7,0.991659939289093
NeuMF,2007,2007-12-31,179005,3753,8,0.9902673363685608
NeuMF,2007,2007-12-31,179005,3300,9,0.9896746277809143
NeuMF,2007,2007-12-31,179005,5541,10,0.9892129302024841
NeuMF,2007,2007-12-31,179172,2700,1,0.9990515112876892
NeuMF,2007,2007-12-31,179172,2329,2,0.998719334602356
NeuMF,2007,2007-12-31,179172,5002,3,0.9982933402061462
NeuMF,2007,2007-12-31,179172,1962,4,0.9982214570045471
NeuMF,2007,2007-12-31,179172,290,5,0.9974244832992554
NeuMF,2007,2007-12-31,179172,1120,6,0.996737539768219
NeuMF,2007,2007-12-31,179172,2600,7,0.9965828061103821
NeuMF,2007,2007-12-31,179172,3617,8,0.9965589642524719
NeuMF,2007,2007-12-31,179172,1665,9,0.9959469437599182
NeuMF,2007,2007-12-31,179172,2367,10,0.9957927465438843
NeuMF,2007,2007-12-31,179624,5589,1,0.9985685348510742
NeuMF,2007,2007-12-31,179624,1268,2,0.9983199238777161
NeuMF,2007,2007-12-31,179624,6979,3,0.996021568775177
NeuMF,2007,2007-12-31,179624,33660,4,0.9956399202346802
NeuMF,2007,2007-12-31,179624,3186,5,0.995023250579834
NeuMF,2007,2007-12-31,179624,4153,6,0.994676947593689
NeuMF,2007,2007-12-31,179624,3882,7,0.9945449829101562
NeuMF,2007,2007-12-31,179624,2803,8,0.993860125541687
NeuMF,2007,2007-12-31,179624,1487,9,0.993517279624939
NeuMF,2007,2007-12-31,179624,7263,10,0.9934642910957336
NeuMF,2007,2007-12-31,179763,5528,1,0.9994425177574158
NeuMF,2007,2007-12-31,179763,4306,2,0.9992478489875793
NeuMF,2007,2007-12-31,179763,5481,3,0.9990940093994141
NeuMF,2007,2007-12-31,179763,4641,4,0.9988178610801697
NeuMF,2007,2007-12-31,179763,5502,5,0.9986893534660339
NeuMF,2007,2007-12-31,179763,5025,6,0.9986591339111328
NeuMF,2007,2007-12-31,179763,4901,7,0.9984887838363647
NeuMF,2007,2007-12-31,179763,3175,8,0.998485267162323
NeuMF,2007,2007-12-31,179763,5902,9,0.998164713382721
NeuMF,2007,2007-12-31,179763,5265,10,0.9979571104049683
NeuMF,2007,2007-12-31,179951,27846,1,0.9984110593795776
NeuMF,2007,2007-12-31,179951,7034,2,0.998295247554779
NeuMF,2007,2007-12-31,179951,4993,3,0.9979479908943176
NeuMF,2007,2007-12-31,179951,5669,4,0.997127115726471
NeuMF,2007,2007-12-31,179951,4975,5,0.9970314502716064
NeuMF,2007,2007-12-31,179951,8622,6,0.9970068335533142
NeuMF,2007,2007-12-31,179951,4027,7,0.9969432950019836
NeuMF,2007,2007-12-31,179951,4995,8,0.9963276982307434
NeuMF,2007,2007-12-31,179951,4973,9,0.9962974190711975
NeuMF,2007,2007-12-31,179951,6539,10,0.9961711764335632
NeuMF,2007,2007-12-31,180149,466,1,0.9984259605407715
NeuMF,2007,2007-12-31,180149,290,2,0.9981124401092529
NeuMF,2007,2007-12-31,180149,5040,3,0.997676432132721
NeuMF,2007,2007-12-31,180149,4215,4,0.997636079788208
NeuMF,2007,2007-12-31,180149,365,5,0.9971020817756653
NeuMF,2007,2007-12-31,180149,1350,6,0.9966087341308594
NeuMF,2007,2007-12-31,180149,6997,7,0.9963112473487854
NeuMF,2007,2007-12-31,180149,3146,8,0.9950364232063293
NeuMF,2007,2007-12-31,180149,8810,9,0.9948529601097107
NeuMF,2007,2007-12-31,180149,6731,10,0.9945002794265747
NeuMF,2007,2007-12-31,180322,1237,1,0.9979268312454224
NeuMF,2007,2007-12-31,180322,3742,2,0.9952087998390198
NeuMF,2007,2007-12-31,180322,296,3,0.9950351715087891
NeuMF,2007,2007-12-31,180322,3468,4,0.993861198425293
NeuMF,2007,2007-12-31,180322,2858,5,0.9933735132217407
NeuMF,2007,2007-12-31,180322,923,6,0.9920657277107239
NeuMF,2007,2007-12-31,180322,347,7,0.9916898012161255
NeuMF,2007,2007-12-31,180322,2300,8,0.9915756583213806
NeuMF,2007,2007-12-31,180322,1542,9,0.9915056824684143
NeuMF,2007,2007-12-31,180322,1178,10,0.9913126826286316
NeuMF,2007,2007-12-31,180777,4262,1,0.999195396900177
NeuMF,2007,2007-12-31,180777,520,2,0.9981521964073181
NeuMF,2007,2007-12-31,180777,370,3,0.997956395149231
NeuMF,2007,2007-12-31,180777,33493,4,0.9977359771728516
NeuMF,2007,2007-12-31,180777,260,5,0.9976398944854736
NeuMF,2007,2007-12-31,180777,2329,6,0.997077465057373
NeuMF,2007,2007-12-31,180777,4963,7,0.9969321489334106
NeuMF,2007,2007-12-31,180777,45722,8,0.9968626499176025
NeuMF,2007,2007-12-31,180777,858,9,0.9957154393196106
NeuMF,2007,2007-12-31,180777,4027,10,0.9955568909645081
NeuMF,2007,2007-12-31,180788,6377,1,0.9998151659965515
NeuMF,2007,2007-12-31,180788,7147,2,0.9997864365577698
NeuMF,2007,2007-12-31,180788,5444,3,0.9997037053108215
NeuMF,2007,2007-12-31,180788,31658,4,0.9997001886367798
NeuMF,2007,2007-12-31,180788,6333,5,0.9996761083602905
NeuMF,2007,2007-12-31,180788,8784,6,0.9996358156204224
NeuMF,2007,2007-12-31,180788,6502,7,0.9995644688606262
NeuMF,2007,2007-12-31,180788,551,8,0.9995230436325073
NeuMF,2007,2007-12-31,180788,6539,9,0.9995191097259521
NeuMF,2007,2007-12-31,180788,8368,10,0.9994882345199585
NeuMF,2007,2007-12-31,181104,7325,1,0.9993253946304321
NeuMF,2007,2007-12-31,181104,5283,2,0.9992645382881165
NeuMF,2007,2007-12-31,181104,6333,3,0.9991689920425415
NeuMF,2007,2007-12-31,181104,8957,4,0.999113142490387
NeuMF,2007,2007-12-31,181104,30793,5,0.9990279674530029
NeuMF,2007,2007-12-31,181104,8636,6,0.9988200068473816
NeuMF,2007,2007-12-31,181104,163,7,0.9988105297088623
NeuMF,2007,2007-12-31,181104,6263,8,0.9984886646270752
NeuMF,2007,2007-12-31,181104,8784,9,0.9981591105461121
NeuMF,2007,2007-12-31,181104,33493,10,0.9978177547454834
NeuMF,2007,2007-12-31,181165,3786,1,0.9993409514427185
NeuMF,2007,2007-12-31,181165,1046,2,0.9992727637290955
NeuMF,2007,2007-12-31,181165,1161,3,0.9989032745361328
NeuMF,2007,2007-12-31,181165,5505,4,0.9984436631202698
NeuMF,2007,2007-12-31,181165,3094,5,0.9983794689178467
NeuMF,2007,2007-12-31,181165,1260,6,0.9973581433296204
NeuMF,2007,2007-12-31,181165,2318,7,0.997192919254303
NeuMF,2007,2007-12-31,181165,4021,8,0.996678352355957
NeuMF,2007,2007-12-31,181165,3046,9,0.9962422847747803
NeuMF,2007,2007-12-31,181165,1300,10,0.9960749745368958
NeuMF,2007,2007-12-31,181897,5989,1,0.9982611536979675
NeuMF,2007,2007-12-31,181897,5952,2,0.9972296357154846
NeuMF,2007,2007-12-31,181897,27821,3,0.9970250725746155
NeuMF,2007,2007-12-31,181897,7325,4,0.9963951706886292
NeuMF,2007,2007-12-31,181897,8873,5,0.9959533214569092
NeuMF,2007,2007-12-31,181897,5900,6,0.9954512715339661
NeuMF,2007,2007-12-31,181897,36525,7,0.9953622221946716
NeuMF,2007,2007-12-31,181897,733,8,0.9949749708175659
NeuMF,2007,2007-12-31,181897,5507,9,0.9949486255645752
NeuMF,2007,2007-12-31,181897,41571,10,0.9935846924781799
NeuMF,2007,2007-12-31,182164,2188,1,0.9988309741020203
NeuMF,2007,2007-12-31,182164,1917,2,0.997017502784729
NeuMF,2007,2007-12-31,182164,2335,3,0.995571494102478
NeuMF,2007,2007-12-31,182164,2321,4,0.9952367544174194
NeuMF,2007,2007-12-31,182164,4149,5,0.994754433631897
NeuMF,2007,2007-12-31,182164,1513,6,0.9924076199531555
NeuMF,2007,2007-12-31,182164,4015,7,0.9923892617225647
NeuMF,2007,2007-12-31,182164,2581,8,0.9920924305915833
NeuMF,2007,2007-12-31,182164,3477,9,0.9907442927360535
NeuMF,2007,2007-12-31,182164,7317,10,0.9902344942092896
NeuMF,2007,2007-12-31,182827,3515,1,0.9987175464630127
NeuMF,2007,2007-12-31,182827,4823,2,0.9987128973007202
NeuMF,2007,2007-12-31,182827,5293,3,0.9980664849281311
NeuMF,2007,2007-12-31,182827,211,4,0.9972066283226013
NeuMF,2007,2007-12-31,182827,8977,5,0.9970808625221252
NeuMF,2007,2007-12-31,182827,73,6,0.9967105388641357
NeuMF,2007,2007-12-31,182827,4815,7,0.9954865574836731
NeuMF,2007,2007-12-31,182827,1727,8,0.9947091341018677
NeuMF,2007,2007-12-31,182827,2574,9,0.9942572116851807
NeuMF,2007,2007-12-31,182827,3952,10,0.993895947933197
NeuMF,2007,2007-12-31,183078,750,1,0.9994625449180603
NeuMF,2007,2007-12-31,183078,1230,2,0.9994409680366516
NeuMF,2007,2007-12-31,183078,1252,3,0.9993818998336792
NeuMF,2007,2007-12-31,183078,1136,4,0.9992119073867798
NeuMF,2007,2007-12-31,183078,1276,5,0.9990265369415283
NeuMF,2007,2007-12-31,183078,910,6,0.9989547729492188
NeuMF,2007,2007-12-31,183078,1197,7,0.9989504814147949
NeuMF,2007,2007-12-31,183078,913,8,0.9988154172897339
NeuMF,2007,2007-12-31,183078,969,9,0.998254120349884
NeuMF,2007,2007-12-31,183078,1250,10,0.998187243938446
NeuMF,2007,2007-12-31,183320,1788,1,0.9995355606079102
NeuMF,2007,2007-12-31,183320,2697,2,0.999357283115387
NeuMF,2007,2007-12-31,183320,3055,3,0.9992467164993286
NeuMF,2007,2007-12-31,183320,4381,4,0.9991669654846191
NeuMF,2007,2007-12-31,183320,1734,5,0.9990938901901245
NeuMF,2007,2007-12-31,183320,6484,6,0.999085545539856
NeuMF,2007,2007-12-31,183320,4151,7,0.9990743398666382
NeuMF,2007,2007-12-31,183320,1794,8,0.9990115165710449
NeuMF,2007,2007-12-31,183320,5446,9,0.9989344477653503
NeuMF,2007,2007-12-31,183320,7139,10,0.9989151954650879
NeuMF,2007,2007-12-31,183341,8874,1,0.9997411370277405
NeuMF,2007,2007-12-31,183341,45431,2,0.9989556074142456
NeuMF,2007,2007-12-31,183341,6331,3,0.9988811612129211
NeuMF,2007,2007-12-31,183341,239,4,0.9988711476325989
NeuMF,2007,2007-12-31,183341,6863,5,0.9987063407897949
NeuMF,2007,2007-12-31,183341,7317,6,0.9986107349395752
NeuMF,2007,2007-12-31,183341,6502,7,0.9982981085777283
NeuMF,2007,2007-12-31,183341,33794,8,0.9976248145103455
NeuMF,2007,2007-12-31,183341,7325,9,0.9974708557128906
NeuMF,2007,2007-12-31,183341,5573,10,0.9974687099456787
NeuMF,2007,2007-12-31,183349,3072,1,0.9998515844345093
NeuMF,2007,2007-12-31,183349,8949,2,0.9997259974479675
NeuMF,2007,2007-12-31,183349,1956,3,0.9994857311248779
NeuMF,2007,2007-12-31,183349,1952,4,0.9993607401847839
NeuMF,2007,2007-12-31,183349,8951,5,0.9991695880889893
NeuMF,2007,2007-12-31,183349,1955,6,0.9989020824432373
NeuMF,2007,2007-12-31,183349,1081,7,0.998822033405304
NeuMF,2007,2007-12-31,183349,1186,8,0.9986802935600281
NeuMF,2007,2007-12-31,183349,2346,9,0.998668909072876
NeuMF,2007,2007-12-31,183349,2474,10,0.9985163807868958
NeuMF,2007,2007-12-31,183397,135,1,0.9994993209838867
NeuMF,2007,2007-12-31,183397,4718,2,0.9982348680496216
NeuMF,2007,2007-12-31,183397,2795,3,0.9973994493484497
NeuMF,2007,2007-12-31,183397,5283,4,0.9972630739212036
NeuMF,2007,2007-12-31,183397,5872,5,0.9967492818832397
NeuMF,2007,2007-12-31,183397,7325,6,0.9965812563896179
NeuMF,2007,2007-12-31,183397,6188,7,0.9962116479873657
NeuMF,2007,2007-12-31,183397,5139,8,0.9960923790931702
NeuMF,2007,2007-12-31,183397,1234,9,0.9959287047386169
NeuMF,2007,2007-12-31,183397,5481,10,0.9953195452690125
NeuMF,2007,2007-12-31,183441,104,1,0.9998301267623901
NeuMF,2007,2007-12-31,183441,3959,2,0.9994946718215942
NeuMF,2007,2007-12-31,183441,3949,3,0.9994174242019653
NeuMF,2007,2007-12-31,183441,33493,4,0.9990233182907104
NeuMF,2007,2007-12-31,183441,3697,5,0.9979411959648132
NeuMF,2007,2007-12-31,183441,3752,6,0.997893750667572
NeuMF,2007,2007-12-31,183441,4679,7,0.9976534247398376
NeuMF,2007,2007-12-31,183441,4979,8,0.9975583553314209
NeuMF,2007,2007-12-31,183441,6502,9,0.9975270628929138
NeuMF,2007,2007-12-31,183441,7147,10,0.9975056052207947
NeuMF,2007,2007-12-31,183453,3569,1,0.9999291896820068
NeuMF,2007,2007-12-31,183453,7396,2,0.999886155128479
NeuMF,2007,2007-12-31,183453,7327,3,0.9997819066047668
NeuMF,2007,2007-12-31,183453,6530,4,0.999727189540863
NeuMF,2007,2007-12-31,183453,7937,5,0.9995884299278259
NeuMF,2007,2007-12-31,183453,31410,6,0.9993543028831482
NeuMF,2007,2007-12-31,183453,6016,7,0.9993265867233276
NeuMF,2007,2007-12-31,183453,2551,8,0.999245285987854
NeuMF,2007,2007-12-31,183453,3741,9,0.9992161989212036
NeuMF,2007,2007-12-31,183453,7938,10,0.9990981817245483
NeuMF,2007,2007-12-31,183652,32591,1,0.9992465972900391
NeuMF,2007,2007-12-31,183652,48082,2,0.9987105131149292
NeuMF,2007,2007-12-31,183652,7299,3,0.9982520937919617
NeuMF,2007,2007-12-31,183652,6216,4,0.9980131387710571
NeuMF,2007,2007-12-31,183652,34437,5,0.9976535439491272
NeuMF,2007,2007-12-31,183652,213,6,0.9975396394729614
NeuMF,2007,2007-12-31,183652,6591,7,0.9951619505882263
NeuMF,2007,2007-12-31,183652,33615,8,0.9944791793823242
NeuMF,2007,2007-12-31,183652,4308,9,0.9942996501922607
NeuMF,2007,2007-12-31,183652,509,10,0.9928169250488281
NeuMF,2007,2007-12-31,183771,4844,1,0.9994309544563293
NeuMF,2007,2007-12-31,183771,4787,2,0.9985639452934265
NeuMF,2007,2007-12-31,183771,3088,3,0.9967901110649109
NeuMF,2007,2007-12-31,183771,3251,4,0.996345579624176
NeuMF,2007,2007-12-31,183771,4508,5,0.9957230091094971
NeuMF,2007,2007-12-31,183771,1392,6,0.9946721196174622
NeuMF,2007,2007-12-31,183771,678,7,0.9945693612098694
NeuMF,2007,2007-12-31,183771,1030,8,0.9945153594017029
NeuMF,2007,2007-12-31,183771,7155,9,0.9938807487487793
NeuMF,2007,2007-12-31,183771,4477,10,0.9937167763710022
NeuMF,2007,2007-12-31,183941,1230,1,0.999792754650116
NeuMF,2007,2007-12-31,183941,7132,2,0.9997346997261047
NeuMF,2007,2007-12-31,183941,908,3,0.9992517828941345
NeuMF,2007,2007-12-31,183941,7013,4,0.9989652633666992
NeuMF,2007,2007-12-31,183941,6331,5,0.9988527297973633
NeuMF,2007,2007-12-31,183941,910,6,0.9984317421913147
NeuMF,2007,2007-12-31,183941,7706,7,0.9981022477149963
NeuMF,2007,2007-12-31,183941,1136,8,0.9980231523513794
NeuMF,2007,2007-12-31,183941,1247,9,0.9979702830314636
NeuMF,2007,2007-12-31,183941,7091,10,0.9977739453315735
NeuMF,2007,2007-12-31,184417,293,1,0.999148964881897
NeuMF,2007,2007-12-31,184417,296,2,0.9987360835075378
NeuMF,2007,2007-12-31,184417,145,3,0.9986584186553955
NeuMF,2007,2007-12-31,184417,288,4,0.9982026815414429
NeuMF,2007,2007-12-31,184417,1408,5,0.9980770349502563
NeuMF,2007,2007-12-31,184417,353,6,0.9979845285415649
NeuMF,2007,2007-12-31,184417,32,7,0.997788667678833
NeuMF,2007,2007-12-31,184417,593,8,0.9975033402442932
NeuMF,2007,2007-12-31,184417,318,9,0.9974414110183716
NeuMF,2007,2007-12-31,184417,4299,10,0.9966790676116943
NeuMF,2007,2007-12-31,184503,5062,1,0.9982557892799377
NeuMF,2007,2007-12-31,184503,5385,2,0.9970001578330994
NeuMF,2007,2007-12-31,184503,4486,3,0.9968658089637756
NeuMF,2007,2007-12-31,184503,3871,4,0.9945248365402222
NeuMF,2007,2007-12-31,184503,4979,5,0.9942417144775391
NeuMF,2007,2007-12-31,184503,1889,6,0.9931977987289429
NeuMF,2007,2007-12-31,184503,4529,7,0.9929446578025818
NeuMF,2007,2007-12-31,184503,818,8,0.9928817749023438
NeuMF,2007,2007-12-31,184503,3932,9,0.9923803806304932
NeuMF,2007,2007-12-31,184503,1245,10,0.9921543002128601
NeuMF,2007,2007-12-31,184814,4373,1,0.9995792508125305
NeuMF,2007,2007-12-31,184814,2423,2,0.9995476603507996
NeuMF,2007,2007-12-31,184814,473,3,0.9977339506149292
NeuMF,2007,2007-12-31,184814,5945,4,0.9974871873855591
NeuMF,2007,2007-12-31,184814,5785,5,0.9974377155303955
NeuMF,2007,2007-12-31,184814,5956,6,0.996218740940094
NeuMF,2007,2007-12-31,184814,6592,7,0.9958057403564453
NeuMF,2007,2007-12-31,184814,2572,8,0.9957066178321838
NeuMF,2007,2007-12-31,184814,31,9,0.9956455230712891
NeuMF,2007,2007-12-31,184814,5995,10,0.9956225752830505
NeuMF,2007,2007-12-31,185020,7160,1,0.9985927939414978
NeuMF,2007,2007-12-31,185020,994,2,0.9980545043945312
NeuMF,2007,2007-12-31,185020,224,3,0.9976754784584045
NeuMF,2007,2007-12-31,185020,4211,4,0.997535228729248
NeuMF,2007,2007-12-31,185020,678,5,0.997063934803009
NeuMF,2007,2007-12-31,185020,2312,6,0.9968096613883972
NeuMF,2007,2007-12-31,185020,46578,7,0.9966802597045898
NeuMF,2007,2007-12-31,185020,265,8,0.9964703321456909
NeuMF,2007,2007-12-31,185020,1670,9,0.9961322546005249
NeuMF,2007,2007-12-31,185020,3358,10,0.9960982799530029
NeuMF,2007,2007-12-31,185479,5956,1,0.9996079802513123
NeuMF,2007,2007-12-31,185479,27788,2,0.9994791150093079
NeuMF,2007,2007-12-31,185479,111,3,0.9986311793327332
NeuMF,2007,2007-12-31,185479,5810,4,0.997565507888794
NeuMF,2007,2007-12-31,185479,27022,5,0.9973887801170349
NeuMF,2007,2007-12-31,185479,7160,6,0.9972129464149475
NeuMF,2007,2007-12-31,185479,40278,7,0.9970576763153076
NeuMF,2007,2007-12-31,185479,4056,8,0.9970017075538635
NeuMF,2007,2007-12-31,185479,3948,9,0.9967081546783447
NeuMF,2007,2007-12-31,185479,33493,10,0.9963351488113403
NeuMF,2007,2007-12-31,185955,3271,1,0.9988620281219482
NeuMF,2007,2007-12-31,185955,1271,2,0.9981390237808228
NeuMF,2007,2007-12-31,185955,147,3,0.9979509711265564
NeuMF,2007,2007-12-31,185955,2618,4,0.9970312118530273
NeuMF,2007,2007-12-31,185955,7438,5,0.9967195391654968
NeuMF,2007,2007-12-31,185955,3252,6,0.9966877102851868
NeuMF,2007,2007-12-31,185955,296,7,0.9957822561264038
NeuMF,2007,2007-12-31,185955,180,8,0.994183361530304
NeuMF,2007,2007-12-31,185955,3100,9,0.9933198690414429
NeuMF,2007,2007-12-31,185955,1884,10,0.9932739734649658
NeuMF,2007,2007-12-31,186539,4079,1,0.9996834993362427
NeuMF,2007,2007-12-31,186539,4000,2,0.9992945194244385
NeuMF,2007,2007-12-31,186539,4103,3,0.9992623925209045
NeuMF,2007,2007-12-31,186539,3125,4,0.9990655779838562
NeuMF,2007,2007-12-31,186539,3007,5,0.9989284873008728
NeuMF,2007,2007-12-31,186539,6796,6,0.9987381100654602
NeuMF,2007,2007-12-31,186539,233,7,0.9986034035682678
NeuMF,2007,2007-12-31,186539,4235,8,0.9981546998023987
NeuMF,2007,2007-12-31,186539,7792,9,0.9980649352073669
NeuMF,2007,2007-12-31,186539,135,10,0.9978214502334595
NeuMF,2007,2007-12-31,186602,3928,1,0.9991248250007629
NeuMF,2007,2007-12-31,186602,48385,2,0.9977472424507141
NeuMF,2007,2007-12-31,186602,50,3,0.997485876083374
NeuMF,2007,2007-12-31,186602,1350,4,0.9969084858894348
NeuMF,2007,2007-12-31,186602,4533,5,0.9962953925132751
NeuMF,2007,2007-12-31,186602,1476,6,0.9953847527503967
NeuMF,2007,2007-12-31,186602,46530,7,0.9939454197883606
NeuMF,2007,2007-12-31,186602,5853,8,0.9930198788642883
NeuMF,2007,2007-12-31,186602,778,9,0.9929018616676331
NeuMF,2007,2007-12-31,186602,2912,10,0.9924066662788391
NeuMF,2007,2007-12-31,186656,8622,1,0.9984353184700012
NeuMF,2007,2007-12-31,186656,40815,2,0.9972777962684631
NeuMF,2007,2007-12-31,186656,34319,3,0.9969887137413025
NeuMF,2007,2007-12-31,186656,8644,4,0.9961646795272827
NeuMF,2007,2007-12-31,186656,50,5,0.9958867430686951
NeuMF,2007,2007-12-31,186656,1320,6,0.9957259893417358
NeuMF,2007,2007-12-31,186656,6333,7,0.9948798418045044
NeuMF,2007,2007-12-31,186656,2291,8,0.994632363319397
NeuMF,2007,2007-12-31,186656,1380,9,0.9944334626197815
NeuMF,2007,2007-12-31,186656,1200,10,0.9940191507339478
NeuMF,2007,2007-12-31,187095,2858,1,0.9991834759712219
NeuMF,2007,2007-12-31,187095,2571,2,0.9987409710884094
NeuMF,2007,2007-12-31,187095,2762,3,0.9987242817878723
NeuMF,2007,2007-12-31,187095,3000,4,0.998566210269928
NeuMF,2007,2007-12-31,187095,2997,5,0.9983896017074585
NeuMF,2007,2007-12-31,187095,1200,6,0.9982036352157593
NeuMF,2007,2007-12-31,187095,1240,7,0.9979358911514282
NeuMF,2007,2007-12-31,187095,1721,8,0.9977291226387024
NeuMF,2007,2007-12-31,187095,1198,9,0.9976540207862854
NeuMF,2007,2007-12-31,187095,1196,10,0.9976480603218079
NeuMF,2007,2007-12-31,187226,5388,1,0.999295711517334
NeuMF,2007,2007-12-31,187226,352,2,0.9991149306297302
NeuMF,2007,2007-12-31,187226,44195,3,0.999101996421814
NeuMF,2007,2007-12-31,187226,1799,4,0.9989908337593079
NeuMF,2007,2007-12-31,187226,3502,5,0.9980648159980774
NeuMF,2007,2007-12-31,187226,5992,6,0.997920572757721
NeuMF,2007,2007-12-31,187226,58,7,0.9964234232902527
NeuMF,2007,2007-12-31,187226,538,8,0.9962169528007507
NeuMF,2007,2007-12-31,187226,3105,9,0.9960230588912964
NeuMF,2007,2007-12-31,187226,3108,10,0.9958657026290894
NeuMF,2007,2007-12-31,187474,2296,1,0.9996589422225952
NeuMF,2007,2007-12-31,187474,5679,2,0.9994511008262634
NeuMF,2007,2007-12-31,187474,7346,3,0.9992984533309937
NeuMF,2007,2007-12-31,187474,5219,4,0.9991356730461121
NeuMF,2007,2007-12-31,187474,5151,5,0.998893678188324
NeuMF,2007,2007-12-31,187474,6502,6,0.9987701773643494
NeuMF,2007,2007-12-31,187474,4718,7,0.9986934065818787
NeuMF,2007,2007-12-31,187474,4963,8,0.9986265897750854
NeuMF,2007,2007-12-31,187474,3949,9,0.998228132724762
NeuMF,2007,2007-12-31,187474,5296,10,0.9981887936592102
NeuMF,2007,2007-12-31,187584,2583,1,0.9991990923881531
NeuMF,2007,2007-12-31,187584,3183,2,0.9991390705108643
NeuMF,2007,2007-12-31,187584,3952,3,0.9987733960151672
NeuMF,2007,2007-12-31,187584,2130,4,0.9971038699150085
NeuMF,2007,2007-12-31,187584,4234,5,0.9968920350074768
NeuMF,2007,2007-12-31,187584,2925,6,0.9954500794410706
NeuMF,2007,2007-12-31,187584,3456,7,0.995182454586029
NeuMF,2007,2007-12-31,187584,16,8,0.994078516960144
NeuMF,2007,2007-12-31,187584,1719,9,0.9934572577476501
NeuMF,2007,2007-12-31,187584,1077,10,0.9926295280456543
NeuMF,2007,2007-12-31,187667,8609,1,0.999908447265625
NeuMF,2007,2007-12-31,187667,1269,2,0.9993082284927368
NeuMF,2007,2007-12-31,187667,7206,3,0.9992601275444031
NeuMF,2007,2007-12-31,187667,3307,4,0.9991699457168579
NeuMF,2007,2007-12-31,187667,1348,5,0.9988910555839539
NeuMF,2007,2007-12-31,187667,951,6,0.9987223744392395
NeuMF,2007,2007-12-31,187667,3022,7,0.9984038472175598
NeuMF,2007,2007-12-31,187667,8516,8,0.9982978701591492
NeuMF,2007,2007-12-31,187667,915,9,0.9982896447181702
NeuMF,2007,2007-12-31,187667,905,10,0.9979821443557739
NeuMF,2007,2007-12-31,187733,4246,1,0.9998270869255066
NeuMF,2007,2007-12-31,187733,4973,2,0.9993894100189209
NeuMF,2007,2007-12-31,187733,4361,3,0.9990465044975281
NeuMF,2007,2007-12-31,187733,41569,4,0.9989483952522278
NeuMF,2007,2007-12-31,187733,4027,5,0.9988742470741272
NeuMF,2007,2007-12-31,187733,2020,6,0.9983501434326172
NeuMF,2007,2007-12-31,187733,4993,7,0.998094379901886
NeuMF,2007,2007-12-31,187733,3996,8,0.9977038502693176
NeuMF,2007,2007-12-31,187733,1079,9,0.997633695602417
NeuMF,2007,2007-12-31,187733,902,10,0.9970430731773376
NeuMF,2007,2007-12-31,187795,3081,1,0.9992818236351013
NeuMF,2007,2007-12-31,187795,1573,2,0.9989436268806458
NeuMF,2007,2007-12-31,187795,6502,3,0.9986748695373535
NeuMF,2007,2007-12-31,187795,1676,4,0.9980438947677612
NeuMF,2007,2007-12-31,187795,5266,5,0.9976158142089844
NeuMF,2007,2007-12-31,187795,3113,6,0.9973535537719727
NeuMF,2007,2007-12-31,187795,7438,7,0.9964708089828491
NeuMF,2007,2007-12-31,187795,653,8,0.9963906407356262
NeuMF,2007,2007-12-31,187795,2167,9,0.9956479668617249
NeuMF,2007,2007-12-31,187795,2353,10,0.9955508708953857
NeuMF,2007,2007-12-31,188115,5637,1,0.9989678859710693
NeuMF,2007,2007-12-31,188115,3047,2,0.9987142086029053
NeuMF,2007,2007-12-31,188115,6357,3,0.9983306527137756
NeuMF,2007,2007-12-31,188115,4292,4,0.9977303147315979
NeuMF,2007,2007-12-31,188115,3733,5,0.997617781162262
NeuMF,2007,2007-12-31,188115,5472,6,0.9974604845046997
NeuMF,2007,2007-12-31,188115,2370,7,0.9973971843719482
NeuMF,2007,2007-12-31,188115,4191,8,0.9970377683639526
NeuMF,2007,2007-12-31,188115,4285,9,0.9970059990882874
NeuMF,2007,2007-12-31,188115,515,10,0.996697187423706
NeuMF,2007,2007-12-31,188537,180,1,0.9995287656784058
NeuMF,2007,2007-12-31,188537,8974,2,0.9994064569473267
NeuMF,2007,2007-12-31,188537,8366,3,0.9993976354598999
NeuMF,2007,2007-12-31,188537,2761,4,0.9993304014205933
NeuMF,2007,2007-12-31,188537,3911,5,0.9991317391395569
NeuMF,2007,2007-12-31,188537,6539,6,0.9991223216056824
NeuMF,2007,2007-12-31,188537,7153,7,0.999057948589325
NeuMF,2007,2007-12-31,188537,6333,8,0.9989089965820312
NeuMF,2007,2007-12-31,188537,2542,9,0.9989087581634521
NeuMF,2007,2007-12-31,188537,7317,10,0.998893678188324
NeuMF,2007,2007-12-31,188625,2692,1,0.9979901313781738
NeuMF,2007,2007-12-31,188625,6242,2,0.9975546002388
NeuMF,2007,2007-12-31,188625,1342,3,0.9962629675865173
NeuMF,2007,2007-12-31,188625,8855,4,0.9961295127868652
NeuMF,2007,2007-12-31,188625,4973,5,0.9961114525794983
NeuMF,2007,2007-12-31,188625,3943,6,0.9959446787834167
NeuMF,2007,2007-12-31,188625,1288,7,0.9953922033309937
NeuMF,2007,2007-12-31,188625,2804,8,0.9949325919151306
NeuMF,2007,2007-12-31,188625,7438,9,0.994255006313324
NeuMF,2007,2007-12-31,188625,6380,10,0.994110643863678
NeuMF,2007,2007-12-31,188777,781,1,0.9962617754936218
NeuMF,2007,2007-12-31,188777,3467,2,0.9958250522613525
NeuMF,2007,2007-12-31,188777,2313,3,0.9957106113433838
NeuMF,2007,2007-12-31,188777,1414,4,0.9950653910636902
NeuMF,2007,2007-12-31,188777,1019,5,0.9940617680549622
NeuMF,2007,2007-12-31,188777,62,6,0.9934305548667908
NeuMF,2007,2007-12-31,188777,1012,7,0.99234938621521
NeuMF,2007,2007-12-31,188777,2702,8,0.992241621017456
NeuMF,2007,2007-12-31,188777,6711,9,0.9908294677734375
NeuMF,2007,2007-12-31,188777,1269,10,0.9906268119812012
NeuMF,2007,2007-12-31,188784,5952,1,0.9970038533210754
NeuMF,2007,2007-12-31,188784,4306,2,0.9967701435089111
NeuMF,2007,2007-12-31,188784,4993,3,0.9965910911560059
NeuMF,2007,2007-12-31,188784,5445,4,0.9947373270988464
NeuMF,2007,2007-12-31,188784,4896,5,0.9938333034515381
NeuMF,2007,2007-12-31,188784,1917,6,0.9903182983398438
NeuMF,2007,2007-12-31,188784,4995,7,0.9884387850761414
NeuMF,2007,2007-12-31,188784,4022,8,0.9841552972793579
NeuMF,2007,2007-12-31,188784,5502,9,0.9839854836463928
NeuMF,2007,2007-12-31,188784,377,10,0.9812933802604675
NeuMF,2007,2007-12-31,188800,318,1,0.9996812343597412
NeuMF,2007,2007-12-31,188800,778,2,0.9994946718215942
NeuMF,2007,2007-12-31,188800,2997,3,0.9993450045585632
NeuMF,2007,2007-12-31,188800,1080,4,0.9986899495124817
NeuMF,2007,2007-12-31,188800,527,5,0.9986053109169006
NeuMF,2007,2007-12-31,188800,593,6,0.9985833168029785
NeuMF,2007,2007-12-31,188800,2700,7,0.9985777139663696
NeuMF,2007,2007-12-31,188800,1206,8,0.9978442192077637
NeuMF,2007,2007-12-31,188800,1288,9,0.9973918199539185
NeuMF,2007,2007-12-31,188800,223,10,0.9972822666168213
NeuMF,2007,2007-12-31,188986,2565,1,0.999809205532074
NeuMF,2007,2007-12-31,188986,2067,2,0.9996287822723389
NeuMF,2007,2007-12-31,188986,5135,3,0.9985255599021912
NeuMF,2007,2007-12-31,188986,952,4,0.998230516910553
NeuMF,2007,2007-12-31,188986,2941,5,0.9973892569541931
NeuMF,2007,2007-12-31,188986,976,6,0.9972749352455139
NeuMF,2007,2007-12-31,188986,6565,7,0.9971965551376343
NeuMF,2007,2007-12-31,188986,916,8,0.9971961975097656
NeuMF,2007,2007-12-31,188986,3330,9,0.9968419075012207
NeuMF,2007,2007-12-31,188986,597,10,0.9968076944351196
NeuMF,2007,2007-12-31,189107,2571,1,0.9997410178184509
NeuMF,2007,2007-12-31,189107,4226,2,0.9995872378349304
NeuMF,2007,2007-12-31,189107,3996,3,0.9993513226509094
NeuMF,2007,2007-12-31,189107,1721,4,0.9992062449455261
NeuMF,2007,2007-12-31,189107,4306,5,0.9991976618766785
NeuMF,2007,2007-12-31,189107,4886,6,0.9990358352661133
NeuMF,2007,2007-12-31,189107,3793,7,0.9990021586418152
NeuMF,2007,2007-12-31,189107,4027,8,0.9987472295761108
NeuMF,2007,2007-12-31,189107,2628,9,0.9986718893051147
NeuMF,2007,2007-12-31,189107,4993,10,0.9984325766563416
NeuMF,2007,2007-12-31,189561,18,1,0.9994992017745972
NeuMF,2007,2007-12-31,189561,4084,2,0.9975737929344177
NeuMF,2007,2007-12-31,189561,8376,3,0.9964115023612976
NeuMF,2007,2007-12-31,189561,2372,4,0.9963148236274719
NeuMF,2007,2007-12-31,189561,2090,5,0.9955352544784546
NeuMF,2007,2007-12-31,189561,7153,6,0.9952402114868164
NeuMF,2007,2007-12-31,189561,2139,7,0.995158851146698
NeuMF,2007,2007-12-31,189561,4006,8,0.9939630627632141
NeuMF,2007,2007-12-31,189561,3421,9,0.9921253323554993
NeuMF,2007,2007-12-31,189561,1753,10,0.9918164610862732
NeuMF,2007,2007-12-31,189595,2394,1,0.9984650611877441
NeuMF,2007,2007-12-31,189595,2433,2,0.9982123374938965
NeuMF,2007,2007-12-31,189595,1911,3,0.9980915188789368
NeuMF,2007,2007-12-31,189595,953,4,0.9980066418647766
NeuMF,2007,2007-12-31,189595,1197,5,0.9979756474494934
NeuMF,2007,2007-12-31,189595,3114,6,0.9977642297744751
NeuMF,2007,2007-12-31,189595,2724,7,0.9977285265922546
NeuMF,2007,2007-12-31,189595,2355,8,0.9977067708969116
NeuMF,2007,2007-12-31,189595,1513,9,0.9973968267440796
NeuMF,2007,2007-12-31,189595,2546,10,0.997246503829956
NeuMF,2007,2007-12-31,189763,4993,1,0.9998975992202759
NeuMF,2007,2007-12-31,189763,8949,2,0.9997504353523254
NeuMF,2007,2007-12-31,189763,31878,3,0.9997060894966125
NeuMF,2007,2007-12-31,189763,5669,4,0.9996494054794312
NeuMF,2007,2007-12-31,189763,6370,5,0.9996490478515625
NeuMF,2007,2007-12-31,189763,8873,6,0.9996098875999451
NeuMF,2007,2007-12-31,189763,4226,7,0.9995589852333069
NeuMF,2007,2007-12-31,189763,8784,8,0.9995379447937012
NeuMF,2007,2007-12-31,189763,5445,9,0.9995168447494507
NeuMF,2007,2007-12-31,189763,7090,10,0.9994664788246155
NeuMF,2007,2007-12-31,189899,2124,1,0.999428927898407
NeuMF,2007,2007-12-31,189899,4896,2,0.9988387227058411
NeuMF,2007,2007-12-31,189899,1079,3,0.9983962178230286
NeuMF,2007,2007-12-31,189899,4886,4,0.9980311989784241
NeuMF,2007,2007-12-31,189899,589,5,0.9980182647705078
NeuMF,2007,2007-12-31,189899,1527,6,0.9979470372200012
NeuMF,2007,2007-12-31,189899,364,7,0.9978098273277283
NeuMF,2007,2007-12-31,189899,1580,8,0.9971635937690735
NeuMF,2007,2007-12-31,189899,541,9,0.9967013001441956
NeuMF,2007,2007-12-31,189899,745,10,0.9963709115982056
NeuMF,2007,2007-12-31,190239,3089,1,0.9993150234222412
NeuMF,2007,2007-12-31,190239,48082,2,0.9989929795265198
NeuMF,2007,2007-12-31,190239,3022,3,0.9987809062004089
NeuMF,2007,2007-12-31,190239,2973,4,0.998485267162323
NeuMF,2007,2007-12-31,190239,4144,5,0.9982314705848694
NeuMF,2007,2007-12-31,190239,3629,6,0.9980025887489319
NeuMF,2007,2007-12-31,190239,3091,7,0.9976816177368164
NeuMF,2007,2007-12-31,190239,25923,8,0.9970038533210754
NeuMF,2007,2007-12-31,190239,1952,9,0.9967964291572571
NeuMF,2007,2007-12-31,190239,8270,10,0.9961856007575989
NeuMF,2007,2007-12-31,190652,2803,1,0.9961283206939697
NeuMF,2007,2007-12-31,190652,1090,2,0.9956547021865845
NeuMF,2007,2007-12-31,190652,6796,3,0.9951344132423401
NeuMF,2007,2007-12-31,190652,6197,4,0.9946503043174744
NeuMF,2007,2007-12-31,190652,2402,5,0.9933896064758301
NeuMF,2007,2007-12-31,190652,2278,6,0.9929543137550354
NeuMF,2007,2007-12-31,190652,3147,7,0.9913259148597717
NeuMF,2007,2007-12-31,190652,8360,8,0.9898290038108826
NeuMF,2007,2007-12-31,190652,454,9,0.9883261322975159
NeuMF,2007,2007-12-31,190652,3020,10,0.9880024194717407
NeuMF,2007,2007-12-31,190813,8636,1,0.99932861328125
NeuMF,2007,2007-12-31,190813,2406,2,0.9992080330848694
NeuMF,2007,2007-12-31,190813,2985,3,0.9988273978233337
NeuMF,2007,2007-12-31,190813,1223,4,0.9984936714172363
NeuMF,2007,2007-12-31,190813,6104,5,0.9983252882957458
NeuMF,2007,2007-12-31,190813,2378,6,0.9982373714447021
NeuMF,2007,2007-12-31,190813,8623,7,0.9978531002998352
NeuMF,2007,2007-12-31,190813,6333,8,0.9971883893013
NeuMF,2007,2007-12-31,190813,8961,9,0.9969057440757751
NeuMF,2007,2007-12-31,190813,4886,10,0.9968580007553101
NeuMF,2007,2007-12-31,191488,3418,1,0.9988634586334229
NeuMF,2007,2007-12-31,191488,2409,2,0.9988571405410767
NeuMF,2007,2007-12-31,191488,3812,3,0.9971501231193542
NeuMF,2007,2007-12-31,191488,2802,4,0.9965541362762451
NeuMF,2007,2007-12-31,191488,2457,5,0.995314359664917
NeuMF,2007,2007-12-31,191488,2076,6,0.9946579337120056
NeuMF,2007,2007-12-31,191488,3253,7,0.9938451647758484
NeuMF,2007,2007-12-31,191488,5139,8,0.9937856197357178
NeuMF,2007,2007-12-31,191488,493,9,0.993738055229187
NeuMF,2007,2007-12-31,191488,5989,10,0.9936630725860596
NeuMF,2007,2007-12-31,191675,27788,1,0.9991063475608826
NeuMF,2007,2007-12-31,191675,33166,2,0.9990556836128235
NeuMF,2007,2007-12-31,191675,34150,3,0.9981057643890381
NeuMF,2007,2007-12-31,191675,7450,4,0.9980829954147339
NeuMF,2007,2007-12-31,191675,8981,5,0.9978501796722412
NeuMF,2007,2007-12-31,191675,6942,6,0.9975758194923401
NeuMF,2007,2007-12-31,191675,8959,7,0.9967453479766846
NeuMF,2007,2007-12-31,191675,1088,8,0.9964603781700134
NeuMF,2007,2007-12-31,191675,2541,9,0.9964003562927246
NeuMF,2007,2007-12-31,191675,8949,10,0.996355414390564
NeuMF,2007,2007-12-31,191852,6333,1,0.9979718327522278
NeuMF,2007,2007-12-31,191852,4027,2,0.997433602809906
NeuMF,2007,2007-12-31,191852,3686,3,0.9972692131996155
NeuMF,2007,2007-12-31,191852,4725,4,0.9965019226074219
NeuMF,2007,2007-12-31,191852,4973,5,0.9960116147994995
NeuMF,2007,2007-12-31,191852,4095,6,0.9959127306938171
NeuMF,2007,2007-12-31,191852,1615,7,0.9957893490791321
NeuMF,2007,2007-12-31,191852,3271,8,0.9957088232040405
NeuMF,2007,2007-12-31,191852,4020,9,0.9955714344978333
NeuMF,2007,2007-12-31,191852,30820,10,0.9952046871185303
NeuMF,2007,2007-12-31,192366,110,1,0.9994844198226929
NeuMF,2007,2007-12-31,192366,4369,2,0.998891294002533
NeuMF,2007,2007-12-31,192366,589,3,0.9981586337089539
NeuMF,2007,2007-12-31,192366,6595,4,0.9977814555168152
NeuMF,2007,2007-12-31,192366,161,5,0.9971694350242615
NeuMF,2007,2007-12-31,192366,5479,6,0.9969409108161926
NeuMF,2007,2007-12-31,192366,296,7,0.9966938495635986
NeuMF,2007,2007-12-31,192366,7153,8,0.9963731169700623
NeuMF,2007,2007-12-31,192366,5445,9,0.9963160157203674
NeuMF,2007,2007-12-31,192366,480,10,0.9961103796958923
NeuMF,2007,2007-12-31,192477,914,1,0.9997275471687317
NeuMF,2007,2007-12-31,192477,3114,2,0.9995983242988586
NeuMF,2007,2007-12-31,192477,2804,3,0.9995700716972351
NeuMF,2007,2007-12-31,192477,8368,4,0.999299168586731
NeuMF,2007,2007-12-31,192477,8147,5,0.9989797472953796
NeuMF,2007,2007-12-31,192477,7619,6,0.9989462494850159
NeuMF,2007,2007-12-31,192477,7147,7,0.998918890953064
NeuMF,2007,2007-12-31,192477,6565,8,0.9989125728607178
NeuMF,2007,2007-12-31,192477,8580,9,0.9988372921943665
NeuMF,2007,2007-12-31,192477,4896,10,0.9987779259681702
NeuMF,2007,2007-12-31,192558,3569,1,0.9999305009841919
NeuMF,2007,2007-12-31,192558,6890,2,0.9997993111610413
NeuMF,2007,2007-12-31,192558,8019,3,0.9995705485343933
NeuMF,2007,2007-12-31,192558,6502,4,0.9993732571601868
NeuMF,2007,2007-12-31,192558,32587,5,0.9992865920066833
NeuMF,2007,2007-12-31,192558,4720,6,0.9988318085670471
NeuMF,2007,2007-12-31,192558,8638,7,0.9987762570381165
NeuMF,2007,2007-12-31,192558,5992,8,0.9987655878067017
NeuMF,2007,2007-12-31,192558,7160,9,0.9987452030181885
NeuMF,2007,2007-12-31,192558,8950,10,0.9979487061500549
NeuMF,2007,2007-12-31,192930,2959,1,0.9989182949066162
NeuMF,2007,2007-12-31,192930,4262,2,0.9986904263496399
NeuMF,2007,2007-12-31,192930,1089,3,0.9981052875518799
NeuMF,2007,2007-12-31,192930,4993,4,0.9979358911514282
NeuMF,2007,2007-12-31,192930,4085,5,0.9978819489479065
NeuMF,2007,2007-12-31,192930,4306,6,0.9978777170181274
NeuMF,2007,2007-12-31,192930,3752,7,0.9977210164070129
NeuMF,2007,2007-12-31,192930,3785,8,0.9975244402885437
NeuMF,2007,2007-12-31,192930,1090,9,0.9973545074462891
NeuMF,2007,2007-12-31,192930,3578,10,0.9971684813499451
NeuMF,2007,2007-12-31,193143,2944,1,0.9963322281837463
NeuMF,2007,2007-12-31,193143,8937,2,0.9962602853775024
NeuMF,2007,2007-12-31,193143,8493,3,0.995848536491394
NeuMF,2007,2007-12-31,193143,1250,4,0.995200514793396
NeuMF,2007,2007-12-31,193143,4220,5,0.9946008920669556
NeuMF,2007,2007-12-31,193143,4214,6,0.9943211078643799
NeuMF,2007,2007-12-31,193143,6378,7,0.9911289215087891
NeuMF,2007,2007-12-31,193143,4489,8,0.99003005027771
NeuMF,2007,2007-12-31,193143,4679,9,0.9875202178955078
NeuMF,2007,2007-12-31,193143,3507,10,0.9870290756225586
NeuMF,2007,2007-12-31,193248,3272,1,0.9993588328361511
NeuMF,2007,2007-12-31,193248,1508,2,0.9987704157829285
NeuMF,2007,2007-12-31,193248,2333,3,0.9978095889091492
NeuMF,2007,2007-12-31,193248,2912,4,0.9971402883529663
NeuMF,2007,2007-12-31,193248,1729,5,0.996275782585144
NeuMF,2007,2007-12-31,193248,529,6,0.9952967762947083
NeuMF,2007,2007-12-31,193248,1785,7,0.9950849413871765
NeuMF,2007,2007-12-31,193248,431,8,0.9948215484619141
NeuMF,2007,2007-12-31,193248,3263,9,0.994500994682312
NeuMF,2007,2007-12-31,193248,553,10,0.9943530559539795
NeuMF,2007,2007-12-31,193945,5991,1,0.9997579455375671
NeuMF,2007,2007-12-31,193945,5952,2,0.99953293800354
NeuMF,2007,2007-12-31,193945,4993,3,0.9994722008705139
NeuMF,2007,2007-12-31,193945,5989,4,0.999326229095459
NeuMF,2007,2007-12-31,193945,5445,5,0.9991471767425537
NeuMF,2007,2007-12-31,193945,4963,6,0.998927891254425
NeuMF,2007,2007-12-31,193945,7153,7,0.9984134435653687
NeuMF,2007,2007-12-31,193945,4226,8,0.9982282519340515
NeuMF,2007,2007-12-31,193945,7361,9,0.9982062578201294
NeuMF,2007,2007-12-31,193945,5418,10,0.9981188178062439
NeuMF,2007,2007-12-31,194011,7027,1,0.9976547956466675
NeuMF,2007,2007-12-31,194011,3483,2,0.9975197911262512
NeuMF,2007,2007-12-31,194011,4361,3,0.9969497323036194
NeuMF,2007,2007-12-31,194011,6333,4,0.9968641400337219
NeuMF,2007,2007-12-31,194011,3252,5,0.9950088262557983
NeuMF,2007,2007-12-31,194011,4326,6,0.9949570298194885
NeuMF,2007,2007-12-31,194011,8958,7,0.9944167137145996
NeuMF,2007,2007-12-31,194011,8016,8,0.992097020149231
NeuMF,2007,2007-12-31,194011,4896,9,0.992071807384491
NeuMF,2007,2007-12-31,194011,30793,10,0.991936206817627
NeuMF,2007,2007-12-31,194440,2810,1,0.9998743534088135
NeuMF,2007,2007-12-31,194440,31660,2,0.999754011631012
NeuMF,2007,2007-12-31,194440,2140,3,0.9994878768920898
NeuMF,2007,2007-12-31,194440,551,4,0.9993282556533813
NeuMF,2007,2007-12-31,194440,1274,5,0.9992634654045105
NeuMF,2007,2007-12-31,194440,6093,6,0.9991598129272461
NeuMF,2007,2007-12-31,194440,5971,7,0.9990610480308533
NeuMF,2007,2007-12-31,194440,741,8,0.9990390539169312
NeuMF,2007,2007-12-31,194440,1025,9,0.9990183115005493
NeuMF,2007,2007-12-31,194440,4232,10,0.9988620281219482
NeuMF,2007,2007-12-31,194669,30793,1,0.9979678988456726
NeuMF,2007,2007-12-31,194669,2382,2,0.9977847933769226
NeuMF,2007,2007-12-31,194669,914,3,0.9975489974021912
NeuMF,2007,2007-12-31,194669,7143,4,0.9971508383750916
NeuMF,2007,2007-12-31,194669,2959,5,0.9968949556350708
NeuMF,2007,2007-12-31,194669,1278,6,0.9967566132545471
NeuMF,2007,2007-12-31,194669,466,7,0.9961614608764648
NeuMF,2007,2007-12-31,194669,899,8,0.9959428906440735
NeuMF,2007,2007-12-31,194669,2949,9,0.9958993792533875
NeuMF,2007,2007-12-31,194669,1097,10,0.9956538677215576
NeuMF,2007,2007-12-31,194717,33660,1,0.9980751276016235
NeuMF,2007,2007-12-31,194717,4880,2,0.9968956708908081
NeuMF,2007,2007-12-31,194717,73,3,0.9965015649795532
NeuMF,2007,2007-12-31,194717,34319,4,0.9948853850364685
NeuMF,2007,2007-12-31,194717,4321,5,0.9937490224838257
NeuMF,2007,2007-12-31,194717,5438,6,0.9931331276893616
NeuMF,2007,2007-12-31,194717,3114,7,0.9924985766410828
NeuMF,2007,2007-12-31,194717,30749,8,0.9921813011169434
NeuMF,2007,2007-12-31,194717,1097,9,0.9919258952140808
NeuMF,2007,2007-12-31,194717,3147,10,0.9909653663635254
NeuMF,2007,2007-12-31,195051,4878,1,0.9999254941940308
NeuMF,2007,2007-12-31,195051,18,2,0.9999080896377563
NeuMF,2007,2007-12-31,195051,8638,3,0.9996090531349182
NeuMF,2007,2007-12-31,195051,5679,4,0.9995748400688171
NeuMF,2007,2007-12-31,195051,7361,5,0.9995577931404114
NeuMF,2007,2007-12-31,195051,6502,6,0.9988974332809448
NeuMF,2007,2007-12-31,195051,36276,7,0.9986979961395264
NeuMF,2007,2007-12-31,195051,5617,8,0.9984772801399231
NeuMF,2007,2007-12-31,195051,551,9,0.9984225034713745
NeuMF,2007,2007-12-31,195051,4993,10,0.998144268989563
NeuMF,2007,2007-12-31,195348,4886,1,0.9997586607933044
NeuMF,2007,2007-12-31,195348,5445,2,0.9997122883796692
NeuMF,2007,2007-12-31,195348,1036,3,0.9996792078018188
NeuMF,2007,2007-12-31,195348,50,4,0.9995865225791931
NeuMF,2007,2007-12-31,195348,4963,5,0.9994760155677795
NeuMF,2007,2007-12-31,195348,589,6,0.999377965927124
NeuMF,2007,2007-12-31,195348,4306,7,0.9993748068809509
NeuMF,2007,2007-12-31,195348,318,8,0.9992848038673401
NeuMF,2007,2007-12-31,195348,4226,9,0.9991752505302429
NeuMF,2007,2007-12-31,195348,5952,10,0.9989784955978394
NeuMF,2007,2007-12-31,195387,608,1,0.9981282353401184
NeuMF,2007,2007-12-31,195387,2028,2,0.9975574016571045
NeuMF,2007,2007-12-31,195387,594,3,0.997458279132843
NeuMF,2007,2007-12-31,195387,1210,4,0.997252881526947
NeuMF,2007,2007-12-31,195387,1617,5,0.9966008067131042
NeuMF,2007,2007-12-31,195387,919,6,0.9965872764587402
NeuMF,2007,2007-12-31,195387,296,7,0.9965394735336304
NeuMF,2007,2007-12-31,195387,4993,8,0.9965232610702515
NeuMF,2007,2007-12-31,195387,3996,9,0.9964981079101562
NeuMF,2007,2007-12-31,195387,903,10,0.9964941143989563
NeuMF,2007,2007-12-31,195510,4128,1,0.9973763227462769
NeuMF,2007,2007-12-31,195510,8376,2,0.9971351623535156
NeuMF,2007,2007-12-31,195510,1967,3,0.9970297813415527
NeuMF,2007,2007-12-31,195510,1348,4,0.9959484934806824
NeuMF,2007,2007-12-31,195510,27899,5,0.9959405660629272
NeuMF,2007,2007-12-31,195510,7147,6,0.9955145716667175
NeuMF,2007,2007-12-31,195510,2193,7,0.9953749775886536
NeuMF,2007,2007-12-31,195510,4571,8,0.9953742623329163
NeuMF,2007,2007-12-31,195510,3081,9,0.994901180267334
NeuMF,2007,2007-12-31,195510,4993,10,0.9947156310081482
NeuMF,2007,2007-12-31,196077,3703,1,0.9998093247413635
NeuMF,2007,2007-12-31,196077,6062,2,0.9992449283599854
NeuMF,2007,2007-12-31,196077,6125,3,0.9991886019706726
NeuMF,2007,2007-12-31,196077,1077,4,0.9979263544082642
NeuMF,2007,2007-12-31,196077,4605,5,0.9978997707366943
NeuMF,2007,2007-12-31,196077,5522,6,0.9976974129676819
NeuMF,2007,2007-12-31,196077,6645,7,0.996871292591095
NeuMF,2007,2007-12-31,196077,784,8,0.9968486428260803
NeuMF,2007,2007-12-31,196077,4079,9,0.9967371821403503
NeuMF,2007,2007-12-31,196077,799,10,0.9966892600059509
NeuMF,2007,2007-12-31,196155,1441,1,0.9981712102890015
NeuMF,2007,2007-12-31,196155,7323,2,0.9971717000007629
NeuMF,2007,2007-12-31,196155,33166,3,0.9966586828231812
NeuMF,2007,2007-12-31,196155,5265,4,0.9962149262428284
NeuMF,2007,2007-12-31,196155,3007,5,0.9959828853607178
NeuMF,2007,2007-12-31,196155,2389,6,0.9958804845809937
NeuMF,2007,2007-12-31,196155,3089,7,0.9956421852111816
NeuMF,2007,2007-12-31,196155,27878,8,0.9946935772895813
NeuMF,2007,2007-12-31,196155,1173,9,0.9936352968215942
NeuMF,2007,2007-12-31,196155,4256,10,0.9935073852539062
NeuMF,2007,2007-12-31,197251,41569,1,0.9999246597290039
NeuMF,2007,2007-12-31,197251,44195,2,0.9998855590820312
NeuMF,2007,2007-12-31,197251,37741,3,0.9998791217803955
NeuMF,2007,2007-12-31,197251,40819,4,0.9997785687446594
NeuMF,2007,2007-12-31,197251,4226,5,0.9996175765991211
NeuMF,2007,2007-12-31,197251,8961,6,0.999407172203064
NeuMF,2007,2007-12-31,197251,5952,7,0.9994003772735596
NeuMF,2007,2007-12-31,197251,45722,8,0.9994000196456909
NeuMF,2007,2007-12-31,197251,6711,9,0.999366819858551
NeuMF,2007,2007-12-31,197251,39183,10,0.9993007183074951
NeuMF,2007,2007-12-31,197320,3285,1,0.9978931546211243
NeuMF,2007,2007-12-31,197320,3081,2,0.9961138963699341
NeuMF,2007,2007-12-31,197320,8970,3,0.996056079864502
NeuMF,2007,2007-12-31,197320,3247,4,0.995836615562439
NeuMF,2007,2007-12-31,197320,7034,5,0.9951992630958557
NeuMF,2007,2007-12-31,197320,2485,6,0.995001494884491
NeuMF,2007,2007-12-31,197320,6367,7,0.994816243648529
NeuMF,2007,2007-12-31,197320,1801,8,0.9946584105491638
NeuMF,2007,2007-12-31,197320,2369,9,0.9944422841072083
NeuMF,2007,2007-12-31,197320,5508,10,0.9938147068023682
NeuMF,2007,2007-12-31,197441,8798,1,0.9992309808731079
NeuMF,2007,2007-12-31,197441,520,2,0.9989520311355591
NeuMF,2007,2007-12-31,197441,3681,3,0.9983831644058228
NeuMF,2007,2007-12-31,197441,4262,4,0.9983342289924622
NeuMF,2007,2007-12-31,197441,431,5,0.9976469874382019
NeuMF,2007,2007-12-31,197441,4235,6,0.9975665807723999
NeuMF,2007,2007-12-31,197441,110,7,0.997501790523529
NeuMF,2007,2007-12-31,197441,16,8,0.9974732995033264
NeuMF,2007,2007-12-31,197441,589,9,0.9973304271697998
NeuMF,2007,2007-12-31,197441,293,10,0.9968869090080261
NeuMF,2007,2007-12-31,197456,8665,1,0.9996157884597778
NeuMF,2007,2007-12-31,197456,33669,2,0.9992260932922363
NeuMF,2007,2007-12-31,197456,6942,3,0.9991530179977417
NeuMF,2007,2007-12-31,197456,31685,4,0.9990944862365723
NeuMF,2007,2007-12-31,197456,38798,5,0.9988430738449097
NeuMF,2007,2007-12-31,197456,8970,6,0.9981634020805359
NeuMF,2007,2007-12-31,197456,30822,7,0.9978256821632385
NeuMF,2007,2007-12-31,197456,8949,8,0.9976716637611389
NeuMF,2007,2007-12-31,197456,40815,9,0.9969069361686707
NeuMF,2007,2007-12-31,197456,33166,10,0.9965308308601379
NeuMF,2007,2007-12-31,197577,5418,1,0.9993911981582642
NeuMF,2007,2007-12-31,197577,4623,2,0.9985544085502625
NeuMF,2007,2007-12-31,197577,8798,3,0.997960090637207
NeuMF,2007,2007-12-31,197577,6059,4,0.9975190162658691
NeuMF,2007,2007-12-31,197577,4776,5,0.9974915981292725
NeuMF,2007,2007-12-31,197577,4310,6,0.9972634315490723
NeuMF,2007,2007-12-31,197577,1552,7,0.9971563816070557
NeuMF,2007,2007-12-31,197577,3821,8,0.9971204996109009
NeuMF,2007,2007-12-31,197577,34319,9,0.9968953132629395
NeuMF,2007,2007-12-31,197577,3785,10,0.9967768788337708
NeuMF,2007,2007-12-31,198234,261,1,0.9995003938674927
NeuMF,2007,2007-12-31,198234,6535,2,0.9991647005081177
NeuMF,2007,2007-12-31,198234,5,3,0.9990342855453491
NeuMF,2007,2007-12-31,198234,5193,4,0.9989701509475708
NeuMF,2007,2007-12-31,198234,7624,5,0.9984899759292603
NeuMF,2007,2007-12-31,198234,6619,6,0.9984250068664551
NeuMF,2007,2007-12-31,198234,5111,7,0.9969876408576965
NeuMF,2007,2007-12-31,198234,2941,8,0.9968369007110596
NeuMF,2007,2007-12-31,198234,2236,9,0.9961904287338257
NeuMF,2007,2007-12-31,198234,6785,10,0.9957138299942017
NeuMF,2007,2007-12-31,198515,6368,1,0.9988833069801331
NeuMF,2007,2007-12-31,198515,8879,2,0.9984710812568665
NeuMF,2007,2007-12-31,198515,1734,3,0.997161865234375
NeuMF,2007,2007-12-31,198515,6478,4,0.996670663356781
NeuMF,2007,2007-12-31,198515,272,5,0.9956080317497253
NeuMF,2007,2007-12-31,198515,6787,6,0.9926972985267639
NeuMF,2007,2007-12-31,198515,1984,7,0.9925462603569031
NeuMF,2007,2007-12-31,198515,5294,8,0.9924044013023376
NeuMF,2007,2007-12-31,198515,1354,9,0.9922194480895996
NeuMF,2007,2007-12-31,198515,903,10,0.9907152652740479
NeuMF,2007,2007-12-31,198525,581,1,0.9985030889511108
NeuMF,2007,2007-12-31,198525,1612,2,0.9984697699546814
NeuMF,2007,2007-12-31,198525,3052,3,0.9980610013008118
NeuMF,2007,2007-12-31,198525,2318,4,0.9979984164237976
NeuMF,2007,2007-12-31,198525,1641,5,0.9978002905845642
NeuMF,2007,2007-12-31,198525,1885,6,0.9975861310958862
NeuMF,2007,2007-12-31,198525,1513,7,0.9974431991577148
NeuMF,2007,2007-12-31,198525,903,8,0.9970930814743042
NeuMF,2007,2007-12-31,198525,2700,9,0.9966017007827759
NeuMF,2007,2007-12-31,198525,299,10,0.9965797066688538
NeuMF,2007,2007-12-31,198580,6765,1,0.9991376399993896
NeuMF,2007,2007-12-31,198580,575,2,0.9990969896316528
NeuMF,2007,2007-12-31,198580,1919,3,0.9988579750061035
NeuMF,2007,2007-12-31,198580,6383,4,0.9982445240020752
NeuMF,2007,2007-12-31,198580,4155,5,0.9982393980026245
NeuMF,2007,2007-12-31,198580,2340,6,0.9977522492408752
NeuMF,2007,2007-12-31,198580,32596,7,0.9967165589332581
NeuMF,2007,2007-12-31,198580,3257,8,0.9964168071746826
NeuMF,2007,2007-12-31,198580,2090,9,0.9948624968528748
NeuMF,2007,2007-12-31,198580,8870,10,0.9947109222412109
NeuMF,2007,2007-12-31,198616,2387,1,0.9994080066680908
NeuMF,2007,2007-12-31,198616,34321,2,0.9985398054122925
NeuMF,2007,2007-12-31,198616,175,3,0.998418927192688
NeuMF,2007,2007-12-31,198616,37733,4,0.9982790946960449
NeuMF,2007,2007-12-31,198616,32029,5,0.9982559084892273
NeuMF,2007,2007-12-31,198616,216,6,0.9975141286849976
NeuMF,2007,2007-12-31,198616,886,7,0.9973018169403076
NeuMF,2007,2007-12-31,198616,639,8,0.996489942073822
NeuMF,2007,2007-12-31,198616,27022,9,0.9962706565856934
NeuMF,2007,2007-12-31,198616,1100,10,0.9959644079208374
NeuMF,2007,2007-12-31,198652,5452,1,0.9999010562896729
NeuMF,2007,2007-12-31,198652,6596,2,0.9995513558387756
NeuMF,2007,2007-12-31,198652,27808,3,0.9994702935218811
NeuMF,2007,2007-12-31,198652,31225,4,0.9994478821754456
NeuMF,2007,2007-12-31,198652,7325,5,0.9990146160125732
NeuMF,2007,2007-12-31,198652,45880,6,0.9987599849700928
NeuMF,2007,2007-12-31,198652,8916,7,0.9986237287521362
NeuMF,2007,2007-12-31,198652,8529,8,0.9985415935516357
NeuMF,2007,2007-12-31,198652,8965,9,0.9984330534934998
NeuMF,2007,2007-12-31,198652,7150,10,0.9984143972396851
NeuMF,2007,2007-12-31,198676,31878,1,0.9998971223831177
NeuMF,2007,2007-12-31,198676,33004,2,0.9997363686561584
NeuMF,2007,2007-12-31,198676,27660,3,0.9995821118354797
NeuMF,2007,2007-12-31,198676,2542,4,0.9995548129081726
NeuMF,2007,2007-12-31,198676,27773,5,0.9994369149208069
NeuMF,2007,2007-12-31,198676,38061,6,0.999394416809082
NeuMF,2007,2007-12-31,198676,31658,7,0.9991979002952576
NeuMF,2007,2007-12-31,198676,2810,8,0.9986608028411865
NeuMF,2007,2007-12-31,198676,33794,9,0.998647153377533
NeuMF,2007,2007-12-31,198676,34405,10,0.9986093044281006
NeuMF,2007,2007-12-31,198927,3868,1,0.9957295060157776
NeuMF,2007,2007-12-31,198927,1962,2,0.9938666224479675
NeuMF,2007,2007-12-31,198927,5013,3,0.9934686422348022
NeuMF,2007,2007-12-31,198927,3869,4,0.9933812618255615
NeuMF,2007,2007-12-31,198927,3108,5,0.9925090670585632
NeuMF,2007,2007-12-31,198927,370,6,0.9920824766159058
NeuMF,2007,2007-12-31,198927,1097,7,0.9913784265518188
NeuMF,2007,2007-12-31,198927,4963,8,0.9910945892333984
NeuMF,2007,2007-12-31,198927,5669,9,0.990257740020752
NeuMF,2007,2007-12-31,198927,2000,10,0.9895243048667908
NeuMF,2007,2007-12-31,198929,32587,1,0.9983637928962708
NeuMF,2007,2007-12-31,198929,8957,2,0.9975451827049255
NeuMF,2007,2007-12-31,198929,2278,3,0.9970564842224121
NeuMF,2007,2007-12-31,198929,2232,4,0.996138870716095
NeuMF,2007,2007-12-31,198929,589,5,0.9957674741744995
NeuMF,2007,2007-12-31,198929,2959,6,0.994997501373291
NeuMF,2007,2007-12-31,198929,7346,7,0.9941312670707703
NeuMF,2007,2007-12-31,198929,3752,8,0.9937328696250916
NeuMF,2007,2007-12-31,198929,296,9,0.9936543703079224
NeuMF,2007,2007-12-31,198929,7147,10,0.9932502508163452
NeuMF,2007,2007-12-31,199111,2827,1,0.9997883439064026
NeuMF,2007,2007-12-31,199111,2428,2,0.9987865090370178
NeuMF,2007,2007-12-31,199111,4446,3,0.9979370832443237
NeuMF,2007,2007-12-31,199111,2617,4,0.9979032278060913
NeuMF,2007,2007-12-31,199111,10,5,0.9975838661193848
NeuMF,2007,2007-12-31,199111,40815,6,0.9972075819969177
NeuMF,2007,2007-12-31,199111,2672,7,0.9963917136192322
NeuMF,2007,2007-12-31,199111,2161,8,0.9961146116256714
NeuMF,2007,2007-12-31,199111,2959,9,0.9959701299667358
NeuMF,2007,2007-12-31,199111,3156,10,0.9959021210670471
NeuMF,2007,2007-12-31,199140,5121,1,0.9999762773513794
NeuMF,2007,2007-12-31,199140,7396,2,0.999929666519165
NeuMF,2007,2007-12-31,199140,4928,3,0.999919056892395
NeuMF,2007,2007-12-31,199140,2557,4,0.9999171495437622
NeuMF,2007,2007-12-31,199140,4914,5,0.9997150301933289
NeuMF,2007,2007-12-31,199140,5291,6,0.9996964931488037
NeuMF,2007,2007-12-31,199140,3569,7,0.9996077418327332
NeuMF,2007,2007-12-31,199140,7327,8,0.9995706677436829
NeuMF,2007,2007-12-31,199140,1164,9,0.9995678067207336
NeuMF,2007,2007-12-31,199140,4424,10,0.9994939565658569
NeuMF,2007,2007-12-31,199319,5418,1,0.9992786049842834
NeuMF,2007,2007-12-31,199319,33794,2,0.999220609664917
NeuMF,2007,2007-12-31,199319,5282,3,0.999210000038147
NeuMF,2007,2007-12-31,199319,7173,4,0.9989253878593445
NeuMF,2007,2007-12-31,199319,45499,5,0.9989198446273804
NeuMF,2007,2007-12-31,199319,34532,6,0.9985514283180237
NeuMF,2007,2007-12-31,199319,5989,7,0.9985178112983704
NeuMF,2007,2007-12-31,199319,34319,8,0.9984416365623474
NeuMF,2007,2007-12-31,199319,31685,9,0.998405396938324
NeuMF,2007,2007-12-31,199319,31696,10,0.998403012752533
NeuMF,2007,2007-12-31,199488,1086,1,0.9999489784240723
NeuMF,2007,2007-12-31,199488,2186,2,0.9998880624771118
NeuMF,2007,2007-12-31,199488,922,3,0.9997320771217346
NeuMF,2007,2007-12-31,199488,6787,4,0.9996485710144043
NeuMF,2007,2007-12-31,199488,750,5,0.9994348883628845
NeuMF,2007,2007-12-31,199488,8228,6,0.9994301199913025
NeuMF,2007,2007-12-31,199488,25940,7,0.9991772770881653
NeuMF,2007,2007-12-31,199488,7072,8,0.9987564086914062
NeuMF,2007,2007-12-31,199488,7089,9,0.998566210269928
NeuMF,2007,2007-12-31,199488,38061,10,0.9985431432723999
NeuMF,2007,2007-12-31,199572,649,1,0.9999368190765381
NeuMF,2007,2007-12-31,199572,2351,2,0.9997895359992981
NeuMF,2007,2007-12-31,199572,1449,3,0.9997738003730774
NeuMF,2007,2007-12-31,199572,1734,4,0.9997434020042419
NeuMF,2007,2007-12-31,199572,1657,5,0.9995778203010559
NeuMF,2007,2007-12-31,199572,1078,6,0.9993013143539429
NeuMF,2007,2007-12-31,199572,766,7,0.9991874098777771
NeuMF,2007,2007-12-31,199572,3814,8,0.999042809009552
NeuMF,2007,2007-12-31,199572,1186,9,0.9989534616470337
NeuMF,2007,2007-12-31,199572,1041,10,0.9989452958106995
NeuMF,2007,2007-12-31,199799,41863,1,0.9997178912162781
NeuMF,2007,2007-12-31,199799,1096,2,0.9991841912269592
NeuMF,2007,2007-12-31,199799,39292,3,0.9991098046302795
NeuMF,2007,2007-12-31,199799,3498,4,0.9989902377128601
NeuMF,2007,2007-12-31,199799,6565,5,0.9988215565681458
NeuMF,2007,2007-12-31,199799,4103,6,0.9982436895370483
NeuMF,2007,2007-12-31,199799,3471,7,0.9981504082679749
NeuMF,2007,2007-12-31,199799,8966,8,0.9981110095977783
NeuMF,2007,2007-12-31,199799,1082,9,0.9980661273002625
NeuMF,2007,2007-12-31,199799,4322,10,0.9978499412536621
NeuMF,2007,2007-12-31,199966,475,1,0.9987303614616394
NeuMF,2007,2007-12-31,199966,1245,2,0.9983842372894287
NeuMF,2007,2007-12-31,199966,4467,3,0.9976983666419983
NeuMF,2007,2007-12-31,199966,4855,4,0.9974926710128784
NeuMF,2007,2007-12-31,199966,8167,5,0.9974731802940369
NeuMF,2007,2007-12-31,199966,743,6,0.9970095157623291
NeuMF,2007,2007-12-31,199966,6993,7,0.9958195686340332
NeuMF,2007,2007-12-31,199966,1701,8,0.9952837824821472
NeuMF,2007,2007-12-31,199966,2324,9,0.993990957736969
NeuMF,2007,2007-12-31,199966,1693,10,0.9938539266586304
NeuMF,2007,2007-12-31,200089,4306,1,0.9984747767448425
NeuMF,2007,2007-12-31,200089,4993,2,0.9984161853790283
NeuMF,2007,2007-12-31,200089,5952,3,0.997808039188385
NeuMF,2007,2007-12-31,200089,4963,4,0.9870811104774475
NeuMF,2007,2007-12-31,200089,7153,5,0.9847228527069092
NeuMF,2007,2007-12-31,200089,5349,6,0.9836307764053345
NeuMF,2007,2007-12-31,200089,4226,7,0.9831119179725647
NeuMF,2007,2007-12-31,200089,4027,8,0.9821754097938538
NeuMF,2007,2007-12-31,200089,3996,9,0.9819626212120056
NeuMF,2007,2007-12-31,200089,3793,10,0.9785852432250977
NeuMF,2007,2007-12-31,200102,357,1,0.9988859295845032
NeuMF,2007,2007-12-31,200102,1619,2,0.9987951517105103
NeuMF,2007,2007-12-31,200102,1183,3,0.9980462789535522
NeuMF,2007,2007-12-31,200102,356,4,0.9976083040237427
NeuMF,2007,2007-12-31,200102,6893,5,0.9975301623344421
NeuMF,2007,2007-12-31,200102,1089,6,0.9972823858261108
NeuMF,2007,2007-12-31,200102,5418,7,0.9965283274650574
NeuMF,2007,2007-12-31,200102,2671,8,0.995654821395874
NeuMF,2007,2007-12-31,200102,215,9,0.9954883456230164
NeuMF,2007,2007-12-31,200102,5669,10,0.9947027564048767
NeuMF,2007,2007-12-31,200322,7757,1,0.9997143149375916
NeuMF,2007,2007-12-31,200322,32,2,0.999301552772522
NeuMF,2007,2007-12-31,200322,2010,3,0.998619794845581
NeuMF,2007,2007-12-31,200322,1350,4,0.9981945157051086
NeuMF,2007,2007-12-31,200322,2542,5,0.9978792667388916
NeuMF,2007,2007-12-31,200322,2117,6,0.9976358413696289
NeuMF,2007,2007-12-31,200322,47,7,0.997380793094635
NeuMF,2007,2007-12-31,200322,4754,8,0.997273862361908
NeuMF,2007,2007-12-31,200322,2111,9,0.9970608353614807
NeuMF,2007,2007-12-31,200322,1223,10,0.9968356490135193
NeuMF,2007,2007-12-31,200635,6881,1,0.9997199177742004
NeuMF,2007,2007-12-31,200635,40629,2,0.9991044402122498
NeuMF,2007,2007-12-31,200635,45722,3,0.998681366443634
NeuMF,2007,2007-12-31,200635,7381,4,0.9985765218734741
NeuMF,2007,2007-12-31,200635,38061,5,0.9981862902641296
NeuMF,2007,2007-12-31,200635,6297,6,0.9980156421661377
NeuMF,2007,2007-12-31,200635,44199,7,0.9975058436393738
NeuMF,2007,2007-12-31,200635,7444,8,0.9974964261054993
NeuMF,2007,2007-12-31,200635,6539,9,0.9973247051239014
NeuMF,2007,2007-12-31,200635,44864,10,0.9972551465034485
