model,year,timestamp,user_id,item_id,rank,score
SASRec,2008,2008-12-31,208,40819,1,4.905862808227539
SASRec,2008,2008-12-31,208,40629,2,4.7009172439575195
SASRec,2008,2008-12-31,208,8970,3,4.682114601135254
SASRec,2008,2008-12-31,208,8966,4,4.675249099731445
SASRec,2008,2008-12-31,208,26084,5,4.667609691619873
SASRec,2008,2008-12-31,208,32598,6,4.657065391540527
SASRec,2008,2008-12-31,208,33166,7,4.64446496963501
SASRec,2008,2008-12-31,208,39414,8,4.576591968536377
SASRec,2008,2008-12-31,208,42018,9,4.540489673614502
SASRec,2008,2008-12-31,208,30822,10,4.471156120300293
SASRec,2008,2008-12-31,551,48774,1,7.6750006675720215
SASRec,2008,2008-12-31,551,54272,2,7.616804122924805
SASRec,2008,2008-12-31,551,48516,3,7.490366458892822
SASRec,2008,2008-12-31,551,54286,4,7.456044673919678
SASRec,2008,2008-12-31,551,46976,5,7.445488929748535
SASRec,2008,2008-12-31,551,49272,6,7.438475608825684
SASRec,2008,2008-12-31,551,48780,7,7.407291412353516
SASRec,2008,2008-12-31,551,48385,8,7.406684398651123
SASRec,2008,2008-12-31,551,53972,9,7.347747325897217
SASRec,2008,2008-12-31,551,52328,10,7.260220527648926
SASRec,2008,2008-12-31,798,46578,1,7.663192272186279
SASRec,2008,2008-12-31,798,41566,2,7.511224746704102
SASRec,2008,2008-12-31,798,45447,3,7.510939598083496
SASRec,2008,2008-12-31,798,54001,4,7.437862873077393
SASRec,2008,2008-12-31,798,49272,5,7.313021183013916
SASRec,2008,2008-12-31,798,34048,6,7.2010273933410645
SASRec,2008,2008-12-31,798,33679,7,7.036241054534912
SASRec,2008,2008-12-31,798,8970,8,6.939378261566162
SASRec,2008,2008-12-31,798,45722,9,6.864840507507324
SASRec,2008,2008-12-31,798,33615,10,6.845602035522461
SASRec,2008,2008-12-31,1551,47950,1,6.744386672973633
SASRec,2008,2008-12-31,1551,48696,2,6.643360137939453
SASRec,2008,2008-12-31,1551,44555,3,6.461477279663086
SASRec,2008,2008-12-31,1551,50685,4,6.3970794677734375
SASRec,2008,2008-12-31,1551,25850,5,6.387702465057373
SASRec,2008,2008-12-31,1551,48394,6,6.34459114074707
SASRec,2008,2008-12-31,1551,26148,7,6.34259033203125
SASRec,2008,2008-12-31,1551,44788,8,6.33792781829834
SASRec,2008,2008-12-31,1551,26350,9,6.334103107452393
SASRec,2008,2008-12-31,1551,50005,10,6.3323845863342285
SASRec,2008,2008-12-31,1842,40815,1,6.936203479766846
SASRec,2008,2008-12-31,1842,54001,2,6.921704292297363
SASRec,2008,2008-12-31,1842,45668,3,6.814269542694092
SASRec,2008,2008-12-31,1842,45431,4,6.7492876052856445
SASRec,2008,2008-12-31,1842,45501,5,6.5520548820495605
SASRec,2008,2008-12-31,1842,41569,6,6.398989677429199
SASRec,2008,2008-12-31,1842,45720,7,6.254022598266602
SASRec,2008,2008-12-31,1842,45517,8,6.251194000244141
SASRec,2008,2008-12-31,1842,42011,9,6.227176666259766
SASRec,2008,2008-12-31,1842,45666,10,6.172718524932861
SASRec,2008,2008-12-31,1860,8337,1,7.523127555847168
SASRec,2008,2008-12-31,1860,7944,2,7.214288711547852
SASRec,2008,2008-12-31,1860,7072,3,6.9521589279174805
SASRec,2008,2008-12-31,1860,8650,4,6.8508710861206055
SASRec,2008,2008-12-31,1860,7585,5,6.767354965209961
SASRec,2008,2008-12-31,1860,31030,6,6.704480171203613
SASRec,2008,2008-12-31,1860,8718,7,6.642832279205322
SASRec,2008,2008-12-31,1860,8998,8,6.624395847320557
SASRec,2008,2008-12-31,1860,8516,9,6.610273361206055
SASRec,2008,2008-12-31,1860,25795,10,6.520436763763428
SASRec,2008,2008-12-31,1936,41566,1,8.174689292907715
SASRec,2008,2008-12-31,1936,6377,2,8.064526557922363
SASRec,2008,2008-12-31,1936,8970,3,8.043410301208496
SASRec,2008,2008-12-31,1936,8636,4,7.871604919433594
SASRec,2008,2008-12-31,1936,8665,5,7.758396625518799
SASRec,2008,2008-12-31,1936,7147,6,7.525666236877441
SASRec,2008,2008-12-31,1936,32587,7,7.457356929779053
SASRec,2008,2008-12-31,1936,44191,8,7.4222092628479
SASRec,2008,2008-12-31,1936,33493,9,7.382345676422119
SASRec,2008,2008-12-31,1936,30812,10,7.322393417358398
SASRec,2008,2008-12-31,2051,5218,1,6.946409225463867
SASRec,2008,2008-12-31,2051,4367,2,6.905241966247559
SASRec,2008,2008-12-31,2051,3578,3,6.725732326507568
SASRec,2008,2008-12-31,2051,45447,4,6.711142539978027
SASRec,2008,2008-12-31,2051,3755,5,6.5891804695129395
SASRec,2008,2008-12-31,2051,3793,6,6.463853359222412
SASRec,2008,2008-12-31,2051,45722,7,6.450801372528076
SASRec,2008,2008-12-31,2051,44191,8,6.436027526855469
SASRec,2008,2008-12-31,2051,4310,9,6.397536277770996
SASRec,2008,2008-12-31,2051,8644,10,6.38264799118042
SASRec,2008,2008-12-31,2270,2502,1,8.531214714050293
SASRec,2008,2008-12-31,2270,4886,2,8.387287139892578
SASRec,2008,2008-12-31,2270,6539,3,8.359662055969238
SASRec,2008,2008-12-31,2270,3948,4,8.354351997375488
SASRec,2008,2008-12-31,2270,4034,5,8.294848442077637
SASRec,2008,2008-12-31,2270,4022,6,8.229662895202637
SASRec,2008,2008-12-31,2270,6377,7,8.216287612915039
SASRec,2008,2008-12-31,2270,3481,8,8.213695526123047
SASRec,2008,2008-12-31,2270,5378,9,8.13531494140625
SASRec,2008,2008-12-31,2270,5349,10,7.971917152404785
SASRec,2008,2008-12-31,2740,48385,1,8.193400382995605
SASRec,2008,2008-12-31,2740,46578,2,8.182024002075195
SASRec,2008,2008-12-31,2740,48516,3,7.996613025665283
SASRec,2008,2008-12-31,2740,48780,4,7.866842746734619
SASRec,2008,2008-12-31,2740,34405,5,7.816807270050049
SASRec,2008,2008-12-31,2740,40815,6,7.740966320037842
SASRec,2008,2008-12-31,2740,48394,7,7.718357086181641
SASRec,2008,2008-12-31,2740,54272,8,7.585798263549805
SASRec,2008,2008-12-31,2740,54001,9,7.546541690826416
SASRec,2008,2008-12-31,2740,858,10,7.3620991706848145
SASRec,2008,2008-12-31,2998,46578,1,7.546136856079102
SASRec,2008,2008-12-31,2998,44191,2,7.011023044586182
SASRec,2008,2008-12-31,2998,41566,3,6.983893871307373
SASRec,2008,2008-12-31,2998,41569,4,6.885117053985596
SASRec,2008,2008-12-31,2998,45668,5,6.844027519226074
SASRec,2008,2008-12-31,2998,54001,6,6.768420219421387
SASRec,2008,2008-12-31,2998,46976,7,6.728404998779297
SASRec,2008,2008-12-31,2998,49272,8,6.646493911743164
SASRec,2008,2008-12-31,2998,45501,9,6.5902299880981445
SASRec,2008,2008-12-31,2998,44195,10,6.564630508422852
SASRec,2008,2008-12-31,3070,46976,1,7.710212707519531
SASRec,2008,2008-12-31,3070,54001,2,7.303679943084717
SASRec,2008,2008-12-31,3070,49286,3,7.24125862121582
SASRec,2008,2008-12-31,3070,52375,4,7.111689567565918
SASRec,2008,2008-12-31,3070,54272,5,7.096568584442139
SASRec,2008,2008-12-31,3070,54286,6,7.009783744812012
SASRec,2008,2008-12-31,3070,53322,7,7.004889965057373
SASRec,2008,2008-12-31,3070,52722,8,7.0009541511535645
SASRec,2008,2008-12-31,3070,48696,9,6.972311973571777
SASRec,2008,2008-12-31,3070,48783,10,6.935096263885498
SASRec,2008,2008-12-31,3223,44191,1,6.605195999145508
SASRec,2008,2008-12-31,3223,41569,2,6.544639587402344
SASRec,2008,2008-12-31,3223,45447,3,6.092540740966797
SASRec,2008,2008-12-31,3223,52722,4,6.056159973144531
SASRec,2008,2008-12-31,3223,45722,5,6.0301289558410645
SASRec,2008,2008-12-31,3223,34405,6,5.926761627197266
SASRec,2008,2008-12-31,3223,40815,7,5.868241786956787
SASRec,2008,2008-12-31,3223,47610,8,5.8360419273376465
SASRec,2008,2008-12-31,3223,32587,9,5.818602085113525
SASRec,2008,2008-12-31,3223,54272,10,5.7481689453125
SASRec,2008,2008-12-31,3231,44191,1,8.139657974243164
SASRec,2008,2008-12-31,3231,54272,2,7.550412654876709
SASRec,2008,2008-12-31,3231,48394,3,7.486048698425293
SASRec,2008,2008-12-31,3231,52328,4,7.38623571395874
SASRec,2008,2008-12-31,3231,54001,5,7.305565357208252
SASRec,2008,2008-12-31,3231,48780,6,7.258910655975342
SASRec,2008,2008-12-31,3231,48774,7,7.214371204376221
SASRec,2008,2008-12-31,3231,54286,8,7.1618123054504395
SASRec,2008,2008-12-31,3231,52722,9,7.066557884216309
SASRec,2008,2008-12-31,3231,51255,10,7.022688388824463
SASRec,2008,2008-12-31,3626,370,1,9.050172805786133
SASRec,2008,2008-12-31,3626,466,2,8.694402694702148
SASRec,2008,2008-12-31,3626,1485,3,8.408273696899414
SASRec,2008,2008-12-31,3626,1552,4,8.372169494628906
SASRec,2008,2008-12-31,3626,784,5,8.284446716308594
SASRec,2008,2008-12-31,3626,186,6,8.243922233581543
SASRec,2008,2008-12-31,3626,2006,7,8.181315422058105
SASRec,2008,2008-12-31,3626,2406,8,8.176949501037598
SASRec,2008,2008-12-31,3626,520,9,8.164800643920898
SASRec,2008,2008-12-31,3626,168,10,8.161015510559082
SASRec,2008,2008-12-31,4435,46976,1,7.511237144470215
SASRec,2008,2008-12-31,4435,49272,2,7.318273067474365
SASRec,2008,2008-12-31,4435,44191,3,7.3018012046813965
SASRec,2008,2008-12-31,4435,45447,4,7.2759809494018555
SASRec,2008,2008-12-31,4435,54001,5,7.2488932609558105
SASRec,2008,2008-12-31,4435,48385,6,6.991847038269043
SASRec,2008,2008-12-31,4435,49286,7,6.951679229736328
SASRec,2008,2008-12-31,4435,48780,8,6.944383144378662
SASRec,2008,2008-12-31,4435,45720,9,6.9013566970825195
SASRec,2008,2008-12-31,4435,54272,10,6.886768817901611
SASRec,2008,2008-12-31,5523,46976,1,7.916103839874268
SASRec,2008,2008-12-31,5523,44191,2,7.543356895446777
SASRec,2008,2008-12-31,5523,50068,3,7.42874813079834
SASRec,2008,2008-12-31,5523,49530,4,7.318785667419434
SASRec,2008,2008-12-31,5523,54001,5,7.318664073944092
SASRec,2008,2008-12-31,5523,52722,6,7.1876654624938965
SASRec,2008,2008-12-31,5523,51540,7,7.151384353637695
SASRec,2008,2008-12-31,5523,48082,8,7.086548328399658
SASRec,2008,2008-12-31,5523,49822,9,7.053602695465088
SASRec,2008,2008-12-31,5523,48783,10,7.005941390991211
SASRec,2008,2008-12-31,5964,46578,1,4.769929885864258
SASRec,2008,2008-12-31,5964,40583,2,4.757607460021973
SASRec,2008,2008-12-31,5964,44761,3,4.752808570861816
SASRec,2008,2008-12-31,5964,44195,4,4.578426837921143
SASRec,2008,2008-12-31,5964,39183,5,4.4649248123168945
SASRec,2008,2008-12-31,5964,6016,6,4.364058494567871
SASRec,2008,2008-12-31,5964,4235,7,4.313920497894287
SASRec,2008,2008-12-31,5964,27773,8,4.313509941101074
SASRec,2008,2008-12-31,5964,45950,9,4.309817790985107
SASRec,2008,2008-12-31,5964,38038,10,4.281948566436768
SASRec,2008,2008-12-31,5991,46578,1,8.028562545776367
SASRec,2008,2008-12-31,5991,54286,2,7.8237080574035645
SASRec,2008,2008-12-31,5991,48516,3,7.501443862915039
SASRec,2008,2008-12-31,5991,48780,4,7.481574058532715
SASRec,2008,2008-12-31,5991,51255,5,7.465338706970215
SASRec,2008,2008-12-31,5991,51662,6,7.403733253479004
SASRec,2008,2008-12-31,5991,53322,7,7.360324859619141
SASRec,2008,2008-12-31,5991,48385,8,7.324708461761475
SASRec,2008,2008-12-31,5991,46976,9,7.31746768951416
SASRec,2008,2008-12-31,5991,41569,10,7.2776384353637695
SASRec,2008,2008-12-31,6042,1245,1,5.550743579864502
SASRec,2008,2008-12-31,6042,2064,2,5.509295463562012
SASRec,2008,2008-12-31,6042,562,3,5.258594989776611
SASRec,2008,2008-12-31,6042,1273,4,5.244688510894775
SASRec,2008,2008-12-31,6042,2318,5,5.223689556121826
SASRec,2008,2008-12-31,6042,1729,6,5.211255073547363
SASRec,2008,2008-12-31,6042,1921,7,5.174759387969971
SASRec,2008,2008-12-31,6042,1289,8,5.0480170249938965
SASRec,2008,2008-12-31,6042,101,9,5.034154415130615
SASRec,2008,2008-12-31,6042,308,10,5.029128551483154
SASRec,2008,2008-12-31,6227,7361,1,6.275612831115723
SASRec,2008,2008-12-31,6227,8949,2,6.1869916915893555
SASRec,2008,2008-12-31,6227,32587,3,6.11322021484375
SASRec,2008,2008-12-31,6227,6016,4,5.845640182495117
SASRec,2008,2008-12-31,6227,8950,5,5.825674533843994
SASRec,2008,2008-12-31,6227,33166,6,5.713134765625
SASRec,2008,2008-12-31,6227,8784,7,5.581743240356445
SASRec,2008,2008-12-31,6227,27773,8,5.556863784790039
SASRec,2008,2008-12-31,6227,30810,9,5.5075531005859375
SASRec,2008,2008-12-31,6227,7371,10,5.488548278808594
SASRec,2008,2008-12-31,6471,46578,1,6.678313732147217
SASRec,2008,2008-12-31,6471,48394,2,6.169382572174072
SASRec,2008,2008-12-31,6471,46976,3,6.1416096687316895
SASRec,2008,2008-12-31,6471,54272,4,6.1221113204956055
SASRec,2008,2008-12-31,6471,45447,5,6.021949291229248
SASRec,2008,2008-12-31,6471,48082,6,5.992036819458008
SASRec,2008,2008-12-31,6471,48774,7,5.973742485046387
SASRec,2008,2008-12-31,6471,44195,8,5.9606781005859375
SASRec,2008,2008-12-31,6471,41285,9,5.921613693237305
SASRec,2008,2008-12-31,6471,48385,10,5.845347881317139
SASRec,2008,2008-12-31,6854,46578,1,6.66774845123291
SASRec,2008,2008-12-31,6854,45447,2,6.642210483551025
SASRec,2008,2008-12-31,6854,33166,3,6.585414886474609
SASRec,2008,2008-12-31,6854,40583,4,6.375522613525391
SASRec,2008,2008-12-31,6854,44195,5,6.3115034103393555
SASRec,2008,2008-12-31,6854,34162,6,6.2973103523254395
SASRec,2008,2008-12-31,6854,40819,7,6.229070663452148
SASRec,2008,2008-12-31,6854,33679,8,6.180065631866455
SASRec,2008,2008-12-31,6854,41566,9,6.179056167602539
SASRec,2008,2008-12-31,6854,39183,10,6.1709885597229
SASRec,2008,2008-12-31,7159,54286,1,6.9027628898620605
SASRec,2008,2008-12-31,7159,52375,2,6.764060020446777
SASRec,2008,2008-12-31,7159,52328,3,6.732527732849121
SASRec,2008,2008-12-31,7159,54272,4,6.705605983734131
SASRec,2008,2008-12-31,7159,50685,5,6.678941249847412
SASRec,2008,2008-12-31,7159,48394,6,6.634188652038574
SASRec,2008,2008-12-31,7159,52722,7,6.521032810211182
SASRec,2008,2008-12-31,7159,50005,8,6.494219779968262
SASRec,2008,2008-12-31,7159,44788,9,6.434040069580078
SASRec,2008,2008-12-31,7159,54503,10,6.38862419128418
SASRec,2008,2008-12-31,7424,46976,1,7.615734100341797
SASRec,2008,2008-12-31,7424,48774,2,7.3798747062683105
SASRec,2008,2008-12-31,7424,50685,3,7.159879207611084
SASRec,2008,2008-12-31,7424,50872,4,7.118292331695557
SASRec,2008,2008-12-31,7424,49822,5,7.086450099945068
SASRec,2008,2008-12-31,7424,48394,6,6.879000663757324
SASRec,2008,2008-12-31,7424,49530,7,6.8722686767578125
SASRec,2008,2008-12-31,7424,50005,8,6.736189842224121
SASRec,2008,2008-12-31,7424,54272,9,6.720650672912598
SASRec,2008,2008-12-31,7424,51540,10,6.70423698425293
SASRec,2008,2008-12-31,7808,52328,1,7.5107340812683105
SASRec,2008,2008-12-31,7808,47950,2,6.850029945373535
SASRec,2008,2008-12-31,7808,49932,3,6.798168182373047
SASRec,2008,2008-12-31,7808,52458,4,6.674994468688965
SASRec,2008,2008-12-31,7808,48783,5,6.6633992195129395
SASRec,2008,2008-12-31,7808,54001,6,6.592544078826904
SASRec,2008,2008-12-31,7808,50068,7,6.582348346710205
SASRec,2008,2008-12-31,7808,53125,8,6.522455215454102
SASRec,2008,2008-12-31,7808,50005,9,6.510958671569824
SASRec,2008,2008-12-31,7808,48696,10,6.466230392456055
SASRec,2008,2008-12-31,7858,52328,1,7.721935272216797
SASRec,2008,2008-12-31,7858,52722,2,7.223513126373291
SASRec,2008,2008-12-31,7858,50794,3,7.206928730010986
SASRec,2008,2008-12-31,7858,55245,4,7.1995978355407715
SASRec,2008,2008-12-31,7858,54780,5,7.156037330627441
SASRec,2008,2008-12-31,7858,52245,6,7.131466388702393
SASRec,2008,2008-12-31,7858,51925,7,7.124566078186035
SASRec,2008,2008-12-31,7858,53322,8,7.032951831817627
SASRec,2008,2008-12-31,7858,53972,9,7.021689414978027
SASRec,2008,2008-12-31,7858,48416,10,6.998129844665527
SASRec,2008,2008-12-31,8071,49272,1,8.02583122253418
SASRec,2008,2008-12-31,8071,51255,2,7.997503280639648
SASRec,2008,2008-12-31,8071,48774,3,7.979750156402588
SASRec,2008,2008-12-31,8071,46976,4,7.9572858810424805
SASRec,2008,2008-12-31,8071,48516,5,7.93823766708374
SASRec,2008,2008-12-31,8071,48780,6,7.804183483123779
SASRec,2008,2008-12-31,8071,48738,7,7.743679523468018
SASRec,2008,2008-12-31,8071,50068,8,7.713219165802002
SASRec,2008,2008-12-31,8071,44191,9,7.706501483917236
SASRec,2008,2008-12-31,8071,52328,10,7.583333969116211
SASRec,2008,2008-12-31,8314,50798,1,6.524209499359131
SASRec,2008,2008-12-31,8314,43558,2,6.441527843475342
SASRec,2008,2008-12-31,8314,43928,3,6.294294357299805
SASRec,2008,2008-12-31,8314,49013,4,6.266534328460693
SASRec,2008,2008-12-31,8314,46337,5,5.954864978790283
SASRec,2008,2008-12-31,8314,42011,6,5.942962169647217
SASRec,2008,2008-12-31,8314,51077,7,5.88032341003418
SASRec,2008,2008-12-31,8314,48520,8,5.84687614440918
SASRec,2008,2008-12-31,8314,45208,9,5.796292781829834
SASRec,2008,2008-12-31,8314,8978,10,5.784119606018066
SASRec,2008,2008-12-31,8382,44191,1,9.416897773742676
SASRec,2008,2008-12-31,8382,46578,2,8.469422340393066
SASRec,2008,2008-12-31,8382,48516,3,8.400782585144043
SASRec,2008,2008-12-31,8382,51255,4,8.347850799560547
SASRec,2008,2008-12-31,8382,48780,5,8.300192832946777
SASRec,2008,2008-12-31,8382,32587,6,8.132837295532227
SASRec,2008,2008-12-31,8382,53972,7,8.095559120178223
SASRec,2008,2008-12-31,8382,296,8,8.005282402038574
SASRec,2008,2008-12-31,8382,45722,9,7.98468542098999
SASRec,2008,2008-12-31,8382,48385,10,7.891882419586182
SASRec,2008,2008-12-31,8444,50794,1,7.403501510620117
SASRec,2008,2008-12-31,8444,52245,2,6.871650218963623
SASRec,2008,2008-12-31,8444,46578,3,6.75583553314209
SASRec,2008,2008-12-31,8444,47997,4,6.638616561889648
SASRec,2008,2008-12-31,8444,48304,5,6.632203102111816
SASRec,2008,2008-12-31,8444,48394,6,6.62538480758667
SASRec,2008,2008-12-31,8444,44022,7,6.5700907707214355
SASRec,2008,2008-12-31,8444,48780,8,6.5543131828308105
SASRec,2008,2008-12-31,8444,48783,9,6.54443883895874
SASRec,2008,2008-12-31,8444,48520,10,6.515641689300537
SASRec,2008,2008-12-31,9111,54286,1,8.038688659667969
SASRec,2008,2008-12-31,9111,54272,2,7.890912055969238
SASRec,2008,2008-12-31,9111,52722,3,7.817424774169922
SASRec,2008,2008-12-31,9111,54503,4,7.765933036804199
SASRec,2008,2008-12-31,9111,47950,5,7.7073516845703125
SASRec,2008,2008-12-31,9111,50872,6,7.702217102050781
SASRec,2008,2008-12-31,9111,51255,7,7.648416519165039
SASRec,2008,2008-12-31,9111,53322,8,7.582032680511475
SASRec,2008,2008-12-31,9111,52375,9,7.578968048095703
SASRec,2008,2008-12-31,9111,49530,10,7.557018280029297
SASRec,2008,2008-12-31,9146,48516,1,7.119741439819336
SASRec,2008,2008-12-31,9146,46578,2,6.9311933517456055
SASRec,2008,2008-12-31,9146,49272,3,6.888309478759766
SASRec,2008,2008-12-31,9146,318,4,6.840588569641113
SASRec,2008,2008-12-31,9146,33794,5,6.8360595703125
SASRec,2008,2008-12-31,9146,48780,6,6.772645950317383
SASRec,2008,2008-12-31,9146,50,7,6.717834949493408
SASRec,2008,2008-12-31,9146,34405,8,6.646515369415283
SASRec,2008,2008-12-31,9146,48774,9,6.455761432647705
SASRec,2008,2008-12-31,9146,30749,10,6.3211445808410645
SASRec,2008,2008-12-31,9208,46578,1,7.187349319458008
SASRec,2008,2008-12-31,9208,50685,2,6.866867542266846
SASRec,2008,2008-12-31,9208,47950,3,6.863000392913818
SASRec,2008,2008-12-31,9208,48696,4,6.698696613311768
SASRec,2008,2008-12-31,9208,48774,5,6.608675479888916
SASRec,2008,2008-12-31,9208,49824,6,6.595952033996582
SASRec,2008,2008-12-31,9208,52375,7,6.559820652008057
SASRec,2008,2008-12-31,9208,50068,8,6.4906463623046875
SASRec,2008,2008-12-31,9208,49822,9,6.432128429412842
SASRec,2008,2008-12-31,9208,54286,10,6.360163688659668
SASRec,2008,2008-12-31,9477,44191,1,8.674809455871582
SASRec,2008,2008-12-31,9477,47,2,8.502020835876465
SASRec,2008,2008-12-31,9477,48385,3,7.948199272155762
SASRec,2008,2008-12-31,9477,32587,4,7.8272199630737305
SASRec,2008,2008-12-31,9477,1580,5,7.675603866577148
SASRec,2008,2008-12-31,9477,4226,6,7.577641487121582
SASRec,2008,2008-12-31,9477,2959,7,7.557060241699219
SASRec,2008,2008-12-31,9477,10,8,7.529933929443359
SASRec,2008,2008-12-31,9477,434,9,7.4931640625
SASRec,2008,2008-12-31,9477,527,10,7.48029088973999
SASRec,2008,2008-12-31,9620,4993,1,8.255433082580566
SASRec,2008,2008-12-31,9620,6377,2,8.09290885925293
SASRec,2008,2008-12-31,9620,6539,3,8.080991744995117
SASRec,2008,2008-12-31,9620,4226,4,8.061569213867188
SASRec,2008,2008-12-31,9620,32587,5,7.988069534301758
SASRec,2008,2008-12-31,9620,5952,6,7.985913276672363
SASRec,2008,2008-12-31,9620,4306,7,7.977183818817139
SASRec,2008,2008-12-31,9620,6874,8,7.88886833190918
SASRec,2008,2008-12-31,9620,7361,9,7.883646011352539
SASRec,2008,2008-12-31,9620,5445,10,7.862691879272461
SASRec,2008,2008-12-31,10172,5110,1,4.875331878662109
SASRec,2008,2008-12-31,10172,2953,2,4.8646111488342285
SASRec,2008,2008-12-31,10172,3979,3,4.863217353820801
SASRec,2008,2008-12-31,10172,3948,4,4.803064823150635
SASRec,2008,2008-12-31,10172,4054,5,4.720457077026367
SASRec,2008,2008-12-31,10172,2335,6,4.707057952880859
SASRec,2008,2008-12-31,10172,3825,7,4.691932201385498
SASRec,2008,2008-12-31,10172,27808,8,4.631397247314453
SASRec,2008,2008-12-31,10172,586,9,4.597626686096191
SASRec,2008,2008-12-31,10172,3752,10,4.5895586013793945
SASRec,2008,2008-12-31,10426,44191,1,7.327813148498535
SASRec,2008,2008-12-31,10426,46578,2,6.998922348022461
SASRec,2008,2008-12-31,10426,41569,3,6.578233242034912
SASRec,2008,2008-12-31,10426,54001,4,6.546360969543457
SASRec,2008,2008-12-31,10426,48385,5,6.490830898284912
SASRec,2008,2008-12-31,10426,54272,6,6.450929164886475
SASRec,2008,2008-12-31,10426,48516,7,6.425052165985107
SASRec,2008,2008-12-31,10426,49272,8,6.398189067840576
SASRec,2008,2008-12-31,10426,48394,9,6.378971099853516
SASRec,2008,2008-12-31,10426,46530,10,6.336025238037109
SASRec,2008,2008-12-31,10470,41569,1,7.568441867828369
SASRec,2008,2008-12-31,10470,41566,2,7.45872163772583
SASRec,2008,2008-12-31,10470,5218,3,7.3966898918151855
SASRec,2008,2008-12-31,10470,8961,4,7.393662452697754
SASRec,2008,2008-12-31,10470,34048,5,7.301360130310059
SASRec,2008,2008-12-31,10470,5445,6,7.160030841827393
SASRec,2008,2008-12-31,10470,48385,7,7.120571136474609
SASRec,2008,2008-12-31,10470,4886,8,7.107451438903809
SASRec,2008,2008-12-31,10470,4963,9,7.105955600738525
SASRec,2008,2008-12-31,10470,45499,10,7.0944437980651855
SASRec,2008,2008-12-31,10798,46976,1,6.980397701263428
SASRec,2008,2008-12-31,10798,50685,2,6.946241855621338
SASRec,2008,2008-12-31,10798,47950,3,6.8315606117248535
SASRec,2008,2008-12-31,10798,49822,4,6.413408279418945
SASRec,2008,2008-12-31,10798,40629,5,6.352349758148193
SASRec,2008,2008-12-31,10798,37855,6,6.343638896942139
SASRec,2008,2008-12-31,10798,52375,7,6.298820972442627
SASRec,2008,2008-12-31,10798,45950,8,6.298020839691162
SASRec,2008,2008-12-31,10798,49824,9,6.223517417907715
SASRec,2008,2008-12-31,10798,48696,10,6.211292266845703
SASRec,2008,2008-12-31,11191,52644,1,8.391837120056152
SASRec,2008,2008-12-31,11191,52328,2,8.284347534179688
SASRec,2008,2008-12-31,11191,53464,3,7.945971488952637
SASRec,2008,2008-12-31,11191,55245,4,7.911154747009277
SASRec,2008,2008-12-31,11191,51077,5,7.906813144683838
SASRec,2008,2008-12-31,11191,53125,6,7.870847225189209
SASRec,2008,2008-12-31,11191,54001,7,7.779728412628174
SASRec,2008,2008-12-31,11191,50794,8,7.647034645080566
SASRec,2008,2008-12-31,11191,54290,9,7.6311564445495605
SASRec,2008,2008-12-31,11191,49793,10,7.618577003479004
SASRec,2008,2008-12-31,11212,52722,1,6.854547023773193
SASRec,2008,2008-12-31,11212,41569,2,6.814851760864258
SASRec,2008,2008-12-31,11212,46578,3,6.756217002868652
SASRec,2008,2008-12-31,11212,45447,4,6.735111713409424
SASRec,2008,2008-12-31,11212,49272,5,6.677889347076416
SASRec,2008,2008-12-31,11212,48385,6,6.657172203063965
SASRec,2008,2008-12-31,11212,54272,7,6.626528739929199
SASRec,2008,2008-12-31,11212,34319,8,6.613959789276123
SASRec,2008,2008-12-31,11212,44022,9,6.59849214553833
SASRec,2008,2008-12-31,11212,52328,10,6.549972057342529
SASRec,2008,2008-12-31,11214,37741,1,6.21516752243042
SASRec,2008,2008-12-31,11214,6023,2,6.014283180236816
SASRec,2008,2008-12-31,11214,6016,3,5.74162483215332
SASRec,2008,2008-12-31,11214,318,4,5.7324419021606445
SASRec,2008,2008-12-31,11214,1252,5,5.719687461853027
SASRec,2008,2008-12-31,11214,1212,6,5.71958589553833
SASRec,2008,2008-12-31,11214,30749,7,5.693532466888428
SASRec,2008,2008-12-31,11214,1193,8,5.674986362457275
SASRec,2008,2008-12-31,11214,1219,9,5.646972179412842
SASRec,2008,2008-12-31,11214,904,10,5.602053165435791
SASRec,2008,2008-12-31,11287,54286,1,7.8314008712768555
SASRec,2008,2008-12-31,11287,48394,2,7.615716934204102
SASRec,2008,2008-12-31,11287,50068,3,7.615200519561768
SASRec,2008,2008-12-31,11287,49272,4,7.546647548675537
SASRec,2008,2008-12-31,11287,47950,5,7.539651870727539
SASRec,2008,2008-12-31,11287,48738,6,7.496755123138428
SASRec,2008,2008-12-31,11287,54001,7,7.46343994140625
SASRec,2008,2008-12-31,11287,49530,8,7.456152439117432
SASRec,2008,2008-12-31,11287,52328,9,7.446890354156494
SASRec,2008,2008-12-31,11287,48780,10,7.409643173217773
SASRec,2008,2008-12-31,11662,40815,1,6.701793193817139
SASRec,2008,2008-12-31,11662,41566,2,6.658291816711426
SASRec,2008,2008-12-31,11662,8970,3,6.647841453552246
SASRec,2008,2008-12-31,11662,45447,4,6.608700752258301
SASRec,2008,2008-12-31,11662,46578,5,6.397922992706299
SASRec,2008,2008-12-31,11662,34162,6,6.275732040405273
SASRec,2008,2008-12-31,11662,33166,7,6.199289321899414
SASRec,2008,2008-12-31,11662,30812,8,6.1790852546691895
SASRec,2008,2008-12-31,11662,44191,9,6.155289649963379
SASRec,2008,2008-12-31,11662,41569,10,6.146481990814209
SASRec,2008,2008-12-31,11719,6942,1,7.10443115234375
SASRec,2008,2008-12-31,11719,6711,2,6.843562602996826
SASRec,2008,2008-12-31,11719,6218,3,6.804584503173828
SASRec,2008,2008-12-31,11719,6863,4,6.558135986328125
SASRec,2008,2008-12-31,11719,7147,5,6.51263952255249
SASRec,2008,2008-12-31,11719,5418,6,6.491436958312988
SASRec,2008,2008-12-31,11719,6377,7,6.4455718994140625
SASRec,2008,2008-12-31,11719,8665,8,6.433010578155518
SASRec,2008,2008-12-31,11719,6565,9,6.427344799041748
SASRec,2008,2008-12-31,11719,8636,10,6.422142505645752
SASRec,2008,2008-12-31,11740,2455,1,7.466744899749756
SASRec,2008,2008-12-31,11740,3701,2,7.105828285217285
SASRec,2008,2008-12-31,11740,2985,3,6.7486042976379395
SASRec,2008,2008-12-31,11740,2011,4,6.546940326690674
SASRec,2008,2008-12-31,11740,2021,5,6.470934867858887
SASRec,2008,2008-12-31,11740,3917,6,6.400943279266357
SASRec,2008,2008-12-31,11740,3770,7,6.306911945343018
SASRec,2008,2008-12-31,11740,2003,8,6.277480125427246
SASRec,2008,2008-12-31,11740,3550,9,6.237370491027832
SASRec,2008,2008-12-31,11740,3527,10,6.2139997482299805
SASRec,2008,2008-12-31,11837,3948,1,8.302663803100586
SASRec,2008,2008-12-31,11837,32587,2,7.2834601402282715
SASRec,2008,2008-12-31,11837,8961,3,7.216376304626465
SASRec,2008,2008-12-31,11837,4246,4,7.190563201904297
SASRec,2008,2008-12-31,11837,8665,5,7.132919788360596
SASRec,2008,2008-12-31,11837,2502,6,7.091097354888916
SASRec,2008,2008-12-31,11837,3481,7,7.025177001953125
SASRec,2008,2008-12-31,11837,45447,8,6.819108963012695
SASRec,2008,2008-12-31,11837,34048,9,6.797012805938721
SASRec,2008,2008-12-31,11837,4085,10,6.778846263885498
SASRec,2008,2008-12-31,12575,44191,1,8.524256706237793
SASRec,2008,2008-12-31,12575,46578,2,8.306589126586914
SASRec,2008,2008-12-31,12575,49272,3,7.667893409729004
SASRec,2008,2008-12-31,12575,48780,4,7.554058074951172
SASRec,2008,2008-12-31,12575,44195,5,7.376308441162109
SASRec,2008,2008-12-31,12575,30749,6,7.35410213470459
SASRec,2008,2008-12-31,12575,33166,7,7.267889022827148
SASRec,2008,2008-12-31,12575,48385,8,7.235113620758057
SASRec,2008,2008-12-31,12575,48774,9,7.164243698120117
SASRec,2008,2008-12-31,12575,34405,10,7.102297782897949
SASRec,2008,2008-12-31,13012,2012,1,9.513165473937988
SASRec,2008,2008-12-31,13012,1485,2,9.419486999511719
SASRec,2008,2008-12-31,13012,370,3,9.356000900268555
SASRec,2008,2008-12-31,13012,2502,4,9.182040214538574
SASRec,2008,2008-12-31,13012,466,5,9.017295837402344
SASRec,2008,2008-12-31,13012,2054,6,8.951323509216309
SASRec,2008,2008-12-31,13012,186,7,8.919099807739258
SASRec,2008,2008-12-31,13012,48,8,8.694165229797363
SASRec,2008,2008-12-31,13012,2011,9,8.617071151733398
SASRec,2008,2008-12-31,13012,168,10,8.603233337402344
SASRec,2008,2008-12-31,13123,45447,1,7.166764259338379
SASRec,2008,2008-12-31,13123,3948,2,6.725327014923096
SASRec,2008,2008-12-31,13123,40815,3,6.616945743560791
SASRec,2008,2008-12-31,13123,4718,4,6.483948707580566
SASRec,2008,2008-12-31,13123,45722,5,6.399066925048828
SASRec,2008,2008-12-31,13123,46578,6,6.288400650024414
SASRec,2008,2008-12-31,13123,5218,7,6.272602081298828
SASRec,2008,2008-12-31,13123,41569,8,6.237091064453125
SASRec,2008,2008-12-31,13123,34048,9,6.227265357971191
SASRec,2008,2008-12-31,13123,41566,10,6.187248229980469
SASRec,2008,2008-12-31,13164,52722,1,6.782606601715088
SASRec,2008,2008-12-31,13164,50794,2,6.724503993988037
SASRec,2008,2008-12-31,13164,49530,3,6.593273162841797
SASRec,2008,2008-12-31,13164,54001,4,6.577569007873535
SASRec,2008,2008-12-31,13164,53322,5,6.492818832397461
SASRec,2008,2008-12-31,13164,49286,6,6.431454658508301
SASRec,2008,2008-12-31,13164,54503,7,6.394230842590332
SASRec,2008,2008-12-31,13164,50872,8,6.382313251495361
SASRec,2008,2008-12-31,13164,48783,9,6.279089450836182
SASRec,2008,2008-12-31,13164,51931,10,6.252740383148193
SASRec,2008,2008-12-31,13498,45447,1,6.539687633514404
SASRec,2008,2008-12-31,13498,1722,2,6.516531467437744
SASRec,2008,2008-12-31,13498,2194,3,6.356973171234131
SASRec,2008,2008-12-31,13498,1370,4,6.304498672485352
SASRec,2008,2008-12-31,13498,2763,5,6.237024784088135
SASRec,2008,2008-12-31,13498,2671,6,6.186474323272705
SASRec,2008,2008-12-31,13498,2529,7,6.162707328796387
SASRec,2008,2008-12-31,13498,3176,8,6.152531623840332
SASRec,2008,2008-12-31,13498,3448,9,6.139916896820068
SASRec,2008,2008-12-31,13498,3256,10,6.102389812469482
SASRec,2008,2008-12-31,13638,6016,1,6.5391764640808105
SASRec,2008,2008-12-31,13638,4235,2,6.43020486831665
SASRec,2008,2008-12-31,13638,7361,3,6.230633735656738
SASRec,2008,2008-12-31,13638,4973,4,6.03519344329834
SASRec,2008,2008-12-31,13638,5617,5,6.0336809158325195
SASRec,2008,2008-12-31,13638,3910,6,6.020360946655273
SASRec,2008,2008-12-31,13638,4226,7,6.016686916351318
SASRec,2008,2008-12-31,13638,4641,8,5.8707733154296875
SASRec,2008,2008-12-31,13638,5878,9,5.844186782836914
SASRec,2008,2008-12-31,13638,5669,10,5.827593803405762
SASRec,2008,2008-12-31,13777,37741,1,6.850483417510986
SASRec,2008,2008-12-31,13777,6023,2,6.454315185546875
SASRec,2008,2008-12-31,13777,27773,3,6.417476654052734
SASRec,2008,2008-12-31,13777,45950,4,6.401235103607178
SASRec,2008,2008-12-31,13777,38886,5,6.377596855163574
SASRec,2008,2008-12-31,13777,46578,6,6.297021865844727
SASRec,2008,2008-12-31,13777,8950,7,6.119194507598877
SASRec,2008,2008-12-31,13777,46976,8,6.110746383666992
SASRec,2008,2008-12-31,13777,48774,9,6.022191524505615
SASRec,2008,2008-12-31,13777,36517,10,6.019539833068848
SASRec,2008,2008-12-31,13987,30749,1,8.621895790100098
SASRec,2008,2008-12-31,13987,37741,2,7.566338539123535
SASRec,2008,2008-12-31,13987,32587,3,7.457773208618164
SASRec,2008,2008-12-31,13987,33660,4,7.4237775802612305
SASRec,2008,2008-12-31,13987,46976,5,7.410168170928955
SASRec,2008,2008-12-31,13987,41997,6,7.349264144897461
SASRec,2008,2008-12-31,13987,44191,7,7.292207717895508
SASRec,2008,2008-12-31,13987,40819,8,7.171653747558594
SASRec,2008,2008-12-31,13987,39292,9,7.070587158203125
SASRec,2008,2008-12-31,13987,39183,10,7.0239434242248535
SASRec,2008,2008-12-31,14411,46578,1,7.733434677124023
SASRec,2008,2008-12-31,14411,296,2,7.5027360916137695
SASRec,2008,2008-12-31,14411,46976,3,7.26093864440918
SASRec,2008,2008-12-31,14411,44191,4,7.135440826416016
SASRec,2008,2008-12-31,14411,4973,5,7.072484493255615
SASRec,2008,2008-12-31,14411,44195,6,6.968611717224121
SASRec,2008,2008-12-31,14411,48394,7,6.920481204986572
SASRec,2008,2008-12-31,14411,858,8,6.799750328063965
SASRec,2008,2008-12-31,14411,48516,9,6.7130351066589355
SASRec,2008,2008-12-31,14411,32587,10,6.708218097686768
SASRec,2008,2008-12-31,14655,46976,1,8.464719772338867
SASRec,2008,2008-12-31,14655,54286,2,8.055448532104492
SASRec,2008,2008-12-31,14655,48516,3,8.013423919677734
SASRec,2008,2008-12-31,14655,48780,4,7.977730751037598
SASRec,2008,2008-12-31,14655,48394,5,7.642894268035889
SASRec,2008,2008-12-31,14655,49530,6,7.565652847290039
SASRec,2008,2008-12-31,14655,50872,7,7.483663558959961
SASRec,2008,2008-12-31,14655,54001,8,7.470688819885254
SASRec,2008,2008-12-31,14655,51255,9,7.457724094390869
SASRec,2008,2008-12-31,14655,48774,10,7.442577838897705
SASRec,2008,2008-12-31,14996,8949,1,6.811263084411621
SASRec,2008,2008-12-31,14996,7361,2,6.1879777908325195
SASRec,2008,2008-12-31,14996,8970,3,6.171984672546387
SASRec,2008,2008-12-31,14996,40819,4,5.92560338973999
SASRec,2008,2008-12-31,14996,30812,5,5.8938188552856445
SASRec,2008,2008-12-31,14996,30749,6,5.794299125671387
SASRec,2008,2008-12-31,14996,30707,7,5.744154930114746
SASRec,2008,2008-12-31,14996,8961,8,5.738468170166016
SASRec,2008,2008-12-31,14996,33166,9,5.715191841125488
SASRec,2008,2008-12-31,14996,41285,10,5.653968811035156
SASRec,2008,2008-12-31,15532,1975,1,7.034857273101807
SASRec,2008,2008-12-31,15532,1974,2,6.774493217468262
SASRec,2008,2008-12-31,15532,2121,3,6.696247577667236
SASRec,2008,2008-12-31,15532,2513,4,6.6117167472839355
SASRec,2008,2008-12-31,15532,2380,5,6.608410835266113
SASRec,2008,2008-12-31,15532,1971,6,6.50078821182251
SASRec,2008,2008-12-31,15532,2789,7,6.337912082672119
SASRec,2008,2008-12-31,15532,1970,8,6.31522274017334
SASRec,2008,2008-12-31,15532,2381,9,6.3077073097229
SASRec,2008,2008-12-31,15532,2379,10,6.297920227050781
SASRec,2008,2008-12-31,15599,46578,1,8.341630935668945
SASRec,2008,2008-12-31,15599,46976,2,7.576424598693848
SASRec,2008,2008-12-31,15599,49272,3,7.570444583892822
SASRec,2008,2008-12-31,15599,44191,4,7.550498008728027
SASRec,2008,2008-12-31,15599,30749,5,7.43205451965332
SASRec,2008,2008-12-31,15599,48394,6,7.352422714233398
SASRec,2008,2008-12-31,15599,48516,7,7.273235321044922
SASRec,2008,2008-12-31,15599,48780,8,7.165571212768555
SASRec,2008,2008-12-31,15599,37741,9,7.023744583129883
SASRec,2008,2008-12-31,15599,44195,10,6.950840473175049
SASRec,2008,2008-12-31,15865,47629,1,6.946990013122559
SASRec,2008,2008-12-31,15865,46976,2,6.942358493804932
SASRec,2008,2008-12-31,15865,47950,3,6.699310779571533
SASRec,2008,2008-12-31,15865,48516,4,6.683772087097168
SASRec,2008,2008-12-31,15865,48385,5,6.518900394439697
SASRec,2008,2008-12-31,15865,48394,6,6.464123725891113
SASRec,2008,2008-12-31,15865,54272,7,6.419434547424316
SASRec,2008,2008-12-31,15865,49530,8,6.38801383972168
SASRec,2008,2008-12-31,15865,48738,9,6.248012542724609
SASRec,2008,2008-12-31,15865,54503,10,6.238882541656494
SASRec,2008,2008-12-31,16268,44191,1,8.869894027709961
SASRec,2008,2008-12-31,16268,32587,2,8.383722305297852
SASRec,2008,2008-12-31,16268,48394,3,7.474061965942383
SASRec,2008,2008-12-31,16268,34405,4,7.440232276916504
SASRec,2008,2008-12-31,16268,48385,5,7.434305191040039
SASRec,2008,2008-12-31,16268,49272,6,7.319683074951172
SASRec,2008,2008-12-31,16268,4011,7,7.284732818603516
SASRec,2008,2008-12-31,16268,6016,8,7.25090217590332
SASRec,2008,2008-12-31,16268,8874,9,7.108090400695801
SASRec,2008,2008-12-31,16268,4878,10,7.083326816558838
SASRec,2008,2008-12-31,16397,45666,1,7.035226821899414
SASRec,2008,2008-12-31,16397,52722,2,6.960574626922607
SASRec,2008,2008-12-31,16397,50794,3,6.8431620597839355
SASRec,2008,2008-12-31,16397,54286,4,6.803633689880371
SASRec,2008,2008-12-31,16397,49272,5,6.672385215759277
SASRec,2008,2008-12-31,16397,53322,6,6.6570611000061035
SASRec,2008,2008-12-31,16397,49286,7,6.628678321838379
SASRec,2008,2008-12-31,16397,51077,8,6.5400824546813965
SASRec,2008,2008-12-31,16397,53125,9,6.4621357917785645
SASRec,2008,2008-12-31,16397,45431,10,6.4251389503479
SASRec,2008,2008-12-31,16754,736,1,7.285196304321289
SASRec,2008,2008-12-31,16754,231,2,7.033785343170166
SASRec,2008,2008-12-31,16754,344,3,6.990762710571289
SASRec,2008,2008-12-31,16754,288,4,6.947118759155273
SASRec,2008,2008-12-31,16754,1573,5,6.866410255432129
SASRec,2008,2008-12-31,16754,2571,6,6.819395065307617
SASRec,2008,2008-12-31,16754,5378,7,6.752496242523193
SASRec,2008,2008-12-31,16754,377,8,6.735180854797363
SASRec,2008,2008-12-31,16754,2011,9,6.729362487792969
SASRec,2008,2008-12-31,16754,2628,10,6.722555160522461
SASRec,2008,2008-12-31,16907,48696,1,7.392368793487549
SASRec,2008,2008-12-31,16907,50068,2,7.189511299133301
SASRec,2008,2008-12-31,16907,54286,3,7.100608825683594
SASRec,2008,2008-12-31,16907,47950,4,7.098508834838867
SASRec,2008,2008-12-31,16907,49822,5,6.951119422912598
SASRec,2008,2008-12-31,16907,50872,6,6.843440055847168
SASRec,2008,2008-12-31,16907,54272,7,6.7492170333862305
SASRec,2008,2008-12-31,16907,51540,8,6.69705867767334
SASRec,2008,2008-12-31,16907,46723,9,6.682012557983398
SASRec,2008,2008-12-31,16907,54503,10,6.657922744750977
SASRec,2008,2008-12-31,17032,52644,1,8.273889541625977
SASRec,2008,2008-12-31,17032,55245,2,8.069519996643066
SASRec,2008,2008-12-31,17032,52722,3,8.04955768585205
SASRec,2008,2008-12-31,17032,50794,4,7.8954362869262695
SASRec,2008,2008-12-31,17032,52328,5,7.813832759857178
SASRec,2008,2008-12-31,17032,52245,6,7.810241222381592
SASRec,2008,2008-12-31,17032,49793,7,7.75229549407959
SASRec,2008,2008-12-31,17032,51255,8,7.673738479614258
SASRec,2008,2008-12-31,17032,48783,9,7.61296272277832
SASRec,2008,2008-12-31,17032,50798,10,7.585176944732666
SASRec,2008,2008-12-31,17083,50,1,7.9123029708862305
SASRec,2008,2008-12-31,17083,4011,2,7.6079511642456055
SASRec,2008,2008-12-31,17083,4306,3,7.587891101837158
SASRec,2008,2008-12-31,17083,1258,4,7.571590423583984
SASRec,2008,2008-12-31,17083,5669,5,7.1562113761901855
SASRec,2008,2008-12-31,17083,48385,6,7.137355804443359
SASRec,2008,2008-12-31,17083,2762,7,6.988236427307129
SASRec,2008,2008-12-31,17083,1222,8,6.975493431091309
SASRec,2008,2008-12-31,17083,4963,9,6.938291072845459
SASRec,2008,2008-12-31,17083,293,10,6.933811664581299
SASRec,2008,2008-12-31,17177,46578,1,6.974953651428223
SASRec,2008,2008-12-31,17177,53972,2,6.828906059265137
SASRec,2008,2008-12-31,17177,54286,3,6.6086812019348145
SASRec,2008,2008-12-31,17177,48780,4,6.543829441070557
SASRec,2008,2008-12-31,17177,52722,5,6.484055519104004
SASRec,2008,2008-12-31,17177,53322,6,6.329397201538086
SASRec,2008,2008-12-31,17177,48783,7,6.26565408706665
SASRec,2008,2008-12-31,17177,47610,8,6.2216925621032715
SASRec,2008,2008-12-31,17177,51662,9,6.206803798675537
SASRec,2008,2008-12-31,17177,45722,10,6.203797817230225
SASRec,2008,2008-12-31,17568,32587,1,8.277983665466309
SASRec,2008,2008-12-31,17568,48394,2,8.269700050354004
SASRec,2008,2008-12-31,17568,296,3,8.123143196105957
SASRec,2008,2008-12-31,17568,48385,4,7.922385215759277
SASRec,2008,2008-12-31,17568,48774,5,7.7362799644470215
SASRec,2008,2008-12-31,17568,33794,6,7.730673313140869
SASRec,2008,2008-12-31,17568,54286,7,7.678712844848633
SASRec,2008,2008-12-31,17568,318,8,7.643557071685791
SASRec,2008,2008-12-31,17568,51255,9,7.579587936401367
SASRec,2008,2008-12-31,17568,46976,10,7.488312244415283
SASRec,2008,2008-12-31,17946,25850,1,6.807775497436523
SASRec,2008,2008-12-31,17946,50685,2,6.6817097663879395
SASRec,2008,2008-12-31,17946,34482,3,6.148430824279785
SASRec,2008,2008-12-31,17946,47629,4,6.12122917175293
SASRec,2008,2008-12-31,17946,26148,5,6.1207709312438965
SASRec,2008,2008-12-31,17946,46803,6,6.002937316894531
SASRec,2008,2008-12-31,17946,26350,7,5.979948997497559
SASRec,2008,2008-12-31,17946,46850,8,5.969831466674805
SASRec,2008,2008-12-31,17946,26163,9,5.964996337890625
SASRec,2008,2008-12-31,17946,48696,10,5.959359645843506
SASRec,2008,2008-12-31,18479,46976,1,6.356328964233398
SASRec,2008,2008-12-31,18479,30749,2,6.056429862976074
SASRec,2008,2008-12-31,18479,49272,3,5.978409767150879
SASRec,2008,2008-12-31,18479,48780,4,5.854689598083496
SASRec,2008,2008-12-31,18479,48516,5,5.850276947021484
SASRec,2008,2008-12-31,18479,47629,6,5.696043014526367
SASRec,2008,2008-12-31,18479,44191,7,5.600590705871582
SASRec,2008,2008-12-31,18479,318,8,5.593497276306152
SASRec,2008,2008-12-31,18479,48394,9,5.577216625213623
SASRec,2008,2008-12-31,18479,40629,10,5.376022815704346
SASRec,2008,2008-12-31,18718,54286,1,8.430204391479492
SASRec,2008,2008-12-31,18718,54272,2,7.948956489562988
SASRec,2008,2008-12-31,18718,50872,3,7.948716640472412
SASRec,2008,2008-12-31,18718,51255,4,7.927938461303711
SASRec,2008,2008-12-31,18718,53972,5,7.861915588378906
SASRec,2008,2008-12-31,18718,49272,6,7.841104507446289
SASRec,2008,2008-12-31,18718,54503,7,7.834616184234619
SASRec,2008,2008-12-31,18718,46578,8,7.788328647613525
SASRec,2008,2008-12-31,18718,48516,9,7.764182090759277
SASRec,2008,2008-12-31,18718,54001,10,7.595951557159424
SASRec,2008,2008-12-31,18884,46578,1,9.17601203918457
SASRec,2008,2008-12-31,18884,49272,2,9.100784301757812
SASRec,2008,2008-12-31,18884,48780,3,8.728250503540039
SASRec,2008,2008-12-31,18884,48394,4,8.552203178405762
SASRec,2008,2008-12-31,18884,51255,5,8.493042945861816
SASRec,2008,2008-12-31,18884,46976,6,8.36179256439209
SASRec,2008,2008-12-31,18884,858,7,8.29409408569336
SASRec,2008,2008-12-31,18884,296,8,8.290771484375
SASRec,2008,2008-12-31,18884,32587,9,8.230019569396973
SASRec,2008,2008-12-31,18884,45722,10,7.7645087242126465
SASRec,2008,2008-12-31,18945,45447,1,5.354863166809082
SASRec,2008,2008-12-31,18945,44191,2,5.116600513458252
SASRec,2008,2008-12-31,18945,33679,3,5.054375171661377
SASRec,2008,2008-12-31,18945,33166,4,5.046041965484619
SASRec,2008,2008-12-31,18945,34048,5,4.976321697235107
SASRec,2008,2008-12-31,18945,36401,6,4.892094135284424
SASRec,2008,2008-12-31,18945,31696,7,4.879734516143799
SASRec,2008,2008-12-31,18945,33004,8,4.81654691696167
SASRec,2008,2008-12-31,18945,41569,9,4.788611888885498
SASRec,2008,2008-12-31,18945,34319,10,4.767209053039551
SASRec,2008,2008-12-31,19237,44191,1,8.262986183166504
SASRec,2008,2008-12-31,19237,54001,2,8.155051231384277
SASRec,2008,2008-12-31,19237,49272,3,7.998538494110107
SASRec,2008,2008-12-31,19237,54286,4,7.765993595123291
SASRec,2008,2008-12-31,19237,45447,5,7.706467151641846
SASRec,2008,2008-12-31,19237,48385,6,7.630685329437256
SASRec,2008,2008-12-31,19237,48516,7,7.616578102111816
SASRec,2008,2008-12-31,19237,52722,8,7.604648113250732
SASRec,2008,2008-12-31,19237,54272,9,7.573673725128174
SASRec,2008,2008-12-31,19237,46976,10,7.566447734832764
SASRec,2008,2008-12-31,19325,1975,1,5.667106628417969
SASRec,2008,2008-12-31,19325,2121,2,5.3634490966796875
SASRec,2008,2008-12-31,19325,3484,3,5.3328938484191895
SASRec,2008,2008-12-31,19325,1974,4,5.299289703369141
SASRec,2008,2008-12-31,19325,2380,5,5.292208194732666
SASRec,2008,2008-12-31,19325,2513,6,5.2791595458984375
SASRec,2008,2008-12-31,19325,2381,7,5.149334907531738
SASRec,2008,2008-12-31,19325,2789,8,5.071468353271484
SASRec,2008,2008-12-31,19325,2122,9,5.036425590515137
SASRec,2008,2008-12-31,19325,4673,10,4.968452453613281
SASRec,2008,2008-12-31,19406,6377,1,8.037385940551758
SASRec,2008,2008-12-31,19406,5445,2,7.965409755706787
SASRec,2008,2008-12-31,19406,5952,3,7.728687286376953
SASRec,2008,2008-12-31,19406,4886,4,7.696054935455322
SASRec,2008,2008-12-31,19406,6539,5,7.604685306549072
SASRec,2008,2008-12-31,19406,3996,6,7.549520015716553
SASRec,2008,2008-12-31,19406,5418,7,7.510324001312256
SASRec,2008,2008-12-31,19406,3793,8,7.420265197753906
SASRec,2008,2008-12-31,19406,6874,9,7.38493013381958
SASRec,2008,2008-12-31,19406,7438,10,7.346033096313477
SASRec,2008,2008-12-31,19783,37727,1,6.043341159820557
SASRec,2008,2008-12-31,19783,50794,2,5.856032371520996
SASRec,2008,2008-12-31,19783,53322,3,5.688548564910889
SASRec,2008,2008-12-31,19783,34534,4,5.510680198669434
SASRec,2008,2008-12-31,19783,35957,5,5.491291046142578
SASRec,2008,2008-12-31,19783,36401,6,5.483328819274902
SASRec,2008,2008-12-31,19783,36519,7,5.368549346923828
SASRec,2008,2008-12-31,19783,47610,8,5.328980445861816
SASRec,2008,2008-12-31,19783,31221,9,5.303777694702148
SASRec,2008,2008-12-31,19783,37853,10,5.237411022186279
SASRec,2008,2008-12-31,19812,7173,1,6.033656120300293
SASRec,2008,2008-12-31,19812,5943,2,5.832571983337402
SASRec,2008,2008-12-31,19812,32296,3,5.814756870269775
SASRec,2008,2008-12-31,19812,8373,4,5.800282001495361
SASRec,2008,2008-12-31,19812,7154,5,5.715254783630371
SASRec,2008,2008-12-31,19812,7293,6,5.660364151000977
SASRec,2008,2008-12-31,19812,6155,7,5.640369415283203
SASRec,2008,2008-12-31,19812,8916,8,5.6177287101745605
SASRec,2008,2008-12-31,19812,5620,9,5.610087871551514
SASRec,2008,2008-12-31,19812,27808,10,5.584207534790039
SASRec,2008,2008-12-31,20128,46578,1,8.209932327270508
SASRec,2008,2008-12-31,20128,32587,2,8.070414543151855
SASRec,2008,2008-12-31,20128,41569,3,7.912403583526611
SASRec,2008,2008-12-31,20128,54001,4,7.766702651977539
SASRec,2008,2008-12-31,20128,40815,5,7.757750511169434
SASRec,2008,2008-12-31,20128,34405,6,7.6983113288879395
SASRec,2008,2008-12-31,20128,48780,7,7.582802772521973
SASRec,2008,2008-12-31,20128,45447,8,7.518952369689941
SASRec,2008,2008-12-31,20128,54286,9,7.5054521560668945
SASRec,2008,2008-12-31,20128,45722,10,7.426227569580078
SASRec,2008,2008-12-31,20295,54272,1,7.422385215759277
SASRec,2008,2008-12-31,20295,53972,2,7.366865158081055
SASRec,2008,2008-12-31,20295,54503,3,7.338010787963867
SASRec,2008,2008-12-31,20295,50872,4,7.2170515060424805
SASRec,2008,2008-12-31,20295,53322,5,7.20906400680542
SASRec,2008,2008-12-31,20295,49793,6,7.17349910736084
SASRec,2008,2008-12-31,20295,50794,7,7.133552551269531
SASRec,2008,2008-12-31,20295,52644,8,7.110417366027832
SASRec,2008,2008-12-31,20295,48783,9,7.055345058441162
SASRec,2008,2008-12-31,20295,52375,10,7.049278259277344
SASRec,2008,2008-12-31,20297,44191,1,7.679923057556152
SASRec,2008,2008-12-31,20297,858,2,7.450212001800537
SASRec,2008,2008-12-31,20297,46578,3,6.954754829406738
SASRec,2008,2008-12-31,20297,33794,4,6.9208855628967285
SASRec,2008,2008-12-31,20297,48385,5,6.810177803039551
SASRec,2008,2008-12-31,20297,318,6,6.793957710266113
SASRec,2008,2008-12-31,20297,48780,7,6.737204074859619
SASRec,2008,2008-12-31,20297,593,8,6.653531551361084
SASRec,2008,2008-12-31,20297,50,9,6.620353698730469
SASRec,2008,2008-12-31,20297,48394,10,6.499209880828857
SASRec,2008,2008-12-31,20333,5669,1,7.048792839050293
SASRec,2008,2008-12-31,20333,4878,2,6.929849624633789
SASRec,2008,2008-12-31,20333,7022,3,6.643774032592773
SASRec,2008,2008-12-31,20333,8983,4,6.560135364532471
SASRec,2008,2008-12-31,20333,5418,5,6.48760461807251
SASRec,2008,2008-12-31,20333,6539,6,6.436687469482422
SASRec,2008,2008-12-31,20333,5902,7,6.363142013549805
SASRec,2008,2008-12-31,20333,6934,8,6.249783039093018
SASRec,2008,2008-12-31,20333,5956,9,6.243546485900879
SASRec,2008,2008-12-31,20333,8360,10,6.233633995056152
SASRec,2008,2008-12-31,20459,231,1,9.291058540344238
SASRec,2008,2008-12-31,20459,500,2,8.912820816040039
SASRec,2008,2008-12-31,20459,344,3,8.879530906677246
SASRec,2008,2008-12-31,20459,597,4,8.61940860748291
SASRec,2008,2008-12-31,20459,2683,5,8.470678329467773
SASRec,2008,2008-12-31,20459,339,6,8.231263160705566
SASRec,2008,2008-12-31,20459,19,7,8.100116729736328
SASRec,2008,2008-12-31,20459,587,8,8.085036277770996
SASRec,2008,2008-12-31,20459,539,9,8.018346786499023
SASRec,2008,2008-12-31,20459,3578,10,7.978647708892822
SASRec,2008,2008-12-31,20502,6888,1,6.304213523864746
SASRec,2008,2008-12-31,20502,8957,2,5.967501163482666
SASRec,2008,2008-12-31,20502,8531,3,5.916461944580078
SASRec,2008,2008-12-31,20502,8810,4,5.796182155609131
SASRec,2008,2008-12-31,20502,31431,5,5.790509223937988
SASRec,2008,2008-12-31,20502,8861,6,5.7488250732421875
SASRec,2008,2008-12-31,20502,6615,7,5.614001274108887
SASRec,2008,2008-12-31,20502,6707,8,5.567603588104248
SASRec,2008,2008-12-31,20502,8947,9,5.541644096374512
SASRec,2008,2008-12-31,20502,7454,10,5.5287275314331055
SASRec,2008,2008-12-31,20576,44191,1,7.672364711761475
SASRec,2008,2008-12-31,20576,34405,2,7.305551052093506
SASRec,2008,2008-12-31,20576,8874,3,7.1904754638671875
SASRec,2008,2008-12-31,20576,7361,4,7.076793670654297
SASRec,2008,2008-12-31,20576,8983,5,6.732633590698242
SASRec,2008,2008-12-31,20576,8636,6,6.696840286254883
SASRec,2008,2008-12-31,20576,33493,7,6.623129844665527
SASRec,2008,2008-12-31,20576,8798,8,6.5971455574035645
SASRec,2008,2008-12-31,20576,33166,9,6.528817653656006
SASRec,2008,2008-12-31,20576,36529,10,6.527676582336426
SASRec,2008,2008-12-31,20777,32587,1,7.311286926269531
SASRec,2008,2008-12-31,20777,44191,2,6.995194911956787
SASRec,2008,2008-12-31,20777,34405,3,6.346319675445557
SASRec,2008,2008-12-31,20777,36529,4,6.325624465942383
SASRec,2008,2008-12-31,20777,7254,5,6.256099700927734
SASRec,2008,2008-12-31,20777,6874,6,6.206748008728027
SASRec,2008,2008-12-31,20777,7438,7,6.111189365386963
SASRec,2008,2008-12-31,20777,33166,8,6.088794708251953
SASRec,2008,2008-12-31,20777,34319,9,6.055952072143555
SASRec,2008,2008-12-31,20777,41569,10,6.026288032531738
SASRec,2008,2008-12-31,21057,45722,1,7.3202948570251465
SASRec,2008,2008-12-31,21057,54001,2,7.29494571685791
SASRec,2008,2008-12-31,21057,27904,3,7.152352333068848
SASRec,2008,2008-12-31,21057,48385,4,7.096378803253174
SASRec,2008,2008-12-31,21057,41569,5,7.00189733505249
SASRec,2008,2008-12-31,21057,52328,6,7.001837253570557
SASRec,2008,2008-12-31,21057,51255,7,6.944427490234375
SASRec,2008,2008-12-31,21057,54286,8,6.855292320251465
SASRec,2008,2008-12-31,21057,48774,9,6.820281028747559
SASRec,2008,2008-12-31,21057,48394,10,6.818735122680664
SASRec,2008,2008-12-31,21059,45447,1,5.392223358154297
SASRec,2008,2008-12-31,21059,40583,2,5.3482441902160645
SASRec,2008,2008-12-31,21059,37741,3,5.104093551635742
SASRec,2008,2008-12-31,21059,46976,4,5.050734519958496
SASRec,2008,2008-12-31,21059,47610,5,4.868240833282471
SASRec,2008,2008-12-31,21059,41569,6,4.835790157318115
SASRec,2008,2008-12-31,21059,49272,7,4.777661323547363
SASRec,2008,2008-12-31,21059,41997,8,4.660557270050049
SASRec,2008,2008-12-31,21059,49286,9,4.627310752868652
SASRec,2008,2008-12-31,21059,44199,10,4.622269630432129
SASRec,2008,2008-12-31,21379,8949,1,6.845516681671143
SASRec,2008,2008-12-31,21379,40819,2,6.656668186187744
SASRec,2008,2008-12-31,21379,34162,3,6.647226333618164
SASRec,2008,2008-12-31,21379,32587,4,6.517372131347656
SASRec,2008,2008-12-31,21379,33679,5,6.465481758117676
SASRec,2008,2008-12-31,21379,30707,6,6.317291259765625
SASRec,2008,2008-12-31,21379,35836,7,6.281836032867432
SASRec,2008,2008-12-31,21379,45447,8,6.20542049407959
SASRec,2008,2008-12-31,21379,30749,9,6.199606895446777
SASRec,2008,2008-12-31,21379,44191,10,6.109504222869873
SASRec,2008,2008-12-31,21619,52722,1,7.285699367523193
SASRec,2008,2008-12-31,21619,48394,2,7.24441385269165
SASRec,2008,2008-12-31,21619,48516,3,7.045662879943848
SASRec,2008,2008-12-31,21619,54001,4,6.995057106018066
SASRec,2008,2008-12-31,21619,50794,5,6.99367094039917
SASRec,2008,2008-12-31,21619,51077,6,6.928181171417236
SASRec,2008,2008-12-31,21619,53125,7,6.860255718231201
SASRec,2008,2008-12-31,21619,48738,8,6.856317520141602
SASRec,2008,2008-12-31,21619,53464,9,6.776702880859375
SASRec,2008,2008-12-31,21619,48780,10,6.76352596282959
SASRec,2008,2008-12-31,21776,4388,1,5.79894495010376
SASRec,2008,2008-12-31,21776,5785,2,5.593375205993652
SASRec,2008,2008-12-31,21776,7347,3,5.58536434173584
SASRec,2008,2008-12-31,21776,8861,4,5.454834461212158
SASRec,2008,2008-12-31,21776,6595,5,5.4337639808654785
SASRec,2008,2008-12-31,21776,8972,6,5.428345203399658
SASRec,2008,2008-12-31,21776,8807,7,5.426413536071777
SASRec,2008,2008-12-31,21776,7163,8,5.340200901031494
SASRec,2008,2008-12-31,21776,8366,9,5.257912635803223
SASRec,2008,2008-12-31,21776,7022,10,5.255880832672119
SASRec,2008,2008-12-31,21783,46578,1,8.022808074951172
SASRec,2008,2008-12-31,21783,44191,2,7.58828592300415
SASRec,2008,2008-12-31,21783,49272,3,7.497593402862549
SASRec,2008,2008-12-31,21783,40815,4,7.384380340576172
SASRec,2008,2008-12-31,21783,46976,5,7.323060989379883
SASRec,2008,2008-12-31,21783,30749,6,7.115550994873047
SASRec,2008,2008-12-31,21783,54001,7,6.978623390197754
SASRec,2008,2008-12-31,21783,44195,8,6.934347629547119
SASRec,2008,2008-12-31,21783,33166,9,6.926845073699951
SASRec,2008,2008-12-31,21783,48780,10,6.92222785949707
SASRec,2008,2008-12-31,22097,45447,1,7.175429821014404
SASRec,2008,2008-12-31,22097,31221,2,7.005809783935547
SASRec,2008,2008-12-31,22097,34319,3,6.7658538818359375
SASRec,2008,2008-12-31,22097,43928,4,6.756056785583496
SASRec,2008,2008-12-31,22097,54001,5,6.716041088104248
SASRec,2008,2008-12-31,22097,50794,6,6.6949462890625
SASRec,2008,2008-12-31,22097,32017,7,6.686746597290039
SASRec,2008,2008-12-31,22097,44191,8,6.586832046508789
SASRec,2008,2008-12-31,22097,36519,9,6.573324680328369
SASRec,2008,2008-12-31,22097,50798,10,6.534436225891113
SASRec,2008,2008-12-31,22340,48394,1,6.359142780303955
SASRec,2008,2008-12-31,22340,48738,2,6.259598731994629
SASRec,2008,2008-12-31,22340,46578,3,6.212161064147949
SASRec,2008,2008-12-31,22340,49932,4,6.152261734008789
SASRec,2008,2008-12-31,22340,46976,5,6.082993507385254
SASRec,2008,2008-12-31,22340,39381,6,6.024628639221191
SASRec,2008,2008-12-31,22340,48780,7,5.989469528198242
SASRec,2008,2008-12-31,22340,44555,8,5.981857776641846
SASRec,2008,2008-12-31,22340,49272,9,5.939130783081055
SASRec,2008,2008-12-31,22340,44788,10,5.924500465393066
SASRec,2008,2008-12-31,22379,49272,1,8.37862777709961
SASRec,2008,2008-12-31,22379,48774,2,8.014862060546875
SASRec,2008,2008-12-31,22379,51255,3,7.86961030960083
SASRec,2008,2008-12-31,22379,46976,4,7.667644500732422
SASRec,2008,2008-12-31,22379,53972,5,7.494925022125244
SASRec,2008,2008-12-31,22379,49530,6,7.486844062805176
SASRec,2008,2008-12-31,22379,48738,7,7.345855712890625
SASRec,2008,2008-12-31,22379,54001,8,7.262243747711182
SASRec,2008,2008-12-31,22379,50068,9,7.228710174560547
SASRec,2008,2008-12-31,22379,51540,10,7.077815532684326
SASRec,2008,2008-12-31,22526,34319,1,6.683032512664795
SASRec,2008,2008-12-31,22526,8972,2,6.586503028869629
SASRec,2008,2008-12-31,22526,34048,3,6.562741756439209
SASRec,2008,2008-12-31,22526,8984,4,6.5565290451049805
SASRec,2008,2008-12-31,22526,33679,5,6.51275634765625
SASRec,2008,2008-12-31,22526,8957,6,6.380028247833252
SASRec,2008,2008-12-31,22526,33615,7,6.3661208152771
SASRec,2008,2008-12-31,22526,41569,8,6.1341552734375
SASRec,2008,2008-12-31,22526,8644,9,6.018896102905273
SASRec,2008,2008-12-31,22526,31696,10,6.003930568695068
SASRec,2008,2008-12-31,22596,296,1,9.49988079071045
SASRec,2008,2008-12-31,22596,593,2,8.691472053527832
SASRec,2008,2008-12-31,22596,50,3,8.677541732788086
SASRec,2008,2008-12-31,22596,2959,4,8.502494812011719
SASRec,2008,2008-12-31,22596,2329,5,8.463061332702637
SASRec,2008,2008-12-31,22596,2762,6,8.396636009216309
SASRec,2008,2008-12-31,22596,4993,7,8.38288402557373
SASRec,2008,2008-12-31,22596,32587,8,8.280441284179688
SASRec,2008,2008-12-31,22596,4011,9,8.27225399017334
SASRec,2008,2008-12-31,22596,44191,10,8.267717361450195
SASRec,2008,2008-12-31,22832,1136,1,6.827796459197998
SASRec,2008,2008-12-31,22832,44191,2,6.795290470123291
SASRec,2008,2008-12-31,22832,296,3,6.502627372741699
SASRec,2008,2008-12-31,22832,1387,4,6.402214050292969
SASRec,2008,2008-12-31,22832,1214,5,6.370401859283447
SASRec,2008,2008-12-31,22832,4306,6,6.3627543449401855
SASRec,2008,2008-12-31,22832,1225,7,6.314367771148682
SASRec,2008,2008-12-31,22832,46578,8,6.309788227081299
SASRec,2008,2008-12-31,22832,1080,9,6.220319747924805
SASRec,2008,2008-12-31,22832,2791,10,6.217616081237793
SASRec,2008,2008-12-31,22884,1580,1,9.370697975158691
SASRec,2008,2008-12-31,22884,231,2,9.160268783569336
SASRec,2008,2008-12-31,22884,500,3,8.860150337219238
SASRec,2008,2008-12-31,22884,586,4,8.728354454040527
SASRec,2008,2008-12-31,22884,318,5,8.584592819213867
SASRec,2008,2008-12-31,22884,736,6,8.569855690002441
SASRec,2008,2008-12-31,22884,377,7,8.552896499633789
SASRec,2008,2008-12-31,22884,380,8,8.5281982421875
SASRec,2008,2008-12-31,22884,364,9,8.51919174194336
SASRec,2008,2008-12-31,22884,3793,10,8.447421073913574
SASRec,2008,2008-12-31,23249,2478,1,6.636563301086426
SASRec,2008,2008-12-31,23249,2378,2,6.513917446136475
SASRec,2008,2008-12-31,23249,2795,3,6.394033432006836
SASRec,2008,2008-12-31,23249,2134,4,6.326070785522461
SASRec,2008,2008-12-31,23249,2794,5,6.300861835479736
SASRec,2008,2008-12-31,23249,2421,6,6.290936470031738
SASRec,2008,2008-12-31,23249,2405,7,6.265037536621094
SASRec,2008,2008-12-31,23249,2471,8,6.2312822341918945
SASRec,2008,2008-12-31,23249,2375,9,6.221415042877197
SASRec,2008,2008-12-31,23249,2918,10,6.2097554206848145
SASRec,2008,2008-12-31,23399,52328,1,6.941713333129883
SASRec,2008,2008-12-31,23399,40732,2,6.795323371887207
SASRec,2008,2008-12-31,23399,34405,3,6.747920513153076
SASRec,2008,2008-12-31,23399,48516,4,6.6190505027771
SASRec,2008,2008-12-31,23399,7099,5,6.598464488983154
SASRec,2008,2008-12-31,23399,27773,6,6.510954856872559
SASRec,2008,2008-12-31,23399,31804,7,6.3591461181640625
SASRec,2008,2008-12-31,23399,49932,8,6.320711135864258
SASRec,2008,2008-12-31,23399,45722,9,6.279284477233887
SASRec,2008,2008-12-31,23399,8874,10,6.241334915161133
SASRec,2008,2008-12-31,23499,30749,1,7.984870910644531
SASRec,2008,2008-12-31,23499,44191,2,7.830483913421631
SASRec,2008,2008-12-31,23499,32587,3,7.816450595855713
SASRec,2008,2008-12-31,23499,7361,4,7.805697917938232
SASRec,2008,2008-12-31,23499,46976,5,7.5400471687316895
SASRec,2008,2008-12-31,23499,8949,6,7.472362995147705
SASRec,2008,2008-12-31,23499,6016,7,7.35882043838501
SASRec,2008,2008-12-31,23499,33794,8,7.340988636016846
SASRec,2008,2008-12-31,23499,44195,9,7.305864334106445
SASRec,2008,2008-12-31,23499,8784,10,7.196381568908691
SASRec,2008,2008-12-31,23582,37741,1,7.058834552764893
SASRec,2008,2008-12-31,23582,44195,2,7.0095744132995605
SASRec,2008,2008-12-31,23582,46976,3,6.873350143432617
SASRec,2008,2008-12-31,23582,39183,4,6.8327107429504395
SASRec,2008,2008-12-31,23582,44199,5,6.779984951019287
SASRec,2008,2008-12-31,23582,33166,6,6.747744560241699
SASRec,2008,2008-12-31,23582,30749,7,6.633843421936035
SASRec,2008,2008-12-31,23582,41285,8,6.630932807922363
SASRec,2008,2008-12-31,23582,45447,9,6.507055282592773
SASRec,2008,2008-12-31,23582,41997,10,6.492929458618164
SASRec,2008,2008-12-31,23636,39414,1,6.3106303215026855
SASRec,2008,2008-12-31,23636,40629,2,6.071900367736816
SASRec,2008,2008-12-31,23636,33669,3,5.947329044342041
SASRec,2008,2008-12-31,23636,30898,4,5.891164779663086
SASRec,2008,2008-12-31,23636,8966,5,5.840001106262207
SASRec,2008,2008-12-31,23636,42015,6,5.803798198699951
SASRec,2008,2008-12-31,23636,38886,7,5.7691144943237305
SASRec,2008,2008-12-31,23636,42018,8,5.7484235763549805
SASRec,2008,2008-12-31,23636,32598,9,5.7370829582214355
SASRec,2008,2008-12-31,23636,39231,10,5.736992359161377
SASRec,2008,2008-12-31,23730,3793,1,7.651695251464844
SASRec,2008,2008-12-31,23730,589,2,7.532486438751221
SASRec,2008,2008-12-31,23730,2288,3,7.323627948760986
SASRec,2008,2008-12-31,23730,1274,4,7.299094200134277
SASRec,2008,2008-12-31,23730,480,5,7.0640339851379395
SASRec,2008,2008-12-31,23730,2640,6,7.032532691955566
SASRec,2008,2008-12-31,23730,741,7,7.015691757202148
SASRec,2008,2008-12-31,23730,2529,8,6.966954231262207
SASRec,2008,2008-12-31,23730,592,9,6.966609477996826
SASRec,2008,2008-12-31,23730,32,10,6.958429336547852
SASRec,2008,2008-12-31,23918,44191,1,8.905118942260742
SASRec,2008,2008-12-31,23918,54286,2,8.469794273376465
SASRec,2008,2008-12-31,23918,48516,3,8.258251190185547
SASRec,2008,2008-12-31,23918,48385,4,8.240527153015137
SASRec,2008,2008-12-31,23918,48780,5,8.133861541748047
SASRec,2008,2008-12-31,23918,53972,6,8.010223388671875
SASRec,2008,2008-12-31,23918,51255,7,7.961870193481445
SASRec,2008,2008-12-31,23918,54001,8,7.874320983886719
SASRec,2008,2008-12-31,23918,48394,9,7.766504287719727
SASRec,2008,2008-12-31,23918,40815,10,7.700528621673584
SASRec,2008,2008-12-31,24055,318,1,10.766759872436523
SASRec,2008,2008-12-31,24055,296,2,10.629034042358398
SASRec,2008,2008-12-31,24055,593,3,10.492308616638184
SASRec,2008,2008-12-31,24055,1,4,10.384185791015625
SASRec,2008,2008-12-31,24055,32,5,10.083297729492188
SASRec,2008,2008-12-31,24055,50,6,10.068098068237305
SASRec,2008,2008-12-31,24055,480,7,9.87935733795166
SASRec,2008,2008-12-31,24055,47,8,9.807703971862793
SASRec,2008,2008-12-31,24055,457,9,9.643462181091309
SASRec,2008,2008-12-31,24055,364,10,9.495360374450684
SASRec,2008,2008-12-31,24670,50685,1,7.394824504852295
SASRec,2008,2008-12-31,24670,47950,2,7.138680934906006
SASRec,2008,2008-12-31,24670,52375,3,6.982712745666504
SASRec,2008,2008-12-31,24670,25850,4,6.863243103027344
SASRec,2008,2008-12-31,24670,26111,5,6.7188215255737305
SASRec,2008,2008-12-31,24670,26163,6,6.641286849975586
SASRec,2008,2008-12-31,24670,47629,7,6.572588920593262
SASRec,2008,2008-12-31,24670,26078,8,6.557607173919678
SASRec,2008,2008-12-31,24670,50064,9,6.510039806365967
SASRec,2008,2008-12-31,24670,26148,10,6.4979143142700195
SASRec,2008,2008-12-31,24812,32,1,8.645601272583008
SASRec,2008,2008-12-31,24812,2571,2,8.44487190246582
SASRec,2008,2008-12-31,24812,6377,3,8.313197135925293
SASRec,2008,2008-12-31,24812,4306,4,8.215725898742676
SASRec,2008,2008-12-31,24812,5669,5,8.172386169433594
SASRec,2008,2008-12-31,24812,4993,6,8.135334968566895
SASRec,2008,2008-12-31,24812,6539,7,8.127962112426758
SASRec,2008,2008-12-31,24812,589,8,8.032114028930664
SASRec,2008,2008-12-31,24812,1,9,8.00778865814209
SASRec,2008,2008-12-31,24812,2716,10,7.938241481781006
SASRec,2008,2008-12-31,24826,3996,1,5.243790626525879
SASRec,2008,2008-12-31,24826,432,2,5.204671382904053
SASRec,2008,2008-12-31,24826,4306,3,5.0810065269470215
SASRec,2008,2008-12-31,24826,4034,4,5.074865341186523
SASRec,2008,2008-12-31,24826,266,5,4.934316158294678
SASRec,2008,2008-12-31,24826,3977,6,4.8326921463012695
SASRec,2008,2008-12-31,24826,4993,7,4.823771953582764
SASRec,2008,2008-12-31,24826,420,8,4.7781524658203125
SASRec,2008,2008-12-31,24826,4022,9,4.6890997886657715
SASRec,2008,2008-12-31,24826,3948,10,4.621661186218262
SASRec,2008,2008-12-31,24830,46578,1,8.193033218383789
SASRec,2008,2008-12-31,24830,46976,2,7.89680290222168
SASRec,2008,2008-12-31,24830,54286,3,7.809175968170166
SASRec,2008,2008-12-31,24830,48516,4,7.475181579589844
SASRec,2008,2008-12-31,24830,50068,5,7.415438175201416
SASRec,2008,2008-12-31,24830,48774,6,7.395540237426758
SASRec,2008,2008-12-31,24830,48780,7,7.358858585357666
SASRec,2008,2008-12-31,24830,54272,8,7.348557472229004
SASRec,2008,2008-12-31,24830,52722,9,7.3480730056762695
SASRec,2008,2008-12-31,24830,49530,10,7.319862365722656
SASRec,2008,2008-12-31,24850,2617,1,8.60952091217041
SASRec,2008,2008-12-31,24850,370,2,8.585042953491211
SASRec,2008,2008-12-31,24850,2502,3,8.414226531982422
SASRec,2008,2008-12-31,24850,2353,4,8.290907859802246
SASRec,2008,2008-12-31,24850,5445,5,8.275960922241211
SASRec,2008,2008-12-31,24850,543,6,8.152034759521484
SASRec,2008,2008-12-31,24850,466,7,8.150680541992188
SASRec,2008,2008-12-31,24850,186,8,8.113134384155273
SASRec,2008,2008-12-31,24850,158,9,8.082908630371094
SASRec,2008,2008-12-31,24850,168,10,8.075677871704102
SASRec,2008,2008-12-31,25266,2107,1,6.950168132781982
SASRec,2008,2008-12-31,25266,4388,2,6.742618560791016
SASRec,2008,2008-12-31,25266,43928,3,6.432381629943848
SASRec,2008,2008-12-31,25266,48877,4,6.300797462463379
SASRec,2008,2008-12-31,25266,2456,5,6.109170436859131
SASRec,2008,2008-12-31,25266,1975,6,6.057645797729492
SASRec,2008,2008-12-31,25266,6615,7,6.033788681030273
SASRec,2008,2008-12-31,25266,44022,8,5.90958833694458
SASRec,2008,2008-12-31,25266,1977,9,5.888745307922363
SASRec,2008,2008-12-31,25266,2380,10,5.833020210266113
SASRec,2008,2008-12-31,25283,7022,1,5.257704734802246
SASRec,2008,2008-12-31,25283,27773,2,4.947385311126709
SASRec,2008,2008-12-31,25283,2951,3,4.885015487670898
SASRec,2008,2008-12-31,25283,3000,4,4.780501842498779
SASRec,2008,2008-12-31,25283,3030,5,4.741140842437744
SASRec,2008,2008-12-31,25283,7981,6,4.634597301483154
SASRec,2008,2008-12-31,25283,7099,7,4.63031530380249
SASRec,2008,2008-12-31,25283,3681,8,4.6093316078186035
SASRec,2008,2008-12-31,25283,8810,9,4.590324401855469
SASRec,2008,2008-12-31,25283,296,10,4.557697296142578
SASRec,2008,2008-12-31,25779,38886,1,5.368574142456055
SASRec,2008,2008-12-31,25779,41285,2,5.273823261260986
SASRec,2008,2008-12-31,25779,6016,3,5.268503665924072
SASRec,2008,2008-12-31,25779,33166,4,5.199392318725586
SASRec,2008,2008-12-31,25779,37741,5,5.182672500610352
SASRec,2008,2008-12-31,25779,7361,6,5.149164199829102
SASRec,2008,2008-12-31,25779,8949,7,5.114862442016602
SASRec,2008,2008-12-31,25779,30749,8,5.093129634857178
SASRec,2008,2008-12-31,25779,36535,9,5.088581085205078
SASRec,2008,2008-12-31,25779,32587,10,4.968091011047363
SASRec,2008,2008-12-31,25944,1608,1,5.261122226715088
SASRec,2008,2008-12-31,25944,2617,2,4.9012556076049805
SASRec,2008,2008-12-31,25944,1909,3,4.7155046463012695
SASRec,2008,2008-12-31,25944,36519,4,4.701207637786865
SASRec,2008,2008-12-31,25944,1597,5,4.670286178588867
SASRec,2008,2008-12-31,25944,1722,6,4.616609573364258
SASRec,2008,2008-12-31,25944,3977,7,4.505664348602295
SASRec,2008,2008-12-31,25944,1544,8,4.493400573730469
SASRec,2008,2008-12-31,25944,35957,9,4.453913688659668
SASRec,2008,2008-12-31,25944,2167,10,4.452280044555664
SASRec,2008,2008-12-31,26563,34405,1,6.446967124938965
SASRec,2008,2008-12-31,26563,48385,2,6.1168951988220215
SASRec,2008,2008-12-31,26563,45431,3,6.008438587188721
SASRec,2008,2008-12-31,26563,46976,4,5.971275329589844
SASRec,2008,2008-12-31,26563,44022,5,5.93876314163208
SASRec,2008,2008-12-31,26563,33615,6,5.898120880126953
SASRec,2008,2008-12-31,26563,54272,7,5.870921611785889
SASRec,2008,2008-12-31,26563,33004,8,5.865678310394287
SASRec,2008,2008-12-31,26563,48516,9,5.839838981628418
SASRec,2008,2008-12-31,26563,48780,10,5.822350978851318
SASRec,2008,2008-12-31,26576,1485,1,7.773548603057861
SASRec,2008,2008-12-31,26576,2081,2,7.706151008605957
SASRec,2008,2008-12-31,26576,1088,3,7.4417924880981445
SASRec,2008,2008-12-31,26576,2006,4,7.236308574676514
SASRec,2008,2008-12-31,26576,1722,5,7.160055637359619
SASRec,2008,2008-12-31,26576,1552,6,7.093422889709473
SASRec,2008,2008-12-31,26576,2001,7,7.092866897583008
SASRec,2008,2008-12-31,26576,543,8,7.080381393432617
SASRec,2008,2008-12-31,26576,1639,9,7.074822425842285
SASRec,2008,2008-12-31,26576,2502,10,7.073674201965332
SASRec,2008,2008-12-31,26661,52722,1,7.785102367401123
SASRec,2008,2008-12-31,26661,54286,2,7.781672477722168
SASRec,2008,2008-12-31,26661,44191,3,7.579442024230957
SASRec,2008,2008-12-31,26661,53972,4,7.576839923858643
SASRec,2008,2008-12-31,26661,54001,5,7.50390625
SASRec,2008,2008-12-31,26661,50068,6,7.327741622924805
SASRec,2008,2008-12-31,26661,51540,7,7.187489986419678
SASRec,2008,2008-12-31,26661,53125,8,7.1174516677856445
SASRec,2008,2008-12-31,26661,50794,9,7.074886798858643
SASRec,2008,2008-12-31,26661,52245,10,7.014853477478027
SASRec,2008,2008-12-31,26865,54286,1,7.512007236480713
SASRec,2008,2008-12-31,26865,48774,2,7.4386138916015625
SASRec,2008,2008-12-31,26865,49272,3,7.3389081954956055
SASRec,2008,2008-12-31,26865,48394,4,7.264763832092285
SASRec,2008,2008-12-31,26865,50068,5,7.217883586883545
SASRec,2008,2008-12-31,26865,48738,6,7.1988959312438965
SASRec,2008,2008-12-31,26865,51255,7,7.151507377624512
SASRec,2008,2008-12-31,26865,48780,8,7.1431803703308105
SASRec,2008,2008-12-31,26865,54272,9,7.031257629394531
SASRec,2008,2008-12-31,26865,46976,10,7.012916088104248
SASRec,2008,2008-12-31,27046,54001,1,7.511406898498535
SASRec,2008,2008-12-31,27046,54286,2,7.314516067504883
SASRec,2008,2008-12-31,27046,54272,3,7.195590496063232
SASRec,2008,2008-12-31,27046,49286,4,7.194430351257324
SASRec,2008,2008-12-31,27046,49530,5,7.122155666351318
SASRec,2008,2008-12-31,27046,50068,6,7.120194911956787
SASRec,2008,2008-12-31,27046,48780,7,7.113110065460205
SASRec,2008,2008-12-31,27046,45668,8,7.106034278869629
SASRec,2008,2008-12-31,27046,48696,9,7.0920820236206055
SASRec,2008,2008-12-31,27046,48516,10,7.074862480163574
SASRec,2008,2008-12-31,27567,52328,1,8.063631057739258
SASRec,2008,2008-12-31,27567,52722,2,7.975846767425537
SASRec,2008,2008-12-31,27567,54272,3,7.847933769226074
SASRec,2008,2008-12-31,27567,50794,4,7.722994327545166
SASRec,2008,2008-12-31,27567,54001,5,7.710641860961914
SASRec,2008,2008-12-31,27567,54286,6,7.698105812072754
SASRec,2008,2008-12-31,27567,52245,7,7.6819257736206055
SASRec,2008,2008-12-31,27567,51077,8,7.60250186920166
SASRec,2008,2008-12-31,27567,51255,9,7.591126918792725
SASRec,2008,2008-12-31,27567,53322,10,7.550297737121582
SASRec,2008,2008-12-31,27729,2641,1,3.8457183837890625
SASRec,2008,2008-12-31,27729,2378,2,3.810049533843994
SASRec,2008,2008-12-31,27729,2478,3,3.756021022796631
SASRec,2008,2008-12-31,27729,2411,4,3.755553722381592
SASRec,2008,2008-12-31,27729,2513,5,3.611604928970337
SASRec,2008,2008-12-31,27729,2410,6,3.5948803424835205
SASRec,2008,2008-12-31,27729,2367,7,3.5883820056915283
SASRec,2008,2008-12-31,27729,2420,8,3.5254409313201904
SASRec,2008,2008-12-31,27729,2003,9,3.5019021034240723
SASRec,2008,2008-12-31,27729,1350,10,3.4614388942718506
SASRec,2008,2008-12-31,27777,39414,1,6.981358528137207
SASRec,2008,2008-12-31,27777,32598,2,6.533876895904541
SASRec,2008,2008-12-31,27777,30898,3,6.492887496948242
SASRec,2008,2008-12-31,27777,42007,4,6.4083685874938965
SASRec,2008,2008-12-31,27777,39231,5,6.389341831207275
SASRec,2008,2008-12-31,27777,42015,6,6.351890563964844
SASRec,2008,2008-12-31,27777,8916,7,6.334522724151611
SASRec,2008,2008-12-31,27777,33836,8,6.225826263427734
SASRec,2008,2008-12-31,27777,45668,9,6.202972888946533
SASRec,2008,2008-12-31,27777,27808,10,6.092221736907959
SASRec,2008,2008-12-31,28283,46578,1,8.422218322753906
SASRec,2008,2008-12-31,28283,49272,2,8.201706886291504
SASRec,2008,2008-12-31,28283,296,3,7.623965740203857
SASRec,2008,2008-12-31,28283,858,4,7.400216102600098
SASRec,2008,2008-12-31,28283,54001,5,7.391875267028809
SASRec,2008,2008-12-31,28283,33794,6,7.349661827087402
SASRec,2008,2008-12-31,28283,40815,7,7.207181930541992
SASRec,2008,2008-12-31,28283,44195,8,7.118014812469482
SASRec,2008,2008-12-31,28283,50,9,7.028970241546631
SASRec,2008,2008-12-31,28283,593,10,7.0232319831848145
SASRec,2008,2008-12-31,28284,51077,1,4.258188247680664
SASRec,2008,2008-12-31,28284,45726,2,4.007819175720215
SASRec,2008,2008-12-31,28284,46970,3,3.7976808547973633
SASRec,2008,2008-12-31,28284,45720,4,3.7846851348876953
SASRec,2008,2008-12-31,28284,27020,5,3.7518866062164307
SASRec,2008,2008-12-31,28284,54272,6,3.733926296234131
SASRec,2008,2008-12-31,28284,49286,7,3.671285629272461
SASRec,2008,2008-12-31,28284,31221,8,3.6618475914001465
SASRec,2008,2008-12-31,28284,7930,9,3.6598122119903564
SASRec,2008,2008-12-31,28284,45447,10,3.6410927772521973
SASRec,2008,2008-12-31,28547,6707,1,7.369336128234863
SASRec,2008,2008-12-31,28547,6615,2,7.367087364196777
SASRec,2008,2008-12-31,28547,8967,3,7.186473846435547
SASRec,2008,2008-12-31,28547,31431,4,7.01776123046875
SASRec,2008,2008-12-31,28547,5323,5,6.825944900512695
SASRec,2008,2008-12-31,28547,39400,6,6.709611415863037
SASRec,2008,2008-12-31,28547,32011,7,6.647830963134766
SASRec,2008,2008-12-31,28547,6379,8,6.646690368652344
SASRec,2008,2008-12-31,28547,33164,9,6.60197639465332
SASRec,2008,2008-12-31,28547,5556,10,6.500839710235596
SASRec,2008,2008-12-31,28604,54286,1,8.091989517211914
SASRec,2008,2008-12-31,28604,54272,2,8.067301750183105
SASRec,2008,2008-12-31,28604,53972,3,7.927281856536865
SASRec,2008,2008-12-31,28604,44191,4,7.8803205490112305
SASRec,2008,2008-12-31,28604,51255,5,7.834448337554932
SASRec,2008,2008-12-31,28604,52722,6,7.780480861663818
SASRec,2008,2008-12-31,28604,48516,7,7.6531548500061035
SASRec,2008,2008-12-31,28604,52328,8,7.648683547973633
SASRec,2008,2008-12-31,28604,53125,9,7.603309631347656
SASRec,2008,2008-12-31,28604,48774,10,7.5702738761901855
SASRec,2008,2008-12-31,29283,32,1,9.916038513183594
SASRec,2008,2008-12-31,29283,858,2,9.55186939239502
SASRec,2008,2008-12-31,29283,231,3,9.29661750793457
SASRec,2008,2008-12-31,29283,527,4,9.278459548950195
SASRec,2008,2008-12-31,29283,434,5,9.216649055480957
SASRec,2008,2008-12-31,29283,364,6,9.161788940429688
SASRec,2008,2008-12-31,29283,1196,7,9.151142120361328
SASRec,2008,2008-12-31,29283,153,8,9.146482467651367
SASRec,2008,2008-12-31,29283,608,9,9.141973495483398
SASRec,2008,2008-12-31,29283,380,10,9.065320014953613
SASRec,2008,2008-12-31,29605,46578,1,8.352945327758789
SASRec,2008,2008-12-31,29605,46976,2,7.787267208099365
SASRec,2008,2008-12-31,29605,54286,3,7.510534763336182
SASRec,2008,2008-12-31,29605,54001,4,7.5007781982421875
SASRec,2008,2008-12-31,29605,48780,5,7.343113899230957
SASRec,2008,2008-12-31,29605,44191,6,7.257350921630859
SASRec,2008,2008-12-31,29605,48516,7,7.23036003112793
SASRec,2008,2008-12-31,29605,48385,8,7.114546298980713
SASRec,2008,2008-12-31,29605,48394,9,7.073841094970703
SASRec,2008,2008-12-31,29605,50872,10,7.028862953186035
SASRec,2008,2008-12-31,30157,49272,1,7.0018229484558105
SASRec,2008,2008-12-31,30157,46976,2,6.960392475128174
SASRec,2008,2008-12-31,30157,48774,3,6.648019313812256
SASRec,2008,2008-12-31,30157,50068,4,6.3600969314575195
SASRec,2008,2008-12-31,30157,48738,5,6.356253147125244
SASRec,2008,2008-12-31,30157,49822,6,6.290095806121826
SASRec,2008,2008-12-31,30157,47629,7,6.2790303230285645
SASRec,2008,2008-12-31,30157,41569,8,6.277164459228516
SASRec,2008,2008-12-31,30157,44195,9,6.2212724685668945
SASRec,2008,2008-12-31,30157,54286,10,6.19426155090332
SASRec,2008,2008-12-31,30250,8961,1,6.7452778816223145
SASRec,2008,2008-12-31,30250,6378,2,6.689305782318115
SASRec,2008,2008-12-31,30250,8983,3,6.622827529907227
SASRec,2008,2008-12-31,30250,8368,4,6.468303203582764
SASRec,2008,2008-12-31,30250,5816,5,6.396727561950684
SASRec,2008,2008-12-31,30250,34405,6,6.374244689941406
SASRec,2008,2008-12-31,30250,30812,7,6.372724533081055
SASRec,2008,2008-12-31,30250,8665,8,6.359809875488281
SASRec,2008,2008-12-31,30250,8970,9,6.35661506652832
SASRec,2008,2008-12-31,30250,7147,10,6.344168186187744
SASRec,2008,2008-12-31,30684,46578,1,7.2951202392578125
SASRec,2008,2008-12-31,30684,30749,2,7.138706684112549
SASRec,2008,2008-12-31,30684,27773,3,6.995992660522461
SASRec,2008,2008-12-31,30684,48774,4,6.757250785827637
SASRec,2008,2008-12-31,30684,48780,5,6.69727897644043
SASRec,2008,2008-12-31,30684,46976,6,6.6781110763549805
SASRec,2008,2008-12-31,30684,33166,7,6.542642593383789
SASRec,2008,2008-12-31,30684,44195,8,6.53648567199707
SASRec,2008,2008-12-31,30684,48516,9,6.513166904449463
SASRec,2008,2008-12-31,30684,38061,10,6.508893013000488
SASRec,2008,2008-12-31,30786,8831,1,4.856533527374268
SASRec,2008,2008-12-31,30786,36519,2,4.815125465393066
SASRec,2008,2008-12-31,30786,5531,3,4.6359357833862305
SASRec,2008,2008-12-31,30786,39427,4,4.464653015136719
SASRec,2008,2008-12-31,30786,42418,5,4.3649468421936035
SASRec,2008,2008-12-31,30786,43906,6,4.265316963195801
SASRec,2008,2008-12-31,30786,45726,7,4.201987266540527
SASRec,2008,2008-12-31,30786,44864,8,4.197186470031738
SASRec,2008,2008-12-31,30786,33815,9,4.193297386169434
SASRec,2008,2008-12-31,30786,47465,10,4.181368827819824
SASRec,2008,2008-12-31,30944,1196,1,9.289106369018555
SASRec,2008,2008-12-31,30944,1240,2,8.941683769226074
SASRec,2008,2008-12-31,30944,1200,3,8.89078140258789
SASRec,2008,2008-12-31,30944,110,4,8.800191879272461
SASRec,2008,2008-12-31,30944,3578,5,8.794193267822266
SASRec,2008,2008-12-31,30944,2762,6,8.764425277709961
SASRec,2008,2008-12-31,30944,44191,7,8.661368370056152
SASRec,2008,2008-12-31,30944,4993,8,8.624643325805664
SASRec,2008,2008-12-31,30944,457,9,8.617806434631348
SASRec,2008,2008-12-31,30944,1270,10,8.555585861206055
SASRec,2008,2008-12-31,31630,7022,1,8.032299995422363
SASRec,2008,2008-12-31,31630,6502,2,7.71597957611084
SASRec,2008,2008-12-31,31630,6242,3,7.23931884765625
SASRec,2008,2008-12-31,31630,6016,4,7.204644680023193
SASRec,2008,2008-12-31,31630,5669,5,7.202863693237305
SASRec,2008,2008-12-31,31630,8636,6,7.189697265625
SASRec,2008,2008-12-31,31630,7438,7,7.184039115905762
SASRec,2008,2008-12-31,31630,5618,8,7.150333404541016
SASRec,2008,2008-12-31,31630,6711,9,7.076002597808838
SASRec,2008,2008-12-31,31630,6773,10,7.065820217132568
SASRec,2008,2008-12-31,32181,5669,1,6.361461639404297
SASRec,2008,2008-12-31,32181,4878,2,6.349371433258057
SASRec,2008,2008-12-31,32181,6016,3,6.224818229675293
SASRec,2008,2008-12-31,32181,356,4,6.187919616699219
SASRec,2008,2008-12-31,32181,2502,5,6.149575710296631
SASRec,2008,2008-12-31,32181,3481,6,6.135793209075928
SASRec,2008,2008-12-31,32181,2997,7,6.1065239906311035
SASRec,2008,2008-12-31,32181,6711,8,6.047013282775879
SASRec,2008,2008-12-31,32181,2395,9,6.041056156158447
SASRec,2008,2008-12-31,32181,4027,10,5.987897872924805
SASRec,2008,2008-12-31,32342,53972,1,7.683884620666504
SASRec,2008,2008-12-31,32342,53125,2,7.281742572784424
SASRec,2008,2008-12-31,32342,52722,3,7.224274635314941
SASRec,2008,2008-12-31,32342,54286,4,7.149813175201416
SASRec,2008,2008-12-31,32342,53322,5,7.049457550048828
SASRec,2008,2008-12-31,32342,50794,6,6.919864177703857
SASRec,2008,2008-12-31,32342,46578,7,6.905052661895752
SASRec,2008,2008-12-31,32342,51255,8,6.819480895996094
SASRec,2008,2008-12-31,32342,52644,9,6.819002628326416
SASRec,2008,2008-12-31,32342,48774,10,6.817580223083496
SASRec,2008,2008-12-31,32457,49272,1,8.121665954589844
SASRec,2008,2008-12-31,32457,48780,2,7.888232231140137
SASRec,2008,2008-12-31,32457,54286,3,7.495091438293457
SASRec,2008,2008-12-31,32457,54272,4,7.336883068084717
SASRec,2008,2008-12-31,32457,40815,5,7.310295104980469
SASRec,2008,2008-12-31,32457,51255,6,7.290707588195801
SASRec,2008,2008-12-31,32457,54001,7,7.235889434814453
SASRec,2008,2008-12-31,32457,45722,8,7.02919864654541
SASRec,2008,2008-12-31,32457,52722,9,6.926797866821289
SASRec,2008,2008-12-31,32457,51662,10,6.926458835601807
SASRec,2008,2008-12-31,32466,26148,1,6.525487899780273
SASRec,2008,2008-12-31,32466,25850,2,6.427348613739014
SASRec,2008,2008-12-31,32466,32179,3,6.414970397949219
SASRec,2008,2008-12-31,32466,4426,4,6.4098381996154785
SASRec,2008,2008-12-31,32466,26350,5,6.326996326446533
SASRec,2008,2008-12-31,32466,31522,6,6.317204475402832
SASRec,2008,2008-12-31,32466,25954,7,6.283298015594482
SASRec,2008,2008-12-31,32466,8751,8,6.280426025390625
SASRec,2008,2008-12-31,32466,51678,9,6.2041707038879395
SASRec,2008,2008-12-31,32466,6023,10,6.150339603424072
SASRec,2008,2008-12-31,32595,46578,1,9.106913566589355
SASRec,2008,2008-12-31,32595,49272,2,8.711259841918945
SASRec,2008,2008-12-31,32595,48516,3,8.4697847366333
SASRec,2008,2008-12-31,32595,48780,4,8.430137634277344
SASRec,2008,2008-12-31,32595,46976,5,8.344888687133789
SASRec,2008,2008-12-31,32595,51255,6,8.02266788482666
SASRec,2008,2008-12-31,32595,48394,7,7.966681480407715
SASRec,2008,2008-12-31,32595,49530,8,7.738381385803223
SASRec,2008,2008-12-31,32595,48774,9,7.732987880706787
SASRec,2008,2008-12-31,32595,50068,10,7.703586578369141
SASRec,2008,2008-12-31,32605,2121,1,5.479165077209473
SASRec,2008,2008-12-31,32605,3243,2,5.253493785858154
SASRec,2008,2008-12-31,32605,2387,3,4.938314914703369
SASRec,2008,2008-12-31,32605,3272,4,4.886608600616455
SASRec,2008,2008-12-31,32605,2320,5,4.884876728057861
SASRec,2008,2008-12-31,32605,1752,6,4.851234436035156
SASRec,2008,2008-12-31,32605,3249,7,4.68353796005249
SASRec,2008,2008-12-31,32605,2505,8,4.673861026763916
SASRec,2008,2008-12-31,32605,3707,9,4.6523118019104
SASRec,2008,2008-12-31,32605,3316,10,4.629120826721191
SASRec,2008,2008-12-31,32735,8970,1,7.305991172790527
SASRec,2008,2008-12-31,32735,30812,2,6.935458183288574
SASRec,2008,2008-12-31,32735,8533,3,6.827437877655029
SASRec,2008,2008-12-31,32735,8949,4,6.728219985961914
SASRec,2008,2008-12-31,32735,8958,5,6.714946746826172
SASRec,2008,2008-12-31,32735,8966,6,6.625675678253174
SASRec,2008,2008-12-31,32735,40819,7,6.5818681716918945
SASRec,2008,2008-12-31,32735,7139,8,6.575100898742676
SASRec,2008,2008-12-31,32735,41566,9,6.5328497886657715
SASRec,2008,2008-12-31,32735,31694,10,6.523054599761963
SASRec,2008,2008-12-31,32955,54272,1,8.191222190856934
SASRec,2008,2008-12-31,32955,46578,2,8.08818531036377
SASRec,2008,2008-12-31,32955,48394,3,7.912240028381348
SASRec,2008,2008-12-31,32955,50068,4,7.844573497772217
SASRec,2008,2008-12-31,32955,46976,5,7.7952470779418945
SASRec,2008,2008-12-31,32955,50872,6,7.609421730041504
SASRec,2008,2008-12-31,32955,52245,7,7.603802680969238
SASRec,2008,2008-12-31,32955,48738,8,7.602574348449707
SASRec,2008,2008-12-31,32955,44191,9,7.5045366287231445
SASRec,2008,2008-12-31,32955,55765,10,7.475553512573242
SASRec,2008,2008-12-31,32974,50685,1,5.808338642120361
SASRec,2008,2008-12-31,32974,33819,2,5.488437652587891
SASRec,2008,2008-12-31,32974,42018,3,5.277085781097412
SASRec,2008,2008-12-31,32974,38886,4,5.244997978210449
SASRec,2008,2008-12-31,32974,47629,5,5.226500511169434
SASRec,2008,2008-12-31,32974,48696,6,5.192995548248291
SASRec,2008,2008-12-31,32974,46850,7,5.154356002807617
SASRec,2008,2008-12-31,32974,46578,8,5.145120143890381
SASRec,2008,2008-12-31,32974,43684,9,5.09670352935791
SASRec,2008,2008-12-31,32974,47950,10,5.035958766937256
SASRec,2008,2008-12-31,33011,45447,1,7.50247859954834
SASRec,2008,2008-12-31,33011,3623,2,7.0349016189575195
SASRec,2008,2008-12-31,33011,4975,3,6.533179759979248
SASRec,2008,2008-12-31,33011,3578,4,6.462587833404541
SASRec,2008,2008-12-31,33011,3752,5,6.455029487609863
SASRec,2008,2008-12-31,33011,4718,6,6.441225051879883
SASRec,2008,2008-12-31,33011,46578,7,6.402457237243652
SASRec,2008,2008-12-31,33011,3994,8,6.331996440887451
SASRec,2008,2008-12-31,33011,4310,9,6.296504020690918
SASRec,2008,2008-12-31,33011,54001,10,6.1825079917907715
SASRec,2008,2008-12-31,33355,50685,1,6.6105146408081055
SASRec,2008,2008-12-31,33355,46976,2,6.471875190734863
SASRec,2008,2008-12-31,33355,52375,3,6.379067897796631
SASRec,2008,2008-12-31,33355,49961,4,6.11248779296875
SASRec,2008,2008-12-31,33355,47629,5,6.077297210693359
SASRec,2008,2008-12-31,33355,44788,6,5.996767044067383
SASRec,2008,2008-12-31,33355,38886,7,5.9490485191345215
SASRec,2008,2008-12-31,33355,45880,8,5.868224143981934
SASRec,2008,2008-12-31,33355,49824,9,5.832820892333984
SASRec,2008,2008-12-31,33355,47423,10,5.7914323806762695
SASRec,2008,2008-12-31,33432,49272,1,7.114226818084717
SASRec,2008,2008-12-31,33432,48385,2,6.975710868835449
SASRec,2008,2008-12-31,33432,48780,3,6.937384128570557
SASRec,2008,2008-12-31,33432,54272,4,6.895605564117432
SASRec,2008,2008-12-31,33432,54001,5,6.641262531280518
SASRec,2008,2008-12-31,33432,54286,6,6.580047607421875
SASRec,2008,2008-12-31,33432,47610,7,6.559200763702393
SASRec,2008,2008-12-31,33432,48082,8,6.557048797607422
SASRec,2008,2008-12-31,33432,44761,9,6.472869873046875
SASRec,2008,2008-12-31,33432,41569,10,6.466220378875732
SASRec,2008,2008-12-31,33720,30822,1,6.601820945739746
SASRec,2008,2008-12-31,33720,8970,2,6.525676250457764
SASRec,2008,2008-12-31,33720,7451,3,6.4683942794799805
SASRec,2008,2008-12-31,33720,8366,4,6.385554790496826
SASRec,2008,2008-12-31,33720,8981,5,6.357220649719238
SASRec,2008,2008-12-31,33720,32598,6,6.2178635597229
SASRec,2008,2008-12-31,33720,8833,7,6.179197311401367
SASRec,2008,2008-12-31,33720,8533,8,6.103028297424316
SASRec,2008,2008-12-31,33720,8966,9,6.065993309020996
SASRec,2008,2008-12-31,33720,8373,10,6.061601638793945
SASRec,2008,2008-12-31,33721,5669,1,6.454955101013184
SASRec,2008,2008-12-31,33721,29,2,6.112355709075928
SASRec,2008,2008-12-31,33721,1274,3,6.101476669311523
SASRec,2008,2008-12-31,33721,6377,4,6.082840919494629
SASRec,2008,2008-12-31,33721,8636,5,6.000126838684082
SASRec,2008,2008-12-31,33721,5445,6,5.964120864868164
SASRec,2008,2008-12-31,33721,2542,7,5.961154460906982
SASRec,2008,2008-12-31,33721,5902,8,5.931418418884277
SASRec,2008,2008-12-31,33721,6539,9,5.9082441329956055
SASRec,2008,2008-12-31,33721,4011,10,5.877979755401611
SASRec,2008,2008-12-31,33941,3578,1,8.04985523223877
SASRec,2008,2008-12-31,33941,4963,2,8.02981185913086
SASRec,2008,2008-12-31,33941,5218,3,7.8037238121032715
SASRec,2008,2008-12-31,33941,4995,4,7.724533557891846
SASRec,2008,2008-12-31,33941,3948,5,7.714015483856201
SASRec,2008,2008-12-31,33941,44191,6,7.482176780700684
SASRec,2008,2008-12-31,33941,5816,7,7.435424327850342
SASRec,2008,2008-12-31,33941,5378,8,7.424234867095947
SASRec,2008,2008-12-31,33941,6378,9,7.4099812507629395
SASRec,2008,2008-12-31,33941,4886,10,7.394494533538818
SASRec,2008,2008-12-31,34369,54001,1,8.254261016845703
SASRec,2008,2008-12-31,34369,49272,2,8.179985046386719
SASRec,2008,2008-12-31,34369,51255,3,8.049503326416016
SASRec,2008,2008-12-31,34369,48780,4,7.757228851318359
SASRec,2008,2008-12-31,34369,46976,5,7.69190788269043
SASRec,2008,2008-12-31,34369,53125,6,7.675013065338135
SASRec,2008,2008-12-31,34369,52328,7,7.670036315917969
SASRec,2008,2008-12-31,34369,49530,8,7.668347358703613
SASRec,2008,2008-12-31,34369,48774,9,7.657614231109619
SASRec,2008,2008-12-31,34369,53322,10,7.522679805755615
SASRec,2008,2008-12-31,34640,46976,1,5.3981852531433105
SASRec,2008,2008-12-31,34640,48696,2,5.312834739685059
SASRec,2008,2008-12-31,34640,36517,3,5.2585344314575195
SASRec,2008,2008-12-31,34640,45950,4,5.179081439971924
SASRec,2008,2008-12-31,34640,6023,5,5.129815101623535
SASRec,2008,2008-12-31,34640,46850,6,5.0540852546691895
SASRec,2008,2008-12-31,34640,45210,7,4.927760601043701
SASRec,2008,2008-12-31,34640,36276,8,4.921004295349121
SASRec,2008,2008-12-31,34640,26350,9,4.868237018585205
SASRec,2008,2008-12-31,34640,39381,10,4.848016262054443
SASRec,2008,2008-12-31,34648,55245,1,9.261516571044922
SASRec,2008,2008-12-31,34648,50798,2,8.689802169799805
SASRec,2008,2008-12-31,34648,50806,3,8.44648265838623
SASRec,2008,2008-12-31,34648,53974,4,8.401237487792969
SASRec,2008,2008-12-31,34648,49013,5,8.170753479003906
SASRec,2008,2008-12-31,34648,50800,6,8.05537223815918
SASRec,2008,2008-12-31,34648,50796,7,7.964020252227783
SASRec,2008,2008-12-31,34648,52644,8,7.839696407318115
SASRec,2008,2008-12-31,34648,52279,9,7.818206787109375
SASRec,2008,2008-12-31,34648,53993,10,7.720827102661133
SASRec,2008,2008-12-31,35243,33166,1,6.132234573364258
SASRec,2008,2008-12-31,35243,1704,2,6.001922130584717
SASRec,2008,2008-12-31,35243,296,3,5.962895393371582
SASRec,2008,2008-12-31,35243,3578,4,5.946907997131348
SASRec,2008,2008-12-31,35243,30749,5,5.90395450592041
SASRec,2008,2008-12-31,35243,858,6,5.875238418579102
SASRec,2008,2008-12-31,35243,593,7,5.855769157409668
SASRec,2008,2008-12-31,35243,44191,8,5.842818737030029
SASRec,2008,2008-12-31,35243,46578,9,5.834384918212891
SASRec,2008,2008-12-31,35243,40815,10,5.704751968383789
SASRec,2008,2008-12-31,35319,45447,1,6.849673271179199
SASRec,2008,2008-12-31,35319,34162,2,6.73197078704834
SASRec,2008,2008-12-31,35319,44191,3,6.609570503234863
SASRec,2008,2008-12-31,35319,41566,4,6.575123310089111
SASRec,2008,2008-12-31,35319,40815,5,6.570557594299316
SASRec,2008,2008-12-31,35319,32587,6,6.526802062988281
SASRec,2008,2008-12-31,35319,8970,7,6.4738616943359375
SASRec,2008,2008-12-31,35319,33794,8,6.456381320953369
SASRec,2008,2008-12-31,35319,33679,9,6.437922477722168
SASRec,2008,2008-12-31,35319,3948,10,6.40973424911499
SASRec,2008,2008-12-31,35684,6852,1,5.479334831237793
SASRec,2008,2008-12-31,35684,6301,2,5.050765514373779
SASRec,2008,2008-12-31,35684,6658,3,4.910686016082764
SASRec,2008,2008-12-31,35684,6062,4,4.886911392211914
SASRec,2008,2008-12-31,35684,6663,5,4.8223724365234375
SASRec,2008,2008-12-31,35684,6780,6,4.666842460632324
SASRec,2008,2008-12-31,35684,6197,7,4.597614288330078
SASRec,2008,2008-12-31,35684,6440,8,4.596626281738281
SASRec,2008,2008-12-31,35684,6322,9,4.551890850067139
SASRec,2008,2008-12-31,35684,5483,10,4.525546550750732
SASRec,2008,2008-12-31,36152,45447,1,7.351236820220947
SASRec,2008,2008-12-31,36152,44191,2,7.232196807861328
SASRec,2008,2008-12-31,36152,45722,3,6.918828010559082
SASRec,2008,2008-12-31,36152,34048,4,6.90276575088501
SASRec,2008,2008-12-31,36152,34319,5,6.8005452156066895
SASRec,2008,2008-12-31,36152,41569,6,6.653688430786133
SASRec,2008,2008-12-31,36152,46578,7,6.466244220733643
SASRec,2008,2008-12-31,36152,6934,8,6.431685447692871
SASRec,2008,2008-12-31,36152,46530,9,6.390734672546387
SASRec,2008,2008-12-31,36152,45517,10,6.389768600463867
SASRec,2008,2008-12-31,36487,3685,1,6.210537910461426
SASRec,2008,2008-12-31,36487,2108,2,5.557943344116211
SASRec,2008,2008-12-31,36487,2750,3,5.541631698608398
SASRec,2008,2008-12-31,36487,3060,4,5.1905388832092285
SASRec,2008,2008-12-31,36487,2915,5,5.0465264320373535
SASRec,2008,2008-12-31,36487,1958,6,5.006246566772461
SASRec,2008,2008-12-31,36487,4280,7,4.986104965209961
SASRec,2008,2008-12-31,36487,3358,8,4.963566780090332
SASRec,2008,2008-12-31,36487,2065,9,4.9635114669799805
SASRec,2008,2008-12-31,36487,3210,10,4.952235221862793
SASRec,2008,2008-12-31,36613,1608,1,7.3814826011657715
SASRec,2008,2008-12-31,36613,1544,2,7.3178839683532715
SASRec,2008,2008-12-31,36613,1876,3,7.287324905395508
SASRec,2008,2008-12-31,36613,1722,4,7.188689231872559
SASRec,2008,2008-12-31,36613,1909,5,7.005518436431885
SASRec,2008,2008-12-31,36613,3623,6,6.9456787109375
SASRec,2008,2008-12-31,36613,3977,7,6.9194159507751465
SASRec,2008,2008-12-31,36613,2006,8,6.911870002746582
SASRec,2008,2008-12-31,36613,1597,9,6.861958980560303
SASRec,2008,2008-12-31,36613,1320,10,6.747523307800293
SASRec,2008,2008-12-31,37026,3793,1,6.746453285217285
SASRec,2008,2008-12-31,37026,3948,2,6.604422092437744
SASRec,2008,2008-12-31,37026,6377,3,6.4623188972473145
SASRec,2008,2008-12-31,37026,3994,4,6.354296684265137
SASRec,2008,2008-12-31,37026,4995,5,6.327729225158691
SASRec,2008,2008-12-31,37026,4022,6,6.311897277832031
SASRec,2008,2008-12-31,37026,3977,7,6.288023948669434
SASRec,2008,2008-12-31,37026,46578,8,6.268625736236572
SASRec,2008,2008-12-31,37026,34405,9,6.2554755210876465
SASRec,2008,2008-12-31,37026,4878,10,6.147882461547852
SASRec,2008,2008-12-31,37075,8949,1,7.313304901123047
SASRec,2008,2008-12-31,37075,6867,2,6.919853687286377
SASRec,2008,2008-12-31,37075,8784,3,6.728336811065674
SASRec,2008,2008-12-31,37075,7361,4,6.713635444641113
SASRec,2008,2008-12-31,37075,8966,5,6.649146556854248
SASRec,2008,2008-12-31,37075,30749,6,6.605544090270996
SASRec,2008,2008-12-31,37075,8873,7,6.586421012878418
SASRec,2008,2008-12-31,37075,8970,8,6.557512283325195
SASRec,2008,2008-12-31,37075,30812,9,6.468352794647217
SASRec,2008,2008-12-31,37075,33166,10,6.418710231781006
SASRec,2008,2008-12-31,37331,50794,1,6.226362228393555
SASRec,2008,2008-12-31,37331,45666,2,5.809427738189697
SASRec,2008,2008-12-31,37331,45501,3,5.704487323760986
SASRec,2008,2008-12-31,37331,52722,4,5.682827949523926
SASRec,2008,2008-12-31,37331,45447,5,5.675747871398926
SASRec,2008,2008-12-31,37331,43936,6,5.603686809539795
SASRec,2008,2008-12-31,37331,48783,7,5.565338611602783
SASRec,2008,2008-12-31,37331,44761,8,5.483148574829102
SASRec,2008,2008-12-31,37331,53972,9,5.478314399719238
SASRec,2008,2008-12-31,37331,51540,10,5.4523420333862305
SASRec,2008,2008-12-31,37390,46578,1,7.5681633949279785
SASRec,2008,2008-12-31,37390,52722,2,6.80199670791626
SASRec,2008,2008-12-31,37390,54001,3,6.7345662117004395
SASRec,2008,2008-12-31,37390,48774,4,6.716092109680176
SASRec,2008,2008-12-31,37390,48780,5,6.6548871994018555
SASRec,2008,2008-12-31,37390,48783,6,6.650086879730225
SASRec,2008,2008-12-31,37390,54286,7,6.645219802856445
SASRec,2008,2008-12-31,37390,54272,8,6.640255928039551
SASRec,2008,2008-12-31,37390,47610,9,6.6386919021606445
SASRec,2008,2008-12-31,37390,48738,10,6.57231330871582
SASRec,2008,2008-12-31,37759,51678,1,6.1913533210754395
SASRec,2008,2008-12-31,37759,26148,2,5.692498683929443
SASRec,2008,2008-12-31,37759,25954,3,5.636446952819824
SASRec,2008,2008-12-31,37759,34482,4,5.6176018714904785
SASRec,2008,2008-12-31,37759,46803,5,5.602611541748047
SASRec,2008,2008-12-31,37759,26163,6,5.600345134735107
SASRec,2008,2008-12-31,37759,31588,7,5.586512565612793
SASRec,2008,2008-12-31,37759,31347,8,5.563037395477295
SASRec,2008,2008-12-31,37759,26111,9,5.529862880706787
SASRec,2008,2008-12-31,37759,50685,10,5.456851959228516
SASRec,2008,2008-12-31,37795,318,1,6.793460845947266
SASRec,2008,2008-12-31,37795,46578,2,6.633812427520752
SASRec,2008,2008-12-31,37795,41569,3,6.200816631317139
SASRec,2008,2008-12-31,37795,48516,4,6.197272300720215
SASRec,2008,2008-12-31,37795,858,5,6.097963333129883
SASRec,2008,2008-12-31,37795,339,6,5.967616081237793
SASRec,2008,2008-12-31,37795,185,7,5.776529788970947
SASRec,2008,2008-12-31,37795,45499,8,5.730767250061035
SASRec,2008,2008-12-31,37795,292,9,5.721686840057373
SASRec,2008,2008-12-31,37795,589,10,5.710953235626221
SASRec,2008,2008-12-31,37799,6711,1,7.954459190368652
SASRec,2008,2008-12-31,37799,4011,2,7.7408013343811035
SASRec,2008,2008-12-31,37799,6539,3,7.732270240783691
SASRec,2008,2008-12-31,37799,7153,4,7.711097240447998
SASRec,2008,2008-12-31,37799,6953,5,7.406308650970459
SASRec,2008,2008-12-31,37799,6377,6,7.391913414001465
SASRec,2008,2008-12-31,37799,8798,7,7.388542652130127
SASRec,2008,2008-12-31,37799,5418,8,7.362972259521484
SASRec,2008,2008-12-31,37799,6378,9,7.292253494262695
SASRec,2008,2008-12-31,37799,8949,10,7.260860443115234
SASRec,2008,2008-12-31,37885,47950,1,7.655813217163086
SASRec,2008,2008-12-31,37885,54286,2,7.629635810852051
SASRec,2008,2008-12-31,37885,49272,3,7.533648490905762
SASRec,2008,2008-12-31,37885,50068,4,7.417755603790283
SASRec,2008,2008-12-31,37885,48394,5,7.330175399780273
SASRec,2008,2008-12-31,37885,48738,6,7.242585182189941
SASRec,2008,2008-12-31,37885,51255,7,7.183089733123779
SASRec,2008,2008-12-31,37885,52722,8,7.032723903656006
SASRec,2008,2008-12-31,37885,52458,9,6.930484771728516
SASRec,2008,2008-12-31,37885,54001,10,6.851588726043701
SASRec,2008,2008-12-31,38145,104,1,7.188445091247559
SASRec,2008,2008-12-31,38145,2918,2,7.0081071853637695
SASRec,2008,2008-12-31,38145,1136,3,6.900249481201172
SASRec,2008,2008-12-31,38145,3608,4,6.7964067459106445
SASRec,2008,2008-12-31,38145,1079,5,6.740899085998535
SASRec,2008,2008-12-31,38145,2791,6,6.675378322601318
SASRec,2008,2008-12-31,38145,551,7,6.666337966918945
SASRec,2008,2008-12-31,38145,2081,8,6.607934474945068
SASRec,2008,2008-12-31,38145,39,9,6.58973503112793
SASRec,2008,2008-12-31,38145,3481,10,6.540414333343506
SASRec,2008,2008-12-31,38237,46578,1,7.971066951751709
SASRec,2008,2008-12-31,38237,44191,2,7.305145263671875
SASRec,2008,2008-12-31,38237,45447,3,7.122791290283203
SASRec,2008,2008-12-31,38237,48780,4,6.910175800323486
SASRec,2008,2008-12-31,38237,44195,5,6.850670337677002
SASRec,2008,2008-12-31,38237,48516,6,6.832828044891357
SASRec,2008,2008-12-31,38237,48385,7,6.711725234985352
SASRec,2008,2008-12-31,38237,41569,8,6.661930084228516
SASRec,2008,2008-12-31,38237,48394,9,6.635356426239014
SASRec,2008,2008-12-31,38237,30749,10,6.594679832458496
SASRec,2008,2008-12-31,38697,46578,1,8.198835372924805
SASRec,2008,2008-12-31,38697,48385,2,7.874091148376465
SASRec,2008,2008-12-31,38697,45447,3,7.8488240242004395
SASRec,2008,2008-12-31,38697,41569,4,7.482795715332031
SASRec,2008,2008-12-31,38697,45722,5,7.343284606933594
SASRec,2008,2008-12-31,38697,53972,6,7.305974960327148
SASRec,2008,2008-12-31,38697,54272,7,6.952181339263916
SASRec,2008,2008-12-31,38697,296,8,6.892724990844727
SASRec,2008,2008-12-31,38697,46530,9,6.8719868659973145
SASRec,2008,2008-12-31,38697,318,10,6.820796489715576
SASRec,2008,2008-12-31,39025,6987,1,6.076063632965088
SASRec,2008,2008-12-31,39025,3462,2,5.956109523773193
SASRec,2008,2008-12-31,39025,6023,3,5.826245307922363
SASRec,2008,2008-12-31,39025,7926,4,5.634764194488525
SASRec,2008,2008-12-31,39025,8751,5,5.618614673614502
SASRec,2008,2008-12-31,39025,5177,6,5.606027603149414
SASRec,2008,2008-12-31,39025,8195,7,5.576093673706055
SASRec,2008,2008-12-31,39025,3741,8,5.53993558883667
SASRec,2008,2008-12-31,39025,8154,9,5.530521392822266
SASRec,2008,2008-12-31,39025,3814,10,5.520764350891113
SASRec,2008,2008-12-31,39872,3948,1,8.312657356262207
SASRec,2008,2008-12-31,39872,4022,2,8.026618957519531
SASRec,2008,2008-12-31,39872,4306,3,8.02567195892334
SASRec,2008,2008-12-31,39872,5445,4,8.015451431274414
SASRec,2008,2008-12-31,39872,2617,5,7.9916300773620605
SASRec,2008,2008-12-31,39872,3977,6,7.969144344329834
SASRec,2008,2008-12-31,39872,5952,7,7.921692848205566
SASRec,2008,2008-12-31,39872,4993,8,7.883419990539551
SASRec,2008,2008-12-31,39872,370,9,7.876877784729004
SASRec,2008,2008-12-31,39872,6539,10,7.825309753417969
SASRec,2008,2008-12-31,40195,44191,1,7.4005327224731445
SASRec,2008,2008-12-31,40195,34405,2,6.7350029945373535
SASRec,2008,2008-12-31,40195,46976,3,6.456159591674805
SASRec,2008,2008-12-31,40195,48394,4,6.381371974945068
SASRec,2008,2008-12-31,40195,33166,5,6.371459007263184
SASRec,2008,2008-12-31,40195,44761,6,6.335077285766602
SASRec,2008,2008-12-31,40195,41569,7,6.326774597167969
SASRec,2008,2008-12-31,40195,48774,8,6.274656295776367
SASRec,2008,2008-12-31,40195,27904,9,6.251916408538818
SASRec,2008,2008-12-31,40195,33660,10,6.199942588806152
SASRec,2008,2008-12-31,40325,54286,1,8.26152229309082
SASRec,2008,2008-12-31,40325,54503,2,7.899445056915283
SASRec,2008,2008-12-31,40325,46976,3,7.853705406188965
SASRec,2008,2008-12-31,40325,46578,4,7.843986511230469
SASRec,2008,2008-12-31,40325,52722,5,7.8353118896484375
SASRec,2008,2008-12-31,40325,53972,6,7.822700023651123
SASRec,2008,2008-12-31,40325,52245,7,7.766911029815674
SASRec,2008,2008-12-31,40325,52328,8,7.716056823730469
SASRec,2008,2008-12-31,40325,53322,9,7.704223155975342
SASRec,2008,2008-12-31,40325,50068,10,7.668297290802002
SASRec,2008,2008-12-31,40411,52328,1,7.65540885925293
SASRec,2008,2008-12-31,40411,54272,2,7.524746417999268
SASRec,2008,2008-12-31,40411,52722,3,7.444891452789307
SASRec,2008,2008-12-31,40411,53125,4,7.249515533447266
SASRec,2008,2008-12-31,40411,53972,5,7.163352966308594
SASRec,2008,2008-12-31,40411,54001,6,7.1338300704956055
SASRec,2008,2008-12-31,40411,48877,7,7.058197021484375
SASRec,2008,2008-12-31,40411,52644,8,6.931717395782471
SASRec,2008,2008-12-31,40411,53996,9,6.889054775238037
SASRec,2008,2008-12-31,40411,44191,10,6.830800533294678
SASRec,2008,2008-12-31,40420,44191,1,6.699227333068848
SASRec,2008,2008-12-31,40420,37853,2,6.555631637573242
SASRec,2008,2008-12-31,40420,45730,3,6.415116786956787
SASRec,2008,2008-12-31,40420,49286,4,6.40681266784668
SASRec,2008,2008-12-31,40420,53322,5,6.398970603942871
SASRec,2008,2008-12-31,40420,44022,6,6.286197185516357
SASRec,2008,2008-12-31,40420,45431,7,6.284780502319336
SASRec,2008,2008-12-31,40420,47200,8,6.264689922332764
SASRec,2008,2008-12-31,40420,45662,9,6.249784469604492
SASRec,2008,2008-12-31,40420,43679,10,6.248800754547119
SASRec,2008,2008-12-31,40456,25788,1,5.47329568862915
SASRec,2008,2008-12-31,40456,39381,2,5.288500785827637
SASRec,2008,2008-12-31,40456,8751,3,5.256646633148193
SASRec,2008,2008-12-31,40456,25927,4,5.167356967926025
SASRec,2008,2008-12-31,40456,7889,5,5.14677619934082
SASRec,2008,2008-12-31,40456,4426,6,5.1086015701293945
SASRec,2008,2008-12-31,40456,7072,7,4.994466781616211
SASRec,2008,2008-12-31,40456,45210,8,4.948807239532471
SASRec,2008,2008-12-31,40456,25940,9,4.930807113647461
SASRec,2008,2008-12-31,40456,48774,10,4.920825481414795
SASRec,2008,2008-12-31,40568,46578,1,9.07117748260498
SASRec,2008,2008-12-31,40568,46976,2,8.200590133666992
SASRec,2008,2008-12-31,40568,48780,3,8.151119232177734
SASRec,2008,2008-12-31,40568,44191,4,8.10525131225586
SASRec,2008,2008-12-31,40568,54286,5,7.8395586013793945
SASRec,2008,2008-12-31,40568,48394,6,7.803176403045654
SASRec,2008,2008-12-31,40568,40815,7,7.347162246704102
SASRec,2008,2008-12-31,40568,50068,8,7.318208694458008
SASRec,2008,2008-12-31,40568,51255,9,7.249447822570801
SASRec,2008,2008-12-31,40568,48738,10,7.219069480895996
SASRec,2008,2008-12-31,40731,44191,1,8.364519119262695
SASRec,2008,2008-12-31,40731,46578,2,8.04295825958252
SASRec,2008,2008-12-31,40731,45722,3,7.716097831726074
SASRec,2008,2008-12-31,40731,54001,4,7.646864414215088
SASRec,2008,2008-12-31,40731,48516,5,7.474242687225342
SASRec,2008,2008-12-31,40731,41569,6,7.446800231933594
SASRec,2008,2008-12-31,40731,49272,7,7.429748058319092
SASRec,2008,2008-12-31,40731,40815,8,7.321622371673584
SASRec,2008,2008-12-31,40731,52722,9,7.2627339363098145
SASRec,2008,2008-12-31,40731,54286,10,7.22480583190918
SASRec,2008,2008-12-31,41003,3793,1,9.60694694519043
SASRec,2008,2008-12-31,41003,1917,2,9.57043170928955
SASRec,2008,2008-12-31,41003,2987,3,9.395044326782227
SASRec,2008,2008-12-31,41003,2683,4,9.367316246032715
SASRec,2008,2008-12-31,41003,5952,5,9.147577285766602
SASRec,2008,2008-12-31,41003,1517,6,9.136442184448242
SASRec,2008,2008-12-31,41003,32,7,9.074634552001953
SASRec,2008,2008-12-31,41003,1923,8,9.048891067504883
SASRec,2008,2008-12-31,41003,2710,9,8.980361938476562
SASRec,2008,2008-12-31,41003,2012,10,8.956767082214355
SASRec,2008,2008-12-31,41062,593,1,8.921865463256836
SASRec,2008,2008-12-31,41062,44191,2,8.46123218536377
SASRec,2008,2008-12-31,41062,30749,3,8.33919906616211
SASRec,2008,2008-12-31,41062,32587,4,8.33575439453125
SASRec,2008,2008-12-31,41062,1193,5,8.128084182739258
SASRec,2008,2008-12-31,41062,33794,6,8.028464317321777
SASRec,2008,2008-12-31,41062,260,7,7.818896770477295
SASRec,2008,2008-12-31,41062,2329,8,7.814846515655518
SASRec,2008,2008-12-31,41062,1089,9,7.811636924743652
SASRec,2008,2008-12-31,41062,7438,10,7.809420585632324
SASRec,2008,2008-12-31,42557,53322,1,8.46463680267334
SASRec,2008,2008-12-31,42557,50794,2,7.965948581695557
SASRec,2008,2008-12-31,42557,51077,3,7.957082271575928
SASRec,2008,2008-12-31,42557,52644,4,7.8358354568481445
SASRec,2008,2008-12-31,42557,48783,5,7.6758832931518555
SASRec,2008,2008-12-31,42557,51575,6,7.651290416717529
SASRec,2008,2008-12-31,42557,55245,7,7.630010604858398
SASRec,2008,2008-12-31,42557,49286,8,7.627127647399902
SASRec,2008,2008-12-31,42557,46972,9,7.589117527008057
SASRec,2008,2008-12-31,42557,48416,10,7.579655170440674
SASRec,2008,2008-12-31,43406,8966,1,4.755912780761719
SASRec,2008,2008-12-31,43406,39231,2,4.695454120635986
SASRec,2008,2008-12-31,43406,42015,3,4.687017917633057
SASRec,2008,2008-12-31,43406,45720,4,4.672203063964844
SASRec,2008,2008-12-31,43406,39449,5,4.63599967956543
SASRec,2008,2008-12-31,43406,33669,6,4.612686634063721
SASRec,2008,2008-12-31,43406,45447,7,4.606326580047607
SASRec,2008,2008-12-31,43406,40583,8,4.592258453369141
SASRec,2008,2008-12-31,43406,8958,9,4.562471389770508
SASRec,2008,2008-12-31,43406,45668,10,4.555691242218018
SASRec,2008,2008-12-31,43410,32,1,7.009178638458252
SASRec,2008,2008-12-31,43410,2291,2,6.620364189147949
SASRec,2008,2008-12-31,43410,235,3,6.477455139160156
SASRec,2008,2008-12-31,43410,608,4,6.3445234298706055
SASRec,2008,2008-12-31,43410,32587,5,6.2462158203125
SASRec,2008,2008-12-31,43410,551,6,6.187532424926758
SASRec,2008,2008-12-31,43410,587,7,6.182981491088867
SASRec,2008,2008-12-31,43410,1213,8,6.152277946472168
SASRec,2008,2008-12-31,43410,7361,9,6.151942729949951
SASRec,2008,2008-12-31,43410,1225,10,6.099677085876465
SASRec,2008,2008-12-31,43477,5378,1,8.914830207824707
SASRec,2008,2008-12-31,43477,6365,2,8.790021896362305
SASRec,2008,2008-12-31,43477,3578,3,8.760719299316406
SASRec,2008,2008-12-31,43477,1580,4,8.468037605285645
SASRec,2008,2008-12-31,43477,2916,5,8.087271690368652
SASRec,2008,2008-12-31,43477,6377,6,8.059680938720703
SASRec,2008,2008-12-31,43477,1527,7,8.059481620788574
SASRec,2008,2008-12-31,43477,2987,8,8.034686088562012
SASRec,2008,2008-12-31,43477,2640,9,7.919403076171875
SASRec,2008,2008-12-31,43477,2628,10,7.915343284606934
SASRec,2008,2008-12-31,43511,46976,1,7.685343265533447
SASRec,2008,2008-12-31,43511,49272,2,6.809207439422607
SASRec,2008,2008-12-31,43511,47950,3,6.800814628601074
SASRec,2008,2008-12-31,43511,38886,4,6.797362327575684
SASRec,2008,2008-12-31,43511,44694,5,6.794551849365234
SASRec,2008,2008-12-31,43511,48082,6,6.601554870605469
SASRec,2008,2008-12-31,43511,50685,7,6.555266380310059
SASRec,2008,2008-12-31,43511,51540,8,6.502591609954834
SASRec,2008,2008-12-31,43511,49822,9,6.461337089538574
SASRec,2008,2008-12-31,43511,36535,10,6.3816046714782715
SASRec,2008,2008-12-31,43629,3910,1,6.2063679695129395
SASRec,2008,2008-12-31,43629,3783,2,6.161635875701904
SASRec,2008,2008-12-31,43629,3786,3,5.9056196212768555
SASRec,2008,2008-12-31,43629,3150,4,5.895902156829834
SASRec,2008,2008-12-31,43629,3718,5,5.801235198974609
SASRec,2008,2008-12-31,43629,3822,6,5.785021781921387
SASRec,2008,2008-12-31,43629,3993,7,5.754925727844238
SASRec,2008,2008-12-31,43629,4304,8,5.723721504211426
SASRec,2008,2008-12-31,43629,4235,9,5.717901706695557
SASRec,2008,2008-12-31,43629,3538,10,5.710228443145752
SASRec,2008,2008-12-31,43659,44191,1,9.081108093261719
SASRec,2008,2008-12-31,43659,296,2,8.7313871383667
SASRec,2008,2008-12-31,43659,46578,3,8.644536972045898
SASRec,2008,2008-12-31,43659,318,4,8.386923789978027
SASRec,2008,2008-12-31,43659,32587,5,8.362887382507324
SASRec,2008,2008-12-31,43659,48394,6,8.244324684143066
SASRec,2008,2008-12-31,43659,49272,7,8.180740356445312
SASRec,2008,2008-12-31,43659,48780,8,8.120677947998047
SASRec,2008,2008-12-31,43659,4226,9,7.979678153991699
SASRec,2008,2008-12-31,43659,50,10,7.964385986328125
SASRec,2008,2008-12-31,43793,8949,1,6.839128017425537
SASRec,2008,2008-12-31,43793,6867,2,6.770524024963379
SASRec,2008,2008-12-31,43793,8784,3,6.4283671379089355
SASRec,2008,2008-12-31,43793,8966,4,6.378005027770996
SASRec,2008,2008-12-31,43793,6620,5,6.367228984832764
SASRec,2008,2008-12-31,43793,5617,6,6.3405890464782715
SASRec,2008,2008-12-31,43793,8873,7,6.323751926422119
SASRec,2008,2008-12-31,43793,6552,8,6.271695613861084
SASRec,2008,2008-12-31,43793,6016,9,6.158239841461182
SASRec,2008,2008-12-31,43793,5791,10,6.109583854675293
SASRec,2008,2008-12-31,43953,48516,1,6.705066680908203
SASRec,2008,2008-12-31,43953,52328,2,6.404115676879883
SASRec,2008,2008-12-31,43953,48774,3,6.348369598388672
SASRec,2008,2008-12-31,43953,53972,4,6.253200531005859
SASRec,2008,2008-12-31,43953,52722,5,6.243857383728027
SASRec,2008,2008-12-31,43953,5903,6,6.18052864074707
SASRec,2008,2008-12-31,43953,5218,7,6.163844108581543
SASRec,2008,2008-12-31,43953,33794,8,6.063875198364258
SASRec,2008,2008-12-31,43953,53996,9,6.052835464477539
SASRec,2008,2008-12-31,43953,54286,10,5.977963447570801
SASRec,2008,2008-12-31,44361,54286,1,7.913427829742432
SASRec,2008,2008-12-31,44361,54272,2,7.868051052093506
SASRec,2008,2008-12-31,44361,44191,3,7.59436559677124
SASRec,2008,2008-12-31,44361,52722,4,7.569995880126953
SASRec,2008,2008-12-31,44361,48385,5,7.56781530380249
SASRec,2008,2008-12-31,44361,52328,6,7.406832695007324
SASRec,2008,2008-12-31,44361,48738,7,7.405491828918457
SASRec,2008,2008-12-31,44361,53972,8,7.379630088806152
SASRec,2008,2008-12-31,44361,50068,9,7.332656383514404
SASRec,2008,2008-12-31,44361,50872,10,7.145331382751465
SASRec,2008,2008-12-31,44542,45447,1,7.128135681152344
SASRec,2008,2008-12-31,44542,34150,2,7.083153247833252
SASRec,2008,2008-12-31,44542,50794,3,7.05905818939209
SASRec,2008,2008-12-31,44542,32017,4,7.015802383422852
SASRec,2008,2008-12-31,44542,43928,5,6.9099225997924805
SASRec,2008,2008-12-31,44542,37853,6,6.891664028167725
SASRec,2008,2008-12-31,44542,47200,7,6.851925849914551
SASRec,2008,2008-12-31,44542,51077,8,6.7996296882629395
SASRec,2008,2008-12-31,44542,34520,9,6.657766342163086
SASRec,2008,2008-12-31,44542,33158,10,6.605661392211914
SASRec,2008,2008-12-31,44605,32587,1,7.3222336769104
SASRec,2008,2008-12-31,44605,8949,2,7.320000648498535
SASRec,2008,2008-12-31,44605,33166,3,7.1011128425598145
SASRec,2008,2008-12-31,44605,30749,4,7.039824962615967
SASRec,2008,2008-12-31,44605,30707,5,6.7398223876953125
SASRec,2008,2008-12-31,44605,44191,6,6.676906108856201
SASRec,2008,2008-12-31,44605,8970,7,6.6526312828063965
SASRec,2008,2008-12-31,44605,33794,8,6.512027740478516
SASRec,2008,2008-12-31,44605,8950,9,6.485546588897705
SASRec,2008,2008-12-31,44605,30812,10,6.389045715332031
SASRec,2008,2008-12-31,45922,6595,1,6.410943031311035
SASRec,2008,2008-12-31,45922,31221,2,6.409662246704102
SASRec,2008,2008-12-31,45922,7454,3,6.114195346832275
SASRec,2008,2008-12-31,45922,6888,4,6.086109638214111
SASRec,2008,2008-12-31,45922,8810,5,6.0839385986328125
SASRec,2008,2008-12-31,45922,6294,6,6.042683124542236
SASRec,2008,2008-12-31,45922,8666,7,6.008790493011475
SASRec,2008,2008-12-31,45922,8531,8,5.976292610168457
SASRec,2008,2008-12-31,45922,7439,9,5.877798557281494
SASRec,2008,2008-12-31,45922,8861,10,5.834293365478516
SASRec,2008,2008-12-31,45992,2005,1,7.075857639312744
SASRec,2008,2008-12-31,45992,1022,2,7.0440673828125
SASRec,2008,2008-12-31,45992,355,3,7.0119733810424805
SASRec,2008,2008-12-31,45992,2161,4,6.917845249176025
SASRec,2008,2008-12-31,45992,3755,5,6.836898326873779
SASRec,2008,2008-12-31,45992,724,6,6.658226013183594
SASRec,2008,2008-12-31,45992,4718,7,6.625990867614746
SASRec,2008,2008-12-31,45992,1029,8,6.613979339599609
SASRec,2008,2008-12-31,45992,4367,9,6.501148700714111
SASRec,2008,2008-12-31,45992,3489,10,6.443878173828125
SASRec,2008,2008-12-31,46025,46578,1,7.701189994812012
SASRec,2008,2008-12-31,46025,48385,2,7.3343987464904785
SASRec,2008,2008-12-31,46025,49272,3,7.331777572631836
SASRec,2008,2008-12-31,46025,54272,4,7.2361741065979
SASRec,2008,2008-12-31,46025,48394,5,7.197071552276611
SASRec,2008,2008-12-31,46025,48780,6,7.195381164550781
SASRec,2008,2008-12-31,46025,52722,7,7.162797927856445
SASRec,2008,2008-12-31,46025,54286,8,7.076450347900391
SASRec,2008,2008-12-31,46025,53972,9,7.046393871307373
SASRec,2008,2008-12-31,46025,54001,10,6.987090587615967
SASRec,2008,2008-12-31,46479,35957,1,4.863938808441162
SASRec,2008,2008-12-31,46479,1792,2,4.856654167175293
SASRec,2008,2008-12-31,46479,1754,3,4.802679061889648
SASRec,2008,2008-12-31,46479,1597,4,4.711847305297852
SASRec,2008,2008-12-31,46479,2505,5,4.666358947753906
SASRec,2008,2008-12-31,46479,1801,6,4.636040687561035
SASRec,2008,2008-12-31,46479,8984,7,4.621589183807373
SASRec,2008,2008-12-31,46479,1645,8,4.6082892417907715
SASRec,2008,2008-12-31,46479,1479,9,4.585569858551025
SASRec,2008,2008-12-31,46479,4975,10,4.565114974975586
SASRec,2008,2008-12-31,47023,44191,1,8.728009223937988
SASRec,2008,2008-12-31,47023,49272,2,8.371454238891602
SASRec,2008,2008-12-31,47023,54286,3,8.018636703491211
SASRec,2008,2008-12-31,47023,48385,4,7.77665376663208
SASRec,2008,2008-12-31,47023,48516,5,7.774631023406982
SASRec,2008,2008-12-31,47023,45722,6,7.7460455894470215
SASRec,2008,2008-12-31,47023,48780,7,7.5175323486328125
SASRec,2008,2008-12-31,47023,1210,8,7.511762619018555
SASRec,2008,2008-12-31,47023,318,9,7.476426124572754
SASRec,2008,2008-12-31,47023,32587,10,7.369006633758545
SASRec,2008,2008-12-31,47511,37853,1,7.000211715698242
SASRec,2008,2008-12-31,47511,45730,2,6.193536758422852
SASRec,2008,2008-12-31,47511,32017,3,6.157574653625488
SASRec,2008,2008-12-31,47511,45447,4,6.0717453956604
SASRec,2008,2008-12-31,47511,39427,5,5.8130598068237305
SASRec,2008,2008-12-31,47511,43679,6,5.80905818939209
SASRec,2008,2008-12-31,47511,33815,7,5.752593040466309
SASRec,2008,2008-12-31,47511,45726,8,5.73895263671875
SASRec,2008,2008-12-31,47511,43906,9,5.738306999206543
SASRec,2008,2008-12-31,47511,32011,10,5.720812797546387
SASRec,2008,2008-12-31,47680,54001,1,8.472290992736816
SASRec,2008,2008-12-31,47680,46578,2,8.435615539550781
SASRec,2008,2008-12-31,47680,51255,3,8.295822143554688
SASRec,2008,2008-12-31,47680,44191,4,8.257193565368652
SASRec,2008,2008-12-31,47680,52722,5,8.228864669799805
SASRec,2008,2008-12-31,47680,54272,6,8.039682388305664
SASRec,2008,2008-12-31,47680,48385,7,7.9275102615356445
SASRec,2008,2008-12-31,47680,48780,8,7.923069477081299
SASRec,2008,2008-12-31,47680,53125,9,7.892849445343018
SASRec,2008,2008-12-31,47680,51662,10,7.81600284576416
SASRec,2008,2008-12-31,47917,27773,1,4.829739570617676
SASRec,2008,2008-12-31,47917,44191,2,4.704876899719238
SASRec,2008,2008-12-31,47917,36276,3,4.514889240264893
SASRec,2008,2008-12-31,47917,31804,4,4.47790002822876
SASRec,2008,2008-12-31,47917,49272,5,4.380930423736572
SASRec,2008,2008-12-31,47917,41569,6,4.369379997253418
SASRec,2008,2008-12-31,47917,46578,7,4.345139503479004
SASRec,2008,2008-12-31,47917,43936,8,4.338732719421387
SASRec,2008,2008-12-31,47917,3503,9,4.2537736892700195
SASRec,2008,2008-12-31,47917,33834,10,4.202396869659424
SASRec,2008,2008-12-31,48111,48774,1,6.909121513366699
SASRec,2008,2008-12-31,48111,34405,2,6.814445972442627
SASRec,2008,2008-12-31,48111,46976,3,6.490995407104492
SASRec,2008,2008-12-31,48111,38038,4,6.3661651611328125
SASRec,2008,2008-12-31,48111,48385,5,6.232566833496094
SASRec,2008,2008-12-31,48111,54272,6,6.221461296081543
SASRec,2008,2008-12-31,48111,48082,7,6.134210586547852
SASRec,2008,2008-12-31,48111,44761,8,6.039515972137451
SASRec,2008,2008-12-31,48111,26662,9,6.030640125274658
SASRec,2008,2008-12-31,48111,48738,10,5.909380912780762
SASRec,2008,2008-12-31,48145,589,1,8.888040542602539
SASRec,2008,2008-12-31,48145,32,2,8.47462272644043
SASRec,2008,2008-12-31,48145,2916,3,8.462624549865723
SASRec,2008,2008-12-31,48145,1912,4,8.409116744995117
SASRec,2008,2008-12-31,48145,2278,5,8.39587116241455
SASRec,2008,2008-12-31,48145,1610,6,8.333443641662598
SASRec,2008,2008-12-31,48145,6,7,8.319917678833008
SASRec,2008,2008-12-31,48145,161,8,8.28495979309082
SASRec,2008,2008-12-31,48145,457,9,8.168838500976562
SASRec,2008,2008-12-31,48145,1748,10,8.162745475769043
SASRec,2008,2008-12-31,48632,54001,1,7.89237117767334
SASRec,2008,2008-12-31,48632,54286,2,7.793890953063965
SASRec,2008,2008-12-31,48632,46976,3,7.702977180480957
SASRec,2008,2008-12-31,48632,52722,4,7.616312503814697
SASRec,2008,2008-12-31,48632,49272,5,7.583382606506348
SASRec,2008,2008-12-31,48632,49530,6,7.562864780426025
SASRec,2008,2008-12-31,48632,53322,7,7.5468926429748535
SASRec,2008,2008-12-31,48632,49286,8,7.402626991271973
SASRec,2008,2008-12-31,48632,54272,9,7.32371711730957
SASRec,2008,2008-12-31,48632,48385,10,7.284603595733643
SASRec,2008,2008-12-31,48662,8983,1,6.367180824279785
SASRec,2008,2008-12-31,48662,4011,2,6.240372180938721
SASRec,2008,2008-12-31,48662,30812,3,6.2215704917907715
SASRec,2008,2008-12-31,48662,41569,4,6.213209629058838
SASRec,2008,2008-12-31,48662,8949,5,6.1857428550720215
SASRec,2008,2008-12-31,48662,35836,6,5.966224193572998
SASRec,2008,2008-12-31,48662,8984,7,5.922728538513184
SASRec,2008,2008-12-31,48662,41285,8,5.8905439376831055
SASRec,2008,2008-12-31,48662,40815,9,5.865815162658691
SASRec,2008,2008-12-31,48662,33493,10,5.863999843597412
SASRec,2008,2008-12-31,48837,44191,1,8.21849250793457
SASRec,2008,2008-12-31,48837,45722,2,7.963255882263184
SASRec,2008,2008-12-31,48837,48385,3,7.952901363372803
SASRec,2008,2008-12-31,48837,52722,4,7.769408226013184
SASRec,2008,2008-12-31,48837,48516,5,7.4543046951293945
SASRec,2008,2008-12-31,48837,54286,6,7.454216003417969
SASRec,2008,2008-12-31,48837,54001,7,7.3672356605529785
SASRec,2008,2008-12-31,48837,53125,8,7.348093032836914
SASRec,2008,2008-12-31,48837,53996,9,7.275421619415283
SASRec,2008,2008-12-31,48837,49272,10,7.258512496948242
SASRec,2008,2008-12-31,49361,46578,1,6.436594486236572
SASRec,2008,2008-12-31,49361,48774,2,6.352877140045166
SASRec,2008,2008-12-31,49361,46976,3,6.119021415710449
SASRec,2008,2008-12-31,49361,48696,4,5.973058223724365
SASRec,2008,2008-12-31,49361,47629,5,5.818755149841309
SASRec,2008,2008-12-31,49361,47610,6,5.80656623840332
SASRec,2008,2008-12-31,49361,47950,7,5.798622131347656
SASRec,2008,2008-12-31,49361,54272,8,5.7782697677612305
SASRec,2008,2008-12-31,49361,48780,9,5.747084140777588
SASRec,2008,2008-12-31,49361,48738,10,5.720514297485352
SASRec,2008,2008-12-31,49435,52722,1,7.893344402313232
SASRec,2008,2008-12-31,49435,51077,2,7.639311790466309
SASRec,2008,2008-12-31,49435,54001,3,7.577600479125977
SASRec,2008,2008-12-31,49435,52328,4,7.511858940124512
SASRec,2008,2008-12-31,49435,54286,5,7.427148818969727
SASRec,2008,2008-12-31,49435,53125,6,7.390163898468018
SASRec,2008,2008-12-31,49435,53464,7,7.325381755828857
SASRec,2008,2008-12-31,49435,52245,8,7.291612148284912
SASRec,2008,2008-12-31,49435,48783,9,7.291159152984619
SASRec,2008,2008-12-31,49435,49793,10,7.197259426116943
SASRec,2008,2008-12-31,49545,52722,1,6.905529975891113
SASRec,2008,2008-12-31,49545,50794,2,6.753271579742432
SASRec,2008,2008-12-31,49545,53322,3,6.6327948570251465
SASRec,2008,2008-12-31,49545,45447,4,6.559962272644043
SASRec,2008,2008-12-31,49545,54001,5,6.49862813949585
SASRec,2008,2008-12-31,49545,53972,6,6.405179977416992
SASRec,2008,2008-12-31,49545,48783,7,6.363016128540039
SASRec,2008,2008-12-31,49545,53125,8,6.200891971588135
SASRec,2008,2008-12-31,49545,51935,9,6.196506977081299
SASRec,2008,2008-12-31,49545,49530,10,6.187445163726807
SASRec,2008,2008-12-31,49774,40629,1,6.734827041625977
SASRec,2008,2008-12-31,49774,38886,2,6.5661420822143555
SASRec,2008,2008-12-31,49774,46578,3,6.562405586242676
SASRec,2008,2008-12-31,49774,36535,4,6.406971454620361
SASRec,2008,2008-12-31,49774,46976,5,6.3174591064453125
SASRec,2008,2008-12-31,49774,33639,6,6.141666889190674
SASRec,2008,2008-12-31,49774,30749,7,5.9612650871276855
SASRec,2008,2008-12-31,49774,39183,8,5.8981170654296875
SASRec,2008,2008-12-31,49774,45950,9,5.833880424499512
SASRec,2008,2008-12-31,49774,36517,10,5.504734992980957
SASRec,2008,2008-12-31,49839,480,1,10.048686981201172
SASRec,2008,2008-12-31,49839,589,2,10.042352676391602
SASRec,2008,2008-12-31,49839,434,3,10.019834518432617
SASRec,2008,2008-12-31,49839,318,4,9.983549118041992
SASRec,2008,2008-12-31,49839,593,5,9.969976425170898
SASRec,2008,2008-12-31,49839,10,6,9.810356140136719
SASRec,2008,2008-12-31,49839,231,7,9.77921199798584
SASRec,2008,2008-12-31,49839,377,8,9.754283905029297
SASRec,2008,2008-12-31,49839,296,9,9.54001522064209
SASRec,2008,2008-12-31,49839,185,10,9.534995079040527
SASRec,2008,2008-12-31,49925,2278,1,7.406850814819336
SASRec,2008,2008-12-31,49925,1729,2,7.1532182693481445
SASRec,2008,2008-12-31,49925,2273,3,6.981054306030273
SASRec,2008,2008-12-31,49925,1918,4,6.839147567749023
SASRec,2008,2008-12-31,49925,2427,5,6.787274360656738
SASRec,2008,2008-12-31,49925,2701,6,6.771518230438232
SASRec,2008,2008-12-31,49925,3755,7,6.751351833343506
SASRec,2008,2008-12-31,49925,2490,8,6.555332183837891
SASRec,2008,2008-12-31,49925,1805,9,6.498031139373779
SASRec,2008,2008-12-31,49925,2605,10,6.479744911193848
SASRec,2008,2008-12-31,49948,52328,1,7.284970760345459
SASRec,2008,2008-12-31,49948,48696,2,7.039339065551758
SASRec,2008,2008-12-31,49948,48738,3,6.919262409210205
SASRec,2008,2008-12-31,49948,52722,4,6.909029960632324
SASRec,2008,2008-12-31,49948,50068,5,6.864781379699707
SASRec,2008,2008-12-31,49948,46976,6,6.862190246582031
SASRec,2008,2008-12-31,49948,48516,7,6.8435211181640625
SASRec,2008,2008-12-31,49948,47950,8,6.836391448974609
SASRec,2008,2008-12-31,49948,51255,9,6.797303199768066
SASRec,2008,2008-12-31,49948,53972,10,6.776463508605957
SASRec,2008,2008-12-31,49960,2248,1,6.55626916885376
SASRec,2008,2008-12-31,49960,1246,2,6.132999897003174
SASRec,2008,2008-12-31,49960,356,3,6.108880043029785
SASRec,2008,2008-12-31,49960,2080,4,6.050675868988037
SASRec,2008,2008-12-31,49960,1259,5,5.965299129486084
SASRec,2008,2008-12-31,49960,4361,6,5.961693286895752
SASRec,2008,2008-12-31,49960,1674,7,5.923560619354248
SASRec,2008,2008-12-31,49960,1028,8,5.9070634841918945
SASRec,2008,2008-12-31,49960,5991,9,5.810171604156494
SASRec,2008,2008-12-31,49960,1307,10,5.745477199554443
SASRec,2008,2008-12-31,49967,8949,1,7.586115837097168
SASRec,2008,2008-12-31,49967,8784,2,7.310996055603027
SASRec,2008,2008-12-31,49967,33166,3,7.0917887687683105
SASRec,2008,2008-12-31,49967,6787,4,6.945549011230469
SASRec,2008,2008-12-31,49967,8368,5,6.90095329284668
SASRec,2008,2008-12-31,49967,8636,6,6.868271350860596
SASRec,2008,2008-12-31,49967,40819,7,6.804464817047119
SASRec,2008,2008-12-31,49967,8958,8,6.753081798553467
SASRec,2008,2008-12-31,49967,7438,9,6.6923346519470215
SASRec,2008,2008-12-31,49967,32587,10,6.644086837768555
SASRec,2008,2008-12-31,50342,33166,1,6.799961566925049
SASRec,2008,2008-12-31,50342,46578,2,6.688759803771973
SASRec,2008,2008-12-31,50342,40819,3,6.674541473388672
SASRec,2008,2008-12-31,50342,8970,4,6.620328903198242
SASRec,2008,2008-12-31,50342,40815,5,6.566384792327881
SASRec,2008,2008-12-31,50342,41569,6,6.4756622314453125
SASRec,2008,2008-12-31,50342,34162,7,6.437146186828613
SASRec,2008,2008-12-31,50342,30749,8,6.4248456954956055
SASRec,2008,2008-12-31,50342,35836,9,6.4240312576293945
SASRec,2008,2008-12-31,50342,30812,10,6.403594017028809
SASRec,2008,2008-12-31,50359,48774,1,5.639474391937256
SASRec,2008,2008-12-31,50359,47950,2,5.587951183319092
SASRec,2008,2008-12-31,50359,46578,3,5.188554763793945
SASRec,2008,2008-12-31,50359,49272,4,5.159731864929199
SASRec,2008,2008-12-31,50359,39381,5,5.157113075256348
SASRec,2008,2008-12-31,50359,36276,6,5.066394805908203
SASRec,2008,2008-12-31,50359,42418,7,5.044397830963135
SASRec,2008,2008-12-31,50359,52722,8,5.024797439575195
SASRec,2008,2008-12-31,50359,27904,9,4.973645210266113
SASRec,2008,2008-12-31,50359,25788,10,4.953630447387695
SASRec,2008,2008-12-31,50433,33166,1,5.144115447998047
SASRec,2008,2008-12-31,50433,40583,2,5.082828998565674
SASRec,2008,2008-12-31,50433,33660,3,4.973587989807129
SASRec,2008,2008-12-31,50433,40819,4,4.913006782531738
SASRec,2008,2008-12-31,50433,41285,5,4.899372100830078
SASRec,2008,2008-12-31,50433,41997,6,4.846004009246826
SASRec,2008,2008-12-31,50433,38061,7,4.830235004425049
SASRec,2008,2008-12-31,50433,32587,8,4.801487445831299
SASRec,2008,2008-12-31,50433,36529,9,4.784249305725098
SASRec,2008,2008-12-31,50433,44195,10,4.783775329589844
SASRec,2008,2008-12-31,50581,44191,1,7.394283771514893
SASRec,2008,2008-12-31,50581,46578,2,7.317930221557617
SASRec,2008,2008-12-31,50581,48780,3,7.128536224365234
SASRec,2008,2008-12-31,50581,48774,4,7.040194988250732
SASRec,2008,2008-12-31,50581,32587,5,6.9995198249816895
SASRec,2008,2008-12-31,50581,46976,6,6.9892191886901855
SASRec,2008,2008-12-31,50581,48394,7,6.948087692260742
SASRec,2008,2008-12-31,50581,49272,8,6.948060035705566
SASRec,2008,2008-12-31,50581,44761,9,6.8596296310424805
SASRec,2008,2008-12-31,50581,45950,10,6.749443531036377
SASRec,2008,2008-12-31,50681,45447,1,6.039548397064209
SASRec,2008,2008-12-31,50681,45668,2,5.737708568572998
SASRec,2008,2008-12-31,50681,46578,3,5.71193790435791
SASRec,2008,2008-12-31,50681,40815,4,5.610624313354492
SASRec,2008,2008-12-31,50681,41566,5,5.530481338500977
SASRec,2008,2008-12-31,50681,45501,6,5.391399383544922
SASRec,2008,2008-12-31,50681,41573,7,5.349021911621094
SASRec,2008,2008-12-31,50681,39414,8,5.235997200012207
SASRec,2008,2008-12-31,50681,44004,9,5.212210655212402
SASRec,2008,2008-12-31,50681,27808,10,5.145927429199219
SASRec,2008,2008-12-31,50863,318,1,9.58914566040039
SASRec,2008,2008-12-31,50863,593,2,8.954437255859375
SASRec,2008,2008-12-31,50863,50,3,8.790189743041992
SASRec,2008,2008-12-31,50863,7361,4,8.499717712402344
SASRec,2008,2008-12-31,50863,44191,5,8.415608406066895
SASRec,2008,2008-12-31,50863,858,6,8.35593032836914
SASRec,2008,2008-12-31,50863,32587,7,8.34472370147705
SASRec,2008,2008-12-31,50863,4226,8,8.28348445892334
SASRec,2008,2008-12-31,50863,6016,9,8.08525276184082
SASRec,2008,2008-12-31,50863,1,10,8.071870803833008
SASRec,2008,2008-12-31,50997,44191,1,9.50919246673584
SASRec,2008,2008-12-31,50997,46578,2,9.014266967773438
SASRec,2008,2008-12-31,50997,593,3,8.900634765625
SASRec,2008,2008-12-31,50997,49272,4,8.887543678283691
SASRec,2008,2008-12-31,50997,2571,5,8.813983917236328
SASRec,2008,2008-12-31,50997,50,6,8.789697647094727
SASRec,2008,2008-12-31,50997,48516,7,8.60040283203125
SASRec,2008,2008-12-31,50997,48780,8,8.43074893951416
SASRec,2008,2008-12-31,50997,40815,9,8.36991024017334
SASRec,2008,2008-12-31,50997,48385,10,8.333257675170898
SASRec,2008,2008-12-31,51096,1242,1,10.267926216125488
SASRec,2008,2008-12-31,51096,1304,2,10.152032852172852
SASRec,2008,2008-12-31,51096,1213,3,10.120209693908691
SASRec,2008,2008-12-31,51096,1263,4,9.959761619567871
SASRec,2008,2008-12-31,51096,1222,5,9.875901222229004
SASRec,2008,2008-12-31,51096,1201,6,9.836162567138672
SASRec,2008,2008-12-31,51096,1208,7,9.821451187133789
SASRec,2008,2008-12-31,51096,1196,8,9.773221969604492
SASRec,2008,2008-12-31,51096,923,9,9.757759094238281
SASRec,2008,2008-12-31,51096,1250,10,9.753671646118164
SASRec,2008,2008-12-31,51163,318,1,9.875406265258789
SASRec,2008,2008-12-31,51163,296,2,9.837599754333496
SASRec,2008,2008-12-31,51163,593,3,9.404991149902344
SASRec,2008,2008-12-31,51163,858,4,9.368797302246094
SASRec,2008,2008-12-31,51163,2571,5,9.314287185668945
SASRec,2008,2008-12-31,51163,1196,6,8.987902641296387
SASRec,2008,2008-12-31,51163,50,7,8.98542594909668
SASRec,2008,2008-12-31,51163,44191,8,8.741498947143555
SASRec,2008,2008-12-31,51163,1,9,8.660722732543945
SASRec,2008,2008-12-31,51163,30749,10,8.568094253540039
SASRec,2008,2008-12-31,51699,8666,1,4.864523887634277
SASRec,2008,2008-12-31,51699,7701,2,4.336421489715576
SASRec,2008,2008-12-31,51699,7016,3,4.233765602111816
SASRec,2008,2008-12-31,51699,6888,4,4.149290561676025
SASRec,2008,2008-12-31,51699,8967,5,4.119495391845703
SASRec,2008,2008-12-31,51699,6996,6,4.093335151672363
SASRec,2008,2008-12-31,51699,2381,7,4.090424537658691
SASRec,2008,2008-12-31,51699,6800,8,4.088253021240234
SASRec,2008,2008-12-31,51699,1323,9,4.011141300201416
SASRec,2008,2008-12-31,51699,6793,10,3.9865968227386475
SASRec,2008,2008-12-31,51943,54001,1,8.552119255065918
SASRec,2008,2008-12-31,51943,52722,2,8.45521068572998
SASRec,2008,2008-12-31,51943,54272,3,8.232410430908203
SASRec,2008,2008-12-31,51943,53322,4,8.213194847106934
SASRec,2008,2008-12-31,51943,50872,5,7.999917984008789
SASRec,2008,2008-12-31,51943,51077,6,7.9425272941589355
SASRec,2008,2008-12-31,51943,46976,7,7.895787239074707
SASRec,2008,2008-12-31,51943,46972,8,7.7174224853515625
SASRec,2008,2008-12-31,51943,53121,9,7.7100348472595215
SASRec,2008,2008-12-31,51943,50794,10,7.675606727600098
SASRec,2008,2008-12-31,51956,954,1,7.106640815734863
SASRec,2008,2008-12-31,51956,8337,2,7.036792755126953
SASRec,2008,2008-12-31,51956,6787,3,7.017813682556152
SASRec,2008,2008-12-31,51956,3196,4,6.716874122619629
SASRec,2008,2008-12-31,51956,7706,5,6.704877853393555
SASRec,2008,2008-12-31,51956,7218,6,6.640487194061279
SASRec,2008,2008-12-31,51956,7215,7,6.640012741088867
SASRec,2008,2008-12-31,51956,1944,8,6.625785827636719
SASRec,2008,2008-12-31,51956,7944,9,6.585076332092285
SASRec,2008,2008-12-31,51956,7072,10,6.564475059509277
SASRec,2008,2008-12-31,52329,37741,1,5.89986515045166
SASRec,2008,2008-12-31,52329,41997,2,5.490980625152588
SASRec,2008,2008-12-31,52329,46976,3,5.40154504776001
SASRec,2008,2008-12-31,52329,44199,4,5.3296356201171875
SASRec,2008,2008-12-31,52329,44195,5,5.327529430389404
SASRec,2008,2008-12-31,52329,32587,6,5.290346145629883
SASRec,2008,2008-12-31,52329,41285,7,5.280571460723877
SASRec,2008,2008-12-31,52329,38061,8,5.231762409210205
SASRec,2008,2008-12-31,52329,8966,9,5.229905605316162
SASRec,2008,2008-12-31,52329,36529,10,5.209563732147217
SASRec,2008,2008-12-31,52654,32587,1,6.906093597412109
SASRec,2008,2008-12-31,52654,30812,2,6.509273529052734
SASRec,2008,2008-12-31,52654,46976,3,6.361968994140625
SASRec,2008,2008-12-31,52654,39183,4,6.314523220062256
SASRec,2008,2008-12-31,52654,38061,5,6.2316484451293945
SASRec,2008,2008-12-31,52654,8949,6,6.21259880065918
SASRec,2008,2008-12-31,52654,37741,7,6.178082466125488
SASRec,2008,2008-12-31,52654,41285,8,6.1314921379089355
SASRec,2008,2008-12-31,52654,41566,9,6.1135029792785645
SASRec,2008,2008-12-31,52654,33679,10,6.042463302612305
SASRec,2008,2008-12-31,52670,48774,1,7.287478446960449
SASRec,2008,2008-12-31,52670,48696,2,7.259361743927002
SASRec,2008,2008-12-31,52670,48394,3,6.90089225769043
SASRec,2008,2008-12-31,52670,47629,4,6.763683319091797
SASRec,2008,2008-12-31,52670,46723,5,6.745848655700684
SASRec,2008,2008-12-31,52670,51540,6,6.701747894287109
SASRec,2008,2008-12-31,52670,50068,7,6.675859451293945
SASRec,2008,2008-12-31,52670,48780,8,6.668787479400635
SASRec,2008,2008-12-31,52670,44694,9,6.654504299163818
SASRec,2008,2008-12-31,52670,54272,10,6.590235233306885
SASRec,2008,2008-12-31,52687,46578,1,8.136125564575195
SASRec,2008,2008-12-31,52687,6377,2,8.12459945678711
SASRec,2008,2008-12-31,52687,4973,3,8.012231826782227
SASRec,2008,2008-12-31,52687,4011,4,7.982075214385986
SASRec,2008,2008-12-31,52687,7361,5,7.975436687469482
SASRec,2008,2008-12-31,52687,858,6,7.974192142486572
SASRec,2008,2008-12-31,52687,4306,7,7.904572010040283
SASRec,2008,2008-12-31,52687,5995,8,7.90324592590332
SASRec,2008,2008-12-31,52687,4993,9,7.8698201179504395
SASRec,2008,2008-12-31,52687,32587,10,7.82790994644165
SASRec,2008,2008-12-31,52719,48774,1,6.991607189178467
SASRec,2008,2008-12-31,52719,52328,2,6.714081764221191
SASRec,2008,2008-12-31,52719,48394,3,6.709503650665283
SASRec,2008,2008-12-31,52719,44191,4,6.657231330871582
SASRec,2008,2008-12-31,52719,48516,5,6.460801124572754
SASRec,2008,2008-12-31,52719,46578,6,6.3739142417907715
SASRec,2008,2008-12-31,52719,48780,7,6.35975456237793
SASRec,2008,2008-12-31,52719,51540,8,6.324907302856445
SASRec,2008,2008-12-31,52719,31804,9,6.238853931427002
SASRec,2008,2008-12-31,52719,48738,10,6.178478240966797
SASRec,2008,2008-12-31,52730,49793,1,8.460066795349121
SASRec,2008,2008-12-31,52730,55245,2,8.291483879089355
SASRec,2008,2008-12-31,52730,52375,3,8.238126754760742
SASRec,2008,2008-12-31,52730,51925,4,8.056670188903809
SASRec,2008,2008-12-31,52730,50923,5,7.7499918937683105
SASRec,2008,2008-12-31,52730,48416,6,7.701376914978027
SASRec,2008,2008-12-31,52730,48783,7,7.6298322677612305
SASRec,2008,2008-12-31,52730,55765,8,7.520722389221191
SASRec,2008,2008-12-31,52730,55080,9,7.514533519744873
SASRec,2008,2008-12-31,52730,50068,10,7.504378318786621
SASRec,2008,2008-12-31,52753,8961,1,9.121450424194336
SASRec,2008,2008-12-31,52753,6539,2,8.420759201049805
SASRec,2008,2008-12-31,52753,3578,3,8.398918151855469
SASRec,2008,2008-12-31,52753,7438,4,8.327018737792969
SASRec,2008,2008-12-31,52753,41566,5,8.29777717590332
SASRec,2008,2008-12-31,52753,32587,6,8.137237548828125
SASRec,2008,2008-12-31,52753,30749,7,8.126777648925781
SASRec,2008,2008-12-31,52753,44191,8,8.044946670532227
SASRec,2008,2008-12-31,52753,8970,9,8.041494369506836
SASRec,2008,2008-12-31,52753,2571,10,8.041029930114746
SASRec,2008,2008-12-31,53110,46578,1,7.781011581420898
SASRec,2008,2008-12-31,53110,50068,2,7.50402307510376
SASRec,2008,2008-12-31,53110,49530,3,7.45972204208374
SASRec,2008,2008-12-31,53110,51255,4,7.448302268981934
SASRec,2008,2008-12-31,53110,50872,5,7.426328182220459
SASRec,2008,2008-12-31,53110,53972,6,7.36098575592041
SASRec,2008,2008-12-31,53110,52375,7,7.340662956237793
SASRec,2008,2008-12-31,53110,55765,8,7.338589191436768
SASRec,2008,2008-12-31,53110,52245,9,7.328735828399658
SASRec,2008,2008-12-31,53110,48774,10,7.326915740966797
SASRec,2008,2008-12-31,53205,1918,1,7.139342308044434
SASRec,2008,2008-12-31,53205,2717,2,7.0919508934021
SASRec,2008,2008-12-31,53205,2428,3,6.893743991851807
SASRec,2008,2008-12-31,53205,2161,4,6.862417697906494
SASRec,2008,2008-12-31,53205,2145,5,6.823229789733887
SASRec,2008,2008-12-31,53205,2605,6,6.7806715965271
SASRec,2008,2008-12-31,53205,3247,7,6.728203296661377
SASRec,2008,2008-12-31,53205,2953,8,6.680710315704346
SASRec,2008,2008-12-31,53205,1911,9,6.648521900177002
SASRec,2008,2008-12-31,53205,355,10,6.626378059387207
SASRec,2008,2008-12-31,53437,30749,1,7.988792419433594
SASRec,2008,2008-12-31,53437,7361,2,7.88546085357666
SASRec,2008,2008-12-31,53437,8970,3,7.60377836227417
SASRec,2008,2008-12-31,53437,33166,4,7.481536865234375
SASRec,2008,2008-12-31,53437,8784,5,7.447192668914795
SASRec,2008,2008-12-31,53437,40819,6,7.231349945068359
SASRec,2008,2008-12-31,53437,30707,7,7.204919338226318
SASRec,2008,2008-12-31,53437,30812,8,7.178678512573242
SASRec,2008,2008-12-31,53437,32587,9,7.085996150970459
SASRec,2008,2008-12-31,53437,46578,10,7.026659965515137
SASRec,2008,2008-12-31,53819,4388,1,5.884152889251709
SASRec,2008,2008-12-31,53819,44191,2,5.469710350036621
SASRec,2008,2008-12-31,53819,8666,3,5.378754138946533
SASRec,2008,2008-12-31,53819,8977,4,5.334964752197266
SASRec,2008,2008-12-31,53819,44022,5,5.23772668838501
SASRec,2008,2008-12-31,53819,31221,6,5.206018447875977
SASRec,2008,2008-12-31,53819,34520,7,5.107513427734375
SASRec,2008,2008-12-31,53819,6888,8,5.059103488922119
SASRec,2008,2008-12-31,53819,43928,9,5.0299482345581055
SASRec,2008,2008-12-31,53819,36519,10,5.0233378410339355
SASRec,2008,2008-12-31,54009,466,1,8.980536460876465
SASRec,2008,2008-12-31,54009,370,2,8.932271003723145
SASRec,2008,2008-12-31,54009,186,3,8.44815444946289
SASRec,2008,2008-12-31,54009,2353,4,8.403754234313965
SASRec,2008,2008-12-31,54009,2012,5,8.365458488464355
SASRec,2008,2008-12-31,54009,1552,6,8.361663818359375
SASRec,2008,2008-12-31,54009,2406,7,8.270120620727539
SASRec,2008,2008-12-31,54009,2006,8,8.2567138671875
SASRec,2008,2008-12-31,54009,2054,9,8.256378173828125
SASRec,2008,2008-12-31,54009,1396,10,8.243258476257324
SASRec,2008,2008-12-31,54070,48774,1,5.636773109436035
SASRec,2008,2008-12-31,54070,48783,2,5.386119365692139
SASRec,2008,2008-12-31,54070,47629,3,5.296297550201416
SASRec,2008,2008-12-31,54070,50068,4,5.294394016265869
SASRec,2008,2008-12-31,54070,44204,5,5.276912212371826
SASRec,2008,2008-12-31,54070,36276,6,5.209131240844727
SASRec,2008,2008-12-31,54070,41863,7,5.147494316101074
SASRec,2008,2008-12-31,54070,34536,8,5.1077561378479
SASRec,2008,2008-12-31,54070,53322,9,5.073436737060547
SASRec,2008,2008-12-31,54070,40583,10,5.070623874664307
SASRec,2008,2008-12-31,54082,5952,1,7.2353010177612305
SASRec,2008,2008-12-31,54082,318,2,7.022177696228027
SASRec,2008,2008-12-31,54082,8636,3,6.962882995605469
SASRec,2008,2008-12-31,54082,8622,4,6.841554164886475
SASRec,2008,2008-12-31,54082,4878,5,6.783972263336182
SASRec,2008,2008-12-31,54082,6365,6,6.56960916519165
SASRec,2008,2008-12-31,54082,6934,7,6.540682315826416
SASRec,2008,2008-12-31,54082,6953,8,6.438798904418945
SASRec,2008,2008-12-31,54082,7090,9,6.434073448181152
SASRec,2008,2008-12-31,54082,8464,10,6.4245758056640625
SASRec,2008,2008-12-31,54104,33166,1,6.003048419952393
SASRec,2008,2008-12-31,54104,30749,2,5.990813255310059
SASRec,2008,2008-12-31,54104,8949,3,5.671769618988037
SASRec,2008,2008-12-31,54104,32587,4,5.503857612609863
SASRec,2008,2008-12-31,54104,2329,5,5.503011703491211
SASRec,2008,2008-12-31,54104,37741,6,5.493224143981934
SASRec,2008,2008-12-31,54104,8784,7,5.492677688598633
SASRec,2008,2008-12-31,54104,30812,8,5.445250511169434
SASRec,2008,2008-12-31,54104,30707,9,5.44269323348999
SASRec,2008,2008-12-31,54104,8970,10,5.390760898590088
SASRec,2008,2008-12-31,54450,8361,1,5.859951496124268
SASRec,2008,2008-12-31,54450,8972,2,5.800164699554443
SASRec,2008,2008-12-31,54450,6595,3,5.684967994689941
SASRec,2008,2008-12-31,54450,8957,4,5.653759002685547
SASRec,2008,2008-12-31,54450,6156,5,5.5984930992126465
SASRec,2008,2008-12-31,54450,8865,6,5.562490940093994
SASRec,2008,2008-12-31,54450,8810,7,5.532695293426514
SASRec,2008,2008-12-31,54450,5110,8,5.485201835632324
SASRec,2008,2008-12-31,54450,7325,9,5.379356861114502
SASRec,2008,2008-12-31,54450,6888,10,5.337622165679932
SASRec,2008,2008-12-31,54711,44191,1,8.318428039550781
SASRec,2008,2008-12-31,54711,49272,2,8.085376739501953
SASRec,2008,2008-12-31,54711,46976,3,8.061250686645508
SASRec,2008,2008-12-31,54711,48780,4,7.887308597564697
SASRec,2008,2008-12-31,54711,54286,5,7.78368616104126
SASRec,2008,2008-12-31,54711,41569,6,7.410204887390137
SASRec,2008,2008-12-31,54711,41566,7,7.393741607666016
SASRec,2008,2008-12-31,54711,45447,8,7.3021721839904785
SASRec,2008,2008-12-31,54711,51255,9,7.262803077697754
SASRec,2008,2008-12-31,54711,54272,10,7.261782169342041
SASRec,2008,2008-12-31,54783,46976,1,7.816590309143066
SASRec,2008,2008-12-31,54783,45950,2,7.460943698883057
SASRec,2008,2008-12-31,54783,44191,3,7.390148639678955
SASRec,2008,2008-12-31,54783,37741,4,7.261371612548828
SASRec,2008,2008-12-31,54783,33660,5,7.13323974609375
SASRec,2008,2008-12-31,54783,33166,6,7.072943687438965
SASRec,2008,2008-12-31,54783,44195,7,7.016637802124023
SASRec,2008,2008-12-31,54783,38886,8,6.987984657287598
SASRec,2008,2008-12-31,54783,38061,9,6.910432815551758
SASRec,2008,2008-12-31,54783,45210,10,6.8813982009887695
SASRec,2008,2008-12-31,54962,6942,1,6.91775369644165
SASRec,2008,2008-12-31,54962,6218,2,6.763294219970703
SASRec,2008,2008-12-31,54962,7151,3,6.60882568359375
SASRec,2008,2008-12-31,54962,7149,4,6.506451606750488
SASRec,2008,2008-12-31,54962,8966,5,6.392073631286621
SASRec,2008,2008-12-31,54962,6385,6,6.382909774780273
SASRec,2008,2008-12-31,54962,8949,7,6.375064373016357
SASRec,2008,2008-12-31,54962,30812,8,6.275096416473389
SASRec,2008,2008-12-31,54962,7451,9,6.245754241943359
SASRec,2008,2008-12-31,54962,6863,10,6.2295308113098145
SASRec,2008,2008-12-31,55308,40629,1,5.684704303741455
SASRec,2008,2008-12-31,55308,25856,2,5.499635696411133
SASRec,2008,2008-12-31,55308,26084,3,5.475516319274902
SASRec,2008,2008-12-31,55308,25850,4,5.265655517578125
SASRec,2008,2008-12-31,55308,8718,5,5.2443461418151855
SASRec,2008,2008-12-31,55308,25826,6,5.147218227386475
SASRec,2008,2008-12-31,55308,25954,7,5.111835479736328
SASRec,2008,2008-12-31,55308,46850,8,5.048680782318115
SASRec,2008,2008-12-31,55308,7121,9,5.007966041564941
SASRec,2008,2008-12-31,55308,8463,10,4.982396125793457
SASRec,2008,2008-12-31,55475,586,1,8.920287132263184
SASRec,2008,2008-12-31,55475,4306,2,8.74984073638916
SASRec,2008,2008-12-31,55475,597,3,8.627647399902344
SASRec,2008,2008-12-31,55475,2987,4,8.157966613769531
SASRec,2008,2008-12-31,55475,339,5,8.10090446472168
SASRec,2008,2008-12-31,55475,2706,6,8.089363098144531
SASRec,2008,2008-12-31,55475,589,7,8.063677787780762
SASRec,2008,2008-12-31,55475,434,8,8.058208465576172
SASRec,2008,2008-12-31,55475,288,9,8.02675724029541
SASRec,2008,2008-12-31,55475,357,10,8.01570987701416
SASRec,2008,2008-12-31,55501,44761,1,6.324533462524414
SASRec,2008,2008-12-31,55501,37741,2,6.182422637939453
SASRec,2008,2008-12-31,55501,42418,3,6.106504440307617
SASRec,2008,2008-12-31,55501,41285,4,6.091558456420898
SASRec,2008,2008-12-31,55501,36276,5,6.032206058502197
SASRec,2008,2008-12-31,55501,38061,6,6.015416145324707
SASRec,2008,2008-12-31,55501,40583,7,5.967266082763672
SASRec,2008,2008-12-31,55501,48082,8,5.9519758224487305
SASRec,2008,2008-12-31,55501,46976,9,5.936944961547852
SASRec,2008,2008-12-31,55501,39183,10,5.9088897705078125
SASRec,2008,2008-12-31,55627,52722,1,7.4572649002075195
SASRec,2008,2008-12-31,55627,54001,2,7.441260814666748
SASRec,2008,2008-12-31,55627,46976,3,7.191738128662109
SASRec,2008,2008-12-31,55627,54272,4,6.98900032043457
SASRec,2008,2008-12-31,55627,48780,5,6.939592361450195
SASRec,2008,2008-12-31,55627,53125,6,6.862948417663574
SASRec,2008,2008-12-31,55627,53322,7,6.679059982299805
SASRec,2008,2008-12-31,55627,54503,8,6.669389247894287
SASRec,2008,2008-12-31,55627,52328,9,6.600704193115234
SASRec,2008,2008-12-31,55627,53972,10,6.576238632202148
SASRec,2008,2008-12-31,55855,44191,1,7.685623645782471
SASRec,2008,2008-12-31,55855,318,2,7.439826965332031
SASRec,2008,2008-12-31,55855,51255,3,7.1026082038879395
SASRec,2008,2008-12-31,55855,51077,4,7.083438873291016
SASRec,2008,2008-12-31,55855,480,5,7.0759148597717285
SASRec,2008,2008-12-31,55855,45722,6,7.068506240844727
SASRec,2008,2008-12-31,55855,54272,7,7.067276954650879
SASRec,2008,2008-12-31,55855,590,8,6.950246334075928
SASRec,2008,2008-12-31,55855,736,9,6.905489921569824
SASRec,2008,2008-12-31,55855,780,10,6.791262149810791
SASRec,2008,2008-12-31,56117,27773,1,6.486743450164795
SASRec,2008,2008-12-31,56117,7022,2,6.111550331115723
SASRec,2008,2008-12-31,56117,8370,3,6.074932098388672
SASRec,2008,2008-12-31,56117,48774,4,6.060237407684326
SASRec,2008,2008-12-31,56117,44761,5,5.771524429321289
SASRec,2008,2008-12-31,56117,27904,6,5.7658233642578125
SASRec,2008,2008-12-31,56117,8950,7,5.753551483154297
SASRec,2008,2008-12-31,56117,27266,8,5.682982921600342
SASRec,2008,2008-12-31,56117,4754,9,5.580136775970459
SASRec,2008,2008-12-31,56117,27592,10,5.572612762451172
SASRec,2008,2008-12-31,56331,8951,1,4.389273643493652
SASRec,2008,2008-12-31,56331,38886,2,4.386268138885498
SASRec,2008,2008-12-31,56331,5878,3,4.263271808624268
SASRec,2008,2008-12-31,56331,7384,4,4.223386764526367
SASRec,2008,2008-12-31,56331,2357,5,4.066014766693115
SASRec,2008,2008-12-31,56331,6945,6,4.063107967376709
SASRec,2008,2008-12-31,56331,8365,7,4.005239009857178
SASRec,2008,2008-12-31,56331,5792,8,3.812293529510498
SASRec,2008,2008-12-31,56331,1649,9,3.802788496017456
SASRec,2008,2008-12-31,56331,36535,10,3.7914037704467773
SASRec,2008,2008-12-31,56762,46578,1,8.26678466796875
SASRec,2008,2008-12-31,56762,44191,2,7.970030784606934
SASRec,2008,2008-12-31,56762,54286,3,7.855340003967285
SASRec,2008,2008-12-31,56762,49272,4,7.835236549377441
SASRec,2008,2008-12-31,56762,46976,5,7.766744613647461
SASRec,2008,2008-12-31,56762,45447,6,7.686600208282471
SASRec,2008,2008-12-31,56762,53322,7,7.620509624481201
SASRec,2008,2008-12-31,56762,54272,8,7.567724227905273
SASRec,2008,2008-12-31,56762,52722,9,7.528299331665039
SASRec,2008,2008-12-31,56762,49286,10,7.449393272399902
SASRec,2008,2008-12-31,56777,41285,1,5.852413177490234
SASRec,2008,2008-12-31,56777,46578,2,5.819990634918213
SASRec,2008,2008-12-31,56777,40583,3,5.493585586547852
SASRec,2008,2008-12-31,56777,8950,4,5.423295021057129
SASRec,2008,2008-12-31,56777,46976,5,5.337960243225098
SASRec,2008,2008-12-31,56777,44761,6,5.3365373611450195
SASRec,2008,2008-12-31,56777,41997,7,5.293383598327637
SASRec,2008,2008-12-31,56777,33660,8,5.270556926727295
SASRec,2008,2008-12-31,56777,38061,9,5.1845574378967285
SASRec,2008,2008-12-31,56777,36276,10,5.161141395568848
SASRec,2008,2008-12-31,56980,7361,1,6.468832015991211
SASRec,2008,2008-12-31,56980,32587,2,6.316793918609619
SASRec,2008,2008-12-31,56980,8636,3,6.066043853759766
SASRec,2008,2008-12-31,56980,7438,4,6.0070695877075195
SASRec,2008,2008-12-31,56980,33493,5,5.842957019805908
SASRec,2008,2008-12-31,56980,33794,6,5.8161420822143555
SASRec,2008,2008-12-31,56980,8665,7,5.726183891296387
SASRec,2008,2008-12-31,56980,8961,8,5.722433567047119
SASRec,2008,2008-12-31,56980,34048,9,5.624361991882324
SASRec,2008,2008-12-31,56980,8644,10,5.615898609161377
SASRec,2008,2008-12-31,57047,44191,1,8.976853370666504
SASRec,2008,2008-12-31,57047,49272,2,8.467906951904297
SASRec,2008,2008-12-31,57047,54001,3,8.291449546813965
SASRec,2008,2008-12-31,57047,48385,4,8.278422355651855
SASRec,2008,2008-12-31,57047,54272,5,8.111588478088379
SASRec,2008,2008-12-31,57047,40815,6,7.862717151641846
SASRec,2008,2008-12-31,57047,51255,7,7.823153972625732
SASRec,2008,2008-12-31,57047,45722,8,7.725094318389893
SASRec,2008,2008-12-31,57047,41569,9,7.618999004364014
SASRec,2008,2008-12-31,57047,52722,10,7.603753566741943
SASRec,2008,2008-12-31,57304,27608,1,5.601477146148682
SASRec,2008,2008-12-31,57304,47950,2,5.461408615112305
SASRec,2008,2008-12-31,57304,39419,3,5.306123733520508
SASRec,2008,2008-12-31,57304,45720,4,5.300863265991211
SASRec,2008,2008-12-31,57304,40966,5,5.252416610717773
SASRec,2008,2008-12-31,57304,52722,6,5.232288360595703
SASRec,2008,2008-12-31,57304,45666,7,5.219544410705566
SASRec,2008,2008-12-31,57304,48997,8,5.157071590423584
SASRec,2008,2008-12-31,57304,45880,9,5.1555986404418945
SASRec,2008,2008-12-31,57304,51540,10,5.155538558959961
SASRec,2008,2008-12-31,57514,8972,1,4.389586448669434
SASRec,2008,2008-12-31,57514,53972,2,4.337285041809082
SASRec,2008,2008-12-31,57514,8528,3,4.305266380310059
SASRec,2008,2008-12-31,57514,8361,4,4.217426776885986
SASRec,2008,2008-12-31,57514,33679,5,4.093860626220703
SASRec,2008,2008-12-31,57514,31696,6,4.086667537689209
SASRec,2008,2008-12-31,57514,3755,7,4.028601169586182
SASRec,2008,2008-12-31,57514,8371,8,4.007640838623047
SASRec,2008,2008-12-31,57514,8957,9,3.935011386871338
SASRec,2008,2008-12-31,57514,7373,10,3.9271352291107178
SASRec,2008,2008-12-31,57597,46578,1,8.237473487854004
SASRec,2008,2008-12-31,57597,44191,2,7.9366655349731445
SASRec,2008,2008-12-31,57597,49272,3,7.78772497177124
SASRec,2008,2008-12-31,57597,46976,4,7.5977277755737305
SASRec,2008,2008-12-31,57597,48780,5,7.493974208831787
SASRec,2008,2008-12-31,57597,48516,6,7.486544609069824
SASRec,2008,2008-12-31,57597,48394,7,7.39300537109375
SASRec,2008,2008-12-31,57597,48385,8,7.198100566864014
SASRec,2008,2008-12-31,57597,54286,9,7.074978351593018
SASRec,2008,2008-12-31,57597,41569,10,7.0505146980285645
SASRec,2008,2008-12-31,57737,49932,1,6.349588394165039
SASRec,2008,2008-12-31,57737,26122,2,5.680815696716309
SASRec,2008,2008-12-31,57737,26561,3,5.583770275115967
SASRec,2008,2008-12-31,57737,48394,4,5.565037250518799
SASRec,2008,2008-12-31,57737,25763,5,5.540691375732422
SASRec,2008,2008-12-31,57737,26148,6,5.430443286895752
SASRec,2008,2008-12-31,57737,26492,7,5.416362762451172
SASRec,2008,2008-12-31,57737,52885,8,5.370158672332764
SASRec,2008,2008-12-31,57737,51678,9,5.341451168060303
SASRec,2008,2008-12-31,57737,44694,10,5.3141608238220215
SASRec,2008,2008-12-31,57964,7361,1,5.972390651702881
SASRec,2008,2008-12-31,57964,33166,2,5.8981218338012695
SASRec,2008,2008-12-31,57964,8981,3,5.870698928833008
SASRec,2008,2008-12-31,57964,34437,4,5.709186553955078
SASRec,2008,2008-12-31,57964,8873,5,5.70642614364624
SASRec,2008,2008-12-31,57964,7371,6,5.695461273193359
SASRec,2008,2008-12-31,57964,8784,7,5.6528167724609375
SASRec,2008,2008-12-31,57964,6867,8,5.642994403839111
SASRec,2008,2008-12-31,57964,8973,9,5.62127161026001
SASRec,2008,2008-12-31,57964,7460,10,5.6105875968933105
SASRec,2008,2008-12-31,58044,1242,1,7.076105117797852
SASRec,2008,2008-12-31,58044,1304,2,6.915853977203369
SASRec,2008,2008-12-31,58044,6461,3,6.741509437561035
SASRec,2008,2008-12-31,58044,7027,4,6.619307994842529
SASRec,2008,2008-12-31,58044,7840,5,6.516597747802734
SASRec,2008,2008-12-31,58044,6104,6,6.4603376388549805
SASRec,2008,2008-12-31,58044,1259,7,6.416977405548096
SASRec,2008,2008-12-31,58044,1234,8,6.361388683319092
SASRec,2008,2008-12-31,58044,7387,9,6.344090938568115
SASRec,2008,2008-12-31,58044,3396,10,6.312721252441406
SASRec,2008,2008-12-31,58335,8957,1,6.370998382568359
SASRec,2008,2008-12-31,58335,34048,2,6.365248203277588
SASRec,2008,2008-12-31,58335,34405,3,6.25982666015625
SASRec,2008,2008-12-31,58335,34319,4,6.154869079589844
SASRec,2008,2008-12-31,58335,33493,5,6.114739894866943
SASRec,2008,2008-12-31,58335,34150,6,5.987297534942627
SASRec,2008,2008-12-31,58335,8644,7,5.981290817260742
SASRec,2008,2008-12-31,58335,33679,8,5.9406352043151855
SASRec,2008,2008-12-31,58335,8983,9,5.921848297119141
SASRec,2008,2008-12-31,58335,33615,10,5.9103779792785645
SASRec,2008,2008-12-31,58809,41569,1,7.777840614318848
SASRec,2008,2008-12-31,58809,32587,2,7.641027450561523
SASRec,2008,2008-12-31,58809,45499,3,7.466626167297363
SASRec,2008,2008-12-31,58809,54286,4,7.338531017303467
SASRec,2008,2008-12-31,58809,46578,5,7.2603535652160645
SASRec,2008,2008-12-31,58809,53972,6,7.111188888549805
SASRec,2008,2008-12-31,58809,45431,7,7.080212593078613
SASRec,2008,2008-12-31,58809,52722,8,7.078022480010986
SASRec,2008,2008-12-31,58809,8961,9,7.054615020751953
SASRec,2008,2008-12-31,58809,48385,10,7.049034595489502
SASRec,2008,2008-12-31,58920,49272,1,8.27116870880127
SASRec,2008,2008-12-31,58920,51255,2,8.263813972473145
SASRec,2008,2008-12-31,58920,46578,3,8.25849723815918
SASRec,2008,2008-12-31,58920,54272,4,8.174981117248535
SASRec,2008,2008-12-31,58920,53972,5,8.153613090515137
SASRec,2008,2008-12-31,58920,54001,6,8.038222312927246
SASRec,2008,2008-12-31,58920,48394,7,7.955487251281738
SASRec,2008,2008-12-31,58920,48385,8,7.93764066696167
SASRec,2008,2008-12-31,58920,52722,9,7.909488677978516
SASRec,2008,2008-12-31,58920,52328,10,7.733856678009033
SASRec,2008,2008-12-31,59335,36535,1,5.826384544372559
SASRec,2008,2008-12-31,59335,50685,2,5.734203815460205
SASRec,2008,2008-12-31,59335,33819,3,5.702530860900879
SASRec,2008,2008-12-31,59335,49961,4,5.518712043762207
SASRec,2008,2008-12-31,59335,39419,5,5.458771228790283
SASRec,2008,2008-12-31,59335,46976,6,5.437848091125488
SASRec,2008,2008-12-31,59335,45950,7,5.379258632659912
SASRec,2008,2008-12-31,59335,31903,8,5.271524429321289
SASRec,2008,2008-12-31,59335,39414,9,5.2608489990234375
SASRec,2008,2008-12-31,59335,43684,10,5.257965087890625
SASRec,2008,2008-12-31,59426,7153,1,7.046870231628418
SASRec,2008,2008-12-31,59426,8644,2,6.819993495941162
SASRec,2008,2008-12-31,59426,4993,3,6.790196418762207
SASRec,2008,2008-12-31,59426,32587,4,6.713884353637695
SASRec,2008,2008-12-31,59426,34048,5,6.685267925262451
SASRec,2008,2008-12-31,59426,6365,6,6.680477142333984
SASRec,2008,2008-12-31,59426,6934,7,6.56303596496582
SASRec,2008,2008-12-31,59426,7254,8,6.532766819000244
SASRec,2008,2008-12-31,59426,5952,9,6.496553421020508
SASRec,2008,2008-12-31,59426,6373,10,6.462693214416504
SASRec,2008,2008-12-31,59544,8665,1,6.907951354980469
SASRec,2008,2008-12-31,59544,6979,2,6.627621173858643
SASRec,2008,2008-12-31,59544,7143,3,6.569169044494629
SASRec,2008,2008-12-31,59544,7022,4,6.548750877380371
SASRec,2008,2008-12-31,59544,8983,5,6.528320789337158
SASRec,2008,2008-12-31,59544,8622,6,6.49115514755249
SASRec,2008,2008-12-31,59544,8360,7,6.454773426055908
SASRec,2008,2008-12-31,59544,7254,8,6.446730136871338
SASRec,2008,2008-12-31,59544,7361,9,6.3150248527526855
SASRec,2008,2008-12-31,59544,7360,10,6.300974369049072
SASRec,2008,2008-12-31,59998,4654,1,5.997023582458496
SASRec,2008,2008-12-31,59998,4502,2,5.8463029861450195
SASRec,2008,2008-12-31,59998,4509,3,5.781058311462402
SASRec,2008,2008-12-31,59998,4613,4,5.776537895202637
SASRec,2008,2008-12-31,59998,4132,5,5.484166622161865
SASRec,2008,2008-12-31,59998,4603,6,5.452242374420166
SASRec,2008,2008-12-31,59998,5584,7,5.44927978515625
SASRec,2008,2008-12-31,59998,4621,8,5.437893390655518
SASRec,2008,2008-12-31,59998,2796,9,5.425002574920654
SASRec,2008,2008-12-31,59998,5582,10,5.421318054199219
SASRec,2008,2008-12-31,60119,48738,1,6.223412036895752
SASRec,2008,2008-12-31,60119,44761,2,6.178695201873779
SASRec,2008,2008-12-31,60119,46723,3,6.171360015869141
SASRec,2008,2008-12-31,60119,50068,4,6.160564422607422
SASRec,2008,2008-12-31,60119,54286,5,6.1275105476379395
SASRec,2008,2008-12-31,60119,54272,6,6.1248579025268555
SASRec,2008,2008-12-31,60119,54001,7,6.081427097320557
SASRec,2008,2008-12-31,60119,52722,8,6.072324752807617
SASRec,2008,2008-12-31,60119,49530,9,6.065379619598389
SASRec,2008,2008-12-31,60119,49822,10,6.014103889465332
SASRec,2008,2008-12-31,60340,2012,1,9.429787635803223
SASRec,2008,2008-12-31,60340,1517,2,9.092875480651855
SASRec,2008,2008-12-31,60340,370,3,9.025001525878906
SASRec,2008,2008-12-31,60340,2502,4,8.952752113342285
SASRec,2008,2008-12-31,60340,432,5,8.936817169189453
SASRec,2008,2008-12-31,60340,1917,6,8.931926727294922
SASRec,2008,2008-12-31,60340,1080,7,8.86366081237793
SASRec,2008,2008-12-31,60340,466,8,8.863504409790039
SASRec,2008,2008-12-31,60340,1485,9,8.806294441223145
SASRec,2008,2008-12-31,60340,442,10,8.755566596984863
SASRec,2008,2008-12-31,60962,3535,1,8.624358177185059
SASRec,2008,2008-12-31,60962,4447,2,8.57276439666748
SASRec,2008,2008-12-31,60962,4718,3,8.53869915008545
SASRec,2008,2008-12-31,60962,4246,4,8.446102142333984
SASRec,2008,2008-12-31,60962,4975,5,8.445699691772461
SASRec,2008,2008-12-31,60962,3785,6,8.4075345993042
SASRec,2008,2008-12-31,60962,4643,7,8.284622192382812
SASRec,2008,2008-12-31,60962,4270,8,8.15555477142334
SASRec,2008,2008-12-31,60962,3994,9,8.132453918457031
SASRec,2008,2008-12-31,60962,4367,10,8.126708984375
SASRec,2008,2008-12-31,60995,296,1,9.912952423095703
SASRec,2008,2008-12-31,60995,593,2,9.213433265686035
SASRec,2008,2008-12-31,60995,2571,3,8.45414924621582
SASRec,2008,2008-12-31,60995,32587,4,8.17289924621582
SASRec,2008,2008-12-31,60995,47,5,8.049588203430176
SASRec,2008,2008-12-31,60995,1196,6,7.977428436279297
SASRec,2008,2008-12-31,60995,527,7,7.973950386047363
SASRec,2008,2008-12-31,60995,1089,8,7.972225189208984
SASRec,2008,2008-12-31,60995,2762,9,7.956122398376465
SASRec,2008,2008-12-31,60995,111,10,7.941426753997803
SASRec,2008,2008-12-31,61092,51255,1,7.814370155334473
SASRec,2008,2008-12-31,61092,48738,2,7.679434776306152
SASRec,2008,2008-12-31,61092,50068,3,7.517953872680664
SASRec,2008,2008-12-31,61092,49530,4,7.44606876373291
SASRec,2008,2008-12-31,61092,54001,5,7.376526355743408
SASRec,2008,2008-12-31,61092,51662,6,7.288942337036133
SASRec,2008,2008-12-31,61092,44195,7,7.247859001159668
SASRec,2008,2008-12-31,61092,47610,8,7.181589126586914
SASRec,2008,2008-12-31,61092,30749,9,7.139555931091309
SASRec,2008,2008-12-31,61092,48082,10,7.060132026672363
SASRec,2008,2008-12-31,61108,52722,1,8.167181015014648
SASRec,2008,2008-12-31,61108,51255,2,8.009974479675293
SASRec,2008,2008-12-31,61108,54272,3,7.981128215789795
SASRec,2008,2008-12-31,61108,50872,4,7.8477020263671875
SASRec,2008,2008-12-31,61108,54503,5,7.8386077880859375
SASRec,2008,2008-12-31,61108,52328,6,7.773149013519287
SASRec,2008,2008-12-31,61108,46578,7,7.629744529724121
SASRec,2008,2008-12-31,61108,52458,8,7.602524757385254
SASRec,2008,2008-12-31,61108,53322,9,7.600993633270264
SASRec,2008,2008-12-31,61108,47950,10,7.592896461486816
SASRec,2008,2008-12-31,61402,44191,1,8.251297950744629
SASRec,2008,2008-12-31,61402,41566,2,7.732168674468994
SASRec,2008,2008-12-31,61402,45447,3,7.731402397155762
SASRec,2008,2008-12-31,61402,54001,4,7.456291198730469
SASRec,2008,2008-12-31,61402,45722,5,7.395877838134766
SASRec,2008,2008-12-31,61402,32587,6,7.272328853607178
SASRec,2008,2008-12-31,61402,45499,7,7.204467296600342
SASRec,2008,2008-12-31,61402,46578,8,7.168299198150635
SASRec,2008,2008-12-31,61402,48385,9,7.106649398803711
SASRec,2008,2008-12-31,61402,33493,10,6.971639633178711
SASRec,2008,2008-12-31,61418,6016,1,6.23056697845459
SASRec,2008,2008-12-31,61418,32587,2,6.02846097946167
SASRec,2008,2008-12-31,61418,8983,3,6.023499965667725
SASRec,2008,2008-12-31,61418,5617,4,5.999841690063477
SASRec,2008,2008-12-31,61418,8966,5,5.973289489746094
SASRec,2008,2008-12-31,61418,37729,6,5.956705093383789
SASRec,2008,2008-12-31,61418,6953,7,5.956687927246094
SASRec,2008,2008-12-31,61418,8873,8,5.8867597579956055
SASRec,2008,2008-12-31,61418,4235,9,5.850129127502441
SASRec,2008,2008-12-31,61418,7371,10,5.838369846343994
SASRec,2008,2008-12-31,61604,46578,1,7.586520671844482
SASRec,2008,2008-12-31,61604,44191,2,7.306914329528809
SASRec,2008,2008-12-31,61604,53322,3,7.292540073394775
SASRec,2008,2008-12-31,61604,52722,4,7.247629642486572
SASRec,2008,2008-12-31,61604,54286,5,7.23668909072876
SASRec,2008,2008-12-31,61604,45666,6,7.214346885681152
SASRec,2008,2008-12-31,61604,45668,7,7.188889503479004
SASRec,2008,2008-12-31,61604,46976,8,7.166552543640137
SASRec,2008,2008-12-31,61604,49286,9,6.98759651184082
SASRec,2008,2008-12-31,61604,45431,10,6.968877792358398
SASRec,2008,2008-12-31,61644,7387,1,5.103595733642578
SASRec,2008,2008-12-31,61644,33834,2,4.919068336486816
SASRec,2008,2008-12-31,61644,4754,3,4.886661529541016
SASRec,2008,2008-12-31,61644,8196,4,4.792004108428955
SASRec,2008,2008-12-31,61644,3018,5,4.768904209136963
SASRec,2008,2008-12-31,61644,8957,6,4.743790149688721
SASRec,2008,2008-12-31,61644,6774,7,4.723613262176514
SASRec,2008,2008-12-31,61644,841,8,4.643651485443115
SASRec,2008,2008-12-31,61644,27317,9,4.54777193069458
SASRec,2008,2008-12-31,61644,1258,10,4.547482490539551
SASRec,2008,2008-12-31,61651,46976,1,8.296454429626465
SASRec,2008,2008-12-31,61651,49272,2,7.866239547729492
SASRec,2008,2008-12-31,61651,47950,3,7.7641520500183105
SASRec,2008,2008-12-31,61651,48774,4,7.751213073730469
SASRec,2008,2008-12-31,61651,54272,5,7.706921100616455
SASRec,2008,2008-12-31,61651,48696,6,7.704139709472656
SASRec,2008,2008-12-31,61651,50872,7,7.687554836273193
SASRec,2008,2008-12-31,61651,54503,8,7.647583961486816
SASRec,2008,2008-12-31,61651,51255,9,7.580022811889648
SASRec,2008,2008-12-31,61651,48385,10,7.4238433837890625
SASRec,2008,2008-12-31,62141,2054,1,7.1631927490234375
SASRec,2008,2008-12-31,62141,2012,2,6.002871990203857
SASRec,2008,2008-12-31,62141,2699,3,5.830961227416992
SASRec,2008,2008-12-31,62141,3948,4,5.712508201599121
SASRec,2008,2008-12-31,62141,2081,5,5.6860833168029785
SASRec,2008,2008-12-31,62141,6537,6,5.680749893188477
SASRec,2008,2008-12-31,62141,5218,7,5.662904262542725
SASRec,2008,2008-12-31,62141,4571,8,5.612993240356445
SASRec,2008,2008-12-31,62141,3623,9,5.506191730499268
SASRec,2008,2008-12-31,62141,4886,10,5.460511207580566
SASRec,2008,2008-12-31,62260,46578,1,7.976013660430908
SASRec,2008,2008-12-31,62260,53972,2,7.672876358032227
SASRec,2008,2008-12-31,62260,52722,3,7.573163032531738
SASRec,2008,2008-12-31,62260,48385,4,7.557337760925293
SASRec,2008,2008-12-31,62260,34405,5,7.377246379852295
SASRec,2008,2008-12-31,62260,45431,6,7.316195964813232
SASRec,2008,2008-12-31,62260,5218,7,7.2880859375
SASRec,2008,2008-12-31,62260,480,8,7.141864776611328
SASRec,2008,2008-12-31,62260,54272,9,7.134422302246094
SASRec,2008,2008-12-31,62260,8360,10,6.960930824279785
SASRec,2008,2008-12-31,62315,44191,1,9.631199836730957
SASRec,2008,2008-12-31,62315,318,2,9.160704612731934
SASRec,2008,2008-12-31,62315,32587,3,9.046509742736816
SASRec,2008,2008-12-31,62315,2571,4,8.892991065979004
SASRec,2008,2008-12-31,62315,593,5,8.675000190734863
SASRec,2008,2008-12-31,62315,46578,6,8.42578125
SASRec,2008,2008-12-31,62315,7438,7,8.37352180480957
SASRec,2008,2008-12-31,62315,4226,8,8.347505569458008
SASRec,2008,2008-12-31,62315,3578,9,8.232275009155273
SASRec,2008,2008-12-31,62315,48516,10,8.20312786102295
SASRec,2008,2008-12-31,62629,30810,1,5.598469257354736
SASRec,2008,2008-12-31,62629,8983,2,5.451198101043701
SASRec,2008,2008-12-31,62629,33166,3,5.426835536956787
SASRec,2008,2008-12-31,62629,41569,4,5.391127586364746
SASRec,2008,2008-12-31,62629,30793,5,5.337202548980713
SASRec,2008,2008-12-31,62629,41285,6,5.26857852935791
SASRec,2008,2008-12-31,62629,8376,7,5.255276203155518
SASRec,2008,2008-12-31,62629,7451,8,5.211923599243164
SASRec,2008,2008-12-31,62629,8970,9,5.197709083557129
SASRec,2008,2008-12-31,62629,8366,10,5.187774658203125
SASRec,2008,2008-12-31,62671,48394,1,7.968319892883301
SASRec,2008,2008-12-31,62671,48385,2,7.677323818206787
SASRec,2008,2008-12-31,62671,48774,3,7.620092391967773
SASRec,2008,2008-12-31,62671,54286,4,7.548218727111816
SASRec,2008,2008-12-31,62671,51255,5,7.468277931213379
SASRec,2008,2008-12-31,62671,48738,6,7.151288986206055
SASRec,2008,2008-12-31,62671,41569,7,7.055628776550293
SASRec,2008,2008-12-31,62671,40815,8,7.033252716064453
SASRec,2008,2008-12-31,62671,49530,9,7.028112411499023
SASRec,2008,2008-12-31,62671,50068,10,6.856979846954346
SASRec,2008,2008-12-31,62860,8751,1,6.54624605178833
SASRec,2008,2008-12-31,62860,4426,2,6.494579792022705
SASRec,2008,2008-12-31,62860,7335,3,6.093505382537842
SASRec,2008,2008-12-31,62860,7792,4,6.084043502807617
SASRec,2008,2008-12-31,62860,8338,5,6.081155300140381
SASRec,2008,2008-12-31,62860,6852,6,5.899722099304199
SASRec,2008,2008-12-31,62860,7217,7,5.8473358154296875
SASRec,2008,2008-12-31,62860,32179,8,5.842400550842285
SASRec,2008,2008-12-31,62860,5169,9,5.771105766296387
SASRec,2008,2008-12-31,62860,5932,10,5.655796051025391
SASRec,2008,2008-12-31,62891,52722,1,7.737100601196289
SASRec,2008,2008-12-31,62891,54001,2,7.673575401306152
SASRec,2008,2008-12-31,62891,52375,3,7.620509147644043
SASRec,2008,2008-12-31,62891,54272,4,7.614380359649658
SASRec,2008,2008-12-31,62891,53322,5,7.602205276489258
SASRec,2008,2008-12-31,62891,49793,6,7.6014299392700195
SASRec,2008,2008-12-31,62891,54286,7,7.578124523162842
SASRec,2008,2008-12-31,62891,46578,8,7.523491382598877
SASRec,2008,2008-12-31,62891,47950,9,7.45302677154541
SASRec,2008,2008-12-31,62891,49286,10,7.391540050506592
SASRec,2008,2008-12-31,63111,95,1,10.836705207824707
SASRec,2008,2008-12-31,63111,185,2,10.81022834777832
SASRec,2008,2008-12-31,63111,288,3,10.723130226135254
SASRec,2008,2008-12-31,63111,420,4,10.488262176513672
SASRec,2008,2008-12-31,63111,225,5,10.377984046936035
SASRec,2008,2008-12-31,63111,50,6,10.347887992858887
SASRec,2008,2008-12-31,63111,39,7,10.339597702026367
SASRec,2008,2008-12-31,63111,339,8,10.319790840148926
SASRec,2008,2008-12-31,63111,208,9,10.290136337280273
SASRec,2008,2008-12-31,63111,32,10,10.287738800048828
SASRec,2008,2008-12-31,63190,44191,1,8.408251762390137
SASRec,2008,2008-12-31,63190,480,2,7.6279520988464355
SASRec,2008,2008-12-31,63190,45722,3,7.561367034912109
SASRec,2008,2008-12-31,63190,858,4,7.5137619972229
SASRec,2008,2008-12-31,63190,53972,5,7.379047870635986
SASRec,2008,2008-12-31,63190,40815,6,7.35158634185791
SASRec,2008,2008-12-31,63190,51255,7,7.337282657623291
SASRec,2008,2008-12-31,63190,54001,8,7.306201457977295
SASRec,2008,2008-12-31,63190,54272,9,7.28566837310791
SASRec,2008,2008-12-31,63190,593,10,7.208966255187988
SASRec,2008,2008-12-31,63437,32587,1,6.9179582595825195
SASRec,2008,2008-12-31,63437,8636,2,6.708892822265625
SASRec,2008,2008-12-31,63437,30707,3,6.661186218261719
SASRec,2008,2008-12-31,63437,8874,4,6.634276866912842
SASRec,2008,2008-12-31,63437,8784,5,6.535879135131836
SASRec,2008,2008-12-31,63437,8798,6,6.283227920532227
SASRec,2008,2008-12-31,63437,33166,7,6.13844108581543
SASRec,2008,2008-12-31,63437,7361,8,6.134849548339844
SASRec,2008,2008-12-31,63437,8970,9,6.125679969787598
SASRec,2008,2008-12-31,63437,8360,10,6.108772277832031
SASRec,2008,2008-12-31,63476,44191,1,8.193416595458984
SASRec,2008,2008-12-31,63476,48394,2,7.623866558074951
SASRec,2008,2008-12-31,63476,48516,3,7.540031909942627
SASRec,2008,2008-12-31,63476,46578,4,7.452771186828613
SASRec,2008,2008-12-31,63476,54272,5,7.428647994995117
SASRec,2008,2008-12-31,63476,48385,6,7.418539524078369
SASRec,2008,2008-12-31,63476,48774,7,7.374456405639648
SASRec,2008,2008-12-31,63476,52328,8,7.314722537994385
SASRec,2008,2008-12-31,63476,54286,9,7.030069828033447
SASRec,2008,2008-12-31,63476,54001,10,6.9499616622924805
SASRec,2008,2008-12-31,64270,3606,1,9.055635452270508
SASRec,2008,2008-12-31,64270,918,2,8.799559593200684
SASRec,2008,2008-12-31,64270,3061,3,8.249332427978516
SASRec,2008,2008-12-31,64270,1951,4,7.894758224487305
SASRec,2008,2008-12-31,64270,938,5,7.747720718383789
SASRec,2008,2008-12-31,64270,914,6,7.626194000244141
SASRec,2008,2008-12-31,64270,3097,7,7.619807243347168
SASRec,2008,2008-12-31,64270,905,8,7.521975517272949
SASRec,2008,2008-12-31,64270,2096,9,7.482122898101807
SASRec,2008,2008-12-31,64270,2080,10,7.410199165344238
SASRec,2008,2008-12-31,64330,2826,1,5.4854841232299805
SASRec,2008,2008-12-31,64330,2953,2,5.293298244476318
SASRec,2008,2008-12-31,64330,3082,3,5.266153335571289
SASRec,2008,2008-12-31,64330,4367,4,5.253582954406738
SASRec,2008,2008-12-31,64330,4344,5,5.21096134185791
SASRec,2008,2008-12-31,64330,3752,6,5.164549827575684
SASRec,2008,2008-12-31,64330,2722,7,4.989830017089844
SASRec,2008,2008-12-31,64330,45447,8,4.982128143310547
SASRec,2008,2008-12-31,64330,1608,9,4.960144519805908
SASRec,2008,2008-12-31,64330,2428,10,4.946018218994141
SASRec,2008,2008-12-31,64337,4993,1,8.331113815307617
SASRec,2008,2008-12-31,64337,296,2,8.024206161499023
SASRec,2008,2008-12-31,64337,44191,3,8.010452270507812
SASRec,2008,2008-12-31,64337,4011,4,7.932476997375488
SASRec,2008,2008-12-31,64337,4878,5,7.924001693725586
SASRec,2008,2008-12-31,64337,6377,6,7.851935863494873
SASRec,2008,2008-12-31,64337,2959,7,7.7926506996154785
SASRec,2008,2008-12-31,64337,7438,8,7.787204265594482
SASRec,2008,2008-12-31,64337,7153,9,7.777985095977783
SASRec,2008,2008-12-31,64337,3996,10,7.591724872589111
SASRec,2008,2008-12-31,64347,54286,1,8.03400993347168
SASRec,2008,2008-12-31,64347,54503,2,7.9906792640686035
SASRec,2008,2008-12-31,64347,54272,3,7.878278732299805
SASRec,2008,2008-12-31,64347,50872,4,7.812845230102539
SASRec,2008,2008-12-31,64347,47950,5,7.745723724365234
SASRec,2008,2008-12-31,64347,49793,6,7.735071659088135
SASRec,2008,2008-12-31,64347,52722,7,7.698087215423584
SASRec,2008,2008-12-31,64347,54001,8,7.691113471984863
SASRec,2008,2008-12-31,64347,52644,9,7.6511945724487305
SASRec,2008,2008-12-31,64347,50685,10,7.5302653312683105
SASRec,2008,2008-12-31,64360,3578,1,7.382558345794678
SASRec,2008,2008-12-31,64360,380,2,7.361316680908203
SASRec,2008,2008-12-31,64360,434,3,7.262456893920898
SASRec,2008,2008-12-31,64360,344,4,7.198613166809082
SASRec,2008,2008-12-31,64360,10,5,7.024331569671631
SASRec,2008,2008-12-31,64360,590,6,6.997104167938232
SASRec,2008,2008-12-31,64360,208,7,6.875337600708008
SASRec,2008,2008-12-31,64360,1210,8,6.770760536193848
SASRec,2008,2008-12-31,64360,1,9,6.706611633300781
SASRec,2008,2008-12-31,64360,316,10,6.6909942626953125
SASRec,2008,2008-12-31,64527,44788,1,6.2239837646484375
SASRec,2008,2008-12-31,64527,47950,2,6.084873199462891
SASRec,2008,2008-12-31,64527,45950,3,5.900341033935547
SASRec,2008,2008-12-31,64527,50685,4,5.7476959228515625
SASRec,2008,2008-12-31,64527,27879,5,5.683648109436035
SASRec,2008,2008-12-31,64527,44694,6,5.679769515991211
SASRec,2008,2008-12-31,64527,38886,7,5.6422576904296875
SASRec,2008,2008-12-31,64527,26148,8,5.595044136047363
SASRec,2008,2008-12-31,64527,38304,9,5.59420108795166
SASRec,2008,2008-12-31,64527,44204,10,5.520219326019287
SASRec,2008,2008-12-31,64718,44191,1,8.153316497802734
SASRec,2008,2008-12-31,64718,7438,2,7.558588027954102
SASRec,2008,2008-12-31,64718,30749,3,7.557692050933838
SASRec,2008,2008-12-31,64718,33166,4,7.401456356048584
SASRec,2008,2008-12-31,64718,593,5,7.340066432952881
SASRec,2008,2008-12-31,64718,4993,6,7.056319236755371
SASRec,2008,2008-12-31,64718,49272,7,6.997899055480957
SASRec,2008,2008-12-31,64718,6874,8,6.994626998901367
SASRec,2008,2008-12-31,64718,8949,9,6.977245807647705
SASRec,2008,2008-12-31,64718,5669,10,6.964219093322754
SASRec,2008,2008-12-31,64756,39414,1,6.451544761657715
SASRec,2008,2008-12-31,64756,40819,2,6.421683311462402
SASRec,2008,2008-12-31,64756,42015,3,6.342855453491211
SASRec,2008,2008-12-31,64756,33669,4,6.310214042663574
SASRec,2008,2008-12-31,64756,31433,5,6.240268707275391
SASRec,2008,2008-12-31,64756,38798,6,6.194630146026611
SASRec,2008,2008-12-31,64756,33639,7,6.1376953125
SASRec,2008,2008-12-31,64756,31225,8,6.133908271789551
SASRec,2008,2008-12-31,64756,27790,9,5.983583450317383
SASRec,2008,2008-12-31,64756,39449,10,5.959871292114258
SASRec,2008,2008-12-31,64778,44191,1,7.065705299377441
SASRec,2008,2008-12-31,64778,45447,2,6.890641212463379
SASRec,2008,2008-12-31,64778,32587,3,6.843454837799072
SASRec,2008,2008-12-31,64778,34048,4,6.799496173858643
SASRec,2008,2008-12-31,64778,41569,5,6.601505279541016
SASRec,2008,2008-12-31,64778,34405,6,6.440927982330322
SASRec,2008,2008-12-31,64778,46578,7,6.3071465492248535
SASRec,2008,2008-12-31,64778,46530,8,6.289603233337402
SASRec,2008,2008-12-31,64778,8644,9,6.256071090698242
SASRec,2008,2008-12-31,64778,8957,10,6.241636276245117
SASRec,2008,2008-12-31,64956,45447,1,6.738729953765869
SASRec,2008,2008-12-31,64956,54001,2,6.48091983795166
SASRec,2008,2008-12-31,64956,46578,3,6.401352882385254
SASRec,2008,2008-12-31,64956,40815,4,6.326906204223633
SASRec,2008,2008-12-31,64956,48516,5,6.253486633300781
SASRec,2008,2008-12-31,64956,44022,6,6.2344255447387695
SASRec,2008,2008-12-31,64956,34150,7,6.162815093994141
SASRec,2008,2008-12-31,64956,33615,8,6.158891677856445
SASRec,2008,2008-12-31,64956,54286,9,6.127926349639893
SASRec,2008,2008-12-31,64956,48394,10,6.048656940460205
SASRec,2008,2008-12-31,65249,40815,1,6.82196569442749
SASRec,2008,2008-12-31,65249,8961,2,6.665658473968506
SASRec,2008,2008-12-31,65249,41566,3,6.542304515838623
SASRec,2008,2008-12-31,65249,8368,4,6.224767684936523
SASRec,2008,2008-12-31,65249,1,5,5.966611385345459
SASRec,2008,2008-12-31,65249,588,6,5.9604387283325195
SASRec,2008,2008-12-31,65249,33493,7,5.9444756507873535
SASRec,2008,2008-12-31,65249,8636,8,5.912717819213867
SASRec,2008,2008-12-31,65249,46578,9,5.797726631164551
SASRec,2008,2008-12-31,65249,8970,10,5.759629249572754
SASRec,2008,2008-12-31,65996,45447,1,7.524206638336182
SASRec,2008,2008-12-31,65996,5378,2,7.24926233291626
SASRec,2008,2008-12-31,65996,5218,3,7.194769859313965
SASRec,2008,2008-12-31,65996,54001,4,7.076940536499023
SASRec,2008,2008-12-31,65996,44191,5,6.957696437835693
SASRec,2008,2008-12-31,65996,3977,6,6.905685901641846
SASRec,2008,2008-12-31,65996,45517,7,6.756499290466309
SASRec,2008,2008-12-31,65996,3753,8,6.7188825607299805
SASRec,2008,2008-12-31,65996,3994,9,6.675846099853516
SASRec,2008,2008-12-31,65996,3793,10,6.659419536590576
SASRec,2008,2008-12-31,66193,968,1,6.854671955108643
SASRec,2008,2008-12-31,66193,2288,2,6.786515712738037
SASRec,2008,2008-12-31,66193,7099,3,6.677405834197998
SASRec,2008,2008-12-31,66193,7387,4,6.651185035705566
SASRec,2008,2008-12-31,66193,1748,5,6.457691669464111
SASRec,2008,2008-12-31,66193,27904,6,6.379821300506592
SASRec,2008,2008-12-31,66193,6350,7,6.25439453125
SASRec,2008,2008-12-31,66193,7360,8,6.2504658699035645
SASRec,2008,2008-12-31,66193,6502,9,6.231453895568848
SASRec,2008,2008-12-31,66193,6242,10,6.204226016998291
SASRec,2008,2008-12-31,66277,52328,1,5.332952499389648
SASRec,2008,2008-12-31,66277,31804,2,5.269309997558594
SASRec,2008,2008-12-31,66277,43936,3,5.18990421295166
SASRec,2008,2008-12-31,66277,48774,4,5.170185089111328
SASRec,2008,2008-12-31,66277,48394,5,5.017461776733398
SASRec,2008,2008-12-31,66277,40732,6,4.997575283050537
SASRec,2008,2008-12-31,66277,52722,7,4.910087585449219
SASRec,2008,2008-12-31,66277,48516,8,4.85961389541626
SASRec,2008,2008-12-31,66277,50794,9,4.852028846740723
SASRec,2008,2008-12-31,66277,48385,10,4.744490623474121
SASRec,2008,2008-12-31,66532,48516,1,7.898710250854492
SASRec,2008,2008-12-31,66532,48774,2,7.623672962188721
SASRec,2008,2008-12-31,66532,48385,3,7.4276123046875
SASRec,2008,2008-12-31,66532,54272,4,7.375398635864258
SASRec,2008,2008-12-31,66532,48696,5,7.351959228515625
SASRec,2008,2008-12-31,66532,54286,6,7.276010513305664
SASRec,2008,2008-12-31,66532,44195,7,7.174113750457764
SASRec,2008,2008-12-31,66532,48082,8,7.157263278961182
SASRec,2008,2008-12-31,66532,50068,9,7.108850955963135
SASRec,2008,2008-12-31,66532,51540,10,7.030218601226807
SASRec,2008,2008-12-31,66569,46578,1,8.373161315917969
SASRec,2008,2008-12-31,66569,44191,2,7.954579830169678
SASRec,2008,2008-12-31,66569,54286,3,7.832588195800781
SASRec,2008,2008-12-31,66569,48780,4,7.673396110534668
SASRec,2008,2008-12-31,66569,48385,5,7.669943332672119
SASRec,2008,2008-12-31,66569,46976,6,7.5931572914123535
SASRec,2008,2008-12-31,66569,54001,7,7.379461288452148
SASRec,2008,2008-12-31,66569,48394,8,7.351927280426025
SASRec,2008,2008-12-31,66569,54272,9,7.332069396972656
SASRec,2008,2008-12-31,66569,49530,10,7.327503204345703
SASRec,2008,2008-12-31,66750,2428,1,6.516646385192871
SASRec,2008,2008-12-31,66750,2420,2,6.3438897132873535
SASRec,2008,2008-12-31,66750,2378,3,6.325582981109619
SASRec,2008,2008-12-31,66750,2405,4,6.215696334838867
SASRec,2008,2008-12-31,66750,3247,5,6.211459636688232
SASRec,2008,2008-12-31,66750,1644,6,6.15548038482666
SASRec,2008,2008-12-31,66750,2421,7,6.076811790466309
SASRec,2008,2008-12-31,66750,1918,8,6.040030479431152
SASRec,2008,2008-12-31,66750,1022,9,6.003963470458984
SASRec,2008,2008-12-31,66750,1882,10,5.994921684265137
SASRec,2008,2008-12-31,66901,48774,1,6.227702617645264
SASRec,2008,2008-12-31,66901,26350,2,6.050565719604492
SASRec,2008,2008-12-31,66901,44555,3,6.041224002838135
SASRec,2008,2008-12-31,66901,45950,4,5.975518226623535
SASRec,2008,2008-12-31,66901,48696,5,5.925499439239502
SASRec,2008,2008-12-31,66901,7938,6,5.861996650695801
SASRec,2008,2008-12-31,66901,49932,7,5.86019229888916
SASRec,2008,2008-12-31,66901,39381,8,5.7966508865356445
SASRec,2008,2008-12-31,66901,38886,9,5.749523162841797
SASRec,2008,2008-12-31,66901,37741,10,5.724583148956299
SASRec,2008,2008-12-31,67263,46578,1,8.393702507019043
SASRec,2008,2008-12-31,67263,48780,2,7.7332353591918945
SASRec,2008,2008-12-31,67263,32587,3,7.471846580505371
SASRec,2008,2008-12-31,67263,46976,4,7.462588310241699
SASRec,2008,2008-12-31,67263,33166,5,7.395772457122803
SASRec,2008,2008-12-31,67263,44199,6,7.3778462409973145
SASRec,2008,2008-12-31,67263,54001,7,7.348580360412598
SASRec,2008,2008-12-31,67263,44195,8,7.236761569976807
SASRec,2008,2008-12-31,67263,33660,9,7.229581356048584
SASRec,2008,2008-12-31,67263,41997,10,7.143989562988281
SASRec,2008,2008-12-31,67298,54001,1,7.629398345947266
SASRec,2008,2008-12-31,67298,50794,2,7.625003814697266
SASRec,2008,2008-12-31,67298,52722,3,7.601478576660156
SASRec,2008,2008-12-31,67298,53972,4,7.512251853942871
SASRec,2008,2008-12-31,67298,52328,5,7.453585624694824
SASRec,2008,2008-12-31,67298,54272,6,7.349852085113525
SASRec,2008,2008-12-31,67298,53125,7,7.308741569519043
SASRec,2008,2008-12-31,67298,51077,8,7.275190830230713
SASRec,2008,2008-12-31,67298,53322,9,7.205480098724365
SASRec,2008,2008-12-31,67298,52644,10,7.1619343757629395
SASRec,2008,2008-12-31,67584,344,1,8.032511711120605
SASRec,2008,2008-12-31,67584,5378,2,7.824151515960693
SASRec,2008,2008-12-31,67584,44191,3,7.745842456817627
SASRec,2008,2008-12-31,67584,593,4,7.691152095794678
SASRec,2008,2008-12-31,67584,231,5,7.641197204589844
SASRec,2008,2008-12-31,67584,1721,6,7.585440635681152
SASRec,2008,2008-12-31,67584,2683,7,7.436532020568848
SASRec,2008,2008-12-31,67584,1210,8,7.3952436447143555
SASRec,2008,2008-12-31,67584,1196,9,7.290961265563965
SASRec,2008,2008-12-31,67584,32587,10,7.26441764831543
SASRec,2008,2008-12-31,67966,858,1,8.260050773620605
SASRec,2008,2008-12-31,67966,296,2,8.09456729888916
SASRec,2008,2008-12-31,67966,1193,3,8.000934600830078
SASRec,2008,2008-12-31,67966,923,4,7.94863748550415
SASRec,2008,2008-12-31,67966,7361,5,7.8419413566589355
SASRec,2008,2008-12-31,67966,30749,6,7.780658721923828
SASRec,2008,2008-12-31,67966,593,7,7.684996604919434
SASRec,2008,2008-12-31,67966,1252,8,7.6013898849487305
SASRec,2008,2008-12-31,67966,4226,9,7.458374500274658
SASRec,2008,2008-12-31,67966,1247,10,7.407773494720459
SASRec,2008,2008-12-31,68004,44191,1,7.684815883636475
SASRec,2008,2008-12-31,68004,32587,2,7.091120719909668
SASRec,2008,2008-12-31,68004,46578,3,6.857880115509033
SASRec,2008,2008-12-31,68004,48516,4,6.855587959289551
SASRec,2008,2008-12-31,68004,49272,5,6.786984920501709
SASRec,2008,2008-12-31,68004,48780,6,6.660551071166992
SASRec,2008,2008-12-31,68004,296,7,6.484375
SASRec,2008,2008-12-31,68004,45447,8,6.4386444091796875
SASRec,2008,2008-12-31,68004,48394,9,6.38883638381958
SASRec,2008,2008-12-31,68004,44199,10,6.265281677246094
SASRec,2008,2008-12-31,68012,46578,1,8.018171310424805
SASRec,2008,2008-12-31,68012,49272,2,7.4976487159729
SASRec,2008,2008-12-31,68012,48780,3,7.385447025299072
SASRec,2008,2008-12-31,68012,48774,4,7.252538204193115
SASRec,2008,2008-12-31,68012,46976,5,7.006660461425781
SASRec,2008,2008-12-31,68012,54272,6,6.911614894866943
SASRec,2008,2008-12-31,68012,44199,7,6.9034271240234375
SASRec,2008,2008-12-31,68012,44195,8,6.878395080566406
SASRec,2008,2008-12-31,68012,44761,9,6.669219970703125
SASRec,2008,2008-12-31,68012,54286,10,6.648899078369141
SASRec,2008,2008-12-31,68097,46578,1,7.642171859741211
SASRec,2008,2008-12-31,68097,46976,2,7.302508354187012
SASRec,2008,2008-12-31,68097,49272,3,7.010042190551758
SASRec,2008,2008-12-31,68097,54286,4,6.918908596038818
SASRec,2008,2008-12-31,68097,48780,5,6.781649112701416
SASRec,2008,2008-12-31,68097,48774,6,6.749070167541504
SASRec,2008,2008-12-31,68097,50068,7,6.701775074005127
SASRec,2008,2008-12-31,68097,48516,8,6.691825866699219
SASRec,2008,2008-12-31,68097,47629,9,6.589910984039307
SASRec,2008,2008-12-31,68097,49530,10,6.5389180183410645
SASRec,2008,2008-12-31,68445,44191,1,5.930721282958984
SASRec,2008,2008-12-31,68445,8949,2,5.6056084632873535
SASRec,2008,2008-12-31,68445,40583,3,5.489713191986084
SASRec,2008,2008-12-31,68445,34405,4,5.462817668914795
SASRec,2008,2008-12-31,68445,8983,5,5.457067012786865
SASRec,2008,2008-12-31,68445,30810,6,5.363996505737305
SASRec,2008,2008-12-31,68445,8981,7,5.344548225402832
SASRec,2008,2008-12-31,68445,8622,8,5.343366622924805
SASRec,2008,2008-12-31,68445,33004,9,5.334631443023682
SASRec,2008,2008-12-31,68445,30793,10,5.332713603973389
SASRec,2008,2008-12-31,68581,48696,1,6.238428592681885
SASRec,2008,2008-12-31,68581,38886,2,5.830959796905518
SASRec,2008,2008-12-31,68581,48774,3,5.826687812805176
SASRec,2008,2008-12-31,68581,44761,4,5.731456756591797
SASRec,2008,2008-12-31,68581,36535,5,5.724294185638428
SASRec,2008,2008-12-31,68581,47423,6,5.658245086669922
SASRec,2008,2008-12-31,68581,44788,7,5.611997127532959
SASRec,2008,2008-12-31,68581,46578,8,5.604976654052734
SASRec,2008,2008-12-31,68581,46723,9,5.521232604980469
SASRec,2008,2008-12-31,68581,46976,10,5.492825031280518
SASRec,2008,2008-12-31,68639,47950,1,6.897636890411377
SASRec,2008,2008-12-31,68639,46976,2,6.492340564727783
SASRec,2008,2008-12-31,68639,47629,3,6.48344087600708
SASRec,2008,2008-12-31,68639,49932,4,6.452688694000244
SASRec,2008,2008-12-31,68639,48738,5,6.411107063293457
SASRec,2008,2008-12-31,68639,50068,6,6.356395721435547
SASRec,2008,2008-12-31,68639,50005,7,6.203807830810547
SASRec,2008,2008-12-31,68639,52328,8,6.174582004547119
SASRec,2008,2008-12-31,68639,50872,9,6.123226642608643
SASRec,2008,2008-12-31,68639,50685,10,6.09977912902832
SASRec,2008,2008-12-31,68776,52375,1,5.583033084869385
SASRec,2008,2008-12-31,68776,660,2,5.4803385734558105
SASRec,2008,2008-12-31,68776,841,3,5.1880364418029785
SASRec,2008,2008-12-31,68776,48879,4,5.1332597732543945
SASRec,2008,2008-12-31,68776,844,5,5.026841163635254
SASRec,2008,2008-12-31,68776,48696,6,4.834033966064453
SASRec,2008,2008-12-31,68776,30,7,4.7804107666015625
SASRec,2008,2008-12-31,68776,52967,8,4.7667717933654785
SASRec,2008,2008-12-31,68776,55,9,4.7311110496521
SASRec,2008,2008-12-31,68776,51418,10,4.729193687438965
SASRec,2008,2008-12-31,68778,46578,1,7.804893493652344
SASRec,2008,2008-12-31,68778,30749,2,7.010167598724365
SASRec,2008,2008-12-31,68778,33794,3,6.957036972045898
SASRec,2008,2008-12-31,68778,49272,4,6.948914527893066
SASRec,2008,2008-12-31,68778,46976,5,6.918560981750488
SASRec,2008,2008-12-31,68778,48385,6,6.887013912200928
SASRec,2008,2008-12-31,68778,593,7,6.801861763000488
SASRec,2008,2008-12-31,68778,50,8,6.495316028594971
SASRec,2008,2008-12-31,68778,37741,9,6.340817451477051
SASRec,2008,2008-12-31,68778,40819,10,6.337276458740234
SASRec,2008,2008-12-31,69053,46578,1,7.755815505981445
SASRec,2008,2008-12-31,69053,48774,2,7.504049301147461
SASRec,2008,2008-12-31,69053,48394,3,7.299324035644531
SASRec,2008,2008-12-31,69053,54286,4,7.19661808013916
SASRec,2008,2008-12-31,69053,48780,5,7.153954029083252
SASRec,2008,2008-12-31,69053,48738,6,7.065968990325928
SASRec,2008,2008-12-31,69053,47629,7,7.0173869132995605
SASRec,2008,2008-12-31,69053,47950,8,7.0036163330078125
SASRec,2008,2008-12-31,69053,50068,9,7.001156806945801
SASRec,2008,2008-12-31,69053,50872,10,6.988965034484863
SASRec,2008,2008-12-31,69152,46976,1,7.371120452880859
SASRec,2008,2008-12-31,69152,44191,2,6.93775749206543
SASRec,2008,2008-12-31,69152,45950,3,6.916257381439209
SASRec,2008,2008-12-31,69152,7361,4,6.8899641036987305
SASRec,2008,2008-12-31,69152,44195,5,6.880923271179199
SASRec,2008,2008-12-31,69152,48780,6,6.879090309143066
SASRec,2008,2008-12-31,69152,39183,7,6.7294816970825195
SASRec,2008,2008-12-31,69152,48516,8,6.680508136749268
SASRec,2008,2008-12-31,69152,36517,9,6.624728202819824
SASRec,2008,2008-12-31,69152,48394,10,6.479877471923828
SASRec,2008,2008-12-31,69329,466,1,8.855755805969238
SASRec,2008,2008-12-31,69329,370,2,8.811848640441895
SASRec,2008,2008-12-31,69329,2640,3,8.394100189208984
SASRec,2008,2008-12-31,69329,5952,4,8.293423652648926
SASRec,2008,2008-12-31,69329,1320,5,8.2697114944458
SASRec,2008,2008-12-31,69329,168,6,8.268486022949219
SASRec,2008,2008-12-31,69329,2006,7,8.219453811645508
SASRec,2008,2008-12-31,69329,1080,8,8.183611869812012
SASRec,2008,2008-12-31,69329,48,9,8.177156448364258
SASRec,2008,2008-12-31,69329,1396,10,8.1452054977417
SASRec,2008,2008-12-31,69399,743,1,8.197179794311523
SASRec,2008,2008-12-31,69399,637,2,8.03582763671875
SASRec,2008,2008-12-31,69399,135,3,7.714657306671143
SASRec,2008,2008-12-31,69399,724,4,7.712242126464844
SASRec,2008,2008-12-31,69399,79,5,7.6865620613098145
SASRec,2008,2008-12-31,69399,719,6,7.45613431930542
SASRec,2008,2008-12-31,69399,65,7,7.452160835266113
SASRec,2008,2008-12-31,69399,107,8,7.289904594421387
SASRec,2008,2008-12-31,69399,849,9,7.246750831604004
SASRec,2008,2008-12-31,69399,748,10,7.133389472961426
SASRec,2008,2008-12-31,69454,37741,1,5.259060382843018
SASRec,2008,2008-12-31,69454,48774,2,5.25209903717041
SASRec,2008,2008-12-31,69454,41285,3,5.149813175201416
SASRec,2008,2008-12-31,69454,8950,4,5.070030689239502
SASRec,2008,2008-12-31,69454,36276,5,5.001378059387207
SASRec,2008,2008-12-31,69454,39381,6,4.990606784820557
SASRec,2008,2008-12-31,69454,39869,7,4.9505109786987305
SASRec,2008,2008-12-31,69454,27773,8,4.947193145751953
SASRec,2008,2008-12-31,69454,38886,9,4.904332160949707
SASRec,2008,2008-12-31,69454,44761,10,4.876226902008057
SASRec,2008,2008-12-31,69458,46578,1,7.701249122619629
SASRec,2008,2008-12-31,69458,50068,2,6.74437952041626
SASRec,2008,2008-12-31,69458,47610,3,6.741702556610107
SASRec,2008,2008-12-31,69458,54001,4,6.656848430633545
SASRec,2008,2008-12-31,69458,48394,5,6.635987281799316
SASRec,2008,2008-12-31,69458,48082,6,6.6137871742248535
SASRec,2008,2008-12-31,69458,48696,7,6.5938849449157715
SASRec,2008,2008-12-31,69458,54272,8,6.5384087562561035
SASRec,2008,2008-12-31,69458,49822,9,6.531835556030273
SASRec,2008,2008-12-31,69458,45720,10,6.525936126708984
SASRec,2008,2008-12-31,69604,52722,1,8.190152168273926
SASRec,2008,2008-12-31,69604,54286,2,8.153521537780762
SASRec,2008,2008-12-31,69604,46578,3,7.727473258972168
SASRec,2008,2008-12-31,69604,52328,4,7.680737495422363
SASRec,2008,2008-12-31,69604,50872,5,7.607945442199707
SASRec,2008,2008-12-31,69604,54272,6,7.5539045333862305
SASRec,2008,2008-12-31,69604,53322,7,7.422481060028076
SASRec,2008,2008-12-31,69604,48780,8,7.4102253913879395
SASRec,2008,2008-12-31,69604,46976,9,7.382653713226318
SASRec,2008,2008-12-31,69604,48385,10,7.368228435516357
SASRec,2008,2008-12-31,69790,48394,1,7.379988193511963
SASRec,2008,2008-12-31,69790,48738,2,6.799880504608154
SASRec,2008,2008-12-31,69790,48780,3,6.7250657081604
SASRec,2008,2008-12-31,69790,44555,4,6.577013969421387
SASRec,2008,2008-12-31,69790,48082,5,6.370114803314209
SASRec,2008,2008-12-31,69790,51540,6,6.34313440322876
SASRec,2008,2008-12-31,69790,50068,7,6.33765983581543
SASRec,2008,2008-12-31,69790,37741,8,6.3366827964782715
SASRec,2008,2008-12-31,69790,49932,9,6.322808742523193
SASRec,2008,2008-12-31,69790,44788,10,6.3029069900512695
SASRec,2008,2008-12-31,69815,4621,1,6.200267791748047
SASRec,2008,2008-12-31,69815,2379,2,5.948738098144531
SASRec,2008,2008-12-31,69815,1974,3,5.895726203918457
SASRec,2008,2008-12-31,69815,3388,4,5.780789852142334
SASRec,2008,2008-12-31,69815,4673,5,5.574404239654541
SASRec,2008,2008-12-31,69815,2123,6,5.446341514587402
SASRec,2008,2008-12-31,69815,3248,7,5.409648895263672
SASRec,2008,2008-12-31,69815,2380,8,5.407110214233398
SASRec,2008,2008-12-31,69815,2121,9,5.354399681091309
SASRec,2008,2008-12-31,69815,4040,10,5.336678981781006
SASRec,2008,2008-12-31,70117,54286,1,8.638026237487793
SASRec,2008,2008-12-31,70117,46578,2,8.188807487487793
SASRec,2008,2008-12-31,70117,52722,3,8.056879997253418
SASRec,2008,2008-12-31,70117,53972,4,7.966577053070068
SASRec,2008,2008-12-31,70117,49530,5,7.817100524902344
SASRec,2008,2008-12-31,70117,52328,6,7.799003601074219
SASRec,2008,2008-12-31,70117,50068,7,7.793122291564941
SASRec,2008,2008-12-31,70117,52245,8,7.765567779541016
SASRec,2008,2008-12-31,70117,53322,9,7.7523393630981445
SASRec,2008,2008-12-31,70117,55765,10,7.679834365844727
SASRec,2008,2008-12-31,70340,45447,1,6.863195896148682
SASRec,2008,2008-12-31,70340,42011,2,6.1206278800964355
SASRec,2008,2008-12-31,70340,45501,3,6.065093994140625
SASRec,2008,2008-12-31,70340,45668,4,6.0308990478515625
SASRec,2008,2008-12-31,70340,54001,5,5.99882698059082
SASRec,2008,2008-12-31,70340,41566,6,5.956981182098389
SASRec,2008,2008-12-31,70340,45666,7,5.864243984222412
SASRec,2008,2008-12-31,70340,46578,8,5.848640441894531
SASRec,2008,2008-12-31,70340,45431,9,5.8247246742248535
SASRec,2008,2008-12-31,70340,36401,10,5.752041816711426
SASRec,2008,2008-12-31,70963,46578,1,8.532893180847168
SASRec,2008,2008-12-31,70963,54001,2,8.35578441619873
SASRec,2008,2008-12-31,70963,54286,3,8.349038124084473
SASRec,2008,2008-12-31,70963,52722,4,8.055195808410645
SASRec,2008,2008-12-31,70963,53972,5,7.994884490966797
SASRec,2008,2008-12-31,70963,46976,6,7.994850158691406
SASRec,2008,2008-12-31,70963,54272,7,7.96889591217041
SASRec,2008,2008-12-31,70963,53125,8,7.646005153656006
SASRec,2008,2008-12-31,70963,45447,9,7.621224403381348
SASRec,2008,2008-12-31,70963,48783,10,7.586999893188477
SASRec,2008,2008-12-31,70973,54286,1,8.568123817443848
SASRec,2008,2008-12-31,70973,54001,2,8.020682334899902
SASRec,2008,2008-12-31,70973,49530,3,7.81581974029541
SASRec,2008,2008-12-31,70973,52722,4,7.791412353515625
SASRec,2008,2008-12-31,70973,54503,5,7.669575214385986
SASRec,2008,2008-12-31,70973,53972,6,7.573774337768555
SASRec,2008,2008-12-31,70973,52328,7,7.5147786140441895
SASRec,2008,2008-12-31,70973,48304,8,7.329617023468018
SASRec,2008,2008-12-31,70973,48082,9,7.32334041595459
SASRec,2008,2008-12-31,70973,52245,10,7.276071548461914
SASRec,2008,2008-12-31,71140,153,1,5.787774562835693
SASRec,2008,2008-12-31,71140,2918,2,5.674034595489502
SASRec,2008,2008-12-31,71140,208,3,5.5544657707214355
SASRec,2008,2008-12-31,71140,410,4,5.551236152648926
SASRec,2008,2008-12-31,71140,380,5,5.4127349853515625
SASRec,2008,2008-12-31,71140,317,6,5.352846145629883
SASRec,2008,2008-12-31,71140,432,7,5.314443588256836
SASRec,2008,2008-12-31,71140,104,8,5.219645977020264
SASRec,2008,2008-12-31,71140,288,9,5.065023422241211
SASRec,2008,2008-12-31,71140,1,10,4.898741245269775
SASRec,2008,2008-12-31,71215,44191,1,6.913907527923584
SASRec,2008,2008-12-31,71215,53972,2,6.832793235778809
SASRec,2008,2008-12-31,71215,54001,3,6.21248722076416
SASRec,2008,2008-12-31,71215,53125,4,6.103405475616455
SASRec,2008,2008-12-31,71215,45447,5,6.019759178161621
SASRec,2008,2008-12-31,71215,53996,6,6.011360168457031
SASRec,2008,2008-12-31,71215,45722,7,5.997931480407715
SASRec,2008,2008-12-31,71215,48385,8,5.9866509437561035
SASRec,2008,2008-12-31,71215,51255,9,5.905442714691162
SASRec,2008,2008-12-31,71215,48780,10,5.806748867034912
SASRec,2008,2008-12-31,71347,44191,1,7.093851566314697
SASRec,2008,2008-12-31,71347,48394,2,6.865342140197754
SASRec,2008,2008-12-31,71347,54503,3,6.666682720184326
SASRec,2008,2008-12-31,71347,48696,4,6.652189254760742
SASRec,2008,2008-12-31,71347,50872,5,6.650147914886475
SASRec,2008,2008-12-31,71347,52973,6,6.3373541831970215
SASRec,2008,2008-12-31,71347,45722,7,6.2543840408325195
SASRec,2008,2008-12-31,71347,47629,8,6.2540130615234375
SASRec,2008,2008-12-31,71347,45720,9,5.931331634521484
SASRec,2008,2008-12-31,71347,53125,10,5.786428928375244
SASRec,2008,2008-12-31,71723,39419,1,5.078821182250977
SASRec,2008,2008-12-31,71723,44788,2,4.950376510620117
SASRec,2008,2008-12-31,71723,39869,3,4.937665939331055
SASRec,2008,2008-12-31,71723,27608,4,4.927331447601318
SASRec,2008,2008-12-31,71723,50274,5,4.881644248962402
SASRec,2008,2008-12-31,71723,48696,6,4.838696002960205
SASRec,2008,2008-12-31,71723,47950,7,4.8329362869262695
SASRec,2008,2008-12-31,71723,52328,8,4.777202129364014
SASRec,2008,2008-12-31,71723,48997,9,4.749052047729492
SASRec,2008,2008-12-31,71723,44864,10,4.744346618652344
SASRec,2008,2008-12-31,71873,46976,1,7.891259670257568
SASRec,2008,2008-12-31,71873,49272,2,7.3253045082092285
SASRec,2008,2008-12-31,71873,48516,3,7.1639604568481445
SASRec,2008,2008-12-31,71873,44195,4,7.023365020751953
SASRec,2008,2008-12-31,71873,48696,5,6.936410427093506
SASRec,2008,2008-12-31,71873,48082,6,6.924100875854492
SASRec,2008,2008-12-31,71873,39183,7,6.871024131774902
SASRec,2008,2008-12-31,71873,30749,8,6.854789733886719
SASRec,2008,2008-12-31,71873,48385,9,6.796873092651367
SASRec,2008,2008-12-31,71873,48738,10,6.691761016845703
SASRec,2008,2008-12-31,71987,55245,1,8.339557647705078
SASRec,2008,2008-12-31,71987,52644,2,8.296451568603516
SASRec,2008,2008-12-31,71987,49793,3,8.244609832763672
SASRec,2008,2008-12-31,71987,54272,4,8.169130325317383
SASRec,2008,2008-12-31,71987,51931,5,8.16360092163086
SASRec,2008,2008-12-31,71987,54503,6,8.140910148620605
SASRec,2008,2008-12-31,71987,54001,7,8.013797760009766
SASRec,2008,2008-12-31,71987,54780,8,8.006977081298828
SASRec,2008,2008-12-31,71987,52375,9,7.97434663772583
SASRec,2008,2008-12-31,71987,52245,10,7.967895984649658
SASRec,2008,2008-12-31,72186,7438,1,9.220693588256836
SASRec,2008,2008-12-31,72186,296,2,9.04709243774414
SASRec,2008,2008-12-31,72186,6874,3,8.87517261505127
SASRec,2008,2008-12-31,72186,32587,4,8.771979331970215
SASRec,2008,2008-12-31,72186,6016,5,8.747055053710938
SASRec,2008,2008-12-31,72186,8961,6,8.709525108337402
SASRec,2008,2008-12-31,72186,5669,7,8.550836563110352
SASRec,2008,2008-12-31,72186,8636,8,8.426477432250977
SASRec,2008,2008-12-31,72186,8784,9,8.405050277709961
SASRec,2008,2008-12-31,72186,6539,10,8.397523880004883
SASRec,2008,2008-12-31,72304,27808,1,6.819272518157959
SASRec,2008,2008-12-31,72304,33836,2,6.613072395324707
SASRec,2008,2008-12-31,72304,33669,3,6.387535572052002
SASRec,2008,2008-12-31,72304,39414,4,6.271864891052246
SASRec,2008,2008-12-31,72304,8533,5,6.242069721221924
SASRec,2008,2008-12-31,72304,42011,6,6.20017147064209
SASRec,2008,2008-12-31,72304,8916,7,6.199877738952637
SASRec,2008,2008-12-31,72304,30822,8,6.190805912017822
SASRec,2008,2008-12-31,72304,34162,9,6.176990985870361
SASRec,2008,2008-12-31,72304,41566,10,6.157012462615967
SASRec,2008,2008-12-31,72643,8957,1,6.281435012817383
SASRec,2008,2008-12-31,72643,44191,2,5.743082523345947
SASRec,2008,2008-12-31,72643,8983,3,5.322890758514404
SASRec,2008,2008-12-31,72643,44761,4,5.309779167175293
SASRec,2008,2008-12-31,72643,33493,5,5.2511701583862305
SASRec,2008,2008-12-31,72643,30810,6,5.232640266418457
SASRec,2008,2008-12-31,72643,41569,7,5.192049026489258
SASRec,2008,2008-12-31,72643,34319,8,5.179272651672363
SASRec,2008,2008-12-31,72643,36529,9,5.177144527435303
SASRec,2008,2008-12-31,72643,37733,10,5.1580305099487305
SASRec,2008,2008-12-31,72663,44191,1,6.764142036437988
SASRec,2008,2008-12-31,72663,34405,2,6.366983890533447
SASRec,2008,2008-12-31,72663,41569,3,6.350303649902344
SASRec,2008,2008-12-31,72663,32587,4,6.336871147155762
SASRec,2008,2008-12-31,72663,34048,5,6.267335891723633
SASRec,2008,2008-12-31,72663,34319,6,6.157228946685791
SASRec,2008,2008-12-31,72663,41566,7,5.952761173248291
SASRec,2008,2008-12-31,72663,33615,8,5.940561294555664
SASRec,2008,2008-12-31,72663,34150,9,5.923367023468018
SASRec,2008,2008-12-31,72663,34162,10,5.895696640014648
SASRec,2008,2008-12-31,72717,46578,1,8.799583435058594
SASRec,2008,2008-12-31,72717,49272,2,8.412184715270996
SASRec,2008,2008-12-31,72717,46976,3,8.15250301361084
SASRec,2008,2008-12-31,72717,44191,4,8.131204605102539
SASRec,2008,2008-12-31,72717,48780,5,7.915026664733887
SASRec,2008,2008-12-31,72717,48394,6,7.753353118896484
SASRec,2008,2008-12-31,72717,54001,7,7.752368927001953
SASRec,2008,2008-12-31,72717,51255,8,7.723137855529785
SASRec,2008,2008-12-31,72717,49530,9,7.6036529541015625
SASRec,2008,2008-12-31,72717,51662,10,7.559162616729736
SASRec,2008,2008-12-31,72888,44191,1,8.296656608581543
SASRec,2008,2008-12-31,72888,46976,2,7.7118306159973145
SASRec,2008,2008-12-31,72888,54286,3,7.597387313842773
SASRec,2008,2008-12-31,72888,40815,4,7.544126033782959
SASRec,2008,2008-12-31,72888,54001,5,7.5363616943359375
SASRec,2008,2008-12-31,72888,48780,6,7.504715919494629
SASRec,2008,2008-12-31,72888,48385,7,7.475685119628906
SASRec,2008,2008-12-31,72888,41569,8,7.400055408477783
SASRec,2008,2008-12-31,72888,48394,9,7.265918254852295
SASRec,2008,2008-12-31,72888,54272,10,7.184937000274658
SASRec,2008,2008-12-31,73616,46976,1,8.379057884216309
SASRec,2008,2008-12-31,73616,49272,2,7.824754238128662
SASRec,2008,2008-12-31,73616,47629,3,7.7334675788879395
SASRec,2008,2008-12-31,73616,54286,4,7.688374996185303
SASRec,2008,2008-12-31,73616,50872,5,7.550680160522461
SASRec,2008,2008-12-31,73616,50068,6,7.533098220825195
SASRec,2008,2008-12-31,73616,48774,7,7.472038745880127
SASRec,2008,2008-12-31,73616,48516,8,7.465389251708984
SASRec,2008,2008-12-31,73616,48780,9,7.417774200439453
SASRec,2008,2008-12-31,73616,48738,10,7.297493934631348
SASRec,2008,2008-12-31,73774,30749,1,7.81337833404541
SASRec,2008,2008-12-31,73774,40629,2,7.227364540100098
SASRec,2008,2008-12-31,73774,33166,3,7.2003655433654785
SASRec,2008,2008-12-31,73774,37741,4,7.1992058753967285
SASRec,2008,2008-12-31,73774,33660,5,6.937990188598633
SASRec,2008,2008-12-31,73774,36517,6,6.928536415100098
SASRec,2008,2008-12-31,73774,41997,7,6.87293815612793
SASRec,2008,2008-12-31,73774,38886,8,6.800023555755615
SASRec,2008,2008-12-31,73774,30707,9,6.778322696685791
SASRec,2008,2008-12-31,73774,39183,10,6.65537166595459
SASRec,2008,2008-12-31,73869,858,1,9.378250122070312
SASRec,2008,2008-12-31,73869,1196,2,9.307974815368652
SASRec,2008,2008-12-31,73869,296,3,9.11259651184082
SASRec,2008,2008-12-31,73869,318,4,9.022600173950195
SASRec,2008,2008-12-31,73869,593,5,8.870094299316406
SASRec,2008,2008-12-31,73869,2571,6,8.475461959838867
SASRec,2008,2008-12-31,73869,4993,7,8.318540573120117
SASRec,2008,2008-12-31,73869,1210,8,8.237349510192871
SASRec,2008,2008-12-31,73869,260,9,8.219504356384277
SASRec,2008,2008-12-31,73869,1221,10,8.126646995544434
SASRec,2008,2008-12-31,74000,55245,1,8.755899429321289
SASRec,2008,2008-12-31,74000,52644,2,8.393655776977539
SASRec,2008,2008-12-31,74000,49793,3,8.191228866577148
SASRec,2008,2008-12-31,74000,53974,4,8.07198715209961
SASRec,2008,2008-12-31,74000,54780,5,8.050864219665527
SASRec,2008,2008-12-31,74000,50064,6,7.963772773742676
SASRec,2008,2008-12-31,74000,51903,7,7.898717403411865
SASRec,2008,2008-12-31,74000,51931,8,7.868397235870361
SASRec,2008,2008-12-31,74000,54612,9,7.855045795440674
SASRec,2008,2008-12-31,74000,54736,10,7.797027587890625
SASRec,2008,2008-12-31,74453,32587,1,7.0176615715026855
SASRec,2008,2008-12-31,74453,34048,2,6.336005687713623
SASRec,2008,2008-12-31,74453,36529,3,6.046476364135742
SASRec,2008,2008-12-31,74453,46578,4,6.04186487197876
SASRec,2008,2008-12-31,74453,33493,5,6.005483627319336
SASRec,2008,2008-12-31,74453,34150,6,5.907434940338135
SASRec,2008,2008-12-31,74453,44199,7,5.899899482727051
SASRec,2008,2008-12-31,74453,33679,8,5.88529634475708
SASRec,2008,2008-12-31,74453,48385,9,5.884580612182617
SASRec,2008,2008-12-31,74453,44022,10,5.882434844970703
SASRec,2008,2008-12-31,74503,46578,1,8.51111125946045
SASRec,2008,2008-12-31,74503,48516,2,7.928703308105469
SASRec,2008,2008-12-31,74503,48780,3,7.81032657623291
SASRec,2008,2008-12-31,74503,54272,4,7.766080379486084
SASRec,2008,2008-12-31,74503,48394,5,7.758519172668457
SASRec,2008,2008-12-31,74503,48385,6,7.723700046539307
SASRec,2008,2008-12-31,74503,52722,7,7.635586738586426
SASRec,2008,2008-12-31,74503,51255,8,7.6274237632751465
SASRec,2008,2008-12-31,74503,54001,9,7.62399959564209
SASRec,2008,2008-12-31,74503,48774,10,7.53887939453125
SASRec,2008,2008-12-31,74816,45668,1,6.708649158477783
SASRec,2008,2008-12-31,74816,46578,2,6.680890083312988
SASRec,2008,2008-12-31,74816,42015,3,6.536553382873535
SASRec,2008,2008-12-31,74816,42011,4,6.535139560699463
SASRec,2008,2008-12-31,74816,45720,5,6.524608135223389
SASRec,2008,2008-12-31,74816,45501,6,6.462214469909668
SASRec,2008,2008-12-31,74816,46976,7,6.419086456298828
SASRec,2008,2008-12-31,74816,35957,8,6.326446533203125
SASRec,2008,2008-12-31,74816,49286,9,6.27839994430542
SASRec,2008,2008-12-31,74816,54001,10,6.204087257385254
SASRec,2008,2008-12-31,75006,25850,1,7.146243572235107
SASRec,2008,2008-12-31,75006,26148,2,6.935957908630371
SASRec,2008,2008-12-31,75006,26111,3,6.916879653930664
SASRec,2008,2008-12-31,75006,26078,4,6.762092590332031
SASRec,2008,2008-12-31,75006,50685,5,6.69840669631958
SASRec,2008,2008-12-31,75006,46803,6,6.650243759155273
SASRec,2008,2008-12-31,75006,34482,7,6.4435834884643555
SASRec,2008,2008-12-31,75006,25954,8,6.292389392852783
SASRec,2008,2008-12-31,75006,48301,9,6.269578456878662
SASRec,2008,2008-12-31,75006,26163,10,6.265107154846191
SASRec,2008,2008-12-31,75121,46578,1,7.737122535705566
SASRec,2008,2008-12-31,75121,54001,2,7.700900554656982
SASRec,2008,2008-12-31,75121,45447,3,7.559693813323975
SASRec,2008,2008-12-31,75121,45668,4,7.380901336669922
SASRec,2008,2008-12-31,75121,46976,5,7.330687999725342
SASRec,2008,2008-12-31,75121,49286,6,7.246676445007324
SASRec,2008,2008-12-31,75121,45501,7,7.188782691955566
SASRec,2008,2008-12-31,75121,40815,8,7.180860996246338
SASRec,2008,2008-12-31,75121,45720,9,7.050171375274658
SASRec,2008,2008-12-31,75121,52722,10,7.000967502593994
SASRec,2008,2008-12-31,75276,52722,1,7.499788284301758
SASRec,2008,2008-12-31,75276,49272,2,7.443227767944336
SASRec,2008,2008-12-31,75276,54286,3,7.411403656005859
SASRec,2008,2008-12-31,75276,49530,4,7.324246883392334
SASRec,2008,2008-12-31,75276,51540,5,7.081571578979492
SASRec,2008,2008-12-31,75276,51255,6,7.0699310302734375
SASRec,2008,2008-12-31,75276,49286,7,7.068296432495117
SASRec,2008,2008-12-31,75276,52328,8,6.992894172668457
SASRec,2008,2008-12-31,75276,48783,9,6.977339744567871
SASRec,2008,2008-12-31,75276,52245,10,6.932027816772461
SASRec,2008,2008-12-31,75336,44191,1,8.612015724182129
SASRec,2008,2008-12-31,75336,54286,2,8.467363357543945
SASRec,2008,2008-12-31,75336,48516,3,8.09756851196289
SASRec,2008,2008-12-31,75336,48780,4,8.07868480682373
SASRec,2008,2008-12-31,75336,51255,5,7.980656623840332
SASRec,2008,2008-12-31,75336,48385,6,7.932192802429199
SASRec,2008,2008-12-31,75336,53972,7,7.753414154052734
SASRec,2008,2008-12-31,75336,45447,8,7.7197394371032715
SASRec,2008,2008-12-31,75336,46976,9,7.672090530395508
SASRec,2008,2008-12-31,75336,54272,10,7.566683292388916
SASRec,2008,2008-12-31,75348,44191,1,6.755112648010254
SASRec,2008,2008-12-31,75348,46976,2,6.7302680015563965
SASRec,2008,2008-12-31,75348,40815,3,6.5198140144348145
SASRec,2008,2008-12-31,75348,44195,4,6.274288177490234
SASRec,2008,2008-12-31,75348,48516,5,6.2637128829956055
SASRec,2008,2008-12-31,75348,48774,6,6.233232498168945
SASRec,2008,2008-12-31,75348,33794,7,6.17330265045166
SASRec,2008,2008-12-31,75348,40629,8,6.168361663818359
SASRec,2008,2008-12-31,75348,39183,9,6.1201171875
SASRec,2008,2008-12-31,75348,45720,10,6.063040733337402
SASRec,2008,2008-12-31,75431,46578,1,9.169187545776367
SASRec,2008,2008-12-31,75431,49272,2,8.474472045898438
SASRec,2008,2008-12-31,75431,32587,3,8.4415864944458
SASRec,2008,2008-12-31,75431,296,4,8.126763343811035
SASRec,2008,2008-12-31,75431,318,5,7.937052249908447
SASRec,2008,2008-12-31,75431,30749,6,7.902393341064453
SASRec,2008,2008-12-31,75431,54272,7,7.763932704925537
SASRec,2008,2008-12-31,75431,54286,8,7.757552623748779
SASRec,2008,2008-12-31,75431,41569,9,7.694678783416748
SASRec,2008,2008-12-31,75431,51255,10,7.631041049957275
SASRec,2008,2008-12-31,75438,1196,1,7.40787410736084
SASRec,2008,2008-12-31,75438,32587,2,6.907308578491211
SASRec,2008,2008-12-31,75438,44191,3,6.896973609924316
SASRec,2008,2008-12-31,75438,1210,4,6.789303779602051
SASRec,2008,2008-12-31,75438,33794,5,6.742525577545166
SASRec,2008,2008-12-31,75438,4993,6,6.679046154022217
SASRec,2008,2008-12-31,75438,1200,7,6.632086753845215
SASRec,2008,2008-12-31,75438,2028,8,6.607463359832764
SASRec,2008,2008-12-31,75438,2762,9,6.528284072875977
SASRec,2008,2008-12-31,75438,8961,10,6.478920936584473
SASRec,2008,2008-12-31,75647,46578,1,5.436435222625732
SASRec,2008,2008-12-31,75647,37741,2,5.33167839050293
SASRec,2008,2008-12-31,75647,38061,3,5.326286315917969
SASRec,2008,2008-12-31,75647,45447,4,5.291130542755127
SASRec,2008,2008-12-31,75647,44199,5,5.243214130401611
SASRec,2008,2008-12-31,75647,41997,6,5.235632419586182
SASRec,2008,2008-12-31,75647,45666,7,5.209666728973389
SASRec,2008,2008-12-31,75647,42418,8,5.206427574157715
SASRec,2008,2008-12-31,75647,34405,9,5.158030033111572
SASRec,2008,2008-12-31,75647,44191,10,5.091335773468018
SASRec,2008,2008-12-31,76314,5165,1,7.356357574462891
SASRec,2008,2008-12-31,76314,8906,2,7.099509239196777
SASRec,2008,2008-12-31,76314,7202,3,7.027867317199707
SASRec,2008,2008-12-31,76314,6243,4,6.798887252807617
SASRec,2008,2008-12-31,76314,26603,5,6.791516304016113
SASRec,2008,2008-12-31,76314,5833,6,6.719327926635742
SASRec,2008,2008-12-31,76314,39446,7,6.63284969329834
SASRec,2008,2008-12-31,76314,26629,8,6.622174263000488
SASRec,2008,2008-12-31,76314,42723,9,6.603534698486328
SASRec,2008,2008-12-31,76314,52328,10,6.585147380828857
SASRec,2008,2008-12-31,76332,44191,1,7.4864091873168945
SASRec,2008,2008-12-31,76332,296,2,7.435904502868652
SASRec,2008,2008-12-31,76332,33794,3,7.356850624084473
SASRec,2008,2008-12-31,76332,8874,4,7.093862533569336
SASRec,2008,2008-12-31,76332,4993,5,7.0910468101501465
SASRec,2008,2008-12-31,76332,8970,6,7.088500499725342
SASRec,2008,2008-12-31,76332,30707,7,7.075778007507324
SASRec,2008,2008-12-31,76332,30749,8,6.97419548034668
SASRec,2008,2008-12-31,76332,4011,9,6.939967155456543
SASRec,2008,2008-12-31,76332,8360,10,6.895854949951172
SASRec,2008,2008-12-31,76430,46578,1,7.202457427978516
SASRec,2008,2008-12-31,76430,49272,2,6.775871753692627
SASRec,2008,2008-12-31,76430,47629,3,6.585378646850586
SASRec,2008,2008-12-31,76430,30749,4,6.575265884399414
SASRec,2008,2008-12-31,76430,46976,5,6.55059814453125
SASRec,2008,2008-12-31,76430,48774,6,6.26331901550293
SASRec,2008,2008-12-31,76430,37741,7,6.178595542907715
SASRec,2008,2008-12-31,76430,44191,8,6.176185607910156
SASRec,2008,2008-12-31,76430,33166,9,6.070138931274414
SASRec,2008,2008-12-31,76430,48394,10,6.037692070007324
SASRec,2008,2008-12-31,76512,48774,1,6.934866905212402
SASRec,2008,2008-12-31,76512,44191,2,6.76116943359375
SASRec,2008,2008-12-31,76512,48394,3,6.687229156494141
SASRec,2008,2008-12-31,76512,48516,4,6.473834991455078
SASRec,2008,2008-12-31,76512,52328,5,6.351563453674316
SASRec,2008,2008-12-31,76512,46578,6,6.344490051269531
SASRec,2008,2008-12-31,76512,54272,7,6.215986251831055
SASRec,2008,2008-12-31,76512,48780,8,6.134038925170898
SASRec,2008,2008-12-31,76512,51540,9,6.102310657501221
SASRec,2008,2008-12-31,76512,48738,10,5.922677516937256
SASRec,2008,2008-12-31,76634,30749,1,7.924973964691162
SASRec,2008,2008-12-31,76634,46578,2,7.102391242980957
SASRec,2008,2008-12-31,76634,6787,3,7.000143051147461
SASRec,2008,2008-12-31,76634,858,4,6.982613563537598
SASRec,2008,2008-12-31,76634,1203,5,6.755638122558594
SASRec,2008,2008-12-31,76634,318,6,6.745198726654053
SASRec,2008,2008-12-31,76634,3435,7,6.619509696960449
SASRec,2008,2008-12-31,76634,1193,8,6.5911455154418945
SASRec,2008,2008-12-31,76634,32587,9,6.589762210845947
SASRec,2008,2008-12-31,76634,39292,10,6.586450099945068
SASRec,2008,2008-12-31,77177,30749,1,7.427204132080078
SASRec,2008,2008-12-31,77177,46578,2,7.077648639678955
SASRec,2008,2008-12-31,77177,46976,3,6.819474220275879
SASRec,2008,2008-12-31,77177,40629,4,6.7712554931640625
SASRec,2008,2008-12-31,77177,37741,5,6.768272876739502
SASRec,2008,2008-12-31,77177,8337,6,6.563851356506348
SASRec,2008,2008-12-31,77177,6787,7,6.469867706298828
SASRec,2008,2008-12-31,77177,38886,8,6.458557605743408
SASRec,2008,2008-12-31,77177,39292,9,6.452205657958984
SASRec,2008,2008-12-31,77177,49272,10,6.444734573364258
SASRec,2008,2008-12-31,77257,7361,1,6.832257270812988
SASRec,2008,2008-12-31,77257,2329,2,6.477019786834717
SASRec,2008,2008-12-31,77257,4235,3,6.455761909484863
SASRec,2008,2008-12-31,77257,5995,4,6.246885776519775
SASRec,2008,2008-12-31,77257,6620,5,6.175878524780273
SASRec,2008,2008-12-31,77257,5617,6,5.944790840148926
SASRec,2008,2008-12-31,77257,2395,7,5.906535625457764
SASRec,2008,2008-12-31,77257,2594,8,5.876271724700928
SASRec,2008,2008-12-31,77257,318,9,5.840435981750488
SASRec,2008,2008-12-31,77257,3949,10,5.797002792358398
SASRec,2008,2008-12-31,77280,6377,1,9.870803833007812
SASRec,2008,2008-12-31,77280,296,2,9.488306045532227
SASRec,2008,2008-12-31,77280,8636,3,9.299638748168945
SASRec,2008,2008-12-31,77280,318,4,9.191134452819824
SASRec,2008,2008-12-31,77280,593,5,9.102210998535156
SASRec,2008,2008-12-31,77280,2762,6,8.966104507446289
SASRec,2008,2008-12-31,77280,2959,7,8.965646743774414
SASRec,2008,2008-12-31,77280,1,8,8.868597984313965
SASRec,2008,2008-12-31,77280,356,9,8.8033447265625
SASRec,2008,2008-12-31,77280,1196,10,8.742067337036133
SASRec,2008,2008-12-31,77783,46578,1,8.474267959594727
SASRec,2008,2008-12-31,77783,44191,2,8.201512336730957
SASRec,2008,2008-12-31,77783,48516,3,8.128472328186035
SASRec,2008,2008-12-31,77783,54286,4,8.033320426940918
SASRec,2008,2008-12-31,77783,48385,5,8.013258934020996
SASRec,2008,2008-12-31,77783,48774,6,8.011536598205566
SASRec,2008,2008-12-31,77783,54272,7,7.978208541870117
SASRec,2008,2008-12-31,77783,48780,8,7.869481563568115
SASRec,2008,2008-12-31,77783,53972,9,7.775636196136475
SASRec,2008,2008-12-31,77783,54001,10,7.748283386230469
SASRec,2008,2008-12-31,77790,46578,1,8.486366271972656
SASRec,2008,2008-12-31,77790,46976,2,7.990367412567139
SASRec,2008,2008-12-31,77790,48516,3,7.7183380126953125
SASRec,2008,2008-12-31,77790,48394,4,7.715776443481445
SASRec,2008,2008-12-31,77790,48780,5,7.714789867401123
SASRec,2008,2008-12-31,77790,54286,6,7.355770111083984
SASRec,2008,2008-12-31,77790,44191,7,7.296058177947998
SASRec,2008,2008-12-31,77790,48696,8,7.115169525146484
SASRec,2008,2008-12-31,77790,51255,9,7.026112079620361
SASRec,2008,2008-12-31,77790,49822,10,6.991947650909424
SASRec,2008,2008-12-31,77924,46578,1,7.944691181182861
SASRec,2008,2008-12-31,77924,54001,2,7.65601921081543
SASRec,2008,2008-12-31,77924,40815,3,7.430288314819336
SASRec,2008,2008-12-31,77924,44191,4,7.405063152313232
SASRec,2008,2008-12-31,77924,45447,5,7.391347408294678
SASRec,2008,2008-12-31,77924,48385,6,7.245987415313721
SASRec,2008,2008-12-31,77924,41566,7,7.048398017883301
SASRec,2008,2008-12-31,77924,48516,8,7.017808437347412
SASRec,2008,2008-12-31,77924,45722,9,7.0144853591918945
SASRec,2008,2008-12-31,77924,48780,10,6.887146472930908
SASRec,2008,2008-12-31,78049,54001,1,8.219902992248535
SASRec,2008,2008-12-31,78049,54272,2,8.002614974975586
SASRec,2008,2008-12-31,78049,54286,3,7.839049339294434
SASRec,2008,2008-12-31,78049,46578,4,7.829297065734863
SASRec,2008,2008-12-31,78049,53125,5,7.675610542297363
SASRec,2008,2008-12-31,78049,48385,6,7.617651462554932
SASRec,2008,2008-12-31,78049,50794,7,7.5026421546936035
SASRec,2008,2008-12-31,78049,51077,8,7.460878849029541
SASRec,2008,2008-12-31,78049,48516,9,7.456057548522949
SASRec,2008,2008-12-31,78049,53322,10,7.407670974731445
SASRec,2008,2008-12-31,78054,44191,1,6.65225887298584
SASRec,2008,2008-12-31,78054,48780,2,6.630681037902832
SASRec,2008,2008-12-31,78054,40815,3,6.615468978881836
SASRec,2008,2008-12-31,78054,47610,4,6.382311820983887
SASRec,2008,2008-12-31,78054,41569,5,6.3000006675720215
SASRec,2008,2008-12-31,78054,44195,6,6.266666412353516
SASRec,2008,2008-12-31,78054,33660,7,6.2329421043396
SASRec,2008,2008-12-31,78054,54001,8,6.219555377960205
SASRec,2008,2008-12-31,78054,45447,9,6.1860761642456055
SASRec,2008,2008-12-31,78054,30749,10,6.103064060211182
SASRec,2008,2008-12-31,78082,7445,1,7.036641597747803
SASRec,2008,2008-12-31,78082,8798,2,6.741292953491211
SASRec,2008,2008-12-31,78082,8972,3,6.579716205596924
SASRec,2008,2008-12-31,78082,8970,4,6.538649559020996
SASRec,2008,2008-12-31,78082,33166,5,6.493164539337158
SASRec,2008,2008-12-31,78082,8984,6,6.438188552856445
SASRec,2008,2008-12-31,78082,7143,7,6.410918235778809
SASRec,2008,2008-12-31,78082,8529,8,6.379923343658447
SASRec,2008,2008-12-31,78082,8665,9,6.368831634521484
SASRec,2008,2008-12-31,78082,8983,10,6.363760471343994
SASRec,2008,2008-12-31,78305,858,1,7.769747257232666
SASRec,2008,2008-12-31,78305,32,2,7.5357255935668945
SASRec,2008,2008-12-31,78305,1200,3,7.525633811950684
SASRec,2008,2008-12-31,78305,49272,4,7.46285343170166
SASRec,2008,2008-12-31,78305,33493,5,7.45932674407959
SASRec,2008,2008-12-31,78305,1240,6,7.391011714935303
SASRec,2008,2008-12-31,78305,4993,7,7.355996131896973
SASRec,2008,2008-12-31,78305,541,8,7.322915077209473
SASRec,2008,2008-12-31,78305,48516,9,7.29757833480835
SASRec,2008,2008-12-31,78305,3793,10,7.296611785888672
SASRec,2008,2008-12-31,78380,54286,1,7.944704532623291
SASRec,2008,2008-12-31,78380,46578,2,7.920624256134033
SASRec,2008,2008-12-31,78380,54272,3,7.785027503967285
SASRec,2008,2008-12-31,78380,51255,4,7.547951698303223
SASRec,2008,2008-12-31,78380,54001,5,7.544595718383789
SASRec,2008,2008-12-31,78380,54503,6,7.540665149688721
SASRec,2008,2008-12-31,78380,48516,7,7.5252251625061035
SASRec,2008,2008-12-31,78380,49272,8,7.517983913421631
SASRec,2008,2008-12-31,78380,48774,9,7.506756782531738
SASRec,2008,2008-12-31,78380,52722,10,7.4505157470703125
SASRec,2008,2008-12-31,78386,7361,1,6.837588787078857
SASRec,2008,2008-12-31,78386,37741,2,6.720006942749023
SASRec,2008,2008-12-31,78386,6023,3,6.719428062438965
SASRec,2008,2008-12-31,78386,7234,4,6.614623069763184
SASRec,2008,2008-12-31,78386,6016,5,6.575651168823242
SASRec,2008,2008-12-31,78386,8949,6,6.550533771514893
SASRec,2008,2008-12-31,78386,27773,7,6.520491600036621
SASRec,2008,2008-12-31,78386,45950,8,6.51912784576416
SASRec,2008,2008-12-31,78386,7256,9,6.461883544921875
SASRec,2008,2008-12-31,78386,296,10,6.386631965637207
SASRec,2008,2008-12-31,78625,46976,1,8.302117347717285
SASRec,2008,2008-12-31,78625,47950,2,7.591734886169434
SASRec,2008,2008-12-31,78625,47629,3,7.5676960945129395
SASRec,2008,2008-12-31,78625,48696,4,7.558651924133301
SASRec,2008,2008-12-31,78625,54286,5,7.492627143859863
SASRec,2008,2008-12-31,78625,49272,6,7.403913497924805
SASRec,2008,2008-12-31,78625,50685,7,7.399465560913086
SASRec,2008,2008-12-31,78625,50068,8,7.3598809242248535
SASRec,2008,2008-12-31,78625,54503,9,7.207523822784424
SASRec,2008,2008-12-31,78625,54272,10,7.154369354248047
SASRec,2008,2008-12-31,78932,45668,1,7.187289714813232
SASRec,2008,2008-12-31,78932,46578,2,7.078771591186523
SASRec,2008,2008-12-31,78932,46976,3,6.941221237182617
SASRec,2008,2008-12-31,78932,42015,4,6.886529445648193
SASRec,2008,2008-12-31,78932,45720,5,6.835317134857178
SASRec,2008,2008-12-31,78932,45666,6,6.833410739898682
SASRec,2008,2008-12-31,78932,49286,7,6.677645206451416
SASRec,2008,2008-12-31,78932,54001,8,6.579531192779541
SASRec,2008,2008-12-31,78932,45447,9,6.559858798980713
SASRec,2008,2008-12-31,78932,48783,10,6.428033828735352
SASRec,2008,2008-12-31,79219,1073,1,7.29484748840332
SASRec,2008,2008-12-31,79219,1682,2,6.657572269439697
SASRec,2008,2008-12-31,79219,539,3,6.614326477050781
SASRec,2008,2008-12-31,79219,1517,4,6.592264652252197
SASRec,2008,2008-12-31,79219,1968,5,6.450639724731445
SASRec,2008,2008-12-31,79219,2918,6,6.4381794929504395
SASRec,2008,2008-12-31,79219,357,7,6.32163143157959
SASRec,2008,2008-12-31,79219,1923,8,6.299594879150391
SASRec,2008,2008-12-31,79219,3948,9,6.2850022315979
SASRec,2008,2008-12-31,79219,586,10,6.281020164489746
SASRec,2008,2008-12-31,79555,50685,1,7.438554763793945
SASRec,2008,2008-12-31,79555,47950,2,7.192408084869385
SASRec,2008,2008-12-31,79555,26148,3,6.884451389312744
SASRec,2008,2008-12-31,79555,52375,4,6.782500267028809
SASRec,2008,2008-12-31,79555,50005,5,6.682559013366699
SASRec,2008,2008-12-31,79555,26111,6,6.654681205749512
SASRec,2008,2008-12-31,79555,26163,7,6.615173816680908
SASRec,2008,2008-12-31,79555,50068,8,6.554361820220947
SASRec,2008,2008-12-31,79555,44788,9,6.524191856384277
SASRec,2008,2008-12-31,79555,25850,10,6.493768692016602
SASRec,2008,2008-12-31,79746,44191,1,7.794926643371582
SASRec,2008,2008-12-31,79746,32587,2,7.669325351715088
SASRec,2008,2008-12-31,79746,30749,3,7.488431453704834
SASRec,2008,2008-12-31,79746,48516,4,7.444398880004883
SASRec,2008,2008-12-31,79746,50,5,7.443129539489746
SASRec,2008,2008-12-31,79746,33794,6,7.234256744384766
SASRec,2008,2008-12-31,79746,27773,7,7.183378219604492
SASRec,2008,2008-12-31,79746,49272,8,7.095348358154297
SASRec,2008,2008-12-31,79746,46976,9,6.855755805969238
SASRec,2008,2008-12-31,79746,8950,10,6.849632263183594
SASRec,2008,2008-12-31,79783,52328,1,7.439324855804443
SASRec,2008,2008-12-31,79783,54286,2,7.410569190979004
SASRec,2008,2008-12-31,79783,49272,3,7.303717613220215
SASRec,2008,2008-12-31,79783,52722,4,7.289120674133301
SASRec,2008,2008-12-31,79783,48394,5,7.255559921264648
SASRec,2008,2008-12-31,79783,48516,6,7.251534461975098
SASRec,2008,2008-12-31,79783,53972,7,7.246561050415039
SASRec,2008,2008-12-31,79783,51255,8,7.174549102783203
SASRec,2008,2008-12-31,79783,48738,9,7.118873596191406
SASRec,2008,2008-12-31,79783,52245,10,7.105525016784668
SASRec,2008,2008-12-31,80183,3243,1,6.987998962402344
SASRec,2008,2008-12-31,80183,2806,2,6.346260070800781
SASRec,2008,2008-12-31,80183,3248,3,6.209631443023682
SASRec,2008,2008-12-31,80183,2052,4,6.124847888946533
SASRec,2008,2008-12-31,80183,4040,5,6.043362617492676
SASRec,2008,2008-12-31,80183,2558,6,5.952841281890869
SASRec,2008,2008-12-31,80183,3177,7,5.94535493850708
SASRec,2008,2008-12-31,80183,2042,8,5.55190372467041
SASRec,2008,2008-12-31,80183,2829,9,5.526279926300049
SASRec,2008,2008-12-31,80183,3484,10,5.50593376159668
SASRec,2008,2008-12-31,80744,6023,1,7.5133771896362305
SASRec,2008,2008-12-31,80744,7938,2,6.711368083953857
SASRec,2008,2008-12-31,80744,5017,3,6.621975421905518
SASRec,2008,2008-12-31,80744,7766,4,6.590945243835449
SASRec,2008,2008-12-31,80744,7926,5,6.491486549377441
SASRec,2008,2008-12-31,80744,2726,6,6.477907657623291
SASRec,2008,2008-12-31,80744,3435,7,6.458291053771973
SASRec,2008,2008-12-31,80744,7941,8,6.285704612731934
SASRec,2008,2008-12-31,80744,668,9,6.2732110023498535
SASRec,2008,2008-12-31,80744,6987,10,6.23390531539917
SASRec,2008,2008-12-31,80919,43936,1,4.160618782043457
SASRec,2008,2008-12-31,80919,35957,2,4.019325256347656
SASRec,2008,2008-12-31,80919,36276,3,3.8924314975738525
SASRec,2008,2008-12-31,80919,44199,4,3.8813328742980957
SASRec,2008,2008-12-31,80919,36517,5,3.75897479057312
SASRec,2008,2008-12-31,80919,26386,6,3.697967290878296
SASRec,2008,2008-12-31,80919,27020,7,3.6634140014648438
SASRec,2008,2008-12-31,80919,39381,8,3.662334442138672
SASRec,2008,2008-12-31,80919,49272,9,3.655902147293091
SASRec,2008,2008-12-31,80919,38061,10,3.653536796569824
SASRec,2008,2008-12-31,81133,6867,1,7.262628555297852
SASRec,2008,2008-12-31,81133,6299,2,7.250162601470947
SASRec,2008,2008-12-31,81133,8949,3,6.870303630828857
SASRec,2008,2008-12-31,81133,7256,4,6.7850189208984375
SASRec,2008,2008-12-31,81133,7156,5,6.657370567321777
SASRec,2008,2008-12-31,81133,8784,6,6.645181179046631
SASRec,2008,2008-12-31,81133,6552,7,6.595637321472168
SASRec,2008,2008-12-31,81133,6953,8,6.593182563781738
SASRec,2008,2008-12-31,81133,6385,9,6.505382537841797
SASRec,2008,2008-12-31,81133,8873,10,6.450843334197998
SASRec,2008,2008-12-31,81284,46578,1,7.336186408996582
SASRec,2008,2008-12-31,81284,48394,2,7.091872215270996
SASRec,2008,2008-12-31,81284,46976,3,6.977192401885986
SASRec,2008,2008-12-31,81284,48516,4,6.893815040588379
SASRec,2008,2008-12-31,81284,48696,5,6.73276424407959
SASRec,2008,2008-12-31,81284,49272,6,6.658070087432861
SASRec,2008,2008-12-31,81284,48780,7,6.574825763702393
SASRec,2008,2008-12-31,81284,54272,8,6.562629699707031
SASRec,2008,2008-12-31,81284,48385,9,6.480029582977295
SASRec,2008,2008-12-31,81284,48738,10,6.451536178588867
SASRec,2008,2008-12-31,81553,45503,1,6.476100921630859
SASRec,2008,2008-12-31,81553,48744,2,6.455568313598633
SASRec,2008,2008-12-31,81553,54272,3,6.383740425109863
SASRec,2008,2008-12-31,81553,49793,4,6.370067596435547
SASRec,2008,2008-12-31,81553,52967,5,6.315128326416016
SASRec,2008,2008-12-31,81553,51540,6,6.296051025390625
SASRec,2008,2008-12-31,81553,47894,7,6.271610260009766
SASRec,2008,2008-12-31,81553,55280,8,6.178987979888916
SASRec,2008,2008-12-31,81553,50005,9,6.152215957641602
SASRec,2008,2008-12-31,81553,48598,10,6.149584770202637
SASRec,2008,2008-12-31,81742,858,1,5.792129993438721
SASRec,2008,2008-12-31,81742,2329,2,5.380014896392822
SASRec,2008,2008-12-31,81742,318,3,5.18996000289917
SASRec,2008,2008-12-31,81742,1196,4,5.160009860992432
SASRec,2008,2008-12-31,81742,1262,5,5.107917785644531
SASRec,2008,2008-12-31,81742,1193,6,5.024400234222412
SASRec,2008,2008-12-31,81742,593,7,5.018468856811523
SASRec,2008,2008-12-31,81742,2019,8,4.999021530151367
SASRec,2008,2008-12-31,81742,1263,9,4.958461761474609
SASRec,2008,2008-12-31,81742,1221,10,4.926843643188477
SASRec,2008,2008-12-31,82107,2858,1,9.36935806274414
SASRec,2008,2008-12-31,82107,296,2,8.933844566345215
SASRec,2008,2008-12-31,82107,608,3,8.916136741638184
SASRec,2008,2008-12-31,82107,593,4,8.895866394042969
SASRec,2008,2008-12-31,82107,318,5,8.809334754943848
SASRec,2008,2008-12-31,82107,3114,6,8.78742504119873
SASRec,2008,2008-12-31,82107,2396,7,8.782112121582031
SASRec,2008,2008-12-31,82107,34,8,8.480934143066406
SASRec,2008,2008-12-31,82107,3578,9,8.458778381347656
SASRec,2008,2008-12-31,82107,110,10,8.436928749084473
SASRec,2008,2008-12-31,82329,37741,1,5.251518249511719
SASRec,2008,2008-12-31,82329,4426,2,4.9814276695251465
SASRec,2008,2008-12-31,82329,2925,3,4.718296527862549
SASRec,2008,2008-12-31,82329,7944,4,4.714310169219971
SASRec,2008,2008-12-31,82329,6023,5,4.713459014892578
SASRec,2008,2008-12-31,82329,8261,6,4.711328029632568
SASRec,2008,2008-12-31,82329,25828,7,4.693816661834717
SASRec,2008,2008-12-31,82329,40629,8,4.677523612976074
SASRec,2008,2008-12-31,82329,6254,9,4.517945766448975
SASRec,2008,2008-12-31,82329,6787,10,4.492833137512207
SASRec,2008,2008-12-31,82363,858,1,3.9281108379364014
SASRec,2008,2008-12-31,82363,296,2,3.86307430267334
SASRec,2008,2008-12-31,82363,1961,3,3.7815492153167725
SASRec,2008,2008-12-31,82363,3707,4,3.656350612640381
SASRec,2008,2008-12-31,82363,4976,5,3.394700765609741
SASRec,2008,2008-12-31,82363,318,6,3.3484721183776855
SASRec,2008,2008-12-31,82363,3578,7,3.287980556488037
SASRec,2008,2008-12-31,82363,1721,8,3.270998954772949
SASRec,2008,2008-12-31,82363,3795,9,3.1404519081115723
SASRec,2008,2008-12-31,82363,4235,10,3.1326136589050293
SASRec,2008,2008-12-31,82615,8950,1,3.9340932369232178
SASRec,2008,2008-12-31,82615,8957,2,3.9102439880371094
SASRec,2008,2008-12-31,82615,8983,3,3.9009768962860107
SASRec,2008,2008-12-31,82615,36529,4,3.779693126678467
SASRec,2008,2008-12-31,82615,741,5,3.7606310844421387
SASRec,2008,2008-12-31,82615,7090,6,3.6544034481048584
SASRec,2008,2008-12-31,82615,37733,7,3.5950734615325928
SASRec,2008,2008-12-31,82615,31878,8,3.5826315879821777
SASRec,2008,2008-12-31,82615,8810,9,3.5360729694366455
SASRec,2008,2008-12-31,82615,8370,10,3.534339427947998
SASRec,2008,2008-12-31,82625,44191,1,8.022098541259766
SASRec,2008,2008-12-31,82625,32587,2,7.885953426361084
SASRec,2008,2008-12-31,82625,41569,3,7.2408671379089355
SASRec,2008,2008-12-31,82625,33794,4,7.2073259353637695
SASRec,2008,2008-12-31,82625,46578,5,7.101081848144531
SASRec,2008,2008-12-31,82625,48385,6,7.096653461456299
SASRec,2008,2008-12-31,82625,34405,7,7.061408042907715
SASRec,2008,2008-12-31,82625,41566,8,7.0317816734313965
SASRec,2008,2008-12-31,82625,7361,9,6.982686996459961
SASRec,2008,2008-12-31,82625,45722,10,6.961809158325195
SASRec,2008,2008-12-31,82778,3996,1,6.651181697845459
SASRec,2008,2008-12-31,82778,3578,2,6.578118324279785
SASRec,2008,2008-12-31,82778,4226,3,6.413089752197266
SASRec,2008,2008-12-31,82778,4963,4,6.371257781982422
SASRec,2008,2008-12-31,82778,4011,5,6.312623023986816
SASRec,2008,2008-12-31,82778,4306,6,6.1885223388671875
SASRec,2008,2008-12-31,82778,3897,7,5.986873626708984
SASRec,2008,2008-12-31,82778,4993,8,5.913938999176025
SASRec,2008,2008-12-31,82778,3481,9,5.795234680175781
SASRec,2008,2008-12-31,82778,4995,10,5.725180625915527
SASRec,2008,2008-12-31,83070,8949,1,6.974536418914795
SASRec,2008,2008-12-31,83070,33166,2,6.948166847229004
SASRec,2008,2008-12-31,83070,41285,3,6.683426856994629
SASRec,2008,2008-12-31,83070,37741,4,6.600194454193115
SASRec,2008,2008-12-31,83070,39183,5,6.576456069946289
SASRec,2008,2008-12-31,83070,36517,6,6.53671407699585
SASRec,2008,2008-12-31,83070,8966,7,6.454256057739258
SASRec,2008,2008-12-31,83070,30749,8,6.439714431762695
SASRec,2008,2008-12-31,83070,32587,9,6.432407855987549
SASRec,2008,2008-12-31,83070,30810,10,6.417949676513672
SASRec,2008,2008-12-31,83174,5459,1,7.613201141357422
SASRec,2008,2008-12-31,83174,6373,2,7.421145439147949
SASRec,2008,2008-12-31,83174,4718,3,7.382606506347656
SASRec,2008,2008-12-31,83174,5418,4,7.198941707611084
SASRec,2008,2008-12-31,83174,1909,5,7.186416149139404
SASRec,2008,2008-12-31,83174,6537,6,7.141664505004883
SASRec,2008,2008-12-31,83174,5481,7,7.064687728881836
SASRec,2008,2008-12-31,83174,6934,8,7.037225723266602
SASRec,2008,2008-12-31,83174,4246,9,6.995434761047363
SASRec,2008,2008-12-31,83174,3755,10,6.970711708068848
SASRec,2008,2008-12-31,83290,46578,1,8.539243698120117
SASRec,2008,2008-12-31,83290,54286,2,8.344152450561523
SASRec,2008,2008-12-31,83290,54001,3,8.18576431274414
SASRec,2008,2008-12-31,83290,46976,4,8.165182113647461
SASRec,2008,2008-12-31,83290,52722,5,7.903496265411377
SASRec,2008,2008-12-31,83290,49530,6,7.739205360412598
SASRec,2008,2008-12-31,83290,44191,7,7.692729949951172
SASRec,2008,2008-12-31,83290,48780,8,7.684791088104248
SASRec,2008,2008-12-31,83290,53322,9,7.584309101104736
SASRec,2008,2008-12-31,83290,48394,10,7.54774284362793
SASRec,2008,2008-12-31,83361,2502,1,7.205878734588623
SASRec,2008,2008-12-31,83361,1732,2,7.153665542602539
SASRec,2008,2008-12-31,83361,1258,3,7.015148162841797
SASRec,2008,2008-12-31,83361,1704,4,6.994639873504639
SASRec,2008,2008-12-31,83361,1961,5,6.948031902313232
SASRec,2008,2008-12-31,83361,4022,6,6.774126052856445
SASRec,2008,2008-12-31,83361,2706,7,6.72073221206665
SASRec,2008,2008-12-31,83361,1485,8,6.71444845199585
SASRec,2008,2008-12-31,83361,2918,9,6.691009998321533
SASRec,2008,2008-12-31,83361,500,10,6.688461780548096
SASRec,2008,2008-12-31,83377,6787,1,6.559096336364746
SASRec,2008,2008-12-31,83377,5995,2,6.477844715118408
SASRec,2008,2008-12-31,83377,1228,3,6.408712387084961
SASRec,2008,2008-12-31,83377,2329,4,6.354247093200684
SASRec,2008,2008-12-31,83377,1945,5,6.3119378089904785
SASRec,2008,2008-12-31,83377,296,6,6.279371738433838
SASRec,2008,2008-12-31,83377,1263,7,6.248727798461914
SASRec,2008,2008-12-31,83377,1953,8,6.209374904632568
SASRec,2008,2008-12-31,83377,608,9,6.206218242645264
SASRec,2008,2008-12-31,83377,1245,10,6.178293704986572
SASRec,2008,2008-12-31,83632,480,1,6.7579731941223145
SASRec,2008,2008-12-31,83632,110,2,6.712629795074463
SASRec,2008,2008-12-31,83632,1,3,6.546423435211182
SASRec,2008,2008-12-31,83632,590,4,6.529393672943115
SASRec,2008,2008-12-31,83632,344,5,6.508110046386719
SASRec,2008,2008-12-31,83632,380,6,6.440566539764404
SASRec,2008,2008-12-31,83632,1210,7,6.36198091506958
SASRec,2008,2008-12-31,83632,7438,8,6.16491174697876
SASRec,2008,2008-12-31,83632,47,9,6.069969654083252
SASRec,2008,2008-12-31,83632,7153,10,6.041470050811768
SASRec,2008,2008-12-31,83730,2985,1,6.610815048217773
SASRec,2008,2008-12-31,83730,2529,2,6.5678534507751465
SASRec,2008,2008-12-31,83730,1073,3,6.487081050872803
SASRec,2008,2008-12-31,83730,1527,4,6.2957940101623535
SASRec,2008,2008-12-31,83730,1258,5,6.235279560089111
SASRec,2008,2008-12-31,83730,1376,6,6.216550827026367
SASRec,2008,2008-12-31,83730,1200,7,6.211581707000732
SASRec,2008,2008-12-31,83730,480,8,6.199674606323242
SASRec,2008,2008-12-31,83730,3527,9,6.194939136505127
SASRec,2008,2008-12-31,83730,1206,10,6.148561000823975
SASRec,2008,2008-12-31,83785,44191,1,7.718615531921387
SASRec,2008,2008-12-31,83785,46976,2,7.168964862823486
SASRec,2008,2008-12-31,83785,48394,3,6.926235198974609
SASRec,2008,2008-12-31,83785,49272,4,6.894411087036133
SASRec,2008,2008-12-31,83785,48516,5,6.87995719909668
SASRec,2008,2008-12-31,83785,39183,6,6.7227606773376465
SASRec,2008,2008-12-31,83785,48780,7,6.67529821395874
SASRec,2008,2008-12-31,83785,48385,8,6.674098014831543
SASRec,2008,2008-12-31,83785,41285,9,6.616330623626709
SASRec,2008,2008-12-31,83785,44199,10,6.5328545570373535
SASRec,2008,2008-12-31,83894,54001,1,7.0933756828308105
SASRec,2008,2008-12-31,83894,53972,2,6.673072338104248
SASRec,2008,2008-12-31,83894,53125,3,6.505301475524902
SASRec,2008,2008-12-31,83894,54286,4,6.472278594970703
SASRec,2008,2008-12-31,83894,50872,5,6.101668357849121
SASRec,2008,2008-12-31,83894,41566,6,6.1013503074646
SASRec,2008,2008-12-31,83894,53322,7,6.079451560974121
SASRec,2008,2008-12-31,83894,48520,8,6.022171974182129
SASRec,2008,2008-12-31,83894,40815,9,5.969124794006348
SASRec,2008,2008-12-31,83894,54272,10,5.94049596786499
SASRec,2008,2008-12-31,83924,52328,1,7.228251934051514
SASRec,2008,2008-12-31,83924,31804,2,6.600172519683838
SASRec,2008,2008-12-31,83924,44828,3,6.286966323852539
SASRec,2008,2008-12-31,83924,53972,4,6.23588228225708
SASRec,2008,2008-12-31,83924,54272,5,6.127629280090332
SASRec,2008,2008-12-31,83924,27608,6,5.9048004150390625
SASRec,2008,2008-12-31,83924,53953,7,5.899538040161133
SASRec,2008,2008-12-31,83924,53125,8,5.774437427520752
SASRec,2008,2008-12-31,83924,53996,9,5.672657012939453
SASRec,2008,2008-12-31,83924,53464,10,5.656129837036133
SASRec,2008,2008-12-31,83931,10,1,11.738508224487305
SASRec,2008,2008-12-31,83931,586,2,11.657740592956543
SASRec,2008,2008-12-31,83931,500,3,11.547745704650879
SASRec,2008,2008-12-31,83931,153,4,11.518860816955566
SASRec,2008,2008-12-31,83931,292,5,11.198139190673828
SASRec,2008,2008-12-31,83931,339,6,11.182608604431152
SASRec,2008,2008-12-31,83931,95,7,11.12139892578125
SASRec,2008,2008-12-31,83931,288,8,11.020753860473633
SASRec,2008,2008-12-31,83931,589,9,10.938984870910645
SASRec,2008,2008-12-31,83931,47,10,10.903544425964355
SASRec,2008,2008-12-31,84059,44191,1,8.752650260925293
SASRec,2008,2008-12-31,84059,46578,2,8.47314167022705
SASRec,2008,2008-12-31,84059,46976,3,7.649470329284668
SASRec,2008,2008-12-31,84059,48394,4,7.562509059906006
SASRec,2008,2008-12-31,84059,49530,5,7.2098164558410645
SASRec,2008,2008-12-31,84059,51662,6,7.168125152587891
SASRec,2008,2008-12-31,84059,44199,7,6.893813133239746
SASRec,2008,2008-12-31,84059,54503,8,6.845332622528076
SASRec,2008,2008-12-31,84059,34405,9,6.743697643280029
SASRec,2008,2008-12-31,84059,33660,10,6.60720682144165
SASRec,2008,2008-12-31,84140,50794,1,6.958868503570557
SASRec,2008,2008-12-31,84140,50005,2,6.786849498748779
SASRec,2008,2008-12-31,84140,51077,3,6.71199893951416
SASRec,2008,2008-12-31,84140,52694,4,6.487552165985107
SASRec,2008,2008-12-31,84140,54001,5,6.442384243011475
SASRec,2008,2008-12-31,84140,54272,6,6.374443531036377
SASRec,2008,2008-12-31,84140,52604,7,6.36701774597168
SASRec,2008,2008-12-31,84140,52458,8,6.364771366119385
SASRec,2008,2008-12-31,84140,50872,9,6.336025238037109
SASRec,2008,2008-12-31,84140,26117,10,6.278319835662842
SASRec,2008,2008-12-31,84232,7149,1,5.742885589599609
SASRec,2008,2008-12-31,84232,30812,2,5.7375640869140625
SASRec,2008,2008-12-31,84232,7151,3,5.581268787384033
SASRec,2008,2008-12-31,84232,8966,4,5.496091842651367
SASRec,2008,2008-12-31,84232,8958,5,5.474154472351074
SASRec,2008,2008-12-31,84232,30822,6,5.410231113433838
SASRec,2008,2008-12-31,84232,8784,7,5.331057548522949
SASRec,2008,2008-12-31,84232,7139,8,5.326242446899414
SASRec,2008,2008-12-31,84232,7162,9,5.218326091766357
SASRec,2008,2008-12-31,84232,33166,10,5.137192249298096
SASRec,2008,2008-12-31,84485,45722,1,6.61976957321167
SASRec,2008,2008-12-31,84485,40815,2,6.3761305809021
SASRec,2008,2008-12-31,84485,48394,3,6.220730781555176
SASRec,2008,2008-12-31,84485,52722,4,6.107702732086182
SASRec,2008,2008-12-31,84485,480,5,6.016207695007324
SASRec,2008,2008-12-31,84485,45447,6,5.947813510894775
SASRec,2008,2008-12-31,84485,54001,7,5.93400239944458
SASRec,2008,2008-12-31,84485,30749,8,5.877910614013672
SASRec,2008,2008-12-31,84485,27904,9,5.822131156921387
SASRec,2008,2008-12-31,84485,44195,10,5.809647083282471
SASRec,2008,2008-12-31,84815,37853,1,5.036473274230957
SASRec,2008,2008-12-31,84815,36519,2,5.002938747406006
SASRec,2008,2008-12-31,84815,7362,3,4.835326194763184
SASRec,2008,2008-12-31,84815,8666,4,4.803507328033447
SASRec,2008,2008-12-31,84815,32017,5,4.698271751403809
SASRec,2008,2008-12-31,84815,32296,6,4.696002960205078
SASRec,2008,2008-12-31,84815,37727,7,4.662060260772705
SASRec,2008,2008-12-31,84815,7316,8,4.655977725982666
SASRec,2008,2008-12-31,84815,31221,9,4.6323771476745605
SASRec,2008,2008-12-31,84815,7381,10,4.565464496612549
SASRec,2008,2008-12-31,85039,44191,1,7.866949558258057
SASRec,2008,2008-12-31,85039,46578,2,7.862231254577637
SASRec,2008,2008-12-31,85039,54001,3,7.810531139373779
SASRec,2008,2008-12-31,85039,45447,4,7.575998783111572
SASRec,2008,2008-12-31,85039,49272,5,7.5445556640625
SASRec,2008,2008-12-31,85039,40815,6,7.535928726196289
SASRec,2008,2008-12-31,85039,41569,7,7.293033123016357
SASRec,2008,2008-12-31,85039,54286,8,7.255289554595947
SASRec,2008,2008-12-31,85039,48385,9,7.1985907554626465
SASRec,2008,2008-12-31,85039,45668,10,7.1405839920043945
SASRec,2008,2008-12-31,85376,7361,1,7.6136393547058105
SASRec,2008,2008-12-31,85376,6016,2,7.493884086608887
SASRec,2008,2008-12-31,85376,5995,3,7.299460411071777
SASRec,2008,2008-12-31,85376,1203,4,7.096766948699951
SASRec,2008,2008-12-31,85376,48516,5,7.066864490509033
SASRec,2008,2008-12-31,85376,1193,6,7.02203893661499
SASRec,2008,2008-12-31,85376,1252,7,7.00610876083374
SASRec,2008,2008-12-31,85376,46976,8,6.997010707855225
SASRec,2008,2008-12-31,85376,904,9,6.9956865310668945
SASRec,2008,2008-12-31,85376,608,10,6.818917751312256
SASRec,2008,2008-12-31,85567,5378,1,7.816661834716797
SASRec,2008,2008-12-31,85567,5218,2,7.395073413848877
SASRec,2008,2008-12-31,85567,4367,3,7.291438102722168
SASRec,2008,2008-12-31,85567,5254,4,7.15257453918457
SASRec,2008,2008-12-31,85567,6537,5,7.145094394683838
SASRec,2008,2008-12-31,85567,4643,6,7.0722761154174805
SASRec,2008,2008-12-31,85567,6934,7,7.045426368713379
SASRec,2008,2008-12-31,85567,4270,8,6.997285842895508
SASRec,2008,2008-12-31,85567,4718,9,6.961400985717773
SASRec,2008,2008-12-31,85567,5502,10,6.891841411590576
SASRec,2008,2008-12-31,85638,45447,1,6.7229413986206055
SASRec,2008,2008-12-31,85638,41569,2,6.531825065612793
SASRec,2008,2008-12-31,85638,33679,3,6.464174270629883
SASRec,2008,2008-12-31,85638,34405,4,6.35122013092041
SASRec,2008,2008-12-31,85638,33004,5,6.30352783203125
SASRec,2008,2008-12-31,85638,40815,6,6.2895894050598145
SASRec,2008,2008-12-31,85638,41566,7,6.219963550567627
SASRec,2008,2008-12-31,85638,33493,8,6.110875606536865
SASRec,2008,2008-12-31,85638,34150,9,6.103243350982666
SASRec,2008,2008-12-31,85638,8972,10,6.070207595825195
SASRec,2008,2008-12-31,85692,3791,1,4.859996318817139
SASRec,2008,2008-12-31,85692,4621,2,4.717099189758301
SASRec,2008,2008-12-31,85692,4487,3,4.574662685394287
SASRec,2008,2008-12-31,85692,4681,4,4.5422234535217285
SASRec,2008,2008-12-31,85692,2378,5,4.4561381340026855
SASRec,2008,2008-12-31,85692,3844,6,4.4234299659729
SASRec,2008,2008-12-31,85692,3388,7,4.394672393798828
SASRec,2008,2008-12-31,85692,3688,8,4.296989917755127
SASRec,2008,2008-12-31,85692,2410,9,4.294358253479004
SASRec,2008,2008-12-31,85692,2794,10,4.253332614898682
SASRec,2008,2008-12-31,85788,47629,1,7.10943603515625
SASRec,2008,2008-12-31,85788,46976,2,7.109236717224121
SASRec,2008,2008-12-31,85788,50685,3,6.990901947021484
SASRec,2008,2008-12-31,85788,46578,4,6.988425254821777
SASRec,2008,2008-12-31,85788,48696,5,6.9882402420043945
SASRec,2008,2008-12-31,85788,49961,6,6.778441429138184
SASRec,2008,2008-12-31,85788,25850,7,6.756315231323242
SASRec,2008,2008-12-31,85788,46850,8,6.677048206329346
SASRec,2008,2008-12-31,85788,47950,9,6.6100382804870605
SASRec,2008,2008-12-31,85788,38886,10,6.470036029815674
SASRec,2008,2008-12-31,86050,44191,1,7.321087837219238
SASRec,2008,2008-12-31,86050,32587,2,7.244290828704834
SASRec,2008,2008-12-31,86050,41569,3,6.91556453704834
SASRec,2008,2008-12-31,86050,45447,4,6.8563995361328125
SASRec,2008,2008-12-31,86050,46578,5,6.837399005889893
SASRec,2008,2008-12-31,86050,34048,6,6.734352111816406
SASRec,2008,2008-12-31,86050,41566,7,6.539651870727539
SASRec,2008,2008-12-31,86050,33679,8,6.518205642700195
SASRec,2008,2008-12-31,86050,8970,9,6.512516021728516
SASRec,2008,2008-12-31,86050,34162,10,6.446528434753418
SASRec,2008,2008-12-31,86256,46976,1,6.581202030181885
SASRec,2008,2008-12-31,86256,30749,2,6.481149673461914
SASRec,2008,2008-12-31,86256,37741,3,6.384895324707031
SASRec,2008,2008-12-31,86256,44761,4,6.158209800720215
SASRec,2008,2008-12-31,86256,41285,5,6.149229049682617
SASRec,2008,2008-12-31,86256,41997,6,6.109034061431885
SASRec,2008,2008-12-31,86256,33660,7,6.070805549621582
SASRec,2008,2008-12-31,86256,45950,8,6.062814712524414
SASRec,2008,2008-12-31,86256,42418,9,6.043345928192139
SASRec,2008,2008-12-31,86256,36529,10,6.031368732452393
SASRec,2008,2008-12-31,86575,50872,1,6.483066082000732
SASRec,2008,2008-12-31,86575,25850,2,6.224353790283203
SASRec,2008,2008-12-31,86575,49824,3,6.080141067504883
SASRec,2008,2008-12-31,86575,50685,4,6.06004524230957
SASRec,2008,2008-12-31,86575,52722,5,6.033726215362549
SASRec,2008,2008-12-31,86575,54001,6,5.974946975708008
SASRec,2008,2008-12-31,86575,26111,7,5.973658084869385
SASRec,2008,2008-12-31,86575,26148,8,5.9733500480651855
SASRec,2008,2008-12-31,86575,54503,9,5.9604315757751465
SASRec,2008,2008-12-31,86575,50005,10,5.955722808837891
SASRec,2008,2008-12-31,86849,4011,1,7.509947776794434
SASRec,2008,2008-12-31,86849,33794,2,6.863595008850098
SASRec,2008,2008-12-31,86849,36529,3,6.750253677368164
SASRec,2008,2008-12-31,86849,6016,4,6.695010185241699
SASRec,2008,2008-12-31,86849,34405,5,6.659054756164551
SASRec,2008,2008-12-31,86849,2571,6,6.485726356506348
SASRec,2008,2008-12-31,86849,33166,7,6.435884475708008
SASRec,2008,2008-12-31,86849,33493,8,6.424746036529541
SASRec,2008,2008-12-31,86849,7022,9,6.339536666870117
SASRec,2008,2008-12-31,86849,593,10,6.334311008453369
SASRec,2008,2008-12-31,86990,46578,1,7.674659252166748
SASRec,2008,2008-12-31,86990,46976,2,7.592167854309082
SASRec,2008,2008-12-31,86990,48394,3,7.574801445007324
SASRec,2008,2008-12-31,86990,48774,4,7.573963642120361
SASRec,2008,2008-12-31,86990,48696,5,7.41178560256958
SASRec,2008,2008-12-31,86990,49272,6,7.411384105682373
SASRec,2008,2008-12-31,86990,54272,7,7.270779132843018
SASRec,2008,2008-12-31,86990,47950,8,7.263944149017334
SASRec,2008,2008-12-31,86990,48738,9,7.240446090698242
SASRec,2008,2008-12-31,86990,51540,10,7.179832935333252
SASRec,2008,2008-12-31,87085,48516,1,8.231098175048828
SASRec,2008,2008-12-31,87085,46976,2,7.959357738494873
SASRec,2008,2008-12-31,87085,48780,3,7.958164215087891
SASRec,2008,2008-12-31,87085,48394,4,7.836167335510254
SASRec,2008,2008-12-31,87085,45447,5,7.409268856048584
SASRec,2008,2008-12-31,87085,40815,6,7.108012676239014
SASRec,2008,2008-12-31,87085,48738,7,7.0620269775390625
SASRec,2008,2008-12-31,87085,49286,8,7.052193641662598
SASRec,2008,2008-12-31,87085,50068,9,7.02878999710083
SASRec,2008,2008-12-31,87085,44195,10,6.869706153869629
SASRec,2008,2008-12-31,87330,47950,1,6.656793594360352
SASRec,2008,2008-12-31,87330,52375,2,6.459146499633789
SASRec,2008,2008-12-31,87330,50005,3,6.407327651977539
SASRec,2008,2008-12-31,87330,52328,4,6.350756645202637
SASRec,2008,2008-12-31,87330,48774,5,6.303304672241211
SASRec,2008,2008-12-31,87330,48696,6,6.274026393890381
SASRec,2008,2008-12-31,87330,50685,7,6.210806369781494
SASRec,2008,2008-12-31,87330,47894,8,5.957756996154785
SASRec,2008,2008-12-31,87330,27608,9,5.951419830322266
SASRec,2008,2008-12-31,87330,51540,10,5.921201705932617
SASRec,2008,2008-12-31,87405,44191,1,8.57387924194336
SASRec,2008,2008-12-31,87405,32587,2,8.328164100646973
SASRec,2008,2008-12-31,87405,7022,3,7.534925937652588
SASRec,2008,2008-12-31,87405,34405,4,7.467815399169922
SASRec,2008,2008-12-31,87405,7361,5,7.39724588394165
SASRec,2008,2008-12-31,87405,7438,6,7.290599346160889
SASRec,2008,2008-12-31,87405,296,7,7.286415100097656
SASRec,2008,2008-12-31,87405,4011,8,7.232663154602051
SASRec,2008,2008-12-31,87405,33794,9,7.214972496032715
SASRec,2008,2008-12-31,87405,33493,10,7.121114253997803
SASRec,2008,2008-12-31,87460,296,1,8.369894027709961
SASRec,2008,2008-12-31,87460,923,2,8.18293285369873
SASRec,2008,2008-12-31,87460,1213,3,8.029960632324219
SASRec,2008,2008-12-31,87460,1221,4,7.966320991516113
SASRec,2008,2008-12-31,87460,904,5,7.872532367706299
SASRec,2008,2008-12-31,87460,1247,6,7.722251892089844
SASRec,2008,2008-12-31,87460,1262,7,7.6850152015686035
SASRec,2008,2008-12-31,87460,4226,8,7.559121608734131
SASRec,2008,2008-12-31,87460,1250,9,7.556302070617676
SASRec,2008,2008-12-31,87460,50,10,7.548040390014648
SASRec,2008,2008-12-31,87517,46578,1,7.993216514587402
SASRec,2008,2008-12-31,87517,48385,2,7.578557968139648
SASRec,2008,2008-12-31,87517,48394,3,7.55862283706665
SASRec,2008,2008-12-31,87517,46976,4,7.378606796264648
SASRec,2008,2008-12-31,87517,51255,5,7.154199600219727
SASRec,2008,2008-12-31,87517,48774,6,6.95378303527832
SASRec,2008,2008-12-31,87517,45447,7,6.7478837966918945
SASRec,2008,2008-12-31,87517,44195,8,6.737426280975342
SASRec,2008,2008-12-31,87517,318,9,6.576271057128906
SASRec,2008,2008-12-31,87517,54503,10,6.539252281188965
SASRec,2008,2008-12-31,87658,296,1,10.069931030273438
SASRec,2008,2008-12-31,87658,858,2,9.870468139648438
SASRec,2008,2008-12-31,87658,593,3,9.432299613952637
SASRec,2008,2008-12-31,87658,589,4,9.213536262512207
SASRec,2008,2008-12-31,87658,50,5,9.148094177246094
SASRec,2008,2008-12-31,87658,32,6,8.97418212890625
SASRec,2008,2008-12-31,87658,2762,7,8.757550239562988
SASRec,2008,2008-12-31,87658,1,8,8.751694679260254
SASRec,2008,2008-12-31,87658,2028,9,8.69694995880127
SASRec,2008,2008-12-31,87658,110,10,8.645818710327148
SASRec,2008,2008-12-31,87881,46578,1,8.31844425201416
SASRec,2008,2008-12-31,87881,44191,2,7.844705104827881
SASRec,2008,2008-12-31,87881,46976,3,7.536226749420166
SASRec,2008,2008-12-31,87881,40815,4,7.446710109710693
SASRec,2008,2008-12-31,87881,49272,5,7.277927398681641
SASRec,2008,2008-12-31,87881,44195,6,7.151298999786377
SASRec,2008,2008-12-31,87881,41566,7,7.123256683349609
SASRec,2008,2008-12-31,87881,30749,8,7.050259113311768
SASRec,2008,2008-12-31,87881,45447,9,6.952193737030029
SASRec,2008,2008-12-31,87881,32587,10,6.94535493850708
SASRec,2008,2008-12-31,87937,46578,1,7.046516418457031
SASRec,2008,2008-12-31,87937,45447,2,6.755832672119141
SASRec,2008,2008-12-31,87937,48516,3,6.7086567878723145
SASRec,2008,2008-12-31,87937,48385,4,6.651834964752197
SASRec,2008,2008-12-31,87937,49272,5,6.42451810836792
SASRec,2008,2008-12-31,87937,48780,6,6.174756050109863
SASRec,2008,2008-12-31,87937,46976,7,6.130509376525879
SASRec,2008,2008-12-31,87937,51662,8,5.98918342590332
SASRec,2008,2008-12-31,87937,54286,9,5.882784843444824
SASRec,2008,2008-12-31,87937,44199,10,5.856800556182861
SASRec,2008,2008-12-31,88060,48774,1,5.754488468170166
SASRec,2008,2008-12-31,88060,27773,2,5.622886657714844
SASRec,2008,2008-12-31,88060,39381,3,5.595382213592529
SASRec,2008,2008-12-31,88060,6023,4,5.545964241027832
SASRec,2008,2008-12-31,88060,6016,5,5.3800153732299805
SASRec,2008,2008-12-31,88060,36276,6,5.370445251464844
SASRec,2008,2008-12-31,88060,37741,7,5.317911148071289
SASRec,2008,2008-12-31,88060,48696,8,5.109044551849365
SASRec,2008,2008-12-31,88060,8370,9,5.059081554412842
SASRec,2008,2008-12-31,88060,44761,10,5.0472869873046875
SASRec,2008,2008-12-31,88198,46976,1,8.49423599243164
SASRec,2008,2008-12-31,88198,50068,2,8.023982048034668
SASRec,2008,2008-12-31,88198,48780,3,7.827205181121826
SASRec,2008,2008-12-31,88198,48394,4,7.696077346801758
SASRec,2008,2008-12-31,88198,54272,5,7.695813179016113
SASRec,2008,2008-12-31,88198,54001,6,7.650245666503906
SASRec,2008,2008-12-31,88198,48774,7,7.645875930786133
SASRec,2008,2008-12-31,88198,54503,8,7.627073287963867
SASRec,2008,2008-12-31,88198,55765,9,7.5070953369140625
SASRec,2008,2008-12-31,88198,52973,10,7.455323696136475
SASRec,2008,2008-12-31,88230,54001,1,6.172943115234375
SASRec,2008,2008-12-31,88230,53125,2,6.09979248046875
SASRec,2008,2008-12-31,88230,45208,3,6.0439958572387695
SASRec,2008,2008-12-31,88230,46578,4,5.963527679443359
SASRec,2008,2008-12-31,88230,52722,5,5.915086269378662
SASRec,2008,2008-12-31,88230,26101,6,5.852469444274902
SASRec,2008,2008-12-31,88230,26111,7,5.821382999420166
SASRec,2008,2008-12-31,88230,50601,8,5.791478157043457
SASRec,2008,2008-12-31,88230,53972,9,5.678258895874023
SASRec,2008,2008-12-31,88230,40815,10,5.588167190551758
SASRec,2008,2008-12-31,88536,778,1,6.300369739532471
SASRec,2008,2008-12-31,88536,608,2,6.216310501098633
SASRec,2008,2008-12-31,88536,2396,3,6.139710903167725
SASRec,2008,2008-12-31,88536,2959,4,6.123170852661133
SASRec,2008,2008-12-31,88536,296,5,6.113914489746094
SASRec,2008,2008-12-31,88536,5669,6,6.094320774078369
SASRec,2008,2008-12-31,88536,2858,7,6.047743320465088
SASRec,2008,2008-12-31,88536,2762,8,6.0019025802612305
SASRec,2008,2008-12-31,88536,32,9,5.83842134475708
SASRec,2008,2008-12-31,88536,2571,10,5.83292293548584
SASRec,2008,2008-12-31,88932,296,1,9.73564624786377
SASRec,2008,2008-12-31,88932,858,2,9.65528392791748
SASRec,2008,2008-12-31,88932,593,3,9.614034652709961
SASRec,2008,2008-12-31,88932,44191,4,9.291916847229004
SASRec,2008,2008-12-31,88932,50,5,9.190516471862793
SASRec,2008,2008-12-31,88932,4993,6,9.019754409790039
SASRec,2008,2008-12-31,88932,260,7,8.799741744995117
SASRec,2008,2008-12-31,88932,1210,8,8.720965385437012
SASRec,2008,2008-12-31,88932,589,9,8.708221435546875
SASRec,2008,2008-12-31,88932,32587,10,8.570387840270996
SASRec,2008,2008-12-31,88947,44191,1,7.602423667907715
SASRec,2008,2008-12-31,88947,48780,2,7.477379322052002
SASRec,2008,2008-12-31,88947,34405,3,7.056568145751953
SASRec,2008,2008-12-31,88947,36529,4,6.956350803375244
SASRec,2008,2008-12-31,88947,53972,5,6.887166976928711
SASRec,2008,2008-12-31,88947,54286,6,6.710616111755371
SASRec,2008,2008-12-31,88947,40815,7,6.636944770812988
SASRec,2008,2008-12-31,88947,33794,8,6.589316368103027
SASRec,2008,2008-12-31,88947,41569,9,6.574503421783447
SASRec,2008,2008-12-31,88947,47610,10,6.537574291229248
SASRec,2008,2008-12-31,89045,51255,1,7.10301399230957
SASRec,2008,2008-12-31,89045,54286,2,6.752530574798584
SASRec,2008,2008-12-31,89045,48516,3,6.5897111892700195
SASRec,2008,2008-12-31,89045,27904,4,6.526950359344482
SASRec,2008,2008-12-31,89045,48780,5,6.448061943054199
SASRec,2008,2008-12-31,89045,48877,6,6.3407793045043945
SASRec,2008,2008-12-31,89045,46530,7,6.329614639282227
SASRec,2008,2008-12-31,89045,34405,8,6.266458034515381
SASRec,2008,2008-12-31,89045,40732,9,6.090040683746338
SASRec,2008,2008-12-31,89045,47997,10,6.072201728820801
SASRec,2008,2008-12-31,89368,2683,1,9.145111083984375
SASRec,2008,2008-12-31,89368,2012,2,8.953983306884766
SASRec,2008,2008-12-31,89368,432,3,8.874772071838379
SASRec,2008,2008-12-31,89368,1517,4,8.825732231140137
SASRec,2008,2008-12-31,89368,235,5,8.720354080200195
SASRec,2008,2008-12-31,89368,1080,6,8.676434516906738
SASRec,2008,2008-12-31,89368,370,7,8.575615882873535
SASRec,2008,2008-12-31,89368,2710,8,8.554874420166016
SASRec,2008,2008-12-31,89368,2706,9,8.548810958862305
SASRec,2008,2008-12-31,89368,2700,10,8.541132926940918
SASRec,2008,2008-12-31,89494,39414,1,6.268749237060547
SASRec,2008,2008-12-31,89494,41569,2,6.134307384490967
SASRec,2008,2008-12-31,89494,35957,3,6.100356101989746
SASRec,2008,2008-12-31,89494,34162,4,6.0717453956604
SASRec,2008,2008-12-31,89494,34048,5,6.038310527801514
SASRec,2008,2008-12-31,89494,32587,6,5.985876560211182
SASRec,2008,2008-12-31,89494,36517,7,5.958043575286865
SASRec,2008,2008-12-31,89494,42015,8,5.926610469818115
SASRec,2008,2008-12-31,89494,30749,9,5.909909248352051
SASRec,2008,2008-12-31,89494,34405,10,5.9080328941345215
SASRec,2008,2008-12-31,89846,1258,1,7.277339935302734
SASRec,2008,2008-12-31,89846,1089,2,7.259068012237549
SASRec,2008,2008-12-31,89846,2329,3,7.0760884284973145
SASRec,2008,2008-12-31,89846,50,4,7.058162689208984
SASRec,2008,2008-12-31,89846,7361,5,6.999902248382568
SASRec,2008,2008-12-31,89846,2997,6,6.953410625457764
SASRec,2008,2008-12-31,89846,6016,7,6.7943291664123535
SASRec,2008,2008-12-31,89846,4878,8,6.773944854736328
SASRec,2008,2008-12-31,89846,33794,9,6.721499443054199
SASRec,2008,2008-12-31,89846,8874,10,6.662235736846924
SASRec,2008,2008-12-31,90138,8784,1,5.881798267364502
SASRec,2008,2008-12-31,90138,6787,2,5.817677021026611
SASRec,2008,2008-12-31,90138,5995,3,5.728750228881836
SASRec,2008,2008-12-31,90138,2329,4,5.644534587860107
SASRec,2008,2008-12-31,90138,8636,5,5.641582489013672
SASRec,2008,2008-12-31,90138,7438,6,5.624584197998047
SASRec,2008,2008-12-31,90138,8949,7,5.605930328369141
SASRec,2008,2008-12-31,90138,293,8,5.479805946350098
SASRec,2008,2008-12-31,90138,4262,9,5.46860408782959
SASRec,2008,2008-12-31,90138,3271,10,5.442666530609131
SASRec,2008,2008-12-31,90419,54001,1,7.6582255363464355
SASRec,2008,2008-12-31,90419,54286,2,7.594282627105713
SASRec,2008,2008-12-31,90419,54272,3,7.4776105880737305
SASRec,2008,2008-12-31,90419,52722,4,7.348738670349121
SASRec,2008,2008-12-31,90419,50068,5,7.33119010925293
SASRec,2008,2008-12-31,90419,48783,6,7.288460731506348
SASRec,2008,2008-12-31,90419,49286,7,7.268551349639893
SASRec,2008,2008-12-31,90419,45720,8,7.086356163024902
SASRec,2008,2008-12-31,90419,50872,9,7.026811599731445
SASRec,2008,2008-12-31,90419,47629,10,7.000363349914551
SASRec,2008,2008-12-31,90647,969,1,9.926414489746094
SASRec,2008,2008-12-31,90647,912,2,9.68063735961914
SASRec,2008,2008-12-31,90647,1242,3,9.534188270568848
SASRec,2008,2008-12-31,90647,318,4,9.52877426147461
SASRec,2008,2008-12-31,90647,1213,5,9.453316688537598
SASRec,2008,2008-12-31,90647,1193,6,9.447851181030273
SASRec,2008,2008-12-31,90647,750,7,9.391542434692383
SASRec,2008,2008-12-31,90647,1222,8,9.367876052856445
SASRec,2008,2008-12-31,90647,377,9,9.346542358398438
SASRec,2008,2008-12-31,90647,595,10,9.342344284057617
SASRec,2008,2008-12-31,90728,54286,1,7.582413196563721
SASRec,2008,2008-12-31,90728,49272,2,7.487293243408203
SASRec,2008,2008-12-31,90728,52722,3,7.391532897949219
SASRec,2008,2008-12-31,90728,53972,4,7.38880729675293
SASRec,2008,2008-12-31,90728,54001,5,7.268995761871338
SASRec,2008,2008-12-31,90728,48780,6,7.1310296058654785
SASRec,2008,2008-12-31,90728,48516,7,7.116802215576172
SASRec,2008,2008-12-31,90728,51255,8,7.032524108886719
SASRec,2008,2008-12-31,90728,48385,9,6.910965919494629
SASRec,2008,2008-12-31,90728,49530,10,6.901230812072754
SASRec,2008,2008-12-31,91049,32,1,9.552281379699707
SASRec,2008,2008-12-31,91049,1270,2,9.398340225219727
SASRec,2008,2008-12-31,91049,2762,3,9.271134376525879
SASRec,2008,2008-12-31,91049,47,4,9.197404861450195
SASRec,2008,2008-12-31,91049,1,5,9.114643096923828
SASRec,2008,2008-12-31,91049,1240,6,9.108736991882324
SASRec,2008,2008-12-31,91049,364,7,8.878902435302734
SASRec,2008,2008-12-31,91049,1214,8,8.8526611328125
SASRec,2008,2008-12-31,91049,1291,9,8.850208282470703
SASRec,2008,2008-12-31,91049,344,10,8.84570598602295
SASRec,2008,2008-12-31,91844,46578,1,6.480746269226074
SASRec,2008,2008-12-31,91844,48394,2,6.449213027954102
SASRec,2008,2008-12-31,91844,46976,3,6.3469462394714355
SASRec,2008,2008-12-31,91844,37741,4,6.325047016143799
SASRec,2008,2008-12-31,91844,49272,5,6.296145915985107
SASRec,2008,2008-12-31,91844,39381,6,6.262263774871826
SASRec,2008,2008-12-31,91844,48516,7,6.156517028808594
SASRec,2008,2008-12-31,91844,48780,8,6.155936241149902
SASRec,2008,2008-12-31,91844,45950,9,6.132104873657227
SASRec,2008,2008-12-31,91844,36276,10,5.966737270355225
SASRec,2008,2008-12-31,91881,1196,1,7.698123455047607
SASRec,2008,2008-12-31,91881,44191,2,7.6214799880981445
SASRec,2008,2008-12-31,91881,1291,3,7.26493501663208
SASRec,2008,2008-12-31,91881,541,4,7.149797439575195
SASRec,2008,2008-12-31,91881,1208,5,7.108741760253906
SASRec,2008,2008-12-31,91881,34405,6,6.923978328704834
SASRec,2008,2008-12-31,91881,1221,7,6.873600959777832
SASRec,2008,2008-12-31,91881,7022,8,6.828552722930908
SASRec,2008,2008-12-31,91881,4878,9,6.827733516693115
SASRec,2008,2008-12-31,91881,750,10,6.810203552246094
SASRec,2008,2008-12-31,91967,52328,1,7.345401763916016
SASRec,2008,2008-12-31,91967,54272,2,7.102427959442139
SASRec,2008,2008-12-31,91967,52722,3,7.04258918762207
SASRec,2008,2008-12-31,91967,51255,4,7.042210578918457
SASRec,2008,2008-12-31,91967,34405,5,6.791238784790039
SASRec,2008,2008-12-31,91967,53125,6,6.48652982711792
SASRec,2008,2008-12-31,91967,48738,7,6.453500747680664
SASRec,2008,2008-12-31,91967,44022,8,6.449484348297119
SASRec,2008,2008-12-31,91967,31804,9,6.405129432678223
SASRec,2008,2008-12-31,91967,53000,10,6.376394271850586
SASRec,2008,2008-12-31,92033,54001,1,7.869960784912109
SASRec,2008,2008-12-31,92033,54286,2,7.825279712677002
SASRec,2008,2008-12-31,92033,49272,3,7.8031907081604
SASRec,2008,2008-12-31,92033,46976,4,7.751335144042969
SASRec,2008,2008-12-31,92033,52722,5,7.536635398864746
SASRec,2008,2008-12-31,92033,44191,6,7.413140296936035
SASRec,2008,2008-12-31,92033,48780,7,7.3545308113098145
SASRec,2008,2008-12-31,92033,48516,8,7.309759140014648
SASRec,2008,2008-12-31,92033,54272,9,7.273561954498291
SASRec,2008,2008-12-31,92033,49530,10,7.235623836517334
SASRec,2008,2008-12-31,92054,54286,1,7.952269554138184
SASRec,2008,2008-12-31,92054,52722,2,7.8979716300964355
SASRec,2008,2008-12-31,92054,54001,3,7.864678859710693
SASRec,2008,2008-12-31,92054,46578,4,7.8396220207214355
SASRec,2008,2008-12-31,92054,53972,5,7.79056978225708
SASRec,2008,2008-12-31,92054,49272,6,7.7735795974731445
SASRec,2008,2008-12-31,92054,50794,7,7.649642467498779
SASRec,2008,2008-12-31,92054,53322,8,7.6404876708984375
SASRec,2008,2008-12-31,92054,54272,9,7.494974613189697
SASRec,2008,2008-12-31,92054,46976,10,7.453891277313232
SASRec,2008,2008-12-31,92293,288,1,5.59402322769165
SASRec,2008,2008-12-31,92293,34405,2,5.392117500305176
SASRec,2008,2008-12-31,92293,33679,3,5.362883567810059
SASRec,2008,2008-12-31,92293,49530,4,5.361022472381592
SASRec,2008,2008-12-31,92293,8984,5,5.094899654388428
SASRec,2008,2008-12-31,92293,50794,6,4.915929317474365
SASRec,2008,2008-12-31,92293,34162,7,4.87369441986084
SASRec,2008,2008-12-31,92293,54272,8,4.739596366882324
SASRec,2008,2008-12-31,92293,40815,9,4.702839374542236
SASRec,2008,2008-12-31,92293,46970,10,4.694132328033447
SASRec,2008,2008-12-31,92414,44191,1,8.406233787536621
SASRec,2008,2008-12-31,92414,46976,2,7.859610557556152
SASRec,2008,2008-12-31,92414,32587,3,7.699374198913574
SASRec,2008,2008-12-31,92414,48516,4,7.645804405212402
SASRec,2008,2008-12-31,92414,49272,5,7.642709732055664
SASRec,2008,2008-12-31,92414,48780,6,7.580818176269531
SASRec,2008,2008-12-31,92414,33794,7,7.385891437530518
SASRec,2008,2008-12-31,92414,40815,8,7.377004623413086
SASRec,2008,2008-12-31,92414,33166,9,7.317903518676758
SASRec,2008,2008-12-31,92414,48394,10,7.290888786315918
SASRec,2008,2008-12-31,92829,44191,1,9.384997367858887
SASRec,2008,2008-12-31,92829,48385,2,8.915932655334473
SASRec,2008,2008-12-31,92829,54286,3,8.839445114135742
SASRec,2008,2008-12-31,92829,2571,4,8.651196479797363
SASRec,2008,2008-12-31,92829,48516,5,8.60464096069336
SASRec,2008,2008-12-31,92829,318,6,8.557929039001465
SASRec,2008,2008-12-31,92829,40815,7,8.359355926513672
SASRec,2008,2008-12-31,92829,48780,8,8.326528549194336
SASRec,2008,2008-12-31,92829,45722,9,8.19863224029541
SASRec,2008,2008-12-31,92829,54001,10,8.03339672088623
SASRec,2008,2008-12-31,92857,7438,1,7.186610221862793
SASRec,2008,2008-12-31,92857,4878,2,7.171536445617676
SASRec,2008,2008-12-31,92857,7022,3,7.077011585235596
SASRec,2008,2008-12-31,92857,5618,4,6.953190803527832
SASRec,2008,2008-12-31,92857,32587,5,6.920377731323242
SASRec,2008,2008-12-31,92857,6874,6,6.891613960266113
SASRec,2008,2008-12-31,92857,8636,7,6.8475213050842285
SASRec,2008,2008-12-31,92857,6502,8,6.7161865234375
SASRec,2008,2008-12-31,92857,7090,9,6.694304943084717
SASRec,2008,2008-12-31,92857,8983,10,6.686999320983887
SASRec,2008,2008-12-31,93112,48516,1,7.97554349899292
SASRec,2008,2008-12-31,93112,54001,2,7.84573221206665
SASRec,2008,2008-12-31,93112,52722,3,7.833173751831055
SASRec,2008,2008-12-31,93112,53972,4,7.709187984466553
SASRec,2008,2008-12-31,93112,50068,5,7.5525665283203125
SASRec,2008,2008-12-31,93112,48783,6,7.38426399230957
SASRec,2008,2008-12-31,93112,51077,7,7.289443492889404
SASRec,2008,2008-12-31,93112,51662,8,7.286660671234131
SASRec,2008,2008-12-31,93112,50872,9,7.276979923248291
SASRec,2008,2008-12-31,93112,49286,10,7.265201091766357
SASRec,2008,2008-12-31,93241,40815,1,7.204426288604736
SASRec,2008,2008-12-31,93241,45447,2,7.019380569458008
SASRec,2008,2008-12-31,93241,45517,3,6.919637680053711
SASRec,2008,2008-12-31,93241,41566,4,6.864158630371094
SASRec,2008,2008-12-31,93241,5378,5,6.833051681518555
SASRec,2008,2008-12-31,93241,54001,6,6.669091701507568
SASRec,2008,2008-12-31,93241,45722,7,6.619102478027344
SASRec,2008,2008-12-31,93241,4896,8,6.565800189971924
SASRec,2008,2008-12-31,93241,4886,9,6.450627326965332
SASRec,2008,2008-12-31,93241,5816,10,6.434004306793213
SASRec,2008,2008-12-31,93276,54001,1,7.8421149253845215
SASRec,2008,2008-12-31,93276,44191,2,7.5765910148620605
SASRec,2008,2008-12-31,93276,46578,3,7.483423709869385
SASRec,2008,2008-12-31,93276,45447,4,7.351494312286377
SASRec,2008,2008-12-31,93276,54272,5,7.313318252563477
SASRec,2008,2008-12-31,93276,54286,6,7.270095348358154
SASRec,2008,2008-12-31,93276,52722,7,7.239386558532715
SASRec,2008,2008-12-31,93276,49272,8,7.1951727867126465
SASRec,2008,2008-12-31,93276,50798,9,7.135534286499023
SASRec,2008,2008-12-31,93276,51077,10,7.10521125793457
SASRec,2008,2008-12-31,93712,45668,1,7.577868461608887
SASRec,2008,2008-12-31,93712,42015,2,7.1685791015625
SASRec,2008,2008-12-31,93712,45666,3,7.037136077880859
SASRec,2008,2008-12-31,93712,45447,4,6.813606262207031
SASRec,2008,2008-12-31,93712,42011,5,6.69715690612793
SASRec,2008,2008-12-31,93712,42002,6,6.546104431152344
SASRec,2008,2008-12-31,93712,41573,7,6.53499698638916
SASRec,2008,2008-12-31,93712,39307,8,6.530472755432129
SASRec,2008,2008-12-31,93712,40629,9,6.488200664520264
SASRec,2008,2008-12-31,93712,43684,10,6.474416255950928
SASRec,2008,2008-12-31,93884,46578,1,8.525444030761719
SASRec,2008,2008-12-31,93884,48385,2,7.820775508880615
SASRec,2008,2008-12-31,93884,48780,3,7.793367862701416
SASRec,2008,2008-12-31,93884,45447,4,7.761744976043701
SASRec,2008,2008-12-31,93884,41569,5,7.705727577209473
SASRec,2008,2008-12-31,93884,54001,6,7.682372093200684
SASRec,2008,2008-12-31,93884,46976,7,7.623207092285156
SASRec,2008,2008-12-31,93884,54272,8,7.594842433929443
SASRec,2008,2008-12-31,93884,54286,9,7.539638042449951
SASRec,2008,2008-12-31,93884,48394,10,7.431832790374756
SASRec,2008,2008-12-31,93954,48516,1,7.62038516998291
SASRec,2008,2008-12-31,93954,53972,2,7.61840295791626
SASRec,2008,2008-12-31,93954,54272,3,7.511103630065918
SASRec,2008,2008-12-31,93954,48780,4,7.50497579574585
SASRec,2008,2008-12-31,93954,54001,5,7.497844696044922
SASRec,2008,2008-12-31,93954,49272,6,7.4820098876953125
SASRec,2008,2008-12-31,93954,54286,7,7.470048904418945
SASRec,2008,2008-12-31,93954,48394,8,7.349329948425293
SASRec,2008,2008-12-31,93954,53996,9,6.950062274932861
SASRec,2008,2008-12-31,93954,45722,10,6.926883220672607
SASRec,2008,2008-12-31,94122,46578,1,7.443062782287598
SASRec,2008,2008-12-31,94122,49272,2,6.9103827476501465
SASRec,2008,2008-12-31,94122,48516,3,6.624224662780762
SASRec,2008,2008-12-31,94122,48385,4,6.576632022857666
SASRec,2008,2008-12-31,94122,48780,5,6.513354301452637
SASRec,2008,2008-12-31,94122,33794,6,6.46311616897583
SASRec,2008,2008-12-31,94122,32587,7,6.45379114151001
SASRec,2008,2008-12-31,94122,44195,8,6.146835803985596
SASRec,2008,2008-12-31,94122,7361,9,6.124792098999023
SASRec,2008,2008-12-31,94122,45722,10,6.123598098754883
SASRec,2008,2008-12-31,94138,33166,1,7.6290059089660645
SASRec,2008,2008-12-31,94138,8949,2,7.522416114807129
SASRec,2008,2008-12-31,94138,32587,3,7.391238689422607
SASRec,2008,2008-12-31,94138,8970,4,7.390568256378174
SASRec,2008,2008-12-31,94138,8784,5,7.226305961608887
SASRec,2008,2008-12-31,94138,7361,6,7.166664123535156
SASRec,2008,2008-12-31,94138,30749,7,7.127016544342041
SASRec,2008,2008-12-31,94138,34405,8,7.097653865814209
SASRec,2008,2008-12-31,94138,8983,9,7.052079677581787
SASRec,2008,2008-12-31,94138,8958,10,6.85795783996582
SASRec,2008,2008-12-31,94291,44191,1,8.620779991149902
SASRec,2008,2008-12-31,94291,30749,2,8.310358047485352
SASRec,2008,2008-12-31,94291,32587,3,8.191428184509277
SASRec,2008,2008-12-31,94291,48780,4,7.942791938781738
SASRec,2008,2008-12-31,94291,48516,5,7.9123992919921875
SASRec,2008,2008-12-31,94291,6016,6,7.6573944091796875
SASRec,2008,2008-12-31,94291,48394,7,7.601574897766113
SASRec,2008,2008-12-31,94291,44195,8,7.599843978881836
SASRec,2008,2008-12-31,94291,33166,9,7.554108619689941
SASRec,2008,2008-12-31,94291,33660,10,7.409671306610107
SASRec,2008,2008-12-31,95043,7361,1,6.7628326416015625
SASRec,2008,2008-12-31,95043,4878,2,6.591648101806641
SASRec,2008,2008-12-31,95043,4011,3,6.578118801116943
SASRec,2008,2008-12-31,95043,5418,4,6.530200958251953
SASRec,2008,2008-12-31,95043,5669,5,6.511862277984619
SASRec,2008,2008-12-31,95043,32587,6,6.460163116455078
SASRec,2008,2008-12-31,95043,4963,7,6.4446330070495605
SASRec,2008,2008-12-31,95043,4306,8,6.417598247528076
SASRec,2008,2008-12-31,95043,4995,9,6.355457782745361
SASRec,2008,2008-12-31,95043,44191,10,6.285904884338379
SASRec,2008,2008-12-31,95161,30749,1,6.85332727432251
SASRec,2008,2008-12-31,95161,25788,2,6.667564868927002
SASRec,2008,2008-12-31,95161,45950,3,6.549384593963623
SASRec,2008,2008-12-31,95161,26148,4,6.487881183624268
SASRec,2008,2008-12-31,95161,37741,5,6.465516090393066
SASRec,2008,2008-12-31,95161,46578,6,6.381290435791016
SASRec,2008,2008-12-31,95161,7792,7,6.237878799438477
SASRec,2008,2008-12-31,95161,49272,8,6.2029218673706055
SASRec,2008,2008-12-31,95161,25927,9,6.099688529968262
SASRec,2008,2008-12-31,95161,48774,10,6.098773956298828
SASRec,2008,2008-12-31,95225,45447,1,5.021369934082031
SASRec,2008,2008-12-31,95225,42015,2,5.012679100036621
SASRec,2008,2008-12-31,95225,45501,3,4.989428520202637
SASRec,2008,2008-12-31,95225,42007,4,4.912055015563965
SASRec,2008,2008-12-31,95225,31694,5,4.903419017791748
SASRec,2008,2008-12-31,95225,38798,6,4.876873970031738
SASRec,2008,2008-12-31,95225,39414,7,4.76224946975708
SASRec,2008,2008-12-31,95225,44004,8,4.693101406097412
SASRec,2008,2008-12-31,95225,30898,9,4.661576747894287
SASRec,2008,2008-12-31,95225,46578,10,4.656828880310059
SASRec,2008,2008-12-31,95354,45447,1,6.853414058685303
SASRec,2008,2008-12-31,95354,45720,2,6.615704536437988
SASRec,2008,2008-12-31,95354,52722,3,6.527496814727783
SASRec,2008,2008-12-31,95354,41569,4,6.366630554199219
SASRec,2008,2008-12-31,95354,46970,5,6.361025810241699
SASRec,2008,2008-12-31,95354,45722,6,6.287956714630127
SASRec,2008,2008-12-31,95354,45501,7,6.145466327667236
SASRec,2008,2008-12-31,95354,45666,8,6.0273332595825195
SASRec,2008,2008-12-31,95354,49278,9,5.973281383514404
SASRec,2008,2008-12-31,95354,45499,10,5.950813293457031
SASRec,2008,2008-12-31,95592,50685,1,7.096368312835693
SASRec,2008,2008-12-31,95592,47950,2,6.945949554443359
SASRec,2008,2008-12-31,95592,52375,3,6.782671928405762
SASRec,2008,2008-12-31,95592,46976,4,6.581239700317383
SASRec,2008,2008-12-31,95592,48774,5,6.354033946990967
SASRec,2008,2008-12-31,95592,46850,6,6.088922023773193
SASRec,2008,2008-12-31,95592,37855,7,6.088749885559082
SASRec,2008,2008-12-31,95592,50068,8,6.077740669250488
SASRec,2008,2008-12-31,95592,47894,9,6.04377555847168
SASRec,2008,2008-12-31,95592,44555,10,6.043195724487305
SASRec,2008,2008-12-31,95685,4447,1,6.388510704040527
SASRec,2008,2008-12-31,95685,3948,2,6.197198390960693
SASRec,2008,2008-12-31,95685,4310,3,5.991692543029785
SASRec,2008,2008-12-31,95685,4718,4,5.9736738204956055
SASRec,2008,2008-12-31,95685,3977,5,5.927200794219971
SASRec,2008,2008-12-31,95685,5459,6,5.908283233642578
SASRec,2008,2008-12-31,95685,4018,7,5.908204555511475
SASRec,2008,2008-12-31,95685,4025,8,5.868165969848633
SASRec,2008,2008-12-31,95685,4246,9,5.844156742095947
SASRec,2008,2008-12-31,95685,4069,10,5.706897735595703
SASRec,2008,2008-12-31,96237,6023,1,6.364424705505371
SASRec,2008,2008-12-31,96237,7121,2,6.224938869476318
SASRec,2008,2008-12-31,96237,7234,3,6.176544189453125
SASRec,2008,2008-12-31,96237,8338,4,6.132932662963867
SASRec,2008,2008-12-31,96237,25805,5,6.128388404846191
SASRec,2008,2008-12-31,96237,3462,6,6.118004322052002
SASRec,2008,2008-12-31,96237,5017,7,6.116610050201416
SASRec,2008,2008-12-31,96237,8542,8,6.107359886169434
SASRec,2008,2008-12-31,96237,8337,9,6.030313014984131
SASRec,2008,2008-12-31,96237,7335,10,6.022642612457275
SASRec,2008,2008-12-31,96250,48738,1,5.725274085998535
SASRec,2008,2008-12-31,96250,37741,2,5.624236106872559
SASRec,2008,2008-12-31,96250,47610,3,5.5529584884643555
SASRec,2008,2008-12-31,96250,50068,4,5.536108016967773
SASRec,2008,2008-12-31,96250,52328,5,5.512821674346924
SASRec,2008,2008-12-31,96250,48696,6,5.50855827331543
SASRec,2008,2008-12-31,96250,52281,7,5.4700212478637695
SASRec,2008,2008-12-31,96250,52722,8,5.445281982421875
SASRec,2008,2008-12-31,96250,51540,9,5.413166522979736
SASRec,2008,2008-12-31,96250,46723,10,5.366220474243164
SASRec,2008,2008-12-31,96492,48774,1,7.779825687408447
SASRec,2008,2008-12-31,96492,48394,2,7.658100605010986
SASRec,2008,2008-12-31,96492,46578,3,7.55257511138916
SASRec,2008,2008-12-31,96492,44191,4,7.499157905578613
SASRec,2008,2008-12-31,96492,48385,5,7.403855323791504
SASRec,2008,2008-12-31,96492,54272,6,7.316653728485107
SASRec,2008,2008-12-31,96492,48780,7,7.261538028717041
SASRec,2008,2008-12-31,96492,52328,8,7.1815876960754395
SASRec,2008,2008-12-31,96492,51255,9,7.074221611022949
SASRec,2008,2008-12-31,96492,54286,10,6.965179443359375
SASRec,2008,2008-12-31,96630,30749,1,7.871114730834961
SASRec,2008,2008-12-31,96630,46578,2,7.555337429046631
SASRec,2008,2008-12-31,96630,46976,3,7.002347946166992
SASRec,2008,2008-12-31,96630,48780,4,6.963836669921875
SASRec,2008,2008-12-31,96630,37741,5,6.897281646728516
SASRec,2008,2008-12-31,96630,45950,6,6.750412464141846
SASRec,2008,2008-12-31,96630,48394,7,6.696865558624268
SASRec,2008,2008-12-31,96630,48516,8,6.621373176574707
SASRec,2008,2008-12-31,96630,39292,9,6.538716793060303
SASRec,2008,2008-12-31,96630,45210,10,6.522579669952393
SASRec,2008,2008-12-31,96837,33166,1,6.731289386749268
SASRec,2008,2008-12-31,96837,6867,2,6.450976848602295
SASRec,2008,2008-12-31,96837,39292,3,6.3998703956604
SASRec,2008,2008-12-31,96837,37741,4,6.397755146026611
SASRec,2008,2008-12-31,96837,8873,5,6.386476993560791
SASRec,2008,2008-12-31,96837,30812,6,6.302176475524902
SASRec,2008,2008-12-31,96837,27773,7,6.287744045257568
SASRec,2008,2008-12-31,96837,40819,8,6.277627944946289
SASRec,2008,2008-12-31,96837,7256,9,6.270970821380615
SASRec,2008,2008-12-31,96837,8950,10,6.227982997894287
SASRec,2008,2008-12-31,97523,2617,1,8.543152809143066
SASRec,2008,2008-12-31,97523,2640,2,8.196399688720703
SASRec,2008,2008-12-31,97523,1320,3,8.168435096740723
SASRec,2008,2008-12-31,97523,2054,4,8.080784797668457
SASRec,2008,2008-12-31,97523,1573,5,8.020774841308594
SASRec,2008,2008-12-31,97523,1544,6,7.927538871765137
SASRec,2008,2008-12-31,97523,442,7,7.77269172668457
SASRec,2008,2008-12-31,97523,1407,8,7.708288192749023
SASRec,2008,2008-12-31,97523,1876,9,7.629780292510986
SASRec,2008,2008-12-31,97523,1552,10,7.599924564361572
SASRec,2008,2008-12-31,97769,46578,1,7.545459747314453
SASRec,2008,2008-12-31,97769,30749,2,7.3544697761535645
SASRec,2008,2008-12-31,97769,46976,3,7.310022354125977
SASRec,2008,2008-12-31,97769,38886,4,7.104927062988281
SASRec,2008,2008-12-31,97769,48394,5,6.883986949920654
SASRec,2008,2008-12-31,97769,48696,6,6.7049102783203125
SASRec,2008,2008-12-31,97769,39183,7,6.593589782714844
SASRec,2008,2008-12-31,97769,36535,8,6.5878682136535645
SASRec,2008,2008-12-31,97769,49272,9,6.577633380889893
SASRec,2008,2008-12-31,97769,45210,10,6.5405707359313965
SASRec,2008,2008-12-31,97829,46578,1,8.695062637329102
SASRec,2008,2008-12-31,97829,54286,2,7.940199851989746
SASRec,2008,2008-12-31,97829,48516,3,7.904913902282715
SASRec,2008,2008-12-31,97829,48780,4,7.839011192321777
SASRec,2008,2008-12-31,97829,48385,5,7.829969882965088
SASRec,2008,2008-12-31,97829,49530,6,7.730137825012207
SASRec,2008,2008-12-31,97829,54272,7,7.570979118347168
SASRec,2008,2008-12-31,97829,48394,8,7.471179008483887
SASRec,2008,2008-12-31,97829,45447,9,7.400503635406494
SASRec,2008,2008-12-31,97829,53972,10,7.287860870361328
SASRec,2008,2008-12-31,97913,44191,1,8.970026016235352
SASRec,2008,2008-12-31,97913,2571,2,8.328140258789062
SASRec,2008,2008-12-31,97913,3793,3,8.276711463928223
SASRec,2008,2008-12-31,97913,858,4,7.920714378356934
SASRec,2008,2008-12-31,97913,5445,5,7.848082065582275
SASRec,2008,2008-12-31,97913,4011,6,7.808869361877441
SASRec,2008,2008-12-31,97913,32,7,7.773259162902832
SASRec,2008,2008-12-31,97913,6377,8,7.701352119445801
SASRec,2008,2008-12-31,97913,5378,9,7.682589530944824
SASRec,2008,2008-12-31,97913,46578,10,7.682544708251953
SASRec,2008,2008-12-31,97973,55245,1,9.682812690734863
SASRec,2008,2008-12-31,97973,50796,2,8.788274765014648
SASRec,2008,2008-12-31,97973,52644,3,8.708292961120605
SASRec,2008,2008-12-31,97973,56286,4,8.484637260437012
SASRec,2008,2008-12-31,97973,52375,5,8.223923683166504
SASRec,2008,2008-12-31,97973,52668,6,8.213472366333008
SASRec,2008,2008-12-31,97973,54780,7,8.21116828918457
SASRec,2008,2008-12-31,97973,26199,8,8.190643310546875
SASRec,2008,2008-12-31,97973,51903,9,7.997034072875977
SASRec,2008,2008-12-31,97973,44595,10,7.952713966369629
SASRec,2008,2008-12-31,98152,2571,1,9.138047218322754
SASRec,2008,2008-12-31,98152,589,2,8.78923511505127
SASRec,2008,2008-12-31,98152,50,3,8.657273292541504
SASRec,2008,2008-12-31,98152,32,4,8.507613182067871
SASRec,2008,2008-12-31,98152,1,5,8.477316856384277
SASRec,2008,2008-12-31,98152,858,6,8.467406272888184
SASRec,2008,2008-12-31,98152,3578,7,8.451151847839355
SASRec,2008,2008-12-31,98152,592,8,8.430068016052246
SASRec,2008,2008-12-31,98152,457,9,8.41440200805664
SASRec,2008,2008-12-31,98152,47,10,8.411894798278809
SASRec,2008,2008-12-31,98538,46578,1,8.281574249267578
SASRec,2008,2008-12-31,98538,44191,2,8.066658020019531
SASRec,2008,2008-12-31,98538,40815,3,7.8973259925842285
SASRec,2008,2008-12-31,98538,54001,4,7.769557476043701
SASRec,2008,2008-12-31,98538,45447,5,7.762617588043213
SASRec,2008,2008-12-31,98538,41569,6,7.601693153381348
SASRec,2008,2008-12-31,98538,46976,7,7.41341495513916
SASRec,2008,2008-12-31,98538,54286,8,7.402519702911377
SASRec,2008,2008-12-31,98538,48780,9,7.198606491088867
SASRec,2008,2008-12-31,98538,48385,10,7.165617942810059
SASRec,2008,2008-12-31,98666,46578,1,7.068501949310303
SASRec,2008,2008-12-31,98666,49272,2,6.829825401306152
SASRec,2008,2008-12-31,98666,46976,3,6.73953914642334
SASRec,2008,2008-12-31,98666,50872,4,6.507289886474609
SASRec,2008,2008-12-31,98666,49530,5,6.356067657470703
SASRec,2008,2008-12-31,98666,49822,6,6.3045735359191895
SASRec,2008,2008-12-31,98666,54286,7,6.294538974761963
SASRec,2008,2008-12-31,98666,48774,8,6.278834342956543
SASRec,2008,2008-12-31,98666,48738,9,6.158339023590088
SASRec,2008,2008-12-31,98666,48516,10,6.153084754943848
SASRec,2008,2008-12-31,98673,54001,1,7.726086616516113
SASRec,2008,2008-12-31,98673,46578,2,7.450921535491943
SASRec,2008,2008-12-31,98673,54286,3,7.279932022094727
SASRec,2008,2008-12-31,98673,46976,4,7.101081371307373
SASRec,2008,2008-12-31,98673,50872,5,7.040829658508301
SASRec,2008,2008-12-31,98673,51255,6,6.999170303344727
SASRec,2008,2008-12-31,98673,49272,7,6.977798938751221
SASRec,2008,2008-12-31,98673,53125,8,6.956299304962158
SASRec,2008,2008-12-31,98673,52722,9,6.896785259246826
SASRec,2008,2008-12-31,98673,51662,10,6.827069282531738
SASRec,2008,2008-12-31,98706,46976,1,7.875862121582031
SASRec,2008,2008-12-31,98706,49272,2,7.2234578132629395
SASRec,2008,2008-12-31,98706,48696,3,7.117710113525391
SASRec,2008,2008-12-31,98706,48516,4,6.9542083740234375
SASRec,2008,2008-12-31,98706,48780,5,6.850424289703369
SASRec,2008,2008-12-31,98706,48774,6,6.845465660095215
SASRec,2008,2008-12-31,98706,48394,7,6.837847709655762
SASRec,2008,2008-12-31,98706,47950,8,6.730579853057861
SASRec,2008,2008-12-31,98706,50068,9,6.687609672546387
SASRec,2008,2008-12-31,98706,54286,10,6.65595006942749
SASRec,2008,2008-12-31,98920,46578,1,8.621158599853516
SASRec,2008,2008-12-31,98920,54286,2,7.90614128112793
SASRec,2008,2008-12-31,98920,48394,3,7.635560512542725
SASRec,2008,2008-12-31,98920,54001,4,7.601360321044922
SASRec,2008,2008-12-31,98920,48385,5,7.4938435554504395
SASRec,2008,2008-12-31,98920,54272,6,7.458116054534912
SASRec,2008,2008-12-31,98920,51255,7,7.419145584106445
SASRec,2008,2008-12-31,98920,51662,8,7.302709579467773
SASRec,2008,2008-12-31,98920,45447,9,7.204300880432129
SASRec,2008,2008-12-31,98920,49530,10,7.201777935028076
SASRec,2008,2008-12-31,98941,51678,1,4.725046157836914
SASRec,2008,2008-12-31,98941,31347,2,4.569938659667969
SASRec,2008,2008-12-31,98941,25866,3,4.546537399291992
SASRec,2008,2008-12-31,98941,26561,4,4.518704891204834
SASRec,2008,2008-12-31,98941,26122,5,4.450353622436523
SASRec,2008,2008-12-31,98941,25763,6,4.379425048828125
SASRec,2008,2008-12-31,98941,8463,7,4.3491997718811035
SASRec,2008,2008-12-31,98941,26386,8,4.311469554901123
SASRec,2008,2008-12-31,98941,26371,9,4.304816722869873
SASRec,2008,2008-12-31,98941,26199,10,4.270395755767822
SASRec,2008,2008-12-31,98974,6539,1,7.890687465667725
SASRec,2008,2008-12-31,98974,6377,2,7.686383247375488
SASRec,2008,2008-12-31,98974,5378,3,7.6724395751953125
SASRec,2008,2008-12-31,98974,7153,4,7.586565971374512
SASRec,2008,2008-12-31,98974,4022,5,7.527475833892822
SASRec,2008,2008-12-31,98974,4995,6,7.498656749725342
SASRec,2008,2008-12-31,98974,5952,7,7.382649898529053
SASRec,2008,2008-12-31,98974,6874,8,7.305453777313232
SASRec,2008,2008-12-31,98974,7438,9,7.144977569580078
SASRec,2008,2008-12-31,98974,8961,10,7.109197616577148
SASRec,2008,2008-12-31,99061,46578,1,9.083257675170898
SASRec,2008,2008-12-31,99061,49272,2,8.650447845458984
SASRec,2008,2008-12-31,99061,48394,3,8.34676742553711
SASRec,2008,2008-12-31,99061,48385,4,8.338665008544922
SASRec,2008,2008-12-31,99061,48780,5,8.295781135559082
SASRec,2008,2008-12-31,99061,54286,6,8.213045120239258
SASRec,2008,2008-12-31,99061,46976,7,8.189376831054688
SASRec,2008,2008-12-31,99061,54272,8,7.949103355407715
SASRec,2008,2008-12-31,99061,48774,9,7.9052839279174805
SASRec,2008,2008-12-31,99061,51255,10,7.785053253173828
SASRec,2008,2008-12-31,99156,32,1,8.595220565795898
SASRec,2008,2008-12-31,99156,592,2,8.396318435668945
SASRec,2008,2008-12-31,99156,1,3,8.384092330932617
SASRec,2008,2008-12-31,99156,3578,4,8.36758804321289
SASRec,2008,2008-12-31,99156,380,5,8.111438751220703
SASRec,2008,2008-12-31,99156,344,6,8.109251022338867
SASRec,2008,2008-12-31,99156,377,7,8.101040840148926
SASRec,2008,2008-12-31,99156,49272,8,8.000869750976562
SASRec,2008,2008-12-31,99156,364,9,7.900789260864258
SASRec,2008,2008-12-31,99156,32587,10,7.830360412597656
SASRec,2008,2008-12-31,99723,54001,1,8.649882316589355
SASRec,2008,2008-12-31,99723,53972,2,8.395132064819336
SASRec,2008,2008-12-31,99723,51077,3,8.357112884521484
SASRec,2008,2008-12-31,99723,52644,4,8.274313926696777
SASRec,2008,2008-12-31,99723,53125,5,8.160476684570312
SASRec,2008,2008-12-31,99723,53322,6,8.13401985168457
SASRec,2008,2008-12-31,99723,52328,7,8.11600112915039
SASRec,2008,2008-12-31,99723,51931,8,8.092060089111328
SASRec,2008,2008-12-31,99723,52458,9,8.050389289855957
SASRec,2008,2008-12-31,99723,55765,10,8.01269817352295
SASRec,2008,2008-12-31,99743,8751,1,6.599485397338867
SASRec,2008,2008-12-31,99743,7792,2,6.59553861618042
SASRec,2008,2008-12-31,99743,30749,3,6.575843811035156
SASRec,2008,2008-12-31,99743,37741,4,6.537343502044678
SASRec,2008,2008-12-31,99743,7820,5,6.438964366912842
SASRec,2008,2008-12-31,99743,8338,6,6.419084548950195
SASRec,2008,2008-12-31,99743,8337,7,6.395417213439941
SASRec,2008,2008-12-31,99743,6787,8,6.377127170562744
SASRec,2008,2008-12-31,99743,7234,9,6.357015609741211
SASRec,2008,2008-12-31,99743,6023,10,6.3163323402404785
SASRec,2008,2008-12-31,100323,3793,1,8.418253898620605
SASRec,2008,2008-12-31,100323,44191,2,8.216592788696289
SASRec,2008,2008-12-31,100323,480,3,8.118217468261719
SASRec,2008,2008-12-31,100323,6365,4,7.663809776306152
SASRec,2008,2008-12-31,100323,4963,5,7.48374080657959
SASRec,2008,2008-12-31,100323,32587,6,7.4328765869140625
SASRec,2008,2008-12-31,100323,5218,7,7.39215612411499
SASRec,2008,2008-12-31,100323,48385,8,7.291249752044678
SASRec,2008,2008-12-31,100323,6377,9,7.2822418212890625
SASRec,2008,2008-12-31,100323,40815,10,7.271764755249023
SASRec,2008,2008-12-31,100422,2571,1,10.423690795898438
SASRec,2008,2008-12-31,100422,1196,2,10.047493934631348
SASRec,2008,2008-12-31,100422,1210,3,9.533681869506836
SASRec,2008,2008-12-31,100422,480,4,9.256264686584473
SASRec,2008,2008-12-31,100422,50,5,9.2072114944458
SASRec,2008,2008-12-31,100422,1,6,9.187159538269043
SASRec,2008,2008-12-31,100422,110,7,9.178162574768066
SASRec,2008,2008-12-31,100422,3578,8,9.153740882873535
SASRec,2008,2008-12-31,100422,1240,9,9.115745544433594
SASRec,2008,2008-12-31,100422,356,10,9.104391098022461
SASRec,2008,2008-12-31,100423,30749,1,8.289419174194336
SASRec,2008,2008-12-31,100423,296,2,8.22940444946289
SASRec,2008,2008-12-31,100423,318,3,7.864901542663574
SASRec,2008,2008-12-31,100423,2329,4,7.77544641494751
SASRec,2008,2008-12-31,100423,4226,5,7.7333855628967285
SASRec,2008,2008-12-31,100423,1234,6,7.67956018447876
SASRec,2008,2008-12-31,100423,1213,7,7.638187885284424
SASRec,2008,2008-12-31,100423,5995,8,7.630334377288818
SASRec,2008,2008-12-31,100423,1225,9,7.578342914581299
SASRec,2008,2008-12-31,100423,1136,10,7.575054168701172
SASRec,2008,2008-12-31,100445,46976,1,6.900218963623047
SASRec,2008,2008-12-31,100445,48696,2,6.372488021850586
SASRec,2008,2008-12-31,100445,45950,3,6.367098331451416
SASRec,2008,2008-12-31,100445,47629,4,6.283952713012695
SASRec,2008,2008-12-31,100445,30749,5,6.10952615737915
SASRec,2008,2008-12-31,100445,42018,6,6.062847137451172
SASRec,2008,2008-12-31,100445,37855,7,6.013704299926758
SASRec,2008,2008-12-31,100445,44204,8,5.945156097412109
SASRec,2008,2008-12-31,100445,41285,9,5.9354352951049805
SASRec,2008,2008-12-31,100445,36517,10,5.850159645080566
SASRec,2008,2008-12-31,100485,49272,1,7.413038730621338
SASRec,2008,2008-12-31,100485,54286,2,7.059695243835449
SASRec,2008,2008-12-31,100485,48385,3,7.004417419433594
SASRec,2008,2008-12-31,100485,52722,4,6.804271697998047
SASRec,2008,2008-12-31,100485,48738,5,6.762077331542969
SASRec,2008,2008-12-31,100485,49530,6,6.666835784912109
SASRec,2008,2008-12-31,100485,51662,7,6.660520553588867
SASRec,2008,2008-12-31,100485,52328,8,6.569545745849609
SASRec,2008,2008-12-31,100485,51540,9,6.540590286254883
SASRec,2008,2008-12-31,100485,45722,10,6.534109115600586
SASRec,2008,2008-12-31,100568,52375,1,7.690180778503418
SASRec,2008,2008-12-31,100568,52644,2,7.6148834228515625
SASRec,2008,2008-12-31,100568,49793,3,7.510991096496582
SASRec,2008,2008-12-31,100568,47950,4,7.326128959655762
SASRec,2008,2008-12-31,100568,50685,5,7.298067092895508
SASRec,2008,2008-12-31,100568,52722,6,7.249617099761963
SASRec,2008,2008-12-31,100568,50794,7,7.188772201538086
SASRec,2008,2008-12-31,100568,55245,8,7.187104225158691
SASRec,2008,2008-12-31,100568,52458,9,7.178223609924316
SASRec,2008,2008-12-31,100568,48416,10,7.173022270202637
SASRec,2008,2008-12-31,101991,49272,1,6.886192321777344
SASRec,2008,2008-12-31,101991,48394,2,6.754293918609619
SASRec,2008,2008-12-31,101991,750,3,6.614598274230957
SASRec,2008,2008-12-31,101991,912,4,6.57402229309082
SASRec,2008,2008-12-31,101991,1219,5,6.573032855987549
SASRec,2008,2008-12-31,101991,1252,6,6.459814548492432
SASRec,2008,2008-12-31,101991,1136,7,6.418301105499268
SASRec,2008,2008-12-31,101991,1203,8,6.224907398223877
SASRec,2008,2008-12-31,101991,903,9,6.171999454498291
SASRec,2008,2008-12-31,101991,50872,10,6.160482883453369
SASRec,2008,2008-12-31,102085,46578,1,8.258110046386719
SASRec,2008,2008-12-31,102085,48780,2,7.4683380126953125
SASRec,2008,2008-12-31,102085,30749,3,7.322026252746582
SASRec,2008,2008-12-31,102085,44199,4,7.319066524505615
SASRec,2008,2008-12-31,102085,33794,5,7.268554210662842
SASRec,2008,2008-12-31,102085,44195,6,7.252625942230225
SASRec,2008,2008-12-31,102085,48385,7,7.241947650909424
SASRec,2008,2008-12-31,102085,48774,8,7.182297706604004
SASRec,2008,2008-12-31,102085,54272,9,7.079279899597168
SASRec,2008,2008-12-31,102085,41569,10,6.968374729156494
SASRec,2008,2008-12-31,102102,33615,1,5.927393913269043
SASRec,2008,2008-12-31,102102,8972,2,5.899998188018799
SASRec,2008,2008-12-31,102102,2193,3,5.623867034912109
SASRec,2008,2008-12-31,102102,8644,4,5.614504814147949
SASRec,2008,2008-12-31,102102,33493,5,5.612998962402344
SASRec,2008,2008-12-31,102102,3034,6,5.500612735748291
SASRec,2008,2008-12-31,102102,27706,7,5.3520612716674805
SASRec,2008,2008-12-31,102102,2005,8,5.33238410949707
SASRec,2008,2008-12-31,102102,34150,9,5.307937145233154
SASRec,2008,2008-12-31,102102,592,10,5.27335786819458
SASRec,2008,2008-12-31,102133,30749,1,6.371601104736328
SASRec,2008,2008-12-31,102133,37741,2,6.164083003997803
SASRec,2008,2008-12-31,102133,3435,3,6.1202216148376465
SASRec,2008,2008-12-31,102133,1212,4,6.101309776306152
SASRec,2008,2008-12-31,102133,6023,5,6.058717250823975
SASRec,2008,2008-12-31,102133,7361,6,6.018445014953613
SASRec,2008,2008-12-31,102133,6787,7,5.974198818206787
SASRec,2008,2008-12-31,102133,2726,8,5.873841762542725
SASRec,2008,2008-12-31,102133,922,9,5.8540825843811035
SASRec,2008,2008-12-31,102133,2186,10,5.828292369842529
SASRec,2008,2008-12-31,102275,44191,1,8.119757652282715
SASRec,2008,2008-12-31,102275,48516,2,7.135990619659424
SASRec,2008,2008-12-31,102275,49272,3,7.114405632019043
SASRec,2008,2008-12-31,102275,296,4,7.051422595977783
SASRec,2008,2008-12-31,102275,48780,5,6.878122806549072
SASRec,2008,2008-12-31,102275,4011,6,6.804229736328125
SASRec,2008,2008-12-31,102275,44199,7,6.6860151290893555
SASRec,2008,2008-12-31,102275,33794,8,6.666667461395264
SASRec,2008,2008-12-31,102275,4226,9,6.648591995239258
SASRec,2008,2008-12-31,102275,41569,10,6.5932159423828125
SASRec,2008,2008-12-31,102447,52722,1,7.798125743865967
SASRec,2008,2008-12-31,102447,46578,2,7.539475440979004
SASRec,2008,2008-12-31,102447,51255,3,7.428569793701172
SASRec,2008,2008-12-31,102447,54272,4,7.421008110046387
SASRec,2008,2008-12-31,102447,50794,5,7.329499244689941
SASRec,2008,2008-12-31,102447,53125,6,7.295619010925293
SASRec,2008,2008-12-31,102447,48783,7,7.2714314460754395
SASRec,2008,2008-12-31,102447,49530,8,7.2009148597717285
SASRec,2008,2008-12-31,102447,46976,9,7.074985027313232
SASRec,2008,2008-12-31,102447,51077,10,6.952053546905518
SASRec,2008,2008-12-31,102560,50068,1,7.804261207580566
SASRec,2008,2008-12-31,102560,52722,2,7.616756916046143
SASRec,2008,2008-12-31,102560,46976,3,7.487634181976318
SASRec,2008,2008-12-31,102560,53972,4,7.440354824066162
SASRec,2008,2008-12-31,102560,48738,5,7.440120220184326
SASRec,2008,2008-12-31,102560,54272,6,7.437408447265625
SASRec,2008,2008-12-31,102560,47950,7,7.410187721252441
SASRec,2008,2008-12-31,102560,55765,8,7.38167142868042
SASRec,2008,2008-12-31,102560,52458,9,7.274895191192627
SASRec,2008,2008-12-31,102560,48783,10,7.261728763580322
SASRec,2008,2008-12-31,102732,1025,1,6.19123649597168
SASRec,2008,2008-12-31,102732,1022,2,6.127186298370361
SASRec,2008,2008-12-31,102732,7454,3,6.076269626617432
SASRec,2008,2008-12-31,102732,546,4,5.995265483856201
SASRec,2008,2008-12-31,102732,531,5,5.9666900634765625
SASRec,2008,2008-12-31,102732,374,6,5.965672492980957
SASRec,2008,2008-12-31,102732,502,7,5.930469036102295
SASRec,2008,2008-12-31,102732,419,8,5.848773002624512
SASRec,2008,2008-12-31,102732,2082,9,5.801011562347412
SASRec,2008,2008-12-31,102732,616,10,5.711912155151367
SASRec,2008,2008-12-31,102778,44191,1,7.910431861877441
SASRec,2008,2008-12-31,102778,49272,2,7.7121686935424805
SASRec,2008,2008-12-31,102778,46976,3,7.679351806640625
SASRec,2008,2008-12-31,102778,48516,4,7.5188469886779785
SASRec,2008,2008-12-31,102778,48780,5,7.299900531768799
SASRec,2008,2008-12-31,102778,48385,6,7.134244918823242
SASRec,2008,2008-12-31,102778,44195,7,7.119088649749756
SASRec,2008,2008-12-31,102778,48774,8,7.084007263183594
SASRec,2008,2008-12-31,102778,41569,9,7.0438995361328125
SASRec,2008,2008-12-31,102778,54272,10,7.036717414855957
SASRec,2008,2008-12-31,102784,46578,1,7.680106163024902
SASRec,2008,2008-12-31,102784,40815,2,7.272680759429932
SASRec,2008,2008-12-31,102784,45447,3,7.1824164390563965
SASRec,2008,2008-12-31,102784,49272,4,7.02701997756958
SASRec,2008,2008-12-31,102784,44191,5,6.982067108154297
SASRec,2008,2008-12-31,102784,54001,6,6.957290172576904
SASRec,2008,2008-12-31,102784,41569,7,6.909270286560059
SASRec,2008,2008-12-31,102784,41566,8,6.901573657989502
SASRec,2008,2008-12-31,102784,49530,9,6.736001968383789
SASRec,2008,2008-12-31,102784,48385,10,6.70979118347168
SASRec,2008,2008-12-31,102960,47950,1,6.172888278961182
SASRec,2008,2008-12-31,102960,48696,2,6.135166168212891
SASRec,2008,2008-12-31,102960,44788,3,5.981299877166748
SASRec,2008,2008-12-31,102960,39381,4,5.929145812988281
SASRec,2008,2008-12-31,102960,36276,5,5.81315803527832
SASRec,2008,2008-12-31,102960,47423,6,5.812418460845947
SASRec,2008,2008-12-31,102960,42418,7,5.779258728027344
SASRec,2008,2008-12-31,102960,44555,8,5.720493316650391
SASRec,2008,2008-12-31,102960,46976,9,5.6770243644714355
SASRec,2008,2008-12-31,102960,45950,10,5.671986103057861
SASRec,2008,2008-12-31,103188,1200,1,7.545533657073975
SASRec,2008,2008-12-31,103188,2571,2,7.4921369552612305
SASRec,2008,2008-12-31,103188,1274,3,7.220648765563965
SASRec,2008,2008-12-31,103188,1258,4,7.052513599395752
SASRec,2008,2008-12-31,103188,541,5,7.021766662597656
SASRec,2008,2008-12-31,103188,1206,6,6.8067307472229
SASRec,2008,2008-12-31,103188,592,7,6.773037433624268
SASRec,2008,2008-12-31,103188,2716,8,6.674192905426025
SASRec,2008,2008-12-31,103188,1219,9,6.52985954284668
SASRec,2008,2008-12-31,103188,1073,10,6.508563041687012
SASRec,2008,2008-12-31,103189,1073,1,6.664755821228027
SASRec,2008,2008-12-31,103189,780,2,6.623071670532227
SASRec,2008,2008-12-31,103189,648,3,6.333095550537109
SASRec,2008,2008-12-31,103189,858,4,6.313479900360107
SASRec,2008,2008-12-31,103189,260,5,6.229663848876953
SASRec,2008,2008-12-31,103189,736,6,6.226454734802246
SASRec,2008,2008-12-31,103189,597,7,6.033552646636963
SASRec,2008,2008-12-31,103189,1,8,6.028611660003662
SASRec,2008,2008-12-31,103189,377,9,5.959377765655518
SASRec,2008,2008-12-31,103189,733,10,5.9211249351501465
SASRec,2008,2008-12-31,103511,34534,1,6.460561752319336
SASRec,2008,2008-12-31,103511,31221,2,6.425416469573975
SASRec,2008,2008-12-31,103511,32017,3,6.374722003936768
SASRec,2008,2008-12-31,103511,31225,4,6.29971170425415
SASRec,2008,2008-12-31,103511,37727,5,6.274206161499023
SASRec,2008,2008-12-31,103511,8972,6,6.253696918487549
SASRec,2008,2008-12-31,103511,43871,7,6.166550636291504
SASRec,2008,2008-12-31,103511,34332,8,5.962547779083252
SASRec,2008,2008-12-31,103511,33615,9,5.936084747314453
SASRec,2008,2008-12-31,103511,8977,10,5.905980587005615
SASRec,2008,2008-12-31,103566,1022,1,7.098878860473633
SASRec,2008,2008-12-31,103566,2145,2,7.019187927246094
SASRec,2008,2008-12-31,103566,1093,3,6.605138301849365
SASRec,2008,2008-12-31,103566,724,4,6.490211009979248
SASRec,2008,2008-12-31,103566,719,5,6.470129489898682
SASRec,2008,2008-12-31,103566,2005,6,6.416378021240234
SASRec,2008,2008-12-31,103566,849,7,6.384916305541992
SASRec,2008,2008-12-31,103566,1663,8,6.354171276092529
SASRec,2008,2008-12-31,103566,2161,9,6.316678524017334
SASRec,2008,2008-12-31,103566,2641,10,6.281191825866699
SASRec,2008,2008-12-31,103728,32,1,9.558632850646973
SASRec,2008,2008-12-31,103728,364,2,9.549306869506836
SASRec,2008,2008-12-31,103728,1,3,9.313344955444336
SASRec,2008,2008-12-31,103728,377,4,9.249285697937012
SASRec,2008,2008-12-31,103728,47,5,9.2358980178833
SASRec,2008,2008-12-31,103728,595,6,9.138096809387207
SASRec,2008,2008-12-31,103728,10,7,9.103185653686523
SASRec,2008,2008-12-31,103728,736,8,9.052369117736816
SASRec,2008,2008-12-31,103728,153,9,9.037056922912598
SASRec,2008,2008-12-31,103728,185,10,9.01753044128418
SASRec,2008,2008-12-31,103834,6787,1,6.911829948425293
SASRec,2008,2008-12-31,103834,8337,2,6.830066204071045
SASRec,2008,2008-12-31,103834,7121,3,6.582111358642578
SASRec,2008,2008-12-31,103834,7706,4,6.5687255859375
SASRec,2008,2008-12-31,103834,30749,5,6.119437217712402
SASRec,2008,2008-12-31,103834,7215,6,6.088522911071777
SASRec,2008,2008-12-31,103834,3035,7,6.084531307220459
SASRec,2008,2008-12-31,103834,3196,8,6.06587028503418
SASRec,2008,2008-12-31,103834,3671,9,6.056804180145264
SASRec,2008,2008-12-31,103834,8094,10,6.034560680389404
SASRec,2008,2008-12-31,103856,48385,1,7.6768035888671875
SASRec,2008,2008-12-31,103856,44191,2,7.583790302276611
SASRec,2008,2008-12-31,103856,296,3,7.46205472946167
SASRec,2008,2008-12-31,103856,48516,4,7.461996555328369
SASRec,2008,2008-12-31,103856,46578,5,7.394347190856934
SASRec,2008,2008-12-31,103856,49272,6,7.312658786773682
SASRec,2008,2008-12-31,103856,48780,7,6.880719184875488
SASRec,2008,2008-12-31,103856,48394,8,6.776463508605957
SASRec,2008,2008-12-31,103856,45722,9,6.7252302169799805
SASRec,2008,2008-12-31,103856,48774,10,6.7210917472839355
SASRec,2008,2008-12-31,103925,49272,1,6.846131324768066
SASRec,2008,2008-12-31,103925,50068,2,6.8360443115234375
SASRec,2008,2008-12-31,103925,54272,3,6.755161285400391
SASRec,2008,2008-12-31,103925,48394,4,6.72203254699707
SASRec,2008,2008-12-31,103925,50685,5,6.720322608947754
SASRec,2008,2008-12-31,103925,48780,6,6.694620132446289
SASRec,2008,2008-12-31,103925,52375,7,6.652702331542969
SASRec,2008,2008-12-31,103925,45950,8,6.647502899169922
SASRec,2008,2008-12-31,103925,51540,9,6.602015972137451
SASRec,2008,2008-12-31,103925,54286,10,6.582632541656494
SASRec,2008,2008-12-31,103938,46578,1,8.087647438049316
SASRec,2008,2008-12-31,103938,48385,2,7.709837913513184
SASRec,2008,2008-12-31,103938,48394,3,7.567660808563232
SASRec,2008,2008-12-31,103938,48780,4,7.552910327911377
SASRec,2008,2008-12-31,103938,46976,5,7.213500499725342
SASRec,2008,2008-12-31,103938,32587,6,7.156685829162598
SASRec,2008,2008-12-31,103938,48774,7,7.033724308013916
SASRec,2008,2008-12-31,103938,51662,8,6.865481376647949
SASRec,2008,2008-12-31,103938,33794,9,6.831625938415527
SASRec,2008,2008-12-31,103938,54001,10,6.802311420440674
SASRec,2008,2008-12-31,104194,36529,1,6.034304618835449
SASRec,2008,2008-12-31,104194,2329,2,5.797420978546143
SASRec,2008,2008-12-31,104194,40583,3,5.7466936111450195
SASRec,2008,2008-12-31,104194,45447,4,5.736516952514648
SASRec,2008,2008-12-31,104194,44199,5,5.634482383728027
SASRec,2008,2008-12-31,104194,1625,6,5.548920154571533
SASRec,2008,2008-12-31,104194,46578,7,5.546064376831055
SASRec,2008,2008-12-31,104194,34405,8,5.453125
SASRec,2008,2008-12-31,104194,1732,9,5.4420552253723145
SASRec,2008,2008-12-31,104194,41569,10,5.421432018280029
SASRec,2008,2008-12-31,104279,48516,1,7.780073165893555
SASRec,2008,2008-12-31,104279,52328,2,7.777346134185791
SASRec,2008,2008-12-31,104279,49272,3,7.704460620880127
SASRec,2008,2008-12-31,104279,48394,4,7.64194393157959
SASRec,2008,2008-12-31,104279,49530,5,7.597320079803467
SASRec,2008,2008-12-31,104279,54001,6,7.444299221038818
SASRec,2008,2008-12-31,104279,54503,7,7.433897972106934
SASRec,2008,2008-12-31,104279,44191,8,7.40455436706543
SASRec,2008,2008-12-31,104279,51540,9,7.320854187011719
SASRec,2008,2008-12-31,104279,48738,10,7.291437149047852
SASRec,2008,2008-12-31,104283,54286,1,7.807864665985107
SASRec,2008,2008-12-31,104283,52722,2,7.739284038543701
SASRec,2008,2008-12-31,104283,54272,3,7.635272026062012
SASRec,2008,2008-12-31,104283,54001,4,7.385800838470459
SASRec,2008,2008-12-31,104283,53972,5,7.375455856323242
SASRec,2008,2008-12-31,104283,52245,6,7.276297092437744
SASRec,2008,2008-12-31,104283,50068,7,7.22898530960083
SASRec,2008,2008-12-31,104283,52328,8,7.210370063781738
SASRec,2008,2008-12-31,104283,49530,9,7.186071872711182
SASRec,2008,2008-12-31,104283,48385,10,7.157081604003906
SASRec,2008,2008-12-31,104433,4235,1,5.5279459953308105
SASRec,2008,2008-12-31,104433,6016,2,5.453035831451416
SASRec,2008,2008-12-31,104433,4011,3,5.202309608459473
SASRec,2008,2008-12-31,104433,4878,4,4.981937885284424
SASRec,2008,2008-12-31,104433,5669,5,4.9556074142456055
SASRec,2008,2008-12-31,104433,3949,6,4.939052581787109
SASRec,2008,2008-12-31,104433,5617,7,4.8759050369262695
SASRec,2008,2008-12-31,104433,7460,8,4.841724395751953
SASRec,2008,2008-12-31,104433,7371,9,4.833539009094238
SASRec,2008,2008-12-31,104433,8950,10,4.7830352783203125
SASRec,2008,2008-12-31,104663,46578,1,7.602928161621094
SASRec,2008,2008-12-31,104663,46976,2,7.401584148406982
SASRec,2008,2008-12-31,104663,48696,3,6.903288841247559
SASRec,2008,2008-12-31,104663,38886,4,6.560953617095947
SASRec,2008,2008-12-31,104663,48774,5,6.492155075073242
SASRec,2008,2008-12-31,104663,45950,6,6.474918365478516
SASRec,2008,2008-12-31,104663,49272,7,6.4581122398376465
SASRec,2008,2008-12-31,104663,44195,8,6.455756664276123
SASRec,2008,2008-12-31,104663,36535,9,6.431646823883057
SASRec,2008,2008-12-31,104663,47629,10,6.420131206512451
SASRec,2008,2008-12-31,104881,6365,1,8.524230003356934
SASRec,2008,2008-12-31,104881,5378,2,8.466303825378418
SASRec,2008,2008-12-31,104881,6934,3,8.370342254638672
SASRec,2008,2008-12-31,104881,6537,4,7.888343334197998
SASRec,2008,2008-12-31,104881,2571,5,7.837499618530273
SASRec,2008,2008-12-31,104881,3994,6,7.717455863952637
SASRec,2008,2008-12-31,104881,5679,7,7.665098667144775
SASRec,2008,2008-12-31,104881,5445,8,7.571580410003662
SASRec,2008,2008-12-31,104881,3793,9,7.539722442626953
SASRec,2008,2008-12-31,104881,4720,10,7.4782538414001465
SASRec,2008,2008-12-31,105300,48774,1,7.549600601196289
SASRec,2008,2008-12-31,105300,50068,2,7.148162364959717
SASRec,2008,2008-12-31,105300,52328,3,7.051486015319824
SASRec,2008,2008-12-31,105300,52722,4,6.780825138092041
SASRec,2008,2008-12-31,105300,47950,5,6.749199867248535
SASRec,2008,2008-12-31,105300,49932,6,6.719970226287842
SASRec,2008,2008-12-31,105300,53000,7,6.694817066192627
SASRec,2008,2008-12-31,105300,48783,8,6.687478542327881
SASRec,2008,2008-12-31,105300,52458,9,6.672887325286865
SASRec,2008,2008-12-31,105300,55765,10,6.627744197845459
SASRec,2008,2008-12-31,105314,46578,1,8.368693351745605
SASRec,2008,2008-12-31,105314,45447,2,7.611697673797607
SASRec,2008,2008-12-31,105314,40815,3,7.599966526031494
SASRec,2008,2008-12-31,105314,46976,4,7.541376113891602
SASRec,2008,2008-12-31,105314,48516,5,7.540241718292236
SASRec,2008,2008-12-31,105314,41569,6,7.517794132232666
SASRec,2008,2008-12-31,105314,48385,7,7.370151519775391
SASRec,2008,2008-12-31,105314,47610,8,7.196737766265869
SASRec,2008,2008-12-31,105314,53972,9,7.177050590515137
SASRec,2008,2008-12-31,105314,32587,10,7.171199798583984
SASRec,2008,2008-12-31,105735,54001,1,7.763266563415527
SASRec,2008,2008-12-31,105735,54272,2,7.65935754776001
SASRec,2008,2008-12-31,105735,53972,3,7.566838264465332
SASRec,2008,2008-12-31,105735,49272,4,7.38053035736084
SASRec,2008,2008-12-31,105735,54286,5,7.344651222229004
SASRec,2008,2008-12-31,105735,45447,6,7.309534549713135
SASRec,2008,2008-12-31,105735,48385,7,7.296692848205566
SASRec,2008,2008-12-31,105735,48516,8,7.254157066345215
SASRec,2008,2008-12-31,105735,46976,9,7.169151306152344
SASRec,2008,2008-12-31,105735,51255,10,7.113760948181152
SASRec,2008,2008-12-31,106089,46578,1,7.23382568359375
SASRec,2008,2008-12-31,106089,6787,2,6.961421966552734
SASRec,2008,2008-12-31,106089,40629,3,6.9496307373046875
SASRec,2008,2008-12-31,106089,46976,4,6.768135070800781
SASRec,2008,2008-12-31,106089,1262,5,6.668661117553711
SASRec,2008,2008-12-31,106089,40815,6,6.534280776977539
SASRec,2008,2008-12-31,106089,49272,7,6.48945951461792
SASRec,2008,2008-12-31,106089,1203,8,6.36346435546875
SASRec,2008,2008-12-31,106089,48780,9,6.31531286239624
SASRec,2008,2008-12-31,106089,3468,10,6.2732954025268555
SASRec,2008,2008-12-31,106100,46578,1,6.437423229217529
SASRec,2008,2008-12-31,106100,33615,2,6.403042793273926
SASRec,2008,2008-12-31,106100,45431,3,6.366121768951416
SASRec,2008,2008-12-31,106100,41566,4,6.187318325042725
SASRec,2008,2008-12-31,106100,50794,5,6.180934906005859
SASRec,2008,2008-12-31,106100,34319,6,6.1040143966674805
SASRec,2008,2008-12-31,106100,45666,7,6.103532314300537
SASRec,2008,2008-12-31,106100,53322,8,6.005852699279785
SASRec,2008,2008-12-31,106100,53972,9,5.9976067543029785
SASRec,2008,2008-12-31,106100,49286,10,5.990553855895996
SASRec,2008,2008-12-31,106228,48394,1,7.9953436851501465
SASRec,2008,2008-12-31,106228,54286,2,7.738023281097412
SASRec,2008,2008-12-31,106228,48385,3,7.6322021484375
SASRec,2008,2008-12-31,106228,54272,4,7.508386135101318
SASRec,2008,2008-12-31,106228,50068,5,7.389194488525391
SASRec,2008,2008-12-31,106228,30749,6,7.37888765335083
SASRec,2008,2008-12-31,106228,49530,7,7.3387370109558105
SASRec,2008,2008-12-31,106228,54001,8,7.159525394439697
SASRec,2008,2008-12-31,106228,33660,9,7.1450676918029785
SASRec,2008,2008-12-31,106228,48082,10,7.057971000671387
SASRec,2008,2008-12-31,106411,46578,1,8.613381385803223
SASRec,2008,2008-12-31,106411,54001,2,8.194664001464844
SASRec,2008,2008-12-31,106411,49272,3,8.143319129943848
SASRec,2008,2008-12-31,106411,54286,4,8.123489379882812
SASRec,2008,2008-12-31,106411,44191,5,7.9061598777771
SASRec,2008,2008-12-31,106411,54272,6,7.795124053955078
SASRec,2008,2008-12-31,106411,48516,7,7.702497482299805
SASRec,2008,2008-12-31,106411,48385,8,7.62910270690918
SASRec,2008,2008-12-31,106411,48780,9,7.623852252960205
SASRec,2008,2008-12-31,106411,52722,10,7.536946773529053
SASRec,2008,2008-12-31,106650,44191,1,7.373934745788574
SASRec,2008,2008-12-31,106650,45447,2,7.2920098304748535
SASRec,2008,2008-12-31,106650,54001,3,7.038806438446045
SASRec,2008,2008-12-31,106650,40815,4,6.950293064117432
SASRec,2008,2008-12-31,106650,46578,5,6.827914714813232
SASRec,2008,2008-12-31,106650,41566,6,6.684765338897705
SASRec,2008,2008-12-31,106650,33615,7,6.610090255737305
SASRec,2008,2008-12-31,106650,49272,8,6.5796685218811035
SASRec,2008,2008-12-31,106650,32587,9,6.550578594207764
SASRec,2008,2008-12-31,106650,45431,10,6.540948390960693
SASRec,2008,2008-12-31,106741,54272,1,7.820964813232422
SASRec,2008,2008-12-31,106741,54503,2,7.711533546447754
SASRec,2008,2008-12-31,106741,52722,3,7.600397109985352
SASRec,2008,2008-12-31,106741,50872,4,7.582188606262207
SASRec,2008,2008-12-31,106741,52375,5,7.552855491638184
SASRec,2008,2008-12-31,106741,52245,6,7.524873733520508
SASRec,2008,2008-12-31,106741,51255,7,7.500685691833496
SASRec,2008,2008-12-31,106741,52458,8,7.493645668029785
SASRec,2008,2008-12-31,106741,52644,9,7.430758476257324
SASRec,2008,2008-12-31,106741,51931,10,7.3842244148254395
SASRec,2008,2008-12-31,106742,52328,1,6.808269500732422
SASRec,2008,2008-12-31,106742,54272,2,6.64442253112793
SASRec,2008,2008-12-31,106742,53972,3,6.450369834899902
SASRec,2008,2008-12-31,106742,51255,4,6.2047834396362305
SASRec,2008,2008-12-31,106742,50794,5,6.199045181274414
SASRec,2008,2008-12-31,106742,53000,6,6.1439337730407715
SASRec,2008,2008-12-31,106742,31804,7,6.107441425323486
SASRec,2008,2008-12-31,106742,54286,8,6.0956950187683105
SASRec,2008,2008-12-31,106742,53464,9,6.090879440307617
SASRec,2008,2008-12-31,106742,51077,10,6.065371513366699
SASRec,2008,2008-12-31,106754,46578,1,6.5117998123168945
SASRec,2008,2008-12-31,106754,39414,2,6.342757701873779
SASRec,2008,2008-12-31,106754,46976,3,6.277491569519043
SASRec,2008,2008-12-31,106754,45720,4,6.202707290649414
SASRec,2008,2008-12-31,106754,44761,5,6.168510913848877
SASRec,2008,2008-12-31,106754,49286,6,6.158913612365723
SASRec,2008,2008-12-31,106754,48082,7,6.155277729034424
SASRec,2008,2008-12-31,106754,42418,8,6.086259365081787
SASRec,2008,2008-12-31,106754,45501,9,6.046204090118408
SASRec,2008,2008-12-31,106754,45666,10,6.031015396118164
SASRec,2008,2008-12-31,107192,6016,1,8.003035545349121
SASRec,2008,2008-12-31,107192,2692,2,7.25677490234375
SASRec,2008,2008-12-31,107192,4878,3,7.099677085876465
SASRec,2008,2008-12-31,107192,6711,4,7.089979648590088
SASRec,2008,2008-12-31,107192,30749,5,7.077258586883545
SASRec,2008,2008-12-31,107192,2329,6,7.058590888977051
SASRec,2008,2008-12-31,107192,858,7,7.050881385803223
SASRec,2008,2008-12-31,107192,5669,8,6.9128804206848145
SASRec,2008,2008-12-31,107192,8949,9,6.890213489532471
SASRec,2008,2008-12-31,107192,6867,10,6.69808292388916
SASRec,2008,2008-12-31,107245,296,1,10.1055326461792
SASRec,2008,2008-12-31,107245,318,2,10.026108741760254
SASRec,2008,2008-12-31,107245,1,3,9.58298110961914
SASRec,2008,2008-12-31,107245,50,4,9.343371391296387
SASRec,2008,2008-12-31,107245,858,5,9.15214729309082
SASRec,2008,2008-12-31,107245,608,6,8.949885368347168
SASRec,2008,2008-12-31,107245,2858,7,8.698519706726074
SASRec,2008,2008-12-31,107245,2762,8,8.63914966583252
SASRec,2008,2008-12-31,107245,260,9,8.604076385498047
SASRec,2008,2008-12-31,107245,1213,10,8.598305702209473
SASRec,2008,2008-12-31,107315,26199,1,7.436357498168945
SASRec,2008,2008-12-31,107315,50685,2,7.43135929107666
SASRec,2008,2008-12-31,107315,26111,3,7.28009033203125
SASRec,2008,2008-12-31,107315,52375,4,6.897115230560303
SASRec,2008,2008-12-31,107315,26163,5,6.861358165740967
SASRec,2008,2008-12-31,107315,44595,6,6.8111572265625
SASRec,2008,2008-12-31,107315,54290,7,6.791678428649902
SASRec,2008,2008-12-31,107315,53956,8,6.760859966278076
SASRec,2008,2008-12-31,107315,50064,9,6.7278594970703125
SASRec,2008,2008-12-31,107315,31347,10,6.662409782409668
SASRec,2008,2008-12-31,107717,2428,1,6.853245258331299
SASRec,2008,2008-12-31,107717,2605,2,6.7619171142578125
SASRec,2008,2008-12-31,107717,3247,3,6.211565971374512
SASRec,2008,2008-12-31,107717,2541,4,6.096410751342773
SASRec,2008,2008-12-31,107717,1321,5,5.785439491271973
SASRec,2008,2008-12-31,107717,2126,6,5.772959232330322
SASRec,2008,2008-12-31,107717,1911,7,5.755691051483154
SASRec,2008,2008-12-31,107717,2881,8,5.750150680541992
SASRec,2008,2008-12-31,107717,519,9,5.737210273742676
SASRec,2008,2008-12-31,107717,2722,10,5.71824312210083
SASRec,2008,2008-12-31,107756,8949,1,6.591317176818848
SASRec,2008,2008-12-31,107756,7361,2,6.27678108215332
SASRec,2008,2008-12-31,107756,8784,3,6.20622444152832
SASRec,2008,2008-12-31,107756,8970,4,6.094619274139404
SASRec,2008,2008-12-31,107756,30707,5,6.052117347717285
SASRec,2008,2008-12-31,107756,8368,6,6.047105312347412
SASRec,2008,2008-12-31,107756,33166,7,6.044749736785889
SASRec,2008,2008-12-31,107756,30810,8,6.040226936340332
SASRec,2008,2008-12-31,107756,32587,9,6.0026679039001465
SASRec,2008,2008-12-31,107756,8636,10,5.976406574249268
SASRec,2008,2008-12-31,107817,54001,1,8.080527305603027
SASRec,2008,2008-12-31,107817,52722,2,7.93273401260376
SASRec,2008,2008-12-31,107817,54272,3,7.577934265136719
SASRec,2008,2008-12-31,107817,53125,4,7.402456283569336
SASRec,2008,2008-12-31,107817,53972,5,7.317113399505615
SASRec,2008,2008-12-31,107817,53322,6,7.312653541564941
SASRec,2008,2008-12-31,107817,51077,7,7.282090663909912
SASRec,2008,2008-12-31,107817,45666,8,7.277294635772705
SASRec,2008,2008-12-31,107817,52328,9,7.263267517089844
SASRec,2008,2008-12-31,107817,50794,10,7.2089009284973145
SASRec,2008,2008-12-31,107893,370,1,8.620560646057129
SASRec,2008,2008-12-31,107893,1552,2,8.445037841796875
SASRec,2008,2008-12-31,107893,466,3,8.420580863952637
SASRec,2008,2008-12-31,107893,2406,4,8.346712112426758
SASRec,2008,2008-12-31,107893,1722,5,8.334229469299316
SASRec,2008,2008-12-31,107893,2006,6,8.306720733642578
SASRec,2008,2008-12-31,107893,1396,7,8.173558235168457
SASRec,2008,2008-12-31,107893,168,8,8.154863357543945
SASRec,2008,2008-12-31,107893,1485,9,8.056363105773926
SASRec,2008,2008-12-31,107893,2012,10,8.035361289978027
SASRec,2008,2008-12-31,107907,46578,1,7.559074878692627
SASRec,2008,2008-12-31,107907,46976,2,7.262251377105713
SASRec,2008,2008-12-31,107907,48394,3,6.908499240875244
SASRec,2008,2008-12-31,107907,33660,4,6.777498245239258
SASRec,2008,2008-12-31,107907,48738,5,6.753546714782715
SASRec,2008,2008-12-31,107907,50068,6,6.596047401428223
SASRec,2008,2008-12-31,107907,37741,7,6.594084739685059
SASRec,2008,2008-12-31,107907,858,8,6.588881969451904
SASRec,2008,2008-12-31,107907,54286,9,6.571108818054199
SASRec,2008,2008-12-31,107907,51255,10,6.505196571350098
SASRec,2008,2008-12-31,107908,36529,1,6.530584335327148
SASRec,2008,2008-12-31,107908,34405,2,6.52186393737793
SASRec,2008,2008-12-31,107908,46578,3,6.422027587890625
SASRec,2008,2008-12-31,107908,44199,4,6.409233570098877
SASRec,2008,2008-12-31,107908,36519,5,6.39752721786499
SASRec,2008,2008-12-31,107908,54001,6,6.375184059143066
SASRec,2008,2008-12-31,107908,53972,7,6.3479084968566895
SASRec,2008,2008-12-31,107908,48780,8,6.2825846672058105
SASRec,2008,2008-12-31,107908,50794,9,6.252702236175537
SASRec,2008,2008-12-31,107908,34162,10,6.183319091796875
SASRec,2008,2008-12-31,108262,8957,1,6.621524810791016
SASRec,2008,2008-12-31,108262,44022,2,6.539082050323486
SASRec,2008,2008-12-31,108262,44191,3,6.512531280517578
SASRec,2008,2008-12-31,108262,34150,4,6.372948169708252
SASRec,2008,2008-12-31,108262,5254,5,6.337143898010254
SASRec,2008,2008-12-31,108262,7454,6,6.200010776519775
SASRec,2008,2008-12-31,108262,45447,7,6.045405387878418
SASRec,2008,2008-12-31,108262,33615,8,6.0227251052856445
SASRec,2008,2008-12-31,108262,3785,9,5.996166229248047
SASRec,2008,2008-12-31,108262,4367,10,5.848992824554443
SASRec,2008,2008-12-31,108429,35957,1,5.773680686950684
SASRec,2008,2008-12-31,108429,42011,2,5.644753932952881
SASRec,2008,2008-12-31,108429,39414,3,5.644242286682129
SASRec,2008,2008-12-31,108429,34162,4,5.313587665557861
SASRec,2008,2008-12-31,108429,27808,5,5.266229152679443
SASRec,2008,2008-12-31,108429,39231,6,4.917843818664551
SASRec,2008,2008-12-31,108429,44195,7,4.854405879974365
SASRec,2008,2008-12-31,108429,30898,8,4.840652942657471
SASRec,2008,2008-12-31,108429,45666,9,4.822584629058838
SASRec,2008,2008-12-31,108429,36401,10,4.782711982727051
SASRec,2008,2008-12-31,108894,1690,1,9.087162971496582
SASRec,2008,2008-12-31,108894,1918,2,8.689000129699707
SASRec,2008,2008-12-31,108894,2701,3,8.554503440856934
SASRec,2008,2008-12-31,108894,1722,4,8.495064735412598
SASRec,2008,2008-12-31,108894,1479,5,8.447587013244629
SASRec,2008,2008-12-31,108894,1552,6,8.356167793273926
SASRec,2008,2008-12-31,108894,1876,7,8.195289611816406
SASRec,2008,2008-12-31,108894,2273,8,8.16830825805664
SASRec,2008,2008-12-31,108894,2278,9,8.147468566894531
SASRec,2008,2008-12-31,108894,1597,10,8.081260681152344
SASRec,2008,2008-12-31,109042,50794,1,7.769116401672363
SASRec,2008,2008-12-31,109042,52722,2,7.739699363708496
SASRec,2008,2008-12-31,109042,54001,3,7.711063861846924
SASRec,2008,2008-12-31,109042,54286,4,7.5416388511657715
SASRec,2008,2008-12-31,109042,53972,5,7.523515224456787
SASRec,2008,2008-12-31,109042,53322,6,7.5102434158325195
SASRec,2008,2008-12-31,109042,51077,7,7.471582889556885
SASRec,2008,2008-12-31,109042,46578,8,7.37655782699585
SASRec,2008,2008-12-31,109042,54272,9,7.371288299560547
SASRec,2008,2008-12-31,109042,52245,10,7.3621649742126465
SASRec,2008,2008-12-31,109214,36529,1,6.340527534484863
SASRec,2008,2008-12-31,109214,48780,2,6.34031867980957
SASRec,2008,2008-12-31,109214,54272,3,6.327201843261719
SASRec,2008,2008-12-31,109214,52328,4,6.2727861404418945
SASRec,2008,2008-12-31,109214,34405,5,6.270721435546875
SASRec,2008,2008-12-31,109214,53972,6,6.2200422286987305
SASRec,2008,2008-12-31,109214,45447,7,6.21368408203125
SASRec,2008,2008-12-31,109214,48774,8,6.146564483642578
SASRec,2008,2008-12-31,109214,46578,9,6.140839099884033
SASRec,2008,2008-12-31,109214,48385,10,6.070761680603027
SASRec,2008,2008-12-31,109302,47950,1,6.140415668487549
SASRec,2008,2008-12-31,109302,45668,2,6.13901424407959
SASRec,2008,2008-12-31,109302,42002,3,6.037266731262207
SASRec,2008,2008-12-31,109302,39414,4,5.8703460693359375
SASRec,2008,2008-12-31,109302,42018,5,5.848657608032227
SASRec,2008,2008-12-31,109302,45720,6,5.761198043823242
SASRec,2008,2008-12-31,109302,46578,7,5.728702545166016
SASRec,2008,2008-12-31,109302,46976,8,5.67702579498291
SASRec,2008,2008-12-31,109302,54001,9,5.649962425231934
SASRec,2008,2008-12-31,109302,45880,10,5.618245601654053
SASRec,2008,2008-12-31,109430,44191,1,5.979509353637695
SASRec,2008,2008-12-31,109430,32587,2,5.899420738220215
SASRec,2008,2008-12-31,109430,46578,3,5.797128677368164
SASRec,2008,2008-12-31,109430,48516,4,5.780453205108643
SASRec,2008,2008-12-31,109430,30749,5,5.474980354309082
SASRec,2008,2008-12-31,109430,48385,6,5.412747383117676
SASRec,2008,2008-12-31,109430,111,7,5.27060604095459
SASRec,2008,2008-12-31,109430,44195,8,5.21632194519043
SASRec,2008,2008-12-31,109430,36529,9,5.1645941734313965
SASRec,2008,2008-12-31,109430,50,10,5.111430644989014
SASRec,2008,2008-12-31,109713,4993,1,8.299288749694824
SASRec,2008,2008-12-31,109713,2571,2,8.260651588439941
SASRec,2008,2008-12-31,109713,4306,3,8.1727294921875
SASRec,2008,2008-12-31,109713,6539,4,8.072547912597656
SASRec,2008,2008-12-31,109713,4963,5,7.996119499206543
SASRec,2008,2008-12-31,109713,7153,6,7.96391487121582
SASRec,2008,2008-12-31,109713,5445,7,7.9028730392456055
SASRec,2008,2008-12-31,109713,480,8,7.865647792816162
SASRec,2008,2008-12-31,109713,3793,9,7.855278015136719
SASRec,2008,2008-12-31,109713,5378,10,7.7035322189331055
SASRec,2008,2008-12-31,110074,858,1,7.563103199005127
SASRec,2008,2008-12-31,110074,296,2,7.30802059173584
SASRec,2008,2008-12-31,110074,1221,3,7.157194137573242
SASRec,2008,2008-12-31,110074,318,4,7.044429779052734
SASRec,2008,2008-12-31,110074,1219,5,6.955612659454346
SASRec,2008,2008-12-31,110074,1214,6,6.89651346206665
SASRec,2008,2008-12-31,110074,111,7,6.731326103210449
SASRec,2008,2008-12-31,110074,50,8,6.686498641967773
SASRec,2008,2008-12-31,110074,912,9,6.443597316741943
SASRec,2008,2008-12-31,110074,1617,10,6.40740966796875
SASRec,2008,2008-12-31,110267,46578,1,6.379881858825684
SASRec,2008,2008-12-31,110267,45668,2,6.334441661834717
SASRec,2008,2008-12-31,110267,45501,3,6.172458171844482
SASRec,2008,2008-12-31,110267,54001,4,6.1567864418029785
SASRec,2008,2008-12-31,110267,45431,5,6.058629989624023
SASRec,2008,2008-12-31,110267,42011,6,6.022535800933838
SASRec,2008,2008-12-31,110267,33615,7,5.979107856750488
SASRec,2008,2008-12-31,110267,44191,8,5.858701229095459
SASRec,2008,2008-12-31,110267,46970,9,5.821260929107666
SASRec,2008,2008-12-31,110267,31685,10,5.56089973449707
SASRec,2008,2008-12-31,110316,52375,1,8.23636245727539
SASRec,2008,2008-12-31,110316,47950,2,7.5891008377075195
SASRec,2008,2008-12-31,110316,49793,3,7.3107008934021
SASRec,2008,2008-12-31,110316,50064,4,7.159347057342529
SASRec,2008,2008-12-31,110316,49824,5,7.0133514404296875
SASRec,2008,2008-12-31,110316,51931,6,6.862657070159912
SASRec,2008,2008-12-31,110316,54780,7,6.849579334259033
SASRec,2008,2008-12-31,110316,43684,8,6.7488932609558105
SASRec,2008,2008-12-31,110316,55765,9,6.746402263641357
SASRec,2008,2008-12-31,110316,52458,10,6.742063045501709
SASRec,2008,2008-12-31,110370,49272,1,8.346980094909668
SASRec,2008,2008-12-31,110370,48780,2,7.922669887542725
SASRec,2008,2008-12-31,110370,54001,3,7.90031623840332
SASRec,2008,2008-12-31,110370,54272,4,7.845963954925537
SASRec,2008,2008-12-31,110370,52722,5,7.792632102966309
SASRec,2008,2008-12-31,110370,50872,6,7.771731853485107
SASRec,2008,2008-12-31,110370,48394,7,7.736745357513428
SASRec,2008,2008-12-31,110370,44191,8,7.643665790557861
SASRec,2008,2008-12-31,110370,48774,9,7.640883922576904
SASRec,2008,2008-12-31,110370,53322,10,7.5677361488342285
SASRec,2008,2008-12-31,110450,54001,1,7.544794082641602
SASRec,2008,2008-12-31,110450,46578,2,7.347695350646973
SASRec,2008,2008-12-31,110450,54272,3,7.094710350036621
SASRec,2008,2008-12-31,110450,45447,4,7.049663066864014
SASRec,2008,2008-12-31,110450,54286,5,6.897569179534912
SASRec,2008,2008-12-31,110450,49272,6,6.885925769805908
SASRec,2008,2008-12-31,110450,40815,7,6.8652262687683105
SASRec,2008,2008-12-31,110450,52722,8,6.845252990722656
SASRec,2008,2008-12-31,110450,41569,9,6.726011276245117
SASRec,2008,2008-12-31,110450,48385,10,6.703372001647949
SASRec,2008,2008-12-31,110562,54286,1,7.944047451019287
SASRec,2008,2008-12-31,110562,52722,2,7.92302131652832
SASRec,2008,2008-12-31,110562,54001,3,7.778041362762451
SASRec,2008,2008-12-31,110562,46578,4,7.658935546875
SASRec,2008,2008-12-31,110562,53972,5,7.45103120803833
SASRec,2008,2008-12-31,110562,48783,6,7.428359031677246
SASRec,2008,2008-12-31,110562,46976,7,7.384802341461182
SASRec,2008,2008-12-31,110562,52245,8,7.367227077484131
SASRec,2008,2008-12-31,110562,49272,9,7.359131336212158
SASRec,2008,2008-12-31,110562,51255,10,7.352518081665039
SASRec,2008,2008-12-31,110598,53972,1,6.638144493103027
SASRec,2008,2008-12-31,110598,50798,2,6.634918212890625
SASRec,2008,2008-12-31,110598,48520,3,6.4685773849487305
SASRec,2008,2008-12-31,110598,51662,4,6.304357528686523
SASRec,2008,2008-12-31,110598,53322,5,6.239696979522705
SASRec,2008,2008-12-31,110598,50794,6,6.2379150390625
SASRec,2008,2008-12-31,110598,51077,7,6.196191787719727
SASRec,2008,2008-12-31,110598,49286,8,6.192957401275635
SASRec,2008,2008-12-31,110598,53125,9,6.099716663360596
SASRec,2008,2008-12-31,110598,43558,10,6.034563064575195
SASRec,2008,2008-12-31,110698,46578,1,7.526576042175293
SASRec,2008,2008-12-31,110698,45517,2,6.784093379974365
SASRec,2008,2008-12-31,110698,45431,3,6.7401556968688965
SASRec,2008,2008-12-31,110698,44191,4,6.595391750335693
SASRec,2008,2008-12-31,110698,41569,5,6.543885231018066
SASRec,2008,2008-12-31,110698,49272,6,6.465019226074219
SASRec,2008,2008-12-31,110698,48780,7,6.328080177307129
SASRec,2008,2008-12-31,110698,52722,8,6.279382705688477
SASRec,2008,2008-12-31,110698,45501,9,6.20858097076416
SASRec,2008,2008-12-31,110698,46530,10,6.17891263961792
SASRec,2008,2008-12-31,110842,6016,1,7.485828876495361
SASRec,2008,2008-12-31,110842,32587,2,7.107698440551758
SASRec,2008,2008-12-31,110842,8949,3,6.971621513366699
SASRec,2008,2008-12-31,110842,8950,4,6.965693950653076
SASRec,2008,2008-12-31,110842,318,5,6.907929420471191
SASRec,2008,2008-12-31,110842,30749,6,6.661192417144775
SASRec,2008,2008-12-31,110842,44191,7,6.603847503662109
SASRec,2008,2008-12-31,110842,50,8,6.601539134979248
SASRec,2008,2008-12-31,110842,593,9,6.595345973968506
SASRec,2008,2008-12-31,110842,33166,10,6.532423496246338
SASRec,2008,2008-12-31,110853,44195,1,7.037503242492676
SASRec,2008,2008-12-31,110853,40629,2,6.863842487335205
SASRec,2008,2008-12-31,110853,33660,3,6.820933818817139
SASRec,2008,2008-12-31,110853,39414,4,6.6953535079956055
SASRec,2008,2008-12-31,110853,41997,5,6.676596641540527
SASRec,2008,2008-12-31,110853,37741,6,6.669924259185791
SASRec,2008,2008-12-31,110853,44191,7,6.654478073120117
SASRec,2008,2008-12-31,110853,38886,8,6.562063694000244
SASRec,2008,2008-12-31,110853,49272,9,6.541444301605225
SASRec,2008,2008-12-31,110853,41285,10,6.52128267288208
SASRec,2008,2008-12-31,111334,5378,1,7.8790082931518555
SASRec,2008,2008-12-31,111334,6539,2,7.23984432220459
SASRec,2008,2008-12-31,111334,3793,3,7.145382881164551
SASRec,2008,2008-12-31,111334,4306,4,7.09536075592041
SASRec,2008,2008-12-31,111334,5445,5,7.085000991821289
SASRec,2008,2008-12-31,111334,7361,6,7.082135200500488
SASRec,2008,2008-12-31,111334,4878,7,7.0609354972839355
SASRec,2008,2008-12-31,111334,6377,8,7.06066370010376
SASRec,2008,2008-12-31,111334,4011,9,7.025972843170166
SASRec,2008,2008-12-31,111334,8636,10,7.017669200897217
SASRec,2008,2008-12-31,111614,37741,1,5.729848861694336
SASRec,2008,2008-12-31,111614,8950,2,5.676473140716553
SASRec,2008,2008-12-31,111614,7361,3,5.64680814743042
SASRec,2008,2008-12-31,111614,32587,4,5.430523872375488
SASRec,2008,2008-12-31,111614,41285,5,5.39687967300415
SASRec,2008,2008-12-31,111614,33166,6,5.353542804718018
SASRec,2008,2008-12-31,111614,44761,7,5.323742389678955
SASRec,2008,2008-12-31,111614,30749,8,5.284875869750977
SASRec,2008,2008-12-31,111614,45950,9,5.277557373046875
SASRec,2008,2008-12-31,111614,8370,10,5.2179856300354
SASRec,2008,2008-12-31,111690,46976,1,7.668689727783203
SASRec,2008,2008-12-31,111690,48394,2,7.5634684562683105
SASRec,2008,2008-12-31,111690,48774,3,7.283092975616455
SASRec,2008,2008-12-31,111690,48696,4,7.028162002563477
SASRec,2008,2008-12-31,111690,48738,5,6.874231338500977
SASRec,2008,2008-12-31,111690,47629,6,6.777822494506836
SASRec,2008,2008-12-31,111690,50068,7,6.738491535186768
SASRec,2008,2008-12-31,111690,45950,8,6.683112144470215
SASRec,2008,2008-12-31,111690,54286,9,6.543477535247803
SASRec,2008,2008-12-31,111690,44694,10,6.4819746017456055
SASRec,2008,2008-12-31,112246,55245,1,8.904662132263184
SASRec,2008,2008-12-31,112246,55080,2,8.517327308654785
SASRec,2008,2008-12-31,112246,52375,3,8.481146812438965
SASRec,2008,2008-12-31,112246,53974,4,8.08981704711914
SASRec,2008,2008-12-31,112246,51903,5,7.971503734588623
SASRec,2008,2008-12-31,112246,52668,6,7.898345947265625
SASRec,2008,2008-12-31,112246,50796,7,7.815755844116211
SASRec,2008,2008-12-31,112246,54290,8,7.782135486602783
SASRec,2008,2008-12-31,112246,51925,9,7.739096641540527
SASRec,2008,2008-12-31,112246,56286,10,7.728827953338623
SASRec,2008,2008-12-31,112387,54001,1,7.769443511962891
SASRec,2008,2008-12-31,112387,52722,2,7.423959255218506
SASRec,2008,2008-12-31,112387,44191,3,7.4208478927612305
SASRec,2008,2008-12-31,112387,54286,4,7.29722261428833
SASRec,2008,2008-12-31,112387,54272,5,7.185192108154297
SASRec,2008,2008-12-31,112387,53125,6,7.122118949890137
SASRec,2008,2008-12-31,112387,53972,7,7.086181163787842
SASRec,2008,2008-12-31,112387,49272,8,6.988470554351807
SASRec,2008,2008-12-31,112387,48516,9,6.9875383377075195
SASRec,2008,2008-12-31,112387,51255,10,6.853816509246826
SASRec,2008,2008-12-31,112393,48516,1,8.252906799316406
SASRec,2008,2008-12-31,112393,6016,2,7.8270263671875
SASRec,2008,2008-12-31,112393,48385,3,7.810888290405273
SASRec,2008,2008-12-31,112393,48780,4,7.656930923461914
SASRec,2008,2008-12-31,112393,7361,5,7.604226589202881
SASRec,2008,2008-12-31,112393,48774,6,7.572347164154053
SASRec,2008,2008-12-31,112393,33794,7,7.5479230880737305
SASRec,2008,2008-12-31,112393,858,8,7.412245273590088
SASRec,2008,2008-12-31,112393,46976,9,7.343103408813477
SASRec,2008,2008-12-31,112393,54272,10,7.268024921417236
SASRec,2008,2008-12-31,112398,44191,1,6.328077793121338
SASRec,2008,2008-12-31,112398,46578,2,5.934880256652832
SASRec,2008,2008-12-31,112398,44195,3,5.601069450378418
SASRec,2008,2008-12-31,112398,33166,4,5.548135280609131
SASRec,2008,2008-12-31,112398,41569,5,5.542372703552246
SASRec,2008,2008-12-31,112398,35836,6,5.527921199798584
SASRec,2008,2008-12-31,112398,41285,7,5.488813877105713
SASRec,2008,2008-12-31,112398,39183,8,5.470735549926758
SASRec,2008,2008-12-31,112398,34405,9,5.407149314880371
SASRec,2008,2008-12-31,112398,44199,10,5.396116256713867
SASRec,2008,2008-12-31,112529,44191,1,7.696709632873535
SASRec,2008,2008-12-31,112529,5669,2,7.4912519454956055
SASRec,2008,2008-12-31,112529,30707,3,7.488666534423828
SASRec,2008,2008-12-31,112529,6711,4,7.4404425621032715
SASRec,2008,2008-12-31,112529,8970,5,7.4164509773254395
SASRec,2008,2008-12-31,112529,356,6,7.3446455001831055
SASRec,2008,2008-12-31,112529,3897,7,7.300063133239746
SASRec,2008,2008-12-31,112529,4878,8,7.264270305633545
SASRec,2008,2008-12-31,112529,2502,9,7.159102439880371
SASRec,2008,2008-12-31,112529,8464,10,7.149413108825684
SASRec,2008,2008-12-31,112679,44191,1,7.2546491622924805
SASRec,2008,2008-12-31,112679,32587,2,6.734098434448242
SASRec,2008,2008-12-31,112679,46578,3,6.699081897735596
SASRec,2008,2008-12-31,112679,41569,4,6.669344902038574
SASRec,2008,2008-12-31,112679,34405,5,6.384799480438232
SASRec,2008,2008-12-31,112679,33166,6,6.2137837409973145
SASRec,2008,2008-12-31,112679,33679,7,6.155915260314941
SASRec,2008,2008-12-31,112679,48385,8,6.151375770568848
SASRec,2008,2008-12-31,112679,49272,9,6.127133846282959
SASRec,2008,2008-12-31,112679,44195,10,6.0727386474609375
SASRec,2008,2008-12-31,113093,48394,1,6.9792256355285645
SASRec,2008,2008-12-31,113093,48774,2,6.921847343444824
SASRec,2008,2008-12-31,113093,49272,3,6.832936763763428
SASRec,2008,2008-12-31,113093,46976,4,6.816527843475342
SASRec,2008,2008-12-31,113093,44191,5,6.598664283752441
SASRec,2008,2008-12-31,113093,45950,6,6.563045978546143
SASRec,2008,2008-12-31,113093,48738,7,6.551751136779785
SASRec,2008,2008-12-31,113093,45210,8,6.418648719787598
SASRec,2008,2008-12-31,113093,50068,9,6.225420951843262
SASRec,2008,2008-12-31,113093,38061,10,6.22509241104126
SASRec,2008,2008-12-31,113348,45447,1,5.660606861114502
SASRec,2008,2008-12-31,113348,35957,2,5.519064426422119
SASRec,2008,2008-12-31,113348,33679,3,5.509031772613525
SASRec,2008,2008-12-31,113348,7458,4,5.4303297996521
SASRec,2008,2008-12-31,113348,8644,5,5.272718906402588
SASRec,2008,2008-12-31,113348,8361,6,5.246316432952881
SASRec,2008,2008-12-31,113348,34319,7,5.245999336242676
SASRec,2008,2008-12-31,113348,8529,8,5.2286810874938965
SASRec,2008,2008-12-31,113348,34150,9,5.150628089904785
SASRec,2008,2008-12-31,113348,8865,10,5.0685014724731445
SASRec,2008,2008-12-31,113871,46578,1,7.425281524658203
SASRec,2008,2008-12-31,113871,44191,2,7.260105133056641
SASRec,2008,2008-12-31,113871,48516,3,6.847593784332275
SASRec,2008,2008-12-31,113871,48774,4,6.809630870819092
SASRec,2008,2008-12-31,113871,48385,5,6.753378391265869
SASRec,2008,2008-12-31,113871,48394,6,6.739795684814453
SASRec,2008,2008-12-31,113871,46976,7,6.7036848068237305
SASRec,2008,2008-12-31,113871,49272,8,6.669760704040527
SASRec,2008,2008-12-31,113871,32587,9,6.618296146392822
SASRec,2008,2008-12-31,113871,44195,10,6.5176801681518555
SASRec,2008,2008-12-31,113884,48385,1,6.4446702003479
SASRec,2008,2008-12-31,113884,49272,2,6.334847450256348
SASRec,2008,2008-12-31,113884,48774,3,6.189263343811035
SASRec,2008,2008-12-31,113884,48780,4,6.096743106842041
SASRec,2008,2008-12-31,113884,48394,5,6.035016059875488
SASRec,2008,2008-12-31,113884,40583,6,5.962418079376221
SASRec,2008,2008-12-31,113884,45447,7,5.958931922912598
SASRec,2008,2008-12-31,113884,46976,8,5.89056921005249
SASRec,2008,2008-12-31,113884,44199,9,5.860427379608154
SASRec,2008,2008-12-31,113884,54272,10,5.8598313331604
SASRec,2008,2008-12-31,114784,46578,1,7.149569988250732
SASRec,2008,2008-12-31,114784,48516,2,6.803706169128418
SASRec,2008,2008-12-31,114784,46976,3,6.729269981384277
SASRec,2008,2008-12-31,114784,48394,4,6.682129383087158
SASRec,2008,2008-12-31,114784,48780,5,6.581392288208008
SASRec,2008,2008-12-31,114784,48774,6,6.576190948486328
SASRec,2008,2008-12-31,114784,54286,7,6.462952136993408
SASRec,2008,2008-12-31,114784,44191,8,6.347728729248047
SASRec,2008,2008-12-31,114784,50068,9,6.073266506195068
SASRec,2008,2008-12-31,114784,48738,10,6.070496082305908
SASRec,2008,2008-12-31,115164,46578,1,7.512629508972168
SASRec,2008,2008-12-31,115164,54001,2,7.459735870361328
SASRec,2008,2008-12-31,115164,52722,3,7.287674903869629
SASRec,2008,2008-12-31,115164,54286,4,7.056948184967041
SASRec,2008,2008-12-31,115164,53972,5,6.985060691833496
SASRec,2008,2008-12-31,115164,54272,6,6.9753737449646
SASRec,2008,2008-12-31,115164,46976,7,6.842184543609619
SASRec,2008,2008-12-31,115164,40815,8,6.7270684242248535
SASRec,2008,2008-12-31,115164,45720,9,6.6612701416015625
SASRec,2008,2008-12-31,115164,53322,10,6.656598091125488
SASRec,2008,2008-12-31,115178,48774,1,6.76181697845459
SASRec,2008,2008-12-31,115178,52328,2,6.50972843170166
SASRec,2008,2008-12-31,115178,53972,3,6.44577169418335
SASRec,2008,2008-12-31,115178,52722,4,6.355360984802246
SASRec,2008,2008-12-31,115178,48516,5,6.335992813110352
SASRec,2008,2008-12-31,115178,49272,6,6.335782527923584
SASRec,2008,2008-12-31,115178,50794,7,6.326920986175537
SASRec,2008,2008-12-31,115178,48394,8,6.278071880340576
SASRec,2008,2008-12-31,115178,49530,9,6.15206241607666
SASRec,2008,2008-12-31,115178,48738,10,6.143183708190918
SASRec,2008,2008-12-31,115222,46578,1,8.367526054382324
SASRec,2008,2008-12-31,115222,46976,2,8.222381591796875
SASRec,2008,2008-12-31,115222,50068,3,7.968055248260498
SASRec,2008,2008-12-31,115222,48780,4,7.921132564544678
SASRec,2008,2008-12-31,115222,54272,5,7.906630039215088
SASRec,2008,2008-12-31,115222,52722,6,7.893429279327393
SASRec,2008,2008-12-31,115222,48516,7,7.877757549285889
SASRec,2008,2008-12-31,115222,49530,8,7.839842319488525
SASRec,2008,2008-12-31,115222,53972,9,7.707493782043457
SASRec,2008,2008-12-31,115222,55765,10,7.670845985412598
SASRec,2008,2008-12-31,115250,46578,1,6.419405937194824
SASRec,2008,2008-12-31,115250,41569,2,5.482527732849121
SASRec,2008,2008-12-31,115250,39183,3,5.419034481048584
SASRec,2008,2008-12-31,115250,46976,4,5.303015232086182
SASRec,2008,2008-12-31,115250,40819,5,5.295921802520752
SASRec,2008,2008-12-31,115250,49272,6,5.245204448699951
SASRec,2008,2008-12-31,115250,37741,7,5.216684341430664
SASRec,2008,2008-12-31,115250,48774,8,5.171194076538086
SASRec,2008,2008-12-31,115250,30749,9,5.156153202056885
SASRec,2008,2008-12-31,115250,48385,10,5.116340160369873
SASRec,2008,2008-12-31,115421,48780,1,6.38392972946167
SASRec,2008,2008-12-31,115421,44191,2,6.234556674957275
SASRec,2008,2008-12-31,115421,49932,3,6.229284286499023
SASRec,2008,2008-12-31,115421,48516,4,6.184741020202637
SASRec,2008,2008-12-31,115421,50068,5,6.022867202758789
SASRec,2008,2008-12-31,115421,53972,6,5.990257740020752
SASRec,2008,2008-12-31,115421,51255,7,5.966169834136963
SASRec,2008,2008-12-31,115421,54272,8,5.725841999053955
SASRec,2008,2008-12-31,115421,45950,9,5.702652931213379
SASRec,2008,2008-12-31,115421,36529,10,5.6471662521362305
SASRec,2008,2008-12-31,115787,7162,1,6.223113059997559
SASRec,2008,2008-12-31,115787,8614,2,6.1600470542907715
SASRec,2008,2008-12-31,115787,6753,3,6.105404853820801
SASRec,2008,2008-12-31,115787,6944,4,5.917916774749756
SASRec,2008,2008-12-31,115787,6879,5,5.813360214233398
SASRec,2008,2008-12-31,115787,6950,6,5.7783002853393555
SASRec,2008,2008-12-31,115787,8373,7,5.776677131652832
SASRec,2008,2008-12-31,115787,7149,8,5.770059108734131
SASRec,2008,2008-12-31,115787,7321,9,5.727863311767578
SASRec,2008,2008-12-31,115787,6862,10,5.697551250457764
SASRec,2008,2008-12-31,115938,53972,1,7.1806535720825195
SASRec,2008,2008-12-31,115938,50794,2,7.008950233459473
SASRec,2008,2008-12-31,115938,54286,3,6.995270729064941
SASRec,2008,2008-12-31,115938,52722,4,6.989633560180664
SASRec,2008,2008-12-31,115938,52328,5,6.924315452575684
SASRec,2008,2008-12-31,115938,51540,6,6.8063154220581055
SASRec,2008,2008-12-31,115938,52245,7,6.725740909576416
SASRec,2008,2008-12-31,115938,48394,8,6.72396183013916
SASRec,2008,2008-12-31,115938,54001,9,6.716761112213135
SASRec,2008,2008-12-31,115938,50068,10,6.685447692871094
SASRec,2008,2008-12-31,116064,30749,1,7.575479507446289
SASRec,2008,2008-12-31,116064,296,2,7.500456809997559
SASRec,2008,2008-12-31,116064,1136,3,7.390759468078613
SASRec,2008,2008-12-31,116064,318,4,7.369592189788818
SASRec,2008,2008-12-31,116064,1203,5,7.320140361785889
SASRec,2008,2008-12-31,116064,7361,6,7.311593055725098
SASRec,2008,2008-12-31,116064,1234,7,7.304231643676758
SASRec,2008,2008-12-31,116064,5995,8,7.261396884918213
SASRec,2008,2008-12-31,116064,1262,9,6.898262977600098
SASRec,2008,2008-12-31,116064,1221,10,6.896791934967041
SASRec,2008,2008-12-31,116208,17,1,6.180086135864258
SASRec,2008,2008-12-31,116208,593,2,6.169949054718018
SASRec,2008,2008-12-31,116208,25,3,6.06593656539917
SASRec,2008,2008-12-31,116208,48385,4,5.875854015350342
SASRec,2008,2008-12-31,116208,39,5,5.835434913635254
SASRec,2008,2008-12-31,116208,527,6,5.834375858306885
SASRec,2008,2008-12-31,116208,300,7,5.781107425689697
SASRec,2008,2008-12-31,116208,36,8,5.755226135253906
SASRec,2008,2008-12-31,116208,235,9,5.648547649383545
SASRec,2008,2008-12-31,116208,47,10,5.613790988922119
SASRec,2008,2008-12-31,116226,40815,1,6.638406753540039
SASRec,2008,2008-12-31,116226,46578,2,6.5483012199401855
SASRec,2008,2008-12-31,116226,8970,3,6.479973316192627
SASRec,2008,2008-12-31,116226,33166,4,6.439352989196777
SASRec,2008,2008-12-31,116226,41566,5,6.413125991821289
SASRec,2008,2008-12-31,116226,44191,6,6.381624698638916
SASRec,2008,2008-12-31,116226,45447,7,6.244047164916992
SASRec,2008,2008-12-31,116226,30749,8,6.147863388061523
SASRec,2008,2008-12-31,116226,33679,9,6.111445426940918
SASRec,2008,2008-12-31,116226,30812,10,6.103977203369141
SASRec,2008,2008-12-31,116907,54286,1,8.033382415771484
SASRec,2008,2008-12-31,116907,54272,2,7.699004650115967
SASRec,2008,2008-12-31,116907,50794,3,7.427604675292969
SASRec,2008,2008-12-31,116907,50872,4,7.358160495758057
SASRec,2008,2008-12-31,116907,48385,5,7.357673168182373
SASRec,2008,2008-12-31,116907,52245,6,7.343934535980225
SASRec,2008,2008-12-31,116907,51077,7,7.328839302062988
SASRec,2008,2008-12-31,116907,54503,8,7.304794788360596
SASRec,2008,2008-12-31,116907,52328,9,7.268077850341797
SASRec,2008,2008-12-31,116907,52375,10,7.234564781188965
SASRec,2008,2008-12-31,117050,54001,1,8.283346176147461
SASRec,2008,2008-12-31,117050,52722,2,7.973727703094482
SASRec,2008,2008-12-31,117050,54272,3,7.852014064788818
SASRec,2008,2008-12-31,117050,54286,4,7.837953567504883
SASRec,2008,2008-12-31,117050,50794,5,7.755678176879883
SASRec,2008,2008-12-31,117050,51077,6,7.7279863357543945
SASRec,2008,2008-12-31,117050,53972,7,7.719517707824707
SASRec,2008,2008-12-31,117050,53125,8,7.6569108963012695
SASRec,2008,2008-12-31,117050,50798,9,7.65535831451416
SASRec,2008,2008-12-31,117050,52328,10,7.6069769859313965
SASRec,2008,2008-12-31,117193,46578,1,7.616350173950195
SASRec,2008,2008-12-31,117193,30749,2,6.850854873657227
SASRec,2008,2008-12-31,117193,46976,3,6.815151214599609
SASRec,2008,2008-12-31,117193,7361,4,6.795025825500488
SASRec,2008,2008-12-31,117193,37741,5,6.719537258148193
SASRec,2008,2008-12-31,117193,296,6,6.703155517578125
SASRec,2008,2008-12-31,117193,8949,7,6.532569885253906
SASRec,2008,2008-12-31,117193,41285,8,6.498171806335449
SASRec,2008,2008-12-31,117193,4226,9,6.491039752960205
SASRec,2008,2008-12-31,117193,48394,10,6.48686408996582
SASRec,2008,2008-12-31,117358,1196,1,6.664365768432617
SASRec,2008,2008-12-31,117358,8636,2,6.622273921966553
SASRec,2008,2008-12-31,117358,1200,3,6.557243347167969
SASRec,2008,2008-12-31,117358,1210,4,6.480989456176758
SASRec,2008,2008-12-31,117358,590,5,6.438629627227783
SASRec,2008,2008-12-31,117358,592,6,6.359230995178223
SASRec,2008,2008-12-31,117358,2947,7,6.358607292175293
SASRec,2008,2008-12-31,117358,1222,8,6.357773303985596
SASRec,2008,2008-12-31,117358,4963,9,6.310420036315918
SASRec,2008,2008-12-31,117358,6539,10,6.253992557525635
SASRec,2008,2008-12-31,117457,3578,1,5.176977634429932
SASRec,2008,2008-12-31,117457,3994,2,5.043023109436035
SASRec,2008,2008-12-31,117457,41569,3,5.000612735748291
SASRec,2008,2008-12-31,117457,45722,4,4.8854241371154785
SASRec,2008,2008-12-31,117457,3948,5,4.873615264892578
SASRec,2008,2008-12-31,117457,4011,6,4.8390793800354
SASRec,2008,2008-12-31,117457,52722,7,4.782468795776367
SASRec,2008,2008-12-31,117457,45447,8,4.779853343963623
SASRec,2008,2008-12-31,117457,40815,9,4.770186424255371
SASRec,2008,2008-12-31,117457,36529,10,4.765200614929199
SASRec,2008,2008-12-31,117866,46578,1,6.803596019744873
SASRec,2008,2008-12-31,117866,25850,2,6.5808515548706055
SASRec,2008,2008-12-31,117866,46976,3,6.350144386291504
SASRec,2008,2008-12-31,117866,47950,4,6.179349422454834
SASRec,2008,2008-12-31,117866,50685,5,6.119105815887451
SASRec,2008,2008-12-31,117866,49272,6,6.019900321960449
SASRec,2008,2008-12-31,117866,46850,7,5.959418296813965
SASRec,2008,2008-12-31,117866,48774,8,5.898077011108398
SASRec,2008,2008-12-31,117866,37741,9,5.718233585357666
SASRec,2008,2008-12-31,117866,45210,10,5.6649980545043945
SASRec,2008,2008-12-31,118005,32587,1,6.31722354888916
SASRec,2008,2008-12-31,118005,46578,2,6.20274543762207
SASRec,2008,2008-12-31,118005,44191,3,6.128915786743164
SASRec,2008,2008-12-31,118005,33794,4,6.050937175750732
SASRec,2008,2008-12-31,118005,30749,5,6.036883354187012
SASRec,2008,2008-12-31,118005,33166,6,6.032386302947998
SASRec,2008,2008-12-31,118005,34405,7,5.85790491104126
SASRec,2008,2008-12-31,118005,48516,8,5.827640056610107
SASRec,2008,2008-12-31,118005,49272,9,5.717290878295898
SASRec,2008,2008-12-31,118005,7361,10,5.687340259552002
SASRec,2008,2008-12-31,118407,3505,1,6.063396453857422
SASRec,2008,2008-12-31,118407,3498,2,5.824143886566162
SASRec,2008,2008-12-31,118407,3198,3,5.721704483032227
SASRec,2008,2008-12-31,118407,2467,4,5.64653205871582
SASRec,2008,2008-12-31,118407,3508,5,5.541404724121094
SASRec,2008,2008-12-31,118407,3168,6,5.532505989074707
SASRec,2008,2008-12-31,118407,2917,7,5.497740268707275
SASRec,2008,2008-12-31,118407,4262,8,5.3810038566589355
SASRec,2008,2008-12-31,118407,3654,9,5.342433929443359
SASRec,2008,2008-12-31,118407,3448,10,5.341562747955322
SASRec,2008,2008-12-31,118495,45447,1,7.195404529571533
SASRec,2008,2008-12-31,118495,3948,2,6.622463703155518
SASRec,2008,2008-12-31,118495,5218,3,6.618760585784912
SASRec,2008,2008-12-31,118495,4718,4,6.602784156799316
SASRec,2008,2008-12-31,118495,3752,5,6.431491374969482
SASRec,2008,2008-12-31,118495,45517,6,6.356696128845215
SASRec,2008,2008-12-31,118495,33615,7,6.241344451904297
SASRec,2008,2008-12-31,118495,40815,8,6.218655109405518
SASRec,2008,2008-12-31,118495,4447,9,6.166891574859619
SASRec,2008,2008-12-31,118495,4367,10,6.152673244476318
SASRec,2008,2008-12-31,118663,318,1,10.583975791931152
SASRec,2008,2008-12-31,118663,296,2,10.464195251464844
SASRec,2008,2008-12-31,118663,593,3,10.078642845153809
SASRec,2008,2008-12-31,118663,2571,4,9.720682144165039
SASRec,2008,2008-12-31,118663,858,5,9.531961441040039
SASRec,2008,2008-12-31,118663,44191,6,9.154684066772461
SASRec,2008,2008-12-31,118663,589,7,9.116169929504395
SASRec,2008,2008-12-31,118663,1,8,9.111257553100586
SASRec,2008,2008-12-31,118663,32,9,9.081233978271484
SASRec,2008,2008-12-31,118663,110,10,8.88803768157959
SASRec,2008,2008-12-31,118967,48385,1,6.636724472045898
SASRec,2008,2008-12-31,118967,51077,2,6.342351913452148
SASRec,2008,2008-12-31,118967,52644,3,6.036705017089844
SASRec,2008,2008-12-31,118967,46578,4,5.763913631439209
SASRec,2008,2008-12-31,118967,48883,5,5.630305767059326
SASRec,2008,2008-12-31,118967,51925,6,5.591230392456055
SASRec,2008,2008-12-31,118967,161,7,5.468074798583984
SASRec,2008,2008-12-31,118967,52456,8,5.441986083984375
SASRec,2008,2008-12-31,118967,52321,9,5.441318035125732
SASRec,2008,2008-12-31,118967,51939,10,5.352078437805176
SASRec,2008,2008-12-31,119100,31221,1,7.150647163391113
SASRec,2008,2008-12-31,119100,6294,2,7.036040306091309
SASRec,2008,2008-12-31,119100,6196,3,7.012393951416016
SASRec,2008,2008-12-31,119100,6595,4,6.859835147857666
SASRec,2008,2008-12-31,119100,6157,5,6.75868034362793
SASRec,2008,2008-12-31,119100,6383,6,6.610175609588623
SASRec,2008,2008-12-31,119100,6754,7,6.581278324127197
SASRec,2008,2008-12-31,119100,8977,8,6.5687947273254395
SASRec,2008,2008-12-31,119100,5254,9,6.526504993438721
SASRec,2008,2008-12-31,119100,6250,10,6.5173869132995605
SASRec,2008,2008-12-31,119106,46578,1,7.825430870056152
SASRec,2008,2008-12-31,119106,44191,2,7.617028713226318
SASRec,2008,2008-12-31,119106,48385,3,7.337291717529297
SASRec,2008,2008-12-31,119106,49530,4,7.311550617218018
SASRec,2008,2008-12-31,119106,51662,5,7.100571632385254
SASRec,2008,2008-12-31,119106,53125,6,7.032559871673584
SASRec,2008,2008-12-31,119106,46976,7,6.935557842254639
SASRec,2008,2008-12-31,119106,53322,8,6.89190149307251
SASRec,2008,2008-12-31,119106,53996,9,6.865683555603027
SASRec,2008,2008-12-31,119106,48738,10,6.782073020935059
SASRec,2008,2008-12-31,119160,44022,1,7.128580570220947
SASRec,2008,2008-12-31,119160,33615,2,6.938064098358154
SASRec,2008,2008-12-31,119160,45431,3,6.843528747558594
SASRec,2008,2008-12-31,119160,34405,4,6.689468860626221
SASRec,2008,2008-12-31,119160,45666,5,6.549492835998535
SASRec,2008,2008-12-31,119160,36401,6,6.531577110290527
SASRec,2008,2008-12-31,119160,49272,7,6.437348365783691
SASRec,2008,2008-12-31,119160,46970,8,6.357560634613037
SASRec,2008,2008-12-31,119160,33493,9,6.320619106292725
SASRec,2008,2008-12-31,119160,40339,10,6.104054927825928
SASRec,2008,2008-12-31,119293,46976,1,6.150303840637207
SASRec,2008,2008-12-31,119293,39414,2,6.056351184844971
SASRec,2008,2008-12-31,119293,38886,3,6.051047325134277
SASRec,2008,2008-12-31,119293,41285,4,5.882343292236328
SASRec,2008,2008-12-31,119293,36276,5,5.658810615539551
SASRec,2008,2008-12-31,119293,40629,6,5.614534854888916
SASRec,2008,2008-12-31,119293,36535,7,5.611371994018555
SASRec,2008,2008-12-31,119293,36527,8,5.5443925857543945
SASRec,2008,2008-12-31,119293,42418,9,5.497537612915039
SASRec,2008,2008-12-31,119293,47950,10,5.456485748291016
SASRec,2008,2008-12-31,119347,586,1,11.615455627441406
SASRec,2008,2008-12-31,119347,185,2,11.538155555725098
SASRec,2008,2008-12-31,119347,10,3,11.103787422180176
SASRec,2008,2008-12-31,119347,288,4,11.040220260620117
SASRec,2008,2008-12-31,119347,364,5,10.956832885742188
SASRec,2008,2008-12-31,119347,377,6,10.829111099243164
SASRec,2008,2008-12-31,119347,95,7,10.758538246154785
SASRec,2008,2008-12-31,119347,432,8,10.64445972442627
SASRec,2008,2008-12-31,119347,344,9,10.570596694946289
SASRec,2008,2008-12-31,119347,153,10,10.455950736999512
SASRec,2008,2008-12-31,120017,30749,1,6.850740432739258
SASRec,2008,2008-12-31,120017,38886,2,6.7019734382629395
SASRec,2008,2008-12-31,120017,40629,3,6.2812066078186035
SASRec,2008,2008-12-31,120017,46976,4,6.266979217529297
SASRec,2008,2008-12-31,120017,45950,5,6.2287702560424805
SASRec,2008,2008-12-31,120017,46850,6,6.212980270385742
SASRec,2008,2008-12-31,120017,44204,7,5.8704023361206055
SASRec,2008,2008-12-31,120017,49961,8,5.743320941925049
SASRec,2008,2008-12-31,120017,33639,9,5.723698616027832
SASRec,2008,2008-12-31,120017,45210,10,5.712217330932617
SASRec,2008,2008-12-31,120054,53972,1,7.42622709274292
SASRec,2008,2008-12-31,120054,51255,2,7.099764823913574
SASRec,2008,2008-12-31,120054,52722,3,7.0640764236450195
SASRec,2008,2008-12-31,120054,49932,4,7.042539119720459
SASRec,2008,2008-12-31,120054,54286,5,6.988740921020508
SASRec,2008,2008-12-31,120054,52644,6,6.9244160652160645
SASRec,2008,2008-12-31,120054,53464,7,6.884629249572754
SASRec,2008,2008-12-31,120054,54503,8,6.812516689300537
SASRec,2008,2008-12-31,120054,51540,9,6.779732704162598
SASRec,2008,2008-12-31,120054,47950,10,6.342988967895508
SASRec,2008,2008-12-31,120087,40629,1,7.497548580169678
SASRec,2008,2008-12-31,120087,46976,2,6.632570743560791
SASRec,2008,2008-12-31,120087,49272,3,6.233449459075928
SASRec,2008,2008-12-31,120087,38038,4,6.154115200042725
SASRec,2008,2008-12-31,120087,30749,5,5.849184036254883
SASRec,2008,2008-12-31,120087,54001,6,5.840558052062988
SASRec,2008,2008-12-31,120087,33639,7,5.799045085906982
SASRec,2008,2008-12-31,120087,1073,8,5.788331031799316
SASRec,2008,2008-12-31,120087,914,9,5.763346195220947
SASRec,2008,2008-12-31,120087,1028,10,5.751397132873535
SASRec,2008,2008-12-31,120256,1022,1,6.63057279586792
SASRec,2008,2008-12-31,120256,1093,2,6.226109504699707
SASRec,2008,2008-12-31,120256,2915,3,6.208986759185791
SASRec,2008,2008-12-31,120256,3702,4,6.201176166534424
SASRec,2008,2008-12-31,120256,4002,5,6.189824104309082
SASRec,2008,2008-12-31,120256,3396,6,6.17561149597168
SASRec,2008,2008-12-31,120256,3755,7,6.091796875
SASRec,2008,2008-12-31,120256,2145,8,6.057103633880615
SASRec,2008,2008-12-31,120256,3911,9,6.055646896362305
SASRec,2008,2008-12-31,120256,1663,10,5.983214378356934
SASRec,2008,2008-12-31,120483,6987,1,4.748546600341797
SASRec,2008,2008-12-31,120483,1258,2,4.507984638214111
SASRec,2008,2008-12-31,120483,541,3,4.072973251342773
SASRec,2008,2008-12-31,120483,1175,4,4.025843143463135
SASRec,2008,2008-12-31,120483,1206,5,4.013952255249023
SASRec,2008,2008-12-31,120483,6774,6,3.9521749019622803
SASRec,2008,2008-12-31,120483,1214,7,3.803760051727295
SASRec,2008,2008-12-31,120483,8507,8,3.7939507961273193
SASRec,2008,2008-12-31,120483,1333,9,3.770916223526001
SASRec,2008,2008-12-31,120483,7361,10,3.7670884132385254
SASRec,2008,2008-12-31,120518,49272,1,7.777942657470703
SASRec,2008,2008-12-31,120518,33166,2,7.5646748542785645
SASRec,2008,2008-12-31,120518,44195,3,7.426053524017334
SASRec,2008,2008-12-31,120518,45950,4,7.355456829071045
SASRec,2008,2008-12-31,120518,41997,5,7.185166835784912
SASRec,2008,2008-12-31,120518,48394,6,7.166598320007324
SASRec,2008,2008-12-31,120518,39183,7,7.141587257385254
SASRec,2008,2008-12-31,120518,38886,8,7.116336822509766
SASRec,2008,2008-12-31,120518,32587,9,7.1153883934021
SASRec,2008,2008-12-31,120518,40819,10,6.95724630355835
SASRec,2008,2008-12-31,120568,8949,1,7.29604434967041
SASRec,2008,2008-12-31,120568,33166,2,7.096610069274902
SASRec,2008,2008-12-31,120568,8784,3,7.043874740600586
SASRec,2008,2008-12-31,120568,30812,4,7.019360542297363
SASRec,2008,2008-12-31,120568,8970,5,6.943448066711426
SASRec,2008,2008-12-31,120568,32587,6,6.861184120178223
SASRec,2008,2008-12-31,120568,8983,7,6.822798252105713
SASRec,2008,2008-12-31,120568,8981,8,6.707112789154053
SASRec,2008,2008-12-31,120568,7147,9,6.613916397094727
SASRec,2008,2008-12-31,120568,8665,10,6.561918258666992
SASRec,2008,2008-12-31,120820,2571,1,9.332144737243652
SASRec,2008,2008-12-31,120820,44191,2,9.09508228302002
SASRec,2008,2008-12-31,120820,3578,3,9.080615997314453
SASRec,2008,2008-12-31,120820,318,4,9.025007247924805
SASRec,2008,2008-12-31,120820,593,5,8.945541381835938
SASRec,2008,2008-12-31,120820,7438,6,8.747100830078125
SASRec,2008,2008-12-31,120820,4993,7,8.740281105041504
SASRec,2008,2008-12-31,120820,589,8,8.661378860473633
SASRec,2008,2008-12-31,120820,4011,9,8.63553237915039
SASRec,2008,2008-12-31,120820,6874,10,8.620400428771973
SASRec,2008,2008-12-31,121244,46578,1,6.83706521987915
SASRec,2008,2008-12-31,121244,46976,2,6.581338405609131
SASRec,2008,2008-12-31,121244,49286,3,6.405674934387207
SASRec,2008,2008-12-31,121244,49272,4,6.378681182861328
SASRec,2008,2008-12-31,121244,49530,5,6.373478889465332
SASRec,2008,2008-12-31,121244,45501,6,6.273638725280762
SASRec,2008,2008-12-31,121244,50794,7,6.2516703605651855
SASRec,2008,2008-12-31,121244,47629,8,6.250755310058594
SASRec,2008,2008-12-31,121244,54286,9,6.198771953582764
SASRec,2008,2008-12-31,121244,54001,10,6.158513069152832
SASRec,2008,2008-12-31,121293,54286,1,7.299375534057617
SASRec,2008,2008-12-31,121293,48516,2,7.117253303527832
SASRec,2008,2008-12-31,121293,48385,3,7.067708969116211
SASRec,2008,2008-12-31,121293,48394,4,7.06580114364624
SASRec,2008,2008-12-31,121293,44191,5,7.002509117126465
SASRec,2008,2008-12-31,121293,54272,6,6.959060192108154
SASRec,2008,2008-12-31,121293,54001,7,6.921961784362793
SASRec,2008,2008-12-31,121293,48774,8,6.846118927001953
SASRec,2008,2008-12-31,121293,51662,9,6.769318103790283
SASRec,2008,2008-12-31,121293,53125,10,6.747592926025391
SASRec,2008,2008-12-31,121376,52375,1,7.749914169311523
SASRec,2008,2008-12-31,121376,54272,2,7.694008827209473
SASRec,2008,2008-12-31,121376,47950,3,7.671200275421143
SASRec,2008,2008-12-31,121376,52458,4,7.611915588378906
SASRec,2008,2008-12-31,121376,52245,5,7.486356735229492
SASRec,2008,2008-12-31,121376,50872,6,7.46954345703125
SASRec,2008,2008-12-31,121376,49793,7,7.456930637359619
SASRec,2008,2008-12-31,121376,52328,8,7.395393371582031
SASRec,2008,2008-12-31,121376,50794,9,7.27794075012207
SASRec,2008,2008-12-31,121376,48774,10,7.271098613739014
SASRec,2008,2008-12-31,121400,46976,1,6.630084037780762
SASRec,2008,2008-12-31,121400,48780,2,6.5759124755859375
SASRec,2008,2008-12-31,121400,48385,3,6.455410003662109
SASRec,2008,2008-12-31,121400,48738,4,6.357847690582275
SASRec,2008,2008-12-31,121400,51255,5,6.295241832733154
SASRec,2008,2008-12-31,121400,44761,6,6.225625991821289
SASRec,2008,2008-12-31,121400,52722,7,6.21942663192749
SASRec,2008,2008-12-31,121400,45950,8,6.058078765869141
SASRec,2008,2008-12-31,121400,45447,9,5.974364280700684
SASRec,2008,2008-12-31,121400,44788,10,5.973430633544922
SASRec,2008,2008-12-31,121628,46578,1,8.479989051818848
SASRec,2008,2008-12-31,121628,49272,2,8.07749080657959
SASRec,2008,2008-12-31,121628,48516,3,7.710042953491211
SASRec,2008,2008-12-31,121628,32587,4,7.614553451538086
SASRec,2008,2008-12-31,121628,44195,5,7.36992883682251
SASRec,2008,2008-12-31,121628,54286,6,7.360258102416992
SASRec,2008,2008-12-31,121628,34405,7,7.35911226272583
SASRec,2008,2008-12-31,121628,40815,8,7.3558669090271
SASRec,2008,2008-12-31,121628,41569,9,7.334064960479736
SASRec,2008,2008-12-31,121628,54001,10,7.262608528137207
SASRec,2008,2008-12-31,121937,6936,1,5.2860636711120605
SASRec,2008,2008-12-31,121937,30810,2,5.26651668548584
SASRec,2008,2008-12-31,121937,30812,3,5.258625030517578
SASRec,2008,2008-12-31,121937,8970,4,5.17938232421875
SASRec,2008,2008-12-31,121937,8366,5,5.153098106384277
SASRec,2008,2008-12-31,121937,8949,6,5.146509647369385
SASRec,2008,2008-12-31,121937,7451,7,5.058289051055908
SASRec,2008,2008-12-31,121937,8529,8,5.056954383850098
SASRec,2008,2008-12-31,121937,8807,9,4.988426685333252
SASRec,2008,2008-12-31,121937,6942,10,4.986659526824951
SASRec,2008,2008-12-31,122504,3977,1,6.594574928283691
SASRec,2008,2008-12-31,122504,2683,2,6.449091911315918
SASRec,2008,2008-12-31,122504,2502,3,6.167914390563965
SASRec,2008,2008-12-31,122504,5299,4,6.123170375823975
SASRec,2008,2008-12-31,122504,3752,5,6.115653991699219
SASRec,2008,2008-12-31,122504,3755,6,6.08406925201416
SASRec,2008,2008-12-31,122504,4022,7,5.99355411529541
SASRec,2008,2008-12-31,122504,3255,8,5.96933126449585
SASRec,2008,2008-12-31,122504,3033,9,5.953926086425781
SASRec,2008,2008-12-31,122504,4896,10,5.90416955947876
SASRec,2008,2008-12-31,122888,3948,1,5.996824741363525
SASRec,2008,2008-12-31,122888,4718,2,5.826981544494629
SASRec,2008,2008-12-31,122888,4246,3,5.652561664581299
SASRec,2008,2008-12-31,122888,3752,4,5.58317232131958
SASRec,2008,2008-12-31,122888,4963,5,5.576934337615967
SASRec,2008,2008-12-31,122888,4025,6,5.571773529052734
SASRec,2008,2008-12-31,122888,4975,7,5.541879177093506
SASRec,2008,2008-12-31,122888,4816,8,5.512822151184082
SASRec,2008,2008-12-31,122888,4995,9,5.442561626434326
SASRec,2008,2008-12-31,122888,5218,10,5.415741920471191
SASRec,2008,2008-12-31,123193,44195,1,6.565495491027832
SASRec,2008,2008-12-31,123193,54001,2,6.425463676452637
SASRec,2008,2008-12-31,123193,39183,3,6.410299301147461
SASRec,2008,2008-12-31,123193,48516,4,6.286288738250732
SASRec,2008,2008-12-31,123193,48780,5,6.208946704864502
SASRec,2008,2008-12-31,123193,44199,6,6.192566871643066
SASRec,2008,2008-12-31,123193,49272,7,6.178471565246582
SASRec,2008,2008-12-31,123193,48774,8,6.119990348815918
SASRec,2008,2008-12-31,123193,41569,9,6.091186046600342
SASRec,2008,2008-12-31,123193,40819,10,6.083425998687744
SASRec,2008,2008-12-31,123233,44761,1,6.373776912689209
SASRec,2008,2008-12-31,123233,40583,2,6.273295879364014
SASRec,2008,2008-12-31,123233,47610,3,6.249311447143555
SASRec,2008,2008-12-31,123233,48385,4,6.233691215515137
SASRec,2008,2008-12-31,123233,48780,5,6.190999984741211
SASRec,2008,2008-12-31,123233,54272,6,6.123927593231201
SASRec,2008,2008-12-31,123233,48082,7,6.108775615692139
SASRec,2008,2008-12-31,123233,45447,8,6.066188812255859
SASRec,2008,2008-12-31,123233,32587,9,6.042726039886475
SASRec,2008,2008-12-31,123233,36535,10,5.986624240875244
SASRec,2008,2008-12-31,123441,49530,1,7.291716575622559
SASRec,2008,2008-12-31,123441,48516,2,7.2715935707092285
SASRec,2008,2008-12-31,123441,48774,3,7.184922695159912
SASRec,2008,2008-12-31,123441,48385,4,7.058042526245117
SASRec,2008,2008-12-31,123441,50872,5,7.046247482299805
SASRec,2008,2008-12-31,123441,54001,6,7.023680210113525
SASRec,2008,2008-12-31,123441,54272,7,7.018144607543945
SASRec,2008,2008-12-31,123441,52722,8,7.016684055328369
SASRec,2008,2008-12-31,123441,49272,9,7.011889457702637
SASRec,2008,2008-12-31,123441,48780,10,6.9812822341918945
SASRec,2008,2008-12-31,123703,1175,1,6.127490520477295
SASRec,2008,2008-12-31,123703,1217,2,6.035224914550781
SASRec,2008,2008-12-31,123703,29,3,5.765671730041504
SASRec,2008,2008-12-31,123703,3504,4,5.753348350524902
SASRec,2008,2008-12-31,123703,778,5,5.70665979385376
SASRec,2008,2008-12-31,123703,7387,6,5.695454120635986
SASRec,2008,2008-12-31,123703,745,7,5.6703362464904785
SASRec,2008,2008-12-31,123703,5617,8,5.645071506500244
SASRec,2008,2008-12-31,123703,3198,9,5.6398515701293945
SASRec,2008,2008-12-31,123703,2313,10,5.6037726402282715
SASRec,2008,2008-12-31,123734,46578,1,8.298857688903809
SASRec,2008,2008-12-31,123734,48516,2,7.790392875671387
SASRec,2008,2008-12-31,123734,48780,3,7.653623104095459
SASRec,2008,2008-12-31,123734,48774,4,7.624114036560059
SASRec,2008,2008-12-31,123734,51255,5,7.315427780151367
SASRec,2008,2008-12-31,123734,48738,6,7.232491493225098
SASRec,2008,2008-12-31,123734,54001,7,7.1867194175720215
SASRec,2008,2008-12-31,123734,49530,8,7.155149459838867
SASRec,2008,2008-12-31,123734,50068,9,7.062825679779053
SASRec,2008,2008-12-31,123734,47610,10,6.9160542488098145
SASRec,2008,2008-12-31,123983,44191,1,8.60389518737793
SASRec,2008,2008-12-31,123983,48516,2,8.109471321105957
SASRec,2008,2008-12-31,123983,48394,3,7.8162055015563965
SASRec,2008,2008-12-31,123983,48780,4,7.781551837921143
SASRec,2008,2008-12-31,123983,296,5,7.6605963706970215
SASRec,2008,2008-12-31,123983,32587,6,7.65639591217041
SASRec,2008,2008-12-31,123983,48774,7,7.584936141967773
SASRec,2008,2008-12-31,123983,48385,8,7.5463457107543945
SASRec,2008,2008-12-31,123983,46976,9,7.421439170837402
SASRec,2008,2008-12-31,123983,54272,10,7.172945976257324
SASRec,2008,2008-12-31,124306,50685,1,7.748383522033691
SASRec,2008,2008-12-31,124306,52375,2,7.116902828216553
SASRec,2008,2008-12-31,124306,48774,3,6.975621223449707
SASRec,2008,2008-12-31,124306,50872,4,6.9598212242126465
SASRec,2008,2008-12-31,124306,25850,5,6.888995170593262
SASRec,2008,2008-12-31,124306,49961,6,6.785201549530029
SASRec,2008,2008-12-31,124306,50005,7,6.745569229125977
SASRec,2008,2008-12-31,124306,54286,8,6.7147908210754395
SASRec,2008,2008-12-31,124306,49822,9,6.706034183502197
SASRec,2008,2008-12-31,124306,50064,10,6.679431438446045
SASRec,2008,2008-12-31,124725,858,1,8.196322441101074
SASRec,2008,2008-12-31,124725,46578,2,7.994631767272949
SASRec,2008,2008-12-31,124725,48516,3,7.808353900909424
SASRec,2008,2008-12-31,124725,48385,4,7.743100166320801
SASRec,2008,2008-12-31,124725,49272,5,7.7201642990112305
SASRec,2008,2008-12-31,124725,344,6,7.264634132385254
SASRec,2008,2008-12-31,124725,47,7,6.904723167419434
SASRec,2008,2008-12-31,124725,30749,8,6.849272727966309
SASRec,2008,2008-12-31,124725,588,9,6.848620414733887
SASRec,2008,2008-12-31,124725,45722,10,6.838413238525391
SASRec,2008,2008-12-31,124731,7361,1,6.536698341369629
SASRec,2008,2008-12-31,124731,318,2,6.453697204589844
SASRec,2008,2008-12-31,124731,30749,3,6.377526760101318
SASRec,2008,2008-12-31,124731,8950,4,6.364599704742432
SASRec,2008,2008-12-31,124731,48394,5,6.356173515319824
SASRec,2008,2008-12-31,124731,4235,6,6.173264503479004
SASRec,2008,2008-12-31,124731,50,7,6.155100345611572
SASRec,2008,2008-12-31,124731,33794,8,6.154670238494873
SASRec,2008,2008-12-31,124731,1219,9,5.9659528732299805
SASRec,2008,2008-12-31,124731,48516,10,5.95966911315918
SASRec,2008,2008-12-31,124791,2726,1,6.677284240722656
SASRec,2008,2008-12-31,124791,6023,2,6.357281684875488
SASRec,2008,2008-12-31,124791,4235,3,6.233561992645264
SASRec,2008,2008-12-31,124791,8370,4,6.161996841430664
SASRec,2008,2008-12-31,124791,1219,5,6.1609673500061035
SASRec,2008,2008-12-31,124791,31410,6,6.119269847869873
SASRec,2008,2008-12-31,124791,608,7,6.099236965179443
SASRec,2008,2008-12-31,124791,8950,8,6.084088325500488
SASRec,2008,2008-12-31,124791,3741,9,6.069040775299072
SASRec,2008,2008-12-31,124791,1248,10,6.058651924133301
SASRec,2008,2008-12-31,124858,40815,1,5.678929328918457
SASRec,2008,2008-12-31,124858,41566,2,5.6661481857299805
SASRec,2008,2008-12-31,124858,30810,3,5.544682502746582
SASRec,2008,2008-12-31,124858,34162,4,5.534365177154541
SASRec,2008,2008-12-31,124858,30793,5,5.42682409286499
SASRec,2008,2008-12-31,124858,8376,6,5.400004863739014
SASRec,2008,2008-12-31,124858,35836,7,5.389899730682373
SASRec,2008,2008-12-31,124858,8970,8,5.384683609008789
SASRec,2008,2008-12-31,124858,32587,9,5.363302230834961
SASRec,2008,2008-12-31,124858,33493,10,5.351581573486328
SASRec,2008,2008-12-31,125448,44191,1,8.112777709960938
SASRec,2008,2008-12-31,125448,33794,2,7.243750095367432
SASRec,2008,2008-12-31,125448,8636,3,7.167358875274658
SASRec,2008,2008-12-31,125448,4011,4,7.062828540802002
SASRec,2008,2008-12-31,125448,4878,5,7.036442756652832
SASRec,2008,2008-12-31,125448,34405,6,6.962457656860352
SASRec,2008,2008-12-31,125448,7022,7,6.958513259887695
SASRec,2008,2008-12-31,125448,6016,8,6.946003437042236
SASRec,2008,2008-12-31,125448,5669,9,6.873116970062256
SASRec,2008,2008-12-31,125448,33166,10,6.822710037231445
SASRec,2008,2008-12-31,125476,1022,1,7.00090217590332
SASRec,2008,2008-12-31,125476,531,2,6.760026931762695
SASRec,2008,2008-12-31,125476,1663,3,6.636719703674316
SASRec,2008,2008-12-31,125476,1125,4,6.526144981384277
SASRec,2008,2008-12-31,125476,1029,5,6.494122505187988
SASRec,2008,2008-12-31,125476,524,6,6.356948375701904
SASRec,2008,2008-12-31,125476,2915,7,6.3332014083862305
SASRec,2008,2008-12-31,125476,616,8,6.266950607299805
SASRec,2008,2008-12-31,125476,4002,9,6.252933025360107
SASRec,2008,2008-12-31,125476,2137,10,6.198465347290039
SASRec,2008,2008-12-31,125508,724,1,7.3211164474487305
SASRec,2008,2008-12-31,125508,2145,2,7.250757217407227
SASRec,2008,2008-12-31,125508,1029,3,6.85566520690918
SASRec,2008,2008-12-31,125508,372,4,6.838726043701172
SASRec,2008,2008-12-31,125508,719,5,6.731161117553711
SASRec,2008,2008-12-31,125508,355,6,6.636091709136963
SASRec,2008,2008-12-31,125508,1059,7,6.5350542068481445
SASRec,2008,2008-12-31,125508,362,8,6.491713047027588
SASRec,2008,2008-12-31,125508,1409,9,6.467933654785156
SASRec,2008,2008-12-31,125508,838,10,6.430761814117432
SASRec,2008,2008-12-31,126085,5669,1,8.925300598144531
SASRec,2008,2008-12-31,126085,6711,2,8.753226280212402
SASRec,2008,2008-12-31,126085,5952,3,8.70979118347168
SASRec,2008,2008-12-31,126085,6218,4,8.288249969482422
SASRec,2008,2008-12-31,126085,5991,5,8.273699760437012
SASRec,2008,2008-12-31,126085,7153,6,8.225512504577637
SASRec,2008,2008-12-31,126085,6874,7,8.163915634155273
SASRec,2008,2008-12-31,126085,5445,8,8.054952621459961
SASRec,2008,2008-12-31,126085,6016,9,8.006881713867188
SASRec,2008,2008-12-31,126085,5956,10,8.00329303741455
SASRec,2008,2008-12-31,126119,50794,1,6.25800895690918
SASRec,2008,2008-12-31,126119,45720,2,5.993473529815674
SASRec,2008,2008-12-31,126119,49286,3,5.891901969909668
SASRec,2008,2008-12-31,126119,52722,4,5.793969631195068
SASRec,2008,2008-12-31,126119,45447,5,5.783059120178223
SASRec,2008,2008-12-31,126119,45666,6,5.75708532333374
SASRec,2008,2008-12-31,126119,53972,7,5.749540328979492
SASRec,2008,2008-12-31,126119,54001,8,5.744253635406494
SASRec,2008,2008-12-31,126119,39414,9,5.701642036437988
SASRec,2008,2008-12-31,126119,45501,10,5.658224105834961
SASRec,2008,2008-12-31,126198,46578,1,6.591605186462402
SASRec,2008,2008-12-31,126198,46976,2,6.334806442260742
SASRec,2008,2008-12-31,126198,37741,3,6.077490329742432
SASRec,2008,2008-12-31,126198,49272,4,6.041034698486328
SASRec,2008,2008-12-31,126198,38886,5,6.0080976486206055
SASRec,2008,2008-12-31,126198,39414,6,6.002901554107666
SASRec,2008,2008-12-31,126198,49822,7,5.984285354614258
SASRec,2008,2008-12-31,126198,36517,8,5.960719108581543
SASRec,2008,2008-12-31,126198,40629,9,5.958693504333496
SASRec,2008,2008-12-31,126198,45950,10,5.924713134765625
SASRec,2008,2008-12-31,126238,46578,1,6.714516639709473
SASRec,2008,2008-12-31,126238,42011,2,6.6526923179626465
SASRec,2008,2008-12-31,126238,45668,3,6.631764888763428
SASRec,2008,2008-12-31,126238,41569,4,6.578010559082031
SASRec,2008,2008-12-31,126238,39414,5,6.54548978805542
SASRec,2008,2008-12-31,126238,35957,6,6.423933506011963
SASRec,2008,2008-12-31,126238,37727,7,6.3499016761779785
SASRec,2008,2008-12-31,126238,46976,8,6.279245376586914
SASRec,2008,2008-12-31,126238,48783,9,6.196932792663574
SASRec,2008,2008-12-31,126238,34162,10,6.18825626373291
SASRec,2008,2008-12-31,126604,40629,1,7.204834461212158
SASRec,2008,2008-12-31,126604,30749,2,6.503223896026611
SASRec,2008,2008-12-31,126604,40819,3,6.493888854980469
SASRec,2008,2008-12-31,126604,39292,4,6.491513729095459
SASRec,2008,2008-12-31,126604,46578,5,6.280680179595947
SASRec,2008,2008-12-31,126604,40815,6,6.212601184844971
SASRec,2008,2008-12-31,126604,33166,7,6.122490406036377
SASRec,2008,2008-12-31,126604,33639,8,6.036051273345947
SASRec,2008,2008-12-31,126604,36517,9,6.032618522644043
SASRec,2008,2008-12-31,126604,41997,10,6.027618408203125
SASRec,2008,2008-12-31,126674,46578,1,8.297679901123047
SASRec,2008,2008-12-31,126674,48385,2,7.853355407714844
SASRec,2008,2008-12-31,126674,48516,3,7.79953670501709
SASRec,2008,2008-12-31,126674,48394,4,7.636504650115967
SASRec,2008,2008-12-31,126674,48780,5,7.490575790405273
SASRec,2008,2008-12-31,126674,54272,6,7.4594950675964355
SASRec,2008,2008-12-31,126674,48774,7,7.413419246673584
SASRec,2008,2008-12-31,126674,54001,8,7.331213474273682
SASRec,2008,2008-12-31,126674,54286,9,7.327651023864746
SASRec,2008,2008-12-31,126674,41569,10,7.299025535583496
SASRec,2008,2008-12-31,126858,32587,1,7.001844882965088
SASRec,2008,2008-12-31,126858,41566,2,6.867319583892822
SASRec,2008,2008-12-31,126858,34405,3,6.5144267082214355
SASRec,2008,2008-12-31,126858,49272,4,6.504868984222412
SASRec,2008,2008-12-31,126858,8949,5,6.476722717285156
SASRec,2008,2008-12-31,126858,33615,6,6.47097635269165
SASRec,2008,2008-12-31,126858,41569,7,6.431378364562988
SASRec,2008,2008-12-31,126858,33166,8,6.430212020874023
SASRec,2008,2008-12-31,126858,38038,9,6.379782199859619
SASRec,2008,2008-12-31,126858,45431,10,6.341747283935547
SASRec,2008,2008-12-31,127103,2557,1,4.663092136383057
SASRec,2008,2008-12-31,127103,6023,2,4.518979072570801
SASRec,2008,2008-12-31,127103,4902,3,4.5029683113098145
SASRec,2008,2008-12-31,127103,5633,4,4.365585803985596
SASRec,2008,2008-12-31,127103,7763,5,4.315584659576416
SASRec,2008,2008-12-31,127103,7460,6,4.241138935089111
SASRec,2008,2008-12-31,127103,6869,7,4.226710319519043
SASRec,2008,2008-12-31,127103,31437,8,4.191818714141846
SASRec,2008,2008-12-31,127103,27722,9,4.164546489715576
SASRec,2008,2008-12-31,127103,8738,10,4.145419120788574
SASRec,2008,2008-12-31,127340,2167,1,7.04866361618042
SASRec,2008,2008-12-31,127340,1597,2,7.031180381774902
SASRec,2008,2008-12-31,127340,2001,3,6.826016426086426
SASRec,2008,2008-12-31,127340,2273,4,6.736863136291504
SASRec,2008,2008-12-31,127340,3033,5,6.558185577392578
SASRec,2008,2008-12-31,127340,145,6,6.51224422454834
SASRec,2008,2008-12-31,127340,1485,7,6.499253273010254
SASRec,2008,2008-12-31,127340,4995,8,6.496372222900391
SASRec,2008,2008-12-31,127340,1372,9,6.482095241546631
SASRec,2008,2008-12-31,127340,2115,10,6.356602668762207
SASRec,2008,2008-12-31,127454,32587,1,7.904991626739502
SASRec,2008,2008-12-31,127454,41566,2,7.786042213439941
SASRec,2008,2008-12-31,127454,8636,3,7.671270370483398
SASRec,2008,2008-12-31,127454,40815,4,7.659556865692139
SASRec,2008,2008-12-31,127454,33794,5,7.3973708152771
SASRec,2008,2008-12-31,127454,8368,6,7.388228893280029
SASRec,2008,2008-12-31,127454,8665,7,7.375410079956055
SASRec,2008,2008-12-31,127454,34162,8,7.342561721801758
SASRec,2008,2008-12-31,127454,8970,9,7.25904655456543
SASRec,2008,2008-12-31,127454,7438,10,7.165713787078857
SASRec,2008,2008-12-31,127722,45447,1,6.9684906005859375
SASRec,2008,2008-12-31,127722,41569,2,6.839906692504883
SASRec,2008,2008-12-31,127722,44022,3,6.736469745635986
SASRec,2008,2008-12-31,127722,39446,4,6.698507308959961
SASRec,2008,2008-12-31,127722,8957,5,6.632589340209961
SASRec,2008,2008-12-31,127722,54272,6,6.39960241317749
SASRec,2008,2008-12-31,127722,33615,7,6.323138236999512
SASRec,2008,2008-12-31,127722,42723,8,6.320860862731934
SASRec,2008,2008-12-31,127722,45666,9,6.256218433380127
SASRec,2008,2008-12-31,127722,48877,10,6.236568450927734
SASRec,2008,2008-12-31,127861,54001,1,7.552356719970703
SASRec,2008,2008-12-31,127861,44191,2,7.382077693939209
SASRec,2008,2008-12-31,127861,48385,3,7.238454341888428
SASRec,2008,2008-12-31,127861,49530,4,7.226256847381592
SASRec,2008,2008-12-31,127861,49286,5,7.22413444519043
SASRec,2008,2008-12-31,127861,54286,6,7.1390228271484375
SASRec,2008,2008-12-31,127861,52722,7,7.057084083557129
SASRec,2008,2008-12-31,127861,48516,8,6.969282150268555
SASRec,2008,2008-12-31,127861,48780,9,6.872255802154541
SASRec,2008,2008-12-31,127861,53972,10,6.869260787963867
SASRec,2008,2008-12-31,127901,44191,1,8.885587692260742
SASRec,2008,2008-12-31,127901,48516,2,8.371540069580078
SASRec,2008,2008-12-31,127901,49272,3,8.26156997680664
SASRec,2008,2008-12-31,127901,48780,4,8.012718200683594
SASRec,2008,2008-12-31,127901,32587,5,7.921124458312988
SASRec,2008,2008-12-31,127901,33794,6,7.608898162841797
SASRec,2008,2008-12-31,127901,48774,7,7.548685550689697
SASRec,2008,2008-12-31,127901,318,8,7.539516448974609
SASRec,2008,2008-12-31,127901,54286,9,7.510937690734863
SASRec,2008,2008-12-31,127901,33660,10,7.2539381980896
SASRec,2008,2008-12-31,127959,46578,1,6.953059196472168
SASRec,2008,2008-12-31,127959,48394,2,6.892365455627441
SASRec,2008,2008-12-31,127959,48774,3,6.660769462585449
SASRec,2008,2008-12-31,127959,37741,4,6.630502700805664
SASRec,2008,2008-12-31,127959,44191,5,6.5231428146362305
SASRec,2008,2008-12-31,127959,45950,6,6.515822887420654
SASRec,2008,2008-12-31,127959,46976,7,6.509568691253662
SASRec,2008,2008-12-31,127959,30749,8,6.457681179046631
SASRec,2008,2008-12-31,127959,27773,9,6.453978538513184
SASRec,2008,2008-12-31,127959,48516,10,6.3840436935424805
SASRec,2008,2008-12-31,128347,1175,1,7.511359214782715
SASRec,2008,2008-12-31,128347,29,2,7.391170501708984
SASRec,2008,2008-12-31,128347,2542,3,7.0786519050598145
SASRec,2008,2008-12-31,128347,2692,4,6.970721244812012
SASRec,2008,2008-12-31,128347,2288,5,6.745138645172119
SASRec,2008,2008-12-31,128347,4878,6,6.710203170776367
SASRec,2008,2008-12-31,128347,2571,7,6.600569725036621
SASRec,2008,2008-12-31,128347,589,8,6.581212043762207
SASRec,2008,2008-12-31,128347,778,9,6.5392255783081055
SASRec,2008,2008-12-31,128347,2329,10,6.452301979064941
SASRec,2008,2008-12-31,128710,44191,1,7.6225175857543945
SASRec,2008,2008-12-31,128710,32587,2,7.37865686416626
SASRec,2008,2008-12-31,128710,46578,3,7.262677192687988
SASRec,2008,2008-12-31,128710,48385,4,7.012470245361328
SASRec,2008,2008-12-31,128710,45447,5,7.001365661621094
SASRec,2008,2008-12-31,128710,4011,6,6.970556259155273
SASRec,2008,2008-12-31,128710,4993,7,6.926449775695801
SASRec,2008,2008-12-31,128710,4306,8,6.867577075958252
SASRec,2008,2008-12-31,128710,296,9,6.8306965827941895
SASRec,2008,2008-12-31,128710,49272,10,6.671504020690918
SASRec,2008,2008-12-31,128793,48696,1,6.335351943969727
SASRec,2008,2008-12-31,128793,37741,2,6.298630714416504
SASRec,2008,2008-12-31,128793,38886,3,6.082799911499023
SASRec,2008,2008-12-31,128793,30749,4,5.789987087249756
SASRec,2008,2008-12-31,128793,44555,5,5.78552770614624
SASRec,2008,2008-12-31,128793,36535,6,5.704422950744629
SASRec,2008,2008-12-31,128793,41285,7,5.681299209594727
SASRec,2008,2008-12-31,128793,39183,8,5.658461570739746
SASRec,2008,2008-12-31,128793,48738,9,5.492898941040039
SASRec,2008,2008-12-31,128793,47629,10,5.475052833557129
SASRec,2008,2008-12-31,129190,32587,1,7.794877052307129
SASRec,2008,2008-12-31,129190,44191,2,7.545092582702637
SASRec,2008,2008-12-31,129190,8950,3,7.433673858642578
SASRec,2008,2008-12-31,129190,30749,4,7.325214862823486
SASRec,2008,2008-12-31,129190,46578,5,7.038900852203369
SASRec,2008,2008-12-31,129190,4235,6,7.005497932434082
SASRec,2008,2008-12-31,129190,33166,7,6.984756946563721
SASRec,2008,2008-12-31,129190,8949,8,6.983894348144531
SASRec,2008,2008-12-31,129190,4878,9,6.858348846435547
SASRec,2008,2008-12-31,129190,608,10,6.842879772186279
SASRec,2008,2008-12-31,129282,51255,1,8.487947463989258
SASRec,2008,2008-12-31,129282,54272,2,8.252470970153809
SASRec,2008,2008-12-31,129282,53972,3,8.100435256958008
SASRec,2008,2008-12-31,129282,54001,4,8.032505989074707
SASRec,2008,2008-12-31,129282,49272,5,7.99972677230835
SASRec,2008,2008-12-31,129282,50872,6,7.994225025177002
SASRec,2008,2008-12-31,129282,53125,7,7.977272033691406
SASRec,2008,2008-12-31,129282,51077,8,7.92339563369751
SASRec,2008,2008-12-31,129282,54503,9,7.853366851806641
SASRec,2008,2008-12-31,129282,53000,10,7.754733085632324
SASRec,2008,2008-12-31,129299,43928,1,7.982504844665527
SASRec,2008,2008-12-31,129299,52644,2,7.574767589569092
SASRec,2008,2008-12-31,129299,51077,3,7.343260765075684
SASRec,2008,2008-12-31,129299,43932,4,7.288478851318359
SASRec,2008,2008-12-31,129299,43679,5,7.2835798263549805
SASRec,2008,2008-12-31,129299,55245,6,7.203958511352539
SASRec,2008,2008-12-31,129299,50794,7,7.092376232147217
SASRec,2008,2008-12-31,129299,50800,8,7.091775417327881
SASRec,2008,2008-12-31,129299,48142,9,7.070277214050293
SASRec,2008,2008-12-31,129299,50806,10,6.999312400817871
SASRec,2008,2008-12-31,129420,595,1,5.267067909240723
SASRec,2008,2008-12-31,129420,2291,2,5.153486251831055
SASRec,2008,2008-12-31,129420,1517,3,4.890083312988281
SASRec,2008,2008-12-31,129420,45447,4,4.8856520652771
SASRec,2008,2008-12-31,129420,2355,5,4.865180015563965
SASRec,2008,2008-12-31,129420,41566,6,4.81613302230835
SASRec,2008,2008-12-31,129420,30793,7,4.76742696762085
SASRec,2008,2008-12-31,129420,745,8,4.748939514160156
SASRec,2008,2008-12-31,129420,33493,9,4.725029468536377
SASRec,2008,2008-12-31,129420,4014,10,4.710726261138916
SASRec,2008,2008-12-31,129909,27773,1,7.42022180557251
SASRec,2008,2008-12-31,129909,7361,2,7.359364032745361
SASRec,2008,2008-12-31,129909,44191,3,7.304505348205566
SASRec,2008,2008-12-31,129909,7022,4,7.0485334396362305
SASRec,2008,2008-12-31,129909,8950,5,7.040996074676514
SASRec,2008,2008-12-31,129909,8874,6,6.749109745025635
SASRec,2008,2008-12-31,129909,8949,7,6.7448248863220215
SASRec,2008,2008-12-31,129909,4878,8,6.727173805236816
SASRec,2008,2008-12-31,129909,30749,9,6.5525970458984375
SASRec,2008,2008-12-31,129909,34405,10,6.551873683929443
SASRec,2008,2008-12-31,130244,593,1,7.839927673339844
SASRec,2008,2008-12-31,130244,1193,2,7.178099632263184
SASRec,2008,2008-12-31,130244,912,3,7.130334854125977
SASRec,2008,2008-12-31,130244,7361,4,7.105654716491699
SASRec,2008,2008-12-31,130244,111,5,6.9947686195373535
SASRec,2008,2008-12-31,130244,30749,6,6.94185209274292
SASRec,2008,2008-12-31,130244,750,7,6.885711193084717
SASRec,2008,2008-12-31,130244,1196,8,6.831068515777588
SASRec,2008,2008-12-31,130244,904,9,6.776937007904053
SASRec,2008,2008-12-31,130244,1213,10,6.7299909591674805
SASRec,2008,2008-12-31,130510,3827,1,5.102685451507568
SASRec,2008,2008-12-31,130510,4232,2,4.804126739501953
SASRec,2008,2008-12-31,130510,5110,3,4.270094394683838
SASRec,2008,2008-12-31,130510,4054,4,4.257331848144531
SASRec,2008,2008-12-31,130510,4238,5,4.232696056365967
SASRec,2008,2008-12-31,130510,4069,6,4.229109764099121
SASRec,2008,2008-12-31,130510,5944,7,4.124251842498779
SASRec,2008,2008-12-31,130510,3275,8,4.120485782623291
SASRec,2008,2008-12-31,130510,5527,9,4.04607629776001
SASRec,2008,2008-12-31,130510,4033,10,4.025285243988037
SASRec,2008,2008-12-31,130551,34405,1,6.770059585571289
SASRec,2008,2008-12-31,130551,44191,2,6.65838623046875
SASRec,2008,2008-12-31,130551,7022,3,6.603336811065674
SASRec,2008,2008-12-31,130551,36529,4,6.556742191314697
SASRec,2008,2008-12-31,130551,27773,5,6.433737277984619
SASRec,2008,2008-12-31,130551,8957,6,6.265489101409912
SASRec,2008,2008-12-31,130551,33166,7,6.150500297546387
SASRec,2008,2008-12-31,130551,34048,8,6.052275657653809
SASRec,2008,2008-12-31,130551,4011,9,6.018538475036621
SASRec,2008,2008-12-31,130551,8949,10,5.902523994445801
SASRec,2008,2008-12-31,130620,52722,1,7.777988910675049
SASRec,2008,2008-12-31,130620,54286,2,7.760404586791992
SASRec,2008,2008-12-31,130620,50794,3,7.705470085144043
SASRec,2008,2008-12-31,130620,54001,4,7.685105800628662
SASRec,2008,2008-12-31,130620,53972,5,7.68013858795166
SASRec,2008,2008-12-31,130620,54272,6,7.664603233337402
SASRec,2008,2008-12-31,130620,53322,7,7.582529544830322
SASRec,2008,2008-12-31,130620,52328,8,7.550612449645996
SASRec,2008,2008-12-31,130620,52245,9,7.468905448913574
SASRec,2008,2008-12-31,130620,51255,10,7.439126968383789
SASRec,2008,2008-12-31,130709,592,1,7.028878211975098
SASRec,2008,2008-12-31,130709,589,2,6.89370059967041
SASRec,2008,2008-12-31,130709,733,3,6.283533096313477
SASRec,2008,2008-12-31,130709,356,4,6.251987457275391
SASRec,2008,2008-12-31,130709,1240,5,6.243399620056152
SASRec,2008,2008-12-31,130709,1196,6,6.182446479797363
SASRec,2008,2008-12-31,130709,4085,7,6.057123184204102
SASRec,2008,2008-12-31,130709,2000,8,6.036321640014648
SASRec,2008,2008-12-31,130709,32,9,6.020390033721924
SASRec,2008,2008-12-31,130709,1,10,6.011602878570557
SASRec,2008,2008-12-31,130839,44191,1,7.944479465484619
SASRec,2008,2008-12-31,130839,49272,2,7.7301926612854
SASRec,2008,2008-12-31,130839,48780,3,7.544704437255859
SASRec,2008,2008-12-31,130839,44195,4,7.166024208068848
SASRec,2008,2008-12-31,130839,48394,5,7.074278354644775
SASRec,2008,2008-12-31,130839,33166,6,7.004148960113525
SASRec,2008,2008-12-31,130839,32587,7,6.990213394165039
SASRec,2008,2008-12-31,130839,48774,8,6.9644551277160645
SASRec,2008,2008-12-31,130839,44199,9,6.946567058563232
SASRec,2008,2008-12-31,130839,54272,10,6.929721832275391
SASRec,2008,2008-12-31,130939,45447,1,7.783116340637207
SASRec,2008,2008-12-31,130939,45668,2,7.5574140548706055
SASRec,2008,2008-12-31,130939,45720,3,7.30784797668457
SASRec,2008,2008-12-31,130939,44191,4,7.272881984710693
SASRec,2008,2008-12-31,130939,41569,5,7.213655471801758
SASRec,2008,2008-12-31,130939,45666,6,7.139521598815918
SASRec,2008,2008-12-31,130939,41566,7,7.129186153411865
SASRec,2008,2008-12-31,130939,46970,8,6.998292446136475
SASRec,2008,2008-12-31,130939,49286,9,6.965685844421387
SASRec,2008,2008-12-31,130939,52722,10,6.9251861572265625
SASRec,2008,2008-12-31,131023,6852,1,7.1693525314331055
SASRec,2008,2008-12-31,131023,6620,2,6.8492207527160645
SASRec,2008,2008-12-31,131023,6331,3,6.444251537322998
SASRec,2008,2008-12-31,131023,7156,4,6.294833183288574
SASRec,2008,2008-12-31,131023,6552,5,6.246283531188965
SASRec,2008,2008-12-31,131023,6380,6,6.20068359375
SASRec,2008,2008-12-31,131023,6858,7,6.106210231781006
SASRec,2008,2008-12-31,131023,6538,8,6.100511074066162
SASRec,2008,2008-12-31,131023,6773,9,6.08906888961792
SASRec,2008,2008-12-31,131023,6953,10,6.080387592315674
SASRec,2008,2008-12-31,131294,46578,1,7.568046569824219
SASRec,2008,2008-12-31,131294,46976,2,7.26729154586792
SASRec,2008,2008-12-31,131294,50068,3,7.207333564758301
SASRec,2008,2008-12-31,131294,48394,4,7.188140869140625
SASRec,2008,2008-12-31,131294,47950,5,7.141934871673584
SASRec,2008,2008-12-31,131294,48696,6,7.095591068267822
SASRec,2008,2008-12-31,131294,51255,7,7.074016571044922
SASRec,2008,2008-12-31,131294,51540,8,6.961363315582275
SASRec,2008,2008-12-31,131294,54503,9,6.957711696624756
SASRec,2008,2008-12-31,131294,50872,10,6.934082508087158
SASRec,2008,2008-12-31,131385,318,1,10.999274253845215
SASRec,2008,2008-12-31,131385,50,2,10.896139144897461
SASRec,2008,2008-12-31,131385,364,3,10.764422416687012
SASRec,2008,2008-12-31,131385,231,4,10.447385787963867
SASRec,2008,2008-12-31,131385,434,5,10.39797592163086
SASRec,2008,2008-12-31,131385,10,6,10.381336212158203
SASRec,2008,2008-12-31,131385,185,7,10.362761497497559
SASRec,2008,2008-12-31,131385,153,8,10.099676132202148
SASRec,2008,2008-12-31,131385,457,9,10.043404579162598
SASRec,2008,2008-12-31,131385,34,10,9.942766189575195
SASRec,2008,2008-12-31,131405,3755,1,6.961704254150391
SASRec,2008,2008-12-31,131405,3717,2,6.892227649688721
SASRec,2008,2008-12-31,131405,4025,3,6.513628959655762
SASRec,2008,2008-12-31,131405,3301,4,6.472877025604248
SASRec,2008,2008-12-31,131405,3535,5,6.321069717407227
SASRec,2008,2008-12-31,131405,4447,6,6.282695770263672
SASRec,2008,2008-12-31,131405,4246,7,6.266626358032227
SASRec,2008,2008-12-31,131405,4718,8,6.230060577392578
SASRec,2008,2008-12-31,131405,4299,9,6.214927673339844
SASRec,2008,2008-12-31,131405,3785,10,6.169563293457031
SASRec,2008,2008-12-31,131563,8459,1,6.53471565246582
SASRec,2008,2008-12-31,131563,25954,2,6.462194919586182
SASRec,2008,2008-12-31,131563,30749,3,6.419229984283447
SASRec,2008,2008-12-31,131563,8338,4,6.334573745727539
SASRec,2008,2008-12-31,131563,25856,5,6.328089714050293
SASRec,2008,2008-12-31,131563,25940,6,6.300375938415527
SASRec,2008,2008-12-31,131563,7820,7,6.290698528289795
SASRec,2008,2008-12-31,131563,26148,8,6.253298282623291
SASRec,2008,2008-12-31,131563,37741,9,6.205180644989014
SASRec,2008,2008-12-31,131563,8751,10,6.200201988220215
SASRec,2008,2008-12-31,131837,50798,1,7.8607940673828125
SASRec,2008,2008-12-31,131837,51077,2,7.616555690765381
SASRec,2008,2008-12-31,131837,52644,3,7.226743698120117
SASRec,2008,2008-12-31,131837,52328,4,7.204895973205566
SASRec,2008,2008-12-31,131837,53972,5,7.196141719818115
SASRec,2008,2008-12-31,131837,53464,6,6.802364349365234
SASRec,2008,2008-12-31,131837,52245,7,6.802267074584961
SASRec,2008,2008-12-31,131837,50806,8,6.745473384857178
SASRec,2008,2008-12-31,131837,51939,9,6.709290981292725
SASRec,2008,2008-12-31,131837,51086,10,6.593419075012207
SASRec,2008,2008-12-31,132230,3948,1,8.471572875976562
SASRec,2008,2008-12-31,132230,2502,2,8.234827041625977
SASRec,2008,2008-12-31,132230,4022,3,8.218445777893066
SASRec,2008,2008-12-31,132230,370,4,8.195531845092773
SASRec,2008,2008-12-31,132230,4034,5,8.061800956726074
SASRec,2008,2008-12-31,132230,2617,6,8.031354904174805
SASRec,2008,2008-12-31,132230,3481,7,7.884799957275391
SASRec,2008,2008-12-31,132230,3623,8,7.840997695922852
SASRec,2008,2008-12-31,132230,466,9,7.82743501663208
SASRec,2008,2008-12-31,132230,1485,10,7.791496276855469
SASRec,2008,2008-12-31,132365,30749,1,6.926847457885742
SASRec,2008,2008-12-31,132365,6023,2,6.7412028312683105
SASRec,2008,2008-12-31,132365,37741,3,6.688013553619385
SASRec,2008,2008-12-31,132365,6787,4,6.686045169830322
SASRec,2008,2008-12-31,132365,3435,5,6.584955215454102
SASRec,2008,2008-12-31,132365,3730,6,6.524274826049805
SASRec,2008,2008-12-31,132365,922,7,6.517574787139893
SASRec,2008,2008-12-31,132365,7234,8,6.3214263916015625
SASRec,2008,2008-12-31,132365,26131,9,6.2938923835754395
SASRec,2008,2008-12-31,132365,6987,10,6.184138774871826
SASRec,2008,2008-12-31,132613,4388,1,6.669820785522461
SASRec,2008,2008-12-31,132613,39446,2,6.156756401062012
SASRec,2008,2008-12-31,132613,6888,3,6.023518085479736
SASRec,2008,2008-12-31,132613,8985,4,5.905031204223633
SASRec,2008,2008-12-31,132613,8861,5,5.848308563232422
SASRec,2008,2008-12-31,132613,7454,6,5.806658744812012
SASRec,2008,2008-12-31,132613,6058,7,5.780819416046143
SASRec,2008,2008-12-31,132613,5110,8,5.740087032318115
SASRec,2008,2008-12-31,132613,8810,9,5.676265716552734
SASRec,2008,2008-12-31,132613,31696,10,5.588672637939453
SASRec,2008,2008-12-31,132634,41566,1,7.397271633148193
SASRec,2008,2008-12-31,132634,44191,2,7.265643119812012
SASRec,2008,2008-12-31,132634,46578,3,7.098168849945068
SASRec,2008,2008-12-31,132634,41569,4,6.868820667266846
SASRec,2008,2008-12-31,132634,8970,5,6.8021626472473145
SASRec,2008,2008-12-31,132634,32587,6,6.750363826751709
SASRec,2008,2008-12-31,132634,33166,7,6.611239910125732
SASRec,2008,2008-12-31,132634,30749,8,6.608348369598389
SASRec,2008,2008-12-31,132634,49272,9,6.535131454467773
SASRec,2008,2008-12-31,132634,34405,10,6.484262466430664
SASRec,2008,2008-12-31,133117,46578,1,6.601097583770752
SASRec,2008,2008-12-31,133117,37741,2,6.309432029724121
SASRec,2008,2008-12-31,133117,48696,3,6.271819114685059
SASRec,2008,2008-12-31,133117,46976,4,6.1763811111450195
SASRec,2008,2008-12-31,133117,48774,5,6.13448429107666
SASRec,2008,2008-12-31,133117,41285,6,6.04597282409668
SASRec,2008,2008-12-31,133117,36535,7,6.043123245239258
SASRec,2008,2008-12-31,133117,45950,8,6.024827480316162
SASRec,2008,2008-12-31,133117,39183,9,5.988036632537842
SASRec,2008,2008-12-31,133117,44761,10,5.865542888641357
SASRec,2008,2008-12-31,133392,50798,1,7.515389919281006
SASRec,2008,2008-12-31,133392,51077,2,7.373394966125488
SASRec,2008,2008-12-31,133392,52644,3,7.3519697189331055
SASRec,2008,2008-12-31,133392,49286,4,7.290942192077637
SASRec,2008,2008-12-31,133392,45666,5,7.200336456298828
SASRec,2008,2008-12-31,133392,52245,6,7.163957595825195
SASRec,2008,2008-12-31,133392,48520,7,7.1221184730529785
SASRec,2008,2008-12-31,133392,52328,8,7.0349531173706055
SASRec,2008,2008-12-31,133392,47200,9,7.0195441246032715
SASRec,2008,2008-12-31,133392,45668,10,6.993982315063477
SASRec,2008,2008-12-31,133746,8949,1,5.975465774536133
SASRec,2008,2008-12-31,133746,30810,2,5.627040386199951
SASRec,2008,2008-12-31,133746,8622,3,5.248003959655762
SASRec,2008,2008-12-31,133746,8981,4,5.094335556030273
SASRec,2008,2008-12-31,133746,8873,5,5.039346694946289
SASRec,2008,2008-12-31,133746,30812,6,5.0210723876953125
SASRec,2008,2008-12-31,133746,8966,7,4.951511859893799
SASRec,2008,2008-12-31,133746,32587,8,4.945571422576904
SASRec,2008,2008-12-31,133746,8910,9,4.9352850914001465
SASRec,2008,2008-12-31,133746,33166,10,4.906280994415283
SASRec,2008,2008-12-31,133930,30898,1,6.1179375648498535
SASRec,2008,2008-12-31,133930,8833,2,6.00459098815918
SASRec,2008,2008-12-31,133930,8943,3,5.997011184692383
SASRec,2008,2008-12-31,133930,39414,4,5.9826765060424805
SASRec,2008,2008-12-31,133930,8813,5,5.9698686599731445
SASRec,2008,2008-12-31,133930,33669,6,5.906047821044922
SASRec,2008,2008-12-31,133930,7151,7,5.74404239654541
SASRec,2008,2008-12-31,133930,8916,8,5.690090179443359
SASRec,2008,2008-12-31,133930,32598,9,5.648904800415039
SASRec,2008,2008-12-31,133930,36477,10,5.62061882019043
SASRec,2008,2008-12-31,134001,48516,1,7.930294513702393
SASRec,2008,2008-12-31,134001,32587,2,7.743653774261475
SASRec,2008,2008-12-31,134001,858,3,7.598850250244141
SASRec,2008,2008-12-31,134001,46578,4,7.567287921905518
SASRec,2008,2008-12-31,134001,589,5,7.41164493560791
SASRec,2008,2008-12-31,134001,50,6,7.3475751876831055
SASRec,2008,2008-12-31,134001,457,7,7.14765739440918
SASRec,2008,2008-12-31,134001,54001,8,7.07875919342041
SASRec,2008,2008-12-31,134001,52722,9,7.027116775512695
SASRec,2008,2008-12-31,134001,1210,10,7.000102996826172
SASRec,2008,2008-12-31,134076,54286,1,8.465836524963379
SASRec,2008,2008-12-31,134076,53972,2,8.184469223022461
SASRec,2008,2008-12-31,134076,46578,3,8.152555465698242
SASRec,2008,2008-12-31,134076,49530,4,8.100518226623535
SASRec,2008,2008-12-31,134076,54001,5,8.057520866394043
SASRec,2008,2008-12-31,134076,49272,6,8.038244247436523
SASRec,2008,2008-12-31,134076,48516,7,7.971886157989502
SASRec,2008,2008-12-31,134076,48385,8,7.964755535125732
SASRec,2008,2008-12-31,134076,51255,9,7.923296928405762
SASRec,2008,2008-12-31,134076,44191,10,7.855779647827148
SASRec,2008,2008-12-31,134327,46578,1,8.380436897277832
SASRec,2008,2008-12-31,134327,858,2,7.713521480560303
SASRec,2008,2008-12-31,134327,54272,3,7.348542213439941
SASRec,2008,2008-12-31,134327,54286,4,7.331740379333496
SASRec,2008,2008-12-31,134327,30749,5,7.129909992218018
SASRec,2008,2008-12-31,134327,51255,6,7.0540266036987305
SASRec,2008,2008-12-31,134327,44195,7,7.039713382720947
SASRec,2008,2008-12-31,134327,44199,8,6.993044853210449
SASRec,2008,2008-12-31,134327,34405,9,6.836050510406494
SASRec,2008,2008-12-31,134327,7361,10,6.833408355712891
SASRec,2008,2008-12-31,134403,52328,1,7.727739334106445
SASRec,2008,2008-12-31,134403,52245,2,7.524415016174316
SASRec,2008,2008-12-31,134403,52644,3,7.459106922149658
SASRec,2008,2008-12-31,134403,53464,4,7.398378372192383
SASRec,2008,2008-12-31,134403,55765,5,7.124222278594971
SASRec,2008,2008-12-31,134403,49793,6,7.118298053741455
SASRec,2008,2008-12-31,134403,51931,7,7.03974723815918
SASRec,2008,2008-12-31,134403,52975,8,6.926883697509766
SASRec,2008,2008-12-31,134403,51086,9,6.915767669677734
SASRec,2008,2008-12-31,134403,51925,10,6.866063594818115
SASRec,2008,2008-12-31,134559,46976,1,7.5814104080200195
SASRec,2008,2008-12-31,134559,47629,2,7.387369155883789
SASRec,2008,2008-12-31,134559,48696,3,7.141970634460449
SASRec,2008,2008-12-31,134559,50872,4,7.140437126159668
SASRec,2008,2008-12-31,134559,47950,5,6.757366180419922
SASRec,2008,2008-12-31,134559,52375,6,6.720841407775879
SASRec,2008,2008-12-31,134559,52722,7,6.700314044952393
SASRec,2008,2008-12-31,134559,52973,8,6.690718173980713
SASRec,2008,2008-12-31,134559,49824,9,6.641773223876953
SASRec,2008,2008-12-31,134559,47610,10,6.580686569213867
SASRec,2008,2008-12-31,134664,52722,1,7.748594284057617
SASRec,2008,2008-12-31,134664,54286,2,7.631924152374268
SASRec,2008,2008-12-31,134664,45668,3,7.5472612380981445
SASRec,2008,2008-12-31,134664,53322,4,7.35385799407959
SASRec,2008,2008-12-31,134664,53125,5,7.263227462768555
SASRec,2008,2008-12-31,134664,50794,6,7.246832847595215
SASRec,2008,2008-12-31,134664,46976,7,7.239491939544678
SASRec,2008,2008-12-31,134664,52245,8,7.1768717765808105
SASRec,2008,2008-12-31,134664,48783,9,7.147782325744629
SASRec,2008,2008-12-31,134664,51077,10,7.126395225524902
SASRec,2008,2008-12-31,134783,46578,1,7.398678302764893
SASRec,2008,2008-12-31,134783,45950,2,6.773397445678711
SASRec,2008,2008-12-31,134783,50068,3,6.740738868713379
SASRec,2008,2008-12-31,134783,48696,4,6.643151760101318
SASRec,2008,2008-12-31,134783,54286,5,6.573759078979492
SASRec,2008,2008-12-31,134783,26148,6,6.559880256652832
SASRec,2008,2008-12-31,134783,44555,7,6.429619789123535
SASRec,2008,2008-12-31,134783,47950,8,6.382052421569824
SASRec,2008,2008-12-31,134783,54272,9,6.373741626739502
SASRec,2008,2008-12-31,134783,51255,10,6.344099521636963
SASRec,2008,2008-12-31,134871,45447,1,7.136268138885498
SASRec,2008,2008-12-31,134871,46578,2,6.784035682678223
SASRec,2008,2008-12-31,134871,54001,3,6.578059673309326
SASRec,2008,2008-12-31,134871,40815,4,6.57121467590332
SASRec,2008,2008-12-31,134871,45668,5,6.465747356414795
SASRec,2008,2008-12-31,134871,49286,6,6.459846496582031
SASRec,2008,2008-12-31,134871,41566,7,6.335832595825195
SASRec,2008,2008-12-31,134871,42011,8,6.320907115936279
SASRec,2008,2008-12-31,134871,44191,9,6.275981426239014
SASRec,2008,2008-12-31,134871,45501,10,6.261921405792236
SASRec,2008,2008-12-31,134873,46578,1,6.672112464904785
SASRec,2008,2008-12-31,134873,44191,2,6.62880802154541
SASRec,2008,2008-12-31,134873,48385,3,6.4816412925720215
SASRec,2008,2008-12-31,134873,48774,4,6.435906887054443
SASRec,2008,2008-12-31,134873,48394,5,6.400712013244629
SASRec,2008,2008-12-31,134873,48516,6,6.2801032066345215
SASRec,2008,2008-12-31,134873,45447,7,6.274025917053223
SASRec,2008,2008-12-31,134873,41569,8,6.075173377990723
SASRec,2008,2008-12-31,134873,48780,9,5.9811248779296875
SASRec,2008,2008-12-31,134873,32587,10,5.941590309143066
SASRec,2008,2008-12-31,134927,2683,1,7.429387092590332
SASRec,2008,2008-12-31,134927,2617,2,7.260496139526367
SASRec,2008,2008-12-31,134927,1407,3,6.975216865539551
SASRec,2008,2008-12-31,134927,2959,4,6.761190891265869
SASRec,2008,2008-12-31,134927,2987,5,6.744140625
SASRec,2008,2008-12-31,134927,2571,6,6.6771416664123535
SASRec,2008,2008-12-31,134927,1517,7,6.663689613342285
SASRec,2008,2008-12-31,134927,3176,8,6.646087169647217
SASRec,2008,2008-12-31,134927,2502,9,6.64604377746582
SASRec,2008,2008-12-31,134927,2011,10,6.591663837432861
SASRec,2008,2008-12-31,135098,52722,1,7.025291919708252
SASRec,2008,2008-12-31,135098,54001,2,6.792313098907471
SASRec,2008,2008-12-31,135098,54286,3,6.746716499328613
SASRec,2008,2008-12-31,135098,50794,4,6.693589210510254
SASRec,2008,2008-12-31,135098,49272,5,6.653738975524902
SASRec,2008,2008-12-31,135098,53972,6,6.584717750549316
SASRec,2008,2008-12-31,135098,46970,7,6.510583877563477
SASRec,2008,2008-12-31,135098,53125,8,6.495721340179443
SASRec,2008,2008-12-31,135098,46976,9,6.4859089851379395
SASRec,2008,2008-12-31,135098,52245,10,6.454078674316406
SASRec,2008,2008-12-31,135220,46578,1,7.565724849700928
SASRec,2008,2008-12-31,135220,48516,2,6.905022144317627
SASRec,2008,2008-12-31,135220,54272,3,6.8480939865112305
SASRec,2008,2008-12-31,135220,48738,4,6.821598529815674
SASRec,2008,2008-12-31,135220,48082,5,6.7288103103637695
SASRec,2008,2008-12-31,135220,47610,6,6.700652599334717
SASRec,2008,2008-12-31,135220,48385,7,6.678297519683838
SASRec,2008,2008-12-31,135220,50068,8,6.664738178253174
SASRec,2008,2008-12-31,135220,54001,9,6.638845920562744
SASRec,2008,2008-12-31,135220,51540,10,6.638733863830566
SASRec,2008,2008-12-31,135352,4886,1,5.941708564758301
SASRec,2008,2008-12-31,135352,4310,2,5.654059410095215
SASRec,2008,2008-12-31,135352,4973,3,5.610908031463623
SASRec,2008,2008-12-31,135352,4223,4,5.395278453826904
SASRec,2008,2008-12-31,135352,5010,5,5.33045768737793
SASRec,2008,2008-12-31,135352,4011,6,5.312985420227051
SASRec,2008,2008-12-31,135352,45517,7,5.0804548263549805
SASRec,2008,2008-12-31,135352,3967,8,4.975316047668457
SASRec,2008,2008-12-31,135352,4367,9,4.820583820343018
SASRec,2008,2008-12-31,135352,3911,10,4.734952449798584
SASRec,2008,2008-12-31,135718,46578,1,7.202198028564453
SASRec,2008,2008-12-31,135718,40815,2,7.075841903686523
SASRec,2008,2008-12-31,135718,45447,3,6.997678279876709
SASRec,2008,2008-12-31,135718,45668,4,6.89913272857666
SASRec,2008,2008-12-31,135718,44191,5,6.693737030029297
SASRec,2008,2008-12-31,135718,44195,6,6.65910530090332
SASRec,2008,2008-12-31,135718,40629,7,6.610119342803955
SASRec,2008,2008-12-31,135718,41569,8,6.565472602844238
SASRec,2008,2008-12-31,135718,33166,9,6.546512603759766
SASRec,2008,2008-12-31,135718,30749,10,6.5282135009765625
SASRec,2008,2008-12-31,135965,45447,1,5.7348222732543945
SASRec,2008,2008-12-31,135965,41569,2,5.450982093811035
SASRec,2008,2008-12-31,135965,33493,3,5.373776912689209
SASRec,2008,2008-12-31,135965,8644,4,5.370497703552246
SASRec,2008,2008-12-31,135965,8961,5,5.343157768249512
SASRec,2008,2008-12-31,135965,8368,6,5.1980061531066895
SASRec,2008,2008-12-31,135965,33679,7,5.190617561340332
SASRec,2008,2008-12-31,135965,41566,8,5.175445556640625
SASRec,2008,2008-12-31,135965,40815,9,5.105076789855957
SASRec,2008,2008-12-31,135965,8970,10,5.031181335449219
SASRec,2008,2008-12-31,136078,30810,1,4.849116325378418
SASRec,2008,2008-12-31,136078,8957,2,4.577191352844238
SASRec,2008,2008-12-31,136078,7123,3,4.4381279945373535
SASRec,2008,2008-12-31,136078,33834,4,4.432858943939209
SASRec,2008,2008-12-31,136078,7361,5,4.390961170196533
SASRec,2008,2008-12-31,136078,7371,6,4.389278411865234
SASRec,2008,2008-12-31,136078,34405,7,4.340113639831543
SASRec,2008,2008-12-31,136078,8622,8,4.247621059417725
SASRec,2008,2008-12-31,136078,8949,9,4.179140090942383
SASRec,2008,2008-12-31,136078,8910,10,4.168451309204102
SASRec,2008,2008-12-31,136261,5816,1,7.234443187713623
SASRec,2008,2008-12-31,136261,4246,2,7.215051651000977
SASRec,2008,2008-12-31,136261,4308,3,6.9085917472839355
SASRec,2008,2008-12-31,136261,5991,4,6.862217903137207
SASRec,2008,2008-12-31,136261,4896,5,6.8511786460876465
SASRec,2008,2008-12-31,136261,1022,6,6.7878336906433105
SASRec,2008,2008-12-31,136261,4085,7,6.678372383117676
SASRec,2008,2008-12-31,136261,4361,8,6.665679931640625
SASRec,2008,2008-12-31,136261,3911,9,6.645265579223633
SASRec,2008,2008-12-31,136261,2161,10,6.6276092529296875
SASRec,2008,2008-12-31,136449,44191,1,9.644702911376953
SASRec,2008,2008-12-31,136449,32587,2,9.02394962310791
SASRec,2008,2008-12-31,136449,296,3,8.514323234558105
SASRec,2008,2008-12-31,136449,33794,4,8.29696273803711
SASRec,2008,2008-12-31,136449,46578,5,8.218098640441895
SASRec,2008,2008-12-31,136449,49272,6,8.162681579589844
SASRec,2008,2008-12-31,136449,8961,7,8.035979270935059
SASRec,2008,2008-12-31,136449,48385,8,8.025663375854492
SASRec,2008,2008-12-31,136449,48516,9,7.952845096588135
SASRec,2008,2008-12-31,136449,40815,10,7.923722743988037
SASRec,2008,2008-12-31,136589,44191,1,7.229420185089111
SASRec,2008,2008-12-31,136589,8949,2,6.668137073516846
SASRec,2008,2008-12-31,136589,30749,3,6.602823257446289
SASRec,2008,2008-12-31,136589,33794,4,6.598877906799316
SASRec,2008,2008-12-31,136589,33166,5,6.580178737640381
SASRec,2008,2008-12-31,136589,50,6,6.521327495574951
SASRec,2008,2008-12-31,136589,27773,7,6.454306125640869
SASRec,2008,2008-12-31,136589,8784,8,6.349454879760742
SASRec,2008,2008-12-31,136589,858,9,6.316250324249268
SASRec,2008,2008-12-31,136589,2692,10,6.289876937866211
SASRec,2008,2008-12-31,137287,54001,1,7.637873649597168
SASRec,2008,2008-12-31,137287,46578,2,7.634238243103027
SASRec,2008,2008-12-31,137287,45447,3,7.399527549743652
SASRec,2008,2008-12-31,137287,41569,4,7.261199951171875
SASRec,2008,2008-12-31,137287,40815,5,7.1216044425964355
SASRec,2008,2008-12-31,137287,41566,6,6.891031742095947
SASRec,2008,2008-12-31,137287,34405,7,6.841691017150879
SASRec,2008,2008-12-31,137287,48780,8,6.8204026222229
SASRec,2008,2008-12-31,137287,44195,9,6.808942794799805
SASRec,2008,2008-12-31,137287,46976,10,6.795201301574707
SASRec,2008,2008-12-31,138024,480,1,9.454863548278809
SASRec,2008,2008-12-31,138024,344,2,9.2644681930542
SASRec,2008,2008-12-31,138024,318,3,8.966178894042969
SASRec,2008,2008-12-31,138024,231,4,8.937704086303711
SASRec,2008,2008-12-31,138024,434,5,8.771968841552734
SASRec,2008,2008-12-31,138024,153,6,8.750164985656738
SASRec,2008,2008-12-31,138024,592,7,8.747366905212402
SASRec,2008,2008-12-31,138024,316,8,8.698516845703125
SASRec,2008,2008-12-31,138024,10,9,8.579044342041016
SASRec,2008,2008-12-31,138024,780,10,8.571609497070312
SASRec,2008,2008-12-31,138143,44191,1,7.705279350280762
SASRec,2008,2008-12-31,138143,54001,2,7.575294017791748
SASRec,2008,2008-12-31,138143,54286,3,7.5398383140563965
SASRec,2008,2008-12-31,138143,48516,4,7.537204265594482
SASRec,2008,2008-12-31,138143,48780,5,7.462215423583984
SASRec,2008,2008-12-31,138143,52722,6,7.457580089569092
SASRec,2008,2008-12-31,138143,46976,7,7.429590225219727
SASRec,2008,2008-12-31,138143,54272,8,7.422842502593994
SASRec,2008,2008-12-31,138143,48385,9,7.411808490753174
SASRec,2008,2008-12-31,138143,53972,10,7.365559101104736
SASRec,2008,2008-12-31,138161,48516,1,6.869058132171631
SASRec,2008,2008-12-31,138161,48385,2,6.807119369506836
SASRec,2008,2008-12-31,138161,46578,3,6.748492240905762
SASRec,2008,2008-12-31,138161,48394,4,6.598244667053223
SASRec,2008,2008-12-31,138161,54272,5,6.407295227050781
SASRec,2008,2008-12-31,138161,48774,6,6.348957061767578
SASRec,2008,2008-12-31,138161,52722,7,6.3201727867126465
SASRec,2008,2008-12-31,138161,45447,8,6.318153381347656
SASRec,2008,2008-12-31,138161,53972,9,6.288657188415527
SASRec,2008,2008-12-31,138161,51662,10,6.161956787109375
SASRec,2008,2008-12-31,138230,38886,1,6.223330974578857
SASRec,2008,2008-12-31,138230,48696,2,5.99704122543335
SASRec,2008,2008-12-31,138230,36535,3,5.982093334197998
SASRec,2008,2008-12-31,138230,37741,4,5.952090263366699
SASRec,2008,2008-12-31,138230,46976,5,5.88657283782959
SASRec,2008,2008-12-31,138230,39183,6,5.679943561553955
SASRec,2008,2008-12-31,138230,33819,7,5.649540424346924
SASRec,2008,2008-12-31,138230,46850,8,5.498491287231445
SASRec,2008,2008-12-31,138230,41285,9,5.451498985290527
SASRec,2008,2008-12-31,138230,40629,10,5.412991046905518
SASRec,2008,2008-12-31,138700,25850,1,7.046398639678955
SASRec,2008,2008-12-31,138700,26148,2,7.035467624664307
SASRec,2008,2008-12-31,138700,50872,3,6.909409046173096
SASRec,2008,2008-12-31,138700,47950,4,6.497381210327148
SASRec,2008,2008-12-31,138700,25788,5,6.464236259460449
SASRec,2008,2008-12-31,138700,48394,6,6.446980953216553
SASRec,2008,2008-12-31,138700,45950,7,6.442758560180664
SASRec,2008,2008-12-31,138700,46850,8,6.3991899490356445
SASRec,2008,2008-12-31,138700,54286,9,6.340054988861084
SASRec,2008,2008-12-31,138700,48738,10,6.323596477508545
SASRec,2008,2008-12-31,138867,2953,1,6.320226192474365
SASRec,2008,2008-12-31,138867,2720,2,6.151125907897949
SASRec,2008,2008-12-31,138867,2381,3,6.109281539916992
SASRec,2008,2008-12-31,138867,3439,4,6.039798259735107
SASRec,2008,2008-12-31,138867,2701,5,6.008255958557129
SASRec,2008,2008-12-31,138867,1556,6,5.856247901916504
SASRec,2008,2008-12-31,138867,3268,7,5.8085761070251465
SASRec,2008,2008-12-31,138867,3593,8,5.793039321899414
SASRec,2008,2008-12-31,138867,3826,9,5.588047504425049
SASRec,2008,2008-12-31,138867,2422,10,5.576406002044678
SASRec,2008,2008-12-31,138953,8972,1,6.13153600692749
SASRec,2008,2008-12-31,138953,8984,2,5.892190933227539
SASRec,2008,2008-12-31,138953,7458,3,5.670214653015137
SASRec,2008,2008-12-31,138953,35957,4,5.626060962677002
SASRec,2008,2008-12-31,138953,36519,5,5.510097026824951
SASRec,2008,2008-12-31,138953,8644,6,5.371429443359375
SASRec,2008,2008-12-31,138953,8361,7,5.360527515411377
SASRec,2008,2008-12-31,138953,45447,8,5.324894428253174
SASRec,2008,2008-12-31,138953,31221,9,5.232178211212158
SASRec,2008,2008-12-31,138953,33615,10,5.212348461151123
SASRec,2008,2008-12-31,139262,586,1,10.449517250061035
SASRec,2008,2008-12-31,139262,432,2,10.158157348632812
SASRec,2008,2008-12-31,139262,357,3,9.731191635131836
SASRec,2008,2008-12-31,139262,235,4,9.669267654418945
SASRec,2008,2008-12-31,139262,173,5,9.61655044555664
SASRec,2008,2008-12-31,139262,509,6,9.564867973327637
SASRec,2008,2008-12-31,139262,597,7,9.551114082336426
SASRec,2008,2008-12-31,139262,420,8,9.431857109069824
SASRec,2008,2008-12-31,139262,410,9,9.272830963134766
SASRec,2008,2008-12-31,139262,587,10,9.256847381591797
SASRec,2008,2008-12-31,139292,46578,1,8.098615646362305
SASRec,2008,2008-12-31,139292,54286,2,7.91426944732666
SASRec,2008,2008-12-31,139292,48516,3,7.516724586486816
SASRec,2008,2008-12-31,139292,45447,4,7.5031633377075195
SASRec,2008,2008-12-31,139292,45722,5,7.3834686279296875
SASRec,2008,2008-12-31,139292,48394,6,7.24964714050293
SASRec,2008,2008-12-31,139292,52722,7,7.197601318359375
SASRec,2008,2008-12-31,139292,48385,8,7.181722164154053
SASRec,2008,2008-12-31,139292,51255,9,7.164384841918945
SASRec,2008,2008-12-31,139292,54272,10,7.085265636444092
SASRec,2008,2008-12-31,139611,6023,1,5.228440284729004
SASRec,2008,2008-12-31,139611,7766,2,4.760605335235596
SASRec,2008,2008-12-31,139611,26131,3,4.739841461181641
SASRec,2008,2008-12-31,139611,27722,4,4.68641996383667
SASRec,2008,2008-12-31,139611,7981,5,4.682226657867432
SASRec,2008,2008-12-31,139611,8154,6,4.666341781616211
SASRec,2008,2008-12-31,139611,7460,7,4.5811238288879395
SASRec,2008,2008-12-31,139611,48394,8,4.517942428588867
SASRec,2008,2008-12-31,139611,8042,9,4.489952087402344
SASRec,2008,2008-12-31,139611,7938,10,4.48935079574585
SASRec,2008,2008-12-31,139676,4943,1,7.784963607788086
SASRec,2008,2008-12-31,139676,55232,2,7.46437931060791
SASRec,2008,2008-12-31,139676,50800,3,7.387528896331787
SASRec,2008,2008-12-31,139676,26688,4,7.271024703979492
SASRec,2008,2008-12-31,139676,52328,5,7.223453521728516
SASRec,2008,2008-12-31,139676,52460,6,7.212468147277832
SASRec,2008,2008-12-31,139676,53125,7,7.121820449829102
SASRec,2008,2008-12-31,139676,50796,8,7.019497871398926
SASRec,2008,2008-12-31,139676,43932,9,6.983241558074951
SASRec,2008,2008-12-31,139676,54768,10,6.945966720581055
SASRec,2008,2008-12-31,139730,33166,1,6.692657470703125
SASRec,2008,2008-12-31,139730,44191,2,6.480539321899414
SASRec,2008,2008-12-31,139730,30812,3,6.46214485168457
SASRec,2008,2008-12-31,139730,4011,4,6.300271987915039
SASRec,2008,2008-12-31,139730,7438,5,6.295980930328369
SASRec,2008,2008-12-31,139730,36529,6,6.223798751831055
SASRec,2008,2008-12-31,139730,8983,7,6.148490905761719
SASRec,2008,2008-12-31,139730,8970,8,6.122453689575195
SASRec,2008,2008-12-31,139730,8798,9,6.015770435333252
SASRec,2008,2008-12-31,139730,8784,10,6.014785289764404
SASRec,2008,2008-12-31,139800,7022,1,6.108604431152344
SASRec,2008,2008-12-31,139800,7360,2,5.991575241088867
SASRec,2008,2008-12-31,139800,8957,3,5.795442581176758
SASRec,2008,2008-12-31,139800,3825,4,5.51391077041626
SASRec,2008,2008-12-31,139800,3484,5,5.50361442565918
SASRec,2008,2008-12-31,139800,7454,6,5.342357158660889
SASRec,2008,2008-12-31,139800,5785,7,5.3185715675354
SASRec,2008,2008-12-31,139800,4015,8,5.272998332977295
SASRec,2008,2008-12-31,139800,296,9,5.240422248840332
SASRec,2008,2008-12-31,139800,44191,10,5.21126127243042
SASRec,2008,2008-12-31,139846,32587,1,7.700831890106201
SASRec,2008,2008-12-31,139846,3578,2,7.670496463775635
SASRec,2008,2008-12-31,139846,8636,3,7.6269636154174805
SASRec,2008,2008-12-31,139846,44191,4,7.5215678215026855
SASRec,2008,2008-12-31,139846,6378,5,7.4888529777526855
SASRec,2008,2008-12-31,139846,8665,6,7.47749137878418
SASRec,2008,2008-12-31,139846,6365,7,7.469222068786621
SASRec,2008,2008-12-31,139846,8644,8,7.4101948738098145
SASRec,2008,2008-12-31,139846,5378,9,7.387006759643555
SASRec,2008,2008-12-31,139846,4993,10,7.385872840881348
SASRec,2008,2008-12-31,140221,6942,1,6.8211750984191895
SASRec,2008,2008-12-31,140221,6385,2,6.761376857757568
SASRec,2008,2008-12-31,140221,6765,3,6.714292049407959
SASRec,2008,2008-12-31,140221,6367,4,6.682062149047852
SASRec,2008,2008-12-31,140221,5943,5,6.655224800109863
SASRec,2008,2008-12-31,140221,5992,6,6.441992282867432
SASRec,2008,2008-12-31,140221,5610,7,6.360334873199463
SASRec,2008,2008-12-31,140221,6596,8,6.329841136932373
SASRec,2008,2008-12-31,140221,6299,9,6.31244421005249
SASRec,2008,2008-12-31,140221,6378,10,6.224191665649414
SASRec,2008,2008-12-31,140375,48516,1,6.702108860015869
SASRec,2008,2008-12-31,140375,54272,2,6.574920654296875
SASRec,2008,2008-12-31,140375,46578,3,6.5179901123046875
SASRec,2008,2008-12-31,140375,27904,4,6.389183521270752
SASRec,2008,2008-12-31,140375,54001,5,6.207401275634766
SASRec,2008,2008-12-31,140375,54286,6,6.127479553222656
SASRec,2008,2008-12-31,140375,53972,7,6.080934524536133
SASRec,2008,2008-12-31,140375,52722,8,6.000370025634766
SASRec,2008,2008-12-31,140375,44022,9,5.967904567718506
SASRec,2008,2008-12-31,140375,53996,10,5.877314567565918
SASRec,2008,2008-12-31,140458,44191,1,8.6815767288208
SASRec,2008,2008-12-31,140458,54286,2,8.170461654663086
SASRec,2008,2008-12-31,140458,46578,3,8.021971702575684
SASRec,2008,2008-12-31,140458,49272,4,7.899349212646484
SASRec,2008,2008-12-31,140458,48516,5,7.791903495788574
SASRec,2008,2008-12-31,140458,54272,6,7.756374359130859
SASRec,2008,2008-12-31,140458,51255,7,7.743022918701172
SASRec,2008,2008-12-31,140458,53972,8,7.741015434265137
SASRec,2008,2008-12-31,140458,51662,9,7.700063705444336
SASRec,2008,2008-12-31,140458,48385,10,7.666141510009766
SASRec,2008,2008-12-31,140670,43684,1,6.615017890930176
SASRec,2008,2008-12-31,140670,39414,2,6.4867472648620605
SASRec,2008,2008-12-31,140670,52375,3,6.482090950012207
SASRec,2008,2008-12-31,140670,50685,4,6.480116367340088
SASRec,2008,2008-12-31,140670,42015,5,6.370449542999268
SASRec,2008,2008-12-31,140670,47950,6,6.311346054077148
SASRec,2008,2008-12-31,140670,37855,7,6.27812385559082
SASRec,2008,2008-12-31,140670,46976,8,6.270481109619141
SASRec,2008,2008-12-31,140670,39419,9,6.260737419128418
SASRec,2008,2008-12-31,140670,48696,10,6.105937957763672
SASRec,2008,2008-12-31,140931,6218,1,7.417533874511719
SASRec,2008,2008-12-31,140931,6711,2,7.375011444091797
SASRec,2008,2008-12-31,140931,5991,3,7.222240924835205
SASRec,2008,2008-12-31,140931,6565,4,7.187956809997559
SASRec,2008,2008-12-31,140931,6708,5,7.03770637512207
SASRec,2008,2008-12-31,140931,7147,6,6.992434501647949
SASRec,2008,2008-12-31,140931,5669,7,6.966438293457031
SASRec,2008,2008-12-31,140931,6377,8,6.947153091430664
SASRec,2008,2008-12-31,140931,6385,9,6.787689208984375
SASRec,2008,2008-12-31,140931,6539,10,6.743805885314941
SASRec,2008,2008-12-31,141058,53322,1,8.13372802734375
SASRec,2008,2008-12-31,141058,53125,2,8.132583618164062
SASRec,2008,2008-12-31,141058,51077,3,8.070046424865723
SASRec,2008,2008-12-31,141058,53460,4,7.960251808166504
SASRec,2008,2008-12-31,141058,54736,5,7.915555000305176
SASRec,2008,2008-12-31,141058,48783,6,7.720386028289795
SASRec,2008,2008-12-31,141058,52245,7,7.712937355041504
SASRec,2008,2008-12-31,141058,54290,8,7.698581695556641
SASRec,2008,2008-12-31,141058,51935,9,7.579219341278076
SASRec,2008,2008-12-31,141058,55765,10,7.508873462677002
SASRec,2008,2008-12-31,141084,50,1,8.196368217468262
SASRec,2008,2008-12-31,141084,32,2,7.771224021911621
SASRec,2008,2008-12-31,141084,33794,3,7.708587646484375
SASRec,2008,2008-12-31,141084,48385,4,7.675812244415283
SASRec,2008,2008-12-31,141084,32587,5,7.552650451660156
SASRec,2008,2008-12-31,141084,2997,6,7.473597526550293
SASRec,2008,2008-12-31,141084,608,7,7.417158603668213
SASRec,2008,2008-12-31,141084,49272,8,7.3946990966796875
SASRec,2008,2008-12-31,141084,48516,9,7.361186981201172
SASRec,2008,2008-12-31,141084,41566,10,7.336275100708008
SASRec,2008,2008-12-31,141172,44191,1,9.634760856628418
SASRec,2008,2008-12-31,141172,46578,2,9.007229804992676
SASRec,2008,2008-12-31,141172,296,3,8.930021286010742
SASRec,2008,2008-12-31,141172,49272,4,8.476943969726562
SASRec,2008,2008-12-31,141172,48385,5,8.313568115234375
SASRec,2008,2008-12-31,141172,48780,6,8.264652252197266
SASRec,2008,2008-12-31,141172,30749,7,8.174699783325195
SASRec,2008,2008-12-31,141172,858,8,8.017011642456055
SASRec,2008,2008-12-31,141172,48394,9,8.004095077514648
SASRec,2008,2008-12-31,141172,46976,10,7.904523849487305
SASRec,2008,2008-12-31,141289,2455,1,6.679759979248047
SASRec,2008,2008-12-31,141289,2288,2,6.606154918670654
SASRec,2008,2008-12-31,141289,2232,3,6.45249605178833
SASRec,2008,2008-12-31,141289,5378,4,6.270483493804932
SASRec,2008,2008-12-31,141289,1909,5,6.116204261779785
SASRec,2008,2008-12-31,141289,2985,6,6.027608394622803
SASRec,2008,2008-12-31,141289,8957,7,5.9481520652771
SASRec,2008,2008-12-31,141289,1320,8,5.9385881423950195
SASRec,2008,2008-12-31,141289,968,9,5.908793926239014
SASRec,2008,2008-12-31,141289,2600,10,5.8137078285217285
SASRec,2008,2008-12-31,141381,44191,1,8.67692756652832
SASRec,2008,2008-12-31,141381,1222,2,7.890481948852539
SASRec,2008,2008-12-31,141381,33794,3,7.760723114013672
SASRec,2008,2008-12-31,141381,7438,4,7.732213973999023
SASRec,2008,2008-12-31,141381,4226,5,7.686791896820068
SASRec,2008,2008-12-31,141381,48780,6,7.549663543701172
SASRec,2008,2008-12-31,141381,4306,7,7.521130084991455
SASRec,2008,2008-12-31,141381,5445,8,7.492921352386475
SASRec,2008,2008-12-31,141381,6539,9,7.479725360870361
SASRec,2008,2008-12-31,141381,48516,10,7.439459323883057
SASRec,2008,2008-12-31,141490,1196,1,7.641216278076172
SASRec,2008,2008-12-31,141490,3578,2,7.598563194274902
SASRec,2008,2008-12-31,141490,2571,3,7.527165412902832
SASRec,2008,2008-12-31,141490,1210,4,7.481698989868164
SASRec,2008,2008-12-31,141490,858,5,7.461808681488037
SASRec,2008,2008-12-31,141490,589,6,7.416481971740723
SASRec,2008,2008-12-31,141490,780,7,7.371213436126709
SASRec,2008,2008-12-31,141490,592,8,7.328063011169434
SASRec,2008,2008-12-31,141490,457,9,7.242122650146484
SASRec,2008,2008-12-31,141490,110,10,7.086739540100098
SASRec,2008,2008-12-31,141812,46578,1,7.5002570152282715
SASRec,2008,2008-12-31,141812,49272,2,7.204516410827637
SASRec,2008,2008-12-31,141812,30749,3,6.701573371887207
SASRec,2008,2008-12-31,141812,48516,4,6.666680335998535
SASRec,2008,2008-12-31,141812,32587,5,6.624119758605957
SASRec,2008,2008-12-31,141812,33166,6,6.5806803703308105
SASRec,2008,2008-12-31,141812,46976,7,6.420618534088135
SASRec,2008,2008-12-31,141812,48774,8,6.278234004974365
SASRec,2008,2008-12-31,141812,41566,9,6.2763991355896
SASRec,2008,2008-12-31,141812,33493,10,6.24448299407959
SASRec,2008,2008-12-31,141824,8373,1,7.1701836585998535
SASRec,2008,2008-12-31,141824,6936,2,7.1448974609375
SASRec,2008,2008-12-31,141824,8972,3,7.104545593261719
SASRec,2008,2008-12-31,141824,6595,4,7.0153350830078125
SASRec,2008,2008-12-31,141824,7154,5,6.8329243659973145
SASRec,2008,2008-12-31,141824,8644,6,6.774608612060547
SASRec,2008,2008-12-31,141824,7162,7,6.773891925811768
SASRec,2008,2008-12-31,141824,8366,8,6.7561163902282715
SASRec,2008,2008-12-31,141824,6287,9,6.751902103424072
SASRec,2008,2008-12-31,141824,8533,10,6.743356704711914
SASRec,2008,2008-12-31,141998,7361,1,7.385348796844482
SASRec,2008,2008-12-31,141998,8949,2,7.102130889892578
SASRec,2008,2008-12-31,141998,6016,3,6.974079608917236
SASRec,2008,2008-12-31,141998,5669,4,6.87847900390625
SASRec,2008,2008-12-31,141998,6867,5,6.830624580383301
SASRec,2008,2008-12-31,141998,6953,6,6.7949347496032715
SASRec,2008,2008-12-31,141998,8784,7,6.754051685333252
SASRec,2008,2008-12-31,141998,6218,8,6.6725945472717285
SASRec,2008,2008-12-31,141998,5878,9,6.6146416664123535
SASRec,2008,2008-12-31,141998,7160,10,6.532894611358643
SASRec,2008,2008-12-31,142041,50685,1,5.7487406730651855
SASRec,2008,2008-12-31,142041,50601,2,5.742010593414307
SASRec,2008,2008-12-31,142041,26111,3,5.612502098083496
SASRec,2008,2008-12-31,142041,49824,4,5.595602035522461
SASRec,2008,2008-12-31,142041,51660,5,5.545864105224609
SASRec,2008,2008-12-31,142041,26479,6,5.46021842956543
SASRec,2008,2008-12-31,142041,50872,7,5.442277908325195
SASRec,2008,2008-12-31,142041,52375,8,5.3681440353393555
SASRec,2008,2008-12-31,142041,53322,9,5.292169570922852
SASRec,2008,2008-12-31,142041,25850,10,5.282832145690918
SASRec,2008,2008-12-31,142229,6023,1,6.063229560852051
SASRec,2008,2008-12-31,142229,27773,2,5.966790676116943
SASRec,2008,2008-12-31,142229,6016,3,5.839496612548828
SASRec,2008,2008-12-31,142229,8370,4,5.714725017547607
SASRec,2008,2008-12-31,142229,7022,5,5.688937187194824
SASRec,2008,2008-12-31,142229,7766,6,5.679934501647949
SASRec,2008,2008-12-31,142229,7361,7,5.5627970695495605
SASRec,2008,2008-12-31,142229,7926,8,5.559815406799316
SASRec,2008,2008-12-31,142229,29,9,5.559018135070801
SASRec,2008,2008-12-31,142229,1175,10,5.54128360748291
SASRec,2008,2008-12-31,142243,736,1,8.53768539428711
SASRec,2008,2008-12-31,142243,780,2,8.274398803710938
SASRec,2008,2008-12-31,142243,586,3,8.000432968139648
SASRec,2008,2008-12-31,142243,500,4,7.98765754699707
SASRec,2008,2008-12-31,142243,2683,5,7.968693733215332
SASRec,2008,2008-12-31,142243,4306,6,7.938567161560059
SASRec,2008,2008-12-31,142243,648,7,7.87608528137207
SASRec,2008,2008-12-31,142243,1917,8,7.857499122619629
SASRec,2008,2008-12-31,142243,377,9,7.811406135559082
SASRec,2008,2008-12-31,142243,231,10,7.804739952087402
SASRec,2008,2008-12-31,142343,52375,1,6.7588911056518555
SASRec,2008,2008-12-31,142343,47950,2,6.6004438400268555
SASRec,2008,2008-12-31,142343,48696,3,6.3476881980896
SASRec,2008,2008-12-31,142343,50685,4,6.340859889984131
SASRec,2008,2008-12-31,142343,48856,5,5.94419002532959
SASRec,2008,2008-12-31,142343,52328,6,5.931107521057129
SASRec,2008,2008-12-31,142343,49793,7,5.918395519256592
SASRec,2008,2008-12-31,142343,49280,8,5.857051849365234
SASRec,2008,2008-12-31,142343,48783,9,5.852089881896973
SASRec,2008,2008-12-31,142343,49822,10,5.839778423309326
SASRec,2008,2008-12-31,142450,48696,1,6.240228176116943
SASRec,2008,2008-12-31,142450,50685,2,6.198523998260498
SASRec,2008,2008-12-31,142450,52375,3,6.006999969482422
SASRec,2008,2008-12-31,142450,47950,4,5.885490417480469
SASRec,2008,2008-12-31,142450,48856,5,5.787583351135254
SASRec,2008,2008-12-31,142450,47894,6,5.563108444213867
SASRec,2008,2008-12-31,142450,50274,7,5.5007829666137695
SASRec,2008,2008-12-31,142450,52967,8,5.498748779296875
SASRec,2008,2008-12-31,142450,48997,9,5.462159633636475
SASRec,2008,2008-12-31,142450,55444,10,5.374013900756836
SASRec,2008,2008-12-31,143011,46578,1,7.578475475311279
SASRec,2008,2008-12-31,143011,53972,2,7.507170677185059
SASRec,2008,2008-12-31,143011,52328,3,7.461670398712158
SASRec,2008,2008-12-31,143011,52722,4,7.375917434692383
SASRec,2008,2008-12-31,143011,50068,5,7.30625057220459
SASRec,2008,2008-12-31,143011,54001,6,7.164628982543945
SASRec,2008,2008-12-31,143011,50872,7,7.133961200714111
SASRec,2008,2008-12-31,143011,48385,8,7.121422290802002
SASRec,2008,2008-12-31,143011,46976,9,7.111336708068848
SASRec,2008,2008-12-31,143011,48738,10,7.062744617462158
SASRec,2008,2008-12-31,143094,3101,1,4.956714153289795
SASRec,2008,2008-12-31,143094,4024,2,4.850075721740723
SASRec,2008,2008-12-31,143094,3795,3,4.63836669921875
SASRec,2008,2008-12-31,143094,3953,4,4.557350158691406
SASRec,2008,2008-12-31,143094,4034,5,4.540957450866699
SASRec,2008,2008-12-31,143094,4285,6,4.5259857177734375
SASRec,2008,2008-12-31,143094,4108,7,4.5045928955078125
SASRec,2008,2008-12-31,143094,4031,8,4.447284698486328
SASRec,2008,2008-12-31,143094,858,9,4.436248779296875
SASRec,2008,2008-12-31,143094,3996,10,4.400496006011963
SASRec,2008,2008-12-31,143367,235,1,10.18112850189209
SASRec,2008,2008-12-31,143367,432,2,10.124415397644043
SASRec,2008,2008-12-31,143367,1080,3,9.971097946166992
SASRec,2008,2008-12-31,143367,1258,4,9.860583305358887
SASRec,2008,2008-12-31,143367,509,5,9.530827522277832
SASRec,2008,2008-12-31,143367,586,6,9.489076614379883
SASRec,2008,2008-12-31,143367,1517,7,9.46380615234375
SASRec,2008,2008-12-31,143367,370,8,9.316144943237305
SASRec,2008,2008-12-31,143367,1079,9,9.290406227111816
SASRec,2008,2008-12-31,143367,442,10,9.243926048278809
SASRec,2008,2008-12-31,143376,3752,1,8.815020561218262
SASRec,2008,2008-12-31,143376,3717,2,8.63918399810791
SASRec,2008,2008-12-31,143376,3301,3,8.107397079467773
SASRec,2008,2008-12-31,143376,3785,4,8.000823974609375
SASRec,2008,2008-12-31,143376,3826,5,7.960874557495117
SASRec,2008,2008-12-31,143376,3755,6,7.948101997375488
SASRec,2008,2008-12-31,143376,3285,7,7.842149257659912
SASRec,2008,2008-12-31,143376,3617,8,7.767922401428223
SASRec,2008,2008-12-31,143376,3535,9,7.717123985290527
SASRec,2008,2008-12-31,143376,4718,10,7.559233665466309
SASRec,2008,2008-12-31,143598,52375,1,8.058098793029785
SASRec,2008,2008-12-31,143598,52644,2,7.759770393371582
SASRec,2008,2008-12-31,143598,55245,3,7.729055404663086
SASRec,2008,2008-12-31,143598,50685,4,7.604995250701904
SASRec,2008,2008-12-31,143598,50064,5,7.504460334777832
SASRec,2008,2008-12-31,143598,54780,6,7.441513538360596
SASRec,2008,2008-12-31,143598,52722,7,7.368351936340332
SASRec,2008,2008-12-31,143598,50923,8,7.350513458251953
SASRec,2008,2008-12-31,143598,52245,9,7.332585334777832
SASRec,2008,2008-12-31,143598,48416,10,7.331277847290039
SASRec,2008,2008-12-31,143962,37729,1,5.425319194793701
SASRec,2008,2008-12-31,143962,44761,2,5.420447826385498
SASRec,2008,2008-12-31,143962,39183,3,5.27344274520874
SASRec,2008,2008-12-31,143962,41285,4,5.270663738250732
SASRec,2008,2008-12-31,143962,41569,5,5.212924003601074
SASRec,2008,2008-12-31,143962,27904,6,5.194765090942383
SASRec,2008,2008-12-31,143962,42418,7,5.171405792236328
SASRec,2008,2008-12-31,143962,46578,8,5.118824481964111
SASRec,2008,2008-12-31,143962,30810,9,5.110057830810547
SASRec,2008,2008-12-31,143962,45720,10,5.099431991577148
SASRec,2008,2008-12-31,144334,49272,1,7.712281703948975
SASRec,2008,2008-12-31,144334,48774,2,7.533055782318115
SASRec,2008,2008-12-31,144334,48696,3,7.38214111328125
SASRec,2008,2008-12-31,144334,50068,4,7.277186870574951
SASRec,2008,2008-12-31,144334,54286,5,7.230318546295166
SASRec,2008,2008-12-31,144334,48738,6,7.195655345916748
SASRec,2008,2008-12-31,144334,47950,7,7.183594703674316
SASRec,2008,2008-12-31,144334,30749,8,6.950294017791748
SASRec,2008,2008-12-31,144334,54272,9,6.934284687042236
SASRec,2008,2008-12-31,144334,48082,10,6.9023919105529785
SASRec,2008,2008-12-31,145350,40629,1,7.055480003356934
SASRec,2008,2008-12-31,145350,40815,2,6.569984436035156
SASRec,2008,2008-12-31,145350,30749,3,6.550840854644775
SASRec,2008,2008-12-31,145350,42018,4,6.459547519683838
SASRec,2008,2008-12-31,145350,49272,5,6.323127746582031
SASRec,2008,2008-12-31,145350,38886,6,6.2511091232299805
SASRec,2008,2008-12-31,145350,41566,7,6.2127461433410645
SASRec,2008,2008-12-31,145350,47950,8,6.154232501983643
SASRec,2008,2008-12-31,145350,33639,9,6.134992599487305
SASRec,2008,2008-12-31,145350,33660,10,6.119802474975586
SASRec,2008,2008-12-31,146065,37741,1,5.96427583694458
SASRec,2008,2008-12-31,146065,27773,2,5.816705703735352
SASRec,2008,2008-12-31,146065,6987,3,5.789586544036865
SASRec,2008,2008-12-31,146065,8950,4,5.637462615966797
SASRec,2008,2008-12-31,146065,38886,5,5.617549419403076
SASRec,2008,2008-12-31,146065,8873,6,5.572876930236816
SASRec,2008,2008-12-31,146065,41285,7,5.435482978820801
SASRec,2008,2008-12-31,146065,30810,8,5.414146900177002
SASRec,2008,2008-12-31,146065,3462,9,5.387272357940674
SASRec,2008,2008-12-31,146065,1217,10,5.339320182800293
SASRec,2008,2008-12-31,146307,39414,1,6.314897537231445
SASRec,2008,2008-12-31,146307,38886,2,5.959234237670898
SASRec,2008,2008-12-31,146307,41285,3,5.935611248016357
SASRec,2008,2008-12-31,146307,36535,4,5.8565192222595215
SASRec,2008,2008-12-31,146307,40583,5,5.824996471405029
SASRec,2008,2008-12-31,146307,8966,6,5.770411968231201
SASRec,2008,2008-12-31,146307,39183,7,5.757404804229736
SASRec,2008,2008-12-31,146307,44761,8,5.667003154754639
SASRec,2008,2008-12-31,146307,46578,9,5.627392292022705
SASRec,2008,2008-12-31,146307,36276,10,5.5784912109375
SASRec,2008,2008-12-31,146876,858,1,6.147492408752441
SASRec,2008,2008-12-31,146876,32587,2,6.113493919372559
SASRec,2008,2008-12-31,146876,33794,3,6.107636451721191
SASRec,2008,2008-12-31,146876,8970,4,6.012864112854004
SASRec,2008,2008-12-31,146876,1221,5,5.714906692504883
SASRec,2008,2008-12-31,146876,30812,6,5.431641578674316
SASRec,2008,2008-12-31,146876,1225,7,5.384072303771973
SASRec,2008,2008-12-31,146876,33660,8,5.3636016845703125
SASRec,2008,2008-12-31,146876,110,9,5.33743143081665
SASRec,2008,2008-12-31,146876,50,10,5.267958641052246
SASRec,2008,2008-12-31,146975,4958,1,5.239066123962402
SASRec,2008,2008-12-31,146975,5267,2,5.0459513664245605
SASRec,2008,2008-12-31,146975,4992,3,4.896955490112305
SASRec,2008,2008-12-31,146975,3844,4,4.874902725219727
SASRec,2008,2008-12-31,146975,4679,5,4.75907039642334
SASRec,2008,2008-12-31,146975,2474,6,4.664573669433594
SASRec,2008,2008-12-31,146975,4673,7,4.57706356048584
SASRec,2008,2008-12-31,146975,4214,8,4.576138973236084
SASRec,2008,2008-12-31,146975,4291,9,4.568667888641357
SASRec,2008,2008-12-31,146975,4508,10,4.550392150878906
SASRec,2008,2008-12-31,147128,49286,1,7.13224983215332
SASRec,2008,2008-12-31,147128,50794,2,6.948118686676025
SASRec,2008,2008-12-31,147128,45668,3,6.715758323669434
SASRec,2008,2008-12-31,147128,50068,4,6.714441299438477
SASRec,2008,2008-12-31,147128,52245,5,6.676425933837891
SASRec,2008,2008-12-31,147128,48783,6,6.656694412231445
SASRec,2008,2008-12-31,147128,51077,7,6.625200271606445
SASRec,2008,2008-12-31,147128,51931,8,6.529969692230225
SASRec,2008,2008-12-31,147128,45501,9,6.529733657836914
SASRec,2008,2008-12-31,147128,48738,10,6.479426860809326
SASRec,2008,2008-12-31,147181,1707,1,5.788022041320801
SASRec,2008,2008-12-31,147181,1681,2,4.9151763916015625
SASRec,2008,2008-12-31,147181,45447,3,4.8965744972229
SASRec,2008,2008-12-31,147181,8978,4,4.786162853240967
SASRec,2008,2008-12-31,147181,1381,5,4.7229905128479
SASRec,2008,2008-12-31,147181,2471,6,4.613222122192383
SASRec,2008,2008-12-31,147181,2335,7,4.605987071990967
SASRec,2008,2008-12-31,147181,2683,8,4.581094741821289
SASRec,2008,2008-12-31,147181,42011,9,4.562224388122559
SASRec,2008,2008-12-31,147181,1517,10,4.517316818237305
SASRec,2008,2008-12-31,147219,44022,1,5.088581085205078
SASRec,2008,2008-12-31,147219,36401,2,5.040809631347656
SASRec,2008,2008-12-31,147219,48516,3,5.0295090675354
SASRec,2008,2008-12-31,147219,4388,4,4.894812107086182
SASRec,2008,2008-12-31,147219,40815,5,4.893967151641846
SASRec,2008,2008-12-31,147219,45447,6,4.8545098304748535
SASRec,2008,2008-12-31,147219,41569,7,4.713818550109863
SASRec,2008,2008-12-31,147219,49272,8,4.688868999481201
SASRec,2008,2008-12-31,147219,34150,9,4.5940680503845215
SASRec,2008,2008-12-31,147219,52722,10,4.586562156677246
SASRec,2008,2008-12-31,147549,3977,1,4.772735595703125
SASRec,2008,2008-12-31,147549,3578,2,4.443028450012207
SASRec,2008,2008-12-31,147549,3623,3,4.338568687438965
SASRec,2008,2008-12-31,147549,4034,4,4.332496643066406
SASRec,2008,2008-12-31,147549,4226,5,4.256844997406006
SASRec,2008,2008-12-31,147549,4022,6,4.248439788818359
SASRec,2008,2008-12-31,147549,4975,7,4.128357887268066
SASRec,2008,2008-12-31,147549,4246,8,4.087246417999268
SASRec,2008,2008-12-31,147549,3408,9,4.083826541900635
SASRec,2008,2008-12-31,147549,3996,10,4.067293167114258
SASRec,2008,2008-12-31,147821,48696,1,6.4052300453186035
SASRec,2008,2008-12-31,147821,44761,2,5.991826057434082
SASRec,2008,2008-12-31,147821,44788,3,5.8958940505981445
SASRec,2008,2008-12-31,147821,45950,4,5.79093599319458
SASRec,2008,2008-12-31,147821,47950,5,5.7773332595825195
SASRec,2008,2008-12-31,147821,49932,6,5.545596122741699
SASRec,2008,2008-12-31,147821,40583,7,5.487382411956787
SASRec,2008,2008-12-31,147821,52281,8,5.479259014129639
SASRec,2008,2008-12-31,147821,49822,9,5.379618167877197
SASRec,2008,2008-12-31,147821,45928,10,5.197420120239258
SASRec,2008,2008-12-31,147857,41569,1,6.604469299316406
SASRec,2008,2008-12-31,147857,44191,2,6.399294376373291
SASRec,2008,2008-12-31,147857,33794,3,6.216938495635986
SASRec,2008,2008-12-31,147857,8368,4,6.156022548675537
SASRec,2008,2008-12-31,147857,8972,5,6.1433844566345215
SASRec,2008,2008-12-31,147857,34162,6,6.052795886993408
SASRec,2008,2008-12-31,147857,34405,7,5.965090751647949
SASRec,2008,2008-12-31,147857,45722,8,5.918994426727295
SASRec,2008,2008-12-31,147857,33679,9,5.915928363800049
SASRec,2008,2008-12-31,147857,45447,10,5.854449272155762
SASRec,2008,2008-12-31,147907,2808,1,6.252279281616211
SASRec,2008,2008-12-31,147907,8810,2,6.19221830368042
SASRec,2008,2008-12-31,147907,2412,3,6.095831871032715
SASRec,2008,2008-12-31,147907,6294,4,6.070926666259766
SASRec,2008,2008-12-31,147907,31221,5,5.926237106323242
SASRec,2008,2008-12-31,147907,2986,6,5.912686824798584
SASRec,2008,2008-12-31,147907,1681,7,5.7171406745910645
SASRec,2008,2008-12-31,147907,1499,8,5.610240459442139
SASRec,2008,2008-12-31,147907,2404,9,5.562798500061035
SASRec,2008,2008-12-31,147907,7454,10,5.557084560394287
SASRec,2008,2008-12-31,148076,52328,1,7.559428691864014
SASRec,2008,2008-12-31,148076,51255,2,7.278351306915283
SASRec,2008,2008-12-31,148076,54286,3,7.222991943359375
SASRec,2008,2008-12-31,148076,51077,4,7.202480316162109
SASRec,2008,2008-12-31,148076,50798,5,7.178382873535156
SASRec,2008,2008-12-31,148076,48877,6,7.164978504180908
SASRec,2008,2008-12-31,148076,53972,7,7.125064849853516
SASRec,2008,2008-12-31,148076,43928,8,7.065423011779785
SASRec,2008,2008-12-31,148076,48385,9,6.9417219161987305
SASRec,2008,2008-12-31,148076,48516,10,6.931367874145508
SASRec,2008,2008-12-31,148282,48385,1,6.749398708343506
SASRec,2008,2008-12-31,148282,44191,2,6.728935718536377
SASRec,2008,2008-12-31,148282,48516,3,6.541926383972168
SASRec,2008,2008-12-31,148282,47629,4,6.414605617523193
SASRec,2008,2008-12-31,148282,41569,5,6.365947723388672
SASRec,2008,2008-12-31,148282,48780,6,6.336051940917969
SASRec,2008,2008-12-31,148282,54286,7,6.180874347686768
SASRec,2008,2008-12-31,148282,46976,8,6.153923988342285
SASRec,2008,2008-12-31,148282,48774,9,5.932467937469482
SASRec,2008,2008-12-31,148282,50872,10,5.907104015350342
SASRec,2008,2008-12-31,148399,47950,1,6.540714263916016
SASRec,2008,2008-12-31,148399,52375,2,6.503749370574951
SASRec,2008,2008-12-31,148399,48774,3,6.226160049438477
SASRec,2008,2008-12-31,148399,49822,4,6.121322154998779
SASRec,2008,2008-12-31,148399,49824,5,6.101790428161621
SASRec,2008,2008-12-31,148399,25850,6,6.022172451019287
SASRec,2008,2008-12-31,148399,50068,7,6.000848770141602
SASRec,2008,2008-12-31,148399,50872,8,5.891054153442383
SASRec,2008,2008-12-31,148399,48738,9,5.849358081817627
SASRec,2008,2008-12-31,148399,48783,10,5.823562145233154
SASRec,2008,2008-12-31,148579,54503,1,7.361468315124512
SASRec,2008,2008-12-31,148579,48385,2,7.0756707191467285
SASRec,2008,2008-12-31,148579,48774,3,7.056946277618408
SASRec,2008,2008-12-31,148579,47950,4,7.012551784515381
SASRec,2008,2008-12-31,148579,52722,5,6.891662120819092
SASRec,2008,2008-12-31,148579,52458,6,6.878780364990234
SASRec,2008,2008-12-31,148579,49530,7,6.837157726287842
SASRec,2008,2008-12-31,148579,53464,8,6.831503868103027
SASRec,2008,2008-12-31,148579,53125,9,6.798485279083252
SASRec,2008,2008-12-31,148579,52644,10,6.759247779846191
SASRec,2008,2008-12-31,148597,54286,1,8.139143943786621
SASRec,2008,2008-12-31,148597,51255,2,8.130439758300781
SASRec,2008,2008-12-31,148597,52722,3,8.099480628967285
SASRec,2008,2008-12-31,148597,49272,4,7.891531467437744
SASRec,2008,2008-12-31,148597,54001,5,7.842916965484619
SASRec,2008,2008-12-31,148597,48385,6,7.826822280883789
SASRec,2008,2008-12-31,148597,48516,7,7.826228618621826
SASRec,2008,2008-12-31,148597,48394,8,7.740523338317871
SASRec,2008,2008-12-31,148597,48780,9,7.579775333404541
SASRec,2008,2008-12-31,148597,46578,10,7.541474342346191
SASRec,2008,2008-12-31,148709,48774,1,6.390519142150879
SASRec,2008,2008-12-31,148709,54286,2,6.202112197875977
SASRec,2008,2008-12-31,148709,53972,3,6.046309471130371
SASRec,2008,2008-12-31,148709,48394,4,6.014908790588379
SASRec,2008,2008-12-31,148709,51255,5,5.972448348999023
SASRec,2008,2008-12-31,148709,50794,6,5.956879615783691
SASRec,2008,2008-12-31,148709,48780,7,5.954378128051758
SASRec,2008,2008-12-31,148709,52328,8,5.92971134185791
SASRec,2008,2008-12-31,148709,46976,9,5.9009246826171875
SASRec,2008,2008-12-31,148709,51077,10,5.831189155578613
SASRec,2008,2008-12-31,148736,46976,1,6.632863521575928
SASRec,2008,2008-12-31,148736,46578,2,6.512060642242432
SASRec,2008,2008-12-31,148736,47950,3,6.445354461669922
SASRec,2008,2008-12-31,148736,48696,4,6.430438041687012
SASRec,2008,2008-12-31,148736,50685,5,6.409509181976318
SASRec,2008,2008-12-31,148736,45950,6,6.404524803161621
SASRec,2008,2008-12-31,148736,46850,7,6.269987106323242
SASRec,2008,2008-12-31,148736,38886,8,6.25425910949707
SASRec,2008,2008-12-31,148736,48774,9,6.1976423263549805
SASRec,2008,2008-12-31,148736,37741,10,6.167149066925049
SASRec,2008,2008-12-31,148793,53125,1,8.160504341125488
SASRec,2008,2008-12-31,148793,44191,2,7.869851589202881
SASRec,2008,2008-12-31,148793,53464,3,7.830883026123047
SASRec,2008,2008-12-31,148793,53000,4,7.800294399261475
SASRec,2008,2008-12-31,148793,48394,5,7.770046234130859
SASRec,2008,2008-12-31,148793,48516,6,7.739965438842773
SASRec,2008,2008-12-31,148793,48774,7,7.7288312911987305
SASRec,2008,2008-12-31,148793,52245,8,7.720578670501709
SASRec,2008,2008-12-31,148793,50794,9,7.700060844421387
SASRec,2008,2008-12-31,148793,48385,10,7.583078861236572
SASRec,2008,2008-12-31,148896,32587,1,7.253067493438721
SASRec,2008,2008-12-31,148896,41569,2,7.058596134185791
SASRec,2008,2008-12-31,148896,34048,3,6.871338367462158
SASRec,2008,2008-12-31,148896,46578,4,6.806399345397949
SASRec,2008,2008-12-31,148896,33794,5,6.773863315582275
SASRec,2008,2008-12-31,148896,45447,6,6.673530101776123
SASRec,2008,2008-12-31,148896,35836,7,6.369180679321289
SASRec,2008,2008-12-31,148896,49272,8,6.366421699523926
SASRec,2008,2008-12-31,148896,8983,9,6.362425804138184
SASRec,2008,2008-12-31,148896,8957,10,6.352993965148926
SASRec,2008,2008-12-31,149082,46578,1,7.4897847175598145
SASRec,2008,2008-12-31,149082,53972,2,7.400498390197754
SASRec,2008,2008-12-31,149082,52722,3,7.398378849029541
SASRec,2008,2008-12-31,149082,48774,4,7.2823615074157715
SASRec,2008,2008-12-31,149082,50794,5,7.226075172424316
SASRec,2008,2008-12-31,149082,49530,6,7.224738597869873
SASRec,2008,2008-12-31,149082,46976,7,7.196402549743652
SASRec,2008,2008-12-31,149082,54001,8,7.1485419273376465
SASRec,2008,2008-12-31,149082,48738,9,7.10295295715332
SASRec,2008,2008-12-31,149082,50068,10,7.091269493103027
SASRec,2008,2008-12-31,149115,54272,1,8.328714370727539
SASRec,2008,2008-12-31,149115,52644,2,8.280367851257324
SASRec,2008,2008-12-31,149115,52328,3,8.256925582885742
SASRec,2008,2008-12-31,149115,51077,4,8.238880157470703
SASRec,2008,2008-12-31,149115,54001,5,8.22681713104248
SASRec,2008,2008-12-31,149115,50798,6,8.030442237854004
SASRec,2008,2008-12-31,149115,52245,7,7.992081642150879
SASRec,2008,2008-12-31,149115,55245,8,7.800076007843018
SASRec,2008,2008-12-31,149115,54503,9,7.675229072570801
SASRec,2008,2008-12-31,149115,50872,10,7.537665367126465
SASRec,2008,2008-12-31,149201,3448,1,6.351759910583496
SASRec,2008,2008-12-31,149201,3198,2,5.937830448150635
SASRec,2008,2008-12-31,149201,3252,3,5.916488170623779
SASRec,2008,2008-12-31,149201,3671,4,5.837807655334473
SASRec,2008,2008-12-31,149201,3360,5,5.727052688598633
SASRec,2008,2008-12-31,149201,3386,6,5.723471164703369
SASRec,2008,2008-12-31,149201,3505,7,5.686408042907715
SASRec,2008,2008-12-31,149201,3148,8,5.645575046539307
SASRec,2008,2008-12-31,149201,1961,9,5.619123935699463
SASRec,2008,2008-12-31,149201,3105,10,5.617413520812988
SASRec,2008,2008-12-31,149314,45722,1,6.891111373901367
SASRec,2008,2008-12-31,149314,41569,2,6.374545097351074
SASRec,2008,2008-12-31,149314,185,3,6.216156005859375
SASRec,2008,2008-12-31,149314,5378,4,6.193418979644775
SASRec,2008,2008-12-31,149314,40815,5,6.131978511810303
SASRec,2008,2008-12-31,149314,434,6,6.1075568199157715
SASRec,2008,2008-12-31,149314,10,7,5.947824001312256
SASRec,2008,2008-12-31,149314,42723,8,5.8899617195129395
SASRec,2008,2008-12-31,149314,588,9,5.885046005249023
SASRec,2008,2008-12-31,149314,316,10,5.881889820098877
SASRec,2008,2008-12-31,149372,4085,1,5.920487403869629
SASRec,2008,2008-12-31,149372,4993,2,5.904483795166016
SASRec,2008,2008-12-31,149372,4310,3,5.901067733764648
SASRec,2008,2008-12-31,149372,4011,4,5.780268669128418
SASRec,2008,2008-12-31,149372,4975,5,5.74793004989624
SASRec,2008,2008-12-31,149372,4718,6,5.67913293838501
SASRec,2008,2008-12-31,149372,4447,7,5.654740333557129
SASRec,2008,2008-12-31,149372,4246,8,5.603503704071045
SASRec,2008,2008-12-31,149372,4896,9,5.588748931884766
SASRec,2008,2008-12-31,149372,4223,10,5.547708511352539
SASRec,2008,2008-12-31,149390,858,1,8.394255638122559
SASRec,2008,2008-12-31,149390,32587,2,8.236320495605469
SASRec,2008,2008-12-31,149390,593,3,8.023716926574707
SASRec,2008,2008-12-31,149390,48385,4,8.016298294067383
SASRec,2008,2008-12-31,149390,54286,5,7.872398376464844
SASRec,2008,2008-12-31,149390,480,6,7.806911468505859
SASRec,2008,2008-12-31,149390,40815,7,7.776605606079102
SASRec,2008,2008-12-31,149390,1270,8,7.660078048706055
SASRec,2008,2008-12-31,149390,1200,9,7.595680236816406
SASRec,2008,2008-12-31,149390,2762,10,7.586851119995117
SASRec,2008,2008-12-31,149692,46578,1,8.238088607788086
SASRec,2008,2008-12-31,149692,46976,2,7.619876384735107
SASRec,2008,2008-12-31,149692,48780,3,7.4678955078125
SASRec,2008,2008-12-31,149692,44191,4,7.4458513259887695
SASRec,2008,2008-12-31,149692,54001,5,7.445295333862305
SASRec,2008,2008-12-31,149692,48774,6,7.412420272827148
SASRec,2008,2008-12-31,149692,52722,7,7.392660140991211
SASRec,2008,2008-12-31,149692,48394,8,7.3769917488098145
SASRec,2008,2008-12-31,149692,54272,9,7.340385437011719
SASRec,2008,2008-12-31,149692,48385,10,7.26704216003418
SASRec,2008,2008-12-31,149808,48385,1,8.424854278564453
SASRec,2008,2008-12-31,149808,48516,2,8.028454780578613
SASRec,2008,2008-12-31,149808,48780,3,7.480154514312744
SASRec,2008,2008-12-31,149808,54272,4,7.4651947021484375
SASRec,2008,2008-12-31,149808,858,5,7.3626909255981445
SASRec,2008,2008-12-31,149808,54286,6,7.231310844421387
SASRec,2008,2008-12-31,149808,41569,7,7.140728950500488
SASRec,2008,2008-12-31,149808,51255,8,7.140037536621094
SASRec,2008,2008-12-31,149808,53972,9,7.043365478515625
SASRec,2008,2008-12-31,149808,54001,10,6.904253959655762
SASRec,2008,2008-12-31,150156,3948,1,6.527519702911377
SASRec,2008,2008-12-31,150156,2054,2,6.419771671295166
SASRec,2008,2008-12-31,150156,442,3,6.270606994628906
SASRec,2008,2008-12-31,150156,786,4,6.144317626953125
SASRec,2008,2008-12-31,150156,784,5,6.110360145568848
SASRec,2008,2008-12-31,150156,370,6,6.096110820770264
SASRec,2008,2008-12-31,150156,368,7,6.089268207550049
SASRec,2008,2008-12-31,150156,53972,8,6.022639751434326
SASRec,2008,2008-12-31,150156,168,9,6.009084224700928
SASRec,2008,2008-12-31,150156,2406,10,5.991689205169678
SASRec,2008,2008-12-31,150276,592,1,7.3022260665893555
SASRec,2008,2008-12-31,150276,590,2,7.215862274169922
SASRec,2008,2008-12-31,150276,349,3,6.593324184417725
SASRec,2008,2008-12-31,150276,364,4,6.300704002380371
SASRec,2008,2008-12-31,150276,356,5,6.062970161437988
SASRec,2008,2008-12-31,150276,150,6,5.993266582489014
SASRec,2008,2008-12-31,150276,1210,7,5.836077690124512
SASRec,2008,2008-12-31,150276,339,8,5.483769416809082
SASRec,2008,2008-12-31,150276,434,9,5.402142524719238
SASRec,2008,2008-12-31,150276,161,10,5.270033359527588
SASRec,2008,2008-12-31,150389,370,1,8.631776809692383
SASRec,2008,2008-12-31,150389,2502,2,8.37113094329834
SASRec,2008,2008-12-31,150389,5952,3,8.32449722290039
SASRec,2008,2008-12-31,150389,466,4,8.30164909362793
SASRec,2008,2008-12-31,150389,923,5,8.278214454650879
SASRec,2008,2008-12-31,150389,903,6,8.151091575622559
SASRec,2008,2008-12-31,150389,1080,7,8.133606910705566
SASRec,2008,2008-12-31,150389,2617,8,8.085278511047363
SASRec,2008,2008-12-31,150389,1304,9,8.057804107666016
SASRec,2008,2008-12-31,150389,784,10,8.000868797302246
SASRec,2008,2008-12-31,150456,4011,1,7.916053771972656
SASRec,2008,2008-12-31,150456,32587,2,7.243024826049805
SASRec,2008,2008-12-31,150456,44191,3,7.2062764167785645
SASRec,2008,2008-12-31,150456,2329,4,7.205922603607178
SASRec,2008,2008-12-31,150456,2959,5,6.960958480834961
SASRec,2008,2008-12-31,150456,4878,6,6.9579081535339355
SASRec,2008,2008-12-31,150456,4973,7,6.907162189483643
SASRec,2008,2008-12-31,150456,5669,8,6.895970821380615
SASRec,2008,2008-12-31,150456,3996,9,6.860997200012207
SASRec,2008,2008-12-31,150456,7361,10,6.837048530578613
SASRec,2008,2008-12-31,150594,38886,1,6.050602436065674
SASRec,2008,2008-12-31,150594,36276,2,5.67881441116333
SASRec,2008,2008-12-31,150594,36535,3,5.535975456237793
SASRec,2008,2008-12-31,150594,39381,4,5.385372161865234
SASRec,2008,2008-12-31,150594,46850,5,5.292469024658203
SASRec,2008,2008-12-31,150594,42418,6,5.273919105529785
SASRec,2008,2008-12-31,150594,47950,7,5.26832389831543
SASRec,2008,2008-12-31,150594,33154,8,5.186099529266357
SASRec,2008,2008-12-31,150594,8951,9,5.163978576660156
SASRec,2008,2008-12-31,150594,47423,10,5.155444145202637
SASRec,2008,2008-12-31,150869,48696,1,6.454375743865967
SASRec,2008,2008-12-31,150869,48394,2,6.427502155303955
SASRec,2008,2008-12-31,150869,44555,3,6.167255401611328
SASRec,2008,2008-12-31,150869,47629,4,6.087581157684326
SASRec,2008,2008-12-31,150869,49272,5,6.047589302062988
SASRec,2008,2008-12-31,150869,48516,6,6.028438568115234
SASRec,2008,2008-12-31,150869,48738,7,5.971479892730713
SASRec,2008,2008-12-31,150869,44694,8,5.938064098358154
SASRec,2008,2008-12-31,150869,51540,9,5.87258243560791
SASRec,2008,2008-12-31,150869,48780,10,5.8721818923950195
SASRec,2008,2008-12-31,150917,2001,1,5.4758405685424805
SASRec,2008,2008-12-31,150917,45447,2,5.408538818359375
SASRec,2008,2008-12-31,150917,34048,3,5.347786903381348
SASRec,2008,2008-12-31,150917,2470,4,5.298648834228516
SASRec,2008,2008-12-31,150917,520,5,5.278273105621338
SASRec,2008,2008-12-31,150917,8529,6,5.236929893493652
SASRec,2008,2008-12-31,150917,40583,7,5.0532684326171875
SASRec,2008,2008-12-31,150917,30812,8,5.007869243621826
SASRec,2008,2008-12-31,150917,8972,9,4.974424839019775
SASRec,2008,2008-12-31,150917,3755,10,4.953551292419434
SASRec,2008,2008-12-31,151104,54286,1,7.966128826141357
SASRec,2008,2008-12-31,151104,47950,2,7.878778457641602
SASRec,2008,2008-12-31,151104,50872,3,7.837104797363281
SASRec,2008,2008-12-31,151104,50685,4,7.658448696136475
SASRec,2008,2008-12-31,151104,46976,5,7.651851654052734
SASRec,2008,2008-12-31,151104,52375,6,7.639533996582031
SASRec,2008,2008-12-31,151104,54503,7,7.623641490936279
SASRec,2008,2008-12-31,151104,55765,8,7.530004501342773
SASRec,2008,2008-12-31,151104,50601,9,7.428853511810303
SASRec,2008,2008-12-31,151104,52458,10,7.414801597595215
SASRec,2008,2008-12-31,151179,53972,1,7.118574619293213
SASRec,2008,2008-12-31,151179,54001,2,6.931306838989258
SASRec,2008,2008-12-31,151179,49530,3,6.79047155380249
SASRec,2008,2008-12-31,151179,45447,4,6.751249313354492
SASRec,2008,2008-12-31,151179,53322,5,6.748094081878662
SASRec,2008,2008-12-31,151179,50794,6,6.626585006713867
SASRec,2008,2008-12-31,151179,54286,7,6.565281867980957
SASRec,2008,2008-12-31,151179,47610,8,6.409581184387207
SASRec,2008,2008-12-31,151179,54272,9,6.38602876663208
SASRec,2008,2008-12-31,151179,53125,10,6.384952545166016
SASRec,2008,2008-12-31,151703,45447,1,6.196231365203857
SASRec,2008,2008-12-31,151703,42011,2,5.635039806365967
SASRec,2008,2008-12-31,151703,33615,3,5.6068196296691895
SASRec,2008,2008-12-31,151703,32296,4,5.422471523284912
SASRec,2008,2008-12-31,151703,5218,5,5.367772102355957
SASRec,2008,2008-12-31,151703,40581,6,5.301563262939453
SASRec,2008,2008-12-31,151703,45668,7,5.278200149536133
SASRec,2008,2008-12-31,151703,44022,8,5.220341205596924
SASRec,2008,2008-12-31,151703,45501,9,5.148307800292969
SASRec,2008,2008-12-31,151703,49286,10,5.081151962280273
SASRec,2008,2008-12-31,151756,44191,1,8.899839401245117
SASRec,2008,2008-12-31,151756,318,2,8.589079856872559
SASRec,2008,2008-12-31,151756,3578,3,8.421920776367188
SASRec,2008,2008-12-31,151756,6377,4,8.173327445983887
SASRec,2008,2008-12-31,151756,8961,5,8.15844440460205
SASRec,2008,2008-12-31,151756,33794,6,8.02879524230957
SASRec,2008,2008-12-31,151756,6539,7,7.942450046539307
SASRec,2008,2008-12-31,151756,46578,8,7.87144660949707
SASRec,2008,2008-12-31,151756,30749,9,7.790167331695557
SASRec,2008,2008-12-31,151756,2329,10,7.769768714904785
SASRec,2008,2008-12-31,151871,296,1,7.304812431335449
SASRec,2008,2008-12-31,151871,318,2,6.890357971191406
SASRec,2008,2008-12-31,151871,50,3,6.418366432189941
SASRec,2008,2008-12-31,151871,32587,4,6.3835296630859375
SASRec,2008,2008-12-31,151871,8949,5,6.36198091506958
SASRec,2008,2008-12-31,151871,46578,6,6.348175048828125
SASRec,2008,2008-12-31,151871,33166,7,6.298579216003418
SASRec,2008,2008-12-31,151871,30749,8,6.269660949707031
SASRec,2008,2008-12-31,151871,608,9,6.261176586151123
SASRec,2008,2008-12-31,151871,4226,10,6.180621147155762
SASRec,2008,2008-12-31,151957,46578,1,7.9069929122924805
SASRec,2008,2008-12-31,151957,54286,2,7.713653564453125
SASRec,2008,2008-12-31,151957,49272,3,7.709741115570068
SASRec,2008,2008-12-31,151957,48394,4,7.692831039428711
SASRec,2008,2008-12-31,151957,48774,5,7.5931172370910645
SASRec,2008,2008-12-31,151957,48780,6,7.571710586547852
SASRec,2008,2008-12-31,151957,51255,7,7.281952381134033
SASRec,2008,2008-12-31,151957,46976,8,7.256929874420166
SASRec,2008,2008-12-31,151957,44191,9,7.250810623168945
SASRec,2008,2008-12-31,151957,47629,10,7.130974292755127
SASRec,2008,2008-12-31,152182,44191,1,9.25478458404541
SASRec,2008,2008-12-31,152182,46578,2,8.51960277557373
SASRec,2008,2008-12-31,152182,49272,3,8.128292083740234
SASRec,2008,2008-12-31,152182,48780,4,7.8518571853637695
SASRec,2008,2008-12-31,152182,48394,5,7.744314670562744
SASRec,2008,2008-12-31,152182,41569,6,7.653284072875977
SASRec,2008,2008-12-31,152182,45722,7,7.628663539886475
SASRec,2008,2008-12-31,152182,318,8,7.623142242431641
SASRec,2008,2008-12-31,152182,40815,9,7.577194690704346
SASRec,2008,2008-12-31,152182,54286,10,7.484982013702393
SASRec,2008,2008-12-31,152508,5254,1,6.539462089538574
SASRec,2008,2008-12-31,152508,5219,2,6.4896721839904785
SASRec,2008,2008-12-31,152508,4367,3,6.072009086608887
SASRec,2008,2008-12-31,152508,6058,4,6.026005744934082
SASRec,2008,2008-12-31,152508,6754,5,5.996977806091309
SASRec,2008,2008-12-31,152508,6294,6,5.988205909729004
SASRec,2008,2008-12-31,152508,7454,7,5.98780632019043
SASRec,2008,2008-12-31,152508,4887,8,5.963181495666504
SASRec,2008,2008-12-31,152508,5128,9,5.950430393218994
SASRec,2008,2008-12-31,152508,6383,10,5.932536602020264
SASRec,2008,2008-12-31,152851,7022,1,6.32545280456543
SASRec,2008,2008-12-31,152851,32587,2,6.153522491455078
SASRec,2008,2008-12-31,152851,34405,3,6.085987091064453
SASRec,2008,2008-12-31,152851,27773,4,5.98131799697876
SASRec,2008,2008-12-31,152851,8983,5,5.879778861999512
SASRec,2008,2008-12-31,152851,8957,6,5.8626909255981445
SASRec,2008,2008-12-31,152851,44191,7,5.857659339904785
SASRec,2008,2008-12-31,152851,7361,8,5.713850975036621
SASRec,2008,2008-12-31,152851,8370,9,5.510850429534912
SASRec,2008,2008-12-31,152851,33834,10,5.492263317108154
SASRec,2008,2008-12-31,152894,50794,1,6.940649509429932
SASRec,2008,2008-12-31,152894,52722,2,6.933619022369385
SASRec,2008,2008-12-31,152894,54272,3,6.648691177368164
SASRec,2008,2008-12-31,152894,54286,4,6.648561477661133
SASRec,2008,2008-12-31,152894,51931,5,6.572874546051025
SASRec,2008,2008-12-31,152894,45668,6,6.567784309387207
SASRec,2008,2008-12-31,152894,52644,7,6.56626033782959
SASRec,2008,2008-12-31,152894,49793,8,6.550527572631836
SASRec,2008,2008-12-31,152894,53125,9,6.517022132873535
SASRec,2008,2008-12-31,152894,51084,10,6.5069169998168945
SASRec,2008,2008-12-31,153053,37727,1,4.114192008972168
SASRec,2008,2008-12-31,153053,35957,2,4.058750629425049
SASRec,2008,2008-12-31,153053,8373,3,3.9560773372650146
SASRec,2008,2008-12-31,153053,8614,4,3.9342615604400635
SASRec,2008,2008-12-31,153053,7151,5,3.860224723815918
SASRec,2008,2008-12-31,153053,8666,6,3.715158462524414
SASRec,2008,2008-12-31,153053,8641,7,3.704127788543701
SASRec,2008,2008-12-31,153053,8865,8,3.6809628009796143
SASRec,2008,2008-12-31,153053,27808,9,3.582448959350586
SASRec,2008,2008-12-31,153053,8907,10,3.559476613998413
SASRec,2008,2008-12-31,153172,41566,1,6.296676158905029
SASRec,2008,2008-12-31,153172,40815,2,5.879687786102295
SASRec,2008,2008-12-31,153172,1968,3,5.548378944396973
SASRec,2008,2008-12-31,153172,8623,4,5.512165069580078
SASRec,2008,2008-12-31,153172,40819,5,5.351897716522217
SASRec,2008,2008-12-31,153172,8368,6,5.34454870223999
SASRec,2008,2008-12-31,153172,8376,7,5.301581859588623
SASRec,2008,2008-12-31,153172,8529,8,5.16140079498291
SASRec,2008,2008-12-31,153172,8972,9,5.157238960266113
SASRec,2008,2008-12-31,153172,6753,10,5.1513214111328125
SASRec,2008,2008-12-31,153642,54001,1,8.410966873168945
SASRec,2008,2008-12-31,153642,54286,2,8.288209915161133
SASRec,2008,2008-12-31,153642,52328,3,7.78042459487915
SASRec,2008,2008-12-31,153642,51077,4,7.719086170196533
SASRec,2008,2008-12-31,153642,48385,5,7.692687034606934
SASRec,2008,2008-12-31,153642,52245,6,7.610706806182861
SASRec,2008,2008-12-31,153642,53121,7,7.445738315582275
SASRec,2008,2008-12-31,153642,50872,8,7.437620639801025
SASRec,2008,2008-12-31,153642,48783,9,7.3307390213012695
SASRec,2008,2008-12-31,153642,46972,10,7.215120792388916
SASRec,2008,2008-12-31,153706,44191,1,7.201196670532227
SASRec,2008,2008-12-31,153706,5378,2,6.962451934814453
SASRec,2008,2008-12-31,153706,780,3,6.836280822753906
SASRec,2008,2008-12-31,153706,45447,4,6.804194450378418
SASRec,2008,2008-12-31,153706,45722,5,6.4773173332214355
SASRec,2008,2008-12-31,153706,3578,6,6.391589164733887
SASRec,2008,2008-12-31,153706,41569,7,6.358492851257324
SASRec,2008,2008-12-31,153706,4011,8,6.317466735839844
SASRec,2008,2008-12-31,153706,34048,9,6.291241645812988
SASRec,2008,2008-12-31,153706,48385,10,6.242043495178223
SASRec,2008,2008-12-31,154786,46578,1,7.684019088745117
SASRec,2008,2008-12-31,154786,46976,2,7.354447841644287
SASRec,2008,2008-12-31,154786,44195,3,6.967691421508789
SASRec,2008,2008-12-31,154786,39183,4,6.768586158752441
SASRec,2008,2008-12-31,154786,48696,5,6.639423370361328
SASRec,2008,2008-12-31,154786,45950,6,6.575124740600586
SASRec,2008,2008-12-31,154786,48082,7,6.572946548461914
SASRec,2008,2008-12-31,154786,36535,8,6.529914379119873
SASRec,2008,2008-12-31,154786,44761,9,6.524026393890381
SASRec,2008,2008-12-31,154786,54272,10,6.51292085647583
SASRec,2008,2008-12-31,155384,46578,1,7.753172874450684
SASRec,2008,2008-12-31,155384,45447,2,7.676998138427734
SASRec,2008,2008-12-31,155384,48385,3,7.564417839050293
SASRec,2008,2008-12-31,155384,44191,4,7.424398899078369
SASRec,2008,2008-12-31,155384,45722,5,7.201619625091553
SASRec,2008,2008-12-31,155384,54001,6,7.11079740524292
SASRec,2008,2008-12-31,155384,53972,7,7.095703125
SASRec,2008,2008-12-31,155384,48516,8,6.967964172363281
SASRec,2008,2008-12-31,155384,49530,9,6.870964527130127
SASRec,2008,2008-12-31,155384,41569,10,6.85035514831543
SASRec,2008,2008-12-31,155433,46976,1,6.657088279724121
SASRec,2008,2008-12-31,155433,49272,2,6.546656131744385
SASRec,2008,2008-12-31,155433,48774,3,6.484678268432617
SASRec,2008,2008-12-31,155433,48780,4,6.286477088928223
SASRec,2008,2008-12-31,155433,47610,5,6.197846412658691
SASRec,2008,2008-12-31,155433,48516,6,6.192619323730469
SASRec,2008,2008-12-31,155433,48394,7,6.179247856140137
SASRec,2008,2008-12-31,155433,54272,8,6.089825630187988
SASRec,2008,2008-12-31,155433,45666,9,6.063168525695801
SASRec,2008,2008-12-31,155433,48082,10,6.025684356689453
SASRec,2008,2008-12-31,155576,53972,1,7.744016170501709
SASRec,2008,2008-12-31,155576,54286,2,7.587594032287598
SASRec,2008,2008-12-31,155576,48780,3,7.47952938079834
SASRec,2008,2008-12-31,155576,51255,4,7.472166061401367
SASRec,2008,2008-12-31,155576,54272,5,7.437201499938965
SASRec,2008,2008-12-31,155576,48394,6,7.394658088684082
SASRec,2008,2008-12-31,155576,54001,7,7.286978244781494
SASRec,2008,2008-12-31,155576,53125,8,7.187537670135498
SASRec,2008,2008-12-31,155576,49530,9,7.148866176605225
SASRec,2008,2008-12-31,155576,45447,10,7.124982833862305
SASRec,2008,2008-12-31,155671,47950,1,7.452250957489014
SASRec,2008,2008-12-31,155671,54503,2,7.400118350982666
SASRec,2008,2008-12-31,155671,52375,3,7.356991767883301
SASRec,2008,2008-12-31,155671,51931,4,7.137679100036621
SASRec,2008,2008-12-31,155671,50064,5,6.957099437713623
SASRec,2008,2008-12-31,155671,55765,6,6.918862819671631
SASRec,2008,2008-12-31,155671,49793,7,6.875160217285156
SASRec,2008,2008-12-31,155671,52245,8,6.728756427764893
SASRec,2008,2008-12-31,155671,52241,9,6.720860481262207
SASRec,2008,2008-12-31,155671,48385,10,6.718043327331543
SASRec,2008,2008-12-31,155685,2762,1,9.704705238342285
SASRec,2008,2008-12-31,155685,296,2,9.703495025634766
SASRec,2008,2008-12-31,155685,593,3,9.607185363769531
SASRec,2008,2008-12-31,155685,589,4,9.27600383758545
SASRec,2008,2008-12-31,155685,32,5,9.164894104003906
SASRec,2008,2008-12-31,155685,858,6,8.88020133972168
SASRec,2008,2008-12-31,155685,1196,7,8.817342758178711
SASRec,2008,2008-12-31,155685,480,8,8.670243263244629
SASRec,2008,2008-12-31,155685,2997,9,8.64373779296875
SASRec,2008,2008-12-31,155685,4306,10,8.635608673095703
SASRec,2008,2008-12-31,155770,318,1,7.031596660614014
SASRec,2008,2008-12-31,155770,858,2,6.395537853240967
SASRec,2008,2008-12-31,155770,48385,3,6.273242473602295
SASRec,2008,2008-12-31,155770,1,4,6.222243309020996
SASRec,2008,2008-12-31,155770,6016,5,6.162661552429199
SASRec,2008,2008-12-31,155770,745,6,5.981457710266113
SASRec,2008,2008-12-31,155770,2329,7,5.971632957458496
SASRec,2008,2008-12-31,155770,46976,8,5.9140424728393555
SASRec,2008,2008-12-31,155770,44555,9,5.640439033508301
SASRec,2008,2008-12-31,155770,44195,10,5.610325336456299
SASRec,2008,2008-12-31,156066,45447,1,7.411398887634277
SASRec,2008,2008-12-31,156066,45668,2,6.926652908325195
SASRec,2008,2008-12-31,156066,33615,3,6.819762706756592
SASRec,2008,2008-12-31,156066,45666,4,6.801265716552734
SASRec,2008,2008-12-31,156066,46578,5,6.7800188064575195
SASRec,2008,2008-12-31,156066,42011,6,6.756637096405029
SASRec,2008,2008-12-31,156066,45501,7,6.671863555908203
SASRec,2008,2008-12-31,156066,49286,8,6.653113842010498
SASRec,2008,2008-12-31,156066,45431,9,6.649364948272705
SASRec,2008,2008-12-31,156066,34319,10,6.447804927825928
SASRec,2008,2008-12-31,156467,48774,1,6.737524509429932
SASRec,2008,2008-12-31,156467,47950,2,6.625650882720947
SASRec,2008,2008-12-31,156467,52328,3,6.513617038726807
SASRec,2008,2008-12-31,156467,44788,4,6.496475696563721
SASRec,2008,2008-12-31,156467,48696,5,6.178566932678223
SASRec,2008,2008-12-31,156467,49932,6,6.134334087371826
SASRec,2008,2008-12-31,156467,51540,7,6.118557453155518
SASRec,2008,2008-12-31,156467,48738,8,6.100419521331787
SASRec,2008,2008-12-31,156467,54272,9,6.093554496765137
SASRec,2008,2008-12-31,156467,45950,10,6.045272350311279
SASRec,2008,2008-12-31,156580,858,1,7.661844253540039
SASRec,2008,2008-12-31,156580,318,2,7.497372150421143
SASRec,2008,2008-12-31,156580,30749,3,7.298684120178223
SASRec,2008,2008-12-31,156580,50,4,7.188347339630127
SASRec,2008,2008-12-31,156580,593,5,7.079033851623535
SASRec,2008,2008-12-31,156580,34405,6,7.048916816711426
SASRec,2008,2008-12-31,156580,1136,7,6.996411323547363
SASRec,2008,2008-12-31,156580,44199,8,6.970438480377197
SASRec,2008,2008-12-31,156580,54272,9,6.940810680389404
SASRec,2008,2008-12-31,156580,37741,10,6.819475173950195
SASRec,2008,2008-12-31,156778,8950,1,7.023487567901611
SASRec,2008,2008-12-31,156778,8949,2,6.419519424438477
SASRec,2008,2008-12-31,156778,37741,3,6.335692405700684
SASRec,2008,2008-12-31,156778,2329,4,6.321870803833008
SASRec,2008,2008-12-31,156778,7022,5,6.3035173416137695
SASRec,2008,2008-12-31,156778,44191,6,6.2818098068237305
SASRec,2008,2008-12-31,156778,31410,7,6.281067848205566
SASRec,2008,2008-12-31,156778,8370,8,6.28060245513916
SASRec,2008,2008-12-31,156778,8873,9,6.154445171356201
SASRec,2008,2008-12-31,156778,7438,10,6.132599830627441
SASRec,2008,2008-12-31,156846,44191,1,5.886373043060303
SASRec,2008,2008-12-31,156846,46578,2,5.79955530166626
SASRec,2008,2008-12-31,156846,45447,3,5.741379737854004
SASRec,2008,2008-12-31,156846,44195,4,5.577460289001465
SASRec,2008,2008-12-31,156846,46976,5,5.517827987670898
SASRec,2008,2008-12-31,156846,48516,6,5.483775615692139
SASRec,2008,2008-12-31,156846,33794,7,5.434731960296631
SASRec,2008,2008-12-31,156846,49272,8,5.328639507293701
SASRec,2008,2008-12-31,156846,54272,9,5.178409576416016
SASRec,2008,2008-12-31,156846,41285,10,5.158204078674316
SASRec,2008,2008-12-31,156931,46578,1,6.616066932678223
SASRec,2008,2008-12-31,156931,39414,2,6.243558883666992
SASRec,2008,2008-12-31,156931,45447,3,6.229755878448486
SASRec,2008,2008-12-31,156931,40815,4,6.204825401306152
SASRec,2008,2008-12-31,156931,42015,5,6.183023452758789
SASRec,2008,2008-12-31,156931,46976,6,6.154777526855469
SASRec,2008,2008-12-31,156931,54001,7,6.1058149337768555
SASRec,2008,2008-12-31,156931,45501,8,6.090038299560547
SASRec,2008,2008-12-31,156931,41566,9,6.040670871734619
SASRec,2008,2008-12-31,156931,45720,10,6.024966716766357
SASRec,2008,2008-12-31,157004,54001,1,7.9292893409729
SASRec,2008,2008-12-31,157004,46578,2,7.7594170570373535
SASRec,2008,2008-12-31,157004,49286,3,7.257594585418701
SASRec,2008,2008-12-31,157004,48385,4,7.203390121459961
SASRec,2008,2008-12-31,157004,54286,5,7.18857479095459
SASRec,2008,2008-12-31,157004,53972,6,7.1342668533325195
SASRec,2008,2008-12-31,157004,46976,7,7.128085613250732
SASRec,2008,2008-12-31,157004,53125,8,7.1041388511657715
SASRec,2008,2008-12-31,157004,45666,9,7.0819993019104
SASRec,2008,2008-12-31,157004,50794,10,7.066664218902588
SASRec,2008,2008-12-31,157087,44191,1,8.10093879699707
SASRec,2008,2008-12-31,157087,49272,2,7.615200042724609
SASRec,2008,2008-12-31,157087,48780,3,7.241647243499756
SASRec,2008,2008-12-31,157087,30749,4,6.934240818023682
SASRec,2008,2008-12-31,157087,41569,5,6.887232303619385
SASRec,2008,2008-12-31,157087,48394,6,6.8834357261657715
SASRec,2008,2008-12-31,157087,54272,7,6.880465507507324
SASRec,2008,2008-12-31,157087,44199,8,6.838225841522217
SASRec,2008,2008-12-31,157087,54001,9,6.816555023193359
SASRec,2008,2008-12-31,157087,54286,10,6.618032932281494
SASRec,2008,2008-12-31,157655,44191,1,8.550349235534668
SASRec,2008,2008-12-31,157655,33794,2,7.762498378753662
SASRec,2008,2008-12-31,157655,33166,3,7.643511772155762
SASRec,2008,2008-12-31,157655,48780,4,7.633230209350586
SASRec,2008,2008-12-31,157655,49272,5,7.556591510772705
SASRec,2008,2008-12-31,157655,40815,6,7.437054634094238
SASRec,2008,2008-12-31,157655,48516,7,7.398453235626221
SASRec,2008,2008-12-31,157655,33660,8,7.393511772155762
SASRec,2008,2008-12-31,157655,46976,9,7.373702526092529
SASRec,2008,2008-12-31,157655,8961,10,7.318758964538574
SASRec,2008,2008-12-31,158183,47950,1,7.494622230529785
SASRec,2008,2008-12-31,158183,48696,2,7.43159818649292
SASRec,2008,2008-12-31,158183,54286,3,7.409938812255859
SASRec,2008,2008-12-31,158183,46976,4,7.331706523895264
SASRec,2008,2008-12-31,158183,50068,5,7.327876567840576
SASRec,2008,2008-12-31,158183,54503,6,7.3068718910217285
SASRec,2008,2008-12-31,158183,48738,7,7.30558967590332
SASRec,2008,2008-12-31,158183,46578,8,7.2317304611206055
SASRec,2008,2008-12-31,158183,51540,9,7.17092752456665
SASRec,2008,2008-12-31,158183,52328,10,7.1183085441589355
SASRec,2008,2008-12-31,158634,48774,1,5.108973503112793
SASRec,2008,2008-12-31,158634,40583,2,4.722084999084473
SASRec,2008,2008-12-31,158634,44191,3,4.6812028884887695
SASRec,2008,2008-12-31,158634,45720,4,4.625620365142822
SASRec,2008,2008-12-31,158634,54001,5,4.605737686157227
SASRec,2008,2008-12-31,158634,40815,6,4.604800701141357
SASRec,2008,2008-12-31,158634,34405,7,4.520925998687744
SASRec,2008,2008-12-31,158634,31804,8,4.461055278778076
SASRec,2008,2008-12-31,158634,44761,9,4.451444625854492
SASRec,2008,2008-12-31,158634,52328,10,4.444701671600342
SASRec,2008,2008-12-31,158662,52328,1,7.259823322296143
SASRec,2008,2008-12-31,158662,48774,2,6.898087501525879
SASRec,2008,2008-12-31,158662,53972,3,6.8545966148376465
SASRec,2008,2008-12-31,158662,52722,4,6.555657386779785
SASRec,2008,2008-12-31,158662,27904,5,6.523816108703613
SASRec,2008,2008-12-31,158662,51255,6,6.521320819854736
SASRec,2008,2008-12-31,158662,54272,7,6.464388847351074
SASRec,2008,2008-12-31,158662,54286,8,6.247810363769531
SASRec,2008,2008-12-31,158662,51540,9,6.189155578613281
SASRec,2008,2008-12-31,158662,31804,10,6.183791637420654
SASRec,2008,2008-12-31,158795,1196,1,7.08982515335083
SASRec,2008,2008-12-31,158795,1200,2,6.8092041015625
SASRec,2008,2008-12-31,158795,1214,3,6.7769694328308105
SASRec,2008,2008-12-31,158795,858,4,6.71397066116333
SASRec,2008,2008-12-31,158795,1291,5,6.594676971435547
SASRec,2008,2008-12-31,158795,32587,6,6.579310417175293
SASRec,2008,2008-12-31,158795,44191,7,6.571650505065918
SASRec,2008,2008-12-31,158795,1210,8,6.538817405700684
SASRec,2008,2008-12-31,158795,480,9,6.456595420837402
SASRec,2008,2008-12-31,158795,593,10,6.442188262939453
SASRec,2008,2008-12-31,159175,26111,1,7.465330600738525
SASRec,2008,2008-12-31,159175,26078,2,7.31644344329834
SASRec,2008,2008-12-31,159175,31522,3,7.052722930908203
SASRec,2008,2008-12-31,159175,47629,4,7.046358585357666
SASRec,2008,2008-12-31,159175,46976,5,6.946463108062744
SASRec,2008,2008-12-31,159175,46578,6,6.908451557159424
SASRec,2008,2008-12-31,159175,47950,7,6.846822738647461
SASRec,2008,2008-12-31,159175,49272,8,6.845951557159424
SASRec,2008,2008-12-31,159175,50068,9,6.754817008972168
SASRec,2008,2008-12-31,159175,25788,10,6.731447696685791
SASRec,2008,2008-12-31,159460,44191,1,5.749272346496582
SASRec,2008,2008-12-31,159460,48516,2,5.733611106872559
SASRec,2008,2008-12-31,159460,43936,3,5.640290260314941
SASRec,2008,2008-12-31,159460,49272,4,5.513256072998047
SASRec,2008,2008-12-31,159460,35957,5,5.351000785827637
SASRec,2008,2008-12-31,159460,50794,6,5.1977691650390625
SASRec,2008,2008-12-31,159460,36529,7,5.171509742736816
SASRec,2008,2008-12-31,159460,44199,8,5.159502029418945
SASRec,2008,2008-12-31,159460,41569,9,5.120856285095215
SASRec,2008,2008-12-31,159460,48780,10,5.0945587158203125
SASRec,2008,2008-12-31,159548,8970,1,5.615458965301514
SASRec,2008,2008-12-31,159548,8784,2,5.573929786682129
SASRec,2008,2008-12-31,159548,30810,3,5.535958290100098
SASRec,2008,2008-12-31,159548,30749,4,5.523589134216309
SASRec,2008,2008-12-31,159548,33166,5,5.500754356384277
SASRec,2008,2008-12-31,159548,37741,6,5.294793605804443
SASRec,2008,2008-12-31,159548,8966,7,5.290958404541016
SASRec,2008,2008-12-31,159548,41285,8,5.249815940856934
SASRec,2008,2008-12-31,159548,6942,9,5.241866588592529
SASRec,2008,2008-12-31,159548,6867,10,5.207897663116455
SASRec,2008,2008-12-31,159649,2571,1,8.446576118469238
SASRec,2008,2008-12-31,159649,2640,2,8.401309967041016
SASRec,2008,2008-12-31,159649,3578,3,8.360240936279297
SASRec,2008,2008-12-31,159649,589,4,8.347278594970703
SASRec,2008,2008-12-31,159649,5378,5,8.056928634643555
SASRec,2008,2008-12-31,159649,32,6,7.999391555786133
SASRec,2008,2008-12-31,159649,1210,7,7.976965427398682
SASRec,2008,2008-12-31,159649,1240,8,7.975579738616943
SASRec,2008,2008-12-31,159649,2628,9,7.885973930358887
SASRec,2008,2008-12-31,159649,2115,10,7.85995626449585
SASRec,2008,2008-12-31,159661,46578,1,8.185037612915039
SASRec,2008,2008-12-31,159661,110,2,8.007067680358887
SASRec,2008,2008-12-31,159661,48516,3,7.923166275024414
SASRec,2008,2008-12-31,159661,30749,4,7.896867752075195
SASRec,2008,2008-12-31,159661,40815,5,7.832864761352539
SASRec,2008,2008-12-31,159661,2028,6,7.661649703979492
SASRec,2008,2008-12-31,159661,48780,7,7.609653949737549
SASRec,2008,2008-12-31,159661,7361,8,7.364391803741455
SASRec,2008,2008-12-31,159661,608,9,7.350805759429932
SASRec,2008,2008-12-31,159661,48385,10,7.317141532897949
SASRec,2008,2008-12-31,159690,46578,1,7.992753028869629
SASRec,2008,2008-12-31,159690,46976,2,7.719120979309082
SASRec,2008,2008-12-31,159690,47950,3,7.206587791442871
SASRec,2008,2008-12-31,159690,47629,4,7.156347751617432
SASRec,2008,2008-12-31,159690,48696,5,7.155730247497559
SASRec,2008,2008-12-31,159690,48738,6,7.027109622955322
SASRec,2008,2008-12-31,159690,44555,7,6.936975479125977
SASRec,2008,2008-12-31,159690,54286,8,6.838393688201904
SASRec,2008,2008-12-31,159690,50872,9,6.836080551147461
SASRec,2008,2008-12-31,159690,45950,10,6.813310146331787
SASRec,2008,2008-12-31,159713,46578,1,6.491214275360107
SASRec,2008,2008-12-31,159713,46976,2,6.391356945037842
SASRec,2008,2008-12-31,159713,48082,3,6.381676197052002
SASRec,2008,2008-12-31,159713,48696,4,6.36799955368042
SASRec,2008,2008-12-31,159713,47950,5,6.287640571594238
SASRec,2008,2008-12-31,159713,52328,6,6.241931915283203
SASRec,2008,2008-12-31,159713,54272,7,6.2374653816223145
SASRec,2008,2008-12-31,159713,44761,8,6.228508472442627
SASRec,2008,2008-12-31,159713,44788,9,6.157799243927002
SASRec,2008,2008-12-31,159713,48738,10,6.122188568115234
SASRec,2008,2008-12-31,160352,49530,1,7.0350141525268555
SASRec,2008,2008-12-31,160352,40815,2,6.9468278884887695
SASRec,2008,2008-12-31,160352,48780,3,6.869163990020752
SASRec,2008,2008-12-31,160352,44191,4,6.867153167724609
SASRec,2008,2008-12-31,160352,46976,5,6.861884117126465
SASRec,2008,2008-12-31,160352,54001,6,6.7121734619140625
SASRec,2008,2008-12-31,160352,54286,7,6.686390399932861
SASRec,2008,2008-12-31,160352,45447,8,6.664303302764893
SASRec,2008,2008-12-31,160352,50872,9,6.6067657470703125
SASRec,2008,2008-12-31,160352,30749,10,6.343993663787842
SASRec,2008,2008-12-31,160539,42418,1,5.872687339782715
SASRec,2008,2008-12-31,160539,37741,2,5.7900543212890625
SASRec,2008,2008-12-31,160539,36276,3,5.650461196899414
SASRec,2008,2008-12-31,160539,47950,4,5.6245927810668945
SASRec,2008,2008-12-31,160539,38886,5,5.595492362976074
SASRec,2008,2008-12-31,160539,45950,6,5.554599285125732
SASRec,2008,2008-12-31,160539,44788,7,5.489788055419922
SASRec,2008,2008-12-31,160539,27608,8,5.480620384216309
SASRec,2008,2008-12-31,160539,48696,9,5.443890571594238
SASRec,2008,2008-12-31,160539,39381,10,5.441189289093018
SASRec,2008,2008-12-31,160598,47950,1,7.465343475341797
SASRec,2008,2008-12-31,160598,52375,2,7.463582515716553
SASRec,2008,2008-12-31,160598,52328,3,7.329239845275879
SASRec,2008,2008-12-31,160598,54286,4,7.3215460777282715
SASRec,2008,2008-12-31,160598,50794,5,7.29282283782959
SASRec,2008,2008-12-31,160598,49793,6,7.281689167022705
SASRec,2008,2008-12-31,160598,48783,7,7.277796268463135
SASRec,2008,2008-12-31,160598,50068,8,7.2478790283203125
SASRec,2008,2008-12-31,160598,54001,9,7.198108673095703
SASRec,2008,2008-12-31,160598,53972,10,7.103455543518066
SASRec,2008,2008-12-31,160611,2515,1,7.671383857727051
SASRec,2008,2008-12-31,160611,1681,2,7.358528137207031
SASRec,2008,2008-12-31,160611,1978,3,7.356688499450684
SASRec,2008,2008-12-31,160611,1993,4,7.28165864944458
SASRec,2008,2008-12-31,160611,2368,5,7.258998870849609
SASRec,2008,2008-12-31,160611,1322,6,7.122809886932373
SASRec,2008,2008-12-31,160611,2380,7,7.117908477783203
SASRec,2008,2008-12-31,160611,2107,8,7.079703330993652
SASRec,2008,2008-12-31,160611,2381,9,7.014077663421631
SASRec,2008,2008-12-31,160611,2798,10,6.9621734619140625
SASRec,2008,2008-12-31,160617,39414,1,3.9198224544525146
SASRec,2008,2008-12-31,160617,26386,2,3.908816337585449
SASRec,2008,2008-12-31,160617,32291,3,3.8521711826324463
SASRec,2008,2008-12-31,160617,34437,4,3.8426570892333984
SASRec,2008,2008-12-31,160617,36517,5,3.788973569869995
SASRec,2008,2008-12-31,160617,26680,6,3.7722859382629395
SASRec,2008,2008-12-31,160617,37741,7,3.699643611907959
SASRec,2008,2008-12-31,160617,40959,8,3.697887897491455
SASRec,2008,2008-12-31,160617,42018,9,3.6788525581359863
SASRec,2008,2008-12-31,160617,36537,10,3.670902729034424
SASRec,2008,2008-12-31,160765,6787,1,4.394730567932129
SASRec,2008,2008-12-31,160765,1084,2,4.162052631378174
SASRec,2008,2008-12-31,160765,608,3,4.138331890106201
SASRec,2008,2008-12-31,160765,1193,4,3.9593756198883057
SASRec,2008,2008-12-31,160765,7013,5,3.913583278656006
SASRec,2008,2008-12-31,160765,1228,6,3.8213043212890625
SASRec,2008,2008-12-31,160765,8042,7,3.811575174331665
SASRec,2008,2008-12-31,160765,30749,8,3.7734766006469727
SASRec,2008,2008-12-31,160765,111,9,3.7730088233947754
SASRec,2008,2008-12-31,160765,39292,10,3.7639636993408203
SASRec,2008,2008-12-31,161463,44191,1,8.803424835205078
SASRec,2008,2008-12-31,161463,32587,2,7.97645902633667
SASRec,2008,2008-12-31,161463,48780,3,7.865622520446777
SASRec,2008,2008-12-31,161463,30749,4,7.766404628753662
SASRec,2008,2008-12-31,161463,48394,5,7.655751705169678
SASRec,2008,2008-12-31,161463,33166,6,7.648996353149414
SASRec,2008,2008-12-31,161463,33660,7,7.36591911315918
SASRec,2008,2008-12-31,161463,34405,8,7.335619926452637
SASRec,2008,2008-12-31,161463,40815,9,7.233084201812744
SASRec,2008,2008-12-31,161463,41997,10,7.228848457336426
SASRec,2008,2008-12-31,161497,35957,1,4.951499938964844
SASRec,2008,2008-12-31,161497,37727,2,4.26955509185791
SASRec,2008,2008-12-31,161497,36519,3,4.103846549987793
SASRec,2008,2008-12-31,161497,8666,4,3.992978572845459
SASRec,2008,2008-12-31,161497,36401,5,3.9808523654937744
SASRec,2008,2008-12-31,161497,3243,6,3.962259292602539
SASRec,2008,2008-12-31,161497,2541,7,3.911961317062378
SASRec,2008,2008-12-31,161497,2827,8,3.884131669998169
SASRec,2008,2008-12-31,161497,2771,9,3.85197377204895
SASRec,2008,2008-12-31,161497,3146,10,3.8121681213378906
SASRec,2008,2008-12-31,161563,46578,1,8.37209701538086
SASRec,2008,2008-12-31,161563,49272,2,8.149490356445312
SASRec,2008,2008-12-31,161563,44191,3,8.051202774047852
SASRec,2008,2008-12-31,161563,46976,4,7.932811737060547
SASRec,2008,2008-12-31,161563,48780,5,7.872886657714844
SASRec,2008,2008-12-31,161563,54286,6,7.5985870361328125
SASRec,2008,2008-12-31,161563,48774,7,7.428228378295898
SASRec,2008,2008-12-31,161563,50068,8,7.2526535987854
SASRec,2008,2008-12-31,161563,51255,9,7.11640739440918
SASRec,2008,2008-12-31,161563,47610,10,7.112720489501953
SASRec,2008,2008-12-31,161901,1961,1,6.718329429626465
SASRec,2008,2008-12-31,161901,357,2,6.57935094833374
SASRec,2008,2008-12-31,161901,1258,3,6.523108005523682
SASRec,2008,2008-12-31,161901,1682,4,6.488112926483154
SASRec,2008,2008-12-31,161901,2797,5,6.386336803436279
SASRec,2008,2008-12-31,161901,364,6,6.325745582580566
SASRec,2008,2008-12-31,161901,44191,7,6.298833847045898
SASRec,2008,2008-12-31,161901,32587,8,6.2142791748046875
SASRec,2008,2008-12-31,161901,1080,9,6.213820457458496
SASRec,2008,2008-12-31,161901,46578,10,6.18806791305542
SASRec,2008,2008-12-31,162038,44191,1,7.550199031829834
SASRec,2008,2008-12-31,162038,34048,2,7.041581153869629
SASRec,2008,2008-12-31,162038,3948,3,7.022879600524902
SASRec,2008,2008-12-31,162038,33679,4,6.930830001831055
SASRec,2008,2008-12-31,162038,41566,5,6.913182735443115
SASRec,2008,2008-12-31,162038,45517,6,6.840330600738525
SASRec,2008,2008-12-31,162038,5378,7,6.7357378005981445
SASRec,2008,2008-12-31,162038,8644,8,6.520036697387695
SASRec,2008,2008-12-31,162038,33794,9,6.505563735961914
SASRec,2008,2008-12-31,162038,34319,10,6.4748616218566895
SASRec,2008,2008-12-31,162055,46578,1,7.780810832977295
SASRec,2008,2008-12-31,162055,30749,2,7.650713920593262
SASRec,2008,2008-12-31,162055,48516,3,7.492487907409668
SASRec,2008,2008-12-31,162055,49272,4,7.418144702911377
SASRec,2008,2008-12-31,162055,46976,5,7.382815361022949
SASRec,2008,2008-12-31,162055,48780,6,7.097458839416504
SASRec,2008,2008-12-31,162055,44191,7,6.978920936584473
SASRec,2008,2008-12-31,162055,923,8,6.902796745300293
SASRec,2008,2008-12-31,162055,904,9,6.871932029724121
SASRec,2008,2008-12-31,162055,48774,10,6.761865615844727
SASRec,2008,2008-12-31,162102,34162,1,4.671363830566406
SASRec,2008,2008-12-31,162102,40583,2,4.50643253326416
SASRec,2008,2008-12-31,162102,40815,3,4.461375713348389
SASRec,2008,2008-12-31,162102,47610,4,4.392980098724365
SASRec,2008,2008-12-31,162102,45720,5,4.3879170417785645
SASRec,2008,2008-12-31,162102,36529,6,4.283027648925781
SASRec,2008,2008-12-31,162102,44195,7,4.276668548583984
SASRec,2008,2008-12-31,162102,33660,8,4.276480674743652
SASRec,2008,2008-12-31,162102,41569,9,4.274035930633545
SASRec,2008,2008-12-31,162102,33166,10,4.2612624168396
SASRec,2008,2008-12-31,162250,5617,1,4.2419562339782715
SASRec,2008,2008-12-31,162250,3993,2,4.23902702331543
SASRec,2008,2008-12-31,162250,5785,3,4.223814487457275
SASRec,2008,2008-12-31,162250,4681,4,4.166284084320068
SASRec,2008,2008-12-31,162250,4621,5,4.0503716468811035
SASRec,2008,2008-12-31,162250,3910,6,4.034533977508545
SASRec,2008,2008-12-31,162250,4235,7,4.017969131469727
SASRec,2008,2008-12-31,162250,4673,8,4.010512351989746
SASRec,2008,2008-12-31,162250,175,9,3.9983904361724854
SASRec,2008,2008-12-31,162250,5693,10,3.9068775177001953
SASRec,2008,2008-12-31,162342,2455,1,8.973588943481445
SASRec,2008,2008-12-31,162342,2968,2,8.028234481811523
SASRec,2008,2008-12-31,162342,2985,3,7.8545026779174805
SASRec,2008,2008-12-31,162342,2529,4,7.779196739196777
SASRec,2008,2008-12-31,162342,3527,5,7.450615882873535
SASRec,2008,2008-12-31,162342,2640,6,7.421024799346924
SASRec,2008,2008-12-31,162342,3703,7,7.418558120727539
SASRec,2008,2008-12-31,162342,968,8,7.236791610717773
SASRec,2008,2008-12-31,162342,2021,9,7.181649208068848
SASRec,2008,2008-12-31,162342,2140,10,7.145832538604736
SASRec,2008,2008-12-31,162353,41569,1,6.20210599899292
SASRec,2008,2008-12-31,162353,33493,2,5.811947345733643
SASRec,2008,2008-12-31,162353,377,3,5.543087005615234
SASRec,2008,2008-12-31,162353,34048,4,5.529253959655762
SASRec,2008,2008-12-31,162353,45447,5,5.452030181884766
SASRec,2008,2008-12-31,162353,40815,6,5.450473308563232
SASRec,2008,2008-12-31,162353,165,7,5.436824798583984
SASRec,2008,2008-12-31,162353,380,8,5.434584617614746
SASRec,2008,2008-12-31,162353,48385,9,5.424488067626953
SASRec,2008,2008-12-31,162353,41566,10,5.342935085296631
SASRec,2008,2008-12-31,162426,46976,1,7.323284149169922
SASRec,2008,2008-12-31,162426,48780,2,7.005325794219971
SASRec,2008,2008-12-31,162426,48394,3,6.963101387023926
SASRec,2008,2008-12-31,162426,48774,4,6.887190818786621
SASRec,2008,2008-12-31,162426,33166,5,6.758413314819336
SASRec,2008,2008-12-31,162426,47610,6,6.7100653648376465
SASRec,2008,2008-12-31,162426,44761,7,6.678450107574463
SASRec,2008,2008-12-31,162426,32587,8,6.672398090362549
SASRec,2008,2008-12-31,162426,37741,9,6.654842853546143
SASRec,2008,2008-12-31,162426,38061,10,6.638951301574707
SASRec,2008,2008-12-31,162854,45447,1,6.2534894943237305
SASRec,2008,2008-12-31,162854,45720,2,6.0478715896606445
SASRec,2008,2008-12-31,162854,45668,3,5.859898567199707
SASRec,2008,2008-12-31,162854,42011,4,5.737855434417725
SASRec,2008,2008-12-31,162854,54001,5,5.612110614776611
SASRec,2008,2008-12-31,162854,49286,6,5.581275939941406
SASRec,2008,2008-12-31,162854,45501,7,5.550020694732666
SASRec,2008,2008-12-31,162854,39414,8,5.501481056213379
SASRec,2008,2008-12-31,162854,45666,9,5.4752373695373535
SASRec,2008,2008-12-31,162854,45517,10,5.359933853149414
SASRec,2008,2008-12-31,162946,44191,1,8.702274322509766
SASRec,2008,2008-12-31,162946,46578,2,8.426267623901367
SASRec,2008,2008-12-31,162946,48780,3,7.660694122314453
SASRec,2008,2008-12-31,162946,49272,4,7.50501823425293
SASRec,2008,2008-12-31,162946,48394,5,7.416481971740723
SASRec,2008,2008-12-31,162946,45447,6,7.339816093444824
SASRec,2008,2008-12-31,162946,54272,7,7.336390018463135
SASRec,2008,2008-12-31,162946,4993,8,7.237565517425537
SASRec,2008,2008-12-31,162946,33794,9,7.223749160766602
SASRec,2008,2008-12-31,162946,49530,10,7.203359603881836
SASRec,2008,2008-12-31,162970,32587,1,7.055829048156738
SASRec,2008,2008-12-31,162970,33166,2,6.86051082611084
SASRec,2008,2008-12-31,162970,30749,3,6.679358005523682
SASRec,2008,2008-12-31,162970,8949,4,6.640990734100342
SASRec,2008,2008-12-31,162970,44191,5,6.594493389129639
SASRec,2008,2008-12-31,162970,8970,6,6.57891845703125
SASRec,2008,2008-12-31,162970,40819,7,6.52470588684082
SASRec,2008,2008-12-31,162970,8784,8,6.464133262634277
SASRec,2008,2008-12-31,162970,30812,9,6.401050567626953
SASRec,2008,2008-12-31,162970,34405,10,6.378600120544434
SASRec,2008,2008-12-31,163465,46578,1,7.5167036056518555
SASRec,2008,2008-12-31,163465,44191,2,6.843995571136475
SASRec,2008,2008-12-31,163465,46976,3,6.779561519622803
SASRec,2008,2008-12-31,163465,48774,4,6.60372257232666
SASRec,2008,2008-12-31,163465,44195,5,6.452207565307617
SASRec,2008,2008-12-31,163465,48385,6,6.374355316162109
SASRec,2008,2008-12-31,163465,48696,7,6.359323978424072
SASRec,2008,2008-12-31,163465,49272,8,6.283380508422852
SASRec,2008,2008-12-31,163465,46723,9,6.197508811950684
SASRec,2008,2008-12-31,163465,48780,10,6.19218635559082
SASRec,2008,2008-12-31,163681,2003,1,7.111732006072998
SASRec,2008,2008-12-31,163681,2424,2,7.0869927406311035
SASRec,2008,2008-12-31,163681,2273,3,7.057135581970215
SASRec,2008,2008-12-31,163681,2005,4,7.01746940612793
SASRec,2008,2008-12-31,163681,1918,5,6.962127685546875
SASRec,2008,2008-12-31,163681,2145,6,6.783418655395508
SASRec,2008,2008-12-31,163681,2420,7,6.762476921081543
SASRec,2008,2008-12-31,163681,2161,8,6.725323677062988
SASRec,2008,2008-12-31,163681,2002,9,6.717053413391113
SASRec,2008,2008-12-31,163681,3755,10,6.663168907165527
SASRec,2008,2008-12-31,163697,51678,1,6.764646530151367
SASRec,2008,2008-12-31,163697,25850,2,6.630624294281006
SASRec,2008,2008-12-31,163697,4426,3,6.504578590393066
SASRec,2008,2008-12-31,163697,26111,4,6.370681285858154
SASRec,2008,2008-12-31,163697,8751,5,6.352544784545898
SASRec,2008,2008-12-31,163697,25954,6,6.350126266479492
SASRec,2008,2008-12-31,163697,26078,7,6.332889080047607
SASRec,2008,2008-12-31,163697,7889,8,6.242745399475098
SASRec,2008,2008-12-31,163697,26148,9,6.103031158447266
SASRec,2008,2008-12-31,163697,25866,10,6.043020725250244
SASRec,2008,2008-12-31,163970,46976,1,6.628457069396973
SASRec,2008,2008-12-31,163970,48774,2,6.5179123878479
SASRec,2008,2008-12-31,163970,47629,3,6.182173252105713
SASRec,2008,2008-12-31,163970,50068,4,6.072958469390869
SASRec,2008,2008-12-31,163970,48738,5,6.0579118728637695
SASRec,2008,2008-12-31,163970,47610,6,6.048873424530029
SASRec,2008,2008-12-31,163970,48696,7,5.991766452789307
SASRec,2008,2008-12-31,163970,30749,8,5.928099632263184
SASRec,2008,2008-12-31,163970,49530,9,5.846905708312988
SASRec,2008,2008-12-31,163970,45210,10,5.790590286254883
SASRec,2008,2008-12-31,164327,30749,1,6.040973663330078
SASRec,2008,2008-12-31,164327,7792,2,5.8229756355285645
SASRec,2008,2008-12-31,164327,36517,3,5.5016770362854
SASRec,2008,2008-12-31,164327,6787,4,5.498221397399902
SASRec,2008,2008-12-31,164327,25927,5,5.481637001037598
SASRec,2008,2008-12-31,164327,25940,6,5.429416179656982
SASRec,2008,2008-12-31,164327,33166,7,5.37061882019043
SASRec,2008,2008-12-31,164327,46578,8,5.208034992218018
SASRec,2008,2008-12-31,164327,26131,9,5.204676628112793
SASRec,2008,2008-12-31,164327,25828,10,5.166125297546387
SASRec,2008,2008-12-31,164366,53322,1,7.099998474121094
SASRec,2008,2008-12-31,164366,49286,2,6.984527587890625
SASRec,2008,2008-12-31,164366,50794,3,6.949065685272217
SASRec,2008,2008-12-31,164366,46578,4,6.921381950378418
SASRec,2008,2008-12-31,164366,54272,5,6.890738487243652
SASRec,2008,2008-12-31,164366,46976,6,6.863243103027344
SASRec,2008,2008-12-31,164366,48783,7,6.833543300628662
SASRec,2008,2008-12-31,164366,49793,8,6.803958892822266
SASRec,2008,2008-12-31,164366,52644,9,6.757530689239502
SASRec,2008,2008-12-31,164366,45668,10,6.756250858306885
SASRec,2008,2008-12-31,164391,46578,1,8.01383113861084
SASRec,2008,2008-12-31,164391,46976,2,7.7056684494018555
SASRec,2008,2008-12-31,164391,54001,3,7.493102550506592
SASRec,2008,2008-12-31,164391,54272,4,7.411250114440918
SASRec,2008,2008-12-31,164391,52722,5,7.396674156188965
SASRec,2008,2008-12-31,164391,49530,6,7.381597995758057
SASRec,2008,2008-12-31,164391,50068,7,7.291409492492676
SASRec,2008,2008-12-31,164391,48783,8,7.280488014221191
SASRec,2008,2008-12-31,164391,48774,9,7.277135372161865
SASRec,2008,2008-12-31,164391,44191,10,7.272026062011719
SASRec,2008,2008-12-31,164463,47950,1,7.7220354080200195
SASRec,2008,2008-12-31,164463,52375,2,7.415585517883301
SASRec,2008,2008-12-31,164463,54272,3,7.406503677368164
SASRec,2008,2008-12-31,164463,54503,4,7.405210018157959
SASRec,2008,2008-12-31,164463,52328,5,7.369263172149658
SASRec,2008,2008-12-31,164463,52722,6,7.364213943481445
SASRec,2008,2008-12-31,164463,52458,7,7.33135986328125
SASRec,2008,2008-12-31,164463,51255,8,7.231546401977539
SASRec,2008,2008-12-31,164463,50685,9,7.173807144165039
SASRec,2008,2008-12-31,164463,50601,10,7.116682052612305
SASRec,2008,2008-12-31,164823,432,1,11.089309692382812
SASRec,2008,2008-12-31,164823,235,2,10.705559730529785
SASRec,2008,2008-12-31,164823,586,3,10.639763832092285
SASRec,2008,2008-12-31,164823,442,4,10.135918617248535
SASRec,2008,2008-12-31,164823,1080,5,10.080421447753906
SASRec,2008,2008-12-31,164823,357,6,9.969400405883789
SASRec,2008,2008-12-31,164823,551,7,9.871633529663086
SASRec,2008,2008-12-31,164823,420,8,9.851308822631836
SASRec,2008,2008-12-31,164823,370,9,9.850794792175293
SASRec,2008,2008-12-31,164823,500,10,9.791597366333008
SASRec,2008,2008-12-31,165426,44191,1,9.126445770263672
SASRec,2008,2008-12-31,165426,48385,2,8.722942352294922
SASRec,2008,2008-12-31,165426,49272,3,8.158248901367188
SASRec,2008,2008-12-31,165426,54286,4,8.111227989196777
SASRec,2008,2008-12-31,165426,54001,5,8.07100772857666
SASRec,2008,2008-12-31,165426,48780,6,8.05479621887207
SASRec,2008,2008-12-31,165426,45722,7,8.017831802368164
SASRec,2008,2008-12-31,165426,51255,8,7.818721294403076
SASRec,2008,2008-12-31,165426,40815,9,7.775346279144287
SASRec,2008,2008-12-31,165426,296,10,7.769381523132324
SASRec,2008,2008-12-31,165745,39414,1,6.57181453704834
SASRec,2008,2008-12-31,165745,35836,2,6.011326313018799
SASRec,2008,2008-12-31,165745,42015,3,6.007678508758545
SASRec,2008,2008-12-31,165745,27808,4,5.973111629486084
SASRec,2008,2008-12-31,165745,40819,5,5.945734977722168
SASRec,2008,2008-12-31,165745,39231,6,5.907840728759766
SASRec,2008,2008-12-31,165745,32598,7,5.887092113494873
SASRec,2008,2008-12-31,165745,33166,8,5.879518508911133
SASRec,2008,2008-12-31,165745,42011,9,5.83629846572876
SASRec,2008,2008-12-31,165745,33669,10,5.813758373260498
SASRec,2008,2008-12-31,165953,2288,1,7.671256065368652
SASRec,2008,2008-12-31,165953,3476,2,7.4867777824401855
SASRec,2008,2008-12-31,165953,2160,3,7.2096734046936035
SASRec,2008,2008-12-31,165953,2455,4,7.1048736572265625
SASRec,2008,2008-12-31,165953,1748,5,6.966226100921631
SASRec,2008,2008-12-31,165953,2232,6,6.898167610168457
SASRec,2008,2008-12-31,165953,1215,7,6.748528957366943
SASRec,2008,2008-12-31,165953,1261,8,6.728656768798828
SASRec,2008,2008-12-31,165953,1921,9,6.6676249504089355
SASRec,2008,2008-12-31,165953,741,10,6.550073146820068
SASRec,2008,2008-12-31,166012,46578,1,7.68629264831543
SASRec,2008,2008-12-31,166012,54001,2,7.622395038604736
SASRec,2008,2008-12-31,166012,54286,3,7.289247989654541
SASRec,2008,2008-12-31,166012,52722,4,7.079721927642822
SASRec,2008,2008-12-31,166012,40815,5,6.986659049987793
SASRec,2008,2008-12-31,166012,46976,6,6.9005537033081055
SASRec,2008,2008-12-31,166012,51662,7,6.89534854888916
SASRec,2008,2008-12-31,166012,49286,8,6.858911991119385
SASRec,2008,2008-12-31,166012,48385,9,6.843842029571533
SASRec,2008,2008-12-31,166012,50794,10,6.832773208618164
SASRec,2008,2008-12-31,166030,46976,1,7.409832954406738
SASRec,2008,2008-12-31,166030,48696,2,7.122060298919678
SASRec,2008,2008-12-31,166030,45950,3,6.905409812927246
SASRec,2008,2008-12-31,166030,49272,4,6.768375873565674
SASRec,2008,2008-12-31,166030,38886,5,6.7245354652404785
SASRec,2008,2008-12-31,166030,37741,6,6.723691463470459
SASRec,2008,2008-12-31,166030,44788,7,6.549280166625977
SASRec,2008,2008-12-31,166030,30749,8,6.490050315856934
SASRec,2008,2008-12-31,166030,47950,9,6.4773712158203125
SASRec,2008,2008-12-31,166030,48780,10,6.472523212432861
SASRec,2008,2008-12-31,166653,46578,1,5.959763526916504
SASRec,2008,2008-12-31,166653,49272,2,5.906815528869629
SASRec,2008,2008-12-31,166653,53972,3,5.723606109619141
SASRec,2008,2008-12-31,166653,52722,4,5.47300386428833
SASRec,2008,2008-12-31,166653,54001,5,5.467556953430176
SASRec,2008,2008-12-31,166653,48385,6,5.325611114501953
SASRec,2008,2008-12-31,166653,48783,7,5.263522148132324
SASRec,2008,2008-12-31,166653,46976,8,5.260815620422363
SASRec,2008,2008-12-31,166653,46970,9,5.255778789520264
SASRec,2008,2008-12-31,166653,53322,10,5.236323833465576
SASRec,2008,2008-12-31,166863,1597,1,5.452179431915283
SASRec,2008,2008-12-31,166863,2006,2,5.367511749267578
SASRec,2008,2008-12-31,166863,1909,3,5.283995151519775
SASRec,2008,2008-12-31,166863,2012,4,5.142796516418457
SASRec,2008,2008-12-31,166863,1320,5,5.10562801361084
SASRec,2008,2008-12-31,166863,466,6,5.092519283294678
SASRec,2008,2008-12-31,166863,2470,7,4.99525260925293
SASRec,2008,2008-12-31,166863,1407,8,4.981841087341309
SASRec,2008,2008-12-31,166863,2011,9,4.9671525955200195
SASRec,2008,2008-12-31,166863,1101,10,4.947930812835693
SASRec,2008,2008-12-31,167172,44191,1,8.09841251373291
SASRec,2008,2008-12-31,167172,40815,2,7.971555233001709
SASRec,2008,2008-12-31,167172,46578,3,7.780533790588379
SASRec,2008,2008-12-31,167172,32587,4,7.462769508361816
SASRec,2008,2008-12-31,167172,45722,5,7.178730487823486
SASRec,2008,2008-12-31,167172,34405,6,7.167096138000488
SASRec,2008,2008-12-31,167172,48385,7,7.121211528778076
SASRec,2008,2008-12-31,167172,8961,8,7.071078777313232
SASRec,2008,2008-12-31,167172,54001,9,6.985766410827637
SASRec,2008,2008-12-31,167172,34048,10,6.903757095336914
SASRec,2008,2008-12-31,167287,46578,1,7.408523082733154
SASRec,2008,2008-12-31,167287,46976,2,7.20438814163208
SASRec,2008,2008-12-31,167287,48394,3,6.898510456085205
SASRec,2008,2008-12-31,167287,45950,4,6.8818840980529785
SASRec,2008,2008-12-31,167287,47950,5,6.764521598815918
SASRec,2008,2008-12-31,167287,37741,6,6.721039295196533
SASRec,2008,2008-12-31,167287,49272,7,6.709442138671875
SASRec,2008,2008-12-31,167287,44191,8,6.672214508056641
SASRec,2008,2008-12-31,167287,54272,9,6.627542972564697
SASRec,2008,2008-12-31,167287,44788,10,6.597056865692139
SASRec,2008,2008-12-31,167478,32587,1,8.678459167480469
SASRec,2008,2008-12-31,167478,318,2,7.9923505783081055
SASRec,2008,2008-12-31,167478,46578,3,7.940932273864746
SASRec,2008,2008-12-31,167478,30749,4,7.924953460693359
SASRec,2008,2008-12-31,167478,8949,5,7.783524036407471
SASRec,2008,2008-12-31,167478,6016,6,7.764214992523193
SASRec,2008,2008-12-31,167478,50,7,7.546319007873535
SASRec,2008,2008-12-31,167478,33166,8,7.511032581329346
SASRec,2008,2008-12-31,167478,8874,9,7.404180526733398
SASRec,2008,2008-12-31,167478,8784,10,7.349076271057129
SASRec,2008,2008-12-31,167570,44191,1,8.29006576538086
SASRec,2008,2008-12-31,167570,54001,2,7.918476581573486
SASRec,2008,2008-12-31,167570,48516,3,7.8217244148254395
SASRec,2008,2008-12-31,167570,45447,4,7.519555568695068
SASRec,2008,2008-12-31,167570,48780,5,7.464047431945801
SASRec,2008,2008-12-31,167570,48394,6,7.414172649383545
SASRec,2008,2008-12-31,167570,46976,7,7.383533954620361
SASRec,2008,2008-12-31,167570,45722,8,7.306271076202393
SASRec,2008,2008-12-31,167570,53972,9,7.291121959686279
SASRec,2008,2008-12-31,167570,48774,10,7.092276573181152
SASRec,2008,2008-12-31,168198,50685,1,7.942012310028076
SASRec,2008,2008-12-31,168198,47950,2,7.62618350982666
SASRec,2008,2008-12-31,168198,52375,3,7.522319316864014
SASRec,2008,2008-12-31,168198,25850,4,7.260822772979736
SASRec,2008,2008-12-31,168198,26111,5,7.196430683135986
SASRec,2008,2008-12-31,168198,48696,6,7.1194233894348145
SASRec,2008,2008-12-31,168198,50064,7,7.1023101806640625
SASRec,2008,2008-12-31,168198,26078,8,6.989648818969727
SASRec,2008,2008-12-31,168198,50872,9,6.9489641189575195
SASRec,2008,2008-12-31,168198,50068,10,6.894961357116699
SASRec,2008,2008-12-31,168502,1274,1,7.90528678894043
SASRec,2008,2008-12-31,168502,5378,2,7.815540313720703
SASRec,2008,2008-12-31,168502,2455,3,7.64444637298584
SASRec,2008,2008-12-31,168502,2232,4,7.594801902770996
SASRec,2008,2008-12-31,168502,2021,5,7.569727897644043
SASRec,2008,2008-12-31,168502,968,6,7.340203762054443
SASRec,2008,2008-12-31,168502,29,7,7.297310829162598
SASRec,2008,2008-12-31,168502,1356,8,7.295597553253174
SASRec,2008,2008-12-31,168502,589,9,7.157134056091309
SASRec,2008,2008-12-31,168502,2968,10,7.113332271575928
SASRec,2008,2008-12-31,168730,6016,1,8.321123123168945
SASRec,2008,2008-12-31,168730,7361,2,8.238637924194336
SASRec,2008,2008-12-31,168730,32587,3,8.121908187866211
SASRec,2008,2008-12-31,168730,30749,4,7.7211198806762695
SASRec,2008,2008-12-31,168730,44191,5,7.629878997802734
SASRec,2008,2008-12-31,168730,4878,6,7.510363578796387
SASRec,2008,2008-12-31,168730,8950,7,7.327591896057129
SASRec,2008,2008-12-31,168730,4235,8,7.224793910980225
SASRec,2008,2008-12-31,168730,46578,9,7.223138809204102
SASRec,2008,2008-12-31,168730,27773,10,7.181760787963867
SASRec,2008,2008-12-31,169098,2502,1,6.4947052001953125
SASRec,2008,2008-12-31,169098,3948,2,6.127017021179199
SASRec,2008,2008-12-31,169098,4993,3,6.113903045654297
SASRec,2008,2008-12-31,169098,1777,4,6.058290004730225
SASRec,2008,2008-12-31,169098,551,5,6.057613849639893
SASRec,2008,2008-12-31,169098,2321,6,6.036367416381836
SASRec,2008,2008-12-31,169098,1258,7,6.027286529541016
SASRec,2008,2008-12-31,169098,1500,8,6.019471168518066
SASRec,2008,2008-12-31,169098,3052,9,5.953933238983154
SASRec,2008,2008-12-31,169098,1639,10,5.946491241455078
SASRec,2008,2008-12-31,169240,40815,1,7.2097907066345215
SASRec,2008,2008-12-31,169240,46578,2,7.124297618865967
SASRec,2008,2008-12-31,169240,54001,3,6.880358695983887
SASRec,2008,2008-12-31,169240,45668,4,6.621171474456787
SASRec,2008,2008-12-31,169240,46976,5,6.532093048095703
SASRec,2008,2008-12-31,169240,41569,6,6.50484561920166
SASRec,2008,2008-12-31,169240,45447,7,6.447960376739502
SASRec,2008,2008-12-31,169240,44191,8,6.445974349975586
SASRec,2008,2008-12-31,169240,40629,9,6.424395561218262
SASRec,2008,2008-12-31,169240,34162,10,6.389559745788574
SASRec,2008,2008-12-31,169441,54001,1,7.280758380889893
SASRec,2008,2008-12-31,169441,42011,2,6.90976619720459
SASRec,2008,2008-12-31,169441,52722,3,6.8847150802612305
SASRec,2008,2008-12-31,169441,46970,4,6.7645111083984375
SASRec,2008,2008-12-31,169441,54272,5,6.742505073547363
SASRec,2008,2008-12-31,169441,45668,6,6.729070663452148
SASRec,2008,2008-12-31,169441,49272,7,6.670896530151367
SASRec,2008,2008-12-31,169441,45501,8,6.646285533905029
SASRec,2008,2008-12-31,169441,45720,9,6.626888751983643
SASRec,2008,2008-12-31,169441,48783,10,6.586606502532959
SASRec,2008,2008-12-31,169717,55245,1,8.981795310974121
SASRec,2008,2008-12-31,169717,49793,2,8.228984832763672
SASRec,2008,2008-12-31,169717,52245,3,8.206239700317383
SASRec,2008,2008-12-31,169717,54780,4,8.19996166229248
SASRec,2008,2008-12-31,169717,52328,5,8.196539878845215
SASRec,2008,2008-12-31,169717,48416,6,8.143424987792969
SASRec,2008,2008-12-31,169717,54736,7,8.045539855957031
SASRec,2008,2008-12-31,169717,54286,8,8.042501449584961
SASRec,2008,2008-12-31,169717,55080,9,8.010856628417969
SASRec,2008,2008-12-31,169717,53460,10,7.999695777893066
SASRec,2008,2008-12-31,169916,54272,1,8.537762641906738
SASRec,2008,2008-12-31,169916,52644,2,8.339899063110352
SASRec,2008,2008-12-31,169916,54001,3,8.254663467407227
SASRec,2008,2008-12-31,169916,53972,4,8.252076148986816
SASRec,2008,2008-12-31,169916,51255,5,8.127134323120117
SASRec,2008,2008-12-31,169916,50872,6,7.901011943817139
SASRec,2008,2008-12-31,169916,52458,7,7.880059719085693
SASRec,2008,2008-12-31,169916,53322,8,7.8505072593688965
SASRec,2008,2008-12-31,169916,51931,9,7.789777755737305
SASRec,2008,2008-12-31,169916,50794,10,7.712416648864746
SASRec,2008,2008-12-31,169918,46578,1,7.744580268859863
SASRec,2008,2008-12-31,169918,44191,2,7.404913902282715
SASRec,2008,2008-12-31,169918,45447,3,7.324153900146484
SASRec,2008,2008-12-31,169918,48516,4,7.183714389801025
SASRec,2008,2008-12-31,169918,49272,5,7.113118648529053
SASRec,2008,2008-12-31,169918,48385,6,7.042026519775391
SASRec,2008,2008-12-31,169918,45722,7,6.966608047485352
SASRec,2008,2008-12-31,169918,54286,8,6.930253982543945
SASRec,2008,2008-12-31,169918,54001,9,6.867360591888428
SASRec,2008,2008-12-31,169918,48394,10,6.822648525238037
SASRec,2008,2008-12-31,170231,52328,1,6.105379581451416
SASRec,2008,2008-12-31,170231,48774,2,5.986269474029541
SASRec,2008,2008-12-31,170231,53972,3,5.965455055236816
SASRec,2008,2008-12-31,170231,31804,4,5.760454177856445
SASRec,2008,2008-12-31,170231,53125,5,5.6416168212890625
SASRec,2008,2008-12-31,170231,43928,6,5.611762523651123
SASRec,2008,2008-12-31,170231,48394,7,5.575575828552246
SASRec,2008,2008-12-31,170231,51255,8,5.56816291809082
SASRec,2008,2008-12-31,170231,50794,9,5.548447608947754
SASRec,2008,2008-12-31,170231,44022,10,5.535597324371338
SASRec,2008,2008-12-31,170457,8337,1,6.047482490539551
SASRec,2008,2008-12-31,170457,25856,2,5.920151233673096
SASRec,2008,2008-12-31,170457,8459,3,5.809260368347168
SASRec,2008,2008-12-31,170457,8751,4,5.6967644691467285
SASRec,2008,2008-12-31,170457,37741,5,5.623927116394043
SASRec,2008,2008-12-31,170457,25923,6,5.6067705154418945
SASRec,2008,2008-12-31,170457,25850,7,5.490750312805176
SASRec,2008,2008-12-31,170457,39292,8,5.393887996673584
SASRec,2008,2008-12-31,170457,25927,9,5.380949974060059
SASRec,2008,2008-12-31,170457,8338,10,5.379538059234619
SASRec,2008,2008-12-31,170636,54001,1,7.988429546356201
SASRec,2008,2008-12-31,170636,46578,2,7.688963890075684
SASRec,2008,2008-12-31,170636,45668,3,7.42418909072876
SASRec,2008,2008-12-31,170636,41569,4,7.206639766693115
SASRec,2008,2008-12-31,170636,52722,5,7.1836419105529785
SASRec,2008,2008-12-31,170636,49286,6,7.142679214477539
SASRec,2008,2008-12-31,170636,45431,7,7.132019996643066
SASRec,2008,2008-12-31,170636,45720,8,7.083034515380859
SASRec,2008,2008-12-31,170636,46976,9,7.035559177398682
SASRec,2008,2008-12-31,170636,45517,10,7.025765419006348
SASRec,2008,2008-12-31,170740,858,1,8.449823379516602
SASRec,2008,2008-12-31,170740,49272,2,8.429243087768555
SASRec,2008,2008-12-31,170740,46578,3,8.286050796508789
SASRec,2008,2008-12-31,170740,32587,4,8.27625560760498
SASRec,2008,2008-12-31,170740,1196,5,8.140768051147461
SASRec,2008,2008-12-31,170740,40815,6,8.00260066986084
SASRec,2008,2008-12-31,170740,30749,7,7.786318778991699
SASRec,2008,2008-12-31,170740,8961,8,7.709223747253418
SASRec,2008,2008-12-31,170740,54286,9,7.675858020782471
SASRec,2008,2008-12-31,170740,48385,10,7.666395664215088
SASRec,2008,2008-12-31,171049,37741,1,5.813536643981934
SASRec,2008,2008-12-31,171049,38886,2,5.527887344360352
SASRec,2008,2008-12-31,171049,25805,3,5.51855993270874
SASRec,2008,2008-12-31,171049,6023,4,5.514863967895508
SASRec,2008,2008-12-31,171049,36276,5,5.363655090332031
SASRec,2008,2008-12-31,171049,45950,6,5.285250186920166
SASRec,2008,2008-12-31,171049,8338,7,5.271655559539795
SASRec,2008,2008-12-31,171049,25940,8,5.239667892456055
SASRec,2008,2008-12-31,171049,36517,9,5.208405017852783
SASRec,2008,2008-12-31,171049,32179,10,5.185528755187988
SASRec,2008,2008-12-31,171228,33660,1,6.038126468658447
SASRec,2008,2008-12-31,171228,40629,2,6.026167392730713
SASRec,2008,2008-12-31,171228,49530,3,5.510954856872559
SASRec,2008,2008-12-31,171228,39183,4,5.358326435089111
SASRec,2008,2008-12-31,171228,54286,5,5.343563079833984
SASRec,2008,2008-12-31,171228,50872,6,5.325387477874756
SASRec,2008,2008-12-31,171228,45950,7,5.289239883422852
SASRec,2008,2008-12-31,171228,38886,8,5.2757110595703125
SASRec,2008,2008-12-31,171228,40583,9,5.24734354019165
SASRec,2008,2008-12-31,171228,45210,10,5.240557670593262
SASRec,2008,2008-12-31,172151,6016,1,7.698025703430176
SASRec,2008,2008-12-31,172151,296,2,7.542462348937988
SASRec,2008,2008-12-31,172151,318,3,7.093142986297607
SASRec,2008,2008-12-31,172151,32587,4,6.9882097244262695
SASRec,2008,2008-12-31,172151,27773,5,6.980132579803467
SASRec,2008,2008-12-31,172151,4226,6,6.976548194885254
SASRec,2008,2008-12-31,172151,1252,7,6.85764741897583
SASRec,2008,2008-12-31,172151,7438,8,6.852518081665039
SASRec,2008,2008-12-31,172151,8949,9,6.833540916442871
SASRec,2008,2008-12-31,172151,50,10,6.814047813415527
SASRec,2008,2008-12-31,172436,54286,1,7.602675914764404
SASRec,2008,2008-12-31,172436,52722,2,7.545121192932129
SASRec,2008,2008-12-31,172436,53972,3,7.479804039001465
SASRec,2008,2008-12-31,172436,51077,4,7.071145057678223
SASRec,2008,2008-12-31,172436,54272,5,6.932251453399658
SASRec,2008,2008-12-31,172436,648,6,6.883289337158203
SASRec,2008,2008-12-31,172436,50794,7,6.760914325714111
SASRec,2008,2008-12-31,172436,53125,8,6.697380065917969
SASRec,2008,2008-12-31,172436,54503,9,6.562484264373779
SASRec,2008,2008-12-31,172436,434,10,6.558511257171631
SASRec,2008,2008-12-31,172740,44191,1,8.429738998413086
SASRec,2008,2008-12-31,172740,49272,2,8.215726852416992
SASRec,2008,2008-12-31,172740,48394,3,7.928256988525391
SASRec,2008,2008-12-31,172740,48385,4,7.80224609375
SASRec,2008,2008-12-31,172740,54286,5,7.789994716644287
SASRec,2008,2008-12-31,172740,54272,6,7.7641754150390625
SASRec,2008,2008-12-31,172740,54001,7,7.4944024085998535
SASRec,2008,2008-12-31,172740,51255,8,7.421195983886719
SASRec,2008,2008-12-31,172740,49530,9,7.3124098777771
SASRec,2008,2008-12-31,172740,48738,10,7.280003070831299
SASRec,2008,2008-12-31,172901,46578,1,7.6862711906433105
SASRec,2008,2008-12-31,172901,49272,2,7.224761962890625
SASRec,2008,2008-12-31,172901,41569,3,7.105662822723389
SASRec,2008,2008-12-31,172901,44195,4,7.030351638793945
SASRec,2008,2008-12-31,172901,41997,5,6.886338233947754
SASRec,2008,2008-12-31,172901,30707,6,6.851280689239502
SASRec,2008,2008-12-31,172901,8949,7,6.812704086303711
SASRec,2008,2008-12-31,172901,48780,8,6.80915641784668
SASRec,2008,2008-12-31,172901,38038,9,6.8045430183410645
SASRec,2008,2008-12-31,172901,46976,10,6.8037824630737305
SASRec,2008,2008-12-31,173199,318,1,9.068434715270996
SASRec,2008,2008-12-31,173199,1,2,8.926361083984375
SASRec,2008,2008-12-31,173199,593,3,8.829387664794922
SASRec,2008,2008-12-31,173199,858,4,8.641902923583984
SASRec,2008,2008-12-31,173199,2762,5,8.373567581176758
SASRec,2008,2008-12-31,173199,50,6,8.351518630981445
SASRec,2008,2008-12-31,173199,1136,7,8.313380241394043
SASRec,2008,2008-12-31,173199,1196,8,8.263952255249023
SASRec,2008,2008-12-31,173199,8961,9,8.261087417602539
SASRec,2008,2008-12-31,173199,2858,10,8.161616325378418
SASRec,2008,2008-12-31,173615,46578,1,7.285361289978027
SASRec,2008,2008-12-31,173615,54001,2,7.22556209564209
SASRec,2008,2008-12-31,173615,53972,3,7.202695846557617
SASRec,2008,2008-12-31,173615,54286,4,7.196384429931641
SASRec,2008,2008-12-31,173615,52722,5,7.170191764831543
SASRec,2008,2008-12-31,173615,45447,6,7.075767517089844
SASRec,2008,2008-12-31,173615,48780,7,7.070504665374756
SASRec,2008,2008-12-31,173615,48385,8,7.022952556610107
SASRec,2008,2008-12-31,173615,51255,9,6.934649467468262
SASRec,2008,2008-12-31,173615,45722,10,6.917389869689941
SASRec,2008,2008-12-31,173646,608,1,8.098176002502441
SASRec,2008,2008-12-31,173646,1213,2,7.793025493621826
SASRec,2008,2008-12-31,173646,318,3,7.747991561889648
SASRec,2008,2008-12-31,173646,50,4,7.492612838745117
SASRec,2008,2008-12-31,173646,1242,5,7.259984016418457
SASRec,2008,2008-12-31,173646,923,6,7.2439727783203125
SASRec,2008,2008-12-31,173646,858,7,7.206151962280273
SASRec,2008,2008-12-31,173646,1225,8,7.204038143157959
SASRec,2008,2008-12-31,173646,1953,9,7.121293067932129
SASRec,2008,2008-12-31,173646,1266,10,7.111135482788086
SASRec,2008,2008-12-31,173784,46578,1,7.921688079833984
SASRec,2008,2008-12-31,173784,54001,2,7.634759426116943
SASRec,2008,2008-12-31,173784,48516,3,7.4798994064331055
SASRec,2008,2008-12-31,173784,48385,4,7.470398426055908
SASRec,2008,2008-12-31,173784,48780,5,7.453767776489258
SASRec,2008,2008-12-31,173784,52722,6,7.432584285736084
SASRec,2008,2008-12-31,173784,48394,7,7.3994646072387695
SASRec,2008,2008-12-31,173784,54272,8,7.365407943725586
SASRec,2008,2008-12-31,173784,54286,9,7.344325542449951
SASRec,2008,2008-12-31,173784,41569,10,7.294500350952148
SASRec,2008,2008-12-31,173804,37741,1,6.635537147521973
SASRec,2008,2008-12-31,173804,47950,2,6.5832719802856445
SASRec,2008,2008-12-31,173804,48082,3,6.3582963943481445
SASRec,2008,2008-12-31,173804,42015,4,6.297951698303223
SASRec,2008,2008-12-31,173804,44204,5,6.297544002532959
SASRec,2008,2008-12-31,173804,49961,6,6.278157711029053
SASRec,2008,2008-12-31,173804,48780,7,6.224799156188965
SASRec,2008,2008-12-31,173804,42018,8,6.206022262573242
SASRec,2008,2008-12-31,173804,48738,9,6.178344249725342
SASRec,2008,2008-12-31,173804,49822,10,6.1213154792785645
SASRec,2008,2008-12-31,173979,2502,1,5.146214008331299
SASRec,2008,2008-12-31,173979,2395,2,4.871601581573486
SASRec,2008,2008-12-31,173979,1517,3,4.7742767333984375
SASRec,2008,2008-12-31,173979,2918,4,4.772614002227783
SASRec,2008,2008-12-31,173979,3052,5,4.688687801361084
SASRec,2008,2008-12-31,173979,3481,6,4.572109699249268
SASRec,2008,2008-12-31,173979,1641,7,4.532284259796143
SASRec,2008,2008-12-31,173979,3210,8,4.4659318923950195
SASRec,2008,2008-12-31,173979,1682,9,4.46304178237915
SASRec,2008,2008-12-31,173979,1732,10,4.424933910369873
SASRec,2008,2008-12-31,174092,50685,1,7.3476786613464355
SASRec,2008,2008-12-31,174092,54286,2,7.028395652770996
SASRec,2008,2008-12-31,174092,52458,3,6.904349327087402
SASRec,2008,2008-12-31,174092,54503,4,6.856145858764648
SASRec,2008,2008-12-31,174092,50064,5,6.75056266784668
SASRec,2008,2008-12-31,174092,50005,6,6.728670597076416
SASRec,2008,2008-12-31,174092,55765,7,6.68382453918457
SASRec,2008,2008-12-31,174092,51698,8,6.581364154815674
SASRec,2008,2008-12-31,174092,52241,9,6.573151111602783
SASRec,2008,2008-12-31,174092,52245,10,6.547120571136475
SASRec,2008,2008-12-31,174514,49793,1,7.041224479675293
SASRec,2008,2008-12-31,174514,50794,2,6.9326324462890625
SASRec,2008,2008-12-31,174514,54780,3,6.894525051116943
SASRec,2008,2008-12-31,174514,52375,4,6.8915019035339355
SASRec,2008,2008-12-31,174514,52644,5,6.811712741851807
SASRec,2008,2008-12-31,174514,55274,6,6.802951812744141
SASRec,2008,2008-12-31,174514,48416,7,6.7274250984191895
SASRec,2008,2008-12-31,174514,50685,8,6.689952373504639
SASRec,2008,2008-12-31,174514,51931,9,6.657815456390381
SASRec,2008,2008-12-31,174514,55765,10,6.551023483276367
SASRec,2008,2008-12-31,174538,52328,1,7.065145492553711
SASRec,2008,2008-12-31,174538,31804,2,6.726646423339844
SASRec,2008,2008-12-31,174538,54272,3,6.446649074554443
SASRec,2008,2008-12-31,174538,34319,4,6.378652095794678
SASRec,2008,2008-12-31,174538,52722,5,6.33886194229126
SASRec,2008,2008-12-31,174538,34405,6,6.264227867126465
SASRec,2008,2008-12-31,174538,44022,7,6.241421222686768
SASRec,2008,2008-12-31,174538,53972,8,6.21897029876709
SASRec,2008,2008-12-31,174538,50794,9,6.214249610900879
SASRec,2008,2008-12-31,174538,54001,10,6.200587749481201
SASRec,2008,2008-12-31,174564,48385,1,8.378047943115234
SASRec,2008,2008-12-31,174564,53972,2,8.289093017578125
SASRec,2008,2008-12-31,174564,44191,3,8.273370742797852
SASRec,2008,2008-12-31,174564,52722,4,8.269630432128906
SASRec,2008,2008-12-31,174564,54272,5,8.238031387329102
SASRec,2008,2008-12-31,174564,51662,6,7.881038665771484
SASRec,2008,2008-12-31,174564,51077,7,7.81454610824585
SASRec,2008,2008-12-31,174564,52973,8,7.758301734924316
SASRec,2008,2008-12-31,174564,55765,9,7.563174724578857
SASRec,2008,2008-12-31,174564,53464,10,7.532246112823486
SASRec,2008,2008-12-31,174699,47629,1,6.880119323730469
SASRec,2008,2008-12-31,174699,30749,2,6.8390583992004395
SASRec,2008,2008-12-31,174699,26148,3,6.800693511962891
SASRec,2008,2008-12-31,174699,25850,4,6.7297892570495605
SASRec,2008,2008-12-31,174699,46976,5,6.641922473907471
SASRec,2008,2008-12-31,174699,49272,6,6.610637187957764
SASRec,2008,2008-12-31,174699,37741,7,6.486553192138672
SASRec,2008,2008-12-31,174699,45210,8,6.435622215270996
SASRec,2008,2008-12-31,174699,45950,9,6.425780296325684
SASRec,2008,2008-12-31,174699,48780,10,6.357763290405273
SASRec,2008,2008-12-31,175000,48394,1,6.938200950622559
SASRec,2008,2008-12-31,175000,44191,2,6.697577476501465
SASRec,2008,2008-12-31,175000,48774,3,6.560665130615234
SASRec,2008,2008-12-31,175000,48516,4,6.535669803619385
SASRec,2008,2008-12-31,175000,750,5,6.484652042388916
SASRec,2008,2008-12-31,175000,858,6,6.453606128692627
SASRec,2008,2008-12-31,175000,49272,7,6.158205032348633
SASRec,2008,2008-12-31,175000,608,8,6.066230297088623
SASRec,2008,2008-12-31,175000,1252,9,6.007944583892822
SASRec,2008,2008-12-31,175000,7022,10,5.9793195724487305
SASRec,2008,2008-12-31,175155,46976,1,8.025471687316895
SASRec,2008,2008-12-31,175155,48738,2,7.6379499435424805
SASRec,2008,2008-12-31,175155,54286,3,7.59596061706543
SASRec,2008,2008-12-31,175155,51255,4,7.441444396972656
SASRec,2008,2008-12-31,175155,50872,5,7.207493305206299
SASRec,2008,2008-12-31,175155,49530,6,7.085270881652832
SASRec,2008,2008-12-31,175155,48385,7,7.010037899017334
SASRec,2008,2008-12-31,175155,48696,8,6.838194370269775
SASRec,2008,2008-12-31,175155,45210,9,6.7012529373168945
SASRec,2008,2008-12-31,175155,44195,10,6.697113037109375
SASRec,2008,2008-12-31,175271,49932,1,6.685527801513672
SASRec,2008,2008-12-31,175271,48774,2,6.574979305267334
SASRec,2008,2008-12-31,175271,6023,3,6.284971237182617
SASRec,2008,2008-12-31,175271,48394,4,6.0794172286987305
SASRec,2008,2008-12-31,175271,44555,5,6.078693866729736
SASRec,2008,2008-12-31,175271,8620,6,5.92165470123291
SASRec,2008,2008-12-31,175271,26258,7,5.890941619873047
SASRec,2008,2008-12-31,175271,39381,8,5.877443790435791
SASRec,2008,2008-12-31,175271,7938,9,5.811098575592041
SASRec,2008,2008-12-31,175271,7940,10,5.7749762535095215
SASRec,2008,2008-12-31,175326,46578,1,6.827094078063965
SASRec,2008,2008-12-31,175326,6016,2,6.739074230194092
SASRec,2008,2008-12-31,175326,45950,3,6.667819023132324
SASRec,2008,2008-12-31,175326,48780,4,6.484262943267822
SASRec,2008,2008-12-31,175326,7361,5,6.390770435333252
SASRec,2008,2008-12-31,175326,33166,6,6.232263088226318
SASRec,2008,2008-12-31,175326,8950,7,6.211446285247803
SASRec,2008,2008-12-31,175326,48394,8,6.20952033996582
SASRec,2008,2008-12-31,175326,32587,9,6.204500198364258
SASRec,2008,2008-12-31,175326,33660,10,6.171016693115234
SASRec,2008,2008-12-31,175482,26111,1,7.465366363525391
SASRec,2008,2008-12-31,175482,50872,2,7.0988078117370605
SASRec,2008,2008-12-31,175482,50068,3,7.049973964691162
SASRec,2008,2008-12-31,175482,52375,4,7.028288841247559
SASRec,2008,2008-12-31,175482,52458,5,7.020014762878418
SASRec,2008,2008-12-31,175482,52328,6,6.950164318084717
SASRec,2008,2008-12-31,175482,50685,7,6.946347236633301
SASRec,2008,2008-12-31,175482,53125,8,6.9313812255859375
SASRec,2008,2008-12-31,175482,52694,9,6.91579008102417
SASRec,2008,2008-12-31,175482,54503,10,6.852512359619141
SASRec,2008,2008-12-31,175947,46578,1,7.680119514465332
SASRec,2008,2008-12-31,175947,44191,2,7.073549270629883
SASRec,2008,2008-12-31,175947,46976,3,6.90391731262207
SASRec,2008,2008-12-31,175947,49272,4,6.700615882873535
SASRec,2008,2008-12-31,175947,48516,5,6.579406261444092
SASRec,2008,2008-12-31,175947,48385,6,6.47968053817749
SASRec,2008,2008-12-31,175947,48780,7,6.444026470184326
SASRec,2008,2008-12-31,175947,54001,8,6.417906284332275
SASRec,2008,2008-12-31,175947,41569,9,6.392599582672119
SASRec,2008,2008-12-31,175947,47610,10,6.365838527679443
SASRec,2008,2008-12-31,176001,46578,1,7.407400131225586
SASRec,2008,2008-12-31,176001,46530,2,7.111506462097168
SASRec,2008,2008-12-31,176001,48780,3,7.006816864013672
SASRec,2008,2008-12-31,176001,53125,4,6.916585445404053
SASRec,2008,2008-12-31,176001,41569,5,6.761157512664795
SASRec,2008,2008-12-31,176001,51662,6,6.68730354309082
SASRec,2008,2008-12-31,176001,45186,7,6.619378089904785
SASRec,2008,2008-12-31,176001,50794,8,6.581711769104004
SASRec,2008,2008-12-31,176001,34319,9,6.547244071960449
SASRec,2008,2008-12-31,176001,48394,10,6.522486209869385
SASRec,2008,2008-12-31,176198,30749,1,7.847658634185791
SASRec,2008,2008-12-31,176198,8961,2,7.819721221923828
SASRec,2008,2008-12-31,176198,48385,3,7.0734758377075195
SASRec,2008,2008-12-31,176198,8784,4,7.059976100921631
SASRec,2008,2008-12-31,176198,48394,5,7.023400783538818
SASRec,2008,2008-12-31,176198,608,6,6.936967372894287
SASRec,2008,2008-12-31,176198,1,7,6.921907901763916
SASRec,2008,2008-12-31,176198,40815,8,6.879052639007568
SASRec,2008,2008-12-31,176198,260,9,6.831765651702881
SASRec,2008,2008-12-31,176198,33493,10,6.773379802703857
SASRec,2008,2008-12-31,176228,50685,1,6.855512619018555
SASRec,2008,2008-12-31,176228,47950,2,6.736810684204102
SASRec,2008,2008-12-31,176228,44204,3,6.302770137786865
SASRec,2008,2008-12-31,176228,25850,4,6.2824602127075195
SASRec,2008,2008-12-31,176228,38886,5,6.257746696472168
SASRec,2008,2008-12-31,176228,45950,6,6.191410064697266
SASRec,2008,2008-12-31,176228,48774,7,6.162441730499268
SASRec,2008,2008-12-31,176228,50068,8,6.065746307373047
SASRec,2008,2008-12-31,176228,39381,9,6.022966384887695
SASRec,2008,2008-12-31,176228,49822,10,5.985804557800293
SASRec,2008,2008-12-31,176578,36276,1,4.894787788391113
SASRec,2008,2008-12-31,176578,8977,2,4.870416164398193
SASRec,2008,2008-12-31,176578,40278,3,4.725664138793945
SASRec,2008,2008-12-31,176578,31804,4,4.713722229003906
SASRec,2008,2008-12-31,176578,39444,5,4.67451286315918
SASRec,2008,2008-12-31,176578,26152,6,4.618222236633301
SASRec,2008,2008-12-31,176578,48142,7,4.559901237487793
SASRec,2008,2008-12-31,176578,26386,8,4.555996417999268
SASRec,2008,2008-12-31,176578,31420,9,4.5122904777526855
SASRec,2008,2008-12-31,176578,40732,10,4.486801624298096
SASRec,2008,2008-12-31,176610,32587,1,7.28184700012207
SASRec,2008,2008-12-31,176610,41569,2,7.092872619628906
SASRec,2008,2008-12-31,176610,49272,3,7.017175674438477
SASRec,2008,2008-12-31,176610,34405,4,6.874557018280029
SASRec,2008,2008-12-31,176610,48385,5,6.866603851318359
SASRec,2008,2008-12-31,176610,44195,6,6.793159008026123
SASRec,2008,2008-12-31,176610,48780,7,6.765141487121582
SASRec,2008,2008-12-31,176610,54001,8,6.747698783874512
SASRec,2008,2008-12-31,176610,35836,9,6.571295261383057
SASRec,2008,2008-12-31,176610,48394,10,6.509638786315918
SASRec,2008,2008-12-31,176834,46578,1,8.296557426452637
SASRec,2008,2008-12-31,176834,53125,2,8.098211288452148
SASRec,2008,2008-12-31,176834,53972,3,8.093954086303711
SASRec,2008,2008-12-31,176834,54272,4,8.06701374053955
SASRec,2008,2008-12-31,176834,45447,5,8.003820419311523
SASRec,2008,2008-12-31,176834,54503,6,7.589504241943359
SASRec,2008,2008-12-31,176834,50872,7,7.5688252449035645
SASRec,2008,2008-12-31,176834,49530,8,7.531234264373779
SASRec,2008,2008-12-31,176834,53322,9,7.260555267333984
SASRec,2008,2008-12-31,176834,46976,10,7.233968734741211
SASRec,2008,2008-12-31,176899,54286,1,8.549612045288086
SASRec,2008,2008-12-31,176899,48516,2,8.178589820861816
SASRec,2008,2008-12-31,176899,48780,3,8.07844352722168
SASRec,2008,2008-12-31,176899,48774,4,7.986225605010986
SASRec,2008,2008-12-31,176899,50068,5,7.955862045288086
SASRec,2008,2008-12-31,176899,50872,6,7.868536949157715
SASRec,2008,2008-12-31,176899,54272,7,7.760391712188721
SASRec,2008,2008-12-31,176899,49530,8,7.707365989685059
SASRec,2008,2008-12-31,176899,54503,9,7.599184513092041
SASRec,2008,2008-12-31,176899,52722,10,7.383996963500977
SASRec,2008,2008-12-31,176910,4034,1,6.573819160461426
SASRec,2008,2008-12-31,176910,3996,2,6.343022346496582
SASRec,2008,2008-12-31,176910,4246,3,5.896496772766113
SASRec,2008,2008-12-31,176910,4226,4,5.883629322052002
SASRec,2008,2008-12-31,176910,4022,5,5.81931209564209
SASRec,2008,2008-12-31,176910,4306,6,5.702912330627441
SASRec,2008,2008-12-31,176910,3977,7,5.645002841949463
SASRec,2008,2008-12-31,176910,3911,8,5.612158298492432
SASRec,2008,2008-12-31,176910,3408,9,5.597874641418457
SASRec,2008,2008-12-31,176910,3481,10,5.53703498840332
SASRec,2008,2008-12-31,177639,46578,1,7.551387786865234
SASRec,2008,2008-12-31,177639,3793,2,7.0976128578186035
SASRec,2008,2008-12-31,177639,48516,3,7.025850296020508
SASRec,2008,2008-12-31,177639,33794,4,6.982117176055908
SASRec,2008,2008-12-31,177639,41569,5,6.836282730102539
SASRec,2008,2008-12-31,177639,1080,6,6.784997463226318
SASRec,2008,2008-12-31,177639,45722,7,6.729038715362549
SASRec,2008,2008-12-31,177639,586,8,6.624921798706055
SASRec,2008,2008-12-31,177639,2791,9,6.574177265167236
SASRec,2008,2008-12-31,177639,49272,10,6.572459697723389
SASRec,2008,2008-12-31,177766,46976,1,7.956340789794922
SASRec,2008,2008-12-31,177766,54286,2,7.929776191711426
SASRec,2008,2008-12-31,177766,47629,3,7.71293830871582
SASRec,2008,2008-12-31,177766,54503,4,7.595463275909424
SASRec,2008,2008-12-31,177766,50068,5,7.442234516143799
SASRec,2008,2008-12-31,177766,48516,6,7.380305290222168
SASRec,2008,2008-12-31,177766,54001,7,7.370381832122803
SASRec,2008,2008-12-31,177766,54272,8,7.333988189697266
SASRec,2008,2008-12-31,177766,48780,9,7.322278022766113
SASRec,2008,2008-12-31,177766,50601,10,7.299465179443359
SASRec,2008,2008-12-31,177997,4993,1,9.403084754943848
SASRec,2008,2008-12-31,177997,1291,2,9.162677764892578
SASRec,2008,2008-12-31,177997,2959,3,9.125673294067383
SASRec,2008,2008-12-31,177997,1270,4,9.023838996887207
SASRec,2008,2008-12-31,177997,2918,5,9.02213191986084
SASRec,2008,2008-12-31,177997,1258,6,8.924546241760254
SASRec,2008,2008-12-31,177997,32,7,8.886345863342285
SASRec,2008,2008-12-31,177997,5952,8,8.820382118225098
SASRec,2008,2008-12-31,177997,1240,9,8.816408157348633
SASRec,2008,2008-12-31,177997,1200,10,8.783652305603027
SASRec,2008,2008-12-31,178208,4011,1,8.405113220214844
SASRec,2008,2008-12-31,178208,5669,2,8.208732604980469
SASRec,2008,2008-12-31,178208,32,3,8.021040916442871
SASRec,2008,2008-12-31,178208,4306,4,8.012686729431152
SASRec,2008,2008-12-31,178208,5618,5,7.932476997375488
SASRec,2008,2008-12-31,178208,4878,6,7.878875732421875
SASRec,2008,2008-12-31,178208,1,7,7.6545000076293945
SASRec,2008,2008-12-31,178208,8360,8,7.627490043640137
SASRec,2008,2008-12-31,178208,5445,9,7.62617826461792
SASRec,2008,2008-12-31,178208,7361,10,7.605223655700684
SASRec,2008,2008-12-31,178379,55080,1,8.095376968383789
SASRec,2008,2008-12-31,178379,26199,2,8.018425941467285
SASRec,2008,2008-12-31,178379,44595,3,7.929661750793457
SASRec,2008,2008-12-31,178379,54612,4,7.6641764640808105
SASRec,2008,2008-12-31,178379,54290,5,7.617100715637207
SASRec,2008,2008-12-31,178379,50064,6,7.563116073608398
SASRec,2008,2008-12-31,178379,52375,7,7.555641174316406
SASRec,2008,2008-12-31,178379,55245,8,7.54989767074585
SASRec,2008,2008-12-31,178379,55284,9,7.521247863769531
SASRec,2008,2008-12-31,178379,56286,10,7.516951084136963
SASRec,2008,2008-12-31,178666,52328,1,6.171473026275635
SASRec,2008,2008-12-31,178666,27904,2,6.057698726654053
SASRec,2008,2008-12-31,178666,54272,3,5.960930824279785
SASRec,2008,2008-12-31,178666,48082,4,5.955842971801758
SASRec,2008,2008-12-31,178666,42418,5,5.923832416534424
SASRec,2008,2008-12-31,178666,44788,6,5.79973030090332
SASRec,2008,2008-12-31,178666,39183,7,5.726288795471191
SASRec,2008,2008-12-31,178666,40583,8,5.693604469299316
SASRec,2008,2008-12-31,178666,45950,9,5.66630744934082
SASRec,2008,2008-12-31,178666,41285,10,5.624904155731201
SASRec,2008,2008-12-31,179005,46578,1,7.965270519256592
SASRec,2008,2008-12-31,179005,54001,2,7.658120632171631
SASRec,2008,2008-12-31,179005,49272,3,7.589656352996826
SASRec,2008,2008-12-31,179005,48516,4,7.534262180328369
SASRec,2008,2008-12-31,179005,54286,5,7.4611005783081055
SASRec,2008,2008-12-31,179005,52722,6,7.422741889953613
SASRec,2008,2008-12-31,179005,48385,7,7.375412940979004
SASRec,2008,2008-12-31,179005,46976,8,7.333117485046387
SASRec,2008,2008-12-31,179005,48774,9,7.331856727600098
SASRec,2008,2008-12-31,179005,48780,10,7.322528839111328
SASRec,2008,2008-12-31,179047,5378,1,7.862679481506348
SASRec,2008,2008-12-31,179047,4993,2,7.829404830932617
SASRec,2008,2008-12-31,179047,1517,3,7.819009780883789
SASRec,2008,2008-12-31,179047,2617,4,7.696801662445068
SASRec,2008,2008-12-31,179047,6377,5,7.690753936767578
SASRec,2008,2008-12-31,179047,1732,6,7.612164497375488
SASRec,2008,2008-12-31,179047,4306,7,7.527741432189941
SASRec,2008,2008-12-31,179047,2011,8,7.435211181640625
SASRec,2008,2008-12-31,179047,1682,9,7.428987979888916
SASRec,2008,2008-12-31,179047,2329,10,7.330197334289551
SASRec,2008,2008-12-31,179951,46578,1,8.935190200805664
SASRec,2008,2008-12-31,179951,44191,2,8.530521392822266
SASRec,2008,2008-12-31,179951,48516,3,8.151994705200195
SASRec,2008,2008-12-31,179951,48394,4,7.8994526863098145
SASRec,2008,2008-12-31,179951,54286,5,7.859918117523193
SASRec,2008,2008-12-31,179951,48774,6,7.575571537017822
SASRec,2008,2008-12-31,179951,54272,7,7.546089172363281
SASRec,2008,2008-12-31,179951,30749,8,7.430628776550293
SASRec,2008,2008-12-31,179951,49530,9,7.339764595031738
SASRec,2008,2008-12-31,179951,54001,10,7.332355976104736
SASRec,2008,2008-12-31,180149,44788,1,6.29439640045166
SASRec,2008,2008-12-31,180149,42418,2,6.230447769165039
SASRec,2008,2008-12-31,180149,38061,3,6.1782989501953125
SASRec,2008,2008-12-31,180149,46578,4,6.124032497406006
SASRec,2008,2008-12-31,180149,48780,5,5.973885536193848
SASRec,2008,2008-12-31,180149,31804,6,5.961174011230469
SASRec,2008,2008-12-31,180149,36276,7,5.9304585456848145
SASRec,2008,2008-12-31,180149,44761,8,5.925945281982422
SASRec,2008,2008-12-31,180149,45950,9,5.90281343460083
SASRec,2008,2008-12-31,180149,48082,10,5.862671375274658
SASRec,2008,2008-12-31,180322,46976,1,7.551182746887207
SASRec,2008,2008-12-31,180322,47950,2,7.232968330383301
SASRec,2008,2008-12-31,180322,54286,3,7.138189792633057
SASRec,2008,2008-12-31,180322,54001,4,6.966210842132568
SASRec,2008,2008-12-31,180322,54272,5,6.912467956542969
SASRec,2008,2008-12-31,180322,48385,6,6.887942314147949
SASRec,2008,2008-12-31,180322,50872,7,6.752547740936279
SASRec,2008,2008-12-31,180322,52722,8,6.71577787399292
SASRec,2008,2008-12-31,180322,54503,9,6.711799621582031
SASRec,2008,2008-12-31,180322,52375,10,6.5983405113220215
SASRec,2008,2008-12-31,181053,296,1,7.928788185119629
SASRec,2008,2008-12-31,181053,593,2,7.6008148193359375
SASRec,2008,2008-12-31,181053,608,3,7.522948265075684
SASRec,2008,2008-12-31,181053,589,4,7.358072280883789
SASRec,2008,2008-12-31,181053,318,5,7.3311767578125
SASRec,2008,2008-12-31,181053,858,6,6.92764949798584
SASRec,2008,2008-12-31,181053,541,7,6.896481037139893
SASRec,2008,2008-12-31,181053,2329,8,6.876492023468018
SASRec,2008,2008-12-31,181053,2762,9,6.861214637756348
SASRec,2008,2008-12-31,181053,32,10,6.783463001251221
SASRec,2008,2008-12-31,181104,54001,1,7.891341209411621
SASRec,2008,2008-12-31,181104,50794,2,7.716512680053711
SASRec,2008,2008-12-31,181104,51077,3,7.449459552764893
SASRec,2008,2008-12-31,181104,52328,4,7.414139747619629
SASRec,2008,2008-12-31,181104,48783,5,7.412398815155029
SASRec,2008,2008-12-31,181104,52644,6,7.193450927734375
SASRec,2008,2008-12-31,181104,48774,7,7.174241542816162
SASRec,2008,2008-12-31,181104,50068,8,7.142839431762695
SASRec,2008,2008-12-31,181104,47997,9,7.018705368041992
SASRec,2008,2008-12-31,181104,50872,10,6.991252422332764
SASRec,2008,2008-12-31,181165,46976,1,7.337139129638672
SASRec,2008,2008-12-31,181165,33166,2,7.048895359039307
SASRec,2008,2008-12-31,181165,41285,3,6.992761135101318
SASRec,2008,2008-12-31,181165,44191,4,6.965964317321777
SASRec,2008,2008-12-31,181165,44195,5,6.9626078605651855
SASRec,2008,2008-12-31,181165,36517,6,6.911184310913086
SASRec,2008,2008-12-31,181165,41997,7,6.749612331390381
SASRec,2008,2008-12-31,181165,45950,8,6.726654052734375
SASRec,2008,2008-12-31,181165,33660,9,6.704842567443848
SASRec,2008,2008-12-31,181165,38061,10,6.682655334472656
SASRec,2008,2008-12-31,181697,7706,1,7.508459091186523
SASRec,2008,2008-12-31,181697,3462,2,7.325529098510742
SASRec,2008,2008-12-31,181697,7091,3,7.318802356719971
SASRec,2008,2008-12-31,181697,7215,4,7.219779014587402
SASRec,2008,2008-12-31,181697,30749,5,7.2065348625183105
SASRec,2008,2008-12-31,181697,8337,6,7.037605285644531
SASRec,2008,2008-12-31,181697,5995,7,6.9963274002075195
SASRec,2008,2008-12-31,181697,954,8,6.8100175857543945
SASRec,2008,2008-12-31,181697,3504,9,6.75656795501709
SASRec,2008,2008-12-31,181697,951,10,6.754277229309082
SASRec,2008,2008-12-31,181897,46578,1,7.366324424743652
SASRec,2008,2008-12-31,181897,54001,2,7.106298446655273
SASRec,2008,2008-12-31,181897,52722,3,7.0578179359436035
SASRec,2008,2008-12-31,181897,50794,4,6.792184829711914
SASRec,2008,2008-12-31,181897,49286,5,6.789662837982178
SASRec,2008,2008-12-31,181897,54286,6,6.76423454284668
SASRec,2008,2008-12-31,181897,53972,7,6.669968605041504
SASRec,2008,2008-12-31,181897,45720,8,6.650590419769287
SASRec,2008,2008-12-31,181897,45668,9,6.642401218414307
SASRec,2008,2008-12-31,181897,48516,10,6.637883186340332
SASRec,2008,2008-12-31,182214,46578,1,6.329017639160156
SASRec,2008,2008-12-31,182214,54272,2,5.819849967956543
SASRec,2008,2008-12-31,182214,46976,3,5.788389682769775
SASRec,2008,2008-12-31,182214,49272,4,5.762724876403809
SASRec,2008,2008-12-31,182214,48516,5,5.648739814758301
SASRec,2008,2008-12-31,182214,54001,6,5.646120071411133
SASRec,2008,2008-12-31,182214,51540,7,5.629721641540527
SASRec,2008,2008-12-31,182214,53972,8,5.611088752746582
SASRec,2008,2008-12-31,182214,44199,9,5.485115051269531
SASRec,2008,2008-12-31,182214,48082,10,5.446497440338135
SASRec,2008,2008-12-31,182271,49272,1,7.6608452796936035
SASRec,2008,2008-12-31,182271,52722,2,7.634711265563965
SASRec,2008,2008-12-31,182271,53972,3,7.60206413269043
SASRec,2008,2008-12-31,182271,46578,4,7.590493202209473
SASRec,2008,2008-12-31,182271,45722,5,7.38980770111084
SASRec,2008,2008-12-31,182271,48394,6,7.3644022941589355
SASRec,2008,2008-12-31,182271,51662,7,7.354534149169922
SASRec,2008,2008-12-31,182271,48780,8,7.265342712402344
SASRec,2008,2008-12-31,182271,53125,9,7.202308177947998
SASRec,2008,2008-12-31,182271,41569,10,7.123268127441406
SASRec,2008,2008-12-31,182783,1580,1,7.676623821258545
SASRec,2008,2008-12-31,182783,1258,2,7.641712188720703
SASRec,2008,2008-12-31,182783,1220,3,7.550453186035156
SASRec,2008,2008-12-31,182783,2174,4,7.496711730957031
SASRec,2008,2008-12-31,182783,2011,5,7.4896240234375
SASRec,2008,2008-12-31,182783,2797,6,7.415040016174316
SASRec,2008,2008-12-31,182783,3527,7,7.399127006530762
SASRec,2008,2008-12-31,182783,2918,8,7.342265605926514
SASRec,2008,2008-12-31,182783,1291,9,7.301982402801514
SASRec,2008,2008-12-31,182783,2987,10,7.25750732421875
SASRec,2008,2008-12-31,182827,54286,1,8.209794044494629
SASRec,2008,2008-12-31,182827,54001,2,7.832507610321045
SASRec,2008,2008-12-31,182827,49272,3,7.832093715667725
SASRec,2008,2008-12-31,182827,52722,4,7.824862957000732
SASRec,2008,2008-12-31,182827,54272,5,7.813005447387695
SASRec,2008,2008-12-31,182827,50872,6,7.755517482757568
SASRec,2008,2008-12-31,182827,51255,7,7.6890411376953125
SASRec,2008,2008-12-31,182827,48783,8,7.505295276641846
SASRec,2008,2008-12-31,182827,48774,9,7.483582973480225
SASRec,2008,2008-12-31,182827,53322,10,7.476560115814209
SASRec,2008,2008-12-31,182901,7361,1,7.085289001464844
SASRec,2008,2008-12-31,182901,33166,2,7.047371864318848
SASRec,2008,2008-12-31,182901,8949,3,6.8697404861450195
SASRec,2008,2008-12-31,182901,4226,4,6.645622253417969
SASRec,2008,2008-12-31,182901,37741,5,6.500417232513428
SASRec,2008,2008-12-31,182901,40819,6,6.395688056945801
SASRec,2008,2008-12-31,182901,8784,7,6.373654842376709
SASRec,2008,2008-12-31,182901,44195,8,6.3684000968933105
SASRec,2008,2008-12-31,182901,44199,9,6.282459259033203
SASRec,2008,2008-12-31,182901,593,10,6.276711940765381
SASRec,2008,2008-12-31,183341,48696,1,7.259571552276611
SASRec,2008,2008-12-31,183341,47950,2,6.711020469665527
SASRec,2008,2008-12-31,183341,50685,3,6.682581901550293
SASRec,2008,2008-12-31,183341,48738,4,6.568826675415039
SASRec,2008,2008-12-31,183341,52328,5,6.549249649047852
SASRec,2008,2008-12-31,183341,50068,6,6.49217414855957
SASRec,2008,2008-12-31,183341,46723,7,6.427764892578125
SASRec,2008,2008-12-31,183341,48997,8,6.3311567306518555
SASRec,2008,2008-12-31,183341,48744,9,6.29188871383667
SASRec,2008,2008-12-31,183341,44788,10,6.283968925476074
SASRec,2008,2008-12-31,183349,587,1,5.514554500579834
SASRec,2008,2008-12-31,183349,539,2,5.397250175476074
SASRec,2008,2008-12-31,183349,377,3,5.313034534454346
SASRec,2008,2008-12-31,183349,902,4,4.906911849975586
SASRec,2008,2008-12-31,183349,590,5,4.849099636077881
SASRec,2008,2008-12-31,183349,161,6,4.773910045623779
SASRec,2008,2008-12-31,183349,350,7,4.74691104888916
SASRec,2008,2008-12-31,183349,339,8,4.691994667053223
SASRec,2008,2008-12-31,183349,357,9,4.65561580657959
SASRec,2008,2008-12-31,183349,292,10,4.627154350280762
SASRec,2008,2008-12-31,183397,46578,1,6.456705570220947
SASRec,2008,2008-12-31,183397,54286,2,6.322765350341797
SASRec,2008,2008-12-31,183397,54272,3,6.278748035430908
SASRec,2008,2008-12-31,183397,54001,4,6.271188735961914
SASRec,2008,2008-12-31,183397,50872,5,6.206963062286377
SASRec,2008,2008-12-31,183397,46976,6,6.2001142501831055
SASRec,2008,2008-12-31,183397,53972,7,6.140292644500732
SASRec,2008,2008-12-31,183397,49530,8,6.097229480743408
SASRec,2008,2008-12-31,183397,54503,9,6.038282871246338
SASRec,2008,2008-12-31,183397,53322,10,5.995907306671143
SASRec,2008,2008-12-31,183766,5418,1,6.056056976318359
SASRec,2008,2008-12-31,183766,4011,2,6.025298595428467
SASRec,2008,2008-12-31,183766,3948,3,5.985412120819092
SASRec,2008,2008-12-31,183766,4246,4,5.883723735809326
SASRec,2008,2008-12-31,183766,6711,5,5.85781192779541
SASRec,2008,2008-12-31,183766,4975,6,5.772892951965332
SASRec,2008,2008-12-31,183766,4308,7,5.731722354888916
SASRec,2008,2008-12-31,183766,8949,8,5.717627048492432
SASRec,2008,2008-12-31,183766,8622,9,5.676206588745117
SASRec,2008,2008-12-31,183766,30812,10,5.635385036468506
SASRec,2008,2008-12-31,183771,47950,1,6.952659606933594
SASRec,2008,2008-12-31,183771,52375,2,6.685935020446777
SASRec,2008,2008-12-31,183771,45666,3,6.3750457763671875
SASRec,2008,2008-12-31,183771,48783,4,6.360126495361328
SASRec,2008,2008-12-31,183771,49822,5,6.255072593688965
SASRec,2008,2008-12-31,183771,37855,6,6.2542338371276855
SASRec,2008,2008-12-31,183771,46850,7,6.132552146911621
SASRec,2008,2008-12-31,183771,43684,8,6.116178512573242
SASRec,2008,2008-12-31,183771,42015,9,6.08349609375
SASRec,2008,2008-12-31,183771,54272,10,6.028399467468262
SASRec,2008,2008-12-31,183822,53972,1,8.037736892700195
SASRec,2008,2008-12-31,183822,54001,2,7.972970008850098
SASRec,2008,2008-12-31,183822,53322,3,7.611682891845703
SASRec,2008,2008-12-31,183822,52722,4,7.316812515258789
SASRec,2008,2008-12-31,183822,53125,5,7.211786270141602
SASRec,2008,2008-12-31,183822,49530,6,7.198012351989746
SASRec,2008,2008-12-31,183822,54272,7,7.130544185638428
SASRec,2008,2008-12-31,183822,46578,8,7.110117435455322
SASRec,2008,2008-12-31,183822,53996,9,7.042741775512695
SASRec,2008,2008-12-31,183822,45447,10,7.010937213897705
SASRec,2008,2008-12-31,183941,25850,1,7.468477249145508
SASRec,2008,2008-12-31,183941,50601,2,7.09745979309082
SASRec,2008,2008-12-31,183941,46976,3,6.743617534637451
SASRec,2008,2008-12-31,183941,26078,4,6.683014392852783
SASRec,2008,2008-12-31,183941,47950,5,6.581742286682129
SASRec,2008,2008-12-31,183941,54286,6,6.533443450927734
SASRec,2008,2008-12-31,183941,51678,7,6.357590198516846
SASRec,2008,2008-12-31,183941,26163,8,6.26735258102417
SASRec,2008,2008-12-31,183941,26148,9,6.241793632507324
SASRec,2008,2008-12-31,183941,55276,10,6.235996723175049
SASRec,2008,2008-12-31,184198,30749,1,8.265764236450195
SASRec,2008,2008-12-31,184198,33166,2,7.879385471343994
SASRec,2008,2008-12-31,184198,46578,3,7.818382263183594
SASRec,2008,2008-12-31,184198,33660,4,7.367012977600098
SASRec,2008,2008-12-31,184198,8950,5,7.356047630310059
SASRec,2008,2008-12-31,184198,34405,6,7.26544713973999
SASRec,2008,2008-12-31,184198,44195,7,7.201650142669678
SASRec,2008,2008-12-31,184198,8784,8,7.07639741897583
SASRec,2008,2008-12-31,184198,49272,9,7.069212913513184
SASRec,2008,2008-12-31,184198,27773,10,7.034115791320801
SASRec,2008,2008-12-31,184503,45950,1,6.264308929443359
SASRec,2008,2008-12-31,184503,48774,2,6.177158355712891
SASRec,2008,2008-12-31,184503,46578,3,6.139246463775635
SASRec,2008,2008-12-31,184503,42418,4,5.967789649963379
SASRec,2008,2008-12-31,184503,46976,5,5.880111217498779
SASRec,2008,2008-12-31,184503,37741,6,5.8356523513793945
SASRec,2008,2008-12-31,184503,49272,7,5.822287082672119
SASRec,2008,2008-12-31,184503,34405,8,5.8184638023376465
SASRec,2008,2008-12-31,184503,38886,9,5.773346900939941
SASRec,2008,2008-12-31,184503,44191,10,5.723366737365723
SASRec,2008,2008-12-31,185020,3681,1,6.167029857635498
SASRec,2008,2008-12-31,185020,3735,2,6.150235176086426
SASRec,2008,2008-12-31,185020,1217,3,6.069506645202637
SASRec,2008,2008-12-31,185020,4327,4,6.052743434906006
SASRec,2008,2008-12-31,185020,3551,5,6.009190082550049
SASRec,2008,2008-12-31,185020,2313,6,5.940462589263916
SASRec,2008,2008-12-31,185020,3359,7,5.84627628326416
SASRec,2008,2008-12-31,185020,3814,8,5.771547794342041
SASRec,2008,2008-12-31,185020,3498,9,5.757147789001465
SASRec,2008,2008-12-31,185020,4103,10,5.707572937011719
SASRec,2008,2008-12-31,185305,3210,1,7.462771415710449
SASRec,2008,2008-12-31,185305,3361,2,7.167354583740234
SASRec,2008,2008-12-31,185305,3671,3,7.147790908813477
SASRec,2008,2008-12-31,185305,3060,4,7.101820468902588
SASRec,2008,2008-12-31,185305,3499,5,7.00290060043335
SASRec,2008,2008-12-31,185305,2542,6,6.976078987121582
SASRec,2008,2008-12-31,185305,2248,7,6.802850246429443
SASRec,2008,2008-12-31,185305,3526,8,6.6673712730407715
SASRec,2008,2008-12-31,185305,3148,9,6.5736589431762695
SASRec,2008,2008-12-31,185305,3396,10,6.42584228515625
SASRec,2008,2008-12-31,185479,41285,1,6.111761093139648
SASRec,2008,2008-12-31,185479,40583,2,6.068051338195801
SASRec,2008,2008-12-31,185479,54272,3,5.941498756408691
SASRec,2008,2008-12-31,185479,51540,4,5.934823989868164
SASRec,2008,2008-12-31,185479,45720,5,5.9012675285339355
SASRec,2008,2008-12-31,185479,50068,6,5.888978004455566
SASRec,2008,2008-12-31,185479,44761,7,5.836861610412598
SASRec,2008,2008-12-31,185479,49822,8,5.7846503257751465
SASRec,2008,2008-12-31,185479,36276,9,5.664200305938721
SASRec,2008,2008-12-31,185479,47950,10,5.645443916320801
SASRec,2008,2008-12-31,185573,33794,1,6.991744041442871
SASRec,2008,2008-12-31,185573,33493,2,6.949183940887451
SASRec,2008,2008-12-31,185573,46578,3,6.948119163513184
SASRec,2008,2008-12-31,185573,34405,4,6.733846187591553
SASRec,2008,2008-12-31,185573,41569,5,6.717519760131836
SASRec,2008,2008-12-31,185573,34162,6,6.549928188323975
SASRec,2008,2008-12-31,185573,45447,7,6.538844108581543
SASRec,2008,2008-12-31,185573,33615,8,6.467382907867432
SASRec,2008,2008-12-31,185573,35836,9,6.432783126831055
SASRec,2008,2008-12-31,185573,8636,10,6.354172706604004
SASRec,2008,2008-12-31,185607,3897,1,6.073885917663574
SASRec,2008,2008-12-31,185607,8970,2,5.937435150146484
SASRec,2008,2008-12-31,185607,33166,3,5.864400386810303
SASRec,2008,2008-12-31,185607,3481,4,5.846797466278076
SASRec,2008,2008-12-31,185607,30749,5,5.8133039474487305
SASRec,2008,2008-12-31,185607,30812,6,5.757637977600098
SASRec,2008,2008-12-31,185607,2329,7,5.733260154724121
SASRec,2008,2008-12-31,185607,30707,8,5.722862243652344
SASRec,2008,2008-12-31,185607,4027,9,5.699008941650391
SASRec,2008,2008-12-31,185607,4993,10,5.666541576385498
SASRec,2008,2008-12-31,185955,54272,1,7.663786888122559
SASRec,2008,2008-12-31,185955,54001,2,7.577980041503906
SASRec,2008,2008-12-31,185955,52722,3,7.329543590545654
SASRec,2008,2008-12-31,185955,48394,4,7.2895097732543945
SASRec,2008,2008-12-31,185955,53972,5,7.2848968505859375
SASRec,2008,2008-12-31,185955,54286,6,7.219280242919922
SASRec,2008,2008-12-31,185955,52328,7,7.174086570739746
SASRec,2008,2008-12-31,185955,51255,8,7.137362957000732
SASRec,2008,2008-12-31,185955,53125,9,7.005718231201172
SASRec,2008,2008-12-31,185955,49286,10,6.882340908050537
SASRec,2008,2008-12-31,186085,46578,1,8.481813430786133
SASRec,2008,2008-12-31,186085,49272,2,7.928858280181885
SASRec,2008,2008-12-31,186085,40815,3,7.913746356964111
SASRec,2008,2008-12-31,186085,54286,4,7.882969379425049
SASRec,2008,2008-12-31,186085,54001,5,7.678608417510986
SASRec,2008,2008-12-31,186085,48516,6,7.658121109008789
SASRec,2008,2008-12-31,186085,45722,7,7.633731842041016
SASRec,2008,2008-12-31,186085,48780,8,7.587471961975098
SASRec,2008,2008-12-31,186085,41566,9,7.539038181304932
SASRec,2008,2008-12-31,186085,41569,10,7.292611122131348
SASRec,2008,2008-12-31,186539,37741,1,4.931241989135742
SASRec,2008,2008-12-31,186539,1073,2,4.8996429443359375
SASRec,2008,2008-12-31,186539,33493,3,4.858709812164307
SASRec,2008,2008-12-31,186539,858,4,4.797884941101074
SASRec,2008,2008-12-31,186539,48394,5,4.732815265655518
SASRec,2008,2008-12-31,186539,45722,6,4.650945663452148
SASRec,2008,2008-12-31,186539,7361,7,4.618738174438477
SASRec,2008,2008-12-31,186539,52722,8,4.577723026275635
SASRec,2008,2008-12-31,186539,39183,9,4.488554000854492
SASRec,2008,2008-12-31,186539,45210,10,4.419830322265625
SASRec,2008,2008-12-31,186656,46578,1,6.165560245513916
SASRec,2008,2008-12-31,186656,30810,2,5.9757080078125
SASRec,2008,2008-12-31,186656,8784,3,5.901523590087891
SASRec,2008,2008-12-31,186656,44195,4,5.852107048034668
SASRec,2008,2008-12-31,186656,38886,5,5.761200428009033
SASRec,2008,2008-12-31,186656,36517,6,5.629107475280762
SASRec,2008,2008-12-31,186656,33660,7,5.5535078048706055
SASRec,2008,2008-12-31,186656,8983,8,5.523345470428467
SASRec,2008,2008-12-31,186656,44761,9,5.492717266082764
SASRec,2008,2008-12-31,186656,45950,10,5.475743770599365
SASRec,2008,2008-12-31,187226,50068,1,7.52086067199707
SASRec,2008,2008-12-31,187226,47950,2,7.39028787612915
SASRec,2008,2008-12-31,187226,54272,3,7.320141792297363
SASRec,2008,2008-12-31,187226,50872,4,7.188303470611572
SASRec,2008,2008-12-31,187226,49530,5,7.1604485511779785
SASRec,2008,2008-12-31,187226,51255,6,7.076790809631348
SASRec,2008,2008-12-31,187226,45950,7,6.769972324371338
SASRec,2008,2008-12-31,187226,48783,8,6.7453131675720215
SASRec,2008,2008-12-31,187226,55765,9,6.7308349609375
SASRec,2008,2008-12-31,187226,52722,10,6.714194297790527
SASRec,2008,2008-12-31,187474,5110,1,6.656612396240234
SASRec,2008,2008-12-31,187474,34048,2,5.845354080200195
SASRec,2008,2008-12-31,187474,45447,3,5.835446357727051
SASRec,2008,2008-12-31,187474,4388,4,5.802000522613525
SASRec,2008,2008-12-31,187474,34319,5,5.7611188888549805
SASRec,2008,2008-12-31,187474,33679,6,5.755555152893066
SASRec,2008,2008-12-31,187474,32587,7,5.726217269897461
SASRec,2008,2008-12-31,187474,8361,8,5.629453182220459
SASRec,2008,2008-12-31,187474,44191,9,5.611120700836182
SASRec,2008,2008-12-31,187474,8977,10,5.608285427093506
SASRec,2008,2008-12-31,187795,46578,1,8.656167030334473
SASRec,2008,2008-12-31,187795,48516,2,8.233743667602539
SASRec,2008,2008-12-31,187795,33794,3,7.98099422454834
SASRec,2008,2008-12-31,187795,48385,4,7.946296691894531
SASRec,2008,2008-12-31,187795,48394,5,7.796497344970703
SASRec,2008,2008-12-31,187795,41569,6,7.7831268310546875
SASRec,2008,2008-12-31,187795,54286,7,7.7286224365234375
SASRec,2008,2008-12-31,187795,40815,8,7.698105335235596
SASRec,2008,2008-12-31,187795,34405,9,7.674313545227051
SASRec,2008,2008-12-31,187795,30749,10,7.548529624938965
SASRec,2008,2008-12-31,188095,185,1,10.986790657043457
SASRec,2008,2008-12-31,188095,434,2,10.841679573059082
SASRec,2008,2008-12-31,188095,586,3,10.726566314697266
SASRec,2008,2008-12-31,188095,208,4,10.60244083404541
SASRec,2008,2008-12-31,188095,367,5,10.504459381103516
SASRec,2008,2008-12-31,188095,32,6,10.498564720153809
SASRec,2008,2008-12-31,188095,500,7,10.497553825378418
SASRec,2008,2008-12-31,188095,377,8,10.426424026489258
SASRec,2008,2008-12-31,188095,364,9,10.323949813842773
SASRec,2008,2008-12-31,188095,231,10,10.282768249511719
SASRec,2008,2008-12-31,188115,46976,1,7.4684906005859375
SASRec,2008,2008-12-31,188115,52375,2,7.123024940490723
SASRec,2008,2008-12-31,188115,50685,3,7.020973205566406
SASRec,2008,2008-12-31,188115,45668,4,7.0087504386901855
SASRec,2008,2008-12-31,188115,47950,5,6.979175567626953
SASRec,2008,2008-12-31,188115,47629,6,6.854738235473633
SASRec,2008,2008-12-31,188115,45720,7,6.780002117156982
SASRec,2008,2008-12-31,188115,50068,8,6.670066833496094
SASRec,2008,2008-12-31,188115,49822,9,6.652983665466309
SASRec,2008,2008-12-31,188115,48696,10,6.609386444091797
SASRec,2008,2008-12-31,188625,48774,1,6.545481204986572
SASRec,2008,2008-12-31,188625,44191,2,6.495944023132324
SASRec,2008,2008-12-31,188625,52722,3,6.478753566741943
SASRec,2008,2008-12-31,188625,52328,4,6.429766654968262
SASRec,2008,2008-12-31,188625,27904,5,6.42185640335083
SASRec,2008,2008-12-31,188625,53000,6,6.364691734313965
SASRec,2008,2008-12-31,188625,48516,7,6.333784103393555
SASRec,2008,2008-12-31,188625,48385,8,6.305727005004883
SASRec,2008,2008-12-31,188625,54272,9,6.280444622039795
SASRec,2008,2008-12-31,188625,46578,10,6.235396862030029
SASRec,2008,2008-12-31,188777,54286,1,8.248571395874023
SASRec,2008,2008-12-31,188777,50872,2,8.182510375976562
SASRec,2008,2008-12-31,188777,54503,3,7.992899417877197
SASRec,2008,2008-12-31,188777,55765,4,7.6996002197265625
SASRec,2008,2008-12-31,188777,52458,5,7.691971778869629
SASRec,2008,2008-12-31,188777,50601,6,7.6448974609375
SASRec,2008,2008-12-31,188777,50685,7,7.510659217834473
SASRec,2008,2008-12-31,188777,52722,8,7.4569268226623535
SASRec,2008,2008-12-31,188777,50064,9,7.449470043182373
SASRec,2008,2008-12-31,188777,54997,10,7.4312238693237305
SASRec,2008,2008-12-31,189107,2571,1,7.449096202850342
SASRec,2008,2008-12-31,189107,3793,2,7.237427711486816
SASRec,2008,2008-12-31,189107,364,3,7.211881160736084
SASRec,2008,2008-12-31,189107,1,4,7.140811443328857
SASRec,2008,2008-12-31,189107,6365,5,7.116998672485352
SASRec,2008,2008-12-31,189107,1073,6,7.064274311065674
SASRec,2008,2008-12-31,189107,8636,7,7.015215873718262
SASRec,2008,2008-12-31,189107,5218,8,6.987758159637451
SASRec,2008,2008-12-31,189107,480,9,6.98765754699707
SASRec,2008,2008-12-31,189107,1580,10,6.969354152679443
SASRec,2008,2008-12-31,189136,858,1,7.384029388427734
SASRec,2008,2008-12-31,189136,44191,2,7.331818103790283
SASRec,2008,2008-12-31,189136,593,3,7.172757625579834
SASRec,2008,2008-12-31,189136,32587,4,6.939268112182617
SASRec,2008,2008-12-31,189136,33794,5,6.751214504241943
SASRec,2008,2008-12-31,189136,480,6,6.473320007324219
SASRec,2008,2008-12-31,189136,2762,7,6.421784400939941
SASRec,2008,2008-12-31,189136,260,8,6.351146697998047
SASRec,2008,2008-12-31,189136,590,9,6.144400119781494
SASRec,2008,2008-12-31,189136,8961,10,6.141111373901367
SASRec,2008,2008-12-31,189561,54286,1,7.6559953689575195
SASRec,2008,2008-12-31,189561,48780,2,7.1565260887146
SASRec,2008,2008-12-31,189561,41566,3,7.154812335968018
SASRec,2008,2008-12-31,189561,46976,4,7.137633323669434
SASRec,2008,2008-12-31,189561,54272,5,7.1309494972229
SASRec,2008,2008-12-31,189561,48394,6,6.9574079513549805
SASRec,2008,2008-12-31,189561,53972,7,6.874713897705078
SASRec,2008,2008-12-31,189561,45431,8,6.761018753051758
SASRec,2008,2008-12-31,189561,49286,9,6.6998443603515625
SASRec,2008,2008-12-31,189561,53125,10,6.693952560424805
SASRec,2008,2008-12-31,189763,46578,1,8.366268157958984
SASRec,2008,2008-12-31,189763,48394,2,8.18476676940918
SASRec,2008,2008-12-31,189763,48516,3,8.056171417236328
SASRec,2008,2008-12-31,189763,46976,4,7.965967178344727
SASRec,2008,2008-12-31,189763,48774,5,7.931214332580566
SASRec,2008,2008-12-31,189763,44191,6,7.837177753448486
SASRec,2008,2008-12-31,189763,48780,7,7.722883701324463
SASRec,2008,2008-12-31,189763,48385,8,7.630101203918457
SASRec,2008,2008-12-31,189763,54272,9,7.456437110900879
SASRec,2008,2008-12-31,189763,48738,10,7.381860733032227
SASRec,2008,2008-12-31,189830,46578,1,8.843377113342285
SASRec,2008,2008-12-31,189830,30749,2,8.702447891235352
SASRec,2008,2008-12-31,189830,46976,3,8.146379470825195
SASRec,2008,2008-12-31,189830,48516,4,8.101303100585938
SASRec,2008,2008-12-31,189830,48780,5,8.079727172851562
SASRec,2008,2008-12-31,189830,858,6,7.945127964019775
SASRec,2008,2008-12-31,189830,32587,7,7.880227565765381
SASRec,2008,2008-12-31,189830,6016,8,7.641945838928223
SASRec,2008,2008-12-31,189830,33660,9,7.363548278808594
SASRec,2008,2008-12-31,189830,608,10,7.297048568725586
SASRec,2008,2008-12-31,189851,8784,1,6.268786430358887
SASRec,2008,2008-12-31,189851,30812,2,6.262801170349121
SASRec,2008,2008-12-31,189851,30707,3,6.225310325622559
SASRec,2008,2008-12-31,189851,8970,4,6.215690612792969
SASRec,2008,2008-12-31,189851,7361,5,6.20874547958374
SASRec,2008,2008-12-31,189851,33166,6,6.107533931732178
SASRec,2008,2008-12-31,189851,30749,7,6.036872863769531
SASRec,2008,2008-12-31,189851,40819,8,5.780157089233398
SASRec,2008,2008-12-31,189851,30810,9,5.7587995529174805
SASRec,2008,2008-12-31,189851,8961,10,5.7135114669799805
SASRec,2008,2008-12-31,189899,3262,1,3.5141398906707764
SASRec,2008,2008-12-31,189899,2683,2,3.3393502235412598
SASRec,2008,2008-12-31,189899,2505,3,3.0631306171417236
SASRec,2008,2008-12-31,189899,2710,4,3.031691074371338
SASRec,2008,2008-12-31,189899,2183,5,2.980504274368286
SASRec,2008,2008-12-31,189899,2316,6,2.9426944255828857
SASRec,2008,2008-12-31,189899,1732,7,2.9049723148345947
SASRec,2008,2008-12-31,189899,344,8,2.8642971515655518
SASRec,2008,2008-12-31,189899,1380,9,2.8439595699310303
SASRec,2008,2008-12-31,189899,3176,10,2.8101184368133545
SASRec,2008,2008-12-31,190239,54286,1,7.107475280761719
SASRec,2008,2008-12-31,190239,54272,2,7.078451156616211
SASRec,2008,2008-12-31,190239,50872,3,7.05011510848999
SASRec,2008,2008-12-31,190239,48082,4,6.984469413757324
SASRec,2008,2008-12-31,190239,48696,5,6.980290412902832
SASRec,2008,2008-12-31,190239,27904,6,6.761928081512451
SASRec,2008,2008-12-31,190239,44788,7,6.632357120513916
SASRec,2008,2008-12-31,190239,47629,8,6.467870712280273
SASRec,2008,2008-12-31,190239,54503,9,6.427480697631836
SASRec,2008,2008-12-31,190239,54001,10,6.4231743812561035
SASRec,2008,2008-12-31,190270,5445,1,9.096037864685059
SASRec,2008,2008-12-31,190270,2502,2,8.746108055114746
SASRec,2008,2008-12-31,190270,5952,3,8.718104362487793
SASRec,2008,2008-12-31,190270,3948,4,8.676637649536133
SASRec,2008,2008-12-31,190270,3977,5,8.519416809082031
SASRec,2008,2008-12-31,190270,4886,6,8.49410629272461
SASRec,2008,2008-12-31,190270,7153,7,8.35113525390625
SASRec,2008,2008-12-31,190270,2353,8,8.283917427062988
SASRec,2008,2008-12-31,190270,3578,9,8.280074119567871
SASRec,2008,2008-12-31,190270,4963,10,8.266374588012695
SASRec,2008,2008-12-31,190336,1729,1,6.800600051879883
SASRec,2008,2008-12-31,190336,2542,2,6.135053634643555
SASRec,2008,2008-12-31,190336,2232,3,6.085400581359863
SASRec,2008,2008-12-31,190336,1748,4,6.053449630737305
SASRec,2008,2008-12-31,190336,7022,5,5.766697406768799
SASRec,2008,2008-12-31,190336,1732,6,5.756378173828125
SASRec,2008,2008-12-31,190336,8983,7,5.736202239990234
SASRec,2008,2008-12-31,190336,5669,8,5.675531387329102
SASRec,2008,2008-12-31,190336,36529,9,5.658970832824707
SASRec,2008,2008-12-31,190336,8957,10,5.655303955078125
SASRec,2008,2008-12-31,190485,1748,1,6.905407905578613
SASRec,2008,2008-12-31,190485,2288,2,6.6377692222595215
SASRec,2008,2008-12-31,190485,1729,3,6.369174957275391
SASRec,2008,2008-12-31,190485,1206,4,6.175352096557617
SASRec,2008,2008-12-31,190485,2160,5,6.174591064453125
SASRec,2008,2008-12-31,190485,1258,6,6.156865119934082
SASRec,2008,2008-12-31,190485,2076,7,6.102542400360107
SASRec,2008,2008-12-31,190485,1732,8,6.058130264282227
SASRec,2008,2008-12-31,190485,1921,9,6.021910190582275
SASRec,2008,2008-12-31,190485,2194,10,5.97279167175293
SASRec,2008,2008-12-31,190648,3448,1,7.5386810302734375
SASRec,2008,2008-12-31,190648,2947,2,7.506643772125244
SASRec,2008,2008-12-31,190648,6539,3,7.2726874351501465
SASRec,2008,2008-12-31,190648,2542,4,7.1462602615356445
SASRec,2008,2008-12-31,190648,2701,5,7.12449312210083
SASRec,2008,2008-12-31,190648,6377,6,7.0695905685424805
SASRec,2008,2008-12-31,190648,2005,7,6.990340232849121
SASRec,2008,2008-12-31,190648,7153,8,6.982419490814209
SASRec,2008,2008-12-31,190648,5445,9,6.974212646484375
SASRec,2008,2008-12-31,190648,4886,10,6.93392276763916
SASRec,2008,2008-12-31,190652,53972,1,8.09063720703125
SASRec,2008,2008-12-31,190652,51255,2,7.896520614624023
SASRec,2008,2008-12-31,190652,52722,3,7.7850775718688965
SASRec,2008,2008-12-31,190652,46578,4,7.755107879638672
SASRec,2008,2008-12-31,190652,54001,5,7.521065711975098
SASRec,2008,2008-12-31,190652,48394,6,7.442747116088867
SASRec,2008,2008-12-31,190652,48385,7,7.434836387634277
SASRec,2008,2008-12-31,190652,53125,8,7.406167030334473
SASRec,2008,2008-12-31,190652,52328,9,7.397595405578613
SASRec,2008,2008-12-31,190652,50794,10,7.1961517333984375
SASRec,2008,2008-12-31,190824,46578,1,8.411270141601562
SASRec,2008,2008-12-31,190824,48394,2,8.053536415100098
SASRec,2008,2008-12-31,190824,48516,3,8.031845092773438
SASRec,2008,2008-12-31,190824,44191,4,8.021339416503906
SASRec,2008,2008-12-31,190824,49272,5,7.996217250823975
SASRec,2008,2008-12-31,190824,46976,6,7.781758785247803
SASRec,2008,2008-12-31,190824,48780,7,7.7390007972717285
SASRec,2008,2008-12-31,190824,54286,8,7.550381183624268
SASRec,2008,2008-12-31,190824,48738,9,7.49176549911499
SASRec,2008,2008-12-31,190824,51255,10,7.412864685058594
SASRec,2008,2008-12-31,191108,8337,1,7.499317646026611
SASRec,2008,2008-12-31,191108,8516,2,7.232362747192383
SASRec,2008,2008-12-31,191108,7706,3,7.186555862426758
SASRec,2008,2008-12-31,191108,8751,4,7.176264762878418
SASRec,2008,2008-12-31,191108,7072,5,7.054460048675537
SASRec,2008,2008-12-31,191108,8542,6,7.004045009613037
SASRec,2008,2008-12-31,191108,7215,7,6.985937118530273
SASRec,2008,2008-12-31,191108,7943,8,6.936418056488037
SASRec,2008,2008-12-31,191108,7792,9,6.920586585998535
SASRec,2008,2008-12-31,191108,8459,10,6.866787910461426
SASRec,2008,2008-12-31,191675,34048,1,5.7472357749938965
SASRec,2008,2008-12-31,191675,33679,2,5.721813201904297
SASRec,2008,2008-12-31,191675,41569,3,5.712785720825195
SASRec,2008,2008-12-31,191675,34405,4,5.71156120300293
SASRec,2008,2008-12-31,191675,8983,5,5.652331829071045
SASRec,2008,2008-12-31,191675,34319,6,5.587023735046387
SASRec,2008,2008-12-31,191675,30812,7,5.570754051208496
SASRec,2008,2008-12-31,191675,40583,8,5.552431106567383
SASRec,2008,2008-12-31,191675,8970,9,5.526461124420166
SASRec,2008,2008-12-31,191675,35836,10,5.520296573638916
SASRec,2008,2008-12-31,191852,52722,1,6.645017147064209
SASRec,2008,2008-12-31,191852,54286,2,6.561612129211426
SASRec,2008,2008-12-31,191852,51077,3,6.5324625968933105
SASRec,2008,2008-12-31,191852,51662,4,6.5310258865356445
SASRec,2008,2008-12-31,191852,53972,5,6.511322975158691
SASRec,2008,2008-12-31,191852,54001,6,6.395657539367676
SASRec,2008,2008-12-31,191852,48516,7,6.341777324676514
SASRec,2008,2008-12-31,191852,54272,8,6.250332832336426
SASRec,2008,2008-12-31,191852,45722,9,6.199765205383301
SASRec,2008,2008-12-31,191852,46970,10,6.163078308105469
SASRec,2008,2008-12-31,192366,44191,1,8.337787628173828
SASRec,2008,2008-12-31,192366,49272,2,7.546428203582764
SASRec,2008,2008-12-31,192366,48780,3,7.372076988220215
SASRec,2008,2008-12-31,192366,46578,4,7.1683197021484375
SASRec,2008,2008-12-31,192366,54286,5,6.996593952178955
SASRec,2008,2008-12-31,192366,34405,6,6.955837249755859
SASRec,2008,2008-12-31,192366,48385,7,6.913311004638672
SASRec,2008,2008-12-31,192366,296,8,6.911182880401611
SASRec,2008,2008-12-31,192366,4011,9,6.882514476776123
SASRec,2008,2008-12-31,192366,51255,10,6.797729015350342
SASRec,2008,2008-12-31,192558,46578,1,7.279156684875488
SASRec,2008,2008-12-31,192558,30749,2,7.1563720703125
SASRec,2008,2008-12-31,192558,44191,3,6.737685680389404
SASRec,2008,2008-12-31,192558,32587,4,6.733547210693359
SASRec,2008,2008-12-31,192558,46976,5,6.598501205444336
SASRec,2008,2008-12-31,192558,48516,6,6.5933098793029785
SASRec,2008,2008-12-31,192558,44195,7,6.522403240203857
SASRec,2008,2008-12-31,192558,49272,8,6.471405982971191
SASRec,2008,2008-12-31,192558,48780,9,6.439970970153809
SASRec,2008,2008-12-31,192558,37741,10,6.424665927886963
SASRec,2008,2008-12-31,193143,5378,1,6.571783542633057
SASRec,2008,2008-12-31,193143,45447,2,6.401821613311768
SASRec,2008,2008-12-31,193143,44191,3,6.144874572753906
SASRec,2008,2008-12-31,193143,45517,4,6.1222662925720215
SASRec,2008,2008-12-31,193143,40815,5,6.08374547958374
SASRec,2008,2008-12-31,193143,8961,6,5.836872577667236
SASRec,2008,2008-12-31,193143,33493,7,5.7855024337768555
SASRec,2008,2008-12-31,193143,4995,8,5.7635087966918945
SASRec,2008,2008-12-31,193143,8644,9,5.747063636779785
SASRec,2008,2008-12-31,193143,46578,10,5.74408483505249
SASRec,2008,2008-12-31,193248,8951,1,5.084392547607422
SASRec,2008,2008-12-31,193248,8264,2,5.038481712341309
SASRec,2008,2008-12-31,193248,38886,3,5.000466823577881
SASRec,2008,2008-12-31,193248,8966,4,4.823633193969727
SASRec,2008,2008-12-31,193248,36535,5,4.780095100402832
SASRec,2008,2008-12-31,193248,30749,6,4.7787675857543945
SASRec,2008,2008-12-31,193248,6867,7,4.762116432189941
SASRec,2008,2008-12-31,193248,36517,8,4.74879789352417
SASRec,2008,2008-12-31,193248,7256,9,4.739396572113037
SASRec,2008,2008-12-31,193248,27773,10,4.735143661499023
SASRec,2008,2008-12-31,193425,44191,1,8.110610008239746
SASRec,2008,2008-12-31,193425,32587,2,7.650552749633789
SASRec,2008,2008-12-31,193425,46578,3,7.3378496170043945
SASRec,2008,2008-12-31,193425,41569,4,7.0468525886535645
SASRec,2008,2008-12-31,193425,33794,5,6.956137180328369
SASRec,2008,2008-12-31,193425,4993,6,6.777229309082031
SASRec,2008,2008-12-31,193425,33166,7,6.716285228729248
SASRec,2008,2008-12-31,193425,40815,8,6.666944980621338
SASRec,2008,2008-12-31,193425,33493,9,6.642765045166016
SASRec,2008,2008-12-31,193425,44199,10,6.626298427581787
SASRec,2008,2008-12-31,193985,7361,1,7.838068008422852
SASRec,2008,2008-12-31,193985,318,2,7.608282089233398
SASRec,2008,2008-12-31,193985,5995,3,7.54957914352417
SASRec,2008,2008-12-31,193985,7766,4,7.496520042419434
SASRec,2008,2008-12-31,193985,6787,5,7.4815473556518555
SASRec,2008,2008-12-31,193985,1252,6,7.480938911437988
SASRec,2008,2008-12-31,193985,6987,7,7.422974586486816
SASRec,2008,2008-12-31,193985,6016,8,7.184414863586426
SASRec,2008,2008-12-31,193985,50,9,7.145795822143555
SASRec,2008,2008-12-31,193985,904,10,7.144063472747803
SASRec,2008,2008-12-31,194440,44191,1,7.682999610900879
SASRec,2008,2008-12-31,194440,46578,2,7.304811000823975
SASRec,2008,2008-12-31,194440,45447,3,7.209927082061768
SASRec,2008,2008-12-31,194440,48385,4,7.055439472198486
SASRec,2008,2008-12-31,194440,45517,5,6.936150074005127
SASRec,2008,2008-12-31,194440,41569,6,6.777655601501465
SASRec,2008,2008-12-31,194440,49272,7,6.7698445320129395
SASRec,2008,2008-12-31,194440,3948,8,6.706603527069092
SASRec,2008,2008-12-31,194440,48516,9,6.612226963043213
SASRec,2008,2008-12-31,194440,48780,10,6.608534812927246
SASRec,2008,2008-12-31,194819,32587,1,8.924567222595215
SASRec,2008,2008-12-31,194819,296,2,8.222260475158691
SASRec,2008,2008-12-31,194819,7361,3,7.768226146697998
SASRec,2008,2008-12-31,194819,34405,4,7.710482597351074
SASRec,2008,2008-12-31,194819,4011,5,7.692392826080322
SASRec,2008,2008-12-31,194819,6016,6,7.677008152008057
SASRec,2008,2008-12-31,194819,318,7,7.534042835235596
SASRec,2008,2008-12-31,194819,7022,8,7.516860008239746
SASRec,2008,2008-12-31,194819,30749,9,7.509359836578369
SASRec,2008,2008-12-31,194819,8950,10,7.3984832763671875
SASRec,2008,2008-12-31,195051,27773,1,6.17462158203125
SASRec,2008,2008-12-31,195051,7361,2,5.87888765335083
SASRec,2008,2008-12-31,195051,6023,3,5.7106547355651855
SASRec,2008,2008-12-31,195051,8950,4,5.6608734130859375
SASRec,2008,2008-12-31,195051,7938,5,5.647905349731445
SASRec,2008,2008-12-31,195051,8949,6,5.54591178894043
SASRec,2008,2008-12-31,195051,26131,7,5.519487380981445
SASRec,2008,2008-12-31,195051,37741,8,5.499892234802246
SASRec,2008,2008-12-31,195051,48394,9,5.438400745391846
SASRec,2008,2008-12-31,195051,7766,10,5.437552452087402
SASRec,2008,2008-12-31,195068,4108,1,5.070836067199707
SASRec,2008,2008-12-31,195068,4012,2,4.7342424392700195
SASRec,2008,2008-12-31,195068,3101,3,4.690190315246582
SASRec,2008,2008-12-31,195068,4490,4,4.640059947967529
SASRec,2008,2008-12-31,195068,858,5,4.62291145324707
SASRec,2008,2008-12-31,195068,4126,6,4.602469444274902
SASRec,2008,2008-12-31,195068,3953,7,4.550650596618652
SASRec,2008,2008-12-31,195068,4929,8,4.484160900115967
SASRec,2008,2008-12-31,195068,4285,9,4.4840288162231445
SASRec,2008,2008-12-31,195068,3431,10,4.474612236022949
SASRec,2008,2008-12-31,195185,41569,1,5.921575546264648
SASRec,2008,2008-12-31,195185,32587,2,5.818857669830322
SASRec,2008,2008-12-31,195185,45447,3,5.588162899017334
SASRec,2008,2008-12-31,195185,44199,4,5.300168037414551
SASRec,2008,2008-12-31,195185,36401,5,5.171935558319092
SASRec,2008,2008-12-31,195185,36529,6,5.142644882202148
SASRec,2008,2008-12-31,195185,41566,7,5.121142864227295
SASRec,2008,2008-12-31,195185,39446,8,5.109622955322266
SASRec,2008,2008-12-31,195185,48385,9,5.046505928039551
SASRec,2008,2008-12-31,195185,38061,10,5.024421215057373
SASRec,2008,2008-12-31,195348,49272,1,7.712221622467041
SASRec,2008,2008-12-31,195348,54286,2,7.6558332443237305
SASRec,2008,2008-12-31,195348,48780,3,7.442949295043945
SASRec,2008,2008-12-31,195348,51255,4,7.405503749847412
SASRec,2008,2008-12-31,195348,53972,5,7.357379913330078
SASRec,2008,2008-12-31,195348,44191,6,7.302905082702637
SASRec,2008,2008-12-31,195348,46578,7,7.19508695602417
SASRec,2008,2008-12-31,195348,48774,8,7.156829833984375
SASRec,2008,2008-12-31,195348,50068,9,7.129583835601807
SASRec,2008,2008-12-31,195348,48516,10,7.06941032409668
SASRec,2008,2008-12-31,195730,1136,1,6.5370707511901855
SASRec,2008,2008-12-31,195730,1219,2,6.499624252319336
SASRec,2008,2008-12-31,195730,750,3,6.273029804229736
SASRec,2008,2008-12-31,195730,1193,4,6.0867085456848145
SASRec,2008,2008-12-31,195730,1206,5,5.965397357940674
SASRec,2008,2008-12-31,195730,1252,6,5.794284820556641
SASRec,2008,2008-12-31,195730,1196,7,5.75223445892334
SASRec,2008,2008-12-31,195730,923,8,5.750214576721191
SASRec,2008,2008-12-31,195730,1247,9,5.749640941619873
SASRec,2008,2008-12-31,195730,924,10,5.705549240112305
SASRec,2008,2008-12-31,195740,1580,1,8.28160572052002
SASRec,2008,2008-12-31,195740,780,2,8.262981414794922
SASRec,2008,2008-12-31,195740,3793,3,8.08549690246582
SASRec,2008,2008-12-31,195740,434,4,7.932478904724121
SASRec,2008,2008-12-31,195740,500,5,7.921360492706299
SASRec,2008,2008-12-31,195740,586,6,7.914320945739746
SASRec,2008,2008-12-31,195740,648,7,7.896027565002441
SASRec,2008,2008-12-31,195740,2683,8,7.858179092407227
SASRec,2008,2008-12-31,195740,4306,9,7.848452568054199
SASRec,2008,2008-12-31,195740,208,10,7.834880352020264
SASRec,2008,2008-12-31,196077,52328,1,7.640535831451416
SASRec,2008,2008-12-31,196077,46578,2,7.469753265380859
SASRec,2008,2008-12-31,196077,48516,3,7.422003269195557
SASRec,2008,2008-12-31,196077,54001,4,7.324606418609619
SASRec,2008,2008-12-31,196077,48780,5,7.2606401443481445
SASRec,2008,2008-12-31,196077,45722,6,7.170557498931885
SASRec,2008,2008-12-31,196077,54286,7,7.041677951812744
SASRec,2008,2008-12-31,196077,34319,8,6.758232116699219
SASRec,2008,2008-12-31,196077,40815,9,6.716091156005859
SASRec,2008,2008-12-31,196077,45499,10,6.708989143371582
SASRec,2008,2008-12-31,196146,7153,1,7.049244403839111
SASRec,2008,2008-12-31,196146,6377,2,6.858486652374268
SASRec,2008,2008-12-31,196146,8961,3,6.561359405517578
SASRec,2008,2008-12-31,196146,6711,4,6.49446964263916
SASRec,2008,2008-12-31,196146,8636,5,6.309352397918701
SASRec,2008,2008-12-31,196146,5618,6,6.25407075881958
SASRec,2008,2008-12-31,196146,6539,7,6.114754676818848
SASRec,2008,2008-12-31,196146,8360,8,5.9485883712768555
SASRec,2008,2008-12-31,196146,5378,9,5.911401748657227
SASRec,2008,2008-12-31,196146,7438,10,5.8158464431762695
SASRec,2008,2008-12-31,196155,44195,1,6.2769670486450195
SASRec,2008,2008-12-31,196155,40583,2,6.267584800720215
SASRec,2008,2008-12-31,196155,36535,3,6.252612113952637
SASRec,2008,2008-12-31,196155,40819,4,6.127349853515625
SASRec,2008,2008-12-31,196155,41997,5,6.089618682861328
SASRec,2008,2008-12-31,196155,34405,6,6.003685474395752
SASRec,2008,2008-12-31,196155,30749,7,6.002553939819336
SASRec,2008,2008-12-31,196155,38061,8,5.989108085632324
SASRec,2008,2008-12-31,196155,37733,9,5.9343743324279785
SASRec,2008,2008-12-31,196155,45950,10,5.888306617736816
SASRec,2008,2008-12-31,196327,46578,1,7.854160308837891
SASRec,2008,2008-12-31,196327,5378,2,7.79755973815918
SASRec,2008,2008-12-31,196327,6377,3,7.771673679351807
SASRec,2008,2008-12-31,196327,45447,4,7.6721296310424805
SASRec,2008,2008-12-31,196327,5445,5,7.603130340576172
SASRec,2008,2008-12-31,196327,4306,6,7.4048614501953125
SASRec,2008,2008-12-31,196327,7153,7,7.377809524536133
SASRec,2008,2008-12-31,196327,54001,8,7.289034843444824
SASRec,2008,2008-12-31,196327,5952,9,7.288398265838623
SASRec,2008,2008-12-31,196327,49530,10,7.2866530418396
SASRec,2008,2008-12-31,197034,1213,1,9.208778381347656
SASRec,2008,2008-12-31,197034,1208,2,8.572115898132324
SASRec,2008,2008-12-31,197034,111,3,8.447869300842285
SASRec,2008,2008-12-31,197034,1225,4,8.395605087280273
SASRec,2008,2008-12-31,197034,923,5,8.315945625305176
SASRec,2008,2008-12-31,197034,1219,6,8.243642807006836
SASRec,2008,2008-12-31,197034,1221,7,8.234825134277344
SASRec,2008,2008-12-31,197034,1252,8,8.227931022644043
SASRec,2008,2008-12-31,197034,750,9,8.117959976196289
SASRec,2008,2008-12-31,197034,7438,10,7.9983062744140625
SASRec,2008,2008-12-31,197251,30749,1,7.644162178039551
SASRec,2008,2008-12-31,197251,46578,2,7.255583763122559
SASRec,2008,2008-12-31,197251,46976,3,7.134200572967529
SASRec,2008,2008-12-31,197251,296,4,6.804397106170654
SASRec,2008,2008-12-31,197251,3435,5,6.7754926681518555
SASRec,2008,2008-12-31,197251,6016,6,6.749602317810059
SASRec,2008,2008-12-31,197251,922,7,6.725975036621094
SASRec,2008,2008-12-31,197251,1212,8,6.713166236877441
SASRec,2008,2008-12-31,197251,1252,9,6.660574913024902
SASRec,2008,2008-12-31,197251,48516,10,6.638436317443848
SASRec,2008,2008-12-31,197320,53972,1,7.002391338348389
SASRec,2008,2008-12-31,197320,48385,2,6.8823981285095215
SASRec,2008,2008-12-31,197320,54001,3,6.603036880493164
SASRec,2008,2008-12-31,197320,52722,4,6.571763038635254
SASRec,2008,2008-12-31,197320,46530,5,6.491183757781982
SASRec,2008,2008-12-31,197320,49530,6,6.392207622528076
SASRec,2008,2008-12-31,197320,48780,7,6.386298179626465
SASRec,2008,2008-12-31,197320,45517,8,6.370112419128418
SASRec,2008,2008-12-31,197320,44199,9,6.1771321296691895
SASRec,2008,2008-12-31,197320,41566,10,6.1670708656311035
SASRec,2008,2008-12-31,197441,44191,1,8.565495491027832
SASRec,2008,2008-12-31,197441,46578,2,8.521516799926758
SASRec,2008,2008-12-31,197441,48516,3,8.358954429626465
SASRec,2008,2008-12-31,197441,48780,4,7.874805450439453
SASRec,2008,2008-12-31,197441,48385,5,7.85078239440918
SASRec,2008,2008-12-31,197441,48774,6,7.842666149139404
SASRec,2008,2008-12-31,197441,46976,7,7.8291239738464355
SASRec,2008,2008-12-31,197441,54272,8,7.56773567199707
SASRec,2008,2008-12-31,197441,32587,9,7.53516149520874
SASRec,2008,2008-12-31,197441,54286,10,7.391390323638916
SASRec,2008,2008-12-31,197456,367,1,10.866979598999023
SASRec,2008,2008-12-31,197456,185,2,10.614503860473633
SASRec,2008,2008-12-31,197456,364,3,10.562725067138672
SASRec,2008,2008-12-31,197456,500,4,10.552261352539062
SASRec,2008,2008-12-31,197456,586,5,10.524398803710938
SASRec,2008,2008-12-31,197456,39,6,10.401618003845215
SASRec,2008,2008-12-31,197456,34,7,10.324655532836914
SASRec,2008,2008-12-31,197456,231,8,10.279773712158203
SASRec,2008,2008-12-31,197456,434,9,10.274810791015625
SASRec,2008,2008-12-31,197456,339,10,10.26276683807373
SASRec,2008,2008-12-31,197531,51077,1,6.034994602203369
SASRec,2008,2008-12-31,197531,44022,2,5.905014514923096
SASRec,2008,2008-12-31,197531,52722,3,5.8748555183410645
SASRec,2008,2008-12-31,197531,42011,4,5.831894397735596
SASRec,2008,2008-12-31,197531,54001,5,5.790218830108643
SASRec,2008,2008-12-31,197531,45666,6,5.788205146789551
SASRec,2008,2008-12-31,197531,43928,7,5.739076614379883
SASRec,2008,2008-12-31,197531,43936,8,5.726931571960449
SASRec,2008,2008-12-31,197531,50798,9,5.70417594909668
SASRec,2008,2008-12-31,197531,44972,10,5.50724983215332
SASRec,2008,2008-12-31,197553,2378,1,4.845170974731445
SASRec,2008,2008-12-31,197553,8957,2,4.836406707763672
SASRec,2008,2008-12-31,197553,8865,3,4.727097511291504
SASRec,2008,2008-12-31,197553,7367,4,4.649205684661865
SASRec,2008,2008-12-31,197553,7454,5,4.589980125427246
SASRec,2008,2008-12-31,197553,27706,6,4.574373722076416
SASRec,2008,2008-12-31,197553,2953,7,4.542046070098877
SASRec,2008,2008-12-31,197553,27821,8,4.538208484649658
SASRec,2008,2008-12-31,197553,1350,9,4.486973285675049
SASRec,2008,2008-12-31,197553,1974,10,4.467794895172119
SASRec,2008,2008-12-31,197577,44022,1,6.4550251960754395
SASRec,2008,2008-12-31,197577,34150,2,6.410412788391113
SASRec,2008,2008-12-31,197577,45447,3,6.233450889587402
SASRec,2008,2008-12-31,197577,31221,4,5.9336395263671875
SASRec,2008,2008-12-31,197577,34319,5,5.924350261688232
SASRec,2008,2008-12-31,197577,51077,6,5.8349761962890625
SASRec,2008,2008-12-31,197577,50794,7,5.777312278747559
SASRec,2008,2008-12-31,197577,43928,8,5.708310604095459
SASRec,2008,2008-12-31,197577,41569,9,5.694742202758789
SASRec,2008,2008-12-31,197577,52722,10,5.661016464233398
SASRec,2008,2008-12-31,197909,54001,1,7.5124711990356445
SASRec,2008,2008-12-31,197909,46578,2,7.3533477783203125
SASRec,2008,2008-12-31,197909,53972,3,7.29249382019043
SASRec,2008,2008-12-31,197909,54286,4,7.228117942810059
SASRec,2008,2008-12-31,197909,54272,5,7.044986724853516
SASRec,2008,2008-12-31,197909,52722,6,7.0131402015686035
SASRec,2008,2008-12-31,197909,50794,7,6.953644752502441
SASRec,2008,2008-12-31,197909,51662,8,6.949403762817383
SASRec,2008,2008-12-31,197909,44022,9,6.948624610900879
SASRec,2008,2008-12-31,197909,51255,10,6.936738967895508
SASRec,2008,2008-12-31,197930,4306,1,6.912915229797363
SASRec,2008,2008-12-31,197930,4993,2,6.786125183105469
SASRec,2008,2008-12-31,197930,45447,3,6.640145778656006
SASRec,2008,2008-12-31,197930,3948,4,6.624992847442627
SASRec,2008,2008-12-31,197930,5952,5,6.517014503479004
SASRec,2008,2008-12-31,197930,3793,6,6.464635848999023
SASRec,2008,2008-12-31,197930,2683,7,6.426937103271484
SASRec,2008,2008-12-31,197930,4022,8,6.410368919372559
SASRec,2008,2008-12-31,197930,48385,9,6.309718608856201
SASRec,2008,2008-12-31,197930,3578,10,6.301131248474121
SASRec,2008,2008-12-31,198515,55080,1,7.698888778686523
SASRec,2008,2008-12-31,198515,55245,2,7.671501159667969
SASRec,2008,2008-12-31,198515,54290,3,7.643445014953613
SASRec,2008,2008-12-31,198515,52694,4,7.462227821350098
SASRec,2008,2008-12-31,198515,53956,5,7.451902389526367
SASRec,2008,2008-12-31,198515,26111,6,7.449049949645996
SASRec,2008,2008-12-31,198515,50872,7,7.445915699005127
SASRec,2008,2008-12-31,198515,54612,8,7.400090217590332
SASRec,2008,2008-12-31,198515,50601,9,7.399589538574219
SASRec,2008,2008-12-31,198515,54780,10,7.330676555633545
SASRec,2008,2008-12-31,198525,46578,1,7.71697473526001
SASRec,2008,2008-12-31,198525,45668,2,6.9951677322387695
SASRec,2008,2008-12-31,198525,54001,3,6.760707378387451
SASRec,2008,2008-12-31,198525,45501,4,6.724406719207764
SASRec,2008,2008-12-31,198525,49272,5,6.717463493347168
SASRec,2008,2008-12-31,198525,45720,6,6.704319477081299
SASRec,2008,2008-12-31,198525,42015,7,6.639793395996094
SASRec,2008,2008-12-31,198525,47950,8,6.590803623199463
SASRec,2008,2008-12-31,198525,49286,9,6.490340232849121
SASRec,2008,2008-12-31,198525,48696,10,6.43025541305542
SASRec,2008,2008-12-31,198580,43928,1,7.241535186767578
SASRec,2008,2008-12-31,198580,49013,2,7.2135467529296875
SASRec,2008,2008-12-31,198580,48520,3,7.206661224365234
SASRec,2008,2008-12-31,198580,44844,4,7.044892311096191
SASRec,2008,2008-12-31,198580,52644,5,6.761805057525635
SASRec,2008,2008-12-31,198580,51077,6,6.7328362464904785
SASRec,2008,2008-12-31,198580,52287,7,6.68286657333374
SASRec,2008,2008-12-31,198580,50802,8,6.6203789710998535
SASRec,2008,2008-12-31,198580,48412,9,6.611821174621582
SASRec,2008,2008-12-31,198580,37853,10,6.603472709655762
SASRec,2008,2008-12-31,198616,30749,1,7.809549808502197
SASRec,2008,2008-12-31,198616,46578,2,7.5492987632751465
SASRec,2008,2008-12-31,198616,33166,3,7.343656063079834
SASRec,2008,2008-12-31,198616,44191,4,7.212279319763184
SASRec,2008,2008-12-31,198616,40815,5,7.064419269561768
SASRec,2008,2008-12-31,198616,33660,6,7.009216785430908
SASRec,2008,2008-12-31,198616,41997,7,6.951706886291504
SASRec,2008,2008-12-31,198616,8961,8,6.862471103668213
SASRec,2008,2008-12-31,198616,46976,9,6.839540481567383
SASRec,2008,2008-12-31,198616,34405,10,6.758283615112305
SASRec,2008,2008-12-31,198658,1073,1,6.561622142791748
SASRec,2008,2008-12-31,198658,586,2,6.555108547210693
SASRec,2008,2008-12-31,198658,2054,3,6.537013053894043
SASRec,2008,2008-12-31,198658,8961,4,6.480563163757324
SASRec,2008,2008-12-31,198658,1,5,6.273337364196777
SASRec,2008,2008-12-31,198658,788,6,6.2692742347717285
SASRec,2008,2008-12-31,198658,260,7,6.207161903381348
SASRec,2008,2008-12-31,198658,344,8,6.158928394317627
SASRec,2008,2008-12-31,198658,858,9,6.011018753051758
SASRec,2008,2008-12-31,198658,1270,10,5.914887428283691
SASRec,2008,2008-12-31,198676,49272,1,7.493082523345947
SASRec,2008,2008-12-31,198676,51255,2,7.414237976074219
SASRec,2008,2008-12-31,198676,48385,3,7.400595664978027
SASRec,2008,2008-12-31,198676,48780,4,7.247164249420166
SASRec,2008,2008-12-31,198676,52722,5,7.187713146209717
SASRec,2008,2008-12-31,198676,53972,6,7.1106085777282715
SASRec,2008,2008-12-31,198676,54503,7,7.080507755279541
SASRec,2008,2008-12-31,198676,49932,8,6.984643936157227
SASRec,2008,2008-12-31,198676,48738,9,6.98460578918457
SASRec,2008,2008-12-31,198676,48696,10,6.958252906799316
SASRec,2008,2008-12-31,198767,30749,1,7.503821849822998
SASRec,2008,2008-12-31,198767,6016,2,7.458152770996094
SASRec,2008,2008-12-31,198767,5995,3,7.230906963348389
SASRec,2008,2008-12-31,198767,37741,4,7.171090126037598
SASRec,2008,2008-12-31,198767,46578,5,6.979633331298828
SASRec,2008,2008-12-31,198767,32587,6,6.940135478973389
SASRec,2008,2008-12-31,198767,8949,7,6.8996453285217285
SASRec,2008,2008-12-31,198767,4235,8,6.773143291473389
SASRec,2008,2008-12-31,198767,33166,9,6.637556552886963
SASRec,2008,2008-12-31,198767,41285,10,6.5676445960998535
SASRec,2008,2008-12-31,198903,1094,1,8.490753173828125
SASRec,2008,2008-12-31,198903,1213,2,8.23409652709961
SASRec,2008,2008-12-31,198903,58,3,8.007671356201172
SASRec,2008,2008-12-31,198903,1673,4,7.946930408477783
SASRec,2008,2008-12-31,198903,1358,5,7.9277143478393555
SASRec,2008,2008-12-31,198903,1639,6,7.8920369148254395
SASRec,2008,2008-12-31,198903,1732,7,7.838781833648682
SASRec,2008,2008-12-31,198903,778,8,7.75355339050293
SASRec,2008,2008-12-31,198903,246,9,7.7360687255859375
SASRec,2008,2008-12-31,198903,1729,10,7.730489253997803
SASRec,2008,2008-12-31,198929,52722,1,7.312096118927002
SASRec,2008,2008-12-31,198929,49272,2,7.051183700561523
SASRec,2008,2008-12-31,198929,54001,3,6.93863582611084
SASRec,2008,2008-12-31,198929,48780,4,6.8573503494262695
SASRec,2008,2008-12-31,198929,51255,5,6.677019119262695
SASRec,2008,2008-12-31,198929,27904,6,6.618515491485596
SASRec,2008,2008-12-31,198929,50794,7,6.572864532470703
SASRec,2008,2008-12-31,198929,49530,8,6.520719528198242
SASRec,2008,2008-12-31,198929,46976,9,6.520209312438965
SASRec,2008,2008-12-31,198929,44022,10,6.471118927001953
SASRec,2008,2008-12-31,199111,52328,1,7.986376762390137
SASRec,2008,2008-12-31,199111,52722,2,7.846045970916748
SASRec,2008,2008-12-31,199111,54001,3,7.743910789489746
SASRec,2008,2008-12-31,199111,50794,4,7.626039028167725
SASRec,2008,2008-12-31,199111,54272,5,7.456721782684326
SASRec,2008,2008-12-31,199111,51255,6,7.450374603271484
SASRec,2008,2008-12-31,199111,44191,7,7.252289772033691
SASRec,2008,2008-12-31,199111,53000,8,7.0794148445129395
SASRec,2008,2008-12-31,199111,53322,9,7.05186653137207
SASRec,2008,2008-12-31,199111,47997,10,7.023407459259033
SASRec,2008,2008-12-31,199117,25850,1,5.95529317855835
SASRec,2008,2008-12-31,199117,50685,2,5.709607124328613
SASRec,2008,2008-12-31,199117,50872,3,5.563021659851074
SASRec,2008,2008-12-31,199117,47950,4,5.507117748260498
SASRec,2008,2008-12-31,199117,26111,5,5.406764030456543
SASRec,2008,2008-12-31,199117,47629,6,5.360520839691162
SASRec,2008,2008-12-31,199117,26078,7,5.324686050415039
SASRec,2008,2008-12-31,199117,45028,8,5.273407936096191
SASRec,2008,2008-12-31,199117,46578,9,5.272507190704346
SASRec,2008,2008-12-31,199117,49824,10,5.215808391571045
SASRec,2008,2008-12-31,199140,54272,1,7.946922302246094
SASRec,2008,2008-12-31,199140,52644,2,7.606070518493652
SASRec,2008,2008-12-31,199140,52722,3,7.570405006408691
SASRec,2008,2008-12-31,199140,51077,4,7.39439058303833
SASRec,2008,2008-12-31,199140,53972,5,7.368745803833008
SASRec,2008,2008-12-31,199140,54286,6,7.36803674697876
SASRec,2008,2008-12-31,199140,53464,7,7.360172748565674
SASRec,2008,2008-12-31,199140,50794,8,7.359118461608887
SASRec,2008,2008-12-31,199140,51255,9,7.358789920806885
SASRec,2008,2008-12-31,199140,54001,10,7.254329681396484
SASRec,2008,2008-12-31,199188,2123,1,4.873845100402832
SASRec,2008,2008-12-31,199188,2789,2,4.775147914886475
SASRec,2008,2008-12-31,199188,1975,3,4.542141914367676
SASRec,2008,2008-12-31,199188,2121,4,4.421660423278809
SASRec,2008,2008-12-31,199188,2513,5,4.407186031341553
SASRec,2008,2008-12-31,199188,2088,6,4.337965965270996
SASRec,2008,2008-12-31,199188,1974,7,4.312404155731201
SASRec,2008,2008-12-31,199188,2639,8,4.258551597595215
SASRec,2008,2008-12-31,199188,3688,9,4.2408318519592285
SASRec,2008,2008-12-31,199188,2014,10,4.18196439743042
SASRec,2008,2008-12-31,199319,46578,1,8.560037612915039
SASRec,2008,2008-12-31,199319,46976,2,7.9869890213012695
SASRec,2008,2008-12-31,199319,49530,3,7.921555042266846
SASRec,2008,2008-12-31,199319,44191,4,7.717873573303223
SASRec,2008,2008-12-31,199319,54272,5,7.640294075012207
SASRec,2008,2008-12-31,199319,53972,6,7.571495532989502
SASRec,2008,2008-12-31,199319,51255,7,7.544429779052734
SASRec,2008,2008-12-31,199319,48783,8,7.410027980804443
SASRec,2008,2008-12-31,199319,50068,9,7.311647415161133
SASRec,2008,2008-12-31,199319,48394,10,7.200045108795166
SASRec,2008,2008-12-31,199384,5867,1,3.950289726257324
SASRec,2008,2008-12-31,199384,4407,2,3.730428457260132
SASRec,2008,2008-12-31,199384,4826,3,3.6356453895568848
SASRec,2008,2008-12-31,199384,4577,4,3.578402042388916
SASRec,2008,2008-12-31,199384,4329,5,3.3951234817504883
SASRec,2008,2008-12-31,199384,4210,6,3.3604960441589355
SASRec,2008,2008-12-31,199384,3996,7,3.3272111415863037
SASRec,2008,2008-12-31,199384,6301,8,3.3256380558013916
SASRec,2008,2008-12-31,199384,5506,9,3.2880849838256836
SASRec,2008,2008-12-31,199384,6305,10,3.2133750915527344
SASRec,2008,2008-12-31,199572,6023,1,7.4753570556640625
SASRec,2008,2008-12-31,199572,7938,2,7.350217819213867
SASRec,2008,2008-12-31,199572,25805,3,7.008432865142822
SASRec,2008,2008-12-31,199572,7926,4,6.9790730476379395
SASRec,2008,2008-12-31,199572,7766,5,6.702314853668213
SASRec,2008,2008-12-31,199572,7940,6,6.5783915519714355
SASRec,2008,2008-12-31,199572,7820,7,6.567249298095703
SASRec,2008,2008-12-31,199572,7043,8,6.467827320098877
SASRec,2008,2008-12-31,199572,8751,9,6.4412126541137695
SASRec,2008,2008-12-31,199572,7941,10,6.399513244628906
SASRec,2008,2008-12-31,199688,38886,1,5.631664276123047
SASRec,2008,2008-12-31,199688,48696,2,5.427156448364258
SASRec,2008,2008-12-31,199688,36535,3,5.403331756591797
SASRec,2008,2008-12-31,199688,46578,4,5.363061428070068
SASRec,2008,2008-12-31,199688,46976,5,5.216848373413086
SASRec,2008,2008-12-31,199688,41285,6,5.195104598999023
SASRec,2008,2008-12-31,199688,39183,7,5.16086483001709
SASRec,2008,2008-12-31,199688,42418,8,5.138462543487549
SASRec,2008,2008-12-31,199688,45950,9,5.122863292694092
SASRec,2008,2008-12-31,199688,48774,10,5.068300247192383
SASRec,2008,2008-12-31,199966,8751,1,6.681090831756592
SASRec,2008,2008-12-31,199966,6023,2,6.505377769470215
SASRec,2008,2008-12-31,199966,7820,3,6.451968669891357
SASRec,2008,2008-12-31,199966,7792,4,6.387982368469238
SASRec,2008,2008-12-31,199966,25788,5,6.318002700805664
SASRec,2008,2008-12-31,199966,8195,6,6.303793907165527
SASRec,2008,2008-12-31,199966,25954,7,6.20096492767334
SASRec,2008,2008-12-31,199966,8337,8,6.186591148376465
SASRec,2008,2008-12-31,199966,32179,9,6.1595306396484375
SASRec,2008,2008-12-31,199966,26148,10,6.158587455749512
SASRec,2008,2008-12-31,200102,45447,1,6.93743896484375
SASRec,2008,2008-12-31,200102,48385,2,6.878848075866699
SASRec,2008,2008-12-31,200102,48516,3,6.772980213165283
SASRec,2008,2008-12-31,200102,33794,4,6.500558376312256
SASRec,2008,2008-12-31,200102,44195,5,6.380960464477539
SASRec,2008,2008-12-31,200102,41569,6,6.353610515594482
SASRec,2008,2008-12-31,200102,48780,7,6.325966835021973
SASRec,2008,2008-12-31,200102,48394,8,6.323398590087891
SASRec,2008,2008-12-31,200102,33166,9,6.269952774047852
SASRec,2008,2008-12-31,200102,8961,10,6.229127407073975
SASRec,2008,2008-12-31,200193,2019,1,7.937119007110596
SASRec,2008,2008-12-31,200193,750,2,7.725457668304443
SASRec,2008,2008-12-31,200193,7022,3,7.686621189117432
SASRec,2008,2008-12-31,200193,1219,4,7.666319847106934
SASRec,2008,2008-12-31,200193,6016,5,7.576226711273193
SASRec,2008,2008-12-31,200193,5618,6,7.575133323669434
SASRec,2008,2008-12-31,200193,1252,7,7.438839912414551
SASRec,2008,2008-12-31,200193,2692,8,7.366320610046387
SASRec,2008,2008-12-31,200193,32587,9,7.3339643478393555
SASRec,2008,2008-12-31,200193,4262,10,7.275427341461182
SASRec,2008,2008-12-31,200322,46578,1,5.947915554046631
SASRec,2008,2008-12-31,200322,48774,2,5.750357627868652
SASRec,2008,2008-12-31,200322,46976,3,5.567512035369873
SASRec,2008,2008-12-31,200322,44761,4,5.335290908813477
SASRec,2008,2008-12-31,200322,48394,5,5.329786777496338
SASRec,2008,2008-12-31,200322,41285,6,5.20505952835083
SASRec,2008,2008-12-31,200322,39183,7,5.159197807312012
SASRec,2008,2008-12-31,200322,48082,8,5.118999004364014
SASRec,2008,2008-12-31,200322,45720,9,5.114777088165283
SASRec,2008,2008-12-31,200322,38886,10,5.060519218444824
SASRec,2008,2008-12-31,200377,2406,1,8.765020370483398
SASRec,2008,2008-12-31,200377,2001,2,8.668899536132812
SASRec,2008,2008-12-31,200377,1408,3,8.623504638671875
SASRec,2008,2008-12-31,200377,2011,4,8.608440399169922
SASRec,2008,2008-12-31,200377,1917,5,8.565837860107422
SASRec,2008,2008-12-31,200377,1370,6,8.50341510772705
SASRec,2008,2008-12-31,200377,1196,7,8.496526718139648
SASRec,2008,2008-12-31,200377,1608,8,8.49319076538086
SASRec,2008,2008-12-31,200377,1552,9,8.483071327209473
SASRec,2008,2008-12-31,200377,2194,10,8.475897789001465
SASRec,2008,2008-12-31,200449,296,1,9.927430152893066
SASRec,2008,2008-12-31,200449,593,2,9.892242431640625
SASRec,2008,2008-12-31,200449,32,3,9.79427719116211
SASRec,2008,2008-12-31,200449,47,4,9.367794036865234
SASRec,2008,2008-12-31,200449,110,5,9.120036125183105
SASRec,2008,2008-12-31,200449,3578,6,9.055638313293457
SASRec,2008,2008-12-31,200449,457,7,8.984440803527832
SASRec,2008,2008-12-31,200449,1210,8,8.936798095703125
SASRec,2008,2008-12-31,200449,858,9,8.874653816223145
SASRec,2008,2008-12-31,200449,592,10,8.837994575500488
SASRec,2008,2008-12-31,200635,46578,1,6.275638580322266
SASRec,2008,2008-12-31,200635,8949,2,5.934518337249756
SASRec,2008,2008-12-31,200635,44199,3,5.7824931144714355
SASRec,2008,2008-12-31,200635,41997,4,5.737855434417725
SASRec,2008,2008-12-31,200635,37741,5,5.723928451538086
SASRec,2008,2008-12-31,200635,35836,6,5.693092346191406
SASRec,2008,2008-12-31,200635,36535,7,5.665036201477051
SASRec,2008,2008-12-31,200635,45447,8,5.65358829498291
SASRec,2008,2008-12-31,200635,41285,9,5.632639408111572
SASRec,2008,2008-12-31,200635,8784,10,5.579444885253906
SASRec,2008,2008-12-31,200643,2953,1,6.2274580001831055
SASRec,2008,2008-12-31,200643,1562,2,6.1894659996032715
SASRec,2008,2008-12-31,200643,2701,3,5.929989814758301
SASRec,2008,2008-12-31,200643,1556,4,5.641458034515381
SASRec,2008,2008-12-31,200643,1882,5,5.114813327789307
SASRec,2008,2008-12-31,200643,1644,6,5.081035614013672
SASRec,2008,2008-12-31,200643,2335,7,4.986112594604492
SASRec,2008,2008-12-31,200643,8949,8,4.943899154663086
SASRec,2008,2008-12-31,200643,2420,9,4.943875789642334
SASRec,2008,2008-12-31,200643,2412,10,4.9322357177734375
