model,year,timestamp,user_id,item_id,rank,score
SASRec,2011,2011-12-31,208,58559,1,5.8495774269104
SASRec,2011,2011-12-31,208,56174,2,5.78131103515625
SASRec,2011,2011-12-31,208,56367,3,5.567292213439941
SASRec,2011,2011-12-31,208,56757,4,5.537325382232666
SASRec,2011,2011-12-31,208,56171,5,5.458873748779297
SASRec,2011,2011-12-31,208,61132,6,5.4529876708984375
SASRec,2011,2011-12-31,208,51662,7,5.429624080657959
SASRec,2011,2011-12-31,208,70286,8,5.4138875007629395
SASRec,2011,2011-12-31,208,48516,9,5.390417098999023
SASRec,2011,2011-12-31,208,63082,10,5.3586530685424805
SASRec,2011,2011-12-31,551,589,1,5.644966125488281
SASRec,2011,2011-12-31,551,150,2,5.53143310546875
SASRec,2011,2011-12-31,551,78499,3,5.462101936340332
SASRec,2011,2011-12-31,551,76251,4,5.432852745056152
SASRec,2011,2011-12-31,551,457,5,5.360347270965576
SASRec,2011,2011-12-31,551,80463,6,5.349874973297119
SASRec,2011,2011-12-31,551,588,7,5.332809925079346
SASRec,2011,2011-12-31,551,1,8,5.252755641937256
SASRec,2011,2011-12-31,551,480,9,5.23139762878418
SASRec,2011,2011-12-31,551,79702,10,5.183500289916992
SASRec,2011,2011-12-31,587,56174,1,7.550600051879883
SASRec,2011,2011-12-31,587,5445,2,7.283959865570068
SASRec,2011,2011-12-31,587,780,3,7.221278190612793
SASRec,2011,2011-12-31,587,6539,4,7.198482513427734
SASRec,2011,2011-12-31,587,2683,5,7.167602062225342
SASRec,2011,2011-12-31,587,165,6,7.143800735473633
SASRec,2011,2011-12-31,587,2571,7,7.026169300079346
SASRec,2011,2011-12-31,587,5418,8,6.994807243347168
SASRec,2011,2011-12-31,587,208,9,6.969891548156738
SASRec,2011,2011-12-31,587,2628,10,6.935903072357178
SASRec,2011,2011-12-31,698,3751,1,8.52965259552002
SASRec,2011,2011-12-31,698,2683,2,8.415241241455078
SASRec,2011,2011-12-31,698,3897,3,8.333877563476562
SASRec,2011,2011-12-31,698,3753,4,7.938344478607178
SASRec,2011,2011-12-31,698,4027,5,7.89304256439209
SASRec,2011,2011-12-31,698,1961,6,7.788105487823486
SASRec,2011,2011-12-31,698,4896,7,7.60452938079834
SASRec,2011,2011-12-31,698,4995,8,7.552338600158691
SASRec,2011,2011-12-31,698,3175,9,7.416843891143799
SASRec,2011,2011-12-31,698,5816,10,7.33294677734375
SASRec,2011,2011-12-31,798,70286,1,7.482141494750977
SASRec,2011,2011-12-31,798,72998,2,7.383522033691406
SASRec,2011,2011-12-31,798,56367,3,7.072502136230469
SASRec,2011,2011-12-31,798,68157,4,6.989943027496338
SASRec,2011,2011-12-31,798,60069,5,6.87833833694458
SASRec,2011,2011-12-31,798,55820,6,6.822409629821777
SASRec,2011,2011-12-31,798,73017,7,6.780998229980469
SASRec,2011,2011-12-31,798,74458,8,6.717954635620117
SASRec,2011,2011-12-31,798,71535,9,6.714879035949707
SASRec,2011,2011-12-31,798,61132,10,6.698958396911621
SASRec,2011,2011-12-31,831,63082,1,6.258504390716553
SASRec,2011,2011-12-31,831,56367,2,6.2489495277404785
SASRec,2011,2011-12-31,831,68954,3,6.082035541534424
SASRec,2011,2011-12-31,831,73017,4,6.021881103515625
SASRec,2011,2011-12-31,831,61132,5,6.002526760101318
SASRec,2011,2011-12-31,831,64614,6,5.695827484130859
SASRec,2011,2011-12-31,831,56757,7,5.620517253875732
SASRec,2011,2011-12-31,831,54286,8,5.585292339324951
SASRec,2011,2011-12-31,831,69481,9,5.5526323318481445
SASRec,2011,2011-12-31,831,60074,10,5.538443088531494
SASRec,2011,2011-12-31,1149,6539,1,8.159584045410156
SASRec,2011,2011-12-31,1149,6874,2,7.799591064453125
SASRec,2011,2011-12-31,1149,208,3,7.728973865509033
SASRec,2011,2011-12-31,1149,32587,4,7.687629699707031
SASRec,2011,2011-12-31,1149,4306,5,7.638714790344238
SASRec,2011,2011-12-31,1149,588,6,7.6173529624938965
SASRec,2011,2011-12-31,1149,1,7,7.615664482116699
SASRec,2011,2011-12-31,1149,32,8,7.5996809005737305
SASRec,2011,2011-12-31,1149,150,9,7.562168121337891
SASRec,2011,2011-12-31,1149,19,10,7.515629768371582
SASRec,2011,2011-12-31,1551,51773,1,5.708507537841797
SASRec,2011,2011-12-31,1551,78116,2,5.627736568450928
SASRec,2011,2011-12-31,1551,77206,3,5.547846794128418
SASRec,2011,2011-12-31,1551,38656,4,5.49758243560791
SASRec,2011,2011-12-31,1551,73027,5,5.390201568603516
SASRec,2011,2011-12-31,1551,26430,6,5.343837738037109
SASRec,2011,2011-12-31,1551,26048,7,5.314444541931152
SASRec,2011,2011-12-31,1551,48704,8,5.274194717407227
SASRec,2011,2011-12-31,1551,74916,9,5.2559685707092285
SASRec,2011,2011-12-31,1551,69908,10,5.245203971862793
SASRec,2011,2011-12-31,1577,70286,1,7.317042827606201
SASRec,2011,2011-12-31,1577,68954,2,7.040154933929443
SASRec,2011,2011-12-31,1577,56367,3,7.007448196411133
SASRec,2011,2011-12-31,1577,56174,4,6.934207916259766
SASRec,2011,2011-12-31,1577,55820,5,6.91376256942749
SASRec,2011,2011-12-31,1577,71535,6,6.82600736618042
SASRec,2011,2011-12-31,1577,73017,7,6.700185298919678
SASRec,2011,2011-12-31,1577,74458,8,6.690877914428711
SASRec,2011,2011-12-31,1577,64614,9,6.431461334228516
SASRec,2011,2011-12-31,1577,61132,10,6.423295974731445
SASRec,2011,2011-12-31,1778,48516,1,6.859219551086426
SASRec,2011,2011-12-31,1778,32587,2,6.489538192749023
SASRec,2011,2011-12-31,1778,858,3,6.4369215965271
SASRec,2011,2011-12-31,1778,30749,4,6.33382511138916
SASRec,2011,2011-12-31,1778,293,5,6.324369430541992
SASRec,2011,2011-12-31,1778,111,6,6.266149520874023
SASRec,2011,2011-12-31,1778,5995,7,6.251766204833984
SASRec,2011,2011-12-31,1778,5618,8,6.22197151184082
SASRec,2011,2011-12-31,1778,1213,9,6.183829307556152
SASRec,2011,2011-12-31,1778,110,10,6.136105537414551
SASRec,2011,2011-12-31,1842,56171,1,5.692515850067139
SASRec,2011,2011-12-31,1842,44665,2,5.646562099456787
SASRec,2011,2011-12-31,1842,61132,3,5.585740089416504
SASRec,2011,2011-12-31,1842,48043,4,5.42702579498291
SASRec,2011,2011-12-31,1842,51662,5,5.3671674728393555
SASRec,2011,2011-12-31,1842,63131,6,5.323940753936768
SASRec,2011,2011-12-31,1842,70286,7,5.304664134979248
SASRec,2011,2011-12-31,1842,58998,8,5.290105819702148
SASRec,2011,2011-12-31,1842,51935,9,5.263885498046875
SASRec,2011,2011-12-31,1842,52973,10,5.229618549346924
SASRec,2011,2011-12-31,1860,318,1,4.963020324707031
SASRec,2011,2011-12-31,1860,356,2,4.844098091125488
SASRec,2011,2011-12-31,1860,2731,3,4.812222957611084
SASRec,2011,2011-12-31,1860,541,4,4.805638313293457
SASRec,2011,2011-12-31,1860,123,5,4.695065021514893
SASRec,2011,2011-12-31,1860,778,6,4.629657745361328
SASRec,2011,2011-12-31,1860,2762,7,4.587255954742432
SASRec,2011,2011-12-31,1860,1228,8,4.578219413757324
SASRec,2011,2011-12-31,1860,909,9,4.548216819763184
SASRec,2011,2011-12-31,1860,1206,10,4.517991542816162
SASRec,2011,2011-12-31,2270,70286,1,6.2174391746521
SASRec,2011,2011-12-31,2270,48394,2,6.181953430175781
SASRec,2011,2011-12-31,2270,50,3,6.175254821777344
SASRec,2011,2011-12-31,2270,44555,4,6.164931297302246
SASRec,2011,2011-12-31,2270,59315,5,5.982110023498535
SASRec,2011,2011-12-31,2270,68954,6,5.961699962615967
SASRec,2011,2011-12-31,2270,57669,7,5.9133830070495605
SASRec,2011,2011-12-31,2270,44191,8,5.872866630554199
SASRec,2011,2011-12-31,2270,64839,9,5.860151290893555
SASRec,2011,2011-12-31,2270,30749,10,5.823416709899902
SASRec,2011,2011-12-31,2556,70286,1,7.149742126464844
SASRec,2011,2011-12-31,2556,68157,2,6.849484443664551
SASRec,2011,2011-12-31,2556,76251,3,6.809309959411621
SASRec,2011,2011-12-31,2556,71518,4,6.595561981201172
SASRec,2011,2011-12-31,2556,77561,5,6.517146110534668
SASRec,2011,2011-12-31,2556,56174,6,6.516512870788574
SASRec,2011,2011-12-31,2556,71535,7,6.499048233032227
SASRec,2011,2011-12-31,2556,72407,8,6.473301410675049
SASRec,2011,2011-12-31,2556,79702,9,6.440417289733887
SASRec,2011,2011-12-31,2556,74458,10,6.356783866882324
SASRec,2011,2011-12-31,2828,72407,1,6.649460792541504
SASRec,2011,2011-12-31,2828,76251,2,6.372245788574219
SASRec,2011,2011-12-31,2828,69122,3,6.294290542602539
SASRec,2011,2011-12-31,2828,73017,4,6.161840438842773
SASRec,2011,2011-12-31,2828,68157,5,6.147249698638916
SASRec,2011,2011-12-31,2828,71518,6,6.146717071533203
SASRec,2011,2011-12-31,2828,71535,7,6.023552894592285
SASRec,2011,2011-12-31,2828,71520,8,6.007019519805908
SASRec,2011,2011-12-31,2828,70336,9,5.9651031494140625
SASRec,2011,2011-12-31,2828,79702,10,5.961577892303467
SASRec,2011,2011-12-31,3038,51662,1,7.202731609344482
SASRec,2011,2011-12-31,3038,55820,2,7.133865833282471
SASRec,2011,2011-12-31,3038,56174,3,7.0952043533325195
SASRec,2011,2011-12-31,3038,56367,4,7.023512840270996
SASRec,2011,2011-12-31,3038,48774,5,6.971556663513184
SASRec,2011,2011-12-31,3038,44191,6,6.884809970855713
SASRec,2011,2011-12-31,3038,7361,7,6.813388824462891
SASRec,2011,2011-12-31,3038,32587,8,6.724909782409668
SASRec,2011,2011-12-31,3038,49272,9,6.692461013793945
SASRec,2011,2011-12-31,3038,59315,10,6.645181655883789
SASRec,2011,2011-12-31,3070,70286,1,7.062917709350586
SASRec,2011,2011-12-31,3070,71535,2,6.5702290534973145
SASRec,2011,2011-12-31,3070,74458,3,6.564183235168457
SASRec,2011,2011-12-31,3070,2683,4,6.456331253051758
SASRec,2011,2011-12-31,3070,45722,5,6.217621326446533
SASRec,2011,2011-12-31,3070,1917,6,6.109017848968506
SASRec,2011,2011-12-31,3070,68157,7,6.1056437492370605
SASRec,2011,2011-12-31,3070,73017,8,6.084129810333252
SASRec,2011,2011-12-31,3070,76251,9,6.0069193840026855
SASRec,2011,2011-12-31,3070,59615,10,5.987227439880371
SASRec,2011,2011-12-31,3231,71518,1,6.63599967956543
SASRec,2011,2011-12-31,3231,76251,2,6.619624614715576
SASRec,2011,2011-12-31,3231,70286,3,6.605712890625
SASRec,2011,2011-12-31,3231,72407,4,6.200413227081299
SASRec,2011,2011-12-31,3231,79702,5,6.192748069763184
SASRec,2011,2011-12-31,3231,69122,6,6.181208610534668
SASRec,2011,2011-12-31,3231,63082,7,6.079207897186279
SASRec,2011,2011-12-31,3231,71535,8,6.035892009735107
SASRec,2011,2011-12-31,3231,74789,9,6.007852077484131
SASRec,2011,2011-12-31,3231,78499,10,5.977192401885986
SASRec,2011,2011-12-31,3733,48774,1,7.473971843719482
SASRec,2011,2011-12-31,3733,56367,2,7.436869144439697
SASRec,2011,2011-12-31,3733,6016,3,7.224953651428223
SASRec,2011,2011-12-31,3733,56174,4,7.10539436340332
SASRec,2011,2011-12-31,3733,48780,5,7.0536017417907715
SASRec,2011,2011-12-31,3733,44665,6,6.996821880340576
SASRec,2011,2011-12-31,3733,48394,7,6.9575276374816895
SASRec,2011,2011-12-31,3733,30707,8,6.942713737487793
SASRec,2011,2011-12-31,3733,54286,9,6.9250993728637695
SASRec,2011,2011-12-31,3733,30749,10,6.774233341217041
SASRec,2011,2011-12-31,4727,110,1,9.811315536499023
SASRec,2011,2011-12-31,4727,377,2,9.412619590759277
SASRec,2011,2011-12-31,4727,2683,3,9.087284088134766
SASRec,2011,2011-12-31,4727,4306,4,8.769978523254395
SASRec,2011,2011-12-31,4727,592,5,8.599225997924805
SASRec,2011,2011-12-31,4727,10,6,8.578453063964844
SASRec,2011,2011-12-31,4727,296,7,8.510443687438965
SASRec,2011,2011-12-31,4727,260,8,8.485016822814941
SASRec,2011,2011-12-31,4727,4226,9,8.476743698120117
SASRec,2011,2011-12-31,4727,2628,10,8.4668607711792
SASRec,2011,2011-12-31,5063,56174,1,6.165773391723633
SASRec,2011,2011-12-31,5063,44665,2,5.8200602531433105
SASRec,2011,2011-12-31,5063,48516,3,5.8074564933776855
SASRec,2011,2011-12-31,5063,44191,4,5.7413835525512695
SASRec,2011,2011-12-31,5063,48774,5,5.6301116943359375
SASRec,2011,2011-12-31,5063,56367,6,5.610703468322754
SASRec,2011,2011-12-31,5063,53125,7,5.565382957458496
SASRec,2011,2011-12-31,5063,45499,8,5.547944068908691
SASRec,2011,2011-12-31,5063,53996,9,5.534508228302002
SASRec,2011,2011-12-31,5063,52722,10,5.522160053253174
SASRec,2011,2011-12-31,5318,58559,1,6.325372695922852
SASRec,2011,2011-12-31,5318,63082,2,6.27301549911499
SASRec,2011,2011-12-31,5318,48774,3,6.108349323272705
SASRec,2011,2011-12-31,5318,778,4,6.08957576751709
SASRec,2011,2011-12-31,5318,608,5,6.009027481079102
SASRec,2011,2011-12-31,5318,1213,6,5.934891223907471
SASRec,2011,2011-12-31,5318,593,7,5.907251834869385
SASRec,2011,2011-12-31,5318,68157,8,5.896783351898193
SASRec,2011,2011-12-31,5318,2959,9,5.790048599243164
SASRec,2011,2011-12-31,5318,2762,10,5.666548728942871
SASRec,2011,2011-12-31,5523,76251,1,5.877824306488037
SASRec,2011,2011-12-31,5523,58559,2,5.866816520690918
SASRec,2011,2011-12-31,5523,70286,3,5.84274435043335
SASRec,2011,2011-12-31,5523,68954,4,5.763051509857178
SASRec,2011,2011-12-31,5523,71535,5,5.69114351272583
SASRec,2011,2011-12-31,5523,64622,6,5.677891731262207
SASRec,2011,2011-12-31,5523,73017,7,5.6040496826171875
SASRec,2011,2011-12-31,5523,60069,8,5.547275543212891
SASRec,2011,2011-12-31,5523,56174,9,5.478243350982666
SASRec,2011,2011-12-31,5523,64614,10,5.475927829742432
SASRec,2011,2011-12-31,5777,296,1,8.637988090515137
SASRec,2011,2011-12-31,5777,318,2,8.37581729888916
SASRec,2011,2011-12-31,5777,4226,3,8.358394622802734
SASRec,2011,2011-12-31,5777,2762,4,8.02166748046875
SASRec,2011,2011-12-31,5777,2571,5,7.840786933898926
SASRec,2011,2011-12-31,5777,593,6,7.774022102355957
SASRec,2011,2011-12-31,5777,356,7,7.753199100494385
SASRec,2011,2011-12-31,5777,110,8,7.7173662185668945
SASRec,2011,2011-12-31,5777,50,9,7.7127366065979
SASRec,2011,2011-12-31,5777,48516,10,7.274890422821045
SASRec,2011,2011-12-31,6000,55820,1,6.261261940002441
SASRec,2011,2011-12-31,6000,8949,2,5.541910171508789
SASRec,2011,2011-12-31,6000,68157,3,5.513484954833984
SASRec,2011,2011-12-31,6000,49272,4,5.480655670166016
SASRec,2011,2011-12-31,6000,30749,5,5.405181884765625
SASRec,2011,2011-12-31,6000,70286,6,5.308941841125488
SASRec,2011,2011-12-31,6000,41997,7,5.286299705505371
SASRec,2011,2011-12-31,6000,4878,8,5.286153316497803
SASRec,2011,2011-12-31,6000,44761,9,5.2574992179870605
SASRec,2011,2011-12-31,6000,8970,10,5.256808280944824
SASRec,2011,2011-12-31,6006,58559,1,7.652295112609863
SASRec,2011,2011-12-31,6006,56367,2,7.100695610046387
SASRec,2011,2011-12-31,6006,48774,3,7.0971479415893555
SASRec,2011,2011-12-31,6006,63082,4,6.993269920349121
SASRec,2011,2011-12-31,6006,51662,5,6.843465805053711
SASRec,2011,2011-12-31,6006,49272,6,6.8185906410217285
SASRec,2011,2011-12-31,6006,44191,7,6.805652618408203
SASRec,2011,2011-12-31,6006,59315,8,6.736944675445557
SASRec,2011,2011-12-31,6006,60069,9,6.727311611175537
SASRec,2011,2011-12-31,6006,48394,10,6.597522258758545
SASRec,2011,2011-12-31,6187,55820,1,5.126899719238281
SASRec,2011,2011-12-31,6187,68157,2,4.802738189697266
SASRec,2011,2011-12-31,6187,69481,3,4.727540493011475
SASRec,2011,2011-12-31,6187,48774,4,4.71962833404541
SASRec,2011,2011-12-31,6187,48516,5,4.655166149139404
SASRec,2011,2011-12-31,6187,4226,6,4.629487037658691
SASRec,2011,2011-12-31,6187,1222,7,4.61224365234375
SASRec,2011,2011-12-31,6187,70286,8,4.407639026641846
SASRec,2011,2011-12-31,6187,46578,9,4.400634765625
SASRec,2011,2011-12-31,6187,541,10,4.310797691345215
SASRec,2011,2011-12-31,6227,44555,1,5.244861125946045
SASRec,2011,2011-12-31,6227,6867,2,5.18637228012085
SASRec,2011,2011-12-31,6227,47629,3,5.103692054748535
SASRec,2011,2011-12-31,6227,41285,4,5.085064888000488
SASRec,2011,2011-12-31,6227,7371,5,5.058950424194336
SASRec,2011,2011-12-31,6227,34542,6,5.0098676681518555
SASRec,2011,2011-12-31,6227,46578,7,5.0028228759765625
SASRec,2011,2011-12-31,6227,30749,8,4.9745869636535645
SASRec,2011,2011-12-31,6227,44694,9,4.96848726272583
SASRec,2011,2011-12-31,6227,6666,10,4.901784420013428
SASRec,2011,2011-12-31,6471,344,1,5.798009395599365
SASRec,2011,2011-12-31,6471,208,2,5.762263774871826
SASRec,2011,2011-12-31,6471,185,3,5.688674449920654
SASRec,2011,2011-12-31,6471,316,4,5.621795654296875
SASRec,2011,2011-12-31,6471,165,5,5.493359088897705
SASRec,2011,2011-12-31,6471,19,6,5.49091100692749
SASRec,2011,2011-12-31,6471,377,7,5.458013534545898
SASRec,2011,2011-12-31,6471,480,8,5.283702373504639
SASRec,2011,2011-12-31,6471,56174,9,5.183656215667725
SASRec,2011,2011-12-31,6471,329,10,5.164790153503418
SASRec,2011,2011-12-31,6854,70286,1,6.093696594238281
SASRec,2011,2011-12-31,6854,68954,2,5.95240592956543
SASRec,2011,2011-12-31,6854,68157,3,5.939182281494141
SASRec,2011,2011-12-31,6854,55820,4,5.885495662689209
SASRec,2011,2011-12-31,6854,56367,5,5.759687900543213
SASRec,2011,2011-12-31,6854,61132,6,5.753325939178467
SASRec,2011,2011-12-31,6854,59315,7,5.6112380027771
SASRec,2011,2011-12-31,6854,69757,8,5.606276512145996
SASRec,2011,2011-12-31,6854,74789,9,5.576573371887207
SASRec,2011,2011-12-31,6854,56757,10,5.545321941375732
SASRec,2011,2011-12-31,7262,48516,1,6.6155314445495605
SASRec,2011,2011-12-31,7262,55820,2,6.222983360290527
SASRec,2011,2011-12-31,7262,46578,3,5.9598388671875
SASRec,2011,2011-12-31,7262,48774,4,5.9565324783325195
SASRec,2011,2011-12-31,7262,30749,5,5.920133113861084
SASRec,2011,2011-12-31,7262,48394,6,5.908845901489258
SASRec,2011,2011-12-31,7262,27773,7,5.778367042541504
SASRec,2011,2011-12-31,7262,7361,8,5.655340194702148
SASRec,2011,2011-12-31,7262,44694,9,5.501338005065918
SASRec,2011,2011-12-31,7262,63082,10,5.501143932342529
SASRec,2011,2011-12-31,7424,71518,1,6.265866279602051
SASRec,2011,2011-12-31,7424,76251,2,6.032032012939453
SASRec,2011,2011-12-31,7424,68954,3,5.9746012687683105
SASRec,2011,2011-12-31,7424,71108,4,5.799184322357178
SASRec,2011,2011-12-31,7424,78499,5,5.588355541229248
SASRec,2011,2011-12-31,7424,72998,6,5.577828407287598
SASRec,2011,2011-12-31,7424,71033,7,5.568080425262451
SASRec,2011,2011-12-31,7424,80463,8,5.537364959716797
SASRec,2011,2011-12-31,7424,79702,9,5.491053104400635
SASRec,2011,2011-12-31,7424,73017,10,5.3782525062561035
SASRec,2011,2011-12-31,7808,71518,1,6.628504753112793
SASRec,2011,2011-12-31,7808,76251,2,6.382490158081055
SASRec,2011,2011-12-31,7808,79702,3,6.002748966217041
SASRec,2011,2011-12-31,7808,77561,4,5.960962295532227
SASRec,2011,2011-12-31,7808,78105,5,5.926756381988525
SASRec,2011,2011-12-31,7808,68954,6,5.9128594398498535
SASRec,2011,2011-12-31,7808,74275,7,5.894066333770752
SASRec,2011,2011-12-31,7808,78499,8,5.885395050048828
SASRec,2011,2011-12-31,7808,80489,9,5.856463432312012
SASRec,2011,2011-12-31,7808,80463,10,5.797348499298096
SASRec,2011,2011-12-31,7834,56174,1,6.1993865966796875
SASRec,2011,2011-12-31,7834,59315,2,5.509204864501953
SASRec,2011,2011-12-31,7834,51662,3,5.367701053619385
SASRec,2011,2011-12-31,7834,53996,4,5.269687652587891
SASRec,2011,2011-12-31,7834,52722,5,5.192578315734863
SASRec,2011,2011-12-31,7834,72998,6,5.1292805671691895
SASRec,2011,2011-12-31,7834,49272,7,4.940240383148193
SASRec,2011,2011-12-31,7834,60074,8,4.857508659362793
SASRec,2011,2011-12-31,7834,61132,9,4.802376747131348
SASRec,2011,2011-12-31,7834,45499,10,4.802018165588379
SASRec,2011,2011-12-31,7858,77206,1,6.236057758331299
SASRec,2011,2011-12-31,7858,74916,2,6.091787815093994
SASRec,2011,2011-12-31,7858,74948,3,5.872191429138184
SASRec,2011,2011-12-31,7858,78266,4,5.773852348327637
SASRec,2011,2011-12-31,7858,77561,5,5.749118328094482
SASRec,2011,2011-12-31,7858,74795,6,5.738222122192383
SASRec,2011,2011-12-31,7858,79293,7,5.734008312225342
SASRec,2011,2011-12-31,7858,74275,8,5.7177348136901855
SASRec,2011,2011-12-31,7858,76251,9,5.711541652679443
SASRec,2011,2011-12-31,7858,69988,10,5.634570121765137
SASRec,2011,2011-12-31,7870,56174,1,7.013496398925781
SASRec,2011,2011-12-31,7870,56367,2,6.888980865478516
SASRec,2011,2011-12-31,7870,63082,3,6.763444900512695
SASRec,2011,2011-12-31,7870,51662,4,6.563481330871582
SASRec,2011,2011-12-31,7870,61132,5,6.418473720550537
SASRec,2011,2011-12-31,7870,74458,6,6.222533226013184
SASRec,2011,2011-12-31,7870,76251,7,6.123082160949707
SASRec,2011,2011-12-31,7870,52973,8,6.109707355499268
SASRec,2011,2011-12-31,7870,53996,9,6.0143656730651855
SASRec,2011,2011-12-31,7870,53125,10,5.988071918487549
SASRec,2011,2011-12-31,8126,63082,1,6.5148091316223145
SASRec,2011,2011-12-31,8126,296,2,6.200805187225342
SASRec,2011,2011-12-31,8126,70286,3,6.028844833374023
SASRec,2011,2011-12-31,8126,318,4,5.985212802886963
SASRec,2011,2011-12-31,8126,56367,5,5.947835445404053
SASRec,2011,2011-12-31,8126,60069,6,5.920736789703369
SASRec,2011,2011-12-31,8126,48774,7,5.920017242431641
SASRec,2011,2011-12-31,8126,57669,8,5.89466667175293
SASRec,2011,2011-12-31,8126,63876,9,5.890764236450195
SASRec,2011,2011-12-31,8126,4226,10,5.833160877227783
SASRec,2011,2011-12-31,8382,69489,1,5.87864351272583
SASRec,2011,2011-12-31,8382,38656,2,5.797727108001709
SASRec,2011,2011-12-31,8382,74916,3,5.5834574699401855
SASRec,2011,2011-12-31,8382,51773,4,5.526971340179443
SASRec,2011,2011-12-31,8382,73914,5,5.367599964141846
SASRec,2011,2011-12-31,8382,74488,6,5.296459674835205
SASRec,2011,2011-12-31,8382,66289,7,5.293764114379883
SASRec,2011,2011-12-31,8382,32464,8,5.268321990966797
SASRec,2011,2011-12-31,8382,77206,9,5.2621169090271
SASRec,2011,2011-12-31,8382,44601,10,5.236546039581299
SASRec,2011,2011-12-31,8456,39446,1,4.244173049926758
SASRec,2011,2011-12-31,8456,6383,2,4.124762535095215
SASRec,2011,2011-12-31,8456,8666,3,4.039366245269775
SASRec,2011,2011-12-31,8456,45726,4,4.02236795425415
SASRec,2011,2011-12-31,8456,48877,5,3.9268851280212402
SASRec,2011,2011-12-31,8456,6754,6,3.832038640975952
SASRec,2011,2011-12-31,8456,6058,7,3.8290576934814453
SASRec,2011,2011-12-31,8456,43679,8,3.770897150039673
SASRec,2011,2011-12-31,8456,50798,9,3.764639139175415
SASRec,2011,2011-12-31,8456,52245,10,3.764191150665283
SASRec,2011,2011-12-31,8529,110,1,8.76215934753418
SASRec,2011,2011-12-31,8529,208,2,8.431514739990234
SASRec,2011,2011-12-31,8529,165,3,8.39787769317627
SASRec,2011,2011-12-31,8529,10,4,8.248025894165039
SASRec,2011,2011-12-31,8529,480,5,8.133149147033691
SASRec,2011,2011-12-31,8529,19,6,8.120827674865723
SASRec,2011,2011-12-31,8529,500,7,8.11134147644043
SASRec,2011,2011-12-31,8529,587,8,7.97689962387085
SASRec,2011,2011-12-31,8529,185,9,7.896072864532471
SASRec,2011,2011-12-31,8529,457,10,7.883624076843262
SASRec,2011,2011-12-31,9003,55820,1,6.749654769897461
SASRec,2011,2011-12-31,9003,48516,2,6.494619846343994
SASRec,2011,2011-12-31,9003,70286,3,6.242763042449951
SASRec,2011,2011-12-31,9003,58559,4,6.23268985748291
SASRec,2011,2011-12-31,9003,68157,5,6.202120304107666
SASRec,2011,2011-12-31,9003,48774,6,6.192410945892334
SASRec,2011,2011-12-31,9003,44191,7,6.082318305969238
SASRec,2011,2011-12-31,9003,32,8,6.05199670791626
SASRec,2011,2011-12-31,9003,589,9,5.9789838790893555
SASRec,2011,2011-12-31,9003,71535,10,5.961455345153809
SASRec,2011,2011-12-31,9502,5445,1,8.506120681762695
SASRec,2011,2011-12-31,9502,4306,2,8.264461517333984
SASRec,2011,2011-12-31,9502,4886,3,8.260056495666504
SASRec,2011,2011-12-31,9502,377,4,8.211892127990723
SASRec,2011,2011-12-31,9502,110,5,8.105472564697266
SASRec,2011,2011-12-31,9502,5952,6,7.984034538269043
SASRec,2011,2011-12-31,9502,10,7,7.956615447998047
SASRec,2011,2011-12-31,9502,2012,8,7.948116302490234
SASRec,2011,2011-12-31,9502,6539,9,7.906743049621582
SASRec,2011,2011-12-31,9502,5349,10,7.862390518188477
SASRec,2011,2011-12-31,9959,53996,1,5.4498372077941895
SASRec,2011,2011-12-31,9959,56174,2,5.399832725524902
SASRec,2011,2011-12-31,9959,51662,3,5.12113618850708
SASRec,2011,2011-12-31,9959,56171,4,5.019411087036133
SASRec,2011,2011-12-31,9959,51935,5,4.983705043792725
SASRec,2011,2011-12-31,9959,60074,6,4.923059940338135
SASRec,2011,2011-12-31,9959,48516,7,4.9113945960998535
SASRec,2011,2011-12-31,9959,53125,8,4.9067769050598145
SASRec,2011,2011-12-31,9959,52245,9,4.868039131164551
SASRec,2011,2011-12-31,9959,58803,10,4.841624736785889
SASRec,2011,2011-12-31,10213,63876,1,4.947544574737549
SASRec,2011,2011-12-31,10213,64575,2,4.835782051086426
SASRec,2011,2011-12-31,10213,71464,3,4.664514541625977
SASRec,2011,2011-12-31,10213,47629,4,4.60761833190918
SASRec,2011,2011-12-31,10213,52241,5,4.6005401611328125
SASRec,2011,2011-12-31,10213,44694,6,4.571745872497559
SASRec,2011,2011-12-31,10213,53123,7,4.559811592102051
SASRec,2011,2011-12-31,10213,68347,8,4.477188587188721
SASRec,2011,2011-12-31,10213,64622,9,4.423799514770508
SASRec,2011,2011-12-31,10213,71108,10,4.416903018951416
SASRec,2011,2011-12-31,10227,70286,1,7.219263076782227
SASRec,2011,2011-12-31,10227,68954,2,6.943037033081055
SASRec,2011,2011-12-31,10227,72998,3,6.74936580657959
SASRec,2011,2011-12-31,10227,71535,4,6.746577739715576
SASRec,2011,2011-12-31,10227,76251,5,6.733985424041748
SASRec,2011,2011-12-31,10227,59315,6,6.560110092163086
SASRec,2011,2011-12-31,10227,60069,7,6.52976655960083
SASRec,2011,2011-12-31,10227,73017,8,6.499927997589111
SASRec,2011,2011-12-31,10227,69481,9,6.254154682159424
SASRec,2011,2011-12-31,10227,68358,10,6.200595378875732
SASRec,2011,2011-12-31,10426,56174,1,7.818117141723633
SASRec,2011,2011-12-31,10426,58559,2,7.125477313995361
SASRec,2011,2011-12-31,10426,70286,3,7.005790710449219
SASRec,2011,2011-12-31,10426,51662,4,6.93479061126709
SASRec,2011,2011-12-31,10426,63082,5,6.771875381469727
SASRec,2011,2011-12-31,10426,56367,6,6.721487998962402
SASRec,2011,2011-12-31,10426,44191,7,6.569694995880127
SASRec,2011,2011-12-31,10426,59315,8,6.555523872375488
SASRec,2011,2011-12-31,10426,49272,9,6.5450944900512695
SASRec,2011,2011-12-31,10426,48516,10,6.5325608253479
SASRec,2011,2011-12-31,10657,2042,1,5.448512077331543
SASRec,2011,2011-12-31,10657,3243,2,5.1323065757751465
SASRec,2011,2011-12-31,10657,879,3,5.049178123474121
SASRec,2011,2011-12-31,10657,1752,4,5.005712509155273
SASRec,2011,2011-12-31,10657,5584,5,4.885022163391113
SASRec,2011,2011-12-31,10657,6793,6,4.838171482086182
SASRec,2011,2011-12-31,10657,4215,7,4.827304363250732
SASRec,2011,2011-12-31,10657,6996,8,4.803635597229004
SASRec,2011,2011-12-31,10657,7017,9,4.795313835144043
SASRec,2011,2011-12-31,10657,174,10,4.778013229370117
SASRec,2011,2011-12-31,10798,71108,1,5.358367919921875
SASRec,2011,2011-12-31,10798,71518,2,5.351161003112793
SASRec,2011,2011-12-31,10798,76251,3,5.196868896484375
SASRec,2011,2011-12-31,10798,71464,4,5.181431293487549
SASRec,2011,2011-12-31,10798,71033,5,5.153778553009033
SASRec,2011,2011-12-31,10798,69481,6,5.097195625305176
SASRec,2011,2011-12-31,10798,70286,7,5.071620941162109
SASRec,2011,2011-12-31,10798,66097,8,4.950033187866211
SASRec,2011,2011-12-31,10798,64614,9,4.846962928771973
SASRec,2011,2011-12-31,10798,52319,10,4.84084415435791
SASRec,2011,2011-12-31,11212,70286,1,6.111000061035156
SASRec,2011,2011-12-31,11212,68157,2,5.9478960037231445
SASRec,2011,2011-12-31,11212,72407,3,5.767425060272217
SASRec,2011,2011-12-31,11212,63082,4,5.766442775726318
SASRec,2011,2011-12-31,11212,71535,5,5.706150531768799
SASRec,2011,2011-12-31,11212,71518,6,5.705367565155029
SASRec,2011,2011-12-31,11212,61132,7,5.65015172958374
SASRec,2011,2011-12-31,11212,56174,8,5.649918556213379
SASRec,2011,2011-12-31,11212,74789,9,5.4453444480896
SASRec,2011,2011-12-31,11212,55820,10,5.442906856536865
SASRec,2011,2011-12-31,11214,51773,1,5.4942731857299805
SASRec,2011,2011-12-31,11214,69489,2,5.4628801345825195
SASRec,2011,2011-12-31,11214,38656,3,5.421076774597168
SASRec,2011,2011-12-31,11214,69908,4,5.392611026763916
SASRec,2011,2011-12-31,11214,73914,5,5.277571678161621
SASRec,2011,2011-12-31,11214,78116,6,5.257806777954102
SASRec,2011,2011-12-31,11214,26048,7,5.25022029876709
SASRec,2011,2011-12-31,11214,44601,8,5.179714679718018
SASRec,2011,2011-12-31,11214,26430,9,5.160987854003906
SASRec,2011,2011-12-31,11214,77206,10,5.13292121887207
SASRec,2011,2011-12-31,11461,8783,1,5.692928791046143
SASRec,2011,2011-12-31,11461,7293,2,5.478909492492676
SASRec,2011,2011-12-31,11461,6383,3,5.36356782913208
SASRec,2011,2011-12-31,11461,6754,4,5.352260589599609
SASRec,2011,2011-12-31,11461,5507,5,5.327047824859619
SASRec,2011,2011-12-31,11461,7004,6,5.312930107116699
SASRec,2011,2011-12-31,11461,6593,7,5.298355579376221
SASRec,2011,2011-12-31,11461,6953,8,5.273243427276611
SASRec,2011,2011-12-31,11461,4890,9,5.245532035827637
SASRec,2011,2011-12-31,11461,4816,10,5.2374372482299805
SASRec,2011,2011-12-31,11505,593,1,8.877336502075195
SASRec,2011,2011-12-31,11505,296,2,8.76370620727539
SASRec,2011,2011-12-31,11505,260,3,8.716031074523926
SASRec,2011,2011-12-31,11505,318,4,8.687154769897461
SASRec,2011,2011-12-31,11505,356,5,8.559133529663086
SASRec,2011,2011-12-31,11505,858,6,8.301419258117676
SASRec,2011,2011-12-31,11505,1,7,7.945684432983398
SASRec,2011,2011-12-31,11505,2858,8,7.933019161224365
SASRec,2011,2011-12-31,11505,377,9,7.822174072265625
SASRec,2011,2011-12-31,11505,150,10,7.725806713104248
SASRec,2011,2011-12-31,11662,56174,1,7.23233699798584
SASRec,2011,2011-12-31,11662,58559,2,7.210578441619873
SASRec,2011,2011-12-31,11662,70286,3,6.7050604820251465
SASRec,2011,2011-12-31,11662,56367,4,6.660885334014893
SASRec,2011,2011-12-31,11662,51662,5,6.635470390319824
SASRec,2011,2011-12-31,11662,72998,6,6.516955375671387
SASRec,2011,2011-12-31,11662,61132,7,6.401996612548828
SASRec,2011,2011-12-31,11662,53125,8,6.2841620445251465
SASRec,2011,2011-12-31,11662,55820,9,6.258127689361572
SASRec,2011,2011-12-31,11662,48516,10,6.246272087097168
SASRec,2011,2011-12-31,11719,71518,1,6.7732415199279785
SASRec,2011,2011-12-31,11719,76251,2,6.67219352722168
SASRec,2011,2011-12-31,11719,68157,3,6.547312259674072
SASRec,2011,2011-12-31,11719,70286,4,6.205810546875
SASRec,2011,2011-12-31,11719,72998,5,6.09201192855835
SASRec,2011,2011-12-31,11719,79702,6,6.0193071365356445
SASRec,2011,2011-12-31,11719,78499,7,6.003747940063477
SASRec,2011,2011-12-31,11719,80463,8,5.877898693084717
SASRec,2011,2011-12-31,11719,69481,9,5.855467319488525
SASRec,2011,2011-12-31,11719,71464,10,5.842174530029297
SASRec,2011,2011-12-31,11770,58559,1,7.248947620391846
SASRec,2011,2011-12-31,11770,55820,2,6.95311164855957
SASRec,2011,2011-12-31,11770,6016,3,6.913954734802246
SASRec,2011,2011-12-31,11770,56367,4,6.88864278793335
SASRec,2011,2011-12-31,11770,44191,5,6.602453708648682
SASRec,2011,2011-12-31,11770,63082,6,6.539572715759277
SASRec,2011,2011-12-31,11770,49272,7,6.4285430908203125
SASRec,2011,2011-12-31,11770,46976,8,6.324644565582275
SASRec,2011,2011-12-31,11770,30707,9,6.323058128356934
SASRec,2011,2011-12-31,11770,51662,10,6.240503311157227
SASRec,2011,2011-12-31,11870,55820,1,7.228199005126953
SASRec,2011,2011-12-31,11870,58559,2,7.147928714752197
SASRec,2011,2011-12-31,11870,63082,3,6.983077526092529
SASRec,2011,2011-12-31,11870,48516,4,6.9799017906188965
SASRec,2011,2011-12-31,11870,68157,5,6.864618301391602
SASRec,2011,2011-12-31,11870,48774,6,6.722127437591553
SASRec,2011,2011-12-31,11870,56367,7,6.716855525970459
SASRec,2011,2011-12-31,11870,70286,8,6.588212013244629
SASRec,2011,2011-12-31,11870,68954,9,6.443941116333008
SASRec,2011,2011-12-31,11870,46578,10,6.413485050201416
SASRec,2011,2011-12-31,11909,58559,1,6.27565336227417
SASRec,2011,2011-12-31,11909,72998,2,5.83554220199585
SASRec,2011,2011-12-31,11909,72407,3,5.7133989334106445
SASRec,2011,2011-12-31,11909,56174,4,5.706245422363281
SASRec,2011,2011-12-31,11909,60037,5,5.650915622711182
SASRec,2011,2011-12-31,11909,69122,6,5.619718551635742
SASRec,2011,2011-12-31,11909,51662,7,5.572560787200928
SASRec,2011,2011-12-31,11909,61132,8,5.494542121887207
SASRec,2011,2011-12-31,11909,60074,9,5.431150436401367
SASRec,2011,2011-12-31,11909,53996,10,5.412485122680664
SASRec,2011,2011-12-31,12302,56174,1,5.40354061126709
SASRec,2011,2011-12-31,12302,51662,2,5.056103706359863
SASRec,2011,2011-12-31,12302,53996,3,5.041947364807129
SASRec,2011,2011-12-31,12302,64497,4,4.980050563812256
SASRec,2011,2011-12-31,12302,60037,5,4.9600725173950195
SASRec,2011,2011-12-31,12302,72407,6,4.9364495277404785
SASRec,2011,2011-12-31,12302,58559,7,4.925836563110352
SASRec,2011,2011-12-31,12302,60074,8,4.922543525695801
SASRec,2011,2011-12-31,12302,53125,9,4.884096145629883
SASRec,2011,2011-12-31,12302,70336,10,4.877575397491455
SASRec,2011,2011-12-31,12390,48516,1,7.0173444747924805
SASRec,2011,2011-12-31,12390,55820,2,6.834365367889404
SASRec,2011,2011-12-31,12390,48774,3,6.776194095611572
SASRec,2011,2011-12-31,12390,44191,4,6.7056050300598145
SASRec,2011,2011-12-31,12390,51662,5,6.609879016876221
SASRec,2011,2011-12-31,12390,56174,6,6.548435211181641
SASRec,2011,2011-12-31,12390,49272,7,6.536937236785889
SASRec,2011,2011-12-31,12390,6016,8,6.255216121673584
SASRec,2011,2011-12-31,12390,54286,9,6.2216715812683105
SASRec,2011,2011-12-31,12390,63082,10,6.219579696655273
SASRec,2011,2011-12-31,12649,71518,1,6.695311069488525
SASRec,2011,2011-12-31,12649,79702,2,6.310635089874268
SASRec,2011,2011-12-31,12649,78499,3,6.192258834838867
SASRec,2011,2011-12-31,12649,79293,4,6.168272018432617
SASRec,2011,2011-12-31,12649,78105,5,6.168245792388916
SASRec,2011,2011-12-31,12649,80489,6,6.1564202308654785
SASRec,2011,2011-12-31,12649,72407,7,6.148025989532471
SASRec,2011,2011-12-31,12649,68159,8,6.086750507354736
SASRec,2011,2011-12-31,12649,74275,9,6.053069591522217
SASRec,2011,2011-12-31,12649,66509,10,5.998793125152588
SASRec,2011,2011-12-31,12650,44665,1,4.952020168304443
SASRec,2011,2011-12-31,12650,56174,2,4.940801620483398
SASRec,2011,2011-12-31,12650,34162,3,4.827374458312988
SASRec,2011,2011-12-31,12650,41569,4,4.756107330322266
SASRec,2011,2011-12-31,12650,45499,5,4.693633556365967
SASRec,2011,2011-12-31,12650,44191,6,4.663444519042969
SASRec,2011,2011-12-31,12650,53996,7,4.661040306091309
SASRec,2011,2011-12-31,12650,41566,8,4.654816627502441
SASRec,2011,2011-12-31,12650,52722,9,4.640442848205566
SASRec,2011,2011-12-31,12650,35836,10,4.628636837005615
SASRec,2011,2011-12-31,12818,56174,1,7.288061618804932
SASRec,2011,2011-12-31,12818,74458,2,6.491484642028809
SASRec,2011,2011-12-31,12818,71535,3,6.432328701019287
SASRec,2011,2011-12-31,12818,377,4,6.136008262634277
SASRec,2011,2011-12-31,12818,588,5,6.103836536407471
SASRec,2011,2011-12-31,12818,59615,6,6.027594566345215
SASRec,2011,2011-12-31,12818,5418,7,5.9907755851745605
SASRec,2011,2011-12-31,12818,73017,8,5.927036285400391
SASRec,2011,2011-12-31,12818,76251,9,5.897420406341553
SASRec,2011,2011-12-31,12818,54286,10,5.868422508239746
SASRec,2011,2011-12-31,13164,71518,1,5.955843448638916
SASRec,2011,2011-12-31,13164,74275,2,5.8496174812316895
SASRec,2011,2011-12-31,13164,76251,3,5.692485809326172
SASRec,2011,2011-12-31,13164,72407,4,5.667976379394531
SASRec,2011,2011-12-31,13164,78105,5,5.663215160369873
SASRec,2011,2011-12-31,13164,79293,6,5.478586196899414
SASRec,2011,2011-12-31,13164,71520,7,5.448135852813721
SASRec,2011,2011-12-31,13164,72380,8,5.443656921386719
SASRec,2011,2011-12-31,13164,73266,9,5.379359245300293
SASRec,2011,2011-12-31,13164,79702,10,5.378344535827637
SASRec,2011,2011-12-31,13498,588,1,6.694857597351074
SASRec,2011,2011-12-31,13498,1,2,6.379934310913086
SASRec,2011,2011-12-31,13498,1784,3,6.103589057922363
SASRec,2011,2011-12-31,13498,539,4,6.040482997894287
SASRec,2011,2011-12-31,13498,141,5,5.995242118835449
SASRec,2011,2011-12-31,13498,50,6,5.814264297485352
SASRec,2011,2011-12-31,13498,6,7,5.725091934204102
SASRec,2011,2011-12-31,13498,595,8,5.723974227905273
SASRec,2011,2011-12-31,13498,1036,9,5.634296894073486
SASRec,2011,2011-12-31,13498,357,10,5.577785491943359
SASRec,2011,2011-12-31,13796,58559,1,7.35125207901001
SASRec,2011,2011-12-31,13796,110,2,7.330306053161621
SASRec,2011,2011-12-31,13796,318,3,7.098653316497803
SASRec,2011,2011-12-31,13796,2571,4,7.0763959884643555
SASRec,2011,2011-12-31,13796,2858,5,7.0603108406066895
SASRec,2011,2011-12-31,13796,2762,6,6.958064079284668
SASRec,2011,2011-12-31,13796,593,7,6.841341495513916
SASRec,2011,2011-12-31,13796,55820,8,6.753710746765137
SASRec,2011,2011-12-31,13796,50,9,6.730655670166016
SASRec,2011,2011-12-31,13796,59315,10,6.712299346923828
SASRec,2011,2011-12-31,13802,48516,1,7.485910892486572
SASRec,2011,2011-12-31,13802,7361,2,7.407947540283203
SASRec,2011,2011-12-31,13802,32587,3,7.231436252593994
SASRec,2011,2011-12-31,13802,6016,4,7.216087341308594
SASRec,2011,2011-12-31,13802,58559,5,7.034687042236328
SASRec,2011,2011-12-31,13802,44191,6,6.866429328918457
SASRec,2011,2011-12-31,13802,48774,7,6.850054740905762
SASRec,2011,2011-12-31,13802,46578,8,6.733409404754639
SASRec,2011,2011-12-31,13802,49272,9,6.670617580413818
SASRec,2011,2011-12-31,13802,30707,10,6.643285274505615
SASRec,2011,2011-12-31,13987,55820,1,6.595218658447266
SASRec,2011,2011-12-31,13987,48516,2,6.453708171844482
SASRec,2011,2011-12-31,13987,44555,3,6.046828746795654
SASRec,2011,2011-12-31,13987,48774,4,5.881862640380859
SASRec,2011,2011-12-31,13987,48394,5,5.811241149902344
SASRec,2011,2011-12-31,13987,63876,6,5.747849464416504
SASRec,2011,2011-12-31,13987,57669,7,5.744662284851074
SASRec,2011,2011-12-31,13987,27773,8,5.603764057159424
SASRec,2011,2011-12-31,13987,68954,9,5.539835453033447
SASRec,2011,2011-12-31,13987,56782,10,5.461549758911133
SASRec,2011,2011-12-31,14411,71108,1,5.258118629455566
SASRec,2011,2011-12-31,14411,68157,2,5.198127269744873
SASRec,2011,2011-12-31,14411,71464,3,5.086772441864014
SASRec,2011,2011-12-31,14411,71518,4,5.008192539215088
SASRec,2011,2011-12-31,14411,69481,5,4.976794242858887
SASRec,2011,2011-12-31,14411,71033,6,4.923949718475342
SASRec,2011,2011-12-31,14411,76251,7,4.827462673187256
SASRec,2011,2011-12-31,14411,62511,8,4.810564994812012
SASRec,2011,2011-12-31,14411,68954,9,4.714696407318115
SASRec,2011,2011-12-31,14411,80463,10,4.712498664855957
SASRec,2011,2011-12-31,14549,904,1,6.070934295654297
SASRec,2011,2011-12-31,14549,1252,2,5.9643425941467285
SASRec,2011,2011-12-31,14549,541,3,5.720550537109375
SASRec,2011,2011-12-31,14549,3022,4,5.711553573608398
SASRec,2011,2011-12-31,14549,5291,5,5.692132472991943
SASRec,2011,2011-12-31,14549,1178,6,5.688964366912842
SASRec,2011,2011-12-31,14549,912,7,5.654352188110352
SASRec,2011,2011-12-31,14549,2731,8,5.616337776184082
SASRec,2011,2011-12-31,14549,3435,9,5.535455703735352
SASRec,2011,2011-12-31,14549,923,10,5.529617786407471
SASRec,2011,2011-12-31,14663,58559,1,7.764673709869385
SASRec,2011,2011-12-31,14663,56174,2,7.532567024230957
SASRec,2011,2011-12-31,14663,32587,3,7.466385841369629
SASRec,2011,2011-12-31,14663,7361,4,7.458627700805664
SASRec,2011,2011-12-31,14663,56367,5,7.456727027893066
SASRec,2011,2011-12-31,14663,48774,6,7.398827075958252
SASRec,2011,2011-12-31,14663,44665,7,7.222906112670898
SASRec,2011,2011-12-31,14663,55820,8,7.097905158996582
SASRec,2011,2011-12-31,14663,4226,9,7.050477981567383
SASRec,2011,2011-12-31,14663,6016,10,7.048260688781738
SASRec,2011,2011-12-31,14710,58559,1,6.634417533874512
SASRec,2011,2011-12-31,14710,70286,2,6.178459167480469
SASRec,2011,2011-12-31,14710,56367,3,6.087892532348633
SASRec,2011,2011-12-31,14710,72998,4,5.923855781555176
SASRec,2011,2011-12-31,14710,55820,5,5.898714542388916
SASRec,2011,2011-12-31,14710,68157,6,5.878711700439453
SASRec,2011,2011-12-31,14710,68954,7,5.811787128448486
SASRec,2011,2011-12-31,14710,56174,8,5.763876438140869
SASRec,2011,2011-12-31,14710,73017,9,5.761983871459961
SASRec,2011,2011-12-31,14710,48516,10,5.742671012878418
SASRec,2011,2011-12-31,14725,2858,1,7.938080787658691
SASRec,2011,2011-12-31,14725,32,2,7.637505531311035
SASRec,2011,2011-12-31,14725,7361,3,7.392934799194336
SASRec,2011,2011-12-31,14725,44191,4,7.154340744018555
SASRec,2011,2011-12-31,14725,608,5,7.109553813934326
SASRec,2011,2011-12-31,14725,49272,6,7.047210693359375
SASRec,2011,2011-12-31,14725,1089,7,7.017257213592529
SASRec,2011,2011-12-31,14725,63082,8,7.0080413818359375
SASRec,2011,2011-12-31,14725,1214,9,7.0054216384887695
SASRec,2011,2011-12-31,14725,4973,10,6.997117042541504
SASRec,2011,2011-12-31,14844,35836,1,6.369256973266602
SASRec,2011,2011-12-31,14844,7361,2,6.367854118347168
SASRec,2011,2011-12-31,14844,34162,3,6.307168483734131
SASRec,2011,2011-12-31,14844,48516,4,6.112982749938965
SASRec,2011,2011-12-31,14844,33679,5,6.055252552032471
SASRec,2011,2011-12-31,14844,2502,6,5.938645839691162
SASRec,2011,2011-12-31,14844,56367,7,5.930882453918457
SASRec,2011,2011-12-31,14844,296,8,5.87916374206543
SASRec,2011,2011-12-31,14844,41569,9,5.858518123626709
SASRec,2011,2011-12-31,14844,6016,10,5.8478875160217285
SASRec,2011,2011-12-31,15204,68954,1,6.813741683959961
SASRec,2011,2011-12-31,15204,68157,2,6.690312385559082
SASRec,2011,2011-12-31,15204,71535,3,6.5689897537231445
SASRec,2011,2011-12-31,15204,76251,4,6.409250259399414
SASRec,2011,2011-12-31,15204,73017,5,6.395777225494385
SASRec,2011,2011-12-31,15204,68358,6,6.340010643005371
SASRec,2011,2011-12-31,15204,74458,7,6.306088924407959
SASRec,2011,2011-12-31,15204,69122,8,6.266602516174316
SASRec,2011,2011-12-31,15204,56367,9,6.156652450561523
SASRec,2011,2011-12-31,15204,79702,10,6.041526794433594
SASRec,2011,2011-12-31,15391,76251,1,5.689939022064209
SASRec,2011,2011-12-31,15391,71518,2,5.681422233581543
SASRec,2011,2011-12-31,15391,68954,3,5.645316123962402
SASRec,2011,2011-12-31,15391,70286,4,5.634573459625244
SASRec,2011,2011-12-31,15391,63082,5,5.499078750610352
SASRec,2011,2011-12-31,15391,68159,6,5.468722343444824
SASRec,2011,2011-12-31,15391,65130,7,5.399765491485596
SASRec,2011,2011-12-31,15391,64622,8,5.3802289962768555
SASRec,2011,2011-12-31,15391,71535,9,5.37501335144043
SASRec,2011,2011-12-31,15391,73017,10,5.368477821350098
SASRec,2011,2011-12-31,15532,71518,1,6.600305557250977
SASRec,2011,2011-12-31,15532,76251,2,6.445983409881592
SASRec,2011,2011-12-31,15532,77561,3,6.39411735534668
SASRec,2011,2011-12-31,15532,78105,4,6.289421558380127
SASRec,2011,2011-12-31,15532,79702,5,6.129951477050781
SASRec,2011,2011-12-31,15532,78499,6,6.0001020431518555
SASRec,2011,2011-12-31,15532,68157,7,5.988039493560791
SASRec,2011,2011-12-31,15532,74275,8,5.9791460037231445
SASRec,2011,2011-12-31,15532,72998,9,5.9447736740112305
SASRec,2011,2011-12-31,15532,74795,10,5.918984889984131
SASRec,2011,2011-12-31,15839,70286,1,7.725655555725098
SASRec,2011,2011-12-31,15839,56174,2,7.535178184509277
SASRec,2011,2011-12-31,15839,55820,3,7.309641361236572
SASRec,2011,2011-12-31,15839,56367,4,7.255372047424316
SASRec,2011,2011-12-31,15839,59315,5,7.226564884185791
SASRec,2011,2011-12-31,15839,60069,6,7.160672664642334
SASRec,2011,2011-12-31,15839,68954,7,7.100177764892578
SASRec,2011,2011-12-31,15839,48774,8,7.04276180267334
SASRec,2011,2011-12-31,15839,74458,9,7.037994384765625
SASRec,2011,2011-12-31,15839,51662,10,7.032364368438721
SASRec,2011,2011-12-31,15851,76251,1,6.566862106323242
SASRec,2011,2011-12-31,15851,72998,2,6.180665969848633
SASRec,2011,2011-12-31,15851,71535,3,6.140422344207764
SASRec,2011,2011-12-31,15851,80489,4,6.114185810089111
SASRec,2011,2011-12-31,15851,73017,5,5.978216171264648
SASRec,2011,2011-12-31,15851,69481,6,5.89394474029541
SASRec,2011,2011-12-31,15851,71518,7,5.814111709594727
SASRec,2011,2011-12-31,15851,56174,8,5.807530879974365
SASRec,2011,2011-12-31,15851,52319,9,5.792634963989258
SASRec,2011,2011-12-31,15851,68358,10,5.769216060638428
SASRec,2011,2011-12-31,15853,5620,1,5.116266250610352
SASRec,2011,2011-12-31,15853,4890,2,5.112727642059326
SASRec,2011,2011-12-31,15853,6810,3,5.017569541931152
SASRec,2011,2011-12-31,15853,5810,4,5.013142108917236
SASRec,2011,2011-12-31,15853,5528,5,4.924038887023926
SASRec,2011,2011-12-31,15853,5312,6,4.919908046722412
SASRec,2011,2011-12-31,15853,5400,7,4.90460205078125
SASRec,2011,2011-12-31,15853,5303,8,4.890931129455566
SASRec,2011,2011-12-31,15853,5266,9,4.890467166900635
SASRec,2011,2011-12-31,15853,7004,10,4.874475955963135
SASRec,2011,2011-12-31,15865,76251,1,6.936738967895508
SASRec,2011,2011-12-31,15865,71518,2,6.775062561035156
SASRec,2011,2011-12-31,15865,70286,3,6.471570014953613
SASRec,2011,2011-12-31,15865,80489,4,6.433267116546631
SASRec,2011,2011-12-31,15865,79702,5,6.335145473480225
SASRec,2011,2011-12-31,15865,77561,6,6.238664150238037
SASRec,2011,2011-12-31,15865,73017,7,6.099865913391113
SASRec,2011,2011-12-31,15865,79293,8,6.084612846374512
SASRec,2011,2011-12-31,15865,71535,9,6.0578765869140625
SASRec,2011,2011-12-31,15865,68159,10,6.016897678375244
SASRec,2011,2011-12-31,15942,377,1,7.031932353973389
SASRec,2011,2011-12-31,15942,32,2,7.0269904136657715
SASRec,2011,2011-12-31,15942,4886,3,6.97073221206665
SASRec,2011,2011-12-31,15942,3147,4,6.962713241577148
SASRec,2011,2011-12-31,15942,588,5,6.837166786193848
SASRec,2011,2011-12-31,15942,45722,6,6.824690341949463
SASRec,2011,2011-12-31,15942,150,7,6.784698486328125
SASRec,2011,2011-12-31,15942,480,8,6.758069038391113
SASRec,2011,2011-12-31,15942,593,9,6.707108020782471
SASRec,2011,2011-12-31,15942,2542,10,6.690210819244385
SASRec,2011,2011-12-31,15965,7361,1,6.969942569732666
SASRec,2011,2011-12-31,15965,4973,2,6.833815097808838
SASRec,2011,2011-12-31,15965,3897,3,6.32442569732666
SASRec,2011,2011-12-31,15965,5673,4,6.31864070892334
SASRec,2011,2011-12-31,15965,3949,5,6.296047687530518
SASRec,2011,2011-12-31,15965,4848,6,6.261518478393555
SASRec,2011,2011-12-31,15965,4034,7,6.228452682495117
SASRec,2011,2011-12-31,15965,5816,8,6.15902042388916
SASRec,2011,2011-12-31,15965,6281,9,6.028746604919434
SASRec,2011,2011-12-31,15965,5954,10,6.01513671875
SASRec,2011,2011-12-31,16214,71518,1,6.281566143035889
SASRec,2011,2011-12-31,16214,77206,2,6.071308612823486
SASRec,2011,2011-12-31,16214,79224,3,5.946603298187256
SASRec,2011,2011-12-31,16214,74795,4,5.870114326477051
SASRec,2011,2011-12-31,16214,79702,5,5.837337493896484
SASRec,2011,2011-12-31,16214,74916,6,5.830044269561768
SASRec,2011,2011-12-31,16214,74275,7,5.777009963989258
SASRec,2011,2011-12-31,16214,70663,8,5.696280002593994
SASRec,2011,2011-12-31,16214,74688,9,5.614953994750977
SASRec,2011,2011-12-31,16214,81229,10,5.589137554168701
SASRec,2011,2011-12-31,16397,72407,1,5.832367897033691
SASRec,2011,2011-12-31,16397,71520,2,5.660898208618164
SASRec,2011,2011-12-31,16397,70336,3,5.641387939453125
SASRec,2011,2011-12-31,16397,71057,4,5.439889907836914
SASRec,2011,2011-12-31,16397,64497,5,5.2729620933532715
SASRec,2011,2011-12-31,16397,71135,6,5.270923137664795
SASRec,2011,2011-12-31,16397,71518,7,5.225779056549072
SASRec,2011,2011-12-31,16397,78105,8,5.2257399559021
SASRec,2011,2011-12-31,16397,74275,9,5.131570816040039
SASRec,2011,2011-12-31,16397,71205,10,5.12553596496582
SASRec,2011,2011-12-31,16688,55820,1,5.924365043640137
SASRec,2011,2011-12-31,16688,48516,2,5.551019668579102
SASRec,2011,2011-12-31,16688,44555,3,5.454204559326172
SASRec,2011,2011-12-31,16688,58559,4,5.406678199768066
SASRec,2011,2011-12-31,16688,48774,5,5.352949619293213
SASRec,2011,2011-12-31,16688,7013,6,5.0986151695251465
SASRec,2011,2011-12-31,16688,57669,7,5.086941242218018
SASRec,2011,2011-12-31,16688,63876,8,5.060080528259277
SASRec,2011,2011-12-31,16688,27773,9,5.006021499633789
SASRec,2011,2011-12-31,16688,68157,10,5.0025410652160645
SASRec,2011,2011-12-31,16754,68157,1,5.082194805145264
SASRec,2011,2011-12-31,16754,55820,2,4.981753349304199
SASRec,2011,2011-12-31,16754,70286,3,4.820759296417236
SASRec,2011,2011-12-31,16754,69481,4,4.8133087158203125
SASRec,2011,2011-12-31,16754,66097,5,4.773895740509033
SASRec,2011,2011-12-31,16754,68954,6,4.6101460456848145
SASRec,2011,2011-12-31,16754,71464,7,4.585960865020752
SASRec,2011,2011-12-31,16754,71535,8,4.581592082977295
SASRec,2011,2011-12-31,16754,63082,9,4.505784511566162
SASRec,2011,2011-12-31,16754,48774,10,4.499913215637207
SASRec,2011,2011-12-31,16769,58559,1,6.841542720794678
SASRec,2011,2011-12-31,16769,63082,2,6.170351982116699
SASRec,2011,2011-12-31,16769,68358,3,6.0068888664245605
SASRec,2011,2011-12-31,16769,69757,4,5.918015480041504
SASRec,2011,2011-12-31,16769,71518,5,5.823763370513916
SASRec,2011,2011-12-31,16769,64614,6,5.763321399688721
SASRec,2011,2011-12-31,16769,69481,7,5.6537275314331055
SASRec,2011,2011-12-31,16769,63113,8,5.589946269989014
SASRec,2011,2011-12-31,16769,60037,9,5.569422245025635
SASRec,2011,2011-12-31,16769,68237,10,5.5253071784973145
SASRec,2011,2011-12-31,16907,71518,1,6.174558639526367
SASRec,2011,2011-12-31,16907,68954,2,6.015334606170654
SASRec,2011,2011-12-31,16907,70286,3,5.986114978790283
SASRec,2011,2011-12-31,16907,72998,4,5.9643940925598145
SASRec,2011,2011-12-31,16907,76251,5,5.936440467834473
SASRec,2011,2011-12-31,16907,73017,6,5.80508279800415
SASRec,2011,2011-12-31,16907,68157,7,5.7957963943481445
SASRec,2011,2011-12-31,16907,72407,8,5.792985916137695
SASRec,2011,2011-12-31,16907,71057,9,5.654855728149414
SASRec,2011,2011-12-31,16907,66097,10,5.613812446594238
SASRec,2011,2011-12-31,16966,2731,1,5.188997268676758
SASRec,2011,2011-12-31,16966,2066,2,5.11228084564209
SASRec,2011,2011-12-31,16966,1178,3,5.062148094177246
SASRec,2011,2011-12-31,16966,8197,4,5.02164363861084
SASRec,2011,2011-12-31,16966,7013,5,5.005302429199219
SASRec,2011,2011-12-31,16966,55820,6,4.987942695617676
SASRec,2011,2011-12-31,16966,44555,7,4.962218284606934
SASRec,2011,2011-12-31,16966,2203,8,4.877243518829346
SASRec,2011,2011-12-31,16966,1069,9,4.8410491943359375
SASRec,2011,2011-12-31,16966,8684,10,4.75672721862793
SASRec,2011,2011-12-31,17032,72407,1,6.15162467956543
SASRec,2011,2011-12-31,17032,72998,2,6.041402816772461
SASRec,2011,2011-12-31,17032,76251,3,5.965526103973389
SASRec,2011,2011-12-31,17032,71518,4,5.864863872528076
SASRec,2011,2011-12-31,17032,77561,5,5.826724052429199
SASRec,2011,2011-12-31,17032,71520,6,5.820292949676514
SASRec,2011,2011-12-31,17032,68319,7,5.8191819190979
SASRec,2011,2011-12-31,17032,73017,8,5.798367977142334
SASRec,2011,2011-12-31,17032,70286,9,5.793850898742676
SASRec,2011,2011-12-31,17032,61132,10,5.758285999298096
SASRec,2011,2011-12-31,17341,296,1,7.72600793838501
SASRec,2011,2011-12-31,17341,110,2,7.343740940093994
SASRec,2011,2011-12-31,17341,1193,3,7.154150009155273
SASRec,2011,2011-12-31,17341,260,4,7.134798049926758
SASRec,2011,2011-12-31,17341,904,5,7.051900386810303
SASRec,2011,2011-12-31,17341,1219,6,6.98366641998291
SASRec,2011,2011-12-31,17341,912,7,6.972285270690918
SASRec,2011,2011-12-31,17341,924,8,6.8432393074035645
SASRec,2011,2011-12-31,17341,32,9,6.816390514373779
SASRec,2011,2011-12-31,17341,111,10,6.755667686462402
SASRec,2011,2011-12-31,17946,55820,1,5.813770771026611
SASRec,2011,2011-12-31,17946,68157,2,5.737937927246094
SASRec,2011,2011-12-31,17946,68954,3,5.534120559692383
SASRec,2011,2011-12-31,17946,66097,4,5.52787971496582
SASRec,2011,2011-12-31,17946,69481,5,5.499632835388184
SASRec,2011,2011-12-31,17946,57669,6,5.456182479858398
SASRec,2011,2011-12-31,17946,71464,7,5.366387844085693
SASRec,2011,2011-12-31,17946,58559,8,5.344831943511963
SASRec,2011,2011-12-31,17946,71108,9,5.267772674560547
SASRec,2011,2011-12-31,17946,70286,10,5.218202114105225
SASRec,2011,2011-12-31,17983,70286,1,7.201506614685059
SASRec,2011,2011-12-31,17983,48516,2,6.999935150146484
SASRec,2011,2011-12-31,17983,56174,3,6.950171947479248
SASRec,2011,2011-12-31,17983,56367,4,6.92701530456543
SASRec,2011,2011-12-31,17983,68157,5,6.914880275726318
SASRec,2011,2011-12-31,17983,55820,6,6.781406402587891
SASRec,2011,2011-12-31,17983,74458,7,6.760257244110107
SASRec,2011,2011-12-31,17983,68954,8,6.664370059967041
SASRec,2011,2011-12-31,17983,60069,9,6.638655662536621
SASRec,2011,2011-12-31,17983,48774,10,6.513596534729004
SASRec,2011,2011-12-31,17991,7361,1,6.702620506286621
SASRec,2011,2011-12-31,17991,32587,2,6.53411865234375
SASRec,2011,2011-12-31,17991,35836,3,6.373292446136475
SASRec,2011,2011-12-31,17991,34162,4,6.159677028656006
SASRec,2011,2011-12-31,17991,8970,5,6.074422836303711
SASRec,2011,2011-12-31,17991,44191,6,5.981696128845215
SASRec,2011,2011-12-31,17991,38061,7,5.945247650146484
SASRec,2011,2011-12-31,17991,8784,8,5.927033424377441
SASRec,2011,2011-12-31,17991,8464,9,5.9102630615234375
SASRec,2011,2011-12-31,17991,7293,10,5.90295934677124
SASRec,2011,2011-12-31,18212,68157,1,7.027633190155029
SASRec,2011,2011-12-31,18212,70286,2,6.8469414710998535
SASRec,2011,2011-12-31,18212,55820,3,6.68637228012085
SASRec,2011,2011-12-31,18212,76251,4,6.472505569458008
SASRec,2011,2011-12-31,18212,71535,5,6.316701889038086
SASRec,2011,2011-12-31,18212,69481,6,6.229816436767578
SASRec,2011,2011-12-31,18212,74458,7,6.173072338104248
SASRec,2011,2011-12-31,18212,72998,8,6.153115749359131
SASRec,2011,2011-12-31,18212,64614,9,6.090699195861816
SASRec,2011,2011-12-31,18212,68237,10,6.014596939086914
SASRec,2011,2011-12-31,18256,58559,1,7.249475955963135
SASRec,2011,2011-12-31,18256,68157,2,7.034877777099609
SASRec,2011,2011-12-31,18256,63082,3,6.9690046310424805
SASRec,2011,2011-12-31,18256,55820,4,6.905177593231201
SASRec,2011,2011-12-31,18256,70286,5,6.887463569641113
SASRec,2011,2011-12-31,18256,68954,6,6.784726142883301
SASRec,2011,2011-12-31,18256,56367,7,6.650680065155029
SASRec,2011,2011-12-31,18256,72998,8,6.561737060546875
SASRec,2011,2011-12-31,18256,76251,9,6.472839832305908
SASRec,2011,2011-12-31,18256,60069,10,6.428624153137207
SASRec,2011,2011-12-31,18295,589,1,6.305397987365723
SASRec,2011,2011-12-31,18295,32,2,6.12006139755249
SASRec,2011,2011-12-31,18295,296,3,6.054933071136475
SASRec,2011,2011-12-31,18295,1210,4,5.796675205230713
SASRec,2011,2011-12-31,18295,593,5,5.711141586303711
SASRec,2011,2011-12-31,18295,780,6,5.6770524978637695
SASRec,2011,2011-12-31,18295,377,7,5.659934043884277
SASRec,2011,2011-12-31,18295,329,8,5.62283182144165
SASRec,2011,2011-12-31,18295,260,9,5.566892623901367
SASRec,2011,2011-12-31,18295,50,10,5.520656585693359
SASRec,2011,2011-12-31,18362,63876,1,5.351891040802002
SASRec,2011,2011-12-31,18362,64575,2,5.312967777252197
SASRec,2011,2011-12-31,18362,55444,3,5.0263190269470215
SASRec,2011,2011-12-31,18362,44555,4,5.009728908538818
SASRec,2011,2011-12-31,18362,69481,5,4.983840465545654
SASRec,2011,2011-12-31,18362,71108,6,4.9317779541015625
SASRec,2011,2011-12-31,18362,57669,7,4.9056901931762695
SASRec,2011,2011-12-31,18362,52319,8,4.8388752937316895
SASRec,2011,2011-12-31,18362,53123,9,4.823740005493164
SASRec,2011,2011-12-31,18362,71464,10,4.821854114532471
SASRec,2011,2011-12-31,18769,7036,1,3.8213727474212646
SASRec,2011,2011-12-31,18769,6731,2,3.7700884342193604
SASRec,2011,2011-12-31,18769,4754,3,3.7107882499694824
SASRec,2011,2011-12-31,18769,2459,4,3.6586620807647705
SASRec,2011,2011-12-31,18769,6305,5,3.6221554279327393
SASRec,2011,2011-12-31,18769,6787,6,3.616015911102295
SASRec,2011,2011-12-31,18769,6743,7,3.605421304702759
SASRec,2011,2011-12-31,18769,5693,8,3.5842344760894775
SASRec,2011,2011-12-31,18769,6793,9,3.5566585063934326
SASRec,2011,2011-12-31,18769,6786,10,3.487231969833374
SASRec,2011,2011-12-31,18945,63082,1,4.816621780395508
SASRec,2011,2011-12-31,18945,66097,2,4.515316486358643
SASRec,2011,2011-12-31,18945,56367,3,4.487025260925293
SASRec,2011,2011-12-31,18945,55276,4,4.429168701171875
SASRec,2011,2011-12-31,18945,55820,5,4.370328903198242
SASRec,2011,2011-12-31,18945,71464,6,4.306365013122559
SASRec,2011,2011-12-31,18945,69757,7,4.282123565673828
SASRec,2011,2011-12-31,18945,64622,8,4.257874488830566
SASRec,2011,2011-12-31,18945,68954,9,4.255120754241943
SASRec,2011,2011-12-31,18945,56757,10,4.168856620788574
SASRec,2011,2011-12-31,18999,60037,1,6.014399528503418
SASRec,2011,2011-12-31,18999,58025,2,5.866288185119629
SASRec,2011,2011-12-31,18999,50798,3,5.806128978729248
SASRec,2011,2011-12-31,18999,43679,4,5.699276447296143
SASRec,2011,2011-12-31,18999,56174,5,5.649882793426514
SASRec,2011,2011-12-31,18999,53996,6,5.631709098815918
SASRec,2011,2011-12-31,18999,51935,7,5.6126251220703125
SASRec,2011,2011-12-31,18999,6383,8,5.577645301818848
SASRec,2011,2011-12-31,18999,51077,9,5.548852920532227
SASRec,2011,2011-12-31,18999,52245,10,5.512669563293457
SASRec,2011,2011-12-31,19010,58559,1,6.264366626739502
SASRec,2011,2011-12-31,19010,61132,2,5.824349880218506
SASRec,2011,2011-12-31,19010,63082,3,5.670059680938721
SASRec,2011,2011-12-31,19010,55820,4,5.635705471038818
SASRec,2011,2011-12-31,19010,72998,5,5.573031902313232
SASRec,2011,2011-12-31,19010,69757,6,5.544543743133545
SASRec,2011,2011-12-31,19010,56757,7,5.515865325927734
SASRec,2011,2011-12-31,19010,56174,8,5.503313064575195
SASRec,2011,2011-12-31,19010,70286,9,5.483609199523926
SASRec,2011,2011-12-31,19010,56171,10,5.463581562042236
SASRec,2011,2011-12-31,19097,56171,1,4.506938934326172
SASRec,2011,2011-12-31,19097,2694,2,4.491026401519775
SASRec,2011,2011-12-31,19097,1884,3,4.343752384185791
SASRec,2011,2011-12-31,19097,2541,4,4.171215057373047
SASRec,2011,2011-12-31,19097,8641,5,4.135522842407227
SASRec,2011,2011-12-31,19097,45186,6,4.104372024536133
SASRec,2011,2011-12-31,19097,35836,7,4.047018051147461
SASRec,2011,2011-12-31,19097,33679,8,4.041220188140869
SASRec,2011,2011-12-31,19097,2424,9,3.987429618835449
SASRec,2011,2011-12-31,19097,45720,10,3.8989150524139404
SASRec,2011,2011-12-31,19237,76251,1,7.042736530303955
SASRec,2011,2011-12-31,19237,71535,2,6.955587387084961
SASRec,2011,2011-12-31,19237,73017,3,6.854096412658691
SASRec,2011,2011-12-31,19237,72407,4,6.497946739196777
SASRec,2011,2011-12-31,19237,71518,5,6.434221267700195
SASRec,2011,2011-12-31,19237,64614,6,6.392405986785889
SASRec,2011,2011-12-31,19237,79702,7,6.360861778259277
SASRec,2011,2011-12-31,19237,68237,8,6.322892189025879
SASRec,2011,2011-12-31,19237,74789,9,6.318721294403076
SASRec,2011,2011-12-31,19237,69481,10,6.106247901916504
SASRec,2011,2011-12-31,19535,68954,1,6.511907577514648
SASRec,2011,2011-12-31,19535,72998,2,6.289823532104492
SASRec,2011,2011-12-31,19535,74458,3,6.134505271911621
SASRec,2011,2011-12-31,19535,76251,4,6.128895282745361
SASRec,2011,2011-12-31,19535,59315,5,6.0670881271362305
SASRec,2011,2011-12-31,19535,60069,6,6.018221855163574
SASRec,2011,2011-12-31,19535,110,7,5.991793632507324
SASRec,2011,2011-12-31,19535,56367,8,5.977157115936279
SASRec,2011,2011-12-31,19535,2762,9,5.956596374511719
SASRec,2011,2011-12-31,19535,73017,10,5.83615255355835
SASRec,2011,2011-12-31,19783,71135,1,5.847187042236328
SASRec,2011,2011-12-31,19783,71057,2,5.774704456329346
SASRec,2011,2011-12-31,19783,79293,3,5.647726535797119
SASRec,2011,2011-12-31,19783,70336,4,5.585342884063721
SASRec,2011,2011-12-31,19783,74275,5,5.5793776512146
SASRec,2011,2011-12-31,19783,78499,6,5.558859825134277
SASRec,2011,2011-12-31,19783,72380,7,5.550336837768555
SASRec,2011,2011-12-31,19783,64497,8,5.440487861633301
SASRec,2011,2011-12-31,19783,73266,9,5.326692581176758
SASRec,2011,2011-12-31,19783,80549,10,5.286077499389648
SASRec,2011,2011-12-31,20021,72407,1,6.51819372177124
SASRec,2011,2011-12-31,20021,73017,2,5.906043529510498
SASRec,2011,2011-12-31,20021,71520,3,5.855817794799805
SASRec,2011,2011-12-31,20021,71135,4,5.781126022338867
SASRec,2011,2011-12-31,20021,71535,5,5.764907360076904
SASRec,2011,2011-12-31,20021,71057,6,5.708072662353516
SASRec,2011,2011-12-31,20021,71518,7,5.642558574676514
SASRec,2011,2011-12-31,20021,63992,8,5.629904747009277
SASRec,2011,2011-12-31,20021,52722,9,5.545004844665527
SASRec,2011,2011-12-31,20021,68159,10,5.48065710067749
SASRec,2011,2011-12-31,20190,56757,1,5.517170429229736
SASRec,2011,2011-12-31,20190,72998,2,5.242031097412109
SASRec,2011,2011-12-31,20190,66097,3,5.210421562194824
SASRec,2011,2011-12-31,20190,61132,4,5.179643630981445
SASRec,2011,2011-12-31,20190,56171,5,5.103614807128906
SASRec,2011,2011-12-31,20190,69757,6,5.034236431121826
SASRec,2011,2011-12-31,20190,74789,7,5.014143466949463
SASRec,2011,2011-12-31,20190,73017,8,4.966011047363281
SASRec,2011,2011-12-31,20190,68358,9,4.93388032913208
SASRec,2011,2011-12-31,20190,60074,10,4.889230251312256
SASRec,2011,2011-12-31,20484,76251,1,5.890945911407471
SASRec,2011,2011-12-31,20484,79702,2,5.821303844451904
SASRec,2011,2011-12-31,20484,70286,3,5.799075126647949
SASRec,2011,2011-12-31,20484,78105,4,5.7975287437438965
SASRec,2011,2011-12-31,20484,77561,5,5.713249206542969
SASRec,2011,2011-12-31,20484,68157,6,5.653084754943848
SASRec,2011,2011-12-31,20484,71518,7,5.604917049407959
SASRec,2011,2011-12-31,20484,80489,8,5.495731353759766
SASRec,2011,2011-12-31,20484,76093,9,5.40648078918457
SASRec,2011,2011-12-31,20484,74795,10,5.332324504852295
SASRec,2011,2011-12-31,20561,4710,1,3.7716076374053955
SASRec,2011,2011-12-31,20561,4412,2,3.720858335494995
SASRec,2011,2011-12-31,20561,6308,3,3.6783764362335205
SASRec,2011,2011-12-31,20561,5555,4,3.6410634517669678
SASRec,2011,2011-12-31,20561,6428,5,3.5910584926605225
SASRec,2011,2011-12-31,20561,5705,6,3.5501716136932373
SASRec,2011,2011-12-31,20561,6786,7,3.546971559524536
SASRec,2011,2011-12-31,20561,5440,8,3.5408289432525635
SASRec,2011,2011-12-31,20561,6732,9,3.5397114753723145
SASRec,2011,2011-12-31,20561,6239,10,3.5367677211761475
SASRec,2011,2011-12-31,20750,71518,1,6.28005838394165
SASRec,2011,2011-12-31,20750,71108,2,6.136211395263672
SASRec,2011,2011-12-31,20750,76251,3,6.053074836730957
SASRec,2011,2011-12-31,20750,73027,4,5.882508277893066
SASRec,2011,2011-12-31,20750,69604,5,5.627014636993408
SASRec,2011,2011-12-31,20750,67193,6,5.624568462371826
SASRec,2011,2011-12-31,20750,71579,7,5.585422992706299
SASRec,2011,2011-12-31,20750,68347,8,5.5607829093933105
SASRec,2011,2011-12-31,20750,67267,9,5.554855823516846
SASRec,2011,2011-12-31,20750,64622,10,5.551629543304443
SASRec,2011,2011-12-31,20878,48774,1,7.409949779510498
SASRec,2011,2011-12-31,20878,49272,2,7.102338790893555
SASRec,2011,2011-12-31,20878,56367,3,7.033483982086182
SASRec,2011,2011-12-31,20878,4878,4,6.994390964508057
SASRec,2011,2011-12-31,20878,30749,5,6.924187660217285
SASRec,2011,2011-12-31,20878,30707,6,6.8853759765625
SASRec,2011,2011-12-31,20878,33794,7,6.880548477172852
SASRec,2011,2011-12-31,20878,8874,8,6.826452732086182
SASRec,2011,2011-12-31,20878,54286,9,6.74029541015625
SASRec,2011,2011-12-31,20878,8636,10,6.687733173370361
SASRec,2011,2011-12-31,21322,377,1,7.334292411804199
SASRec,2011,2011-12-31,21322,780,2,7.301105499267578
SASRec,2011,2011-12-31,21322,110,3,7.0248308181762695
SASRec,2011,2011-12-31,21322,208,4,6.983426094055176
SASRec,2011,2011-12-31,21322,165,5,6.954898834228516
SASRec,2011,2011-12-31,21322,588,6,6.947048187255859
SASRec,2011,2011-12-31,21322,56174,7,6.937733173370361
SASRec,2011,2011-12-31,21322,648,8,6.88306999206543
SASRec,2011,2011-12-31,21322,6539,9,6.878889083862305
SASRec,2011,2011-12-31,21322,19,10,6.7984514236450195
SASRec,2011,2011-12-31,21354,296,1,7.938983917236328
SASRec,2011,2011-12-31,21354,593,2,7.6234235763549805
SASRec,2011,2011-12-31,21354,32,3,7.587576866149902
SASRec,2011,2011-12-31,21354,4226,4,7.5377888679504395
SASRec,2011,2011-12-31,21354,592,5,7.3941144943237305
SASRec,2011,2011-12-31,21354,480,6,7.378653049468994
SASRec,2011,2011-12-31,21354,780,7,7.301182746887207
SASRec,2011,2011-12-31,21354,1,8,7.2999267578125
SASRec,2011,2011-12-31,21354,150,9,7.246693134307861
SASRec,2011,2011-12-31,21354,47,10,7.246336936950684
SASRec,2011,2011-12-31,21379,58559,1,7.598545074462891
SASRec,2011,2011-12-31,21379,56174,2,7.248454570770264
SASRec,2011,2011-12-31,21379,55820,3,7.000230312347412
SASRec,2011,2011-12-31,21379,48516,4,6.950960159301758
SASRec,2011,2011-12-31,21379,63082,5,6.944180011749268
SASRec,2011,2011-12-31,21379,51662,6,6.942249298095703
SASRec,2011,2011-12-31,21379,70286,7,6.860435485839844
SASRec,2011,2011-12-31,21379,48774,8,6.668549060821533
SASRec,2011,2011-12-31,21379,61132,9,6.569579124450684
SASRec,2011,2011-12-31,21379,68954,10,6.547324180603027
SASRec,2011,2011-12-31,21783,58559,1,6.866476058959961
SASRec,2011,2011-12-31,21783,55820,2,6.237699031829834
SASRec,2011,2011-12-31,21783,48774,3,6.230094909667969
SASRec,2011,2011-12-31,21783,6016,4,6.203207969665527
SASRec,2011,2011-12-31,21783,63082,5,5.981035232543945
SASRec,2011,2011-12-31,21783,51662,6,5.889875888824463
SASRec,2011,2011-12-31,21783,48394,7,5.888727188110352
SASRec,2011,2011-12-31,21783,44665,8,5.784796237945557
SASRec,2011,2011-12-31,21783,32587,9,5.779421329498291
SASRec,2011,2011-12-31,21783,38061,10,5.772368907928467
SASRec,2011,2011-12-31,22097,72407,1,6.427730560302734
SASRec,2011,2011-12-31,22097,71518,2,6.283082485198975
SASRec,2011,2011-12-31,22097,76251,3,6.236565589904785
SASRec,2011,2011-12-31,22097,77561,4,6.222620964050293
SASRec,2011,2011-12-31,22097,68954,5,6.158862590789795
SASRec,2011,2011-12-31,22097,73017,6,6.078139305114746
SASRec,2011,2011-12-31,22097,69122,7,6.03577184677124
SASRec,2011,2011-12-31,22097,68157,8,6.015322685241699
SASRec,2011,2011-12-31,22097,71520,9,5.961263179779053
SASRec,2011,2011-12-31,22097,71057,10,5.94909143447876
SASRec,2011,2011-12-31,22304,6942,1,5.676945209503174
SASRec,2011,2011-12-31,22304,6953,2,5.557718753814697
SASRec,2011,2011-12-31,22304,6870,3,5.544354438781738
SASRec,2011,2011-12-31,22304,5673,4,5.522499084472656
SASRec,2011,2011-12-31,22304,6016,5,5.445583343505859
SASRec,2011,2011-12-31,22304,8783,6,5.344903945922852
SASRec,2011,2011-12-31,22304,7293,7,5.2778520584106445
SASRec,2011,2011-12-31,22304,1120,8,5.245790481567383
SASRec,2011,2011-12-31,22304,8784,9,5.136349201202393
SASRec,2011,2011-12-31,22304,4848,10,5.135231018066406
SASRec,2011,2011-12-31,22522,58559,1,6.864209175109863
SASRec,2011,2011-12-31,22522,55820,2,6.806220054626465
SASRec,2011,2011-12-31,22522,68954,3,6.743696212768555
SASRec,2011,2011-12-31,22522,70286,4,6.645378112792969
SASRec,2011,2011-12-31,22522,76251,5,6.5751142501831055
SASRec,2011,2011-12-31,22522,71535,6,6.295275688171387
SASRec,2011,2011-12-31,22522,57669,7,6.265842437744141
SASRec,2011,2011-12-31,22522,72998,8,6.2539191246032715
SASRec,2011,2011-12-31,22522,69481,9,6.239462852478027
SASRec,2011,2011-12-31,22522,60069,10,6.233460903167725
SASRec,2011,2011-12-31,22535,44694,1,4.398953437805176
SASRec,2011,2011-12-31,22535,8638,2,4.384981632232666
SASRec,2011,2011-12-31,22535,5878,3,4.3847270011901855
SASRec,2011,2011-12-31,22535,6867,4,4.383564472198486
SASRec,2011,2011-12-31,22535,47629,5,4.3765387535095215
SASRec,2011,2011-12-31,22535,51418,6,4.262972831726074
SASRec,2011,2011-12-31,22535,46578,7,4.208690643310547
SASRec,2011,2011-12-31,22535,64575,8,4.198977470397949
SASRec,2011,2011-12-31,22535,34542,9,4.187766075134277
SASRec,2011,2011-12-31,22535,38886,10,4.181949138641357
SASRec,2011,2011-12-31,22545,48516,1,5.5287275314331055
SASRec,2011,2011-12-31,22545,6016,2,5.375022888183594
SASRec,2011,2011-12-31,22545,38061,3,5.347352504730225
SASRec,2011,2011-12-31,22545,48774,4,5.07523250579834
SASRec,2011,2011-12-31,22545,32587,5,5.074404716491699
SASRec,2011,2011-12-31,22545,46976,6,5.057872772216797
SASRec,2011,2011-12-31,22545,48043,7,5.043532371520996
SASRec,2011,2011-12-31,22545,45950,8,4.986056327819824
SASRec,2011,2011-12-31,22545,44195,9,4.965787887573242
SASRec,2011,2011-12-31,22545,47099,10,4.960390090942383
SASRec,2011,2011-12-31,22644,51662,1,7.941891193389893
SASRec,2011,2011-12-31,22644,44191,2,7.455257415771484
SASRec,2011,2011-12-31,22644,56367,3,7.382499694824219
SASRec,2011,2011-12-31,22644,7361,4,7.285003185272217
SASRec,2011,2011-12-31,22644,6539,5,7.274317741394043
SASRec,2011,2011-12-31,22644,32587,6,7.167760848999023
SASRec,2011,2011-12-31,22644,70286,7,7.07277250289917
SASRec,2011,2011-12-31,22644,45722,8,6.956523895263672
SASRec,2011,2011-12-31,22644,4886,9,6.927446365356445
SASRec,2011,2011-12-31,22644,60069,10,6.915433883666992
SASRec,2011,2011-12-31,23247,7361,1,7.008722305297852
SASRec,2011,2011-12-31,23247,51662,2,6.943808555603027
SASRec,2011,2011-12-31,23247,56174,3,6.892299652099609
SASRec,2011,2011-12-31,23247,32587,4,6.870024681091309
SASRec,2011,2011-12-31,23247,58559,5,6.798550605773926
SASRec,2011,2011-12-31,23247,33794,6,6.777437210083008
SASRec,2011,2011-12-31,23247,48516,7,6.704076290130615
SASRec,2011,2011-12-31,23247,318,8,6.651688098907471
SASRec,2011,2011-12-31,23247,296,9,6.612217903137207
SASRec,2011,2011-12-31,23247,44191,10,6.536617279052734
SASRec,2011,2011-12-31,23582,6666,1,4.9070940017700195
SASRec,2011,2011-12-31,23582,8197,2,4.6295318603515625
SASRec,2011,2011-12-31,23582,34542,3,4.4854607582092285
SASRec,2011,2011-12-31,23582,8154,4,4.369762897491455
SASRec,2011,2011-12-31,23582,7938,5,4.33461856842041
SASRec,2011,2011-12-31,23582,8199,6,4.318455219268799
SASRec,2011,2011-12-31,23582,44555,7,4.283236503601074
SASRec,2011,2011-12-31,23582,7700,8,4.229907035827637
SASRec,2011,2011-12-31,23582,7234,9,4.227181434631348
SASRec,2011,2011-12-31,23582,2731,10,4.202752590179443
SASRec,2011,2011-12-31,23589,56174,1,7.776939868927002
SASRec,2011,2011-12-31,23589,70286,2,7.693438529968262
SASRec,2011,2011-12-31,23589,63082,3,7.274700164794922
SASRec,2011,2011-12-31,23589,51662,4,7.265196800231934
SASRec,2011,2011-12-31,23589,56367,5,7.192500114440918
SASRec,2011,2011-12-31,23589,55820,6,7.1743292808532715
SASRec,2011,2011-12-31,23589,68954,7,7.017987251281738
SASRec,2011,2011-12-31,23589,74458,8,6.999390602111816
SASRec,2011,2011-12-31,23589,48774,9,6.852729320526123
SASRec,2011,2011-12-31,23589,110,10,6.842032432556152
SASRec,2011,2011-12-31,23636,48516,1,6.559107780456543
SASRec,2011,2011-12-31,23636,6016,2,6.312176704406738
SASRec,2011,2011-12-31,23636,27773,3,6.118764400482178
SASRec,2011,2011-12-31,23636,7361,4,6.000389575958252
SASRec,2011,2011-12-31,23636,55820,5,5.990277290344238
SASRec,2011,2011-12-31,23636,58559,6,5.982813835144043
SASRec,2011,2011-12-31,23636,48774,7,5.849882125854492
SASRec,2011,2011-12-31,23636,30749,8,5.776222229003906
SASRec,2011,2011-12-31,23636,44555,9,5.772430419921875
SASRec,2011,2011-12-31,23636,48394,10,5.704209327697754
SASRec,2011,2011-12-31,23918,70286,1,7.688270092010498
SASRec,2011,2011-12-31,23918,58559,2,7.661599636077881
SASRec,2011,2011-12-31,23918,56174,3,7.497030258178711
SASRec,2011,2011-12-31,23918,68954,4,7.238941192626953
SASRec,2011,2011-12-31,23918,63082,5,7.208931922912598
SASRec,2011,2011-12-31,23918,59315,6,7.047832489013672
SASRec,2011,2011-12-31,23918,56367,7,6.9262895584106445
SASRec,2011,2011-12-31,23918,74458,8,6.8899359703063965
SASRec,2011,2011-12-31,23918,71535,9,6.8761725425720215
SASRec,2011,2011-12-31,23918,55820,10,6.857425689697266
SASRec,2011,2011-12-31,24732,52241,1,4.4038848876953125
SASRec,2011,2011-12-31,24732,71745,2,4.247040271759033
SASRec,2011,2011-12-31,24732,71518,3,4.241618633270264
SASRec,2011,2011-12-31,24732,65130,4,4.204171180725098
SASRec,2011,2011-12-31,24732,64622,5,4.199217796325684
SASRec,2011,2011-12-31,24732,69481,6,4.142729759216309
SASRec,2011,2011-12-31,24732,55280,7,4.138774394989014
SASRec,2011,2011-12-31,24732,71033,8,4.084415435791016
SASRec,2011,2011-12-31,24732,65261,9,4.074644088745117
SASRec,2011,2011-12-31,24732,68159,10,4.068965911865234
SASRec,2011,2011-12-31,24826,71518,1,6.622226715087891
SASRec,2011,2011-12-31,24826,76251,2,6.5756049156188965
SASRec,2011,2011-12-31,24826,68157,3,6.510080814361572
SASRec,2011,2011-12-31,24826,77561,4,6.17149019241333
SASRec,2011,2011-12-31,24826,78499,5,6.0222015380859375
SASRec,2011,2011-12-31,24826,79702,6,6.012918472290039
SASRec,2011,2011-12-31,24826,69122,7,5.97865104675293
SASRec,2011,2011-12-31,24826,72407,8,5.950435161590576
SASRec,2011,2011-12-31,24826,68159,9,5.869568824768066
SASRec,2011,2011-12-31,24826,78105,10,5.858625411987305
SASRec,2011,2011-12-31,24830,68157,1,7.170753479003906
SASRec,2011,2011-12-31,24830,76251,2,7.124004364013672
SASRec,2011,2011-12-31,24830,63082,3,6.778019905090332
SASRec,2011,2011-12-31,24830,71518,4,6.690095901489258
SASRec,2011,2011-12-31,24830,71535,5,6.623022556304932
SASRec,2011,2011-12-31,24830,77561,6,6.603089809417725
SASRec,2011,2011-12-31,24830,79702,7,6.597660541534424
SASRec,2011,2011-12-31,24830,68358,8,6.46284294128418
SASRec,2011,2011-12-31,24830,79132,9,6.424862384796143
SASRec,2011,2011-12-31,24830,56174,10,6.3635334968566895
SASRec,2011,2011-12-31,25057,68157,1,6.790661334991455
SASRec,2011,2011-12-31,25057,70286,2,6.711767196655273
SASRec,2011,2011-12-31,25057,68954,3,6.7058329582214355
SASRec,2011,2011-12-31,25057,58559,4,6.467007637023926
SASRec,2011,2011-12-31,25057,76251,5,6.331258296966553
SASRec,2011,2011-12-31,25057,63082,6,6.316104888916016
SASRec,2011,2011-12-31,25057,78499,7,6.218912601470947
SASRec,2011,2011-12-31,25057,79132,8,6.218899250030518
SASRec,2011,2011-12-31,25057,55820,9,6.15939998626709
SASRec,2011,2011-12-31,25057,69122,10,5.980417251586914
SASRec,2011,2011-12-31,25266,72998,1,6.371278285980225
SASRec,2011,2011-12-31,25266,72407,2,6.036780834197998
SASRec,2011,2011-12-31,25266,69122,3,6.028506278991699
SASRec,2011,2011-12-31,25266,68954,4,5.811786651611328
SASRec,2011,2011-12-31,25266,68319,5,5.767235279083252
SASRec,2011,2011-12-31,25266,60037,6,5.7615766525268555
SASRec,2011,2011-12-31,25266,60074,7,5.724100589752197
SASRec,2011,2011-12-31,25266,68358,8,5.718050479888916
SASRec,2011,2011-12-31,25266,56367,9,5.716819763183594
SASRec,2011,2011-12-31,25266,63082,10,5.6600823402404785
SASRec,2011,2011-12-31,25283,56174,1,6.521055221557617
SASRec,2011,2011-12-31,25283,59315,2,6.351292133331299
SASRec,2011,2011-12-31,25283,70286,3,6.15220308303833
SASRec,2011,2011-12-31,25283,1097,4,5.919448375701904
SASRec,2011,2011-12-31,25283,51662,5,5.821019649505615
SASRec,2011,2011-12-31,25283,316,6,5.792511940002441
SASRec,2011,2011-12-31,25283,442,7,5.610588073730469
SASRec,2011,2011-12-31,25283,185,8,5.500637054443359
SASRec,2011,2011-12-31,25283,68954,9,5.389333248138428
SASRec,2011,2011-12-31,25283,44191,10,5.333988189697266
SASRec,2011,2011-12-31,25383,6539,1,8.501925468444824
SASRec,2011,2011-12-31,25383,47,2,8.466715812683105
SASRec,2011,2011-12-31,25383,5445,3,8.415546417236328
SASRec,2011,2011-12-31,25383,32,4,8.269196510314941
SASRec,2011,2011-12-31,25383,4886,5,8.247574806213379
SASRec,2011,2011-12-31,25383,1,6,8.212688446044922
SASRec,2011,2011-12-31,25383,356,7,8.196946144104004
SASRec,2011,2011-12-31,25383,480,8,8.177188873291016
SASRec,2011,2011-12-31,25383,457,9,8.12348747253418
SASRec,2011,2011-12-31,25383,6874,10,8.095382690429688
SASRec,2011,2011-12-31,25480,71518,1,6.326240062713623
SASRec,2011,2011-12-31,25480,72998,2,6.285816192626953
SASRec,2011,2011-12-31,25480,70286,3,6.247593402862549
SASRec,2011,2011-12-31,25480,73017,4,5.972287178039551
SASRec,2011,2011-12-31,25480,66097,5,5.8506622314453125
SASRec,2011,2011-12-31,25480,69757,6,5.810342311859131
SASRec,2011,2011-12-31,25480,74789,7,5.764761447906494
SASRec,2011,2011-12-31,25480,79702,8,5.73923921585083
SASRec,2011,2011-12-31,25480,68358,9,5.676663875579834
SASRec,2011,2011-12-31,25480,71535,10,5.649662017822266
SASRec,2011,2011-12-31,25516,110,1,8.670476913452148
SASRec,2011,2011-12-31,25516,4226,2,8.384791374206543
SASRec,2011,2011-12-31,25516,318,3,8.279025077819824
SASRec,2011,2011-12-31,25516,296,4,8.181327819824219
SASRec,2011,2011-12-31,25516,2571,5,7.981244087219238
SASRec,2011,2011-12-31,25516,593,6,7.904966354370117
SASRec,2011,2011-12-31,25516,50,7,7.8296403884887695
SASRec,2011,2011-12-31,25516,5952,8,7.805016040802002
SASRec,2011,2011-12-31,25516,1214,9,7.774072170257568
SASRec,2011,2011-12-31,25516,32,10,7.75590181350708
SASRec,2011,2011-12-31,25944,74275,1,5.858419418334961
SASRec,2011,2011-12-31,25944,71518,2,5.745179176330566
SASRec,2011,2011-12-31,25944,77561,3,5.552319049835205
SASRec,2011,2011-12-31,25944,79293,4,5.516111373901367
SASRec,2011,2011-12-31,25944,71520,5,5.484574794769287
SASRec,2011,2011-12-31,25944,78105,6,5.45020866394043
SASRec,2011,2011-12-31,25944,68552,7,5.420795440673828
SASRec,2011,2011-12-31,25944,76251,8,5.398704528808594
SASRec,2011,2011-12-31,25944,72380,9,5.396363258361816
SASRec,2011,2011-12-31,25944,79139,10,5.304352283477783
SASRec,2011,2011-12-31,26048,377,1,10.408785820007324
SASRec,2011,2011-12-31,26048,589,2,9.964827537536621
SASRec,2011,2011-12-31,26048,47,3,9.539018630981445
SASRec,2011,2011-12-31,26048,597,4,9.440340042114258
SASRec,2011,2011-12-31,26048,1,5,9.400506019592285
SASRec,2011,2011-12-31,26048,318,6,9.35498332977295
SASRec,2011,2011-12-31,26048,32,7,9.316190719604492
SASRec,2011,2011-12-31,26048,588,8,9.29033088684082
SASRec,2011,2011-12-31,26048,10,9,9.284383773803711
SASRec,2011,2011-12-31,26048,595,10,9.249990463256836
SASRec,2011,2011-12-31,26576,68157,1,5.520489692687988
SASRec,2011,2011-12-31,26576,55820,2,5.4546709060668945
SASRec,2011,2011-12-31,26576,71108,3,5.444743633270264
SASRec,2011,2011-12-31,26576,71464,4,5.382641315460205
SASRec,2011,2011-12-31,26576,66097,5,5.380695819854736
SASRec,2011,2011-12-31,26576,68954,6,5.341028690338135
SASRec,2011,2011-12-31,26576,69481,7,5.252839088439941
SASRec,2011,2011-12-31,26576,57669,8,5.244704723358154
SASRec,2011,2011-12-31,26576,71033,9,5.189009189605713
SASRec,2011,2011-12-31,26576,64575,10,5.146939277648926
SASRec,2011,2011-12-31,26817,6539,1,8.411266326904297
SASRec,2011,2011-12-31,26817,4306,2,8.380902290344238
SASRec,2011,2011-12-31,26817,5445,3,8.376906394958496
SASRec,2011,2011-12-31,26817,7361,4,8.09848403930664
SASRec,2011,2011-12-31,26817,8636,5,8.039861679077148
SASRec,2011,2011-12-31,26817,2542,6,7.987002372741699
SASRec,2011,2011-12-31,26817,1080,7,7.809199810028076
SASRec,2011,2011-12-31,26817,1222,8,7.75382137298584
SASRec,2011,2011-12-31,26817,32587,9,7.647582530975342
SASRec,2011,2011-12-31,26817,1682,10,7.59553337097168
SASRec,2011,2011-12-31,26865,70286,1,7.2340264320373535
SASRec,2011,2011-12-31,26865,76251,2,7.02852201461792
SASRec,2011,2011-12-31,26865,63082,3,6.814147472381592
SASRec,2011,2011-12-31,26865,71535,4,6.599216461181641
SASRec,2011,2011-12-31,26865,71518,5,6.4786882400512695
SASRec,2011,2011-12-31,26865,69122,6,6.471213340759277
SASRec,2011,2011-12-31,26865,74458,7,6.466587066650391
SASRec,2011,2011-12-31,26865,79702,8,6.437225341796875
SASRec,2011,2011-12-31,26865,68358,9,6.360970497131348
SASRec,2011,2011-12-31,26865,68237,10,6.286819934844971
SASRec,2011,2011-12-31,27046,68157,1,7.056633949279785
SASRec,2011,2011-12-31,27046,70286,2,6.927034854888916
SASRec,2011,2011-12-31,27046,76251,3,6.812436103820801
SASRec,2011,2011-12-31,27046,58559,4,6.632748126983643
SASRec,2011,2011-12-31,27046,73017,5,6.450626850128174
SASRec,2011,2011-12-31,27046,71518,6,6.411424160003662
SASRec,2011,2011-12-31,27046,55820,7,6.3432135581970215
SASRec,2011,2011-12-31,27046,71535,8,6.322546482086182
SASRec,2011,2011-12-31,27046,64614,9,6.287797927856445
SASRec,2011,2011-12-31,27046,74458,10,6.172062397003174
SASRec,2011,2011-12-31,27127,914,1,6.24197244644165
SASRec,2011,2011-12-31,27127,2080,2,6.063155651092529
SASRec,2011,2011-12-31,27127,1960,3,5.95208215713501
SASRec,2011,2011-12-31,27127,2160,4,5.7521562576293945
SASRec,2011,2011-12-31,27127,2087,5,5.744029521942139
SASRec,2011,2011-12-31,27127,1282,6,5.718082427978516
SASRec,2011,2011-12-31,27127,1022,7,5.645347595214844
SASRec,2011,2011-12-31,27127,1032,8,5.633788108825684
SASRec,2011,2011-12-31,27127,2018,9,5.599081039428711
SASRec,2011,2011-12-31,27127,2313,10,5.598650932312012
SASRec,2011,2011-12-31,27247,63082,1,7.220317363739014
SASRec,2011,2011-12-31,27247,60069,2,6.886772632598877
SASRec,2011,2011-12-31,27247,72998,3,6.7898759841918945
SASRec,2011,2011-12-31,27247,48774,4,6.784921646118164
SASRec,2011,2011-12-31,27247,71535,5,6.484336853027344
SASRec,2011,2011-12-31,27247,73017,6,6.4180755615234375
SASRec,2011,2011-12-31,27247,57669,7,6.3046064376831055
SASRec,2011,2011-12-31,27247,74458,8,6.2672624588012695
SASRec,2011,2011-12-31,27247,69481,9,6.211118698120117
SASRec,2011,2011-12-31,27247,69122,10,6.20311164855957
SASRec,2011,2011-12-31,27567,73017,1,6.343799591064453
SASRec,2011,2011-12-31,27567,72407,2,6.340280055999756
SASRec,2011,2011-12-31,27567,76251,3,6.320392608642578
SASRec,2011,2011-12-31,27567,68954,4,6.259546279907227
SASRec,2011,2011-12-31,27567,53996,5,5.938898086547852
SASRec,2011,2011-12-31,27567,60074,6,5.749461650848389
SASRec,2011,2011-12-31,27567,66509,7,5.733748912811279
SASRec,2011,2011-12-31,27567,68159,8,5.687227249145508
SASRec,2011,2011-12-31,27567,79702,9,5.646327972412109
SASRec,2011,2011-12-31,27567,71518,10,5.638160705566406
SASRec,2011,2011-12-31,27573,1104,1,7.101210117340088
SASRec,2011,2011-12-31,27573,1267,2,6.853634834289551
SASRec,2011,2011-12-31,27573,1244,3,6.72193717956543
SASRec,2011,2011-12-31,27573,922,4,6.698092460632324
SASRec,2011,2011-12-31,27573,910,5,6.650510311126709
SASRec,2011,2011-12-31,27573,1228,6,6.5127153396606445
SASRec,2011,2011-12-31,27573,1276,7,6.504412651062012
SASRec,2011,2011-12-31,27573,1203,8,6.474364757537842
SASRec,2011,2011-12-31,27573,858,9,6.461036682128906
SASRec,2011,2011-12-31,27573,904,10,6.439961910247803
SASRec,2011,2011-12-31,27729,6016,1,4.8302435874938965
SASRec,2011,2011-12-31,27729,48516,2,4.823043346405029
SASRec,2011,2011-12-31,27729,41285,3,4.613369464874268
SASRec,2011,2011-12-31,27729,7361,4,4.547543525695801
SASRec,2011,2011-12-31,27729,7371,5,4.485054016113281
SASRec,2011,2011-12-31,27729,30749,6,4.481075763702393
SASRec,2011,2011-12-31,27729,1245,7,4.4642109870910645
SASRec,2011,2011-12-31,27729,32587,8,4.429679870605469
SASRec,2011,2011-12-31,27729,37733,9,4.407090663909912
SASRec,2011,2011-12-31,27729,6867,10,4.3789591789245605
SASRec,2011,2011-12-31,27779,56174,1,7.693278789520264
SASRec,2011,2011-12-31,27779,70286,2,7.619090557098389
SASRec,2011,2011-12-31,27779,51662,3,7.2762770652771
SASRec,2011,2011-12-31,27779,59315,4,7.2525177001953125
SASRec,2011,2011-12-31,27779,48774,5,7.240538597106934
SASRec,2011,2011-12-31,27779,68157,6,7.231236457824707
SASRec,2011,2011-12-31,27779,68954,7,7.2139434814453125
SASRec,2011,2011-12-31,27779,72998,8,7.100817680358887
SASRec,2011,2011-12-31,27779,54286,9,6.934934616088867
SASRec,2011,2011-12-31,27779,71535,10,6.896801948547363
SASRec,2011,2011-12-31,28232,71518,1,6.625804424285889
SASRec,2011,2011-12-31,28232,77561,2,6.31193733215332
SASRec,2011,2011-12-31,28232,79702,3,6.112215042114258
SASRec,2011,2011-12-31,28232,74275,4,6.0827202796936035
SASRec,2011,2011-12-31,28232,70286,5,6.037604808807373
SASRec,2011,2011-12-31,28232,72407,6,6.026293754577637
SASRec,2011,2011-12-31,28232,68157,7,6.012897968292236
SASRec,2011,2011-12-31,28232,78499,8,5.897224426269531
SASRec,2011,2011-12-31,28232,66509,9,5.861663818359375
SASRec,2011,2011-12-31,28232,80489,10,5.8400774002075195
SASRec,2011,2011-12-31,28284,71205,1,4.897288799285889
SASRec,2011,2011-12-31,28284,65552,2,4.840023994445801
SASRec,2011,2011-12-31,28284,72380,3,4.762670516967773
SASRec,2011,2011-12-31,28284,70336,4,4.7454657554626465
SASRec,2011,2011-12-31,28284,73268,5,4.728062629699707
SASRec,2011,2011-12-31,28284,33930,6,4.609663486480713
SASRec,2011,2011-12-31,28284,72407,7,4.458250045776367
SASRec,2011,2011-12-31,28284,67361,8,4.457742691040039
SASRec,2011,2011-12-31,28284,62081,9,4.428135871887207
SASRec,2011,2011-12-31,28284,71520,10,4.4251322746276855
SASRec,2011,2011-12-31,28293,5418,1,7.704428672790527
SASRec,2011,2011-12-31,28293,8636,2,7.65485954284668
SASRec,2011,2011-12-31,28293,6874,3,7.605420112609863
SASRec,2011,2011-12-31,28293,7361,4,7.488781452178955
SASRec,2011,2011-12-31,28293,32587,5,7.4651594161987305
SASRec,2011,2011-12-31,28293,34162,6,7.445918083190918
SASRec,2011,2011-12-31,28293,44191,7,7.3958024978637695
SASRec,2011,2011-12-31,28293,5952,8,7.10074520111084
SASRec,2011,2011-12-31,28293,7438,9,6.99530553817749
SASRec,2011,2011-12-31,28293,8874,10,6.976413249969482
SASRec,2011,2011-12-31,28383,19,1,8.611309051513672
SASRec,2011,2011-12-31,28383,316,2,8.132942199707031
SASRec,2011,2011-12-31,28383,588,3,8.115564346313477
SASRec,2011,2011-12-31,28383,592,4,8.112430572509766
SASRec,2011,2011-12-31,28383,6539,5,7.980032444000244
SASRec,2011,2011-12-31,28383,329,6,7.861747741699219
SASRec,2011,2011-12-31,28383,586,7,7.848068714141846
SASRec,2011,2011-12-31,28383,95,8,7.785961151123047
SASRec,2011,2011-12-31,28383,5445,9,7.705024719238281
SASRec,2011,2011-12-31,28383,587,10,7.699654579162598
SASRec,2011,2011-12-31,28604,68157,1,6.783138751983643
SASRec,2011,2011-12-31,28604,70286,2,6.744786739349365
SASRec,2011,2011-12-31,28604,63082,3,6.690230369567871
SASRec,2011,2011-12-31,28604,48516,4,6.323301792144775
SASRec,2011,2011-12-31,28604,71535,5,6.159837245941162
SASRec,2011,2011-12-31,28604,76251,6,6.154417514801025
SASRec,2011,2011-12-31,28604,73017,7,6.089399337768555
SASRec,2011,2011-12-31,28604,57669,8,6.069622039794922
SASRec,2011,2011-12-31,28604,64614,9,5.943906784057617
SASRec,2011,2011-12-31,28604,66097,10,5.940289497375488
SASRec,2011,2011-12-31,28759,56367,1,6.947926044464111
SASRec,2011,2011-12-31,28759,55820,2,6.6893510818481445
SASRec,2011,2011-12-31,28759,56174,3,6.618381023406982
SASRec,2011,2011-12-31,28759,48774,4,6.566304683685303
SASRec,2011,2011-12-31,28759,49272,5,6.4047040939331055
SASRec,2011,2011-12-31,28759,32587,6,6.3846588134765625
SASRec,2011,2011-12-31,28759,60069,7,6.298347473144531
SASRec,2011,2011-12-31,28759,51662,8,6.296424865722656
SASRec,2011,2011-12-31,28759,44665,9,6.259286403656006
SASRec,2011,2011-12-31,28759,35836,10,6.213954448699951
SASRec,2011,2011-12-31,28776,70286,1,6.340056419372559
SASRec,2011,2011-12-31,28776,68954,2,6.275669097900391
SASRec,2011,2011-12-31,28776,76251,3,6.273156642913818
SASRec,2011,2011-12-31,28776,71518,4,6.165631294250488
SASRec,2011,2011-12-31,28776,63082,5,5.934558391571045
SASRec,2011,2011-12-31,28776,72998,6,5.905951499938965
SASRec,2011,2011-12-31,28776,73017,7,5.777602195739746
SASRec,2011,2011-12-31,28776,69481,8,5.761717796325684
SASRec,2011,2011-12-31,28776,55820,9,5.760124206542969
SASRec,2011,2011-12-31,28776,64614,10,5.646042823791504
SASRec,2011,2011-12-31,28909,2542,1,5.98576021194458
SASRec,2011,2011-12-31,28909,2336,2,5.690522193908691
SASRec,2011,2011-12-31,28909,2502,3,5.661469459533691
SASRec,2011,2011-12-31,28909,1732,4,5.631203651428223
SASRec,2011,2011-12-31,28909,1784,5,5.592772483825684
SASRec,2011,2011-12-31,28909,1704,6,5.572097301483154
SASRec,2011,2011-12-31,28909,2396,7,5.2976531982421875
SASRec,2011,2011-12-31,28909,1060,8,5.208449363708496
SASRec,2011,2011-12-31,28909,2395,9,5.1781110763549805
SASRec,2011,2011-12-31,28909,1639,10,5.130724906921387
SASRec,2011,2011-12-31,29524,6539,1,8.195262908935547
SASRec,2011,2011-12-31,29524,44191,2,7.99335241317749
SASRec,2011,2011-12-31,29524,8636,3,7.938024997711182
SASRec,2011,2011-12-31,29524,48516,4,7.862239837646484
SASRec,2011,2011-12-31,29524,4306,5,7.789945602416992
SASRec,2011,2011-12-31,29524,5445,6,7.75999641418457
SASRec,2011,2011-12-31,29524,4886,7,7.727874755859375
SASRec,2011,2011-12-31,29524,6377,8,7.649318695068359
SASRec,2011,2011-12-31,29524,5418,9,7.614692687988281
SASRec,2011,2011-12-31,29524,49272,10,7.599813461303711
SASRec,2011,2011-12-31,29526,58559,1,7.697880268096924
SASRec,2011,2011-12-31,29526,48516,2,7.690324783325195
SASRec,2011,2011-12-31,29526,55820,3,7.4299397468566895
SASRec,2011,2011-12-31,29526,56367,4,7.243007183074951
SASRec,2011,2011-12-31,29526,63082,5,7.1402459144592285
SASRec,2011,2011-12-31,29526,44191,6,6.947734355926514
SASRec,2011,2011-12-31,29526,32587,7,6.869169235229492
SASRec,2011,2011-12-31,29526,49272,8,6.864700794219971
SASRec,2011,2011-12-31,29526,70286,9,6.786849021911621
SASRec,2011,2011-12-31,29526,4226,10,6.758025646209717
SASRec,2011,2011-12-31,29551,71518,1,6.490340232849121
SASRec,2011,2011-12-31,29551,74275,2,5.934577465057373
SASRec,2011,2011-12-31,29551,68159,3,5.913570880889893
SASRec,2011,2011-12-31,29551,69604,4,5.821422100067139
SASRec,2011,2011-12-31,29551,71464,5,5.779901027679443
SASRec,2011,2011-12-31,29551,64622,6,5.754550457000732
SASRec,2011,2011-12-31,29551,79293,7,5.724649906158447
SASRec,2011,2011-12-31,29551,65130,8,5.694899559020996
SASRec,2011,2011-12-31,29551,66509,9,5.6583571434021
SASRec,2011,2011-12-31,29551,80463,10,5.628110885620117
SASRec,2011,2011-12-31,29608,5445,1,7.5326313972473145
SASRec,2011,2011-12-31,29608,4306,2,7.261594772338867
SASRec,2011,2011-12-31,29608,4886,3,7.200582981109619
SASRec,2011,2011-12-31,29608,364,4,7.153175354003906
SASRec,2011,2011-12-31,29608,588,5,7.039006233215332
SASRec,2011,2011-12-31,29608,1517,6,6.980387210845947
SASRec,2011,2011-12-31,29608,10,7,6.980101585388184
SASRec,2011,2011-12-31,29608,480,8,6.883912086486816
SASRec,2011,2011-12-31,29608,592,9,6.738118648529053
SASRec,2011,2011-12-31,29608,4896,10,6.679084777832031
SASRec,2011,2011-12-31,29623,56367,1,5.952545166015625
SASRec,2011,2011-12-31,29623,63082,2,5.951927661895752
SASRec,2011,2011-12-31,29623,48516,3,5.686763763427734
SASRec,2011,2011-12-31,29623,56171,4,5.477633953094482
SASRec,2011,2011-12-31,29623,56757,5,5.351075172424316
SASRec,2011,2011-12-31,29623,51662,6,5.317510604858398
SASRec,2011,2011-12-31,29623,60072,7,5.176803112030029
SASRec,2011,2011-12-31,29623,55820,8,5.1426920890808105
SASRec,2011,2011-12-31,29623,48774,9,5.122987270355225
SASRec,2011,2011-12-31,29623,68954,10,5.110851287841797
SASRec,2011,2011-12-31,30157,56367,1,4.95592737197876
SASRec,2011,2011-12-31,30157,48043,2,4.813916206359863
SASRec,2011,2011-12-31,30157,61132,3,4.788707256317139
SASRec,2011,2011-12-31,30157,55280,4,4.779989242553711
SASRec,2011,2011-12-31,30157,55820,5,4.756767749786377
SASRec,2011,2011-12-31,30157,56171,6,4.707321643829346
SASRec,2011,2011-12-31,30157,65130,7,4.6569504737854
SASRec,2011,2011-12-31,30157,68954,8,4.6248016357421875
SASRec,2011,2011-12-31,30157,68157,9,4.6102423667907715
SASRec,2011,2011-12-31,30157,48774,10,4.586258411407471
SASRec,2011,2011-12-31,30250,71518,1,6.352601051330566
SASRec,2011,2011-12-31,30250,79702,2,6.030814170837402
SASRec,2011,2011-12-31,30250,71135,3,5.946518421173096
SASRec,2011,2011-12-31,30250,66509,4,5.946072578430176
SASRec,2011,2011-12-31,30250,79293,5,5.906867027282715
SASRec,2011,2011-12-31,30250,78499,6,5.868707180023193
SASRec,2011,2011-12-31,30250,68159,7,5.853072643280029
SASRec,2011,2011-12-31,30250,71520,8,5.848288059234619
SASRec,2011,2011-12-31,30250,80489,9,5.745637893676758
SASRec,2011,2011-12-31,30250,68358,10,5.624364852905273
SASRec,2011,2011-12-31,30559,58559,1,6.794061660766602
SASRec,2011,2011-12-31,30559,55820,2,6.64198112487793
SASRec,2011,2011-12-31,30559,68157,3,6.5220184326171875
SASRec,2011,2011-12-31,30559,48516,4,6.382025241851807
SASRec,2011,2011-12-31,30559,70286,5,6.320303440093994
SASRec,2011,2011-12-31,30559,48774,6,6.155324459075928
SASRec,2011,2011-12-31,30559,60069,7,6.048940658569336
SASRec,2011,2011-12-31,30559,76251,8,5.9553632736206055
SASRec,2011,2011-12-31,30559,73017,9,5.88859748840332
SASRec,2011,2011-12-31,30559,52241,10,5.874587059020996
SASRec,2011,2011-12-31,30684,71205,1,3.9489455223083496
SASRec,2011,2011-12-31,30684,64497,2,3.5660438537597656
SASRec,2011,2011-12-31,30684,71379,3,3.54300594329834
SASRec,2011,2011-12-31,30684,60037,4,3.511796712875366
SASRec,2011,2011-12-31,30684,63072,5,3.4831764698028564
SASRec,2011,2011-12-31,30684,71520,6,3.453721046447754
SASRec,2011,2011-12-31,30684,66097,7,3.423318386077881
SASRec,2011,2011-12-31,30684,57528,8,3.4072420597076416
SASRec,2011,2011-12-31,30684,41411,9,3.3931286334991455
SASRec,2011,2011-12-31,30684,71211,10,3.375635862350464
SASRec,2011,2011-12-31,30786,60072,1,4.610523700714111
SASRec,2011,2011-12-31,30786,68159,2,4.608537197113037
SASRec,2011,2011-12-31,30786,64622,3,4.59182071685791
SASRec,2011,2011-12-31,30786,63131,4,4.585801124572754
SASRec,2011,2011-12-31,30786,55280,5,4.568689346313477
SASRec,2011,2011-12-31,30786,65130,6,4.56734561920166
SASRec,2011,2011-12-31,30786,56171,7,4.551721096038818
SASRec,2011,2011-12-31,30786,60950,8,4.502247333526611
SASRec,2011,2011-12-31,30786,62081,9,4.463254451751709
SASRec,2011,2011-12-31,30786,48043,10,4.395302772521973
SASRec,2011,2011-12-31,31314,63082,1,5.9653754234313965
SASRec,2011,2011-12-31,31314,44694,2,5.565650939941406
SASRec,2011,2011-12-31,31314,38061,3,5.536588668823242
SASRec,2011,2011-12-31,31314,30707,4,5.515643119812012
SASRec,2011,2011-12-31,31314,47629,5,5.460589408874512
SASRec,2011,2011-12-31,31314,60069,6,5.361767292022705
SASRec,2011,2011-12-31,31314,33794,7,5.3578596115112305
SASRec,2011,2011-12-31,31314,44665,8,5.343330383300781
SASRec,2011,2011-12-31,31314,41285,9,5.329892158508301
SASRec,2011,2011-12-31,31314,55247,10,5.308001518249512
SASRec,2011,2011-12-31,31434,58559,1,7.488468170166016
SASRec,2011,2011-12-31,31434,72998,2,7.32539701461792
SASRec,2011,2011-12-31,31434,68157,3,7.320316791534424
SASRec,2011,2011-12-31,31434,68954,4,7.316535949707031
SASRec,2011,2011-12-31,31434,56174,5,7.021932125091553
SASRec,2011,2011-12-31,31434,76251,6,6.914259433746338
SASRec,2011,2011-12-31,31434,59315,7,6.862974166870117
SASRec,2011,2011-12-31,31434,55820,8,6.829368591308594
SASRec,2011,2011-12-31,31434,73017,9,6.808557510375977
SASRec,2011,2011-12-31,31434,71535,10,6.768548488616943
SASRec,2011,2011-12-31,32302,71518,1,6.413336277008057
SASRec,2011,2011-12-31,32302,72407,2,6.296873569488525
SASRec,2011,2011-12-31,32302,68157,3,6.131824493408203
SASRec,2011,2011-12-31,32302,73017,4,5.995720386505127
SASRec,2011,2011-12-31,32302,78105,5,5.992403030395508
SASRec,2011,2011-12-31,32302,79702,6,5.946063041687012
SASRec,2011,2011-12-31,32302,69122,7,5.900600433349609
SASRec,2011,2011-12-31,32302,71135,8,5.888634204864502
SASRec,2011,2011-12-31,32302,71520,9,5.878398418426514
SASRec,2011,2011-12-31,32302,78499,10,5.851840972900391
SASRec,2011,2011-12-31,32342,61132,1,5.595343112945557
SASRec,2011,2011-12-31,32342,58559,2,5.574474334716797
SASRec,2011,2011-12-31,32342,56174,3,5.527286529541016
SASRec,2011,2011-12-31,32342,63082,4,5.441730499267578
SASRec,2011,2011-12-31,32342,60037,5,5.408154487609863
SASRec,2011,2011-12-31,32342,55820,6,5.3889312744140625
SASRec,2011,2011-12-31,32342,68157,7,5.344768524169922
SASRec,2011,2011-12-31,32342,55280,8,5.336443901062012
SASRec,2011,2011-12-31,32342,71535,9,5.271361827850342
SASRec,2011,2011-12-31,32342,58025,10,5.202503681182861
SASRec,2011,2011-12-31,32457,71518,1,6.71451997756958
SASRec,2011,2011-12-31,32457,76251,2,6.537573337554932
SASRec,2011,2011-12-31,32457,68157,3,6.235644817352295
SASRec,2011,2011-12-31,32457,79293,4,6.186178207397461
SASRec,2011,2011-12-31,32457,74275,5,6.172236919403076
SASRec,2011,2011-12-31,32457,79702,6,6.170102119445801
SASRec,2011,2011-12-31,32457,78105,7,6.11573600769043
SASRec,2011,2011-12-31,32457,72407,8,6.096410274505615
SASRec,2011,2011-12-31,32457,78499,9,6.011349201202393
SASRec,2011,2011-12-31,32457,71135,10,5.953153133392334
SASRec,2011,2011-12-31,32466,69489,1,6.2750749588012695
SASRec,2011,2011-12-31,32466,44601,2,6.12447452545166
SASRec,2011,2011-12-31,32466,51773,3,6.024083137512207
SASRec,2011,2011-12-31,32466,79467,4,5.812652587890625
SASRec,2011,2011-12-31,32466,27656,5,5.7987895011901855
SASRec,2011,2011-12-31,32466,76303,6,5.768512725830078
SASRec,2011,2011-12-31,32466,40422,7,5.730923652648926
SASRec,2011,2011-12-31,32466,73983,8,5.724900245666504
SASRec,2011,2011-12-31,32466,52182,9,5.588452339172363
SASRec,2011,2011-12-31,32466,33235,10,5.514660835266113
SASRec,2011,2011-12-31,32595,72998,1,6.785767078399658
SASRec,2011,2011-12-31,32595,76251,2,6.621477127075195
SASRec,2011,2011-12-31,32595,68954,3,6.498682975769043
SASRec,2011,2011-12-31,32595,71535,4,6.446226596832275
SASRec,2011,2011-12-31,32595,69122,5,6.428339958190918
SASRec,2011,2011-12-31,32595,72407,6,6.42480993270874
SASRec,2011,2011-12-31,32595,73017,7,6.341841697692871
SASRec,2011,2011-12-31,32595,74458,8,6.320574760437012
SASRec,2011,2011-12-31,32595,63082,9,6.176296710968018
SASRec,2011,2011-12-31,32595,79702,10,6.135727405548096
SASRec,2011,2011-12-31,32799,76251,1,6.957706928253174
SASRec,2011,2011-12-31,32799,68157,2,6.8633809089660645
SASRec,2011,2011-12-31,32799,70286,3,6.660552501678467
SASRec,2011,2011-12-31,32799,71518,4,6.6107683181762695
SASRec,2011,2011-12-31,32799,68954,5,6.499501705169678
SASRec,2011,2011-12-31,32799,78499,6,6.334278106689453
SASRec,2011,2011-12-31,32799,63082,7,6.299317359924316
SASRec,2011,2011-12-31,32799,71535,8,6.284468650817871
SASRec,2011,2011-12-31,32799,79702,9,6.180428981781006
SASRec,2011,2011-12-31,32799,77561,10,6.156493186950684
SASRec,2011,2011-12-31,32955,71518,1,6.2744059562683105
SASRec,2011,2011-12-31,32955,77206,2,6.252264976501465
SASRec,2011,2011-12-31,32955,78105,3,6.070278167724609
SASRec,2011,2011-12-31,32955,74916,4,5.9400248527526855
SASRec,2011,2011-12-31,32955,74275,5,5.750613212585449
SASRec,2011,2011-12-31,32955,79224,6,5.737175941467285
SASRec,2011,2011-12-31,32955,68552,7,5.678333759307861
SASRec,2011,2011-12-31,32955,79702,8,5.638261795043945
SASRec,2011,2011-12-31,32955,76077,9,5.568841457366943
SASRec,2011,2011-12-31,32955,51773,10,5.567068099975586
SASRec,2011,2011-12-31,33011,6383,1,5.690464019775391
SASRec,2011,2011-12-31,33011,58559,2,5.514278411865234
SASRec,2011,2011-12-31,33011,3535,3,5.297402381896973
SASRec,2011,2011-12-31,33011,6754,4,5.261355876922607
SASRec,2011,2011-12-31,33011,8783,5,5.252100467681885
SASRec,2011,2011-12-31,33011,34150,6,5.1668524742126465
SASRec,2011,2011-12-31,33011,51662,7,5.158851623535156
SASRec,2011,2011-12-31,33011,8957,8,5.0748701095581055
SASRec,2011,2011-12-31,33011,8371,9,5.009258270263672
SASRec,2011,2011-12-31,33011,5219,10,4.983285903930664
SASRec,2011,2011-12-31,33278,6863,1,6.191859722137451
SASRec,2011,2011-12-31,33278,5810,2,6.053580284118652
SASRec,2011,2011-12-31,33278,1027,3,5.892178058624268
SASRec,2011,2011-12-31,33278,180,4,5.890334606170654
SASRec,2011,2011-12-31,33278,5299,5,5.882478713989258
SASRec,2011,2011-12-31,33278,6373,6,5.879323482513428
SASRec,2011,2011-12-31,33278,8783,7,5.85024356842041
SASRec,2011,2011-12-31,33278,1120,8,5.783665180206299
SASRec,2011,2011-12-31,33278,8644,9,5.623882293701172
SASRec,2011,2011-12-31,33278,7293,10,5.552736282348633
SASRec,2011,2011-12-31,33416,95,1,8.748937606811523
SASRec,2011,2011-12-31,33416,168,2,8.531648635864258
SASRec,2011,2011-12-31,33416,237,3,8.448810577392578
SASRec,2011,2011-12-31,33416,494,4,8.41855239868164
SASRec,2011,2011-12-31,33416,62,5,8.289933204650879
SASRec,2011,2011-12-31,33416,587,6,8.251118659973145
SASRec,2011,2011-12-31,33416,172,7,8.246942520141602
SASRec,2011,2011-12-31,33416,552,8,8.149530410766602
SASRec,2011,2011-12-31,33416,112,9,8.128435134887695
SASRec,2011,2011-12-31,33416,185,10,8.106590270996094
SASRec,2011,2011-12-31,33432,71518,1,6.5321173667907715
SASRec,2011,2011-12-31,33432,78105,2,6.387296199798584
SASRec,2011,2011-12-31,33432,79293,3,6.054215431213379
SASRec,2011,2011-12-31,33432,72407,4,6.015204429626465
SASRec,2011,2011-12-31,33432,80463,5,5.945672988891602
SASRec,2011,2011-12-31,33432,76093,6,5.921679496765137
SASRec,2011,2011-12-31,33432,68159,7,5.896821022033691
SASRec,2011,2011-12-31,33432,73266,8,5.888491630554199
SASRec,2011,2011-12-31,33432,74948,9,5.8410234451293945
SASRec,2011,2011-12-31,33432,74156,10,5.770918846130371
SASRec,2011,2011-12-31,33652,51662,1,7.095118522644043
SASRec,2011,2011-12-31,33652,53996,2,6.890603542327881
SASRec,2011,2011-12-31,33652,53125,3,6.781440258026123
SASRec,2011,2011-12-31,33652,56367,4,6.722719669342041
SASRec,2011,2011-12-31,33652,52722,5,6.69976806640625
SASRec,2011,2011-12-31,33652,44665,6,6.668581962585449
SASRec,2011,2011-12-31,33652,61132,7,6.380532741546631
SASRec,2011,2011-12-31,33652,44191,8,6.366990089416504
SASRec,2011,2011-12-31,33652,49272,9,6.315914154052734
SASRec,2011,2011-12-31,33652,63082,10,6.314545631408691
SASRec,2011,2011-12-31,33854,8783,1,5.481871604919434
SASRec,2011,2011-12-31,33854,7293,2,5.122779369354248
SASRec,2011,2011-12-31,33854,30825,3,5.072513580322266
SASRec,2011,2011-12-31,33854,7004,4,5.0152130126953125
SASRec,2011,2011-12-31,33854,27821,5,4.850407600402832
SASRec,2011,2011-12-31,33854,8529,6,4.842339515686035
SASRec,2011,2011-12-31,33854,8957,7,4.76841926574707
SASRec,2011,2011-12-31,33854,33679,8,4.758543968200684
SASRec,2011,2011-12-31,33854,6754,9,4.743537425994873
SASRec,2011,2011-12-31,33854,34150,10,4.713626861572266
SASRec,2011,2011-12-31,33941,71518,1,6.82991886138916
SASRec,2011,2011-12-31,33941,76251,2,6.76538610458374
SASRec,2011,2011-12-31,33941,77561,3,6.473002910614014
SASRec,2011,2011-12-31,33941,79702,4,6.365691184997559
SASRec,2011,2011-12-31,33941,80489,5,6.323292255401611
SASRec,2011,2011-12-31,33941,68954,6,6.2960333824157715
SASRec,2011,2011-12-31,33941,78105,7,6.235627174377441
SASRec,2011,2011-12-31,33941,79293,8,6.212686538696289
SASRec,2011,2011-12-31,33941,74275,9,6.061374664306641
SASRec,2011,2011-12-31,33941,68159,10,6.055494785308838
SASRec,2011,2011-12-31,34052,3022,1,5.422672271728516
SASRec,2011,2011-12-31,34052,1069,2,5.420757293701172
SASRec,2011,2011-12-31,34052,2066,3,5.351172924041748
SASRec,2011,2011-12-31,34052,945,4,5.348952770233154
SASRec,2011,2011-12-31,34052,942,5,5.227767467498779
SASRec,2011,2011-12-31,34052,2203,6,5.134664535522461
SASRec,2011,2011-12-31,34052,2731,7,5.100925922393799
SASRec,2011,2011-12-31,34052,2932,8,5.071053504943848
SASRec,2011,2011-12-31,34052,929,9,5.047011852264404
SASRec,2011,2011-12-31,34052,2925,10,5.01163387298584
SASRec,2011,2011-12-31,34210,48516,1,8.08012580871582
SASRec,2011,2011-12-31,34210,4226,2,7.924171447753906
SASRec,2011,2011-12-31,34210,6874,3,7.722445487976074
SASRec,2011,2011-12-31,34210,8636,4,7.717408657073975
SASRec,2011,2011-12-31,34210,49272,5,7.586851119995117
SASRec,2011,2011-12-31,34210,51662,6,7.56929349899292
SASRec,2011,2011-12-31,34210,33794,7,7.550334453582764
SASRec,2011,2011-12-31,34210,56174,8,7.530869960784912
SASRec,2011,2011-12-31,34210,7438,9,7.516157150268555
SASRec,2011,2011-12-31,34210,4306,10,7.479484558105469
SASRec,2011,2011-12-31,35243,48516,1,7.24263334274292
SASRec,2011,2011-12-31,35243,58559,2,7.181148052215576
SASRec,2011,2011-12-31,35243,70286,3,6.9611077308654785
SASRec,2011,2011-12-31,35243,56367,4,6.937222957611084
SASRec,2011,2011-12-31,35243,55820,5,6.89894437789917
SASRec,2011,2011-12-31,35243,48774,6,6.703020095825195
SASRec,2011,2011-12-31,35243,74458,7,6.608769416809082
SASRec,2011,2011-12-31,35243,60069,8,6.602495193481445
SASRec,2011,2011-12-31,35243,4226,9,6.589824199676514
SASRec,2011,2011-12-31,35243,56174,10,6.583693504333496
SASRec,2011,2011-12-31,35411,55820,1,6.062911510467529
SASRec,2011,2011-12-31,35411,63876,2,5.692265033721924
SASRec,2011,2011-12-31,35411,69481,3,5.669848918914795
SASRec,2011,2011-12-31,35411,58559,4,5.579250335693359
SASRec,2011,2011-12-31,35411,63082,5,5.5756096839904785
SASRec,2011,2011-12-31,35411,66097,6,5.565035343170166
SASRec,2011,2011-12-31,35411,70286,7,5.537524700164795
SASRec,2011,2011-12-31,35411,76251,8,5.322805404663086
SASRec,2011,2011-12-31,35411,48774,9,5.32171630859375
SASRec,2011,2011-12-31,35411,44555,10,5.271762371063232
SASRec,2011,2011-12-31,35609,71518,1,6.615851402282715
SASRec,2011,2011-12-31,35609,79702,2,6.479801177978516
SASRec,2011,2011-12-31,35609,68157,3,6.364803314208984
SASRec,2011,2011-12-31,35609,68954,4,6.358089923858643
SASRec,2011,2011-12-31,35609,72407,5,6.259916305541992
SASRec,2011,2011-12-31,35609,78499,6,6.249802112579346
SASRec,2011,2011-12-31,35609,80489,7,6.226991176605225
SASRec,2011,2011-12-31,35609,74795,8,6.1230149269104
SASRec,2011,2011-12-31,35609,71135,9,6.122093200683594
SASRec,2011,2011-12-31,35609,66509,10,5.997122287750244
SASRec,2011,2011-12-31,35821,48516,1,6.356788158416748
SASRec,2011,2011-12-31,35821,55820,2,6.056291103363037
SASRec,2011,2011-12-31,35821,48774,3,5.705423355102539
SASRec,2011,2011-12-31,35821,44694,4,5.658858776092529
SASRec,2011,2011-12-31,35821,63876,5,5.603122711181641
SASRec,2011,2011-12-31,35821,46578,6,5.595296859741211
SASRec,2011,2011-12-31,35821,27773,7,5.446615219116211
SASRec,2011,2011-12-31,35821,56367,8,5.413226127624512
SASRec,2011,2011-12-31,35821,44761,9,5.400485515594482
SASRec,2011,2011-12-31,35821,48394,10,5.381494045257568
SASRec,2011,2011-12-31,35823,71518,1,6.433048725128174
SASRec,2011,2011-12-31,35823,77206,2,6.217321395874023
SASRec,2011,2011-12-31,35823,79293,3,5.843353271484375
SASRec,2011,2011-12-31,35823,73027,4,5.816234588623047
SASRec,2011,2011-12-31,35823,74275,5,5.806342124938965
SASRec,2011,2011-12-31,35823,68552,6,5.740726947784424
SASRec,2011,2011-12-31,35823,80489,7,5.730138778686523
SASRec,2011,2011-12-31,35823,69988,8,5.638767719268799
SASRec,2011,2011-12-31,35823,80463,9,5.638329982757568
SASRec,2011,2011-12-31,35823,76173,10,5.601521015167236
SASRec,2011,2011-12-31,35929,6874,1,8.289837837219238
SASRec,2011,2011-12-31,35929,48516,2,7.677499294281006
SASRec,2011,2011-12-31,35929,7147,3,7.580844879150391
SASRec,2011,2011-12-31,35929,49272,4,7.4861860275268555
SASRec,2011,2011-12-31,35929,34162,5,7.423314571380615
SASRec,2011,2011-12-31,35929,30707,6,7.401898384094238
SASRec,2011,2011-12-31,35929,51662,7,7.382451057434082
SASRec,2011,2011-12-31,35929,48774,8,7.353858470916748
SASRec,2011,2011-12-31,35929,7090,9,7.345598220825195
SASRec,2011,2011-12-31,35929,45722,10,7.297413349151611
SASRec,2011,2011-12-31,35977,51662,1,7.326606750488281
SASRec,2011,2011-12-31,35977,48516,2,7.206997394561768
SASRec,2011,2011-12-31,35977,63082,3,6.956542491912842
SASRec,2011,2011-12-31,35977,70286,4,6.928860187530518
SASRec,2011,2011-12-31,35977,60069,5,6.851396560668945
SASRec,2011,2011-12-31,35977,44665,6,6.817113876342773
SASRec,2011,2011-12-31,35977,59315,7,6.788449764251709
SASRec,2011,2011-12-31,35977,49272,8,6.762786388397217
SASRec,2011,2011-12-31,35977,44191,9,6.742168426513672
SASRec,2011,2011-12-31,35977,54286,10,6.677245616912842
SASRec,2011,2011-12-31,36200,72998,1,5.740568161010742
SASRec,2011,2011-12-31,36200,69122,2,5.568982124328613
SASRec,2011,2011-12-31,36200,73017,3,5.514615058898926
SASRec,2011,2011-12-31,36200,70286,4,5.465144157409668
SASRec,2011,2011-12-31,36200,69757,5,5.462441444396973
SASRec,2011,2011-12-31,36200,58559,6,5.453951835632324
SASRec,2011,2011-12-31,36200,68319,7,5.4469780921936035
SASRec,2011,2011-12-31,36200,76251,8,5.36138391494751
SASRec,2011,2011-12-31,36200,63082,9,5.346837997436523
SASRec,2011,2011-12-31,36200,68157,10,5.304908752441406
SASRec,2011,2011-12-31,36211,110,1,8.19043254852295
SASRec,2011,2011-12-31,36211,318,2,7.990171432495117
SASRec,2011,2011-12-31,36211,296,3,7.9699835777282715
SASRec,2011,2011-12-31,36211,593,4,7.668720722198486
SASRec,2011,2011-12-31,36211,589,5,7.519941329956055
SASRec,2011,2011-12-31,36211,50,6,7.516664505004883
SASRec,2011,2011-12-31,36211,32,7,7.38021993637085
SASRec,2011,2011-12-31,36211,1214,8,7.305415153503418
SASRec,2011,2011-12-31,36211,260,9,7.166077613830566
SASRec,2011,2011-12-31,36211,541,10,7.102455139160156
SASRec,2011,2011-12-31,36613,58025,1,5.409669876098633
SASRec,2011,2011-12-31,36613,51935,2,5.186110973358154
SASRec,2011,2011-12-31,36613,61132,3,5.157817840576172
SASRec,2011,2011-12-31,36613,56171,4,5.151810646057129
SASRec,2011,2011-12-31,36613,58559,5,5.093714237213135
SASRec,2011,2011-12-31,36613,55995,6,4.958822250366211
SASRec,2011,2011-12-31,36613,60072,7,4.94909143447876
SASRec,2011,2011-12-31,36613,53996,8,4.880903720855713
SASRec,2011,2011-12-31,36613,56775,9,4.864630222320557
SASRec,2011,2011-12-31,36613,60126,10,4.842981338500977
SASRec,2011,2011-12-31,37075,68157,1,6.670853137969971
SASRec,2011,2011-12-31,37075,68954,2,6.487446308135986
SASRec,2011,2011-12-31,37075,63082,3,6.28281307220459
SASRec,2011,2011-12-31,37075,76251,4,6.277319431304932
SASRec,2011,2011-12-31,37075,70286,5,6.275233268737793
SASRec,2011,2011-12-31,37075,55820,6,6.246710777282715
SASRec,2011,2011-12-31,37075,71518,7,6.022180557250977
SASRec,2011,2011-12-31,37075,69481,8,5.9930877685546875
SASRec,2011,2011-12-31,37075,63876,9,5.912975311279297
SASRec,2011,2011-12-31,37075,66097,10,5.902830123901367
SASRec,2011,2011-12-31,37331,71518,1,6.601510047912598
SASRec,2011,2011-12-31,37331,76251,2,6.430290699005127
SASRec,2011,2011-12-31,37331,71108,3,5.910191535949707
SASRec,2011,2011-12-31,37331,80463,4,5.881468772888184
SASRec,2011,2011-12-31,37331,78499,5,5.866727352142334
SASRec,2011,2011-12-31,37331,79702,6,5.85176944732666
SASRec,2011,2011-12-31,37331,80489,7,5.801175117492676
SASRec,2011,2011-12-31,37331,79293,8,5.765345096588135
SASRec,2011,2011-12-31,37331,70286,9,5.734753608703613
SASRec,2011,2011-12-31,37331,72998,10,5.715485572814941
SASRec,2011,2011-12-31,37795,63082,1,6.9515461921691895
SASRec,2011,2011-12-31,37795,76251,2,6.594728469848633
SASRec,2011,2011-12-31,37795,74458,3,6.4376678466796875
SASRec,2011,2011-12-31,37795,55820,4,6.396396160125732
SASRec,2011,2011-12-31,37795,56367,5,6.296006679534912
SASRec,2011,2011-12-31,37795,60069,6,6.287931442260742
SASRec,2011,2011-12-31,37795,69122,7,6.267473220825195
SASRec,2011,2011-12-31,37795,48516,8,6.2604498863220215
SASRec,2011,2011-12-31,37795,80489,9,6.196720123291016
SASRec,2011,2011-12-31,37795,68237,10,6.090165138244629
SASRec,2011,2011-12-31,37940,72407,1,6.255639553070068
SASRec,2011,2011-12-31,37940,56174,2,6.088359355926514
SASRec,2011,2011-12-31,37940,77561,3,6.008408546447754
SASRec,2011,2011-12-31,37940,68319,4,5.79568338394165
SASRec,2011,2011-12-31,37940,53996,5,5.669347286224365
SASRec,2011,2011-12-31,37940,76251,6,5.64093017578125
SASRec,2011,2011-12-31,37940,70286,7,5.629293441772461
SASRec,2011,2011-12-31,37940,60037,8,5.478506088256836
SASRec,2011,2011-12-31,37940,60074,9,5.461584091186523
SASRec,2011,2011-12-31,37940,71057,10,5.406807899475098
SASRec,2011,2011-12-31,38643,4306,1,7.08280611038208
SASRec,2011,2011-12-31,38643,5952,2,6.951831817626953
SASRec,2011,2011-12-31,38643,5673,3,6.922919273376465
SASRec,2011,2011-12-31,38643,3949,4,6.861201286315918
SASRec,2011,2011-12-31,38643,5669,5,6.844135761260986
SASRec,2011,2011-12-31,38643,4886,6,6.709279537200928
SASRec,2011,2011-12-31,38643,5377,7,6.690150260925293
SASRec,2011,2011-12-31,38643,5992,8,6.60495662689209
SASRec,2011,2011-12-31,38643,4993,9,6.601869583129883
SASRec,2011,2011-12-31,38643,4246,10,6.534638404846191
SASRec,2011,2011-12-31,38697,70286,1,7.719735622406006
SASRec,2011,2011-12-31,38697,63082,2,7.416049480438232
SASRec,2011,2011-12-31,38697,68954,3,7.26896333694458
SASRec,2011,2011-12-31,38697,56174,4,7.253782749176025
SASRec,2011,2011-12-31,38697,76251,5,7.055978775024414
SASRec,2011,2011-12-31,38697,55820,6,7.054802894592285
SASRec,2011,2011-12-31,38697,56367,7,6.9808125495910645
SASRec,2011,2011-12-31,38697,60069,8,6.905739784240723
SASRec,2011,2011-12-31,38697,73017,9,6.78804349899292
SASRec,2011,2011-12-31,38697,48774,10,6.493277549743652
SASRec,2011,2011-12-31,38850,6996,1,5.311635494232178
SASRec,2011,2011-12-31,38850,43679,2,5.025326251983643
SASRec,2011,2011-12-31,38850,6058,3,4.879839897155762
SASRec,2011,2011-12-31,38850,43928,4,4.790010452270508
SASRec,2011,2011-12-31,38850,51077,5,4.714897155761719
SASRec,2011,2011-12-31,38850,8985,6,4.711606979370117
SASRec,2011,2011-12-31,38850,50798,7,4.699553489685059
SASRec,2011,2011-12-31,38850,51939,8,4.649386882781982
SASRec,2011,2011-12-31,38850,34530,9,4.620327472686768
SASRec,2011,2011-12-31,38850,4636,10,4.561461448669434
SASRec,2011,2011-12-31,38934,55820,1,5.048329830169678
SASRec,2011,2011-12-31,38934,66097,2,5.034059047698975
SASRec,2011,2011-12-31,38934,71464,3,4.83453893661499
SASRec,2011,2011-12-31,38934,68954,4,4.742688179016113
SASRec,2011,2011-12-31,38934,63876,5,4.734994888305664
SASRec,2011,2011-12-31,38934,52241,6,4.732168674468994
SASRec,2011,2011-12-31,38934,68157,7,4.639079570770264
SASRec,2011,2011-12-31,38934,48774,8,4.561203956604004
SASRec,2011,2011-12-31,38934,65130,9,4.553699970245361
SASRec,2011,2011-12-31,38934,69481,10,4.506730079650879
SASRec,2011,2011-12-31,40094,4306,1,8.139850616455078
SASRec,2011,2011-12-31,40094,4886,2,7.907537937164307
SASRec,2011,2011-12-31,40094,5445,3,7.685983657836914
SASRec,2011,2011-12-31,40094,4226,4,7.649221420288086
SASRec,2011,2011-12-31,40094,6539,5,7.576028347015381
SASRec,2011,2011-12-31,40094,4963,6,7.354710578918457
SASRec,2011,2011-12-31,40094,5418,7,7.331010341644287
SASRec,2011,2011-12-31,40094,3996,8,7.309245586395264
SASRec,2011,2011-12-31,40094,5459,9,7.222662925720215
SASRec,2011,2011-12-31,40094,3897,10,7.138481140136719
SASRec,2011,2011-12-31,40195,77561,1,6.650136947631836
SASRec,2011,2011-12-31,40195,76251,2,6.635517120361328
SASRec,2011,2011-12-31,40195,68954,3,6.542970180511475
SASRec,2011,2011-12-31,40195,79702,4,6.462587833404541
SASRec,2011,2011-12-31,40195,71518,5,6.454792022705078
SASRec,2011,2011-12-31,40195,78499,6,6.295987129211426
SASRec,2011,2011-12-31,40195,80489,7,6.225244522094727
SASRec,2011,2011-12-31,40195,72407,8,6.147221088409424
SASRec,2011,2011-12-31,40195,78105,9,6.125865936279297
SASRec,2011,2011-12-31,40195,71135,10,6.071866512298584
SASRec,2011,2011-12-31,40247,48516,1,7.068430423736572
SASRec,2011,2011-12-31,40247,55820,2,6.789451599121094
SASRec,2011,2011-12-31,40247,48774,3,6.751058101654053
SASRec,2011,2011-12-31,40247,58559,4,6.690279960632324
SASRec,2011,2011-12-31,40247,32587,5,6.4896111488342285
SASRec,2011,2011-12-31,40247,7361,6,6.368314743041992
SASRec,2011,2011-12-31,40247,44191,7,6.299002170562744
SASRec,2011,2011-12-31,40247,8874,8,6.29850435256958
SASRec,2011,2011-12-31,40247,6016,9,6.170088768005371
SASRec,2011,2011-12-31,40247,48394,10,6.1348371505737305
SASRec,2011,2011-12-31,40411,76251,1,6.988903999328613
SASRec,2011,2011-12-31,40411,72998,2,6.873228073120117
SASRec,2011,2011-12-31,40411,74458,3,6.562442302703857
SASRec,2011,2011-12-31,40411,79702,4,6.553774833679199
SASRec,2011,2011-12-31,40411,71518,5,6.552071571350098
SASRec,2011,2011-12-31,40411,77561,6,6.437930107116699
SASRec,2011,2011-12-31,40411,59315,7,6.4243245124816895
SASRec,2011,2011-12-31,40411,64614,8,6.182715892791748
SASRec,2011,2011-12-31,40411,79132,9,6.161879062652588
SASRec,2011,2011-12-31,40411,80489,10,6.129405975341797
SASRec,2011,2011-12-31,40470,5445,1,6.910086154937744
SASRec,2011,2011-12-31,40470,6539,2,6.657258987426758
SASRec,2011,2011-12-31,40470,4886,3,6.492434978485107
SASRec,2011,2011-12-31,40470,4306,4,6.1943278312683105
SASRec,2011,2011-12-31,40470,5816,5,5.887402057647705
SASRec,2011,2011-12-31,40470,44191,6,5.870682716369629
SASRec,2011,2011-12-31,40470,8368,7,5.850115776062012
SASRec,2011,2011-12-31,40470,110,8,5.7118821144104
SASRec,2011,2011-12-31,40470,33493,9,5.69901704788208
SASRec,2011,2011-12-31,40470,56174,10,5.6673502922058105
SASRec,2011,2011-12-31,40731,56174,1,7.04305362701416
SASRec,2011,2011-12-31,40731,70286,2,6.5788397789001465
SASRec,2011,2011-12-31,40731,71535,3,6.175483703613281
SASRec,2011,2011-12-31,40731,72998,4,6.051910877227783
SASRec,2011,2011-12-31,40731,58559,5,6.033784866333008
SASRec,2011,2011-12-31,40731,53996,6,5.991043567657471
SASRec,2011,2011-12-31,40731,52722,7,5.846796035766602
SASRec,2011,2011-12-31,40731,73017,8,5.840176582336426
SASRec,2011,2011-12-31,40731,74458,9,5.8244733810424805
SASRec,2011,2011-12-31,40731,53125,10,5.732287883758545
SASRec,2011,2011-12-31,40751,32587,1,4.763056755065918
SASRec,2011,2011-12-31,40751,8949,2,4.70227575302124
SASRec,2011,2011-12-31,40751,7361,3,4.426453113555908
SASRec,2011,2011-12-31,40751,48516,4,4.397393226623535
SASRec,2011,2011-12-31,40751,44191,5,4.3151631355285645
SASRec,2011,2011-12-31,40751,8970,6,4.294296741485596
SASRec,2011,2011-12-31,40751,34162,7,4.28378438949585
SASRec,2011,2011-12-31,40751,30707,8,4.281931400299072
SASRec,2011,2011-12-31,40751,48774,9,4.258671760559082
SASRec,2011,2011-12-31,40751,37741,10,4.243388652801514
SASRec,2011,2011-12-31,41224,296,1,7.716810703277588
SASRec,2011,2011-12-31,41224,318,2,7.454923629760742
SASRec,2011,2011-12-31,41224,48516,3,7.105179309844971
SASRec,2011,2011-12-31,41224,110,4,6.852173805236816
SASRec,2011,2011-12-31,41224,50,5,6.83902645111084
SASRec,2011,2011-12-31,41224,70286,6,6.518523216247559
SASRec,2011,2011-12-31,41224,68157,7,6.4668097496032715
SASRec,2011,2011-12-31,41224,32,8,6.331689834594727
SASRec,2011,2011-12-31,41224,589,9,6.289910316467285
SASRec,2011,2011-12-31,41224,47,10,6.249558448791504
SASRec,2011,2011-12-31,41320,37733,1,5.382606029510498
SASRec,2011,2011-12-31,41320,8783,2,5.329092502593994
SASRec,2011,2011-12-31,41320,7361,3,5.080721378326416
SASRec,2011,2011-12-31,41320,8874,4,4.967491149902344
SASRec,2011,2011-12-31,41320,8917,5,4.964639186859131
SASRec,2011,2011-12-31,41320,6016,6,4.865054130554199
SASRec,2011,2011-12-31,41320,1333,7,4.855770587921143
SASRec,2011,2011-12-31,41320,6953,8,4.8322930335998535
SASRec,2011,2011-12-31,41320,32587,9,4.760704517364502
SASRec,2011,2011-12-31,41320,30810,10,4.743631362915039
SASRec,2011,2011-12-31,41323,6373,1,7.160770416259766
SASRec,2011,2011-12-31,41323,5459,2,6.986430644989014
SASRec,2011,2011-12-31,41323,8644,3,6.903779029846191
SASRec,2011,2011-12-31,41323,5502,4,6.811293601989746
SASRec,2011,2011-12-31,41323,4025,5,6.792328834533691
SASRec,2011,2011-12-31,41323,4370,6,6.7789201736450195
SASRec,2011,2011-12-31,41323,4306,7,6.689566612243652
SASRec,2011,2011-12-31,41323,5507,8,6.663452625274658
SASRec,2011,2011-12-31,41323,8360,9,6.643829345703125
SASRec,2011,2011-12-31,41323,5445,10,6.6281208992004395
SASRec,2011,2011-12-31,41562,56174,1,7.033907890319824
SASRec,2011,2011-12-31,41562,2628,2,6.696300029754639
SASRec,2011,2011-12-31,41562,1527,3,6.639595985412598
SASRec,2011,2011-12-31,41562,2012,4,6.534997463226318
SASRec,2011,2011-12-31,41562,2571,5,6.51533317565918
SASRec,2011,2011-12-31,41562,2115,6,6.406524658203125
SASRec,2011,2011-12-31,41562,6539,7,6.388603210449219
SASRec,2011,2011-12-31,41562,588,8,6.331751346588135
SASRec,2011,2011-12-31,41562,1270,9,6.325060844421387
SASRec,2011,2011-12-31,41562,1214,10,6.252159118652344
SASRec,2011,2011-12-31,41653,56174,1,6.937685966491699
SASRec,2011,2011-12-31,41653,68157,2,6.718116760253906
SASRec,2011,2011-12-31,41653,63082,3,6.706060409545898
SASRec,2011,2011-12-31,41653,71535,4,6.60097599029541
SASRec,2011,2011-12-31,41653,73017,5,6.581944942474365
SASRec,2011,2011-12-31,41653,59315,6,6.505248546600342
SASRec,2011,2011-12-31,41653,56367,7,6.487994194030762
SASRec,2011,2011-12-31,41653,55820,8,6.385744094848633
SASRec,2011,2011-12-31,41653,69122,9,6.365373611450195
SASRec,2011,2011-12-31,41653,74458,10,6.285777568817139
SASRec,2011,2011-12-31,42006,5291,1,6.075656414031982
SASRec,2011,2011-12-31,42006,541,2,6.014670372009277
SASRec,2011,2011-12-31,42006,1267,3,5.896574974060059
SASRec,2011,2011-12-31,42006,6787,4,5.680167198181152
SASRec,2011,2011-12-31,42006,3435,5,5.662891864776611
SASRec,2011,2011-12-31,42006,1228,6,5.6486053466796875
SASRec,2011,2011-12-31,42006,27773,7,5.630035400390625
SASRec,2011,2011-12-31,42006,6016,8,5.558831691741943
SASRec,2011,2011-12-31,42006,3030,9,5.540148735046387
SASRec,2011,2011-12-31,42006,1260,10,5.530006408691406
SASRec,2011,2011-12-31,42090,77561,1,6.60802698135376
SASRec,2011,2011-12-31,42090,71518,2,6.558661937713623
SASRec,2011,2011-12-31,42090,68954,3,6.2615838050842285
SASRec,2011,2011-12-31,42090,71535,4,6.2499566078186035
SASRec,2011,2011-12-31,42090,79702,5,6.236365795135498
SASRec,2011,2011-12-31,42090,78499,6,6.205397129058838
SASRec,2011,2011-12-31,42090,78105,7,6.128493309020996
SASRec,2011,2011-12-31,42090,68159,8,6.115776538848877
SASRec,2011,2011-12-31,42090,80489,9,6.039804458618164
SASRec,2011,2011-12-31,42090,74458,10,6.03373908996582
SASRec,2011,2011-12-31,42339,70286,1,7.6597137451171875
SASRec,2011,2011-12-31,42339,56174,2,7.528274059295654
SASRec,2011,2011-12-31,42339,63082,3,7.360090255737305
SASRec,2011,2011-12-31,42339,56367,4,7.193685531616211
SASRec,2011,2011-12-31,42339,72998,5,7.169944763183594
SASRec,2011,2011-12-31,42339,68954,6,7.153494358062744
SASRec,2011,2011-12-31,42339,68157,7,7.101841926574707
SASRec,2011,2011-12-31,42339,59315,8,7.101233005523682
SASRec,2011,2011-12-31,42339,55820,9,7.089517593383789
SASRec,2011,2011-12-31,42339,71535,10,6.965981960296631
SASRec,2011,2011-12-31,42513,110,1,7.991455078125
SASRec,2011,2011-12-31,42513,296,2,7.394288063049316
SASRec,2011,2011-12-31,42513,377,3,7.160803318023682
SASRec,2011,2011-12-31,42513,592,4,7.093111038208008
SASRec,2011,2011-12-31,42513,593,5,7.0869526863098145
SASRec,2011,2011-12-31,42513,356,6,7.055367469787598
SASRec,2011,2011-12-31,42513,588,7,7.029667854309082
SASRec,2011,2011-12-31,42513,208,8,7.016934394836426
SASRec,2011,2011-12-31,42513,457,9,6.930030822753906
SASRec,2011,2011-12-31,42513,4226,10,6.9167304039001465
SASRec,2011,2011-12-31,42981,4735,1,3.5149147510528564
SASRec,2011,2011-12-31,42981,9004,2,3.482579231262207
SASRec,2011,2011-12-31,42981,6996,3,3.3985280990600586
SASRec,2011,2011-12-31,42981,7701,4,3.348325490951538
SASRec,2011,2011-12-31,42981,5568,5,3.336094617843628
SASRec,2011,2011-12-31,42981,4744,6,3.287348508834839
SASRec,2011,2011-12-31,42981,6239,7,3.2806382179260254
SASRec,2011,2011-12-31,42981,4915,8,3.247335433959961
SASRec,2011,2011-12-31,42981,6153,9,3.2135751247406006
SASRec,2011,2011-12-31,42981,7033,10,3.2068045139312744
SASRec,2011,2011-12-31,43224,63876,1,5.5311279296875
SASRec,2011,2011-12-31,43224,904,2,5.292365074157715
SASRec,2011,2011-12-31,43224,46578,3,5.23559045791626
SASRec,2011,2011-12-31,43224,57669,4,5.188787937164307
SASRec,2011,2011-12-31,43224,70286,5,5.068120002746582
SASRec,2011,2011-12-31,43224,1252,6,5.051293849945068
SASRec,2011,2011-12-31,43224,1208,7,5.042452812194824
SASRec,2011,2011-12-31,43224,1222,8,5.034350872039795
SASRec,2011,2011-12-31,43224,541,9,4.998946666717529
SASRec,2011,2011-12-31,43224,1234,10,4.961636066436768
SASRec,2011,2011-12-31,43406,6016,1,5.257411956787109
SASRec,2011,2011-12-31,43406,8910,2,4.901606559753418
SASRec,2011,2011-12-31,43406,44694,3,4.896777629852295
SASRec,2011,2011-12-31,43406,4235,4,4.858323097229004
SASRec,2011,2011-12-31,43406,8638,5,4.69852876663208
SASRec,2011,2011-12-31,43406,8949,6,4.685583591461182
SASRec,2011,2011-12-31,43406,8966,7,4.6647047996521
SASRec,2011,2011-12-31,43406,6867,8,4.612277507781982
SASRec,2011,2011-12-31,43406,3949,9,4.596081733703613
SASRec,2011,2011-12-31,43406,7361,10,4.593343734741211
SASRec,2011,2011-12-31,43410,55820,1,7.369229316711426
SASRec,2011,2011-12-31,43410,48774,2,7.022281646728516
SASRec,2011,2011-12-31,43410,48394,3,6.999766826629639
SASRec,2011,2011-12-31,43410,56367,4,6.838135242462158
SASRec,2011,2011-12-31,43410,27773,5,6.788170337677002
SASRec,2011,2011-12-31,43410,30749,6,6.61776876449585
SASRec,2011,2011-12-31,43410,44191,7,6.549421310424805
SASRec,2011,2011-12-31,43410,44555,8,6.506645679473877
SASRec,2011,2011-12-31,43410,60069,9,6.484219074249268
SASRec,2011,2011-12-31,43410,541,10,6.4722089767456055
SASRec,2011,2011-12-31,43852,56367,1,6.03881311416626
SASRec,2011,2011-12-31,43852,44191,2,5.924350738525391
SASRec,2011,2011-12-31,43852,49272,3,5.920568466186523
SASRec,2011,2011-12-31,43852,56757,4,5.870522499084473
SASRec,2011,2011-12-31,43852,41569,5,5.712498188018799
SASRec,2011,2011-12-31,43852,44665,6,5.69231653213501
SASRec,2011,2011-12-31,43852,52973,7,5.655864715576172
SASRec,2011,2011-12-31,43852,30707,8,5.492949962615967
SASRec,2011,2011-12-31,43852,53125,9,5.486874580383301
SASRec,2011,2011-12-31,43852,34162,10,5.451406002044678
SASRec,2011,2011-12-31,43953,68954,1,6.976569652557373
SASRec,2011,2011-12-31,43953,56367,2,6.406968116760254
SASRec,2011,2011-12-31,43953,48774,3,6.280311107635498
SASRec,2011,2011-12-31,43953,73017,4,6.266294479370117
SASRec,2011,2011-12-31,43953,48516,5,6.225368976593018
SASRec,2011,2011-12-31,43953,51662,6,6.175584316253662
SASRec,2011,2011-12-31,43953,69481,7,6.147325038909912
SASRec,2011,2011-12-31,43953,66097,8,6.09158992767334
SASRec,2011,2011-12-31,43953,74789,9,6.074284553527832
SASRec,2011,2011-12-31,43953,79132,10,5.976617336273193
SASRec,2011,2011-12-31,44313,63876,1,5.9111785888671875
SASRec,2011,2011-12-31,44313,71535,2,5.904999256134033
SASRec,2011,2011-12-31,44313,57669,3,5.8880109786987305
SASRec,2011,2011-12-31,44313,64614,4,5.881684303283691
SASRec,2011,2011-12-31,44313,64839,5,5.7320990562438965
SASRec,2011,2011-12-31,44313,71464,6,5.714922904968262
SASRec,2011,2011-12-31,44313,71518,7,5.598139762878418
SASRec,2011,2011-12-31,44313,52241,8,5.585884094238281
SASRec,2011,2011-12-31,44313,56788,9,5.583880424499512
SASRec,2011,2011-12-31,44313,61132,10,5.459250450134277
SASRec,2011,2011-12-31,44460,56174,1,7.72734260559082
SASRec,2011,2011-12-31,44460,70286,2,7.291929244995117
SASRec,2011,2011-12-31,44460,72998,3,6.977602005004883
SASRec,2011,2011-12-31,44460,63082,4,6.785465717315674
SASRec,2011,2011-12-31,44460,68954,5,6.709067344665527
SASRec,2011,2011-12-31,44460,60069,6,6.63137149810791
SASRec,2011,2011-12-31,44460,55820,7,6.562532901763916
SASRec,2011,2011-12-31,44460,71535,8,6.548243045806885
SASRec,2011,2011-12-31,44460,61132,9,6.50621223449707
SASRec,2011,2011-12-31,44460,53996,10,6.492208480834961
SASRec,2011,2011-12-31,44465,74789,1,5.294458866119385
SASRec,2011,2011-12-31,44465,56757,2,5.223445892333984
SASRec,2011,2011-12-31,44465,63082,3,5.132706642150879
SASRec,2011,2011-12-31,44465,66097,4,5.116282939910889
SASRec,2011,2011-12-31,44465,68358,5,5.096344947814941
SASRec,2011,2011-12-31,44465,61132,6,5.071508884429932
SASRec,2011,2011-12-31,44465,56367,7,4.940500736236572
SASRec,2011,2011-12-31,44465,56171,8,4.91602897644043
SASRec,2011,2011-12-31,44465,63113,9,4.909432411193848
SASRec,2011,2011-12-31,44465,69757,10,4.894286632537842
SASRec,2011,2011-12-31,44780,71518,1,6.43072509765625
SASRec,2011,2011-12-31,44780,63082,2,6.249868392944336
SASRec,2011,2011-12-31,44780,80489,3,6.017549991607666
SASRec,2011,2011-12-31,44780,69481,4,5.98309326171875
SASRec,2011,2011-12-31,44780,52319,5,5.9612298011779785
SASRec,2011,2011-12-31,44780,71535,6,5.959144592285156
SASRec,2011,2011-12-31,44780,64614,7,5.923299789428711
SASRec,2011,2011-12-31,44780,71464,8,5.897244930267334
SASRec,2011,2011-12-31,44780,73017,9,5.836591720581055
SASRec,2011,2011-12-31,44780,67255,10,5.830317497253418
SASRec,2011,2011-12-31,44946,110,1,8.795875549316406
SASRec,2011,2011-12-31,44946,208,2,8.500068664550781
SASRec,2011,2011-12-31,44946,780,3,8.374909400939941
SASRec,2011,2011-12-31,44946,19,4,8.347609519958496
SASRec,2011,2011-12-31,44946,10,5,8.210776329040527
SASRec,2011,2011-12-31,44946,480,6,8.124883651733398
SASRec,2011,2011-12-31,44946,153,7,8.056924819946289
SASRec,2011,2011-12-31,44946,592,8,8.009504318237305
SASRec,2011,2011-12-31,44946,588,9,7.980641841888428
SASRec,2011,2011-12-31,44946,47,10,7.9321489334106445
SASRec,2011,2011-12-31,45103,37733,1,5.4938578605651855
SASRec,2011,2011-12-31,45103,35836,2,5.461243152618408
SASRec,2011,2011-12-31,45103,47610,3,5.235052108764648
SASRec,2011,2011-12-31,45103,47099,4,5.224972248077393
SASRec,2011,2011-12-31,45103,7293,5,5.1948113441467285
SASRec,2011,2011-12-31,45103,45950,6,5.18492317199707
SASRec,2011,2011-12-31,45103,56171,7,5.175942420959473
SASRec,2011,2011-12-31,45103,30749,8,5.175772190093994
SASRec,2011,2011-12-31,45103,51662,9,5.165964126586914
SASRec,2011,2011-12-31,45103,46723,10,5.144444465637207
SASRec,2011,2011-12-31,45355,110,1,7.548412322998047
SASRec,2011,2011-12-31,45355,58559,2,7.342276573181152
SASRec,2011,2011-12-31,45355,56174,3,7.2920026779174805
SASRec,2011,2011-12-31,45355,2571,4,7.221102714538574
SASRec,2011,2011-12-31,45355,59315,5,7.149637222290039
SASRec,2011,2011-12-31,45355,32,6,7.082266807556152
SASRec,2011,2011-12-31,45355,318,7,7.036612510681152
SASRec,2011,2011-12-31,45355,296,8,7.029484272003174
SASRec,2011,2011-12-31,45355,1214,9,7.003654956817627
SASRec,2011,2011-12-31,45355,48516,10,6.835859298706055
SASRec,2011,2011-12-31,45714,48516,1,7.974881172180176
SASRec,2011,2011-12-31,45714,48774,2,7.5184197425842285
SASRec,2011,2011-12-31,45714,7361,3,7.383527755737305
SASRec,2011,2011-12-31,45714,6016,4,7.253384113311768
SASRec,2011,2011-12-31,45714,55820,5,7.202467918395996
SASRec,2011,2011-12-31,45714,44191,6,7.1577558517456055
SASRec,2011,2011-12-31,45714,48394,7,7.039948463439941
SASRec,2011,2011-12-31,45714,49272,8,6.993659019470215
SASRec,2011,2011-12-31,45714,63082,9,6.8610687255859375
SASRec,2011,2011-12-31,45714,48780,10,6.8260178565979
SASRec,2011,2011-12-31,45992,5445,1,7.033628463745117
SASRec,2011,2011-12-31,45992,1214,2,6.9778571128845215
SASRec,2011,2011-12-31,45992,56174,3,6.947980880737305
SASRec,2011,2011-12-31,45992,44191,4,6.759274482727051
SASRec,2011,2011-12-31,45992,8874,5,6.688250541687012
SASRec,2011,2011-12-31,45992,1200,6,6.537655353546143
SASRec,2011,2011-12-31,45992,4878,7,6.530806541442871
SASRec,2011,2011-12-31,45992,51662,8,6.530028820037842
SASRec,2011,2011-12-31,45992,5816,9,6.472990989685059
SASRec,2011,2011-12-31,45992,4011,10,6.371672630310059
SASRec,2011,2011-12-31,46025,72998,1,6.081590175628662
SASRec,2011,2011-12-31,46025,70286,2,6.002800941467285
SASRec,2011,2011-12-31,46025,68954,3,5.97502326965332
SASRec,2011,2011-12-31,46025,72407,4,5.734607219696045
SASRec,2011,2011-12-31,46025,73017,5,5.716860771179199
SASRec,2011,2011-12-31,46025,71518,6,5.7073283195495605
SASRec,2011,2011-12-31,46025,74789,7,5.564600467681885
SASRec,2011,2011-12-31,46025,66097,8,5.546583652496338
SASRec,2011,2011-12-31,46025,68358,9,5.5059123039245605
SASRec,2011,2011-12-31,46025,71057,10,5.48931360244751
SASRec,2011,2011-12-31,46521,68954,1,6.404234409332275
SASRec,2011,2011-12-31,46521,59315,2,6.2108612060546875
SASRec,2011,2011-12-31,46521,56174,3,6.065870761871338
SASRec,2011,2011-12-31,46521,73017,4,6.010430335998535
SASRec,2011,2011-12-31,46521,56367,5,5.988757133483887
SASRec,2011,2011-12-31,46521,74789,6,5.864733695983887
SASRec,2011,2011-12-31,46521,68358,7,5.862699031829834
SASRec,2011,2011-12-31,46521,60069,8,5.85399866104126
SASRec,2011,2011-12-31,46521,61132,9,5.810358047485352
SASRec,2011,2011-12-31,46521,69122,10,5.797463893890381
SASRec,2011,2011-12-31,46620,53996,1,6.381625652313232
SASRec,2011,2011-12-31,46620,60037,2,6.224904537200928
SASRec,2011,2011-12-31,46620,52722,3,6.208488464355469
SASRec,2011,2011-12-31,46620,58025,4,6.168789863586426
SASRec,2011,2011-12-31,46620,72407,5,6.009883403778076
SASRec,2011,2011-12-31,46620,70286,6,5.909013748168945
SASRec,2011,2011-12-31,46620,72998,7,5.888868808746338
SASRec,2011,2011-12-31,46620,60072,8,5.853478908538818
SASRec,2011,2011-12-31,46620,68319,9,5.850080966949463
SASRec,2011,2011-12-31,46620,60074,10,5.8365583419799805
SASRec,2011,2011-12-31,46809,71108,1,5.562434196472168
SASRec,2011,2011-12-31,46809,77206,2,5.551550388336182
SASRec,2011,2011-12-31,46809,71518,3,5.371807098388672
SASRec,2011,2011-12-31,46809,78116,4,5.282712459564209
SASRec,2011,2011-12-31,46809,71033,5,5.22645902633667
SASRec,2011,2011-12-31,46809,51773,6,5.223918437957764
SASRec,2011,2011-12-31,46809,74916,7,5.17654275894165
SASRec,2011,2011-12-31,46809,73914,8,5.031420707702637
SASRec,2011,2011-12-31,46809,26048,9,5.020358562469482
SASRec,2011,2011-12-31,46809,80463,10,5.016329288482666
SASRec,2011,2011-12-31,47056,55820,1,6.783662796020508
SASRec,2011,2011-12-31,47056,68157,2,6.701556205749512
SASRec,2011,2011-12-31,47056,68954,3,6.651857852935791
SASRec,2011,2011-12-31,47056,56367,4,6.414633750915527
SASRec,2011,2011-12-31,47056,60069,5,6.397167682647705
SASRec,2011,2011-12-31,47056,59315,6,6.193322658538818
SASRec,2011,2011-12-31,47056,71535,7,6.075318336486816
SASRec,2011,2011-12-31,47056,64614,8,6.074308395385742
SASRec,2011,2011-12-31,47056,69481,9,6.018452167510986
SASRec,2011,2011-12-31,47056,64839,10,5.948882579803467
SASRec,2011,2011-12-31,47057,76251,1,6.7873053550720215
SASRec,2011,2011-12-31,47057,71518,2,6.620676517486572
SASRec,2011,2011-12-31,47057,68157,3,6.4544358253479
SASRec,2011,2011-12-31,47057,72407,4,6.4539031982421875
SASRec,2011,2011-12-31,47057,79702,5,6.390206336975098
SASRec,2011,2011-12-31,47057,69122,6,6.25062370300293
SASRec,2011,2011-12-31,47057,79293,7,6.242264747619629
SASRec,2011,2011-12-31,47057,73017,8,6.2289581298828125
SASRec,2011,2011-12-31,47057,71135,9,6.18235969543457
SASRec,2011,2011-12-31,47057,71535,10,6.1444172859191895
SASRec,2011,2011-12-31,47559,60037,1,5.632671356201172
SASRec,2011,2011-12-31,47559,58025,2,5.518180847167969
SASRec,2011,2011-12-31,47559,70336,3,5.315438270568848
SASRec,2011,2011-12-31,47559,61248,4,5.305408477783203
SASRec,2011,2011-12-31,47559,72407,5,5.300083160400391
SASRec,2011,2011-12-31,47559,61132,6,5.256187438964844
SASRec,2011,2011-12-31,47559,60074,7,5.254059314727783
SASRec,2011,2011-12-31,47559,52722,8,5.2490129470825195
SASRec,2011,2011-12-31,47559,55995,9,5.205158233642578
SASRec,2011,2011-12-31,47559,51935,10,5.192744731903076
SASRec,2011,2011-12-31,47680,70286,1,7.067505836486816
SASRec,2011,2011-12-31,47680,72998,2,7.0042266845703125
SASRec,2011,2011-12-31,47680,76251,3,6.952736854553223
SASRec,2011,2011-12-31,47680,71518,4,6.760174751281738
SASRec,2011,2011-12-31,47680,73017,5,6.539763450622559
SASRec,2011,2011-12-31,47680,63082,6,6.503690719604492
SASRec,2011,2011-12-31,47680,69122,7,6.483222961425781
SASRec,2011,2011-12-31,47680,71535,8,6.471592903137207
SASRec,2011,2011-12-31,47680,79702,9,6.439538955688477
SASRec,2011,2011-12-31,47680,77561,10,6.384222030639648
SASRec,2011,2011-12-31,47685,71518,1,6.022472381591797
SASRec,2011,2011-12-31,47685,67255,2,5.599637031555176
SASRec,2011,2011-12-31,47685,52319,3,5.48206090927124
SASRec,2011,2011-12-31,47685,69122,4,5.340627670288086
SASRec,2011,2011-12-31,47685,77561,5,5.251571178436279
SASRec,2011,2011-12-31,47685,71135,6,5.209822177886963
SASRec,2011,2011-12-31,47685,57669,7,5.178369522094727
SASRec,2011,2011-12-31,47685,78105,8,5.164778232574463
SASRec,2011,2011-12-31,47685,72226,9,5.141851902008057
SASRec,2011,2011-12-31,47685,62511,10,5.1266679763793945
SASRec,2011,2011-12-31,47910,55820,1,7.6564483642578125
SASRec,2011,2011-12-31,47910,4226,2,7.516752243041992
SASRec,2011,2011-12-31,47910,296,3,7.39098596572876
SASRec,2011,2011-12-31,47910,48774,4,7.188109397888184
SASRec,2011,2011-12-31,47910,318,5,7.157846450805664
SASRec,2011,2011-12-31,47910,56367,6,7.149520397186279
SASRec,2011,2011-12-31,47910,2858,7,6.840357780456543
SASRec,2011,2011-12-31,47910,7361,8,6.798083782196045
SASRec,2011,2011-12-31,47910,48394,9,6.770095348358154
SASRec,2011,2011-12-31,47910,54286,10,6.644026756286621
SASRec,2011,2011-12-31,48111,68954,1,6.5424370765686035
SASRec,2011,2011-12-31,48111,71518,2,6.302135467529297
SASRec,2011,2011-12-31,48111,78499,3,6.193130016326904
SASRec,2011,2011-12-31,48111,63082,4,5.81669807434082
SASRec,2011,2011-12-31,48111,68237,5,5.7350850105285645
SASRec,2011,2011-12-31,48111,64614,6,5.671256065368652
SASRec,2011,2011-12-31,48111,69122,7,5.633981227874756
SASRec,2011,2011-12-31,48111,68358,8,5.623754978179932
SASRec,2011,2011-12-31,48111,71535,9,5.525964260101318
SASRec,2011,2011-12-31,48111,74458,10,5.512888431549072
SASRec,2011,2011-12-31,48329,70286,1,6.998189926147461
SASRec,2011,2011-12-31,48329,71535,2,6.71071720123291
SASRec,2011,2011-12-31,48329,51662,3,6.446154594421387
SASRec,2011,2011-12-31,48329,63082,4,6.439764499664307
SASRec,2011,2011-12-31,48329,53996,5,6.348819255828857
SASRec,2011,2011-12-31,48329,74458,6,6.287147521972656
SASRec,2011,2011-12-31,48329,68157,7,6.287073135375977
SASRec,2011,2011-12-31,48329,59315,8,6.277117729187012
SASRec,2011,2011-12-31,48329,76251,9,6.212752819061279
SASRec,2011,2011-12-31,48329,61132,10,6.166060447692871
SASRec,2011,2011-12-31,48928,6863,1,5.411416530609131
SASRec,2011,2011-12-31,48928,5673,2,5.0537519454956055
SASRec,2011,2011-12-31,48928,5266,3,4.955442428588867
SASRec,2011,2011-12-31,48928,6870,4,4.950541019439697
SASRec,2011,2011-12-31,48928,5218,5,4.899521827697754
SASRec,2011,2011-12-31,48928,6942,6,4.8743062019348145
SASRec,2011,2011-12-31,48928,6947,7,4.819638729095459
SASRec,2011,2011-12-31,48928,6378,8,4.800568103790283
SASRec,2011,2011-12-31,48928,6323,9,4.760176658630371
SASRec,2011,2011-12-31,48928,5669,10,4.750101089477539
SASRec,2011,2011-12-31,48973,56174,1,5.974489212036133
SASRec,2011,2011-12-31,48973,61132,2,5.649528980255127
SASRec,2011,2011-12-31,48973,51662,3,5.553291320800781
SASRec,2011,2011-12-31,48973,60074,4,5.4840288162231445
SASRec,2011,2011-12-31,48973,53125,5,5.442504405975342
SASRec,2011,2011-12-31,48973,56367,6,5.438602924346924
SASRec,2011,2011-12-31,48973,56171,7,5.40878438949585
SASRec,2011,2011-12-31,48973,53953,8,5.259850025177002
SASRec,2011,2011-12-31,48973,61248,9,5.236428260803223
SASRec,2011,2011-12-31,48973,70336,10,5.233338832855225
SASRec,2011,2011-12-31,49005,2410,1,6.633011817932129
SASRec,2011,2011-12-31,49005,3438,2,6.490733623504639
SASRec,2011,2011-12-31,49005,2421,3,6.420544624328613
SASRec,2011,2011-12-31,49005,2450,4,6.252322196960449
SASRec,2011,2011-12-31,49005,2717,5,6.228911399841309
SASRec,2011,2011-12-31,49005,1320,6,6.22470760345459
SASRec,2011,2011-12-31,49005,2792,7,6.1681227684021
SASRec,2011,2011-12-31,49005,2471,8,6.130274772644043
SASRec,2011,2011-12-31,49005,2322,9,6.096086502075195
SASRec,2011,2011-12-31,49005,2411,10,6.090745449066162
SASRec,2011,2011-12-31,49032,71518,1,6.387205123901367
SASRec,2011,2011-12-31,49032,68159,2,5.6834235191345215
SASRec,2011,2011-12-31,49032,80463,3,5.556766510009766
SASRec,2011,2011-12-31,49032,78499,4,5.555239677429199
SASRec,2011,2011-12-31,49032,74275,5,5.517266750335693
SASRec,2011,2011-12-31,49032,71108,6,5.487027645111084
SASRec,2011,2011-12-31,49032,68954,7,5.472470760345459
SASRec,2011,2011-12-31,49032,77206,8,5.447484493255615
SASRec,2011,2011-12-31,49032,74948,9,5.446633338928223
SASRec,2011,2011-12-31,49032,74795,10,5.435492038726807
SASRec,2011,2011-12-31,49248,72998,1,7.313929557800293
SASRec,2011,2011-12-31,49248,70286,2,7.311750888824463
SASRec,2011,2011-12-31,49248,68157,3,7.083383560180664
SASRec,2011,2011-12-31,49248,76251,4,6.846429347991943
SASRec,2011,2011-12-31,49248,63082,5,6.774478435516357
SASRec,2011,2011-12-31,49248,73017,6,6.618065357208252
SASRec,2011,2011-12-31,49248,59315,7,6.566586971282959
SASRec,2011,2011-12-31,49248,79702,8,6.487040996551514
SASRec,2011,2011-12-31,49248,74458,9,6.458184719085693
SASRec,2011,2011-12-31,49248,77561,10,6.424395561218262
SASRec,2011,2011-12-31,49430,70286,1,6.8688201904296875
SASRec,2011,2011-12-31,49430,56367,2,6.723049640655518
SASRec,2011,2011-12-31,49430,48774,3,6.677473068237305
SASRec,2011,2011-12-31,49430,68954,4,6.602198123931885
SASRec,2011,2011-12-31,49430,59315,5,6.450442314147949
SASRec,2011,2011-12-31,49430,48394,6,6.307505130767822
SASRec,2011,2011-12-31,49430,589,7,6.23769474029541
SASRec,2011,2011-12-31,49430,49272,8,6.223489761352539
SASRec,2011,2011-12-31,49430,1196,9,6.218666076660156
SASRec,2011,2011-12-31,49430,44555,10,6.154790878295898
SASRec,2011,2011-12-31,49545,77206,1,5.603035926818848
SASRec,2011,2011-12-31,49545,51773,2,5.595030784606934
SASRec,2011,2011-12-31,49545,73027,3,5.502697944641113
SASRec,2011,2011-12-31,49545,38656,4,5.46993350982666
SASRec,2011,2011-12-31,49545,69489,5,5.320890426635742
SASRec,2011,2011-12-31,49545,71108,6,5.272015571594238
SASRec,2011,2011-12-31,49545,68552,7,5.211555480957031
SASRec,2011,2011-12-31,49545,27684,8,5.121474266052246
SASRec,2011,2011-12-31,49545,74488,9,5.09614372253418
SASRec,2011,2011-12-31,49545,71450,10,5.072452068328857
SASRec,2011,2011-12-31,49650,2572,1,6.669214725494385
SASRec,2011,2011-12-31,49650,2336,2,6.315794944763184
SASRec,2011,2011-12-31,49650,2722,3,6.156831741333008
SASRec,2011,2011-12-31,49650,2707,4,6.1232075691223145
SASRec,2011,2011-12-31,49650,1093,5,6.116787910461426
SASRec,2011,2011-12-31,49650,3354,6,6.041935443878174
SASRec,2011,2011-12-31,49650,3624,7,6.025516986846924
SASRec,2011,2011-12-31,49650,2541,8,5.986484527587891
SASRec,2011,2011-12-31,49650,1663,9,5.911421775817871
SASRec,2011,2011-12-31,49650,2948,10,5.908992290496826
SASRec,2011,2011-12-31,49745,63082,1,6.3746514320373535
SASRec,2011,2011-12-31,49745,69481,2,6.0677056312561035
SASRec,2011,2011-12-31,49745,57669,3,5.893998146057129
SASRec,2011,2011-12-31,49745,74789,4,5.761813640594482
SASRec,2011,2011-12-31,49745,48774,5,5.747164249420166
SASRec,2011,2011-12-31,49745,63876,6,5.701629638671875
SASRec,2011,2011-12-31,49745,74458,7,5.595404148101807
SASRec,2011,2011-12-31,49745,64839,8,5.580533027648926
SASRec,2011,2011-12-31,49745,71518,9,5.477327823638916
SASRec,2011,2011-12-31,49745,72226,10,5.358569622039795
SASRec,2011,2011-12-31,49901,296,1,6.977126598358154
SASRec,2011,2011-12-31,49901,58559,2,6.9494805335998535
SASRec,2011,2011-12-31,49901,2858,3,6.89836311340332
SASRec,2011,2011-12-31,49901,318,4,6.757411479949951
SASRec,2011,2011-12-31,49901,4226,5,6.611324310302734
SASRec,2011,2011-12-31,49901,63082,6,6.522429943084717
SASRec,2011,2011-12-31,49901,48516,7,6.493208885192871
SASRec,2011,2011-12-31,49901,70286,8,6.411529064178467
SASRec,2011,2011-12-31,49901,110,9,6.345670223236084
SASRec,2011,2011-12-31,49901,2959,10,6.243606090545654
SASRec,2011,2011-12-31,49948,72407,1,6.487611770629883
SASRec,2011,2011-12-31,49948,69122,2,6.172399520874023
SASRec,2011,2011-12-31,49948,58559,3,5.983423709869385
SASRec,2011,2011-12-31,49948,60037,4,5.946407794952393
SASRec,2011,2011-12-31,49948,76251,5,5.897102355957031
SASRec,2011,2011-12-31,49948,70336,6,5.863516330718994
SASRec,2011,2011-12-31,49948,71135,7,5.81532621383667
SASRec,2011,2011-12-31,49948,71535,8,5.774904251098633
SASRec,2011,2011-12-31,49948,71520,9,5.766793727874756
SASRec,2011,2011-12-31,49948,62081,10,5.717808723449707
SASRec,2011,2011-12-31,50028,2459,1,4.866884708404541
SASRec,2011,2011-12-31,50028,1350,2,4.584435939788818
SASRec,2011,2011-12-31,50028,1982,3,4.503199100494385
SASRec,2011,2011-12-31,50028,1347,4,4.44133186340332
SASRec,2011,2011-12-31,50028,2010,5,4.369269847869873
SASRec,2011,2011-12-31,50028,2664,6,4.362091541290283
SASRec,2011,2011-12-31,50028,1345,7,4.338345050811768
SASRec,2011,2011-12-31,50028,1974,8,4.308164119720459
SASRec,2011,2011-12-31,50028,2454,9,4.155869960784912
SASRec,2011,2011-12-31,50028,6774,10,4.132105827331543
SASRec,2011,2011-12-31,50581,39446,1,4.508355140686035
SASRec,2011,2011-12-31,50581,8169,2,4.41358757019043
SASRec,2011,2011-12-31,50581,7004,3,4.389479160308838
SASRec,2011,2011-12-31,50581,6754,4,4.334423542022705
SASRec,2011,2011-12-31,50581,1974,5,4.2870259284973145
SASRec,2011,2011-12-31,50581,6383,6,4.219027519226074
SASRec,2011,2011-12-31,50581,34150,7,4.134801864624023
SASRec,2011,2011-12-31,50581,58559,8,4.130757808685303
SASRec,2011,2011-12-31,50581,7444,9,4.086541175842285
SASRec,2011,2011-12-31,50581,8783,10,4.086284637451172
SASRec,2011,2011-12-31,50665,7361,1,7.308591842651367
SASRec,2011,2011-12-31,50665,32587,2,7.203178882598877
SASRec,2011,2011-12-31,50665,6539,3,7.102786064147949
SASRec,2011,2011-12-31,50665,34162,4,7.044887065887451
SASRec,2011,2011-12-31,50665,35836,5,6.792200565338135
SASRec,2011,2011-12-31,50665,6874,6,6.790971279144287
SASRec,2011,2011-12-31,50665,6863,7,6.591726303100586
SASRec,2011,2011-12-31,50665,4306,8,6.567811965942383
SASRec,2011,2011-12-31,50665,8636,9,6.534818649291992
SASRec,2011,2011-12-31,50665,33794,10,6.521523475646973
SASRec,2011,2011-12-31,50750,58559,1,7.048411846160889
SASRec,2011,2011-12-31,50750,70286,2,6.930953502655029
SASRec,2011,2011-12-31,50750,69122,3,6.688465118408203
SASRec,2011,2011-12-31,50750,68954,4,6.676259994506836
SASRec,2011,2011-12-31,50750,72407,5,6.654969692230225
SASRec,2011,2011-12-31,50750,61132,6,6.351539134979248
SASRec,2011,2011-12-31,50750,56367,7,6.173664093017578
SASRec,2011,2011-12-31,50750,74789,8,6.152326583862305
SASRec,2011,2011-12-31,50750,71535,9,6.119448184967041
SASRec,2011,2011-12-31,50750,74458,10,6.057615756988525
SASRec,2011,2011-12-31,51408,60037,1,5.748847484588623
SASRec,2011,2011-12-31,51408,56174,2,5.68449592590332
SASRec,2011,2011-12-31,51408,70336,3,5.533578395843506
SASRec,2011,2011-12-31,51408,58025,4,5.439871788024902
SASRec,2011,2011-12-31,51408,61248,5,5.357199192047119
SASRec,2011,2011-12-31,51408,72407,6,5.308955192565918
SASRec,2011,2011-12-31,51408,55232,7,5.272139072418213
SASRec,2011,2011-12-31,51408,50798,8,5.229869365692139
SASRec,2011,2011-12-31,51408,53125,9,5.0706706047058105
SASRec,2011,2011-12-31,51408,51077,10,5.0189995765686035
SASRec,2011,2011-12-31,52329,76251,1,6.580124378204346
SASRec,2011,2011-12-31,52329,71518,2,6.511693000793457
SASRec,2011,2011-12-31,52329,68157,3,6.355894565582275
SASRec,2011,2011-12-31,52329,77561,4,6.299108028411865
SASRec,2011,2011-12-31,52329,70286,5,6.095188617706299
SASRec,2011,2011-12-31,52329,73017,6,6.041094779968262
SASRec,2011,2011-12-31,52329,79293,7,5.990716934204102
SASRec,2011,2011-12-31,52329,72407,8,5.9454450607299805
SASRec,2011,2011-12-31,52329,71535,9,5.917089462280273
SASRec,2011,2011-12-31,52329,78499,10,5.895327091217041
SASRec,2011,2011-12-31,52412,58559,1,6.343069076538086
SASRec,2011,2011-12-31,52412,48516,2,6.081868648529053
SASRec,2011,2011-12-31,52412,56367,3,5.847612380981445
SASRec,2011,2011-12-31,52412,48774,4,5.776271820068359
SASRec,2011,2011-12-31,52412,51662,5,5.620360374450684
SASRec,2011,2011-12-31,52412,56174,6,5.475021839141846
SASRec,2011,2011-12-31,52412,49272,7,5.463869571685791
SASRec,2011,2011-12-31,52412,63082,8,5.432650566101074
SASRec,2011,2011-12-31,52412,32587,9,5.432286262512207
SASRec,2011,2011-12-31,52412,6016,10,5.37090539932251
SASRec,2011,2011-12-31,52654,70286,1,7.653903484344482
SASRec,2011,2011-12-31,52654,51662,2,7.485124588012695
SASRec,2011,2011-12-31,52654,55820,3,7.137854099273682
SASRec,2011,2011-12-31,52654,72998,4,7.0684943199157715
SASRec,2011,2011-12-31,52654,71535,5,6.985440731048584
SASRec,2011,2011-12-31,52654,68157,6,6.935963153839111
SASRec,2011,2011-12-31,52654,68954,7,6.919806480407715
SASRec,2011,2011-12-31,52654,74458,8,6.9070587158203125
SASRec,2011,2011-12-31,52654,44665,9,6.680832386016846
SASRec,2011,2011-12-31,52654,73017,10,6.581917762756348
SASRec,2011,2011-12-31,52670,71518,1,6.695992946624756
SASRec,2011,2011-12-31,52670,78105,2,6.22920036315918
SASRec,2011,2011-12-31,52670,77561,3,6.210693836212158
SASRec,2011,2011-12-31,52670,78499,4,6.095890522003174
SASRec,2011,2011-12-31,52670,79293,5,5.94858455657959
SASRec,2011,2011-12-31,52670,80463,6,5.94527006149292
SASRec,2011,2011-12-31,52670,74948,7,5.931341648101807
SASRec,2011,2011-12-31,52670,68954,8,5.921100616455078
SASRec,2011,2011-12-31,52670,77206,9,5.904412746429443
SASRec,2011,2011-12-31,52670,70286,10,5.813591480255127
SASRec,2011,2011-12-31,52687,110,1,8.411718368530273
SASRec,2011,2011-12-31,52687,32,2,7.807796955108643
SASRec,2011,2011-12-31,52687,377,3,7.729067325592041
SASRec,2011,2011-12-31,52687,588,4,7.591931343078613
SASRec,2011,2011-12-31,52687,592,5,7.590429306030273
SASRec,2011,2011-12-31,52687,593,6,7.552632808685303
SASRec,2011,2011-12-31,52687,480,7,7.52488374710083
SASRec,2011,2011-12-31,52687,47,8,7.516210556030273
SASRec,2011,2011-12-31,52687,165,9,7.28912353515625
SASRec,2011,2011-12-31,52687,208,10,7.248023986816406
SASRec,2011,2011-12-31,52719,55820,1,5.126850128173828
SASRec,2011,2011-12-31,52719,48516,2,4.998255729675293
SASRec,2011,2011-12-31,52719,7013,3,4.836069583892822
SASRec,2011,2011-12-31,52719,34542,4,4.832859992980957
SASRec,2011,2011-12-31,52719,27773,5,4.813597202301025
SASRec,2011,2011-12-31,52719,6787,6,4.795003414154053
SASRec,2011,2011-12-31,52719,44761,7,4.780485153198242
SASRec,2011,2011-12-31,52719,8197,8,4.7004499435424805
SASRec,2011,2011-12-31,52719,44555,9,4.660140037536621
SASRec,2011,2011-12-31,52719,47629,10,4.646910667419434
SASRec,2011,2011-12-31,53405,32587,1,6.45347785949707
SASRec,2011,2011-12-31,53405,35836,2,6.156582832336426
SASRec,2011,2011-12-31,53405,34162,3,6.027374267578125
SASRec,2011,2011-12-31,53405,6016,4,5.9762492179870605
SASRec,2011,2011-12-31,53405,44665,5,5.929787635803223
SASRec,2011,2011-12-31,53405,44191,6,5.889679908752441
SASRec,2011,2011-12-31,53405,38061,7,5.886556625366211
SASRec,2011,2011-12-31,53405,47099,8,5.7877421379089355
SASRec,2011,2011-12-31,53405,58559,9,5.771044731140137
SASRec,2011,2011-12-31,53405,45186,10,5.702639579772949
SASRec,2011,2011-12-31,53800,74458,1,6.473179817199707
SASRec,2011,2011-12-31,53800,2683,2,6.388510704040527
SASRec,2011,2011-12-31,53800,63082,3,6.252194404602051
SASRec,2011,2011-12-31,53800,69122,4,6.245333671569824
SASRec,2011,2011-12-31,53800,77561,5,6.169918537139893
SASRec,2011,2011-12-31,53800,318,6,6.164111614227295
SASRec,2011,2011-12-31,53800,56367,7,6.137012004852295
SASRec,2011,2011-12-31,53800,185,8,6.0328497886657715
SASRec,2011,2011-12-31,53800,2706,9,6.028601169586182
SASRec,2011,2011-12-31,53800,6539,10,6.022946357727051
SASRec,2011,2011-12-31,53819,55820,1,7.011725902557373
SASRec,2011,2011-12-31,53819,70286,2,7.000659465789795
SASRec,2011,2011-12-31,53819,63082,3,6.941327095031738
SASRec,2011,2011-12-31,53819,68954,4,6.907966613769531
SASRec,2011,2011-12-31,53819,60069,5,6.548707962036133
SASRec,2011,2011-12-31,53819,48516,6,6.540503025054932
SASRec,2011,2011-12-31,53819,72998,7,6.529951095581055
SASRec,2011,2011-12-31,53819,56367,8,6.514196395874023
SASRec,2011,2011-12-31,53819,76251,9,6.441491603851318
SASRec,2011,2011-12-31,53819,59315,10,6.403759002685547
SASRec,2011,2011-12-31,54421,593,1,8.459996223449707
SASRec,2011,2011-12-31,54421,4226,2,8.275442123413086
SASRec,2011,2011-12-31,54421,50,3,8.068533897399902
SASRec,2011,2011-12-31,54421,589,4,8.026254653930664
SASRec,2011,2011-12-31,54421,2959,5,7.882733345031738
SASRec,2011,2011-12-31,54421,1,6,7.808551788330078
SASRec,2011,2011-12-31,54421,32,7,7.777120590209961
SASRec,2011,2011-12-31,54421,150,8,7.748904228210449
SASRec,2011,2011-12-31,54421,47,9,7.662075519561768
SASRec,2011,2011-12-31,54421,457,10,7.659316062927246
SASRec,2011,2011-12-31,54450,56367,1,6.3195481300354
SASRec,2011,2011-12-31,54450,68157,2,6.313051223754883
SASRec,2011,2011-12-31,54450,63082,3,6.242369174957275
SASRec,2011,2011-12-31,54450,68954,4,6.168842792510986
SASRec,2011,2011-12-31,54450,60069,5,5.975533485412598
SASRec,2011,2011-12-31,54450,66097,6,5.934011936187744
SASRec,2011,2011-12-31,54450,59315,7,5.915623188018799
SASRec,2011,2011-12-31,54450,57669,8,5.875838279724121
SASRec,2011,2011-12-31,54450,69757,9,5.840120792388916
SASRec,2011,2011-12-31,54450,52241,10,5.795190811157227
SASRec,2011,2011-12-31,54531,4878,1,6.631255149841309
SASRec,2011,2011-12-31,54531,1219,2,6.5733642578125
SASRec,2011,2011-12-31,54531,5618,3,6.57185173034668
SASRec,2011,2011-12-31,54531,1258,4,6.510849952697754
SASRec,2011,2011-12-31,54531,5669,5,6.33137321472168
SASRec,2011,2011-12-31,54531,8874,6,6.184427261352539
SASRec,2011,2011-12-31,54531,7090,7,6.159937858581543
SASRec,2011,2011-12-31,54531,1206,8,6.14926815032959
SASRec,2011,2011-12-31,54531,1387,9,6.1290717124938965
SASRec,2011,2011-12-31,54531,1333,10,6.093223571777344
SASRec,2011,2011-12-31,54535,56174,1,6.45686674118042
SASRec,2011,2011-12-31,54535,53996,2,5.922555923461914
SASRec,2011,2011-12-31,54535,3717,3,5.845726490020752
SASRec,2011,2011-12-31,54535,53125,4,5.822359085083008
SASRec,2011,2011-12-31,54535,1676,5,5.808920383453369
SASRec,2011,2011-12-31,54535,51662,6,5.777987003326416
SASRec,2011,2011-12-31,54535,1544,7,5.703906536102295
SASRec,2011,2011-12-31,54535,2701,8,5.676880836486816
SASRec,2011,2011-12-31,54535,5219,9,5.64446496963501
SASRec,2011,2011-12-31,54535,2722,10,5.603440284729004
SASRec,2011,2011-12-31,54711,71518,1,6.674899101257324
SASRec,2011,2011-12-31,54711,79702,2,6.573923110961914
SASRec,2011,2011-12-31,54711,80489,3,6.443856716156006
SASRec,2011,2011-12-31,54711,73017,4,6.29911470413208
SASRec,2011,2011-12-31,54711,79293,5,6.252293109893799
SASRec,2011,2011-12-31,54711,78105,6,6.2171149253845215
SASRec,2011,2011-12-31,54711,79132,7,6.177850246429443
SASRec,2011,2011-12-31,54711,71535,8,6.117031097412109
SASRec,2011,2011-12-31,54711,71135,9,6.10702657699585
SASRec,2011,2011-12-31,54711,74458,10,6.056852340698242
SASRec,2011,2011-12-31,54783,71518,1,6.786622047424316
SASRec,2011,2011-12-31,54783,76251,2,6.6835479736328125
SASRec,2011,2011-12-31,54783,68157,3,6.6296515464782715
SASRec,2011,2011-12-31,54783,79702,4,6.1780900955200195
SASRec,2011,2011-12-31,54783,78499,5,6.080366611480713
SASRec,2011,2011-12-31,54783,73017,6,6.059055328369141
SASRec,2011,2011-12-31,54783,71535,7,5.962737083435059
SASRec,2011,2011-12-31,54783,80489,8,5.927122592926025
SASRec,2011,2011-12-31,54783,80463,9,5.913763999938965
SASRec,2011,2011-12-31,54783,68159,10,5.856110572814941
SASRec,2011,2011-12-31,54919,2647,1,3.8138604164123535
SASRec,2011,2011-12-31,54919,71205,2,3.7619211673736572
SASRec,2011,2011-12-31,54919,2373,3,3.606466770172119
SASRec,2011,2011-12-31,54919,58975,4,3.5140371322631836
SASRec,2011,2011-12-31,54919,70336,5,3.500448226928711
SASRec,2011,2011-12-31,54919,57528,6,3.4545490741729736
SASRec,2011,2011-12-31,54919,2901,7,3.4151434898376465
SASRec,2011,2011-12-31,54919,2613,8,3.391812801361084
SASRec,2011,2011-12-31,54919,73268,9,3.3160135746002197
SASRec,2011,2011-12-31,54919,68952,10,3.302062749862671
SASRec,2011,2011-12-31,54956,56174,1,5.410312175750732
SASRec,2011,2011-12-31,54956,51662,2,5.210817813873291
SASRec,2011,2011-12-31,54956,2021,3,4.923213005065918
SASRec,2011,2011-12-31,54956,1917,4,4.88958740234375
SASRec,2011,2011-12-31,54956,32587,5,4.87933349609375
SASRec,2011,2011-12-31,54956,4370,6,4.848617076873779
SASRec,2011,2011-12-31,54956,49272,7,4.844100475311279
SASRec,2011,2011-12-31,54956,7373,8,4.839430809020996
SASRec,2011,2011-12-31,54956,1200,9,4.837710380554199
SASRec,2011,2011-12-31,54956,4878,10,4.799474239349365
SASRec,2011,2011-12-31,55005,7371,1,4.330491065979004
SASRec,2011,2011-12-31,55005,5878,2,4.32413387298584
SASRec,2011,2011-12-31,55005,778,3,4.1924638748168945
SASRec,2011,2011-12-31,55005,44555,4,4.1370415687561035
SASRec,2011,2011-12-31,55005,123,5,4.136546611785889
SASRec,2011,2011-12-31,55005,6016,6,4.104648590087891
SASRec,2011,2011-12-31,55005,64575,7,4.08863639831543
SASRec,2011,2011-12-31,55005,4235,8,4.040771007537842
SASRec,2011,2011-12-31,55005,46578,9,4.015301704406738
SASRec,2011,2011-12-31,55005,6867,10,3.9961981773376465
SASRec,2011,2011-12-31,55371,58559,1,6.912487506866455
SASRec,2011,2011-12-31,55371,56367,2,6.450279235839844
SASRec,2011,2011-12-31,55371,70286,3,6.25042724609375
SASRec,2011,2011-12-31,55371,68954,4,6.190661430358887
SASRec,2011,2011-12-31,55371,48774,5,6.180142879486084
SASRec,2011,2011-12-31,55371,57669,6,5.99284553527832
SASRec,2011,2011-12-31,55371,74458,7,5.917226791381836
SASRec,2011,2011-12-31,55371,76251,8,5.840123653411865
SASRec,2011,2011-12-31,55371,64614,9,5.777764320373535
SASRec,2011,2011-12-31,55371,71535,10,5.734323024749756
SASRec,2011,2011-12-31,55501,68157,1,6.636122226715088
SASRec,2011,2011-12-31,55501,68954,2,6.584682464599609
SASRec,2011,2011-12-31,55501,76251,3,6.531782627105713
SASRec,2011,2011-12-31,55501,70286,4,6.46097469329834
SASRec,2011,2011-12-31,55501,71518,5,6.425292015075684
SASRec,2011,2011-12-31,55501,66097,6,6.094120502471924
SASRec,2011,2011-12-31,55501,73017,7,6.080276012420654
SASRec,2011,2011-12-31,55501,71535,8,6.020188331604004
SASRec,2011,2011-12-31,55501,71464,9,5.973965167999268
SASRec,2011,2011-12-31,55501,64614,10,5.951700210571289
SASRec,2011,2011-12-31,55617,58559,1,7.115174770355225
SASRec,2011,2011-12-31,55617,48516,2,6.865701198577881
SASRec,2011,2011-12-31,55617,55820,3,6.648745059967041
SASRec,2011,2011-12-31,55617,63082,4,6.487825870513916
SASRec,2011,2011-12-31,55617,48774,5,6.4725165367126465
SASRec,2011,2011-12-31,55617,56367,6,6.214373588562012
SASRec,2011,2011-12-31,55617,70286,7,6.210824012756348
SASRec,2011,2011-12-31,55617,68954,8,6.133516311645508
SASRec,2011,2011-12-31,55617,64839,9,5.899013519287109
SASRec,2011,2011-12-31,55617,66097,10,5.749939441680908
SASRec,2011,2011-12-31,55627,71518,1,6.657238960266113
SASRec,2011,2011-12-31,55627,77561,2,6.65190315246582
SASRec,2011,2011-12-31,55627,79702,3,6.576623439788818
SASRec,2011,2011-12-31,55627,80489,4,6.383410453796387
SASRec,2011,2011-12-31,55627,73017,5,6.357545375823975
SASRec,2011,2011-12-31,55627,71535,6,6.3149919509887695
SASRec,2011,2011-12-31,55627,79132,7,6.111927032470703
SASRec,2011,2011-12-31,55627,78105,8,6.108345985412598
SASRec,2011,2011-12-31,55627,68237,9,6.083217144012451
SASRec,2011,2011-12-31,55627,68159,10,6.018742561340332
SASRec,2011,2011-12-31,55855,56775,1,5.163194179534912
SASRec,2011,2011-12-31,55855,34150,2,5.062479496002197
SASRec,2011,2011-12-31,55855,61132,3,5.046215057373047
SASRec,2011,2011-12-31,55855,33679,4,5.003452301025391
SASRec,2011,2011-12-31,55855,54503,5,4.9904632568359375
SASRec,2011,2011-12-31,55855,56152,6,4.9602885246276855
SASRec,2011,2011-12-31,55855,51935,7,4.952076435089111
SASRec,2011,2011-12-31,55855,41566,8,4.862727165222168
SASRec,2011,2011-12-31,55855,45186,9,4.861055850982666
SASRec,2011,2011-12-31,55855,48043,10,4.743358135223389
SASRec,2011,2011-12-31,56103,6383,1,5.670894622802734
SASRec,2011,2011-12-31,56103,2722,2,5.465666770935059
SASRec,2011,2011-12-31,56103,53125,3,5.44053316116333
SASRec,2011,2011-12-31,56103,8371,4,5.423216819763184
SASRec,2011,2011-12-31,56103,2572,5,5.383955955505371
SASRec,2011,2011-12-31,56103,3826,6,5.328414440155029
SASRec,2011,2011-12-31,56103,51935,7,5.275641918182373
SASRec,2011,2011-12-31,56103,56174,8,5.270082473754883
SASRec,2011,2011-12-31,56103,34319,9,5.268951892852783
SASRec,2011,2011-12-31,56103,1882,10,5.22837495803833
SASRec,2011,2011-12-31,56276,2683,1,6.918534278869629
SASRec,2011,2011-12-31,56276,110,2,6.887977123260498
SASRec,2011,2011-12-31,56276,2706,3,6.571781158447266
SASRec,2011,2011-12-31,56276,2571,4,6.381344795227051
SASRec,2011,2011-12-31,56276,3578,5,6.366105079650879
SASRec,2011,2011-12-31,56276,1580,6,6.360584735870361
SASRec,2011,2011-12-31,56276,165,7,6.349499702453613
SASRec,2011,2011-12-31,56276,780,8,6.298315048217773
SASRec,2011,2011-12-31,56276,2959,9,6.268451690673828
SASRec,2011,2011-12-31,56276,589,10,6.217102527618408
SASRec,2011,2011-12-31,56699,7293,1,5.837811470031738
SASRec,2011,2011-12-31,56699,34150,2,5.6782941818237305
SASRec,2011,2011-12-31,56699,7004,3,5.558093070983887
SASRec,2011,2011-12-31,56699,5219,4,5.490041732788086
SASRec,2011,2011-12-31,56699,5507,5,5.4457526206970215
SASRec,2011,2011-12-31,56699,8783,6,5.423255443572998
SASRec,2011,2011-12-31,56699,30825,7,5.402670383453369
SASRec,2011,2011-12-31,56699,33679,8,5.389946937561035
SASRec,2011,2011-12-31,56699,6754,9,5.38127326965332
SASRec,2011,2011-12-31,56699,7317,10,5.259828567504883
SASRec,2011,2011-12-31,56777,68157,1,6.790193557739258
SASRec,2011,2011-12-31,56777,70286,2,6.573511123657227
SASRec,2011,2011-12-31,56777,63082,3,6.566967010498047
SASRec,2011,2011-12-31,56777,68954,4,6.5640153884887695
SASRec,2011,2011-12-31,56777,76251,5,6.5368332862854
SASRec,2011,2011-12-31,56777,72998,6,6.390615463256836
SASRec,2011,2011-12-31,56777,71535,7,6.300703048706055
SASRec,2011,2011-12-31,56777,73017,8,6.274514675140381
SASRec,2011,2011-12-31,56777,71518,9,6.245359897613525
SASRec,2011,2011-12-31,56777,64614,10,6.056863307952881
SASRec,2011,2011-12-31,57047,78499,1,5.919866561889648
SASRec,2011,2011-12-31,57047,74458,2,5.814974308013916
SASRec,2011,2011-12-31,57047,61132,3,5.814251899719238
SASRec,2011,2011-12-31,57047,73321,4,5.6760382652282715
SASRec,2011,2011-12-31,57047,68237,5,5.6403727531433105
SASRec,2011,2011-12-31,57047,74275,6,5.522334098815918
SASRec,2011,2011-12-31,57047,72378,7,5.51140832901001
SASRec,2011,2011-12-31,57047,71520,8,5.509323596954346
SASRec,2011,2011-12-31,57047,69481,9,5.412553310394287
SASRec,2011,2011-12-31,57047,68159,10,5.389505863189697
SASRec,2011,2011-12-31,57304,76251,1,6.453164577484131
SASRec,2011,2011-12-31,57304,73017,2,6.04494571685791
SASRec,2011,2011-12-31,57304,79702,3,5.975178241729736
SASRec,2011,2011-12-31,57304,74275,4,5.960112571716309
SASRec,2011,2011-12-31,57304,79293,5,5.862268924713135
SASRec,2011,2011-12-31,57304,78499,6,5.8555097579956055
SASRec,2011,2011-12-31,57304,79132,7,5.823802471160889
SASRec,2011,2011-12-31,57304,69757,8,5.779571533203125
SASRec,2011,2011-12-31,57304,80489,9,5.6938958168029785
SASRec,2011,2011-12-31,57304,71135,10,5.667075157165527
SASRec,2011,2011-12-31,57538,70286,1,7.3958330154418945
SASRec,2011,2011-12-31,57538,59315,2,6.938786506652832
SASRec,2011,2011-12-31,57538,63082,3,6.903030872344971
SASRec,2011,2011-12-31,57538,68157,4,6.8279805183410645
SASRec,2011,2011-12-31,57538,56367,5,6.789762496948242
SASRec,2011,2011-12-31,57538,73017,6,6.703945159912109
SASRec,2011,2011-12-31,57538,55820,7,6.675432205200195
SASRec,2011,2011-12-31,57538,60069,8,6.673918724060059
SASRec,2011,2011-12-31,57538,51662,9,6.671901226043701
SASRec,2011,2011-12-31,57538,69122,10,6.664360046386719
SASRec,2011,2011-12-31,57725,63082,1,6.869928359985352
SASRec,2011,2011-12-31,57725,68157,2,6.509217262268066
SASRec,2011,2011-12-31,57725,68954,3,6.308070182800293
SASRec,2011,2011-12-31,57725,74458,4,6.299210548400879
SASRec,2011,2011-12-31,57725,73017,5,6.009413719177246
SASRec,2011,2011-12-31,57725,68358,6,5.697483062744141
SASRec,2011,2011-12-31,57725,2858,7,5.613102912902832
SASRec,2011,2011-12-31,57725,77561,8,5.600303649902344
SASRec,2011,2011-12-31,57725,80489,9,5.58495569229126
SASRec,2011,2011-12-31,57725,63131,10,5.583353042602539
SASRec,2011,2011-12-31,57734,48516,1,7.570589065551758
SASRec,2011,2011-12-31,57734,32587,2,7.347649574279785
SASRec,2011,2011-12-31,57734,58559,3,7.2797698974609375
SASRec,2011,2011-12-31,57734,48774,4,7.2593255043029785
SASRec,2011,2011-12-31,57734,55820,5,7.053857803344727
SASRec,2011,2011-12-31,57734,56367,6,7.036513328552246
SASRec,2011,2011-12-31,57734,44665,7,7.0118255615234375
SASRec,2011,2011-12-31,57734,49272,8,7.010037422180176
SASRec,2011,2011-12-31,57734,56174,9,6.955856800079346
SASRec,2011,2011-12-31,57734,51662,10,6.886638164520264
SASRec,2011,2011-12-31,57737,71108,1,5.859003067016602
SASRec,2011,2011-12-31,57737,71033,2,5.376108646392822
SASRec,2011,2011-12-31,57737,71518,3,5.241604804992676
SASRec,2011,2011-12-31,57737,60382,4,5.152050971984863
SASRec,2011,2011-12-31,57737,77206,5,5.131702899932861
SASRec,2011,2011-12-31,57737,73027,6,5.084676265716553
SASRec,2011,2011-12-31,57737,76173,7,5.061830043792725
SASRec,2011,2011-12-31,57737,65418,8,5.002927780151367
SASRec,2011,2011-12-31,57737,26048,9,4.989606857299805
SASRec,2011,2011-12-31,57737,46664,10,4.984637260437012
SASRec,2011,2011-12-31,57901,55280,1,4.598959922790527
SASRec,2011,2011-12-31,57901,51084,2,4.52190637588501
SASRec,2011,2011-12-31,57901,61248,3,4.458641052246094
SASRec,2011,2011-12-31,57901,56171,4,4.454888820648193
SASRec,2011,2011-12-31,57901,61132,5,4.449149131774902
SASRec,2011,2011-12-31,57901,59900,6,4.448519706726074
SASRec,2011,2011-12-31,57901,49280,7,4.440292835235596
SASRec,2011,2011-12-31,57901,55267,8,4.439913749694824
SASRec,2011,2011-12-31,57901,55995,9,4.413881301879883
SASRec,2011,2011-12-31,57901,62081,10,4.410407066345215
SASRec,2011,2011-12-31,58310,72407,1,5.3562164306640625
SASRec,2011,2011-12-31,58310,61132,2,5.249937534332275
SASRec,2011,2011-12-31,58310,60037,3,5.234461307525635
SASRec,2011,2011-12-31,58310,56174,4,5.207052707672119
SASRec,2011,2011-12-31,58310,68319,5,5.129085540771484
SASRec,2011,2011-12-31,58310,60072,6,5.0958356857299805
SASRec,2011,2011-12-31,58310,62081,7,5.089121341705322
SASRec,2011,2011-12-31,58310,70336,8,5.044486045837402
SASRec,2011,2011-12-31,58310,60074,9,5.04144287109375
SASRec,2011,2011-12-31,58310,72998,10,4.98110294342041
SASRec,2011,2011-12-31,58335,70286,1,7.095887184143066
SASRec,2011,2011-12-31,58335,72998,2,6.818841934204102
SASRec,2011,2011-12-31,58335,76251,3,6.650944709777832
SASRec,2011,2011-12-31,58335,68157,4,6.638489723205566
SASRec,2011,2011-12-31,58335,68954,5,6.63417911529541
SASRec,2011,2011-12-31,58335,71535,6,6.523011684417725
SASRec,2011,2011-12-31,58335,56174,7,6.5139594078063965
SASRec,2011,2011-12-31,58335,79702,8,6.449613094329834
SASRec,2011,2011-12-31,58335,74458,9,6.3666205406188965
SASRec,2011,2011-12-31,58335,69122,10,6.311300754547119
SASRec,2011,2011-12-31,58796,63082,1,6.977787494659424
SASRec,2011,2011-12-31,58796,70286,2,6.583619594573975
SASRec,2011,2011-12-31,58796,48516,3,6.579483509063721
SASRec,2011,2011-12-31,58796,56174,4,6.434597969055176
SASRec,2011,2011-12-31,58796,55820,5,6.342360019683838
SASRec,2011,2011-12-31,58796,48774,6,6.336518287658691
SASRec,2011,2011-12-31,58796,4226,7,6.333444595336914
SASRec,2011,2011-12-31,58796,74458,8,6.124327659606934
SASRec,2011,2011-12-31,58796,68954,9,6.097468376159668
SASRec,2011,2011-12-31,58796,49272,10,5.944483280181885
SASRec,2011,2011-12-31,58951,70286,1,6.3838419914245605
SASRec,2011,2011-12-31,58951,68157,2,6.238521099090576
SASRec,2011,2011-12-31,58951,55820,3,6.136842727661133
SASRec,2011,2011-12-31,58951,68954,4,6.0673699378967285
SASRec,2011,2011-12-31,58951,63082,5,6.004814147949219
SASRec,2011,2011-12-31,58951,56367,6,5.958250522613525
SASRec,2011,2011-12-31,58951,76251,7,5.881477355957031
SASRec,2011,2011-12-31,58951,71535,8,5.868282794952393
SASRec,2011,2011-12-31,58951,59315,9,5.833707332611084
SASRec,2011,2011-12-31,58951,61132,10,5.695031642913818
SASRec,2011,2011-12-31,59096,48516,1,7.496777534484863
SASRec,2011,2011-12-31,59096,4226,2,7.2738752365112305
SASRec,2011,2011-12-31,59096,6016,3,7.269012451171875
SASRec,2011,2011-12-31,59096,7361,4,7.090813636779785
SASRec,2011,2011-12-31,59096,58559,5,7.05451774597168
SASRec,2011,2011-12-31,59096,55820,6,6.97772216796875
SASRec,2011,2011-12-31,59096,46578,7,6.773416519165039
SASRec,2011,2011-12-31,59096,30749,8,6.754878997802734
SASRec,2011,2011-12-31,59096,48774,9,6.744279384613037
SASRec,2011,2011-12-31,59096,50,10,6.735520362854004
SASRec,2011,2011-12-31,59216,58559,1,7.180316925048828
SASRec,2011,2011-12-31,59216,48516,2,7.012486457824707
SASRec,2011,2011-12-31,59216,48774,3,6.611393451690674
SASRec,2011,2011-12-31,59216,51662,4,6.3113532066345215
SASRec,2011,2011-12-31,59216,56174,5,6.295645713806152
SASRec,2011,2011-12-31,59216,46578,6,6.212586402893066
SASRec,2011,2011-12-31,59216,55276,7,6.197773456573486
SASRec,2011,2011-12-31,59216,49272,8,6.178258895874023
SASRec,2011,2011-12-31,59216,54997,9,6.161501884460449
SASRec,2011,2011-12-31,59216,38061,10,6.098945140838623
SASRec,2011,2011-12-31,59318,72407,1,5.545121669769287
SASRec,2011,2011-12-31,59318,55995,2,5.228028774261475
SASRec,2011,2011-12-31,59318,64497,3,5.150545120239258
SASRec,2011,2011-12-31,59318,58299,4,5.036681652069092
SASRec,2011,2011-12-31,59318,62081,5,5.0310258865356445
SASRec,2011,2011-12-31,59318,56171,6,4.986367225646973
SASRec,2011,2011-12-31,59318,63992,7,4.935059547424316
SASRec,2011,2011-12-31,59318,51935,8,4.902430057525635
SASRec,2011,2011-12-31,59318,53322,9,4.869190692901611
SASRec,2011,2011-12-31,59318,57640,10,4.811302185058594
SASRec,2011,2011-12-31,59335,71518,1,6.163158893585205
SASRec,2011,2011-12-31,59335,77206,2,5.944219589233398
SASRec,2011,2011-12-31,59335,74916,3,5.6380295753479
SASRec,2011,2011-12-31,59335,78105,4,5.612539291381836
SASRec,2011,2011-12-31,59335,78116,5,5.551785469055176
SASRec,2011,2011-12-31,59335,74948,6,5.537681579589844
SASRec,2011,2011-12-31,59335,73027,7,5.526268482208252
SASRec,2011,2011-12-31,59335,80463,8,5.444720268249512
SASRec,2011,2011-12-31,59335,80489,9,5.440372467041016
SASRec,2011,2011-12-31,59335,74156,10,5.421003818511963
SASRec,2011,2011-12-31,59703,56174,1,6.895535469055176
SASRec,2011,2011-12-31,59703,58559,2,6.459671974182129
SASRec,2011,2011-12-31,59703,44665,3,6.3065056800842285
SASRec,2011,2011-12-31,59703,56367,4,6.2748703956604
SASRec,2011,2011-12-31,59703,51662,5,6.259105682373047
SASRec,2011,2011-12-31,59703,53125,6,6.172414779663086
SASRec,2011,2011-12-31,59703,34162,7,6.159142971038818
SASRec,2011,2011-12-31,59703,53996,8,6.112619876861572
SASRec,2011,2011-12-31,59703,44191,9,5.974512577056885
SASRec,2011,2011-12-31,59703,52722,10,5.9233222007751465
SASRec,2011,2011-12-31,59704,306,1,5.786961555480957
SASRec,2011,2011-12-31,59704,778,2,5.660801410675049
SASRec,2011,2011-12-31,59704,6016,3,5.529873371124268
SASRec,2011,2011-12-31,59704,1245,4,5.2203474044799805
SASRec,2011,2011-12-31,59704,293,5,5.061856746673584
SASRec,2011,2011-12-31,59704,308,6,5.027337551116943
SASRec,2011,2011-12-31,59704,7371,7,5.017411708831787
SASRec,2011,2011-12-31,59704,535,8,5.01260232925415
SASRec,2011,2011-12-31,59704,8638,9,5.011004447937012
SASRec,2011,2011-12-31,59704,7361,10,5.004364967346191
SASRec,2011,2011-12-31,59810,76251,1,6.691884517669678
SASRec,2011,2011-12-31,59810,71518,2,6.465381145477295
SASRec,2011,2011-12-31,59810,77561,3,6.105544090270996
SASRec,2011,2011-12-31,59810,73017,4,6.056274890899658
SASRec,2011,2011-12-31,59810,74458,5,6.038325309753418
SASRec,2011,2011-12-31,59810,69122,6,6.012348651885986
SASRec,2011,2011-12-31,59810,78499,7,5.956442356109619
SASRec,2011,2011-12-31,59810,68159,8,5.923921585083008
SASRec,2011,2011-12-31,59810,56174,9,5.902612209320068
SASRec,2011,2011-12-31,59810,78105,10,5.788344383239746
SASRec,2011,2011-12-31,59851,69481,1,6.284517288208008
SASRec,2011,2011-12-31,59851,68954,2,6.2718377113342285
SASRec,2011,2011-12-31,59851,57669,3,6.101563453674316
SASRec,2011,2011-12-31,59851,74458,4,5.868298053741455
SASRec,2011,2011-12-31,59851,63876,5,5.834256172180176
SASRec,2011,2011-12-31,59851,52319,6,5.64323616027832
SASRec,2011,2011-12-31,59851,48394,7,5.595381736755371
SASRec,2011,2011-12-31,59851,71535,8,5.542520523071289
SASRec,2011,2011-12-31,59851,68237,9,5.432897090911865
SASRec,2011,2011-12-31,59851,66097,10,5.37457275390625
SASRec,2011,2011-12-31,60211,6666,1,5.391488552093506
SASRec,2011,2011-12-31,60211,8197,2,4.93963098526001
SASRec,2011,2011-12-31,60211,7216,3,4.693051815032959
SASRec,2011,2011-12-31,60211,7700,4,4.658577919006348
SASRec,2011,2011-12-31,60211,7234,5,4.54451847076416
SASRec,2011,2011-12-31,60211,8684,6,4.531645774841309
SASRec,2011,2011-12-31,60211,7938,7,4.5310378074646
SASRec,2011,2011-12-31,60211,7327,8,4.524101257324219
SASRec,2011,2011-12-31,60211,5008,9,4.520392417907715
SASRec,2011,2011-12-31,60211,7121,10,4.506450653076172
SASRec,2011,2011-12-31,60283,48516,1,8.119264602661133
SASRec,2011,2011-12-31,60283,55820,2,7.625670433044434
SASRec,2011,2011-12-31,60283,48774,3,7.51355504989624
SASRec,2011,2011-12-31,60283,56367,4,7.394809722900391
SASRec,2011,2011-12-31,60283,44191,5,7.18774938583374
SASRec,2011,2011-12-31,60283,48394,6,7.1163859367370605
SASRec,2011,2011-12-31,60283,49272,7,7.069303512573242
SASRec,2011,2011-12-31,60283,46578,8,7.038434982299805
SASRec,2011,2011-12-31,60283,296,9,6.939736843109131
SASRec,2011,2011-12-31,60283,60069,10,6.909728050231934
SASRec,2011,2011-12-31,60291,56174,1,6.7816925048828125
SASRec,2011,2011-12-31,60291,59315,2,6.544700622558594
SASRec,2011,2011-12-31,60291,48774,3,6.533801078796387
SASRec,2011,2011-12-31,60291,61132,4,6.384171485900879
SASRec,2011,2011-12-31,60291,51662,5,6.357188701629639
SASRec,2011,2011-12-31,60291,64614,6,6.338893890380859
SASRec,2011,2011-12-31,60291,54286,7,6.2129292488098145
SASRec,2011,2011-12-31,60291,49272,8,6.043393611907959
SASRec,2011,2011-12-31,60291,56757,9,5.925110340118408
SASRec,2011,2011-12-31,60291,54997,10,5.893330097198486
SASRec,2011,2011-12-31,60450,56174,1,6.215466499328613
SASRec,2011,2011-12-31,60450,72407,2,5.977664947509766
SASRec,2011,2011-12-31,60450,72998,3,5.9586944580078125
SASRec,2011,2011-12-31,60450,63082,4,5.866758346557617
SASRec,2011,2011-12-31,60450,58559,5,5.839118003845215
SASRec,2011,2011-12-31,60450,73017,6,5.797917366027832
SASRec,2011,2011-12-31,60450,56367,7,5.718813419342041
SASRec,2011,2011-12-31,60450,58025,8,5.675665378570557
SASRec,2011,2011-12-31,60450,68954,9,5.661291599273682
SASRec,2011,2011-12-31,60450,68319,10,5.651302337646484
SASRec,2011,2011-12-31,60708,56174,1,6.272085189819336
SASRec,2011,2011-12-31,60708,58559,2,6.176913261413574
SASRec,2011,2011-12-31,60708,52722,3,5.738306999206543
SASRec,2011,2011-12-31,60708,56367,4,5.62647819519043
SASRec,2011,2011-12-31,60708,44665,5,5.614136695861816
SASRec,2011,2011-12-31,60708,60037,6,5.567540168762207
SASRec,2011,2011-12-31,60708,48516,7,5.558290958404541
SASRec,2011,2011-12-31,60708,52245,8,5.535279750823975
SASRec,2011,2011-12-31,60708,49272,9,5.512533664703369
SASRec,2011,2011-12-31,60708,59315,10,5.48607063293457
SASRec,2011,2011-12-31,60922,56174,1,5.932975769042969
SASRec,2011,2011-12-31,60922,53125,2,5.648786544799805
SASRec,2011,2011-12-31,60922,56171,3,5.4741597175598145
SASRec,2011,2011-12-31,60922,52245,4,5.46515417098999
SASRec,2011,2011-12-31,60922,72998,5,5.454557418823242
SASRec,2011,2011-12-31,60922,58025,6,5.417877674102783
SASRec,2011,2011-12-31,60922,56775,7,5.41150426864624
SASRec,2011,2011-12-31,60922,51935,8,5.4065656661987305
SASRec,2011,2011-12-31,60922,60037,9,5.388174533843994
SASRec,2011,2011-12-31,60922,46972,10,5.341522216796875
SASRec,2011,2011-12-31,60995,58559,1,8.1956148147583
SASRec,2011,2011-12-31,60995,63082,2,7.5181884765625
SASRec,2011,2011-12-31,60995,70286,3,7.430478096008301
SASRec,2011,2011-12-31,60995,68157,4,7.211050987243652
SASRec,2011,2011-12-31,60995,60069,5,7.133594989776611
SASRec,2011,2011-12-31,60995,49272,6,7.120561599731445
SASRec,2011,2011-12-31,60995,56174,7,7.043875217437744
SASRec,2011,2011-12-31,60995,68954,8,6.930971145629883
SASRec,2011,2011-12-31,60995,54286,9,6.880373001098633
SASRec,2011,2011-12-31,60995,46578,10,6.878291130065918
SASRec,2011,2011-12-31,61088,70286,1,7.368851661682129
SASRec,2011,2011-12-31,61088,68157,2,7.032938003540039
SASRec,2011,2011-12-31,61088,56174,3,6.921820640563965
SASRec,2011,2011-12-31,61088,59315,4,6.739810943603516
SASRec,2011,2011-12-31,61088,63082,5,6.709948539733887
SASRec,2011,2011-12-31,61088,68954,6,6.694817543029785
SASRec,2011,2011-12-31,61088,71535,7,6.598970890045166
SASRec,2011,2011-12-31,61088,55820,8,6.563350677490234
SASRec,2011,2011-12-31,61088,76251,9,6.504833221435547
SASRec,2011,2011-12-31,61088,69122,10,6.501309871673584
SASRec,2011,2011-12-31,61092,76251,1,6.74615478515625
SASRec,2011,2011-12-31,61092,71518,2,6.576958179473877
SASRec,2011,2011-12-31,61092,77561,3,6.527641296386719
SASRec,2011,2011-12-31,61092,73017,4,6.444855690002441
SASRec,2011,2011-12-31,61092,69122,5,6.35557746887207
SASRec,2011,2011-12-31,61092,79702,6,6.354290962219238
SASRec,2011,2011-12-31,61092,72407,7,6.293519973754883
SASRec,2011,2011-12-31,61092,78499,8,6.196817398071289
SASRec,2011,2011-12-31,61092,71535,9,6.162643909454346
SASRec,2011,2011-12-31,61092,71135,10,6.143207550048828
SASRec,2011,2011-12-31,61284,56174,1,6.672598361968994
SASRec,2011,2011-12-31,61284,44665,2,6.541636943817139
SASRec,2011,2011-12-31,61284,32587,3,6.5116353034973145
SASRec,2011,2011-12-31,61284,48774,4,6.355923175811768
SASRec,2011,2011-12-31,61284,35836,5,6.312952995300293
SASRec,2011,2011-12-31,61284,53125,6,6.130223274230957
SASRec,2011,2011-12-31,61284,55820,7,6.080994606018066
SASRec,2011,2011-12-31,61284,47099,8,6.063663959503174
SASRec,2011,2011-12-31,61284,8874,9,6.0229973793029785
SASRec,2011,2011-12-31,61284,52973,10,5.993831157684326
SASRec,2011,2011-12-31,61292,110,1,9.707319259643555
SASRec,2011,2011-12-31,61292,589,2,9.31676959991455
SASRec,2011,2011-12-31,61292,260,3,9.258940696716309
SASRec,2011,2011-12-31,61292,377,4,9.120119094848633
SASRec,2011,2011-12-31,61292,318,5,8.994572639465332
SASRec,2011,2011-12-31,61292,1210,6,8.971400260925293
SASRec,2011,2011-12-31,61292,356,7,8.946582794189453
SASRec,2011,2011-12-31,61292,1961,8,8.892093658447266
SASRec,2011,2011-12-31,61292,480,9,8.833518028259277
SASRec,2011,2011-12-31,61292,296,10,8.810473442077637
SASRec,2011,2011-12-31,61402,56174,1,7.96448278427124
SASRec,2011,2011-12-31,61402,51662,2,7.746577739715576
SASRec,2011,2011-12-31,61402,7361,3,7.615480422973633
SASRec,2011,2011-12-31,61402,58559,4,7.571038722991943
SASRec,2011,2011-12-31,61402,32587,5,7.483642101287842
SASRec,2011,2011-12-31,61402,6539,6,7.4572296142578125
SASRec,2011,2011-12-31,61402,44665,7,7.333803176879883
SASRec,2011,2011-12-31,61402,48516,8,7.274899482727051
SASRec,2011,2011-12-31,61402,49272,9,7.211910247802734
SASRec,2011,2011-12-31,61402,33794,10,7.149706840515137
SASRec,2011,2011-12-31,61604,70286,1,7.361844062805176
SASRec,2011,2011-12-31,61604,63082,2,7.322050094604492
SASRec,2011,2011-12-31,61604,60069,3,6.883055686950684
SASRec,2011,2011-12-31,61604,59315,4,6.752172946929932
SASRec,2011,2011-12-31,61604,76251,5,6.68734073638916
SASRec,2011,2011-12-31,61604,71535,6,6.572030067443848
SASRec,2011,2011-12-31,61604,56174,7,6.545382022857666
SASRec,2011,2011-12-31,61604,73017,8,6.523768424987793
SASRec,2011,2011-12-31,61604,48774,9,6.49201774597168
SASRec,2011,2011-12-31,61604,64614,10,6.463916778564453
SASRec,2011,2011-12-31,61651,71518,1,6.502832889556885
SASRec,2011,2011-12-31,61651,76251,2,6.273486137390137
SASRec,2011,2011-12-31,61651,68157,3,5.98057746887207
SASRec,2011,2011-12-31,61651,74275,4,5.9544548988342285
SASRec,2011,2011-12-31,61651,72998,5,5.8766703605651855
SASRec,2011,2011-12-31,61651,79293,6,5.831324100494385
SASRec,2011,2011-12-31,61651,77561,7,5.7874932289123535
SASRec,2011,2011-12-31,61651,68159,8,5.738894462585449
SASRec,2011,2011-12-31,61651,70286,9,5.715995788574219
SASRec,2011,2011-12-31,61651,73321,10,5.6652092933654785
SASRec,2011,2011-12-31,61684,58559,1,7.510398864746094
SASRec,2011,2011-12-31,61684,55820,2,7.431697845458984
SASRec,2011,2011-12-31,61684,48516,3,7.373457908630371
SASRec,2011,2011-12-31,61684,48774,4,7.060142517089844
SASRec,2011,2011-12-31,61684,48394,5,6.69633674621582
SASRec,2011,2011-12-31,61684,4226,6,6.602766513824463
SASRec,2011,2011-12-31,61684,59315,7,6.590282440185547
SASRec,2011,2011-12-31,61684,44191,8,6.588429927825928
SASRec,2011,2011-12-31,61684,6016,9,6.578578948974609
SASRec,2011,2011-12-31,61684,27773,10,6.521331787109375
SASRec,2011,2011-12-31,62078,76251,1,6.880731582641602
SASRec,2011,2011-12-31,62078,68954,2,6.8687591552734375
SASRec,2011,2011-12-31,62078,71518,3,6.6055684089660645
SASRec,2011,2011-12-31,62078,72998,4,6.594237327575684
SASRec,2011,2011-12-31,62078,71535,5,6.532403469085693
SASRec,2011,2011-12-31,62078,73017,6,6.3546247482299805
SASRec,2011,2011-12-31,62078,69481,7,6.327075481414795
SASRec,2011,2011-12-31,62078,74458,8,6.296831130981445
SASRec,2011,2011-12-31,62078,64614,9,6.207719802856445
SASRec,2011,2011-12-31,62078,60069,10,6.11475944519043
SASRec,2011,2011-12-31,62260,60037,1,6.042574405670166
SASRec,2011,2011-12-31,62260,70336,2,5.601166725158691
SASRec,2011,2011-12-31,62260,72407,3,5.53377103805542
SASRec,2011,2011-12-31,62260,72998,4,5.475562572479248
SASRec,2011,2011-12-31,62260,52722,5,5.438807487487793
SASRec,2011,2011-12-31,62260,50798,6,5.349066257476807
SASRec,2011,2011-12-31,62260,70286,7,5.331192970275879
SASRec,2011,2011-12-31,62260,58025,8,5.307905197143555
SASRec,2011,2011-12-31,62260,64497,9,5.299152851104736
SASRec,2011,2011-12-31,62260,61132,10,5.248884201049805
SASRec,2011,2011-12-31,62315,48516,1,7.275798797607422
SASRec,2011,2011-12-31,62315,58559,2,6.948476314544678
SASRec,2011,2011-12-31,62315,55820,3,6.812563896179199
SASRec,2011,2011-12-31,62315,44191,4,6.69286584854126
SASRec,2011,2011-12-31,62315,56367,5,6.4970622062683105
SASRec,2011,2011-12-31,62315,46578,6,6.326003074645996
SASRec,2011,2011-12-31,62315,4226,7,6.287886142730713
SASRec,2011,2011-12-31,62315,51662,8,6.243401527404785
SASRec,2011,2011-12-31,62315,44665,9,6.235244274139404
SASRec,2011,2011-12-31,62315,30707,10,6.153127670288086
SASRec,2011,2011-12-31,62380,71518,1,6.504592418670654
SASRec,2011,2011-12-31,62380,76251,2,6.315546035766602
SASRec,2011,2011-12-31,62380,78105,3,6.297321796417236
SASRec,2011,2011-12-31,62380,79702,4,6.053435325622559
SASRec,2011,2011-12-31,62380,79293,5,6.008478164672852
SASRec,2011,2011-12-31,62380,74275,6,5.997788906097412
SASRec,2011,2011-12-31,62380,71520,7,5.994253158569336
SASRec,2011,2011-12-31,62380,71057,8,5.927481651306152
SASRec,2011,2011-12-31,62380,78499,9,5.883234024047852
SASRec,2011,2011-12-31,62380,68157,10,5.870249271392822
SASRec,2011,2011-12-31,62671,68954,1,6.824584484100342
SASRec,2011,2011-12-31,62671,56174,2,6.656975746154785
SASRec,2011,2011-12-31,62671,60069,3,6.653615474700928
SASRec,2011,2011-12-31,62671,71535,4,6.445569038391113
SASRec,2011,2011-12-31,62671,48774,5,6.424956321716309
SASRec,2011,2011-12-31,62671,76251,6,6.374011993408203
SASRec,2011,2011-12-31,62671,61132,7,6.355746746063232
SASRec,2011,2011-12-31,62671,73017,8,6.350386619567871
SASRec,2011,2011-12-31,62671,74458,9,6.2841057777404785
SASRec,2011,2011-12-31,62671,57669,10,6.234358310699463
SASRec,2011,2011-12-31,62891,56174,1,6.22760009765625
SASRec,2011,2011-12-31,62891,61132,2,6.161065101623535
SASRec,2011,2011-12-31,62891,58559,3,6.154142379760742
SASRec,2011,2011-12-31,62891,60037,4,6.065174102783203
SASRec,2011,2011-12-31,62891,72998,5,6.036239147186279
SASRec,2011,2011-12-31,62891,72407,6,5.914915561676025
SASRec,2011,2011-12-31,62891,70286,7,5.902516841888428
SASRec,2011,2011-12-31,62891,58025,8,5.861322402954102
SASRec,2011,2011-12-31,62891,56367,9,5.838720798492432
SASRec,2011,2011-12-31,62891,63082,10,5.771433353424072
SASRec,2011,2011-12-31,63169,56174,1,7.730080604553223
SASRec,2011,2011-12-31,63169,72998,2,7.1195573806762695
SASRec,2011,2011-12-31,63169,56367,3,7.029017448425293
SASRec,2011,2011-12-31,63169,63082,4,7.007713794708252
SASRec,2011,2011-12-31,63169,68954,5,6.848948955535889
SASRec,2011,2011-12-31,63169,60069,6,6.778789520263672
SASRec,2011,2011-12-31,63169,69122,7,6.663025379180908
SASRec,2011,2011-12-31,63169,61132,8,6.650598049163818
SASRec,2011,2011-12-31,63169,68358,9,6.561306476593018
SASRec,2011,2011-12-31,63169,76251,10,6.396667957305908
SASRec,2011,2011-12-31,63514,56174,1,7.629455089569092
SASRec,2011,2011-12-31,63514,56367,2,7.258789539337158
SASRec,2011,2011-12-31,63514,70286,3,7.156746864318848
SASRec,2011,2011-12-31,63514,63082,4,7.088271617889404
SASRec,2011,2011-12-31,63514,72998,5,7.005541801452637
SASRec,2011,2011-12-31,63514,55820,6,7.002264022827148
SASRec,2011,2011-12-31,63514,60069,7,6.914485454559326
SASRec,2011,2011-12-31,63514,59315,8,6.893807888031006
SASRec,2011,2011-12-31,63514,68157,9,6.70546817779541
SASRec,2011,2011-12-31,63514,68954,10,6.697709560394287
SASRec,2011,2011-12-31,63627,60037,1,5.829709529876709
SASRec,2011,2011-12-31,63627,71518,2,5.601576805114746
SASRec,2011,2011-12-31,63627,76251,3,5.591666221618652
SASRec,2011,2011-12-31,63627,56174,4,5.525324821472168
SASRec,2011,2011-12-31,63627,68319,5,5.511605739593506
SASRec,2011,2011-12-31,63627,70336,6,5.503870964050293
SASRec,2011,2011-12-31,63627,68954,7,5.481486797332764
SASRec,2011,2011-12-31,63627,62081,8,5.459977626800537
SASRec,2011,2011-12-31,63627,61132,9,5.392680644989014
SASRec,2011,2011-12-31,63627,78105,10,5.334454536437988
SASRec,2011,2011-12-31,63993,4306,1,7.224493980407715
SASRec,2011,2011-12-31,63993,6539,2,7.175910949707031
SASRec,2011,2011-12-31,63993,5810,3,7.164887428283691
SASRec,2011,2011-12-31,63993,5816,4,7.1574201583862305
SASRec,2011,2011-12-31,63993,5952,5,7.055433750152588
SASRec,2011,2011-12-31,63993,5299,6,7.032797813415527
SASRec,2011,2011-12-31,63993,4025,7,6.995467662811279
SASRec,2011,2011-12-31,63993,4447,8,6.979676246643066
SASRec,2011,2011-12-31,63993,5445,9,6.9715471267700195
SASRec,2011,2011-12-31,63993,5481,10,6.94064998626709
SASRec,2011,2011-12-31,64041,55820,1,6.309999465942383
SASRec,2011,2011-12-31,64041,48516,2,5.98743200302124
SASRec,2011,2011-12-31,64041,58559,3,5.778057098388672
SASRec,2011,2011-12-31,64041,31658,4,5.751758575439453
SASRec,2011,2011-12-31,64041,48394,5,5.543407440185547
SASRec,2011,2011-12-31,64041,44555,6,5.485459804534912
SASRec,2011,2011-12-31,64041,59315,7,5.351903915405273
SASRec,2011,2011-12-31,64041,7013,8,5.336866855621338
SASRec,2011,2011-12-31,64041,1252,9,5.312244892120361
SASRec,2011,2011-12-31,64041,57669,10,5.290210723876953
SASRec,2011,2011-12-31,64165,1339,1,6.160303592681885
SASRec,2011,2011-12-31,64165,1347,2,6.146439075469971
SASRec,2011,2011-12-31,64165,2080,3,6.089338302612305
SASRec,2011,2011-12-31,64165,616,4,6.075325012207031
SASRec,2011,2011-12-31,64165,1037,5,6.070310592651367
SASRec,2011,2011-12-31,64165,1345,6,6.05854606628418
SASRec,2011,2011-12-31,64165,1022,7,5.964073657989502
SASRec,2011,2011-12-31,64165,2096,8,5.963318347930908
SASRec,2011,2011-12-31,64165,1367,9,5.9290876388549805
SASRec,2011,2011-12-31,64165,1093,10,5.911757946014404
SASRec,2011,2011-12-31,64360,71518,1,6.010712146759033
SASRec,2011,2011-12-31,64360,71108,2,5.662586688995361
SASRec,2011,2011-12-31,64360,76251,3,5.631673336029053
SASRec,2011,2011-12-31,64360,71033,4,5.45343542098999
SASRec,2011,2011-12-31,64360,68954,5,5.386819839477539
SASRec,2011,2011-12-31,64360,80463,6,5.329843521118164
SASRec,2011,2011-12-31,64360,66097,7,5.246157646179199
SASRec,2011,2011-12-31,64360,78499,8,5.22751522064209
SASRec,2011,2011-12-31,64360,63072,9,5.222086429595947
SASRec,2011,2011-12-31,64360,68159,10,5.147503852844238
SASRec,2011,2011-12-31,64420,32587,1,4.714993953704834
SASRec,2011,2011-12-31,64420,35836,2,4.603648662567139
SASRec,2011,2011-12-31,64420,34162,3,4.566671848297119
SASRec,2011,2011-12-31,64420,2502,4,4.525146007537842
SASRec,2011,2011-12-31,64420,33679,5,4.4580488204956055
SASRec,2011,2011-12-31,64420,7293,6,4.396722793579102
SASRec,2011,2011-12-31,64420,344,7,4.370757579803467
SASRec,2011,2011-12-31,64420,56367,8,4.360749244689941
SASRec,2011,2011-12-31,64420,39,9,4.348284721374512
SASRec,2011,2011-12-31,64420,45186,10,4.3294525146484375
SASRec,2011,2011-12-31,64453,48774,1,5.863203048706055
SASRec,2011,2011-12-31,64453,68157,2,5.807673454284668
SASRec,2011,2011-12-31,64453,70286,3,5.778318405151367
SASRec,2011,2011-12-31,64453,71535,4,5.3891096115112305
SASRec,2011,2011-12-31,64453,60069,5,5.363187789916992
SASRec,2011,2011-12-31,64453,52241,6,5.3381524085998535
SASRec,2011,2011-12-31,64453,56174,7,5.310614109039307
SASRec,2011,2011-12-31,64453,57669,8,5.2793354988098145
SASRec,2011,2011-12-31,64453,51662,9,5.26915168762207
SASRec,2011,2011-12-31,64453,76251,10,5.203522682189941
SASRec,2011,2011-12-31,64527,76251,1,6.484586238861084
SASRec,2011,2011-12-31,64527,71518,2,6.444625377655029
SASRec,2011,2011-12-31,64527,78499,3,6.118892192840576
SASRec,2011,2011-12-31,64527,78105,4,5.849996089935303
SASRec,2011,2011-12-31,64527,68954,5,5.832226753234863
SASRec,2011,2011-12-31,64527,70286,6,5.821208953857422
SASRec,2011,2011-12-31,64527,68159,7,5.724022388458252
SASRec,2011,2011-12-31,64527,74948,8,5.693562984466553
SASRec,2011,2011-12-31,64527,74795,9,5.6895222663879395
SASRec,2011,2011-12-31,64527,81834,10,5.665234565734863
SASRec,2011,2011-12-31,64870,48516,1,7.57603120803833
SASRec,2011,2011-12-31,64870,110,2,7.194818496704102
SASRec,2011,2011-12-31,64870,63082,3,7.1200456619262695
SASRec,2011,2011-12-31,64870,58559,4,7.084569931030273
SASRec,2011,2011-12-31,64870,318,5,7.034111022949219
SASRec,2011,2011-12-31,64870,55820,6,6.9521803855896
SASRec,2011,2011-12-31,64870,589,7,6.949924945831299
SASRec,2011,2011-12-31,64870,32587,8,6.935227394104004
SASRec,2011,2011-12-31,64870,2571,9,6.920460224151611
SASRec,2011,2011-12-31,64870,56367,10,6.909512519836426
SASRec,2011,2011-12-31,65036,296,1,7.690648078918457
SASRec,2011,2011-12-31,65036,110,2,7.245611667633057
SASRec,2011,2011-12-31,65036,593,3,7.169907569885254
SASRec,2011,2011-12-31,65036,70286,4,7.163051605224609
SASRec,2011,2011-12-31,65036,50,5,7.064078330993652
SASRec,2011,2011-12-31,65036,48516,6,7.040956497192383
SASRec,2011,2011-12-31,65036,4226,7,6.963143348693848
SASRec,2011,2011-12-31,65036,2858,8,6.960350036621094
SASRec,2011,2011-12-31,65036,55820,9,6.924192428588867
SASRec,2011,2011-12-31,65036,63082,10,6.921021461486816
SASRec,2011,2011-12-31,65041,48516,1,6.114597320556641
SASRec,2011,2011-12-31,65041,55820,2,5.981987953186035
SASRec,2011,2011-12-31,65041,63082,3,5.948513031005859
SASRec,2011,2011-12-31,65041,63876,4,5.608475685119629
SASRec,2011,2011-12-31,65041,68157,5,5.544475078582764
SASRec,2011,2011-12-31,65041,44555,6,5.442734241485596
SASRec,2011,2011-12-31,65041,48774,7,5.413004398345947
SASRec,2011,2011-12-31,65041,57669,8,5.402684211730957
SASRec,2011,2011-12-31,65041,68954,9,5.293456077575684
SASRec,2011,2011-12-31,65041,70286,10,5.274454593658447
SASRec,2011,2011-12-31,65763,50,1,7.946749210357666
SASRec,2011,2011-12-31,65763,110,2,7.85324764251709
SASRec,2011,2011-12-31,65763,58559,3,7.538712024688721
SASRec,2011,2011-12-31,65763,608,4,7.415435791015625
SASRec,2011,2011-12-31,65763,2762,5,7.408231735229492
SASRec,2011,2011-12-31,65763,48516,6,7.316953659057617
SASRec,2011,2011-12-31,65763,32,7,7.264474868774414
SASRec,2011,2011-12-31,65763,589,8,7.228211402893066
SASRec,2011,2011-12-31,65763,1,9,7.154574871063232
SASRec,2011,2011-12-31,65763,858,10,7.125401020050049
SASRec,2011,2011-12-31,65996,71518,1,6.64532995223999
SASRec,2011,2011-12-31,65996,76251,2,6.617282390594482
SASRec,2011,2011-12-31,65996,77561,3,6.562469959259033
SASRec,2011,2011-12-31,65996,70286,4,6.214578151702881
SASRec,2011,2011-12-31,65996,78105,5,6.180328369140625
SASRec,2011,2011-12-31,65996,72407,6,6.1702165603637695
SASRec,2011,2011-12-31,65996,68157,7,6.142716407775879
SASRec,2011,2011-12-31,65996,68954,8,6.130784511566162
SASRec,2011,2011-12-31,65996,79293,9,6.12567138671875
SASRec,2011,2011-12-31,65996,79702,10,6.110232830047607
SASRec,2011,2011-12-31,66193,25993,1,3.445441246032715
SASRec,2011,2011-12-31,66193,49772,2,3.3176984786987305
SASRec,2011,2011-12-31,66193,7749,3,3.0017056465148926
SASRec,2011,2011-12-31,66193,25898,4,2.978787660598755
SASRec,2011,2011-12-31,66193,65465,5,2.955181121826172
SASRec,2011,2011-12-31,66193,8197,6,2.8824191093444824
SASRec,2011,2011-12-31,66193,841,7,2.881392240524292
SASRec,2011,2011-12-31,66193,32525,8,2.872969150543213
SASRec,2011,2011-12-31,66193,8584,9,2.8528177738189697
SASRec,2011,2011-12-31,66193,6530,10,2.8476624488830566
SASRec,2011,2011-12-31,66569,70286,1,7.13229513168335
SASRec,2011,2011-12-31,66569,63082,2,7.028810501098633
SASRec,2011,2011-12-31,66569,68954,3,6.970286846160889
SASRec,2011,2011-12-31,66569,58559,4,6.939323902130127
SASRec,2011,2011-12-31,66569,76251,5,6.866788387298584
SASRec,2011,2011-12-31,66569,73017,6,6.634070873260498
SASRec,2011,2011-12-31,66569,71535,7,6.549563407897949
SASRec,2011,2011-12-31,66569,69122,8,6.48607063293457
SASRec,2011,2011-12-31,66569,56174,9,6.391537666320801
SASRec,2011,2011-12-31,66569,74458,10,6.373690128326416
SASRec,2011,2011-12-31,66674,1367,1,6.031186103820801
SASRec,2011,2011-12-31,66674,616,2,6.031167030334473
SASRec,2011,2011-12-31,66674,661,3,5.930535793304443
SASRec,2011,2011-12-31,66674,673,4,5.899311542510986
SASRec,2011,2011-12-31,66674,107,5,5.839949607849121
SASRec,2011,2011-12-31,66674,1339,6,5.799082279205322
SASRec,2011,2011-12-31,66674,1120,7,5.795105934143066
SASRec,2011,2011-12-31,66674,1022,8,5.7596435546875
SASRec,2011,2011-12-31,66674,1027,9,5.72730827331543
SASRec,2011,2011-12-31,66674,1405,10,5.689611434936523
SASRec,2011,2011-12-31,66832,71518,1,6.629522323608398
SASRec,2011,2011-12-31,66832,77561,2,6.440463066101074
SASRec,2011,2011-12-31,66832,78105,3,6.254248142242432
SASRec,2011,2011-12-31,66832,79293,4,6.144010066986084
SASRec,2011,2011-12-31,66832,80489,5,6.091662883758545
SASRec,2011,2011-12-31,66832,74275,6,5.99330997467041
SASRec,2011,2011-12-31,66832,78499,7,5.979139804840088
SASRec,2011,2011-12-31,66832,74795,8,5.91664981842041
SASRec,2011,2011-12-31,66832,74948,9,5.905517578125
SASRec,2011,2011-12-31,66832,77206,10,5.821488380432129
SASRec,2011,2011-12-31,67263,68157,1,7.153182029724121
SASRec,2011,2011-12-31,67263,68954,2,7.063079357147217
SASRec,2011,2011-12-31,67263,77561,3,6.7336344718933105
SASRec,2011,2011-12-31,67263,71535,4,6.725281715393066
SASRec,2011,2011-12-31,67263,74458,5,6.678544998168945
SASRec,2011,2011-12-31,67263,69122,6,6.610684394836426
SASRec,2011,2011-12-31,67263,71518,7,6.609325885772705
SASRec,2011,2011-12-31,67263,79702,8,6.604439735412598
SASRec,2011,2011-12-31,67263,78499,9,6.485944747924805
SASRec,2011,2011-12-31,67263,80489,10,6.421097755432129
SASRec,2011,2011-12-31,67298,58559,1,6.618168830871582
SASRec,2011,2011-12-31,67298,56367,2,6.175180912017822
SASRec,2011,2011-12-31,67298,68954,3,6.1683149337768555
SASRec,2011,2011-12-31,67298,71535,4,6.154493808746338
SASRec,2011,2011-12-31,67298,63082,5,6.097023963928223
SASRec,2011,2011-12-31,67298,61132,6,6.019596576690674
SASRec,2011,2011-12-31,67298,74458,7,5.943696022033691
SASRec,2011,2011-12-31,67298,73017,8,5.877314567565918
SASRec,2011,2011-12-31,67298,72407,9,5.8217902183532715
SASRec,2011,2011-12-31,67298,69122,10,5.812013626098633
SASRec,2011,2011-12-31,67464,70286,1,6.987061023712158
SASRec,2011,2011-12-31,67464,76251,2,6.93272066116333
SASRec,2011,2011-12-31,67464,68157,3,6.7443671226501465
SASRec,2011,2011-12-31,67464,69122,4,6.543384552001953
SASRec,2011,2011-12-31,67464,74458,5,6.47210693359375
SASRec,2011,2011-12-31,67464,71518,6,6.35586404800415
SASRec,2011,2011-12-31,67464,80489,7,6.287295818328857
SASRec,2011,2011-12-31,67464,56174,8,6.257658958435059
SASRec,2011,2011-12-31,67464,72407,9,6.169234275817871
SASRec,2011,2011-12-31,67464,78105,10,6.096033096313477
SASRec,2011,2011-12-31,67494,72998,1,6.494111061096191
SASRec,2011,2011-12-31,67494,71535,2,6.349680423736572
SASRec,2011,2011-12-31,67494,73017,3,6.259423732757568
SASRec,2011,2011-12-31,67494,78499,4,6.120037078857422
SASRec,2011,2011-12-31,67494,68159,5,6.084613800048828
SASRec,2011,2011-12-31,67494,64614,6,6.062856197357178
SASRec,2011,2011-12-31,67494,74458,7,6.046859264373779
SASRec,2011,2011-12-31,67494,68237,8,6.024933815002441
SASRec,2011,2011-12-31,67494,77561,9,5.972537994384766
SASRec,2011,2011-12-31,67494,80489,10,5.961090564727783
SASRec,2011,2011-12-31,67589,2572,1,6.042788505554199
SASRec,2011,2011-12-31,67589,1367,2,5.960081577301025
SASRec,2011,2011-12-31,67589,1438,3,5.652418613433838
SASRec,2011,2011-12-31,67589,1644,4,5.560160160064697
SASRec,2011,2011-12-31,67589,673,5,5.521496295928955
SASRec,2011,2011-12-31,67589,1037,6,5.424953937530518
SASRec,2011,2011-12-31,67589,1027,7,5.410749435424805
SASRec,2011,2011-12-31,67589,1093,8,5.392199993133545
SASRec,2011,2011-12-31,67589,1479,9,5.389687538146973
SASRec,2011,2011-12-31,67589,1416,10,5.3025360107421875
SASRec,2011,2011-12-31,67646,71535,1,6.40252685546875
SASRec,2011,2011-12-31,67646,56174,2,6.359467029571533
SASRec,2011,2011-12-31,67646,74458,3,6.19976806640625
SASRec,2011,2011-12-31,67646,73017,4,6.1895036697387695
SASRec,2011,2011-12-31,67646,64614,5,5.889511585235596
SASRec,2011,2011-12-31,67646,69481,6,5.799424171447754
SASRec,2011,2011-12-31,67646,68237,7,5.680004119873047
SASRec,2011,2011-12-31,67646,74789,8,5.66649055480957
SASRec,2011,2011-12-31,67646,54286,9,5.654007911682129
SASRec,2011,2011-12-31,67646,49272,10,5.571591854095459
SASRec,2011,2011-12-31,67795,58559,1,7.5684638023376465
SASRec,2011,2011-12-31,67795,68157,2,7.3383469581604
SASRec,2011,2011-12-31,67795,70286,3,7.2304911613464355
SASRec,2011,2011-12-31,67795,76251,4,6.764216423034668
SASRec,2011,2011-12-31,67795,48516,5,6.730617523193359
SASRec,2011,2011-12-31,67795,74458,6,6.55922269821167
SASRec,2011,2011-12-31,67795,71535,7,6.5503644943237305
SASRec,2011,2011-12-31,67795,59315,8,6.479949474334717
SASRec,2011,2011-12-31,67795,73017,9,6.453160762786865
SASRec,2011,2011-12-31,67795,69122,10,6.449485778808594
SASRec,2011,2011-12-31,68004,58559,1,8.469375610351562
SASRec,2011,2011-12-31,68004,4226,2,7.833137035369873
SASRec,2011,2011-12-31,68004,56174,3,7.756396293640137
SASRec,2011,2011-12-31,68004,48516,4,7.735074996948242
SASRec,2011,2011-12-31,68004,51662,5,7.5527801513671875
SASRec,2011,2011-12-31,68004,56367,6,7.532253265380859
SASRec,2011,2011-12-31,68004,63082,7,7.44839334487915
SASRec,2011,2011-12-31,68004,55820,8,7.436279773712158
SASRec,2011,2011-12-31,68004,44191,9,7.411529541015625
SASRec,2011,2011-12-31,68004,70286,10,7.383907318115234
SASRec,2011,2011-12-31,68012,55820,1,7.651237487792969
SASRec,2011,2011-12-31,68012,63082,2,7.460811138153076
SASRec,2011,2011-12-31,68012,70286,3,7.251334190368652
SASRec,2011,2011-12-31,68012,68954,4,6.9907331466674805
SASRec,2011,2011-12-31,68012,72998,5,6.693210124969482
SASRec,2011,2011-12-31,68012,56174,6,6.692142486572266
SASRec,2011,2011-12-31,68012,57669,7,6.6398138999938965
SASRec,2011,2011-12-31,68012,49272,8,6.5810933113098145
SASRec,2011,2011-12-31,68012,54286,9,6.575689315795898
SASRec,2011,2011-12-31,68012,74458,10,6.521113872528076
SASRec,2011,2011-12-31,68097,70286,1,7.466464996337891
SASRec,2011,2011-12-31,68097,56174,2,7.368679046630859
SASRec,2011,2011-12-31,68097,59315,3,7.196343421936035
SASRec,2011,2011-12-31,68097,55820,4,7.001516342163086
SASRec,2011,2011-12-31,68097,72998,5,6.914061546325684
SASRec,2011,2011-12-31,68097,56367,6,6.9062981605529785
SASRec,2011,2011-12-31,68097,63082,7,6.897739410400391
SASRec,2011,2011-12-31,68097,51662,8,6.89138126373291
SASRec,2011,2011-12-31,68097,68157,9,6.781916618347168
SASRec,2011,2011-12-31,68097,71535,10,6.73030424118042
SASRec,2011,2011-12-31,68103,6016,1,6.340680122375488
SASRec,2011,2011-12-31,68103,48516,2,6.264769554138184
SASRec,2011,2011-12-31,68103,27773,3,6.102890491485596
SASRec,2011,2011-12-31,68103,30749,4,5.780148029327393
SASRec,2011,2011-12-31,68103,48774,5,5.765082359313965
SASRec,2011,2011-12-31,68103,44761,6,5.61574649810791
SASRec,2011,2011-12-31,68103,31658,7,5.5951337814331055
SASRec,2011,2011-12-31,68103,6867,8,5.571938991546631
SASRec,2011,2011-12-31,68103,37733,9,5.55767297744751
SASRec,2011,2011-12-31,68103,7090,10,5.553528785705566
SASRec,2011,2011-12-31,68405,5303,1,5.375010013580322
SASRec,2011,2011-12-31,68405,4677,2,5.107810974121094
SASRec,2011,2011-12-31,68405,4681,3,4.942632675170898
SASRec,2011,2011-12-31,68405,4679,4,4.878299236297607
SASRec,2011,2011-12-31,68405,6810,5,4.768177509307861
SASRec,2011,2011-12-31,68405,4558,6,4.728118896484375
SASRec,2011,2011-12-31,68405,4587,7,4.716455936431885
SASRec,2011,2011-12-31,68405,4232,8,4.688852310180664
SASRec,2011,2011-12-31,68405,5214,9,4.656032085418701
SASRec,2011,2011-12-31,68405,5308,10,4.6263251304626465
SASRec,2011,2011-12-31,68445,63082,1,4.893381595611572
SASRec,2011,2011-12-31,68445,48516,2,4.636083602905273
SASRec,2011,2011-12-31,68445,56171,3,4.632322311401367
SASRec,2011,2011-12-31,68445,61132,4,4.388548851013184
SASRec,2011,2011-12-31,68445,55276,5,4.378625869750977
SASRec,2011,2011-12-31,68445,65130,6,4.357205867767334
SASRec,2011,2011-12-31,68445,52241,7,4.289218425750732
SASRec,2011,2011-12-31,68445,56788,8,4.279618263244629
SASRec,2011,2011-12-31,68445,60950,9,4.249026298522949
SASRec,2011,2011-12-31,68445,58998,10,4.222851753234863
SASRec,2011,2011-12-31,68639,76251,1,5.954107284545898
SASRec,2011,2011-12-31,68639,77206,2,5.841860294342041
SASRec,2011,2011-12-31,68639,73027,3,5.836850643157959
SASRec,2011,2011-12-31,68639,71108,4,5.687671184539795
SASRec,2011,2011-12-31,68639,80489,5,5.678136348724365
SASRec,2011,2011-12-31,68639,80463,6,5.670738697052002
SASRec,2011,2011-12-31,68639,74916,7,5.648128986358643
SASRec,2011,2011-12-31,68639,74948,8,5.551850318908691
SASRec,2011,2011-12-31,68639,76173,9,5.526914119720459
SASRec,2011,2011-12-31,68639,68159,10,5.511478900909424
SASRec,2011,2011-12-31,68722,59315,1,5.278210639953613
SASRec,2011,2011-12-31,68722,72998,2,4.842371940612793
SASRec,2011,2011-12-31,68722,52722,3,4.734923362731934
SASRec,2011,2011-12-31,68722,72407,4,4.677508354187012
SASRec,2011,2011-12-31,68722,53125,5,4.514159679412842
SASRec,2011,2011-12-31,68722,60037,6,4.452393054962158
SASRec,2011,2011-12-31,68722,63113,7,4.4336323738098145
SASRec,2011,2011-12-31,68722,61248,8,4.415380001068115
SASRec,2011,2011-12-31,68722,56801,9,4.40110445022583
SASRec,2011,2011-12-31,68722,60040,10,4.380814552307129
SASRec,2011,2011-12-31,68740,63082,1,7.059614658355713
SASRec,2011,2011-12-31,68740,56367,2,6.975968360900879
SASRec,2011,2011-12-31,68740,60069,3,6.79962682723999
SASRec,2011,2011-12-31,68740,32587,4,6.562928199768066
SASRec,2011,2011-12-31,68740,68954,5,6.5602126121521
SASRec,2011,2011-12-31,68740,8874,6,6.387319564819336
SASRec,2011,2011-12-31,68740,48780,7,6.38215446472168
SASRec,2011,2011-12-31,68740,2571,8,6.166261672973633
SASRec,2011,2011-12-31,68740,71535,9,6.138387203216553
SASRec,2011,2011-12-31,68740,56782,10,6.11842155456543
SASRec,2011,2011-12-31,68776,51773,1,6.050910949707031
SASRec,2011,2011-12-31,68776,69489,2,6.013973236083984
SASRec,2011,2011-12-31,68776,77206,3,5.9912333488464355
SASRec,2011,2011-12-31,68776,38656,4,5.848520755767822
SASRec,2011,2011-12-31,68776,74916,5,5.740053653717041
SASRec,2011,2011-12-31,68776,44601,6,5.542495250701904
SASRec,2011,2011-12-31,68776,76303,7,5.521067142486572
SASRec,2011,2011-12-31,68776,26710,8,5.516366481781006
SASRec,2011,2011-12-31,68776,40422,9,5.502983093261719
SASRec,2011,2011-12-31,68776,73983,10,5.457333087921143
SASRec,2011,2011-12-31,68778,70286,1,6.620997428894043
SASRec,2011,2011-12-31,68778,68157,2,6.260857582092285
SASRec,2011,2011-12-31,68778,68954,3,6.131819248199463
SASRec,2011,2011-12-31,68778,48774,4,6.033764362335205
SASRec,2011,2011-12-31,68778,74458,5,6.000688552856445
SASRec,2011,2011-12-31,68778,56174,6,5.991724491119385
SASRec,2011,2011-12-31,68778,71535,7,5.969280242919922
SASRec,2011,2011-12-31,68778,49272,8,5.811724662780762
SASRec,2011,2011-12-31,68778,76251,9,5.805084705352783
SASRec,2011,2011-12-31,68778,72998,10,5.704483509063721
SASRec,2011,2011-12-31,69040,56174,1,6.466615676879883
SASRec,2011,2011-12-31,69040,2167,2,6.446156024932861
SASRec,2011,2011-12-31,69040,2628,3,6.403878211975098
SASRec,2011,2011-12-31,69040,442,4,6.4036078453063965
SASRec,2011,2011-12-31,69040,2054,5,6.359701156616211
SASRec,2011,2011-12-31,69040,1391,6,6.335232734680176
SASRec,2011,2011-12-31,69040,3081,7,6.3304762840271
SASRec,2011,2011-12-31,69040,208,8,6.309010028839111
SASRec,2011,2011-12-31,69040,10,9,6.295306205749512
SASRec,2011,2011-12-31,69040,4370,10,6.26058292388916
SASRec,2011,2011-12-31,69152,68954,1,6.884397506713867
SASRec,2011,2011-12-31,69152,68157,2,6.836740493774414
SASRec,2011,2011-12-31,69152,70286,3,6.775477409362793
SASRec,2011,2011-12-31,69152,72998,4,6.6166157722473145
SASRec,2011,2011-12-31,69152,76251,5,6.5877861976623535
SASRec,2011,2011-12-31,69152,58559,6,6.492701053619385
SASRec,2011,2011-12-31,69152,71518,7,6.375975131988525
SASRec,2011,2011-12-31,69152,73017,8,6.295155048370361
SASRec,2011,2011-12-31,69152,66097,9,6.262993812561035
SASRec,2011,2011-12-31,69152,71535,10,6.17542028427124
SASRec,2011,2011-12-31,69401,70286,1,6.92534065246582
SASRec,2011,2011-12-31,69401,72998,2,6.236081123352051
SASRec,2011,2011-12-31,69401,71535,3,6.03062629699707
SASRec,2011,2011-12-31,69401,60069,4,5.9417853355407715
SASRec,2011,2011-12-31,69401,56367,5,5.937320232391357
SASRec,2011,2011-12-31,69401,74458,6,5.843502998352051
SASRec,2011,2011-12-31,69401,73017,7,5.818873882293701
SASRec,2011,2011-12-31,69401,51662,8,5.720609664916992
SASRec,2011,2011-12-31,69401,76251,9,5.665274620056152
SASRec,2011,2011-12-31,69401,48516,10,5.633021354675293
SASRec,2011,2011-12-31,69569,5445,1,8.814231872558594
SASRec,2011,2011-12-31,69569,4886,2,8.60180377960205
SASRec,2011,2011-12-31,69569,5952,3,8.505256652832031
SASRec,2011,2011-12-31,69569,4306,4,8.421338081359863
SASRec,2011,2011-12-31,69569,6539,5,8.22366714477539
SASRec,2011,2011-12-31,69569,3977,6,8.03375244140625
SASRec,2011,2011-12-31,69569,4993,7,7.75982666015625
SASRec,2011,2011-12-31,69569,7153,8,7.697816848754883
SASRec,2011,2011-12-31,69569,5418,9,7.679817199707031
SASRec,2011,2011-12-31,69569,3623,10,7.674094200134277
SASRec,2011,2011-12-31,69603,52973,1,6.272650718688965
SASRec,2011,2011-12-31,69603,45499,2,6.0241923332214355
SASRec,2011,2011-12-31,69603,56757,3,5.759219169616699
SASRec,2011,2011-12-31,69603,72407,4,5.599785804748535
SASRec,2011,2011-12-31,69603,68319,5,5.598093032836914
SASRec,2011,2011-12-31,69603,50872,6,5.498497009277344
SASRec,2011,2011-12-31,69603,74789,7,5.497997760772705
SASRec,2011,2011-12-31,69603,58998,8,5.484188079833984
SASRec,2011,2011-12-31,69603,2542,9,5.466644287109375
SASRec,2011,2011-12-31,69603,53972,10,5.466028213500977
SASRec,2011,2011-12-31,69604,70286,1,7.424843788146973
SASRec,2011,2011-12-31,69604,68954,2,7.202136993408203
SASRec,2011,2011-12-31,69604,76251,3,6.907158374786377
SASRec,2011,2011-12-31,69604,73017,4,6.791625022888184
SASRec,2011,2011-12-31,69604,59315,5,6.64745569229126
SASRec,2011,2011-12-31,69604,74458,6,6.578114032745361
SASRec,2011,2011-12-31,69604,77561,7,6.547054290771484
SASRec,2011,2011-12-31,69604,79132,8,6.451380252838135
SASRec,2011,2011-12-31,69604,72407,9,6.425414562225342
SASRec,2011,2011-12-31,69604,56367,10,6.396401405334473
SASRec,2011,2011-12-31,69641,76251,1,6.8290276527404785
SASRec,2011,2011-12-31,69641,71518,2,6.689340591430664
SASRec,2011,2011-12-31,69641,73017,3,6.52254581451416
SASRec,2011,2011-12-31,69641,77561,4,6.429525375366211
SASRec,2011,2011-12-31,69641,69122,5,6.382117748260498
SASRec,2011,2011-12-31,69641,79702,6,6.349265098571777
SASRec,2011,2011-12-31,69641,72407,7,6.336771488189697
SASRec,2011,2011-12-31,69641,71535,8,6.31046724319458
SASRec,2011,2011-12-31,69641,79132,9,6.167144775390625
SASRec,2011,2011-12-31,69641,78499,10,6.1581645011901855
SASRec,2011,2011-12-31,69815,72407,1,4.279421329498291
SASRec,2011,2011-12-31,69815,74275,2,4.0443596839904785
SASRec,2011,2011-12-31,69815,68159,3,3.9532551765441895
SASRec,2011,2011-12-31,69815,62081,4,3.952749013900757
SASRec,2011,2011-12-31,69815,68554,5,3.8642566204071045
SASRec,2011,2011-12-31,69815,72395,6,3.7962143421173096
SASRec,2011,2011-12-31,69815,72998,7,3.791863203048706
SASRec,2011,2011-12-31,69815,70336,8,3.7624106407165527
SASRec,2011,2011-12-31,69815,64716,9,3.7338929176330566
SASRec,2011,2011-12-31,69815,79293,10,3.65893816947937
SASRec,2011,2011-12-31,70117,71518,1,6.712238311767578
SASRec,2011,2011-12-31,70117,79702,2,6.3549885749816895
SASRec,2011,2011-12-31,70117,80489,3,6.267812252044678
SASRec,2011,2011-12-31,70117,73017,4,6.258202075958252
SASRec,2011,2011-12-31,70117,78499,5,6.2507195472717285
SASRec,2011,2011-12-31,70117,79293,6,6.161714553833008
SASRec,2011,2011-12-31,70117,69122,7,6.095335006713867
SASRec,2011,2011-12-31,70117,78105,8,6.080846786499023
SASRec,2011,2011-12-31,70117,71535,9,6.059263706207275
SASRec,2011,2011-12-31,70117,74275,10,6.020298004150391
SASRec,2011,2011-12-31,70139,541,1,7.319863319396973
SASRec,2011,2011-12-31,70139,150,2,7.120636940002441
SASRec,2011,2011-12-31,70139,32587,3,7.032288551330566
SASRec,2011,2011-12-31,70139,1270,4,7.017125129699707
SASRec,2011,2011-12-31,70139,590,5,6.799455165863037
SASRec,2011,2011-12-31,70139,1036,6,6.782285690307617
SASRec,2011,2011-12-31,70139,1221,7,6.500516891479492
SASRec,2011,2011-12-31,70139,111,8,6.457551002502441
SASRec,2011,2011-12-31,70139,33493,9,6.303323745727539
SASRec,2011,2011-12-31,70139,1208,10,6.298950672149658
SASRec,2011,2011-12-31,70324,76251,1,6.9478960037231445
SASRec,2011,2011-12-31,70324,68954,2,6.6466145515441895
SASRec,2011,2011-12-31,70324,63082,3,6.348593711853027
SASRec,2011,2011-12-31,70324,78499,4,6.2053680419921875
SASRec,2011,2011-12-31,70324,73017,5,6.1987175941467285
SASRec,2011,2011-12-31,70324,69481,6,6.064691543579102
SASRec,2011,2011-12-31,70324,77561,7,5.974567413330078
SASRec,2011,2011-12-31,70324,80463,8,5.972561836242676
SASRec,2011,2011-12-31,70324,69122,9,5.961014747619629
SASRec,2011,2011-12-31,70324,68358,10,5.852504730224609
SASRec,2011,2011-12-31,70963,70286,1,7.5315470695495605
SASRec,2011,2011-12-31,70963,60069,2,6.923902988433838
SASRec,2011,2011-12-31,70963,72998,3,6.907622337341309
SASRec,2011,2011-12-31,70963,74458,4,6.8913445472717285
SASRec,2011,2011-12-31,70963,73017,5,6.626456260681152
SASRec,2011,2011-12-31,70963,48774,6,6.625741958618164
SASRec,2011,2011-12-31,70963,69122,7,6.412787437438965
SASRec,2011,2011-12-31,70963,64839,8,6.29250431060791
SASRec,2011,2011-12-31,70963,79132,9,6.181253433227539
SASRec,2011,2011-12-31,70963,78499,10,6.068463325500488
SASRec,2011,2011-12-31,70973,76251,1,5.794958114624023
SASRec,2011,2011-12-31,70973,68237,2,5.709791660308838
SASRec,2011,2011-12-31,70973,71535,3,5.543468475341797
SASRec,2011,2011-12-31,70973,69481,4,5.481420516967773
SASRec,2011,2011-12-31,70973,68358,5,5.292166709899902
SASRec,2011,2011-12-31,70973,924,6,5.290910720825195
SASRec,2011,2011-12-31,70973,80463,7,5.288509845733643
SASRec,2011,2011-12-31,70973,73017,8,5.2855048179626465
SASRec,2011,2011-12-31,70973,608,9,5.279973983764648
SASRec,2011,2011-12-31,70973,54286,10,5.2434258460998535
SASRec,2011,2011-12-31,71215,48774,1,6.326623916625977
SASRec,2011,2011-12-31,71215,44555,2,6.004209041595459
SASRec,2011,2011-12-31,71215,63876,3,5.824531555175781
SASRec,2011,2011-12-31,71215,57669,4,5.809292793273926
SASRec,2011,2011-12-31,71215,46578,5,5.77468729019165
SASRec,2011,2011-12-31,71215,70286,6,5.691414833068848
SASRec,2011,2011-12-31,71215,60069,7,5.627356052398682
SASRec,2011,2011-12-31,71215,44761,8,5.565093040466309
SASRec,2011,2011-12-31,71215,27773,9,5.4752116203308105
SASRec,2011,2011-12-31,71215,56782,10,5.462116241455078
SASRec,2011,2011-12-31,71347,77206,1,5.967924118041992
SASRec,2011,2011-12-31,71347,68157,2,5.764430999755859
SASRec,2011,2011-12-31,71347,80463,3,5.7491302490234375
SASRec,2011,2011-12-31,71347,79702,4,5.717459678649902
SASRec,2011,2011-12-31,71347,78105,5,5.711533546447754
SASRec,2011,2011-12-31,71347,80489,6,5.6977972984313965
SASRec,2011,2011-12-31,71347,79293,7,5.653051376342773
SASRec,2011,2011-12-31,71347,74948,8,5.650076866149902
SASRec,2011,2011-12-31,71347,74916,9,5.6316399574279785
SASRec,2011,2011-12-31,71347,77561,10,5.517348766326904
SASRec,2011,2011-12-31,71873,51662,1,7.0519866943359375
SASRec,2011,2011-12-31,71873,44665,2,6.985895156860352
SASRec,2011,2011-12-31,71873,32587,3,6.874166011810303
SASRec,2011,2011-12-31,71873,34162,4,6.848303318023682
SASRec,2011,2011-12-31,71873,45499,5,6.793815612792969
SASRec,2011,2011-12-31,71873,8874,6,6.766845226287842
SASRec,2011,2011-12-31,71873,53125,7,6.677119255065918
SASRec,2011,2011-12-31,71873,34319,8,6.637629508972168
SASRec,2011,2011-12-31,71873,8636,9,6.58573055267334
SASRec,2011,2011-12-31,71873,49272,10,6.538388729095459
SASRec,2011,2011-12-31,71987,71518,1,6.441929340362549
SASRec,2011,2011-12-31,71987,80489,2,5.917794227600098
SASRec,2011,2011-12-31,71987,70286,3,5.848817825317383
SASRec,2011,2011-12-31,71987,74795,4,5.843526363372803
SASRec,2011,2011-12-31,71987,74948,5,5.790956020355225
SASRec,2011,2011-12-31,71987,68157,6,5.757658958435059
SASRec,2011,2011-12-31,71987,68159,7,5.736242294311523
SASRec,2011,2011-12-31,71987,74156,8,5.709902286529541
SASRec,2011,2011-12-31,71987,66509,9,5.685363292694092
SASRec,2011,2011-12-31,71987,71135,10,5.672558784484863
SASRec,2011,2011-12-31,72217,70286,1,7.60783052444458
SASRec,2011,2011-12-31,72217,68954,2,7.229618072509766
SASRec,2011,2011-12-31,72217,72998,3,7.217702388763428
SASRec,2011,2011-12-31,72217,58559,4,7.122629165649414
SASRec,2011,2011-12-31,72217,56174,5,7.030520439147949
SASRec,2011,2011-12-31,72217,71535,6,6.9799323081970215
SASRec,2011,2011-12-31,72217,76251,7,6.955795764923096
SASRec,2011,2011-12-31,72217,74458,8,6.702256679534912
SASRec,2011,2011-12-31,72217,60069,9,6.643515586853027
SASRec,2011,2011-12-31,72217,68358,10,6.629802703857422
SASRec,2011,2011-12-31,72232,110,1,7.377865314483643
SASRec,2011,2011-12-31,72232,63082,2,6.979801177978516
SASRec,2011,2011-12-31,72232,74458,3,6.924661636352539
SASRec,2011,2011-12-31,72232,589,4,6.924185752868652
SASRec,2011,2011-12-31,72232,56367,5,6.870012283325195
SASRec,2011,2011-12-31,72232,51662,6,6.853676795959473
SASRec,2011,2011-12-31,72232,48516,7,6.795984268188477
SASRec,2011,2011-12-31,72232,60069,8,6.792306900024414
SASRec,2011,2011-12-31,72232,72998,9,6.781917572021484
SASRec,2011,2011-12-31,72232,44191,10,6.723908424377441
SASRec,2011,2011-12-31,72587,377,1,8.589686393737793
SASRec,2011,2011-12-31,72587,10,2,8.377291679382324
SASRec,2011,2011-12-31,72587,208,3,8.160572052001953
SASRec,2011,2011-12-31,72587,5349,4,7.922090530395508
SASRec,2011,2011-12-31,72587,2012,5,7.864614009857178
SASRec,2011,2011-12-31,72587,3977,6,7.862215518951416
SASRec,2011,2011-12-31,72587,2628,7,7.788186073303223
SASRec,2011,2011-12-31,72587,316,8,7.753032207489014
SASRec,2011,2011-12-31,72587,153,9,7.724653244018555
SASRec,2011,2011-12-31,72587,185,10,7.718319892883301
SASRec,2011,2011-12-31,72638,2572,1,6.364683151245117
SASRec,2011,2011-12-31,72638,58559,2,6.138711929321289
SASRec,2011,2011-12-31,72638,2722,3,5.928399562835693
SASRec,2011,2011-12-31,72638,56174,4,5.758418560028076
SASRec,2011,2011-12-31,72638,3354,5,5.70298957824707
SASRec,2011,2011-12-31,72638,51662,6,5.694386959075928
SASRec,2011,2011-12-31,72638,2694,7,5.488341331481934
SASRec,2011,2011-12-31,72638,3717,8,5.477185249328613
SASRec,2011,2011-12-31,72638,1882,9,5.443047523498535
SASRec,2011,2011-12-31,72638,3826,10,5.440428733825684
SASRec,2011,2011-12-31,72663,71518,1,6.196010589599609
SASRec,2011,2011-12-31,72663,76251,2,6.035686492919922
SASRec,2011,2011-12-31,72663,68954,3,5.806699752807617
SASRec,2011,2011-12-31,72663,74275,4,5.772913932800293
SASRec,2011,2011-12-31,72663,68159,5,5.694479465484619
SASRec,2011,2011-12-31,72663,65130,6,5.6094207763671875
SASRec,2011,2011-12-31,72663,79293,7,5.544765949249268
SASRec,2011,2011-12-31,72663,72998,8,5.541314125061035
SASRec,2011,2011-12-31,72663,69604,9,5.482157230377197
SASRec,2011,2011-12-31,72663,71535,10,5.460268497467041
SASRec,2011,2011-12-31,72888,68157,1,4.8012213706970215
SASRec,2011,2011-12-31,72888,76251,2,4.775057315826416
SASRec,2011,2011-12-31,72888,71518,3,4.653162479400635
SASRec,2011,2011-12-31,72888,78499,4,4.56003999710083
SASRec,2011,2011-12-31,72888,70286,5,4.542734622955322
SASRec,2011,2011-12-31,72888,65130,6,4.445237636566162
SASRec,2011,2011-12-31,72888,71535,7,4.443769454956055
SASRec,2011,2011-12-31,72888,68159,8,4.415228843688965
SASRec,2011,2011-12-31,72888,52241,9,4.350662708282471
SASRec,2011,2011-12-31,72888,68954,10,4.343371391296387
SASRec,2011,2011-12-31,73045,7361,1,6.188353538513184
SASRec,2011,2011-12-31,73045,32587,2,5.549039363861084
SASRec,2011,2011-12-31,73045,6016,3,5.538167476654053
SASRec,2011,2011-12-31,73045,5669,4,5.503357887268066
SASRec,2011,2011-12-31,73045,8784,5,5.500895977020264
SASRec,2011,2011-12-31,73045,6539,6,5.404449939727783
SASRec,2011,2011-12-31,73045,8464,7,5.382795810699463
SASRec,2011,2011-12-31,73045,5618,8,5.353776931762695
SASRec,2011,2011-12-31,73045,5673,9,5.347963809967041
SASRec,2011,2011-12-31,73045,7147,10,5.3128743171691895
SASRec,2011,2011-12-31,73145,27821,1,5.011934280395508
SASRec,2011,2011-12-31,73145,7293,2,4.9509453773498535
SASRec,2011,2011-12-31,73145,6942,3,4.754487037658691
SASRec,2011,2011-12-31,73145,8949,4,4.747453212738037
SASRec,2011,2011-12-31,73145,5673,5,4.663365840911865
SASRec,2011,2011-12-31,73145,6323,6,4.662442207336426
SASRec,2011,2011-12-31,73145,8910,7,4.6081695556640625
SASRec,2011,2011-12-31,73145,6863,8,4.5704264640808105
SASRec,2011,2011-12-31,73145,8783,9,4.478853702545166
SASRec,2011,2011-12-31,73145,35836,10,4.478283405303955
SASRec,2011,2011-12-31,73579,56174,1,7.3241705894470215
SASRec,2011,2011-12-31,73579,2683,2,7.017058849334717
SASRec,2011,2011-12-31,73579,356,3,6.879546165466309
SASRec,2011,2011-12-31,73579,377,4,6.840152740478516
SASRec,2011,2011-12-31,73579,588,5,6.7671003341674805
SASRec,2011,2011-12-31,73579,296,6,6.75681734085083
SASRec,2011,2011-12-31,73579,165,7,6.754157066345215
SASRec,2011,2011-12-31,73579,19,8,6.739994049072266
SASRec,2011,2011-12-31,73579,648,9,6.735706329345703
SASRec,2011,2011-12-31,73579,208,10,6.735142707824707
SASRec,2011,2011-12-31,74000,51773,1,5.9563140869140625
SASRec,2011,2011-12-31,74000,69489,2,5.862431526184082
SASRec,2011,2011-12-31,74000,38656,3,5.729341506958008
SASRec,2011,2011-12-31,74000,74488,4,5.469505786895752
SASRec,2011,2011-12-31,74000,71928,5,5.45085334777832
SASRec,2011,2011-12-31,74000,76303,6,5.4448041915893555
SASRec,2011,2011-12-31,74000,26710,7,5.439013481140137
SASRec,2011,2011-12-31,74000,71518,8,5.438868999481201
SASRec,2011,2011-12-31,74000,44601,9,5.425457000732422
SASRec,2011,2011-12-31,74000,73027,10,5.390458106994629
SASRec,2011,2011-12-31,74212,6754,1,4.944348335266113
SASRec,2011,2011-12-31,74212,6058,2,4.80330228805542
SASRec,2011,2011-12-31,74212,6793,3,4.697778224945068
SASRec,2011,2011-12-31,74212,39446,4,4.607822418212891
SASRec,2011,2011-12-31,74212,7004,5,4.559300899505615
SASRec,2011,2011-12-31,74212,8947,6,4.524385929107666
SASRec,2011,2011-12-31,74212,6383,7,4.513065814971924
SASRec,2011,2011-12-31,74212,8666,8,4.493098735809326
SASRec,2011,2011-12-31,74212,6615,9,4.391787052154541
SASRec,2011,2011-12-31,74212,5574,10,4.361810684204102
SASRec,2011,2011-12-31,74373,58559,1,6.2357869148254395
SASRec,2011,2011-12-31,74373,63082,2,6.226312160491943
SASRec,2011,2011-12-31,74373,70286,3,5.7898945808410645
SASRec,2011,2011-12-31,74373,52241,4,5.6073455810546875
SASRec,2011,2011-12-31,74373,61132,5,5.599245548248291
SASRec,2011,2011-12-31,74373,63876,6,5.576847076416016
SASRec,2011,2011-12-31,74373,64622,7,5.567121505737305
SASRec,2011,2011-12-31,74373,55276,8,5.560719013214111
SASRec,2011,2011-12-31,74373,48774,9,5.558324337005615
SASRec,2011,2011-12-31,74373,65130,10,5.530594348907471
SASRec,2011,2011-12-31,74503,71518,1,6.8135151863098145
SASRec,2011,2011-12-31,74503,79702,2,6.323972702026367
SASRec,2011,2011-12-31,74503,79293,3,6.272610187530518
SASRec,2011,2011-12-31,74503,80489,4,6.213085174560547
SASRec,2011,2011-12-31,74503,78499,5,6.212143421173096
SASRec,2011,2011-12-31,74503,74795,6,6.1711320877075195
SASRec,2011,2011-12-31,74503,74275,7,6.0291314125061035
SASRec,2011,2011-12-31,74503,72407,8,6.025418758392334
SASRec,2011,2011-12-31,74503,68159,9,6.021407604217529
SASRec,2011,2011-12-31,74503,66509,10,5.956348896026611
SASRec,2011,2011-12-31,74560,58559,1,6.712978363037109
SASRec,2011,2011-12-31,74560,56174,2,6.577499866485596
SASRec,2011,2011-12-31,74560,70286,3,6.29304313659668
SASRec,2011,2011-12-31,74560,72998,4,6.2267608642578125
SASRec,2011,2011-12-31,74560,61132,5,6.220349311828613
SASRec,2011,2011-12-31,74560,56367,6,6.17613410949707
SASRec,2011,2011-12-31,74560,51662,7,6.090800762176514
SASRec,2011,2011-12-31,74560,53996,8,6.0464558601379395
SASRec,2011,2011-12-31,74560,63082,9,5.97289514541626
SASRec,2011,2011-12-31,74560,68157,10,5.928889751434326
SASRec,2011,2011-12-31,74769,63082,1,5.88262939453125
SASRec,2011,2011-12-31,74769,70286,2,5.740636825561523
SASRec,2011,2011-12-31,74769,66097,3,5.739503383636475
SASRec,2011,2011-12-31,74769,57669,4,5.60001277923584
SASRec,2011,2011-12-31,74769,69481,5,5.570483684539795
SASRec,2011,2011-12-31,74769,56367,6,5.517151355743408
SASRec,2011,2011-12-31,74769,60069,7,5.375953197479248
SASRec,2011,2011-12-31,74769,59315,8,5.346541881561279
SASRec,2011,2011-12-31,74769,64839,9,5.195740222930908
SASRec,2011,2011-12-31,74769,52241,10,5.124387741088867
SASRec,2011,2011-12-31,75348,72998,1,7.295589923858643
SASRec,2011,2011-12-31,75348,70286,2,7.293673515319824
SASRec,2011,2011-12-31,75348,68954,3,7.1555986404418945
SASRec,2011,2011-12-31,75348,68157,4,7.122874736785889
SASRec,2011,2011-12-31,75348,76251,5,6.982178688049316
SASRec,2011,2011-12-31,75348,63082,6,6.906246185302734
SASRec,2011,2011-12-31,75348,73017,7,6.732568264007568
SASRec,2011,2011-12-31,75348,56174,8,6.600515365600586
SASRec,2011,2011-12-31,75348,71535,9,6.5828447341918945
SASRec,2011,2011-12-31,75348,74458,10,6.51583194732666
SASRec,2011,2011-12-31,76024,39446,1,3.95978045463562
SASRec,2011,2011-12-31,76024,37733,2,3.8582568168640137
SASRec,2011,2011-12-31,76024,45726,3,3.687453508377075
SASRec,2011,2011-12-31,76024,41571,4,3.6136081218719482
SASRec,2011,2011-12-31,76024,47629,5,3.5392355918884277
SASRec,2011,2011-12-31,76024,27821,6,3.526951313018799
SASRec,2011,2011-12-31,76024,45950,7,3.522207498550415
SASRec,2011,2011-12-31,76024,34534,8,3.4441542625427246
SASRec,2011,2011-12-31,76024,45720,9,3.430293083190918
SASRec,2011,2011-12-31,76024,56171,10,3.3992183208465576
SASRec,2011,2011-12-31,76027,33679,1,6.240408897399902
SASRec,2011,2011-12-31,76027,7293,2,6.182096481323242
SASRec,2011,2011-12-31,76027,35836,3,6.165355205535889
SASRec,2011,2011-12-31,76027,30825,4,5.957072734832764
SASRec,2011,2011-12-31,76027,8783,5,5.936388969421387
SASRec,2011,2011-12-31,76027,45186,6,5.911213397979736
SASRec,2011,2011-12-31,76027,34150,7,5.901546478271484
SASRec,2011,2011-12-31,76027,34319,8,5.865966796875
SASRec,2011,2011-12-31,76027,8957,9,5.832092761993408
SASRec,2011,2011-12-31,76027,8528,10,5.740179538726807
SASRec,2011,2011-12-31,76078,58559,1,7.9997239112854
SASRec,2011,2011-12-31,76078,48516,2,7.805292129516602
SASRec,2011,2011-12-31,76078,55820,3,7.574875831604004
SASRec,2011,2011-12-31,76078,56367,4,7.467503547668457
SASRec,2011,2011-12-31,76078,48774,5,7.369089126586914
SASRec,2011,2011-12-31,76078,63082,6,7.2988481521606445
SASRec,2011,2011-12-31,76078,44191,7,7.033069610595703
SASRec,2011,2011-12-31,76078,49272,8,6.966022968292236
SASRec,2011,2011-12-31,76078,60069,9,6.964766502380371
SASRec,2011,2011-12-31,76078,46578,10,6.916988849639893
SASRec,2011,2011-12-31,76347,58559,1,7.278127670288086
SASRec,2011,2011-12-31,76347,56174,2,7.224487781524658
SASRec,2011,2011-12-31,76347,70286,3,7.220912933349609
SASRec,2011,2011-12-31,76347,296,4,6.972766876220703
SASRec,2011,2011-12-31,76347,110,5,6.926151275634766
SASRec,2011,2011-12-31,76347,318,6,6.819886684417725
SASRec,2011,2011-12-31,76347,74458,7,6.61165714263916
SASRec,2011,2011-12-31,76347,59315,8,6.593361854553223
SASRec,2011,2011-12-31,76347,68157,9,6.586062908172607
SASRec,2011,2011-12-31,76347,72998,10,6.576104640960693
SASRec,2011,2011-12-31,76430,55820,1,7.06947660446167
SASRec,2011,2011-12-31,76430,63082,2,7.0016703605651855
SASRec,2011,2011-12-31,76430,48774,3,6.913722515106201
SASRec,2011,2011-12-31,76430,56174,4,6.702816009521484
SASRec,2011,2011-12-31,76430,51662,5,6.512474060058594
SASRec,2011,2011-12-31,76430,48394,6,6.440428733825684
SASRec,2011,2011-12-31,76430,6016,7,6.433439254760742
SASRec,2011,2011-12-31,76430,44191,8,6.418389320373535
SASRec,2011,2011-12-31,76430,44665,9,6.4179301261901855
SASRec,2011,2011-12-31,76430,32587,10,6.406704425811768
SASRec,2011,2011-12-31,76512,71518,1,6.353266716003418
SASRec,2011,2011-12-31,76512,71108,2,6.072943687438965
SASRec,2011,2011-12-31,76512,76251,3,6.003166198730469
SASRec,2011,2011-12-31,76512,73027,4,5.73969841003418
SASRec,2011,2011-12-31,76512,77206,5,5.738457679748535
SASRec,2011,2011-12-31,76512,68157,6,5.708739280700684
SASRec,2011,2011-12-31,76512,71464,7,5.609577178955078
SASRec,2011,2011-12-31,76512,80463,8,5.607549667358398
SASRec,2011,2011-12-31,76512,78116,9,5.600063323974609
SASRec,2011,2011-12-31,76512,69604,10,5.525815486907959
SASRec,2011,2011-12-31,76583,76251,1,6.835495948791504
SASRec,2011,2011-12-31,76583,68157,2,6.695223331451416
SASRec,2011,2011-12-31,76583,70286,3,6.631209850311279
SASRec,2011,2011-12-31,76583,68954,4,6.610838890075684
SASRec,2011,2011-12-31,76583,71518,5,6.586374282836914
SASRec,2011,2011-12-31,76583,77561,6,6.389484882354736
SASRec,2011,2011-12-31,76583,69122,7,6.3194475173950195
SASRec,2011,2011-12-31,76583,73017,8,6.31793212890625
SASRec,2011,2011-12-31,76583,63082,9,6.310502052307129
SASRec,2011,2011-12-31,76583,78499,10,6.192019462585449
SASRec,2011,2011-12-31,76634,48516,1,7.095635414123535
SASRec,2011,2011-12-31,76634,56174,2,6.983675479888916
SASRec,2011,2011-12-31,76634,32587,3,6.652820110321045
SASRec,2011,2011-12-31,76634,48774,4,6.408062934875488
SASRec,2011,2011-12-31,76634,318,5,6.293697834014893
SASRec,2011,2011-12-31,76634,44665,6,6.197659492492676
SASRec,2011,2011-12-31,76634,6016,7,6.061460494995117
SASRec,2011,2011-12-31,76634,2329,8,5.988582134246826
SASRec,2011,2011-12-31,76634,8874,9,5.970879077911377
SASRec,2011,2011-12-31,76634,49530,10,5.915194511413574
SASRec,2011,2011-12-31,76861,68954,1,5.320282459259033
SASRec,2011,2011-12-31,76861,68157,2,5.298549175262451
SASRec,2011,2011-12-31,76861,76251,3,5.219869613647461
SASRec,2011,2011-12-31,76861,67255,4,5.090109348297119
SASRec,2011,2011-12-31,76861,71518,5,5.064938545227051
SASRec,2011,2011-12-31,76861,79132,6,4.987424373626709
SASRec,2011,2011-12-31,76861,71108,7,4.927850246429443
SASRec,2011,2011-12-31,76861,70286,8,4.913261890411377
SASRec,2011,2011-12-31,76861,77206,9,4.902958869934082
SASRec,2011,2011-12-31,76861,79702,10,4.897243022918701
SASRec,2011,2011-12-31,76910,55820,1,6.922111511230469
SASRec,2011,2011-12-31,76910,48774,2,6.555173397064209
SASRec,2011,2011-12-31,76910,6016,3,6.51513671875
SASRec,2011,2011-12-31,76910,48394,4,6.387936115264893
SASRec,2011,2011-12-31,76910,44555,5,6.323569297790527
SASRec,2011,2011-12-31,76910,27773,6,6.310100555419922
SASRec,2011,2011-12-31,76910,7361,7,6.26757287979126
SASRec,2011,2011-12-31,76910,30749,8,6.183089256286621
SASRec,2011,2011-12-31,76910,46578,9,6.174680233001709
SASRec,2011,2011-12-31,76910,4878,10,5.9642462730407715
SASRec,2011,2011-12-31,77033,58559,1,6.7614665031433105
SASRec,2011,2011-12-31,77033,56174,2,6.306967258453369
SASRec,2011,2011-12-31,77033,51662,3,6.293059349060059
SASRec,2011,2011-12-31,77033,56367,4,6.214572906494141
SASRec,2011,2011-12-31,77033,56171,5,5.891938209533691
SASRec,2011,2011-12-31,77033,48516,6,5.856392860412598
SASRec,2011,2011-12-31,77033,55820,7,5.816263198852539
SASRec,2011,2011-12-31,77033,53125,8,5.777961254119873
SASRec,2011,2011-12-31,77033,53519,9,5.723128318786621
SASRec,2011,2011-12-31,77033,56757,10,5.703031539916992
SASRec,2011,2011-12-31,77143,296,1,9.697797775268555
SASRec,2011,2011-12-31,77143,318,2,9.661351203918457
SASRec,2011,2011-12-31,77143,110,3,9.521546363830566
SASRec,2011,2011-12-31,77143,593,4,9.051591873168945
SASRec,2011,2011-12-31,77143,50,5,8.920849800109863
SASRec,2011,2011-12-31,77143,589,6,8.824532508850098
SASRec,2011,2011-12-31,77143,356,7,8.711721420288086
SASRec,2011,2011-12-31,77143,32,8,8.709234237670898
SASRec,2011,2011-12-31,77143,2571,9,8.641358375549316
SASRec,2011,2011-12-31,77143,1,10,8.592061996459961
SASRec,2011,2011-12-31,77177,1222,1,6.192765712738037
SASRec,2011,2011-12-31,77177,1258,2,6.075932025909424
SASRec,2011,2011-12-31,77177,6539,3,5.96867561340332
SASRec,2011,2011-12-31,77177,8874,4,5.950559139251709
SASRec,2011,2011-12-31,77177,1291,5,5.937036037445068
SASRec,2011,2011-12-31,77177,7361,6,5.896299839019775
SASRec,2011,2011-12-31,77177,1387,7,5.821023464202881
SASRec,2011,2011-12-31,77177,32587,8,5.820657253265381
SASRec,2011,2011-12-31,77177,4878,9,5.765127182006836
SASRec,2011,2011-12-31,77177,1090,10,5.742002487182617
SASRec,2011,2011-12-31,77304,70286,1,7.7472968101501465
SASRec,2011,2011-12-31,77304,56174,2,7.570817947387695
SASRec,2011,2011-12-31,77304,72998,3,7.325070858001709
SASRec,2011,2011-12-31,77304,68954,4,7.21361780166626
SASRec,2011,2011-12-31,77304,74458,5,7.0961127281188965
SASRec,2011,2011-12-31,77304,56367,6,7.038386344909668
SASRec,2011,2011-12-31,77304,55820,7,6.987853050231934
SASRec,2011,2011-12-31,77304,73017,8,6.787502765655518
SASRec,2011,2011-12-31,77304,68358,9,6.668927192687988
SASRec,2011,2011-12-31,77304,48774,10,6.497251987457275
SASRec,2011,2011-12-31,77783,66097,1,5.067535877227783
SASRec,2011,2011-12-31,77783,68157,2,4.907351493835449
SASRec,2011,2011-12-31,77783,68954,3,4.867897033691406
SASRec,2011,2011-12-31,77783,71464,4,4.84490966796875
SASRec,2011,2011-12-31,77783,70286,5,4.709506988525391
SASRec,2011,2011-12-31,77783,71033,6,4.676322937011719
SASRec,2011,2011-12-31,77783,63876,7,4.643472671508789
SASRec,2011,2011-12-31,77783,71518,8,4.566892623901367
SASRec,2011,2011-12-31,77783,71108,9,4.563048362731934
SASRec,2011,2011-12-31,77783,63082,10,4.542793273925781
SASRec,2011,2011-12-31,78054,70286,1,7.53439474105835
SASRec,2011,2011-12-31,78054,72998,2,7.264042854309082
SASRec,2011,2011-12-31,78054,56174,3,7.220273017883301
SASRec,2011,2011-12-31,78054,68157,4,7.181816577911377
SASRec,2011,2011-12-31,78054,68954,5,7.149937152862549
SASRec,2011,2011-12-31,78054,71535,6,6.921525955200195
SASRec,2011,2011-12-31,78054,76251,7,6.908105850219727
SASRec,2011,2011-12-31,78054,59315,8,6.857124328613281
SASRec,2011,2011-12-31,78054,74458,9,6.794040203094482
SASRec,2011,2011-12-31,78054,55820,10,6.7936482429504395
SASRec,2011,2011-12-31,78059,58559,1,6.2242045402526855
SASRec,2011,2011-12-31,78059,55820,2,6.121644496917725
SASRec,2011,2011-12-31,78059,48516,3,5.869291305541992
SASRec,2011,2011-12-31,78059,68157,4,5.850055694580078
SASRec,2011,2011-12-31,78059,48774,5,5.5726704597473145
SASRec,2011,2011-12-31,78059,52241,6,5.544611930847168
SASRec,2011,2011-12-31,78059,68954,7,5.502810955047607
SASRec,2011,2011-12-31,78059,70286,8,5.466312885284424
SASRec,2011,2011-12-31,78059,55280,9,5.435310363769531
SASRec,2011,2011-12-31,78059,57669,10,5.422176361083984
SASRec,2011,2011-12-31,78107,56174,1,6.494162559509277
SASRec,2011,2011-12-31,78107,61132,2,6.346551895141602
SASRec,2011,2011-12-31,78107,72998,3,6.293931007385254
SASRec,2011,2011-12-31,78107,63082,4,6.1689910888671875
SASRec,2011,2011-12-31,78107,68157,5,5.9556074142456055
SASRec,2011,2011-12-31,78107,72407,6,5.947697639465332
SASRec,2011,2011-12-31,78107,60069,7,5.846598148345947
SASRec,2011,2011-12-31,78107,56757,8,5.827394008636475
SASRec,2011,2011-12-31,78107,76251,9,5.82372522354126
SASRec,2011,2011-12-31,78107,69122,10,5.813327789306641
SASRec,2011,2011-12-31,78386,46664,1,5.267498970031738
SASRec,2011,2011-12-31,78386,8684,2,5.107089042663574
SASRec,2011,2011-12-31,78386,71108,3,5.0102739334106445
SASRec,2011,2011-12-31,78386,63876,4,4.980074882507324
SASRec,2011,2011-12-31,78386,8197,5,4.854101657867432
SASRec,2011,2011-12-31,78386,60382,6,4.828587532043457
SASRec,2011,2011-12-31,78386,7938,7,4.826202392578125
SASRec,2011,2011-12-31,78386,55820,8,4.742900848388672
SASRec,2011,2011-12-31,78386,7043,9,4.723907470703125
SASRec,2011,2011-12-31,78386,71033,10,4.698914527893066
SASRec,2011,2011-12-31,78595,4226,1,7.364234447479248
SASRec,2011,2011-12-31,78595,5995,2,6.842296123504639
SASRec,2011,2011-12-31,78595,5669,3,6.819547653198242
SASRec,2011,2011-12-31,78595,5952,4,6.809484958648682
SASRec,2011,2011-12-31,78595,3949,5,6.79860258102417
SASRec,2011,2011-12-31,78595,4886,6,6.765193939208984
SASRec,2011,2011-12-31,78595,4848,7,6.732294082641602
SASRec,2011,2011-12-31,78595,2542,8,6.720767021179199
SASRec,2011,2011-12-31,78595,1222,9,6.653104782104492
SASRec,2011,2011-12-31,78595,1206,10,6.6502909660339355
SASRec,2011,2011-12-31,78723,19,1,7.066957473754883
SASRec,2011,2011-12-31,78723,344,2,6.761735916137695
SASRec,2011,2011-12-31,78723,208,3,6.705907821655273
SASRec,2011,2011-12-31,78723,153,4,6.68800163269043
SASRec,2011,2011-12-31,78723,231,5,6.319239616394043
SASRec,2011,2011-12-31,78723,185,6,6.2997822761535645
SASRec,2011,2011-12-31,78723,95,7,6.006898403167725
SASRec,2011,2011-12-31,78723,736,8,5.967286109924316
SASRec,2011,2011-12-31,78723,780,9,5.953107833862305
SASRec,2011,2011-12-31,78723,586,10,5.951907157897949
SASRec,2011,2011-12-31,79219,6383,1,6.183597564697266
SASRec,2011,2011-12-31,79219,5219,2,5.948577880859375
SASRec,2011,2011-12-31,79219,6058,3,5.74534273147583
SASRec,2011,2011-12-31,79219,34150,4,5.669314384460449
SASRec,2011,2011-12-31,79219,5507,5,5.64049768447876
SASRec,2011,2011-12-31,79219,8861,6,5.605503082275391
SASRec,2011,2011-12-31,79219,6754,7,5.498706817626953
SASRec,2011,2011-12-31,79219,50798,8,5.470812797546387
SASRec,2011,2011-12-31,79219,48877,9,5.457324981689453
SASRec,2011,2011-12-31,79219,8810,10,5.435318946838379
SASRec,2011,2011-12-31,79555,69489,1,4.950571060180664
SASRec,2011,2011-12-31,79555,37744,2,4.867923736572266
SASRec,2011,2011-12-31,79555,32464,3,4.843074798583984
SASRec,2011,2011-12-31,79555,51773,4,4.773075103759766
SASRec,2011,2011-12-31,79555,73914,5,4.746805191040039
SASRec,2011,2011-12-31,79555,44571,6,4.725544452667236
SASRec,2011,2011-12-31,79555,79467,7,4.713865280151367
SASRec,2011,2011-12-31,79555,25783,8,4.709261417388916
SASRec,2011,2011-12-31,79555,77206,9,4.666107654571533
SASRec,2011,2011-12-31,79555,44601,10,4.660245418548584
SASRec,2011,2011-12-31,79662,58559,1,6.410056114196777
SASRec,2011,2011-12-31,79662,48516,2,6.342012882232666
SASRec,2011,2011-12-31,79662,55820,3,6.247815132141113
SASRec,2011,2011-12-31,79662,48774,4,5.939098358154297
SASRec,2011,2011-12-31,79662,63082,5,5.882260322570801
SASRec,2011,2011-12-31,79662,6016,6,5.680225372314453
SASRec,2011,2011-12-31,79662,68157,7,5.529278755187988
SASRec,2011,2011-12-31,79662,44555,8,5.510305404663086
SASRec,2011,2011-12-31,79662,48394,9,5.451505184173584
SASRec,2011,2011-12-31,79662,44694,10,5.371117115020752
SASRec,2011,2011-12-31,79728,63082,1,6.360287189483643
SASRec,2011,2011-12-31,79728,55820,2,6.359557151794434
SASRec,2011,2011-12-31,79728,68157,3,6.1183881759643555
SASRec,2011,2011-12-31,79728,48516,4,6.082785606384277
SASRec,2011,2011-12-31,79728,66097,5,5.980735778808594
SASRec,2011,2011-12-31,79728,72998,6,5.968533039093018
SASRec,2011,2011-12-31,79728,56757,7,5.8531575202941895
SASRec,2011,2011-12-31,79728,73017,8,5.817024230957031
SASRec,2011,2011-12-31,79728,59315,9,5.80278205871582
SASRec,2011,2011-12-31,79728,61132,10,5.798107624053955
SASRec,2011,2011-12-31,79783,71518,1,6.854919910430908
SASRec,2011,2011-12-31,79783,76251,2,6.825552463531494
SASRec,2011,2011-12-31,79783,68157,3,6.635210990905762
SASRec,2011,2011-12-31,79783,72998,4,6.543686866760254
SASRec,2011,2011-12-31,79783,79702,5,6.317075729370117
SASRec,2011,2011-12-31,79783,71535,6,6.164217472076416
SASRec,2011,2011-12-31,79783,73017,7,6.163041114807129
SASRec,2011,2011-12-31,79783,69122,8,6.059692859649658
SASRec,2011,2011-12-31,79783,78105,9,6.05048942565918
SASRec,2011,2011-12-31,79783,68159,10,6.028683662414551
SASRec,2011,2011-12-31,80134,541,1,7.304931163787842
SASRec,2011,2011-12-31,80134,1219,2,7.152248859405518
SASRec,2011,2011-12-31,80134,1258,3,7.097123146057129
SASRec,2011,2011-12-31,80134,1206,4,6.817388534545898
SASRec,2011,2011-12-31,80134,1214,5,6.753298759460449
SASRec,2011,2011-12-31,80134,1222,6,6.742526054382324
SASRec,2011,2011-12-31,80134,1252,7,6.624680042266846
SASRec,2011,2011-12-31,80134,1208,8,6.6130852699279785
SASRec,2011,2011-12-31,80134,924,9,6.595675468444824
SASRec,2011,2011-12-31,80134,1304,10,6.5936126708984375
SASRec,2011,2011-12-31,80183,65130,1,4.855495452880859
SASRec,2011,2011-12-31,80183,69757,2,4.844648361206055
SASRec,2011,2011-12-31,80183,66097,3,4.634838104248047
SASRec,2011,2011-12-31,80183,64622,4,4.5854902267456055
SASRec,2011,2011-12-31,80183,71518,5,4.551355838775635
SASRec,2011,2011-12-31,80183,76251,6,4.530250549316406
SASRec,2011,2011-12-31,80183,71464,7,4.463728427886963
SASRec,2011,2011-12-31,80183,71156,8,4.457065105438232
SASRec,2011,2011-12-31,80183,68954,9,4.453813552856445
SASRec,2011,2011-12-31,80183,68159,10,4.453011512756348
SASRec,2011,2011-12-31,80723,68954,1,6.2111921310424805
SASRec,2011,2011-12-31,80723,58559,2,6.193595886230469
SASRec,2011,2011-12-31,80723,70286,3,6.174792289733887
SASRec,2011,2011-12-31,80723,66097,4,6.062963962554932
SASRec,2011,2011-12-31,80723,69481,5,6.01210880279541
SASRec,2011,2011-12-31,80723,57669,6,5.845935344696045
SASRec,2011,2011-12-31,80723,63876,7,5.776936054229736
SASRec,2011,2011-12-31,80723,59315,8,5.676168918609619
SASRec,2011,2011-12-31,80723,72998,9,5.635685920715332
SASRec,2011,2011-12-31,80723,71464,10,5.607499599456787
SASRec,2011,2011-12-31,81089,48516,1,7.647835731506348
SASRec,2011,2011-12-31,81089,55820,2,7.550002098083496
SASRec,2011,2011-12-31,81089,56174,3,7.29404354095459
SASRec,2011,2011-12-31,81089,56367,4,7.23589563369751
SASRec,2011,2011-12-31,81089,68157,5,7.008000373840332
SASRec,2011,2011-12-31,81089,296,6,6.975337982177734
SASRec,2011,2011-12-31,81089,74458,7,6.80695104598999
SASRec,2011,2011-12-31,81089,68954,8,6.795820236206055
SASRec,2011,2011-12-31,81089,110,9,6.757580280303955
SASRec,2011,2011-12-31,81089,72998,10,6.540445327758789
SASRec,2011,2011-12-31,81381,58559,1,7.714837551116943
SASRec,2011,2011-12-31,81381,68157,2,7.3224334716796875
SASRec,2011,2011-12-31,81381,63082,3,7.2762956619262695
SASRec,2011,2011-12-31,81381,72998,4,7.007657051086426
SASRec,2011,2011-12-31,81381,59315,5,6.682363033294678
SASRec,2011,2011-12-31,81381,74458,6,6.584434986114502
SASRec,2011,2011-12-31,81381,73017,7,6.579778671264648
SASRec,2011,2011-12-31,81381,57669,8,6.371526718139648
SASRec,2011,2011-12-31,81381,51662,9,6.2788519859313965
SASRec,2011,2011-12-31,81381,61132,10,6.262230396270752
SASRec,2011,2011-12-31,82294,56174,1,7.065670967102051
SASRec,2011,2011-12-31,82294,35836,2,6.669424057006836
SASRec,2011,2011-12-31,82294,51662,3,6.640775680541992
SASRec,2011,2011-12-31,82294,44665,4,6.547280311584473
SASRec,2011,2011-12-31,82294,34162,5,6.452652454376221
SASRec,2011,2011-12-31,82294,44191,6,6.407684326171875
SASRec,2011,2011-12-31,82294,58559,7,6.380038261413574
SASRec,2011,2011-12-31,82294,49272,8,6.3312883377075195
SASRec,2011,2011-12-31,82294,7361,9,6.316322326660156
SASRec,2011,2011-12-31,82294,56367,10,6.312010765075684
SASRec,2011,2011-12-31,82363,48516,1,6.6767144203186035
SASRec,2011,2011-12-31,82363,48774,2,6.508691787719727
SASRec,2011,2011-12-31,82363,70286,3,6.3839640617370605
SASRec,2011,2011-12-31,82363,71535,4,6.156661033630371
SASRec,2011,2011-12-31,82363,44665,5,6.104177474975586
SASRec,2011,2011-12-31,82363,54286,6,6.0998992919921875
SASRec,2011,2011-12-31,82363,60069,7,6.062014579772949
SASRec,2011,2011-12-31,82363,61132,8,5.872889995574951
SASRec,2011,2011-12-31,82363,51255,9,5.8330841064453125
SASRec,2011,2011-12-31,82363,72998,10,5.785094738006592
SASRec,2011,2011-12-31,82615,71518,1,5.289989948272705
SASRec,2011,2011-12-31,82615,72407,2,5.023085594177246
SASRec,2011,2011-12-31,82615,76251,3,4.921418190002441
SASRec,2011,2011-12-31,82615,73321,4,4.870153903961182
SASRec,2011,2011-12-31,82615,78105,5,4.782393932342529
SASRec,2011,2011-12-31,82615,71379,6,4.778749465942383
SASRec,2011,2011-12-31,82615,63072,7,4.772495269775391
SASRec,2011,2011-12-31,82615,71520,8,4.771290302276611
SASRec,2011,2011-12-31,82615,78499,9,4.7591233253479
SASRec,2011,2011-12-31,82615,79702,10,4.75724983215332
SASRec,2011,2011-12-31,82778,63876,1,4.41392183303833
SASRec,2011,2011-12-31,82778,44694,2,4.33379602432251
SASRec,2011,2011-12-31,82778,48516,3,4.321147918701172
SASRec,2011,2011-12-31,82778,34542,4,4.115756988525391
SASRec,2011,2011-12-31,82778,55820,5,4.089069366455078
SASRec,2011,2011-12-31,82778,63082,6,4.08713960647583
SASRec,2011,2011-12-31,82778,47629,7,3.9854423999786377
SASRec,2011,2011-12-31,82778,44555,8,3.95670223236084
SASRec,2011,2011-12-31,82778,48774,9,3.925053596496582
SASRec,2011,2011-12-31,82778,41285,10,3.8970048427581787
SASRec,2011,2011-12-31,82941,47099,1,6.050992012023926
SASRec,2011,2011-12-31,82941,56171,2,5.941646575927734
SASRec,2011,2011-12-31,82941,47610,3,5.909895420074463
SASRec,2011,2011-12-31,82941,51935,4,5.878421783447266
SASRec,2011,2011-12-31,82941,52245,5,5.845011234283447
SASRec,2011,2011-12-31,82941,48043,6,5.8072662353515625
SASRec,2011,2011-12-31,82941,52722,7,5.794538497924805
SASRec,2011,2011-12-31,82941,56775,8,5.721032619476318
SASRec,2011,2011-12-31,82941,63082,9,5.668524742126465
SASRec,2011,2011-12-31,82941,44195,10,5.625110626220703
SASRec,2011,2011-12-31,83076,296,1,8.601770401000977
SASRec,2011,2011-12-31,83076,356,2,8.454061508178711
SASRec,2011,2011-12-31,83076,318,3,8.392400741577148
SASRec,2011,2011-12-31,83076,589,4,8.24570083618164
SASRec,2011,2011-12-31,83076,32,5,8.203519821166992
SASRec,2011,2011-12-31,83076,780,6,8.193700790405273
SASRec,2011,2011-12-31,83076,7361,7,8.03091812133789
SASRec,2011,2011-12-31,83076,47,8,7.960377216339111
SASRec,2011,2011-12-31,83076,1,9,7.920464515686035
SASRec,2011,2011-12-31,83076,150,10,7.892701148986816
SASRec,2011,2011-12-31,83290,72998,1,6.793667316436768
SASRec,2011,2011-12-31,83290,70286,2,6.705976963043213
SASRec,2011,2011-12-31,83290,76251,3,6.557196140289307
SASRec,2011,2011-12-31,83290,72407,4,6.532303810119629
SASRec,2011,2011-12-31,83290,68954,5,6.529833793640137
SASRec,2011,2011-12-31,83290,68157,6,6.484428405761719
SASRec,2011,2011-12-31,83290,73017,7,6.411512851715088
SASRec,2011,2011-12-31,83290,77561,8,6.371564865112305
SASRec,2011,2011-12-31,83290,71518,9,6.317024230957031
SASRec,2011,2011-12-31,83290,56174,10,6.284777641296387
SASRec,2011,2011-12-31,83402,58559,1,7.586406707763672
SASRec,2011,2011-12-31,83402,55820,2,7.215428352355957
SASRec,2011,2011-12-31,83402,44191,3,7.200807571411133
SASRec,2011,2011-12-31,83402,70286,4,7.174447059631348
SASRec,2011,2011-12-31,83402,48774,5,7.173604965209961
SASRec,2011,2011-12-31,83402,48516,6,7.1354804039001465
SASRec,2011,2011-12-31,83402,56367,7,7.019415855407715
SASRec,2011,2011-12-31,83402,51662,8,6.972686290740967
SASRec,2011,2011-12-31,83402,59315,9,6.923731327056885
SASRec,2011,2011-12-31,83402,49272,10,6.866989612579346
SASRec,2011,2011-12-31,83521,76251,1,6.776273727416992
SASRec,2011,2011-12-31,83521,68157,2,6.770988941192627
SASRec,2011,2011-12-31,83521,68954,3,6.7088775634765625
SASRec,2011,2011-12-31,83521,71518,4,6.407684803009033
SASRec,2011,2011-12-31,83521,74458,5,6.14160680770874
SASRec,2011,2011-12-31,83521,79702,6,6.127355575561523
SASRec,2011,2011-12-31,83521,78499,7,6.111434459686279
SASRec,2011,2011-12-31,83521,77561,8,6.069915771484375
SASRec,2011,2011-12-31,83521,68159,9,6.014523506164551
SASRec,2011,2011-12-31,83521,64614,10,6.001972675323486
SASRec,2011,2011-12-31,83536,71518,1,6.75762939453125
SASRec,2011,2011-12-31,83536,58559,2,6.669702529907227
SASRec,2011,2011-12-31,83536,71535,3,6.652433395385742
SASRec,2011,2011-12-31,83536,74458,4,6.494600772857666
SASRec,2011,2011-12-31,83536,79702,5,6.46030330657959
SASRec,2011,2011-12-31,83536,69122,6,6.418846130371094
SASRec,2011,2011-12-31,83536,64614,7,6.346095561981201
SASRec,2011,2011-12-31,83536,78499,8,6.308340549468994
SASRec,2011,2011-12-31,83536,79132,9,6.3076372146606445
SASRec,2011,2011-12-31,83536,55820,10,6.297318458557129
SASRec,2011,2011-12-31,83714,56174,1,7.890719413757324
SASRec,2011,2011-12-31,83714,5445,2,7.510618209838867
SASRec,2011,2011-12-31,83714,4226,3,7.293039321899414
SASRec,2011,2011-12-31,83714,110,4,7.248728275299072
SASRec,2011,2011-12-31,83714,4886,5,7.238633155822754
SASRec,2011,2011-12-31,83714,4306,6,7.222357273101807
SASRec,2011,2011-12-31,83714,8636,7,7.140605449676514
SASRec,2011,2011-12-31,83714,51662,8,7.134645938873291
SASRec,2011,2011-12-31,83714,2571,9,7.050590515136719
SASRec,2011,2011-12-31,83714,70286,10,7.0276641845703125
SASRec,2011,2011-12-31,83924,71518,1,6.545827865600586
SASRec,2011,2011-12-31,83924,76251,2,6.373841285705566
SASRec,2011,2011-12-31,83924,72998,3,5.957921028137207
SASRec,2011,2011-12-31,83924,71464,4,5.816725730895996
SASRec,2011,2011-12-31,83924,73017,5,5.7830729484558105
SASRec,2011,2011-12-31,83924,79702,6,5.758469581604004
SASRec,2011,2011-12-31,83924,68159,7,5.711601734161377
SASRec,2011,2011-12-31,83924,71535,8,5.696312427520752
SASRec,2011,2011-12-31,83924,78499,9,5.690021514892578
SASRec,2011,2011-12-31,83924,69481,10,5.688381671905518
SASRec,2011,2011-12-31,84059,76251,1,6.132741451263428
SASRec,2011,2011-12-31,84059,72998,2,6.077170372009277
SASRec,2011,2011-12-31,84059,71535,3,6.07002067565918
SASRec,2011,2011-12-31,84059,74458,4,5.926234245300293
SASRec,2011,2011-12-31,84059,71518,5,5.765361309051514
SASRec,2011,2011-12-31,84059,64614,6,5.7621636390686035
SASRec,2011,2011-12-31,84059,68237,7,5.7116522789001465
SASRec,2011,2011-12-31,84059,79702,8,5.56906270980835
SASRec,2011,2011-12-31,84059,68159,9,5.560068130493164
SASRec,2011,2011-12-31,84059,52319,10,5.536651134490967
SASRec,2011,2011-12-31,84232,48043,1,4.770123481750488
SASRec,2011,2011-12-31,84232,41571,2,4.711189270019531
SASRec,2011,2011-12-31,84232,47099,3,4.683985710144043
SASRec,2011,2011-12-31,84232,56171,4,4.633591175079346
SASRec,2011,2011-12-31,84232,27821,5,4.602663040161133
SASRec,2011,2011-12-31,84232,55280,6,4.5959577560424805
SASRec,2011,2011-12-31,84232,47629,7,4.564856052398682
SASRec,2011,2011-12-31,84232,48516,8,4.543604850769043
SASRec,2011,2011-12-31,84232,45950,9,4.519355773925781
SASRec,2011,2011-12-31,84232,48997,10,4.505473613739014
SASRec,2011,2011-12-31,84269,71518,1,6.213907718658447
SASRec,2011,2011-12-31,84269,78499,2,5.594631671905518
SASRec,2011,2011-12-31,84269,80463,3,5.568560600280762
SASRec,2011,2011-12-31,84269,71108,4,5.545098304748535
SASRec,2011,2011-12-31,84269,71033,5,5.470096588134766
SASRec,2011,2011-12-31,84269,71464,6,5.4129109382629395
SASRec,2011,2011-12-31,84269,63072,7,5.344361782073975
SASRec,2011,2011-12-31,84269,79702,8,5.332559585571289
SASRec,2011,2011-12-31,84269,73023,9,5.267739772796631
SASRec,2011,2011-12-31,84269,64622,10,5.245835304260254
SASRec,2011,2011-12-31,84413,70286,1,7.169386863708496
SASRec,2011,2011-12-31,84413,68157,2,7.064574241638184
SASRec,2011,2011-12-31,84413,68954,3,7.038821220397949
SASRec,2011,2011-12-31,84413,69481,4,6.427455902099609
SASRec,2011,2011-12-31,84413,56174,5,6.410033702850342
SASRec,2011,2011-12-31,84413,71535,6,6.398612976074219
SASRec,2011,2011-12-31,84413,73017,7,6.341887950897217
SASRec,2011,2011-12-31,84413,66097,8,6.32073974609375
SASRec,2011,2011-12-31,84413,68358,9,6.315548896789551
SASRec,2011,2011-12-31,84413,76251,10,6.26628303527832
SASRec,2011,2011-12-31,84485,77561,1,6.717113494873047
SASRec,2011,2011-12-31,84485,68954,2,6.535629749298096
SASRec,2011,2011-12-31,84485,68157,3,6.450211048126221
SASRec,2011,2011-12-31,84485,72407,4,6.3419060707092285
SASRec,2011,2011-12-31,84485,71518,5,6.33303165435791
SASRec,2011,2011-12-31,84485,73017,6,6.287931442260742
SASRec,2011,2011-12-31,84485,74458,7,6.25130558013916
SASRec,2011,2011-12-31,84485,78499,8,6.193564414978027
SASRec,2011,2011-12-31,84485,78105,9,6.124218463897705
SASRec,2011,2011-12-31,84485,71135,10,6.025928020477295
SASRec,2011,2011-12-31,84624,6377,1,7.8112664222717285
SASRec,2011,2011-12-31,84624,4878,2,7.771754264831543
SASRec,2011,2011-12-31,84624,7147,3,7.636286735534668
SASRec,2011,2011-12-31,84624,5669,4,7.54360294342041
SASRec,2011,2011-12-31,84624,7090,5,7.435718059539795
SASRec,2011,2011-12-31,84624,8360,6,7.349352836608887
SASRec,2011,2011-12-31,84624,5618,7,7.348492622375488
SASRec,2011,2011-12-31,84624,6016,8,7.346714019775391
SASRec,2011,2011-12-31,84624,34162,9,7.299072742462158
SASRec,2011,2011-12-31,84624,48516,10,7.2857866287231445
SASRec,2011,2011-12-31,85040,6666,1,5.425469875335693
SASRec,2011,2011-12-31,85040,7013,2,4.919164180755615
SASRec,2011,2011-12-31,85040,7217,3,4.906711101531982
SASRec,2011,2011-12-31,85040,7132,4,4.883261203765869
SASRec,2011,2011-12-31,85040,8197,5,4.855299472808838
SASRec,2011,2011-12-31,85040,7121,6,4.854061126708984
SASRec,2011,2011-12-31,85040,7234,7,4.821652889251709
SASRec,2011,2011-12-31,85040,7327,8,4.704270362854004
SASRec,2011,2011-12-31,85040,8507,9,4.678248882293701
SASRec,2011,2011-12-31,85040,7396,10,4.633861541748047
SASRec,2011,2011-12-31,85048,1120,1,6.435098648071289
SASRec,2011,2011-12-31,85048,2572,2,6.264848232269287
SASRec,2011,2011-12-31,85048,1805,3,6.151673793792725
SASRec,2011,2011-12-31,85048,180,4,5.974812030792236
SASRec,2011,2011-12-31,85048,1093,5,5.958488941192627
SASRec,2011,2011-12-31,85048,1027,6,5.939251899719238
SASRec,2011,2011-12-31,85048,1405,7,5.918364524841309
SASRec,2011,2011-12-31,85048,673,8,5.89766263961792
SASRec,2011,2011-12-31,85048,1513,9,5.8520050048828125
SASRec,2011,2011-12-31,85048,2424,10,5.847592353820801
SASRec,2011,2011-12-31,85341,110,1,8.788641929626465
SASRec,2011,2011-12-31,85341,589,2,8.400933265686035
SASRec,2011,2011-12-31,85341,588,3,8.131298065185547
SASRec,2011,2011-12-31,85341,592,4,8.044842720031738
SASRec,2011,2011-12-31,85341,47,5,8.02723217010498
SASRec,2011,2011-12-31,85341,296,6,8.018889427185059
SASRec,2011,2011-12-31,85341,6539,7,8.01440715789795
SASRec,2011,2011-12-31,85341,208,8,7.999945640563965
SASRec,2011,2011-12-31,85341,32,9,7.990877151489258
SASRec,2011,2011-12-31,85341,2571,10,7.978149890899658
SASRec,2011,2011-12-31,85376,904,1,5.446932792663574
SASRec,2011,2011-12-31,85376,57669,2,5.421416282653809
SASRec,2011,2011-12-31,85376,1252,3,5.360656261444092
SASRec,2011,2011-12-31,85376,924,4,5.234060764312744
SASRec,2011,2011-12-31,85376,1208,5,4.978338718414307
SASRec,2011,2011-12-31,85376,1212,6,4.943151473999023
SASRec,2011,2011-12-31,85376,3435,7,4.919223308563232
SASRec,2011,2011-12-31,85376,64614,8,4.835996150970459
SASRec,2011,2011-12-31,85376,1206,9,4.819058895111084
SASRec,2011,2011-12-31,85376,1234,10,4.741161346435547
SASRec,2011,2011-12-31,85638,76251,1,6.723593711853027
SASRec,2011,2011-12-31,85638,71518,2,6.582093715667725
SASRec,2011,2011-12-31,85638,68954,3,6.485118865966797
SASRec,2011,2011-12-31,85638,63082,4,6.221774578094482
SASRec,2011,2011-12-31,85638,71535,5,6.18507194519043
SASRec,2011,2011-12-31,85638,73017,6,6.164089202880859
SASRec,2011,2011-12-31,85638,68159,7,6.0562238693237305
SASRec,2011,2011-12-31,85638,77561,8,5.929328918457031
SASRec,2011,2011-12-31,85638,78499,9,5.889543533325195
SASRec,2011,2011-12-31,85638,79702,10,5.885645866394043
SASRec,2011,2011-12-31,85703,48516,1,7.367488861083984
SASRec,2011,2011-12-31,85703,6016,2,7.233087539672852
SASRec,2011,2011-12-31,85703,55820,3,6.716763496398926
SASRec,2011,2011-12-31,85703,32587,4,6.703045845031738
SASRec,2011,2011-12-31,85703,30749,5,6.634488105773926
SASRec,2011,2011-12-31,85703,44191,6,6.439855575561523
SASRec,2011,2011-12-31,85703,30707,7,6.357218265533447
SASRec,2011,2011-12-31,85703,5995,8,6.35390043258667
SASRec,2011,2011-12-31,85703,5618,9,6.278331756591797
SASRec,2011,2011-12-31,85703,44555,10,6.276764869689941
SASRec,2011,2011-12-31,85788,296,1,7.553719520568848
SASRec,2011,2011-12-31,85788,48516,2,7.429879188537598
SASRec,2011,2011-12-31,85788,318,3,7.201021671295166
SASRec,2011,2011-12-31,85788,58559,4,7.144436836242676
SASRec,2011,2011-12-31,85788,56367,5,6.933831214904785
SASRec,2011,2011-12-31,85788,55820,6,6.817113876342773
SASRec,2011,2011-12-31,85788,32587,7,6.8157782554626465
SASRec,2011,2011-12-31,85788,63082,8,6.788462162017822
SASRec,2011,2011-12-31,85788,48774,9,6.711728096008301
SASRec,2011,2011-12-31,85788,49272,10,6.680597305297852
SASRec,2011,2011-12-31,85824,1214,1,7.815825462341309
SASRec,2011,2011-12-31,85824,541,2,7.608852386474609
SASRec,2011,2011-12-31,85824,1222,3,7.379067420959473
SASRec,2011,2011-12-31,85824,110,4,7.372945785522461
SASRec,2011,2011-12-31,85824,1200,5,7.314159393310547
SASRec,2011,2011-12-31,85824,44191,6,7.215633392333984
SASRec,2011,2011-12-31,85824,48516,7,7.189515590667725
SASRec,2011,2011-12-31,85824,32587,8,7.1153340339660645
SASRec,2011,2011-12-31,85824,924,9,7.109845161437988
SASRec,2011,2011-12-31,85824,8874,10,6.940432548522949
SASRec,2011,2011-12-31,85926,7361,1,6.108514785766602
SASRec,2011,2011-12-31,85926,4878,2,5.49697732925415
SASRec,2011,2011-12-31,85926,6016,3,5.484387397766113
SASRec,2011,2011-12-31,85926,8783,4,5.464712619781494
SASRec,2011,2011-12-31,85926,5618,5,5.448174476623535
SASRec,2011,2011-12-31,85926,7438,6,5.299394607543945
SASRec,2011,2011-12-31,85926,6502,7,5.222439765930176
SASRec,2011,2011-12-31,85926,4848,8,5.174835205078125
SASRec,2011,2011-12-31,85926,296,9,5.143087387084961
SASRec,2011,2011-12-31,85926,5952,10,5.121194839477539
SASRec,2011,2011-12-31,85973,32587,1,5.7110676765441895
SASRec,2011,2011-12-31,85973,35836,2,5.699703216552734
SASRec,2011,2011-12-31,85973,41569,3,5.493985176086426
SASRec,2011,2011-12-31,85973,7373,4,5.481491565704346
SASRec,2011,2011-12-31,85973,1333,5,5.481072425842285
SASRec,2011,2011-12-31,85973,44191,6,5.471761703491211
SASRec,2011,2011-12-31,85973,33794,7,5.469542026519775
SASRec,2011,2011-12-31,85973,33679,8,5.418983459472656
SASRec,2011,2011-12-31,85973,8917,9,5.418219566345215
SASRec,2011,2011-12-31,85973,6863,10,5.40208625793457
SASRec,2011,2011-12-31,86197,56174,1,6.690072536468506
SASRec,2011,2011-12-31,86197,56367,2,6.641511917114258
SASRec,2011,2011-12-31,86197,55820,3,6.617539405822754
SASRec,2011,2011-12-31,86197,63082,4,6.5457963943481445
SASRec,2011,2011-12-31,86197,68157,5,6.529393196105957
SASRec,2011,2011-12-31,86197,72998,6,6.374111652374268
SASRec,2011,2011-12-31,86197,71535,7,6.3671875
SASRec,2011,2011-12-31,86197,48774,8,6.1093034744262695
SASRec,2011,2011-12-31,86197,73017,9,6.088794231414795
SASRec,2011,2011-12-31,86197,49272,10,6.040975093841553
SASRec,2011,2011-12-31,86407,44601,1,5.876416206359863
SASRec,2011,2011-12-31,86407,40422,2,5.76967716217041
SASRec,2011,2011-12-31,86407,76303,3,5.643553256988525
SASRec,2011,2011-12-31,86407,38656,4,5.634345054626465
SASRec,2011,2011-12-31,86407,69489,5,5.632303714752197
SASRec,2011,2011-12-31,86407,27656,6,5.503050804138184
SASRec,2011,2011-12-31,86407,44571,7,5.4916839599609375
SASRec,2011,2011-12-31,86407,33235,8,5.277926921844482
SASRec,2011,2011-12-31,86407,34364,9,5.228789806365967
SASRec,2011,2011-12-31,86407,79106,10,5.2276387214660645
SASRec,2011,2011-12-31,86849,52241,1,4.2980756759643555
SASRec,2011,2011-12-31,86849,44761,2,4.001385688781738
SASRec,2011,2011-12-31,86849,47629,3,3.967367172241211
SASRec,2011,2011-12-31,86849,55280,4,3.9099349975585938
SASRec,2011,2011-12-31,86849,49772,5,3.8574953079223633
SASRec,2011,2011-12-31,86849,46578,6,3.8572206497192383
SASRec,2011,2011-12-31,86849,45950,7,3.8518338203430176
SASRec,2011,2011-12-31,86849,8949,8,3.825448989868164
SASRec,2011,2011-12-31,86849,53123,9,3.791140556335449
SASRec,2011,2011-12-31,86849,34542,10,3.7764904499053955
SASRec,2011,2011-12-31,86860,72998,1,6.219607830047607
SASRec,2011,2011-12-31,86860,61132,2,6.155123710632324
SASRec,2011,2011-12-31,86860,56367,3,6.120203495025635
SASRec,2011,2011-12-31,86860,51662,4,6.03394889831543
SASRec,2011,2011-12-31,86860,63082,5,5.9518513679504395
SASRec,2011,2011-12-31,86860,73017,6,5.91901159286499
SASRec,2011,2011-12-31,86860,56757,7,5.857617378234863
SASRec,2011,2011-12-31,86860,53125,8,5.784912109375
SASRec,2011,2011-12-31,86860,68157,9,5.772684097290039
SASRec,2011,2011-12-31,86860,69122,10,5.7701544761657715
SASRec,2011,2011-12-31,86889,68954,1,5.235049247741699
SASRec,2011,2011-12-31,86889,66097,2,5.226805210113525
SASRec,2011,2011-12-31,86889,63876,3,5.070962905883789
SASRec,2011,2011-12-31,86889,2731,4,4.6122941970825195
SASRec,2011,2011-12-31,86889,74789,5,4.541962623596191
SASRec,2011,2011-12-31,86889,56782,6,4.438998699188232
SASRec,2011,2011-12-31,86889,55276,7,4.433428764343262
SASRec,2011,2011-12-31,86889,922,8,4.41073751449585
SASRec,2011,2011-12-31,86889,3435,9,4.265311241149902
SASRec,2011,2011-12-31,86889,3022,10,4.233916759490967
SASRec,2011,2011-12-31,86904,76251,1,6.230600833892822
SASRec,2011,2011-12-31,86904,71518,2,6.108913898468018
SASRec,2011,2011-12-31,86904,68954,3,5.930642127990723
SASRec,2011,2011-12-31,86904,71464,4,5.713364124298096
SASRec,2011,2011-12-31,86904,71535,5,5.6047515869140625
SASRec,2011,2011-12-31,86904,68159,6,5.603884696960449
SASRec,2011,2011-12-31,86904,64614,7,5.5499725341796875
SASRec,2011,2011-12-31,86904,71108,8,5.523478031158447
SASRec,2011,2011-12-31,86904,69604,9,5.512240886688232
SASRec,2011,2011-12-31,86904,63876,10,5.501245021820068
SASRec,2011,2011-12-31,87119,76251,1,6.723860740661621
SASRec,2011,2011-12-31,87119,71518,2,6.722119331359863
SASRec,2011,2011-12-31,87119,77561,3,6.656501293182373
SASRec,2011,2011-12-31,87119,79702,4,6.449550151824951
SASRec,2011,2011-12-31,87119,80489,5,6.392792701721191
SASRec,2011,2011-12-31,87119,78105,6,6.366145610809326
SASRec,2011,2011-12-31,87119,68954,7,6.31327486038208
SASRec,2011,2011-12-31,87119,79293,8,6.262857437133789
SASRec,2011,2011-12-31,87119,78499,9,6.240484237670898
SASRec,2011,2011-12-31,87119,70286,10,6.237090110778809
SASRec,2011,2011-12-31,87330,71535,1,6.253061294555664
SASRec,2011,2011-12-31,87330,77561,2,6.109401702880859
SASRec,2011,2011-12-31,87330,79702,3,6.063639163970947
SASRec,2011,2011-12-31,87330,64614,4,6.041835784912109
SASRec,2011,2011-12-31,87330,74458,5,6.034130573272705
SASRec,2011,2011-12-31,87330,78499,6,5.994983673095703
SASRec,2011,2011-12-31,87330,66509,7,5.967114448547363
SASRec,2011,2011-12-31,87330,74789,8,5.95115852355957
SASRec,2011,2011-12-31,87330,72407,9,5.936591148376465
SASRec,2011,2011-12-31,87330,74275,10,5.904962539672852
SASRec,2011,2011-12-31,87517,70286,1,6.831582069396973
SASRec,2011,2011-12-31,87517,71518,2,6.66863489151001
SASRec,2011,2011-12-31,87517,68954,3,6.618528842926025
SASRec,2011,2011-12-31,87517,68157,4,6.598165035247803
SASRec,2011,2011-12-31,87517,79702,5,6.480269908905029
SASRec,2011,2011-12-31,87517,72407,6,6.432053565979004
SASRec,2011,2011-12-31,87517,71535,7,6.304821014404297
SASRec,2011,2011-12-31,87517,78499,8,6.278592586517334
SASRec,2011,2011-12-31,87517,78105,9,6.278143882751465
SASRec,2011,2011-12-31,87517,71135,10,6.195117473602295
SASRec,2011,2011-12-31,87528,71518,1,5.822037696838379
SASRec,2011,2011-12-31,87528,76251,2,5.682271480560303
SASRec,2011,2011-12-31,87528,68157,3,5.437263488769531
SASRec,2011,2011-12-31,87528,72407,4,5.408421516418457
SASRec,2011,2011-12-31,87528,70286,5,5.354581832885742
SASRec,2011,2011-12-31,87528,71520,6,5.338792324066162
SASRec,2011,2011-12-31,87528,68954,7,5.287682056427002
SASRec,2011,2011-12-31,87528,74275,8,5.285698413848877
SASRec,2011,2011-12-31,87528,77561,9,5.248069763183594
SASRec,2011,2011-12-31,87528,65130,10,5.23797082901001
SASRec,2011,2011-12-31,87591,296,1,9.813586235046387
SASRec,2011,2011-12-31,87591,50,2,9.159568786621094
SASRec,2011,2011-12-31,87591,110,3,9.09716510772705
SASRec,2011,2011-12-31,87591,4226,4,8.899253845214844
SASRec,2011,2011-12-31,87591,608,5,8.89762020111084
SASRec,2011,2011-12-31,87591,541,6,8.800063133239746
SASRec,2011,2011-12-31,87591,32,7,8.491308212280273
SASRec,2011,2011-12-31,87591,1089,8,8.48204231262207
SASRec,2011,2011-12-31,87591,7361,9,8.450084686279297
SASRec,2011,2011-12-31,87591,47,10,8.44494915008545
SASRec,2011,2011-12-31,88002,77561,1,6.155447006225586
SASRec,2011,2011-12-31,88002,71518,2,6.079416275024414
SASRec,2011,2011-12-31,88002,76251,3,6.0064005851745605
SASRec,2011,2011-12-31,88002,72998,4,5.890927314758301
SASRec,2011,2011-12-31,88002,78105,5,5.7445807456970215
SASRec,2011,2011-12-31,88002,71135,6,5.71160888671875
SASRec,2011,2011-12-31,88002,74275,7,5.642868995666504
SASRec,2011,2011-12-31,88002,79293,8,5.574041366577148
SASRec,2011,2011-12-31,88002,71057,9,5.5536041259765625
SASRec,2011,2011-12-31,88002,74795,10,5.507882595062256
SASRec,2011,2011-12-31,88198,58559,1,6.75560998916626
SASRec,2011,2011-12-31,88198,68157,2,6.741420745849609
SASRec,2011,2011-12-31,88198,318,3,6.66658878326416
SASRec,2011,2011-12-31,88198,68954,4,6.626702308654785
SASRec,2011,2011-12-31,88198,55820,5,6.62021017074585
SASRec,2011,2011-12-31,88198,2858,6,6.32612419128418
SASRec,2011,2011-12-31,88198,2762,7,6.2819929122924805
SASRec,2011,2011-12-31,88198,74458,8,6.209109783172607
SASRec,2011,2011-12-31,88198,72998,9,6.179545879364014
SASRec,2011,2011-12-31,88198,56367,10,6.136590003967285
SASRec,2011,2011-12-31,88230,70286,1,7.240182399749756
SASRec,2011,2011-12-31,88230,71518,2,6.6196699142456055
SASRec,2011,2011-12-31,88230,71535,3,6.582944869995117
SASRec,2011,2011-12-31,88230,79702,4,6.540075778961182
SASRec,2011,2011-12-31,88230,74458,5,6.524834156036377
SASRec,2011,2011-12-31,88230,56174,6,6.434732437133789
SASRec,2011,2011-12-31,88230,68237,7,6.268748760223389
SASRec,2011,2011-12-31,88230,64614,8,6.251525402069092
SASRec,2011,2011-12-31,88230,72407,9,6.182804584503174
SASRec,2011,2011-12-31,88230,80489,10,6.180978775024414
SASRec,2011,2011-12-31,88512,56174,1,6.040726184844971
SASRec,2011,2011-12-31,88512,53996,2,5.520657062530518
SASRec,2011,2011-12-31,88512,70286,3,5.416545867919922
SASRec,2011,2011-12-31,88512,52722,4,5.380905628204346
SASRec,2011,2011-12-31,88512,71535,5,5.3723978996276855
SASRec,2011,2011-12-31,88512,61132,6,5.345576763153076
SASRec,2011,2011-12-31,88512,44665,7,5.344139575958252
SASRec,2011,2011-12-31,88512,58025,8,5.265834808349609
SASRec,2011,2011-12-31,88512,51662,9,5.234334468841553
SASRec,2011,2011-12-31,88512,63131,10,5.202319145202637
SASRec,2011,2011-12-31,88915,72407,1,6.488412857055664
SASRec,2011,2011-12-31,88915,69122,2,6.257421016693115
SASRec,2011,2011-12-31,88915,71518,3,6.18288516998291
SASRec,2011,2011-12-31,88915,79702,4,6.1350417137146
SASRec,2011,2011-12-31,88915,71135,5,6.09124231338501
SASRec,2011,2011-12-31,88915,68319,6,6.00848913192749
SASRec,2011,2011-12-31,88915,78105,7,5.995051383972168
SASRec,2011,2011-12-31,88915,71057,8,5.961705207824707
SASRec,2011,2011-12-31,88915,71535,9,5.9073381423950195
SASRec,2011,2011-12-31,88915,71520,10,5.903974533081055
SASRec,2011,2011-12-31,89023,56174,1,6.012432098388672
SASRec,2011,2011-12-31,89023,58559,2,5.948572635650635
SASRec,2011,2011-12-31,89023,51662,3,5.788693904876709
SASRec,2011,2011-12-31,89023,48774,4,5.743404388427734
SASRec,2011,2011-12-31,89023,70286,5,5.728785991668701
SASRec,2011,2011-12-31,89023,56367,6,5.689568042755127
SASRec,2011,2011-12-31,89023,55820,7,5.687613487243652
SASRec,2011,2011-12-31,89023,48516,8,5.589570999145508
SASRec,2011,2011-12-31,89023,44665,9,5.5828142166137695
SASRec,2011,2011-12-31,89023,59315,10,5.571681976318359
SASRec,2011,2011-12-31,89310,1214,1,6.939388275146484
SASRec,2011,2011-12-31,89310,592,2,6.705476760864258
SASRec,2011,2011-12-31,89310,588,3,6.586717128753662
SASRec,2011,2011-12-31,89310,1270,4,6.575327396392822
SASRec,2011,2011-12-31,89310,1097,5,6.45069694519043
SASRec,2011,2011-12-31,89310,593,6,6.419936656951904
SASRec,2011,2011-12-31,89310,208,7,6.26317024230957
SASRec,2011,2011-12-31,89310,541,8,6.222695350646973
SASRec,2011,2011-12-31,89310,19,9,6.187972545623779
SASRec,2011,2011-12-31,89310,590,10,6.185819625854492
SASRec,2011,2011-12-31,89427,48516,1,6.373048782348633
SASRec,2011,2011-12-31,89427,68954,2,6.322908401489258
SASRec,2011,2011-12-31,89427,48774,3,6.164388656616211
SASRec,2011,2011-12-31,89427,63876,4,6.128172874450684
SASRec,2011,2011-12-31,89427,60069,5,6.046090126037598
SASRec,2011,2011-12-31,89427,44555,6,5.867826461791992
SASRec,2011,2011-12-31,89427,71535,7,5.853109359741211
SASRec,2011,2011-12-31,89427,66097,8,5.796426296234131
SASRec,2011,2011-12-31,89427,46578,9,5.770334243774414
SASRec,2011,2011-12-31,89427,56788,10,5.7183837890625
SASRec,2011,2011-12-31,89433,68954,1,6.30040168762207
SASRec,2011,2011-12-31,89433,58559,2,6.147115230560303
SASRec,2011,2011-12-31,89433,63082,3,6.081887722015381
SASRec,2011,2011-12-31,89433,72998,4,6.031827449798584
SASRec,2011,2011-12-31,89433,55820,5,5.995532512664795
SASRec,2011,2011-12-31,89433,73017,6,5.91918420791626
SASRec,2011,2011-12-31,89433,76251,7,5.853212833404541
SASRec,2011,2011-12-31,89433,71535,8,5.803055286407471
SASRec,2011,2011-12-31,89433,56367,9,5.760390281677246
SASRec,2011,2011-12-31,89433,71518,10,5.705915451049805
SASRec,2011,2011-12-31,89494,68157,1,6.8457441329956055
SASRec,2011,2011-12-31,89494,76251,2,6.724645137786865
SASRec,2011,2011-12-31,89494,71518,3,6.581047058105469
SASRec,2011,2011-12-31,89494,70286,4,6.555308818817139
SASRec,2011,2011-12-31,89494,68954,5,6.546969413757324
SASRec,2011,2011-12-31,89494,71535,6,6.190199851989746
SASRec,2011,2011-12-31,89494,69481,7,6.188576698303223
SASRec,2011,2011-12-31,89494,58559,8,6.074151515960693
SASRec,2011,2011-12-31,89494,73017,9,6.053167343139648
SASRec,2011,2011-12-31,89494,66097,10,5.980766296386719
SASRec,2011,2011-12-31,89645,35836,1,6.649661540985107
SASRec,2011,2011-12-31,89645,33679,2,6.500561714172363
SASRec,2011,2011-12-31,89645,34162,3,6.495663166046143
SASRec,2011,2011-12-31,89645,7293,4,6.416930675506592
SASRec,2011,2011-12-31,89645,32587,5,6.366579055786133
SASRec,2011,2011-12-31,89645,44665,6,6.3292717933654785
SASRec,2011,2011-12-31,89645,45186,7,6.2014360427856445
SASRec,2011,2011-12-31,89645,30825,8,6.162139892578125
SASRec,2011,2011-12-31,89645,38061,9,6.149777412414551
SASRec,2011,2011-12-31,89645,51662,10,6.143158435821533
SASRec,2011,2011-12-31,90138,71518,1,6.152871608734131
SASRec,2011,2011-12-31,90138,76251,2,6.023585796356201
SASRec,2011,2011-12-31,90138,68954,3,5.961747646331787
SASRec,2011,2011-12-31,90138,70286,4,5.689816474914551
SASRec,2011,2011-12-31,90138,71464,5,5.683167457580566
SASRec,2011,2011-12-31,90138,71108,6,5.678733825683594
SASRec,2011,2011-12-31,90138,66097,7,5.605336666107178
SASRec,2011,2011-12-31,90138,78499,8,5.502708435058594
SASRec,2011,2011-12-31,90138,71033,9,5.487533092498779
SASRec,2011,2011-12-31,90138,79702,10,5.462945461273193
SASRec,2011,2011-12-31,90728,68157,1,6.877833843231201
SASRec,2011,2011-12-31,90728,70286,2,6.836684226989746
SASRec,2011,2011-12-31,90728,63082,3,6.665128707885742
SASRec,2011,2011-12-31,90728,72998,4,6.458691596984863
SASRec,2011,2011-12-31,90728,76251,5,6.400746822357178
SASRec,2011,2011-12-31,90728,69481,6,6.274510383605957
SASRec,2011,2011-12-31,90728,71535,7,6.164885997772217
SASRec,2011,2011-12-31,90728,71518,8,6.157059669494629
SASRec,2011,2011-12-31,90728,68358,9,6.019715309143066
SASRec,2011,2011-12-31,90728,71464,10,6.003944396972656
SASRec,2011,2011-12-31,90815,58559,1,6.128920555114746
SASRec,2011,2011-12-31,90815,68157,2,6.108076572418213
SASRec,2011,2011-12-31,90815,68954,3,5.989718914031982
SASRec,2011,2011-12-31,90815,70286,4,5.912838459014893
SASRec,2011,2011-12-31,90815,69481,5,5.701269149780273
SASRec,2011,2011-12-31,90815,59315,6,5.628278732299805
SASRec,2011,2011-12-31,90815,79132,7,5.560182571411133
SASRec,2011,2011-12-31,90815,63082,8,5.553407192230225
SASRec,2011,2011-12-31,90815,66097,9,5.534286975860596
SASRec,2011,2011-12-31,90815,57669,10,5.477888584136963
SASRec,2011,2011-12-31,90919,76251,1,6.867851257324219
SASRec,2011,2011-12-31,90919,68157,2,6.650813102722168
SASRec,2011,2011-12-31,90919,69122,3,6.365573883056641
SASRec,2011,2011-12-31,90919,71518,4,6.349936485290527
SASRec,2011,2011-12-31,90919,72407,5,6.254753589630127
SASRec,2011,2011-12-31,90919,68319,6,6.119149208068848
SASRec,2011,2011-12-31,90919,78105,7,6.103485584259033
SASRec,2011,2011-12-31,90919,68159,8,6.059332370758057
SASRec,2011,2011-12-31,90919,66509,9,6.020139694213867
SASRec,2011,2011-12-31,90919,68237,10,6.008869171142578
SASRec,2011,2011-12-31,91003,48516,1,6.85256290435791
SASRec,2011,2011-12-31,91003,50,2,6.414343357086182
SASRec,2011,2011-12-31,91003,51662,3,6.2411370277404785
SASRec,2011,2011-12-31,91003,56174,4,6.209271430969238
SASRec,2011,2011-12-31,91003,32,5,6.190460205078125
SASRec,2011,2011-12-31,91003,2762,6,6.133978843688965
SASRec,2011,2011-12-31,91003,589,7,6.116713047027588
SASRec,2011,2011-12-31,91003,70286,8,6.046356678009033
SASRec,2011,2011-12-31,91003,150,9,6.028744697570801
SASRec,2011,2011-12-31,91003,588,10,5.975703716278076
SASRec,2011,2011-12-31,91049,70286,1,7.279625415802002
SASRec,2011,2011-12-31,91049,68157,2,7.076189041137695
SASRec,2011,2011-12-31,91049,68954,3,6.812792778015137
SASRec,2011,2011-12-31,91049,72998,4,6.57158088684082
SASRec,2011,2011-12-31,91049,63082,5,6.526166915893555
SASRec,2011,2011-12-31,91049,74458,6,6.4800567626953125
SASRec,2011,2011-12-31,91049,76251,7,6.415409088134766
SASRec,2011,2011-12-31,91049,71535,8,6.310067653656006
SASRec,2011,2011-12-31,91049,78499,9,6.234625816345215
SASRec,2011,2011-12-31,91049,69481,10,6.218450546264648
SASRec,2011,2011-12-31,91271,7361,1,6.441390514373779
SASRec,2011,2011-12-31,91271,5291,2,6.1950225830078125
SASRec,2011,2011-12-31,91271,6016,3,6.18359375
SASRec,2011,2011-12-31,91271,4226,4,6.1420793533325195
SASRec,2011,2011-12-31,91271,5618,5,6.127962112426758
SASRec,2011,2011-12-31,91271,5669,6,6.0601277351379395
SASRec,2011,2011-12-31,91271,6787,7,6.0249481201171875
SASRec,2011,2011-12-31,91271,296,8,5.9769487380981445
SASRec,2011,2011-12-31,91271,7090,9,5.906784534454346
SASRec,2011,2011-12-31,91271,541,10,5.862821578979492
SASRec,2011,2011-12-31,91595,48516,1,6.369050979614258
SASRec,2011,2011-12-31,91595,44555,2,5.711268901824951
SASRec,2011,2011-12-31,91595,60069,3,5.6371941566467285
SASRec,2011,2011-12-31,91595,44761,4,5.288132667541504
SASRec,2011,2011-12-31,91595,54997,5,5.249477863311768
SASRec,2011,2011-12-31,91595,52241,6,5.159336090087891
SASRec,2011,2011-12-31,91595,55276,7,5.143977642059326
SASRec,2011,2011-12-31,91595,56788,8,5.010190963745117
SASRec,2011,2011-12-31,91595,47629,9,5.002813816070557
SASRec,2011,2011-12-31,91595,48738,10,4.976918697357178
SASRec,2011,2011-12-31,91685,32587,1,6.204337120056152
SASRec,2011,2011-12-31,91685,63082,2,6.126394748687744
SASRec,2011,2011-12-31,91685,2542,3,6.0263237953186035
SASRec,2011,2011-12-31,91685,56367,4,5.941701889038086
SASRec,2011,2011-12-31,91685,46578,5,5.934680938720703
SASRec,2011,2011-12-31,91685,7361,6,5.924953460693359
SASRec,2011,2011-12-31,91685,6016,7,5.889777660369873
SASRec,2011,2011-12-31,91685,49272,8,5.838433742523193
SASRec,2011,2011-12-31,91685,44191,9,5.766691207885742
SASRec,2011,2011-12-31,91685,2762,10,5.714024066925049
SASRec,2011,2011-12-31,91844,68954,1,6.4256391525268555
SASRec,2011,2011-12-31,91844,68157,2,6.225136756896973
SASRec,2011,2011-12-31,91844,70286,3,6.1666693687438965
SASRec,2011,2011-12-31,91844,71518,4,6.1453704833984375
SASRec,2011,2011-12-31,91844,76251,5,6.02855110168457
SASRec,2011,2011-12-31,91844,73017,6,5.851609706878662
SASRec,2011,2011-12-31,91844,74789,7,5.791647911071777
SASRec,2011,2011-12-31,91844,79132,8,5.773591041564941
SASRec,2011,2011-12-31,91844,69757,9,5.701501846313477
SASRec,2011,2011-12-31,91844,79702,10,5.667695999145508
SASRec,2011,2011-12-31,91881,1,1,7.369478225708008
SASRec,2011,2011-12-31,91881,541,2,7.004338264465332
SASRec,2011,2011-12-31,91881,2762,3,6.913429260253906
SASRec,2011,2011-12-31,91881,1704,4,6.7397966384887695
SASRec,2011,2011-12-31,91881,49272,5,6.697255611419678
SASRec,2011,2011-12-31,91881,44191,6,6.692798137664795
SASRec,2011,2011-12-31,91881,1196,7,6.68629789352417
SASRec,2011,2011-12-31,91881,588,8,6.647543430328369
SASRec,2011,2011-12-31,91881,4306,9,6.5926103591918945
SASRec,2011,2011-12-31,91881,1197,10,6.5661749839782715
SASRec,2011,2011-12-31,92814,56174,1,7.834982872009277
SASRec,2011,2011-12-31,92814,44191,2,7.174983024597168
SASRec,2011,2011-12-31,92814,8636,3,7.082350730895996
SASRec,2011,2011-12-31,92814,5418,4,7.055212020874023
SASRec,2011,2011-12-31,92814,49272,5,6.9206223487854
SASRec,2011,2011-12-31,92814,44665,6,6.899651050567627
SASRec,2011,2011-12-31,92814,4886,7,6.8770318031311035
SASRec,2011,2011-12-31,92814,58559,8,6.874154090881348
SASRec,2011,2011-12-31,92814,34162,9,6.851547718048096
SASRec,2011,2011-12-31,92814,45499,10,6.795952796936035
SASRec,2011,2011-12-31,92857,318,1,6.751272201538086
SASRec,2011,2011-12-31,92857,48516,2,6.7001423835754395
SASRec,2011,2011-12-31,92857,58559,3,6.671507835388184
SASRec,2011,2011-12-31,92857,56367,4,6.2928571701049805
SASRec,2011,2011-12-31,92857,70286,5,6.284012794494629
SASRec,2011,2011-12-31,92857,110,6,6.281025409698486
SASRec,2011,2011-12-31,92857,60069,7,6.049768447875977
SASRec,2011,2011-12-31,92857,74458,8,6.027238845825195
SASRec,2011,2011-12-31,92857,608,9,6.007678031921387
SASRec,2011,2011-12-31,92857,76251,10,5.903692245483398
SASRec,2011,2011-12-31,92871,59315,1,5.6466546058654785
SASRec,2011,2011-12-31,92871,70286,2,5.351303577423096
SASRec,2011,2011-12-31,92871,2951,3,5.317884922027588
SASRec,2011,2011-12-31,92871,924,4,5.245092868804932
SASRec,2011,2011-12-31,92871,1258,5,5.218562126159668
SASRec,2011,2011-12-31,92871,1270,6,5.142632961273193
SASRec,2011,2011-12-31,92871,1222,7,5.112125873565674
SASRec,2011,2011-12-31,92871,2947,8,5.091989517211914
SASRec,2011,2011-12-31,92871,2662,9,5.042352676391602
SASRec,2011,2011-12-31,92871,541,10,4.968613147735596
SASRec,2011,2011-12-31,93112,76251,1,6.638794422149658
SASRec,2011,2011-12-31,93112,77561,2,6.59294319152832
SASRec,2011,2011-12-31,93112,71518,3,6.5859479904174805
SASRec,2011,2011-12-31,93112,72998,4,6.398999214172363
SASRec,2011,2011-12-31,93112,70286,5,6.3064351081848145
SASRec,2011,2011-12-31,93112,79702,6,6.24702262878418
SASRec,2011,2011-12-31,93112,68954,7,6.183765888214111
SASRec,2011,2011-12-31,93112,78105,8,6.121847152709961
SASRec,2011,2011-12-31,93112,72407,9,6.103615760803223
SASRec,2011,2011-12-31,93112,78499,10,6.0451555252075195
SASRec,2011,2011-12-31,93954,70286,1,6.995142459869385
SASRec,2011,2011-12-31,93954,55820,2,6.956592559814453
SASRec,2011,2011-12-31,93954,68157,3,6.858771324157715
SASRec,2011,2011-12-31,93954,68954,4,6.810266971588135
SASRec,2011,2011-12-31,93954,48516,5,6.781434059143066
SASRec,2011,2011-12-31,93954,72998,6,6.752829551696777
SASRec,2011,2011-12-31,93954,56174,7,6.674037456512451
SASRec,2011,2011-12-31,93954,59315,8,6.4022064208984375
SASRec,2011,2011-12-31,93954,73017,9,6.385127067565918
SASRec,2011,2011-12-31,93954,71535,10,6.378366470336914
SASRec,2011,2011-12-31,93981,1333,1,6.797283172607422
SASRec,2011,2011-12-31,93981,2080,2,6.559057712554932
SASRec,2011,2011-12-31,93981,914,3,6.541543483734131
SASRec,2011,2011-12-31,93981,1282,4,6.3899149894714355
SASRec,2011,2011-12-31,93981,2096,5,6.36007022857666
SASRec,2011,2011-12-31,93981,2160,6,6.282012462615967
SASRec,2011,2011-12-31,93981,1244,7,6.214583396911621
SASRec,2011,2011-12-31,93981,2087,8,6.207981109619141
SASRec,2011,2011-12-31,93981,1345,9,6.179559707641602
SASRec,2011,2011-12-31,93981,910,10,6.121597766876221
SASRec,2011,2011-12-31,94122,71518,1,6.500006198883057
SASRec,2011,2011-12-31,94122,76251,2,6.3262786865234375
SASRec,2011,2011-12-31,94122,70286,3,6.26966667175293
SASRec,2011,2011-12-31,94122,68157,4,6.207854270935059
SASRec,2011,2011-12-31,94122,68159,5,5.952324390411377
SASRec,2011,2011-12-31,94122,74275,6,5.880606651306152
SASRec,2011,2011-12-31,94122,79702,7,5.823307514190674
SASRec,2011,2011-12-31,94122,77561,8,5.819789886474609
SASRec,2011,2011-12-31,94122,71535,9,5.8108415603637695
SASRec,2011,2011-12-31,94122,72407,10,5.751667022705078
SASRec,2011,2011-12-31,94225,318,1,6.878969192504883
SASRec,2011,2011-12-31,94225,110,2,6.755860328674316
SASRec,2011,2011-12-31,94225,51662,3,6.6854681968688965
SASRec,2011,2011-12-31,94225,4226,4,6.5850982666015625
SASRec,2011,2011-12-31,94225,56367,5,6.497669696807861
SASRec,2011,2011-12-31,94225,588,6,6.397509574890137
SASRec,2011,2011-12-31,94225,5418,7,6.327425956726074
SASRec,2011,2011-12-31,94225,377,8,6.286243438720703
SASRec,2011,2011-12-31,94225,480,9,6.256372451782227
SASRec,2011,2011-12-31,94225,150,10,6.238274574279785
SASRec,2011,2011-12-31,94282,4226,1,8.922701835632324
SASRec,2011,2011-12-31,94282,4306,2,8.641387939453125
SASRec,2011,2011-12-31,94282,6539,3,8.613210678100586
SASRec,2011,2011-12-31,94282,296,4,8.539212226867676
SASRec,2011,2011-12-31,94282,5952,5,8.524900436401367
SASRec,2011,2011-12-31,94282,4886,6,8.46180248260498
SASRec,2011,2011-12-31,94282,318,7,8.425093650817871
SASRec,2011,2011-12-31,94282,7361,8,8.299123764038086
SASRec,2011,2011-12-31,94282,4993,9,8.285408020019531
SASRec,2011,2011-12-31,94282,589,10,8.261270523071289
SASRec,2011,2011-12-31,94292,68157,1,6.733410358428955
SASRec,2011,2011-12-31,94292,59315,2,6.661661624908447
SASRec,2011,2011-12-31,94292,68954,3,6.648590564727783
SASRec,2011,2011-12-31,94292,71535,4,6.4651288986206055
SASRec,2011,2011-12-31,94292,56367,5,6.342339515686035
SASRec,2011,2011-12-31,94292,68358,6,6.280491828918457
SASRec,2011,2011-12-31,94292,74458,7,6.272740364074707
SASRec,2011,2011-12-31,94292,60069,8,6.202556610107422
SASRec,2011,2011-12-31,94292,48516,9,6.040580749511719
SASRec,2011,2011-12-31,94292,76251,10,6.024513244628906
SASRec,2011,2011-12-31,94512,48516,1,6.083900451660156
SASRec,2011,2011-12-31,94512,6016,2,5.893198013305664
SASRec,2011,2011-12-31,94512,27773,3,5.7220611572265625
SASRec,2011,2011-12-31,94512,48774,4,5.710460186004639
SASRec,2011,2011-12-31,94512,47629,5,5.573502540588379
SASRec,2011,2011-12-31,94512,44555,6,5.549779415130615
SASRec,2011,2011-12-31,94512,44761,7,5.516084671020508
SASRec,2011,2011-12-31,94512,48394,8,5.370668411254883
SASRec,2011,2011-12-31,94512,30749,9,5.310908317565918
SASRec,2011,2011-12-31,94512,44694,10,5.277464866638184
SASRec,2011,2011-12-31,94930,2542,1,6.386146068572998
SASRec,2011,2011-12-31,94930,48516,2,6.305544853210449
SASRec,2011,2011-12-31,94930,56367,3,6.254801273345947
SASRec,2011,2011-12-31,94930,58559,4,6.151554584503174
SASRec,2011,2011-12-31,94930,35836,5,6.138551712036133
SASRec,2011,2011-12-31,94930,46578,6,6.066695213317871
SASRec,2011,2011-12-31,94930,63082,7,6.00562858581543
SASRec,2011,2011-12-31,94930,48774,8,5.9428629875183105
SASRec,2011,2011-12-31,94930,55820,9,5.941380500793457
SASRec,2011,2011-12-31,94930,44195,10,5.8849101066589355
SASRec,2011,2011-12-31,95043,63082,1,6.213853359222412
SASRec,2011,2011-12-31,95043,48516,2,6.095475196838379
SASRec,2011,2011-12-31,95043,56367,3,5.843276023864746
SASRec,2011,2011-12-31,95043,55820,4,5.630230903625488
SASRec,2011,2011-12-31,95043,48774,5,5.538443088531494
SASRec,2011,2011-12-31,95043,68157,6,5.307045936584473
SASRec,2011,2011-12-31,95043,60069,7,5.292350769042969
SASRec,2011,2011-12-31,95043,49272,8,5.237240791320801
SASRec,2011,2011-12-31,95043,56174,9,5.1735005378723145
SASRec,2011,2011-12-31,95043,318,10,5.122635364532471
SASRec,2011,2011-12-31,95161,76251,1,6.165532112121582
SASRec,2011,2011-12-31,95161,74458,2,5.7277398109436035
SASRec,2011,2011-12-31,95161,80489,3,5.687458038330078
SASRec,2011,2011-12-31,95161,71535,4,5.614191055297852
SASRec,2011,2011-12-31,95161,68159,5,5.560016632080078
SASRec,2011,2011-12-31,95161,77561,6,5.534385681152344
SASRec,2011,2011-12-31,95161,72998,7,5.471477031707764
SASRec,2011,2011-12-31,95161,80463,8,5.396435260772705
SASRec,2011,2011-12-31,95161,56174,9,5.291072845458984
SASRec,2011,2011-12-31,95161,67267,10,5.238838195800781
SASRec,2011,2011-12-31,95354,72998,1,7.226224899291992
SASRec,2011,2011-12-31,95354,70286,2,7.061820983886719
SASRec,2011,2011-12-31,95354,69122,3,6.824743270874023
SASRec,2011,2011-12-31,95354,68954,4,6.813457489013672
SASRec,2011,2011-12-31,95354,68157,5,6.6747660636901855
SASRec,2011,2011-12-31,95354,72407,6,6.642476558685303
SASRec,2011,2011-12-31,95354,73017,7,6.636195182800293
SASRec,2011,2011-12-31,95354,76251,8,6.608159065246582
SASRec,2011,2011-12-31,95354,61132,9,6.466322422027588
SASRec,2011,2011-12-31,95354,68358,10,6.373480319976807
SASRec,2011,2011-12-31,95592,68157,1,6.267523288726807
SASRec,2011,2011-12-31,95592,71518,2,6.1374592781066895
SASRec,2011,2011-12-31,95592,76251,3,6.059242248535156
SASRec,2011,2011-12-31,95592,66097,4,5.92271089553833
SASRec,2011,2011-12-31,95592,71464,5,5.828495025634766
SASRec,2011,2011-12-31,95592,71108,6,5.748196601867676
SASRec,2011,2011-12-31,95592,69481,7,5.745913505554199
SASRec,2011,2011-12-31,95592,64614,8,5.636346340179443
SASRec,2011,2011-12-31,95592,71033,9,5.619754791259766
SASRec,2011,2011-12-31,95592,80463,10,5.615328311920166
SASRec,2011,2011-12-31,95685,541,1,6.824544429779053
SASRec,2011,2011-12-31,95685,58559,2,6.809135437011719
SASRec,2011,2011-12-31,95685,55820,3,6.702235221862793
SASRec,2011,2011-12-31,95685,48516,4,6.557137489318848
SASRec,2011,2011-12-31,95685,904,5,6.430537223815918
SASRec,2011,2011-12-31,95685,1196,6,6.43049430847168
SASRec,2011,2011-12-31,95685,750,7,6.350633144378662
SASRec,2011,2011-12-31,95685,318,8,6.338456153869629
SASRec,2011,2011-12-31,95685,1221,9,6.331541538238525
SASRec,2011,2011-12-31,95685,1252,10,6.306017875671387
SASRec,2011,2011-12-31,96305,68157,1,6.649606227874756
SASRec,2011,2011-12-31,96305,70286,2,6.507059097290039
SASRec,2011,2011-12-31,96305,71518,3,6.362604141235352
SASRec,2011,2011-12-31,96305,71535,4,5.945415019989014
SASRec,2011,2011-12-31,96305,55820,5,5.910017490386963
SASRec,2011,2011-12-31,96305,64614,6,5.906289577484131
SASRec,2011,2011-12-31,96305,69481,7,5.900852203369141
SASRec,2011,2011-12-31,96305,78499,8,5.8444504737854
SASRec,2011,2011-12-31,96305,74789,9,5.7587995529174805
SASRec,2011,2011-12-31,96305,68159,10,5.728897571563721
SASRec,2011,2011-12-31,96420,58559,1,5.445897579193115
SASRec,2011,2011-12-31,96420,48516,2,5.158358573913574
SASRec,2011,2011-12-31,96420,66097,3,4.817396640777588
SASRec,2011,2011-12-31,96420,47629,4,4.609668254852295
SASRec,2011,2011-12-31,96420,52241,5,4.598188400268555
SASRec,2011,2011-12-31,96420,54997,6,4.538244247436523
SASRec,2011,2011-12-31,96420,63082,7,4.5327534675598145
SASRec,2011,2011-12-31,96420,53519,8,4.484243392944336
SASRec,2011,2011-12-31,96420,55280,9,4.47145414352417
SASRec,2011,2011-12-31,96420,61132,10,4.421682357788086
SASRec,2011,2011-12-31,96563,110,1,7.059333801269531
SASRec,2011,2011-12-31,96563,2762,2,7.058680534362793
SASRec,2011,2011-12-31,96563,593,3,6.9335174560546875
SASRec,2011,2011-12-31,96563,32,4,6.707738876342773
SASRec,2011,2011-12-31,96563,56174,5,6.551575660705566
SASRec,2011,2011-12-31,96563,589,6,6.523880481719971
SASRec,2011,2011-12-31,96563,4973,7,6.489982604980469
SASRec,2011,2011-12-31,96563,54286,8,6.446989059448242
SASRec,2011,2011-12-31,96563,72998,9,6.365156650543213
SASRec,2011,2011-12-31,96563,1221,10,6.331199645996094
SASRec,2011,2011-12-31,96630,66097,1,5.085904121398926
SASRec,2011,2011-12-31,96630,48516,2,4.810065746307373
SASRec,2011,2011-12-31,96630,56367,3,4.809777736663818
SASRec,2011,2011-12-31,96630,68954,4,4.736699104309082
SASRec,2011,2011-12-31,96630,59315,5,4.61499547958374
SASRec,2011,2011-12-31,96630,63082,6,4.582869052886963
SASRec,2011,2011-12-31,96630,70286,7,4.56967306137085
SASRec,2011,2011-12-31,96630,74789,8,4.484095573425293
SASRec,2011,2011-12-31,96630,56757,9,4.479036331176758
SASRec,2011,2011-12-31,96630,60069,10,4.464404582977295
SASRec,2011,2011-12-31,97087,7293,1,4.954988956451416
SASRec,2011,2011-12-31,97087,34534,2,4.946396827697754
SASRec,2011,2011-12-31,97087,6383,3,4.908354759216309
SASRec,2011,2011-12-31,97087,32587,4,4.840398788452148
SASRec,2011,2011-12-31,97087,45186,5,4.7870049476623535
SASRec,2011,2011-12-31,97087,35957,6,4.781862258911133
SASRec,2011,2011-12-31,97087,7361,7,4.759453773498535
SASRec,2011,2011-12-31,97087,27821,8,4.744614601135254
SASRec,2011,2011-12-31,97087,6016,9,4.715147972106934
SASRec,2011,2011-12-31,97087,36519,10,4.709882736206055
SASRec,2011,2011-12-31,97166,780,1,6.832569599151611
SASRec,2011,2011-12-31,97166,1527,2,6.441730499267578
SASRec,2011,2011-12-31,97166,588,3,6.254197597503662
SASRec,2011,2011-12-31,97166,356,4,6.150535583496094
SASRec,2011,2011-12-31,97166,56174,5,6.0443034172058105
SASRec,2011,2011-12-31,97166,480,6,5.937716484069824
SASRec,2011,2011-12-31,97166,1676,7,5.898529052734375
SASRec,2011,2011-12-31,97166,589,8,5.898384094238281
SASRec,2011,2011-12-31,97166,2628,9,5.868182182312012
SASRec,2011,2011-12-31,97166,59315,10,5.862003803253174
SASRec,2011,2011-12-31,97523,70286,1,6.631537437438965
SASRec,2011,2011-12-31,97523,72407,2,6.546772003173828
SASRec,2011,2011-12-31,97523,69122,3,6.287697792053223
SASRec,2011,2011-12-31,97523,68954,4,6.210734844207764
SASRec,2011,2011-12-31,97523,68319,5,6.008960723876953
SASRec,2011,2011-12-31,97523,76251,6,5.993196487426758
SASRec,2011,2011-12-31,97523,71135,7,5.95887565612793
SASRec,2011,2011-12-31,97523,60037,8,5.891523361206055
SASRec,2011,2011-12-31,97523,70336,9,5.882452964782715
SASRec,2011,2011-12-31,97523,79702,10,5.85043478012085
SASRec,2011,2011-12-31,97769,63876,1,5.83761739730835
SASRec,2011,2011-12-31,97769,55820,2,5.797104835510254
SASRec,2011,2011-12-31,97769,68157,3,5.68153190612793
SASRec,2011,2011-12-31,97769,64575,4,5.427105903625488
SASRec,2011,2011-12-31,97769,48516,5,5.305692672729492
SASRec,2011,2011-12-31,97769,55444,6,5.305034637451172
SASRec,2011,2011-12-31,97769,58559,7,5.282843589782715
SASRec,2011,2011-12-31,97769,66097,8,5.274413108825684
SASRec,2011,2011-12-31,97769,48774,9,5.264269828796387
SASRec,2011,2011-12-31,97769,76251,10,5.205113887786865
SASRec,2011,2011-12-31,97770,60037,1,6.209977149963379
SASRec,2011,2011-12-31,97770,53996,2,5.980957984924316
SASRec,2011,2011-12-31,97770,53125,3,5.732909679412842
SASRec,2011,2011-12-31,97770,60072,4,5.620389938354492
SASRec,2011,2011-12-31,97770,61132,5,5.588160991668701
SASRec,2011,2011-12-31,97770,72407,6,5.579239845275879
SASRec,2011,2011-12-31,97770,51662,7,5.491276741027832
SASRec,2011,2011-12-31,97770,63992,8,5.487022876739502
SASRec,2011,2011-12-31,97770,50798,9,5.398094654083252
SASRec,2011,2011-12-31,97770,56171,10,5.2666192054748535
SASRec,2011,2011-12-31,97829,71518,1,6.5497727394104
SASRec,2011,2011-12-31,97829,78105,2,6.269397258758545
SASRec,2011,2011-12-31,97829,80489,3,6.1219048500061035
SASRec,2011,2011-12-31,97829,77206,4,6.0646891593933105
SASRec,2011,2011-12-31,97829,79702,5,5.988818645477295
SASRec,2011,2011-12-31,97829,79293,6,5.963183879852295
SASRec,2011,2011-12-31,97829,74916,7,5.896927833557129
SASRec,2011,2011-12-31,97829,80463,8,5.833327770233154
SASRec,2011,2011-12-31,97829,74275,9,5.813592910766602
SASRec,2011,2011-12-31,97829,79224,10,5.7668328285217285
SASRec,2011,2011-12-31,97973,77206,1,6.193338394165039
SASRec,2011,2011-12-31,97973,74916,2,5.84400749206543
SASRec,2011,2011-12-31,97973,51773,3,5.843651294708252
SASRec,2011,2011-12-31,97973,71518,4,5.841604709625244
SASRec,2011,2011-12-31,97973,78105,5,5.732266902923584
SASRec,2011,2011-12-31,97973,69489,6,5.661863803863525
SASRec,2011,2011-12-31,97973,74948,7,5.626046657562256
SASRec,2011,2011-12-31,97973,78266,8,5.6017889976501465
SASRec,2011,2011-12-31,97973,74156,9,5.547560214996338
SASRec,2011,2011-12-31,97973,78116,10,5.544680118560791
SASRec,2011,2011-12-31,98206,7938,1,5.152368545532227
SASRec,2011,2011-12-31,98206,8197,2,5.129220008850098
SASRec,2011,2011-12-31,98206,7013,3,4.914434909820557
SASRec,2011,2011-12-31,98206,7217,4,4.792304515838623
SASRec,2011,2011-12-31,98206,8684,5,4.7794084548950195
SASRec,2011,2011-12-31,98206,44555,6,4.755059719085693
SASRec,2011,2011-12-31,98206,7043,7,4.7091569900512695
SASRec,2011,2011-12-31,98206,7700,8,4.6766862869262695
SASRec,2011,2011-12-31,98206,7749,9,4.664588928222656
SASRec,2011,2011-12-31,98206,5291,10,4.634018898010254
SASRec,2011,2011-12-31,98329,7004,1,5.289702892303467
SASRec,2011,2011-12-31,98329,6754,2,5.091081142425537
SASRec,2011,2011-12-31,98329,5219,3,4.937955856323242
SASRec,2011,2011-12-31,98329,6383,4,4.882309436798096
SASRec,2011,2011-12-31,98329,1974,5,4.85957145690918
SASRec,2011,2011-12-31,98329,2717,6,4.7899088859558105
SASRec,2011,2011-12-31,98329,8810,7,4.681244373321533
SASRec,2011,2011-12-31,98329,1342,8,4.672633171081543
SASRec,2011,2011-12-31,98329,1882,9,4.656073093414307
SASRec,2011,2011-12-31,98329,2513,10,4.63734769821167
SASRec,2011,2011-12-31,98538,56174,1,6.363548755645752
SASRec,2011,2011-12-31,98538,51662,2,6.06573486328125
SASRec,2011,2011-12-31,98538,53125,3,5.982858180999756
SASRec,2011,2011-12-31,98538,56757,4,5.909807205200195
SASRec,2011,2011-12-31,98538,35836,5,5.789078712463379
SASRec,2011,2011-12-31,98538,53996,6,5.777882099151611
SASRec,2011,2011-12-31,98538,56367,7,5.749855995178223
SASRec,2011,2011-12-31,98538,56171,8,5.5716962814331055
SASRec,2011,2011-12-31,98538,52973,9,5.563144683837891
SASRec,2011,2011-12-31,98538,52722,10,5.546047210693359
SASRec,2011,2011-12-31,98666,71518,1,6.287964820861816
SASRec,2011,2011-12-31,98666,72407,2,6.238476276397705
SASRec,2011,2011-12-31,98666,76251,3,6.100483417510986
SASRec,2011,2011-12-31,98666,77561,4,6.08452033996582
SASRec,2011,2011-12-31,98666,71520,5,5.968842029571533
SASRec,2011,2011-12-31,98666,74275,6,5.928657531738281
SASRec,2011,2011-12-31,98666,71057,7,5.926265716552734
SASRec,2011,2011-12-31,98666,68954,8,5.862692356109619
SASRec,2011,2011-12-31,98666,78105,9,5.843914985656738
SASRec,2011,2011-12-31,98666,71135,10,5.813333511352539
SASRec,2011,2011-12-31,98920,77561,1,6.394540309906006
SASRec,2011,2011-12-31,98920,71518,2,6.236728191375732
SASRec,2011,2011-12-31,98920,76251,3,6.222517013549805
SASRec,2011,2011-12-31,98920,72407,4,6.15957498550415
SASRec,2011,2011-12-31,98920,74275,5,5.941529750823975
SASRec,2011,2011-12-31,98920,78105,6,5.904618740081787
SASRec,2011,2011-12-31,98920,79293,7,5.888202667236328
SASRec,2011,2011-12-31,98920,71135,8,5.828609943389893
SASRec,2011,2011-12-31,98920,68157,9,5.786373138427734
SASRec,2011,2011-12-31,98920,68159,10,5.774785995483398
SASRec,2011,2011-12-31,98941,71033,1,4.666134357452393
SASRec,2011,2011-12-31,98941,63072,2,4.534179210662842
SASRec,2011,2011-12-31,98941,46664,3,4.527508735656738
SASRec,2011,2011-12-31,98941,71108,4,4.481991767883301
SASRec,2011,2011-12-31,98941,71518,5,4.422523021697998
SASRec,2011,2011-12-31,98941,77206,6,4.405864238739014
SASRec,2011,2011-12-31,98941,80463,7,4.303304672241211
SASRec,2011,2011-12-31,98941,25905,8,4.284555435180664
SASRec,2011,2011-12-31,98941,66097,9,4.246782302856445
SASRec,2011,2011-12-31,98941,26048,10,4.196420192718506
SASRec,2011,2011-12-31,98974,68157,1,6.974660873413086
SASRec,2011,2011-12-31,98974,68954,2,6.836141586303711
SASRec,2011,2011-12-31,98974,76251,3,6.795737266540527
SASRec,2011,2011-12-31,98974,70286,4,6.72319221496582
SASRec,2011,2011-12-31,98974,72998,5,6.596724510192871
SASRec,2011,2011-12-31,98974,71535,6,6.286110877990723
SASRec,2011,2011-12-31,98974,73017,7,6.26055908203125
SASRec,2011,2011-12-31,98974,69481,8,6.2558207511901855
SASRec,2011,2011-12-31,98974,64614,9,6.205561637878418
SASRec,2011,2011-12-31,98974,66097,10,6.172581672668457
SASRec,2011,2011-12-31,99109,1120,1,6.914644718170166
SASRec,2011,2011-12-31,99109,1333,2,6.773197174072266
SASRec,2011,2011-12-31,99109,1960,3,6.7117600440979
SASRec,2011,2011-12-31,99109,914,4,6.660492897033691
SASRec,2011,2011-12-31,99109,1282,5,6.377786636352539
SASRec,2011,2011-12-31,99109,1244,6,6.306227684020996
SASRec,2011,2011-12-31,99109,1022,7,6.299566268920898
SASRec,2011,2011-12-31,99109,596,8,6.294919490814209
SASRec,2011,2011-12-31,99109,441,9,6.222158432006836
SASRec,2011,2011-12-31,99109,1296,10,6.208881378173828
SASRec,2011,2011-12-31,99156,68954,1,7.244426727294922
SASRec,2011,2011-12-31,99156,72998,2,7.192461013793945
SASRec,2011,2011-12-31,99156,63082,3,6.992849349975586
SASRec,2011,2011-12-31,99156,69122,4,6.626364231109619
SASRec,2011,2011-12-31,99156,74458,5,6.560505390167236
SASRec,2011,2011-12-31,99156,59315,6,6.492437839508057
SASRec,2011,2011-12-31,99156,71535,7,6.4614644050598145
SASRec,2011,2011-12-31,99156,79702,8,6.437894344329834
SASRec,2011,2011-12-31,99156,64614,9,6.423066139221191
SASRec,2011,2011-12-31,99156,78499,10,6.421670436859131
SASRec,2011,2011-12-31,99165,356,1,9.641053199768066
SASRec,2011,2011-12-31,99165,296,2,9.370685577392578
SASRec,2011,2011-12-31,99165,260,3,9.147473335266113
SASRec,2011,2011-12-31,99165,593,4,9.081792831420898
SASRec,2011,2011-12-31,99165,589,5,9.08098030090332
SASRec,2011,2011-12-31,99165,608,6,9.043798446655273
SASRec,2011,2011-12-31,99165,541,7,9.00953483581543
SASRec,2011,2011-12-31,99165,377,8,8.948699951171875
SASRec,2011,2011-12-31,99165,150,9,8.929704666137695
SASRec,2011,2011-12-31,99165,1,10,8.901833534240723
SASRec,2011,2011-12-31,99275,76251,1,7.043539047241211
SASRec,2011,2011-12-31,99275,74458,2,6.7997331619262695
SASRec,2011,2011-12-31,99275,69122,3,6.795039653778076
SASRec,2011,2011-12-31,99275,56367,4,6.523209095001221
SASRec,2011,2011-12-31,99275,77561,5,6.422356128692627
SASRec,2011,2011-12-31,99275,79702,6,6.41165018081665
SASRec,2011,2011-12-31,99275,71518,7,6.221367835998535
SASRec,2011,2011-12-31,99275,74789,8,6.221007347106934
SASRec,2011,2011-12-31,99275,69481,9,6.178343772888184
SASRec,2011,2011-12-31,99275,80489,10,6.140509605407715
SASRec,2011,2011-12-31,99329,32,1,6.626941680908203
SASRec,2011,2011-12-31,99329,1240,2,6.5416154861450195
SASRec,2011,2011-12-31,99329,1291,3,6.5262041091918945
SASRec,2011,2011-12-31,99329,1097,4,6.498076438903809
SASRec,2011,2011-12-31,99329,590,5,6.487679481506348
SASRec,2011,2011-12-31,99329,1200,6,6.484905242919922
SASRec,2011,2011-12-31,99329,457,7,6.422330856323242
SASRec,2011,2011-12-31,99329,1222,8,6.400096416473389
SASRec,2011,2011-12-31,99329,8636,9,6.371346473693848
SASRec,2011,2011-12-31,99329,4226,10,6.363210678100586
SASRec,2011,2011-12-31,99439,44665,1,6.781162261962891
SASRec,2011,2011-12-31,99439,32587,2,6.629040718078613
SASRec,2011,2011-12-31,99439,58559,3,6.6050567626953125
SASRec,2011,2011-12-31,99439,44191,4,6.596108913421631
SASRec,2011,2011-12-31,99439,35836,5,6.443307399749756
SASRec,2011,2011-12-31,99439,56367,6,6.443253040313721
SASRec,2011,2011-12-31,99439,53996,7,6.407947063446045
SASRec,2011,2011-12-31,99439,45499,8,6.406406879425049
SASRec,2011,2011-12-31,99439,52722,9,6.3503570556640625
SASRec,2011,2011-12-31,99439,7361,10,6.283688068389893
SASRec,2011,2011-12-31,99706,48516,1,5.859809875488281
SASRec,2011,2011-12-31,99706,44555,2,5.697484016418457
SASRec,2011,2011-12-31,99706,55820,3,5.645820140838623
SASRec,2011,2011-12-31,99706,47629,4,5.396629333496094
SASRec,2011,2011-12-31,99706,44694,5,5.345532417297363
SASRec,2011,2011-12-31,99706,6016,6,5.336698532104492
SASRec,2011,2011-12-31,99706,48774,7,5.282756805419922
SASRec,2011,2011-12-31,99706,63876,8,5.254280090332031
SASRec,2011,2011-12-31,99706,58559,9,5.219798564910889
SASRec,2011,2011-12-31,99706,46578,10,5.215670585632324
SASRec,2011,2011-12-31,99723,72998,1,6.9851179122924805
SASRec,2011,2011-12-31,99723,76251,2,6.817134857177734
SASRec,2011,2011-12-31,99723,70286,3,6.7623820304870605
SASRec,2011,2011-12-31,99723,68954,4,6.735342979431152
SASRec,2011,2011-12-31,99723,71518,5,6.560449600219727
SASRec,2011,2011-12-31,99723,77561,6,6.518022537231445
SASRec,2011,2011-12-31,99723,73017,7,6.512246608734131
SASRec,2011,2011-12-31,99723,72407,8,6.441620349884033
SASRec,2011,2011-12-31,99723,58559,9,6.257099628448486
SASRec,2011,2011-12-31,99723,79702,10,6.232181072235107
SASRec,2011,2011-12-31,99743,70286,1,6.123696327209473
SASRec,2011,2011-12-31,99743,71535,2,5.779999256134033
SASRec,2011,2011-12-31,99743,71518,3,5.583086013793945
SASRec,2011,2011-12-31,99743,64839,4,5.571645736694336
SASRec,2011,2011-12-31,99743,52241,5,5.564116477966309
SASRec,2011,2011-12-31,99743,56788,6,5.498735427856445
SASRec,2011,2011-12-31,99743,59315,7,5.47308349609375
SASRec,2011,2011-12-31,99743,72998,8,5.459699630737305
SASRec,2011,2011-12-31,99743,55444,9,5.457963943481445
SASRec,2011,2011-12-31,99743,68237,10,5.443557262420654
SASRec,2011,2011-12-31,99965,68157,1,7.096826076507568
SASRec,2011,2011-12-31,99965,68954,2,7.029239177703857
SASRec,2011,2011-12-31,99965,72998,3,6.941503524780273
SASRec,2011,2011-12-31,99965,71535,4,6.669595718383789
SASRec,2011,2011-12-31,99965,79702,5,6.5764994621276855
SASRec,2011,2011-12-31,99965,69122,6,6.3886189460754395
SASRec,2011,2011-12-31,99965,68358,7,6.321692943572998
SASRec,2011,2011-12-31,99965,80489,8,6.312681674957275
SASRec,2011,2011-12-31,99965,68237,9,6.287093162536621
SASRec,2011,2011-12-31,99965,79132,10,6.219986438751221
SASRec,2011,2011-12-31,100445,77206,1,5.80950927734375
SASRec,2011,2011-12-31,100445,73027,2,5.763542175292969
SASRec,2011,2011-12-31,100445,74916,3,5.748709201812744
SASRec,2011,2011-12-31,100445,71108,4,5.700803756713867
SASRec,2011,2011-12-31,100445,79293,5,5.645918369293213
SASRec,2011,2011-12-31,100445,74156,6,5.61023473739624
SASRec,2011,2011-12-31,100445,80489,7,5.588235855102539
SASRec,2011,2011-12-31,100445,78116,8,5.587400436401367
SASRec,2011,2011-12-31,100445,74948,9,5.576958179473877
SASRec,2011,2011-12-31,100445,74275,10,5.569558143615723
SASRec,2011,2011-12-31,100546,541,1,8.105836868286133
SASRec,2011,2011-12-31,100546,110,2,7.9736857414245605
SASRec,2011,2011-12-31,100546,593,3,7.858831405639648
SASRec,2011,2011-12-31,100546,1214,4,7.804487705230713
SASRec,2011,2011-12-31,100546,296,5,7.794071197509766
SASRec,2011,2011-12-31,100546,589,6,7.662631511688232
SASRec,2011,2011-12-31,100546,1200,7,7.584811687469482
SASRec,2011,2011-12-31,100546,50,8,7.560433864593506
SASRec,2011,2011-12-31,100546,1221,9,7.407238006591797
SASRec,2011,2011-12-31,100546,1136,10,7.36601448059082
SASRec,2011,2011-12-31,101099,7361,1,4.927829265594482
SASRec,2011,2011-12-31,101099,6787,2,4.904107570648193
SASRec,2011,2011-12-31,101099,4848,3,4.760800361633301
SASRec,2011,2011-12-31,101099,7387,4,4.75040864944458
SASRec,2011,2011-12-31,101099,1333,5,4.748486042022705
SASRec,2011,2011-12-31,101099,4878,6,4.680771350860596
SASRec,2011,2011-12-31,101099,1136,7,4.643981456756592
SASRec,2011,2011-12-31,101099,5618,8,4.64159631729126
SASRec,2011,2011-12-31,101099,6979,9,4.593169212341309
SASRec,2011,2011-12-31,101099,6755,10,4.568354606628418
SASRec,2011,2011-12-31,101112,70286,1,7.562526702880859
SASRec,2011,2011-12-31,101112,56174,2,7.480991363525391
SASRec,2011,2011-12-31,101112,71535,3,7.054438591003418
SASRec,2011,2011-12-31,101112,63082,4,7.03851318359375
SASRec,2011,2011-12-31,101112,55820,5,6.985077857971191
SASRec,2011,2011-12-31,101112,68954,6,6.791172981262207
SASRec,2011,2011-12-31,101112,60069,7,6.787286281585693
SASRec,2011,2011-12-31,101112,48774,8,6.782374382019043
SASRec,2011,2011-12-31,101112,51662,9,6.7445268630981445
SASRec,2011,2011-12-31,101112,76251,10,6.592588424682617
SASRec,2011,2011-12-31,101156,1080,1,8.817976951599121
SASRec,2011,2011-12-31,101156,596,2,8.300769805908203
SASRec,2011,2011-12-31,101156,1084,3,8.009092330932617
SASRec,2011,2011-12-31,101156,1079,4,8.008933067321777
SASRec,2011,2011-12-31,101156,1282,5,7.93620491027832
SASRec,2011,2011-12-31,101156,953,6,7.894145488739014
SASRec,2011,2011-12-31,101156,541,7,7.830643653869629
SASRec,2011,2011-12-31,101156,318,8,7.7844953536987305
SASRec,2011,2011-12-31,101156,260,9,7.778928279876709
SASRec,2011,2011-12-31,101156,1276,10,7.7727742195129395
SASRec,2011,2011-12-31,101626,58559,1,8.008484840393066
SASRec,2011,2011-12-31,101626,56174,2,7.584012985229492
SASRec,2011,2011-12-31,101626,59315,3,7.460389614105225
SASRec,2011,2011-12-31,101626,51662,4,7.174323081970215
SASRec,2011,2011-12-31,101626,72998,5,7.135420322418213
SASRec,2011,2011-12-31,101626,56367,6,7.029120922088623
SASRec,2011,2011-12-31,101626,68157,7,7.010719299316406
SASRec,2011,2011-12-31,101626,68954,8,7.00697135925293
SASRec,2011,2011-12-31,101626,60069,9,6.98583984375
SASRec,2011,2011-12-31,101626,74458,10,6.875328540802002
SASRec,2011,2011-12-31,102085,1206,1,6.515450954437256
SASRec,2011,2011-12-31,102085,924,2,6.4941864013671875
SASRec,2011,2011-12-31,102085,48774,3,6.492356300354004
SASRec,2011,2011-12-31,102085,30749,4,6.446264266967773
SASRec,2011,2011-12-31,102085,541,5,6.404298305511475
SASRec,2011,2011-12-31,102085,46578,6,6.311132431030273
SASRec,2011,2011-12-31,102085,1090,7,6.159665107727051
SASRec,2011,2011-12-31,102085,1333,8,6.113219738006592
SASRec,2011,2011-12-31,102085,56367,9,6.063509941101074
SASRec,2011,2011-12-31,102085,5995,10,6.056960105895996
SASRec,2011,2011-12-31,102130,68157,1,6.132990837097168
SASRec,2011,2011-12-31,102130,68954,2,5.921261310577393
SASRec,2011,2011-12-31,102130,76251,3,5.849801540374756
SASRec,2011,2011-12-31,102130,58559,4,5.769449710845947
SASRec,2011,2011-12-31,102130,71518,5,5.765369892120361
SASRec,2011,2011-12-31,102130,66097,6,5.7640838623046875
SASRec,2011,2011-12-31,102130,72998,7,5.631527423858643
SASRec,2011,2011-12-31,102130,69481,8,5.617397785186768
SASRec,2011,2011-12-31,102130,69757,9,5.579909801483154
SASRec,2011,2011-12-31,102130,71464,10,5.5757060050964355
SASRec,2011,2011-12-31,102560,76251,1,6.9079484939575195
SASRec,2011,2011-12-31,102560,71518,2,6.839620113372803
SASRec,2011,2011-12-31,102560,79702,3,6.367552280426025
SASRec,2011,2011-12-31,102560,78499,4,6.234584331512451
SASRec,2011,2011-12-31,102560,80489,5,6.144690990447998
SASRec,2011,2011-12-31,102560,68159,6,6.102431297302246
SASRec,2011,2011-12-31,102560,79293,7,6.014069080352783
SASRec,2011,2011-12-31,102560,74458,8,6.000985145568848
SASRec,2011,2011-12-31,102560,79132,9,5.937536716461182
SASRec,2011,2011-12-31,102560,66509,10,5.935189723968506
SASRec,2011,2011-12-31,102830,48516,1,5.512945175170898
SASRec,2011,2011-12-31,102830,55820,2,5.4982008934021
SASRec,2011,2011-12-31,102830,58559,3,5.255566596984863
SASRec,2011,2011-12-31,102830,63876,4,5.215948581695557
SASRec,2011,2011-12-31,102830,48774,5,5.138191223144531
SASRec,2011,2011-12-31,102830,63082,6,5.0872392654418945
SASRec,2011,2011-12-31,102830,44694,7,5.085137367248535
SASRec,2011,2011-12-31,102830,47629,8,4.993216037750244
SASRec,2011,2011-12-31,102830,44761,9,4.947971820831299
SASRec,2011,2011-12-31,102830,6016,10,4.934391498565674
SASRec,2011,2011-12-31,102960,68954,1,5.925678253173828
SASRec,2011,2011-12-31,102960,68157,2,5.905311107635498
SASRec,2011,2011-12-31,102960,71464,3,5.810792922973633
SASRec,2011,2011-12-31,102960,71518,4,5.752523422241211
SASRec,2011,2011-12-31,102960,76251,5,5.678045749664307
SASRec,2011,2011-12-31,102960,71108,6,5.618248462677002
SASRec,2011,2011-12-31,102960,63876,7,5.565964221954346
SASRec,2011,2011-12-31,102960,69481,8,5.441207408905029
SASRec,2011,2011-12-31,102960,71033,9,5.389520645141602
SASRec,2011,2011-12-31,102960,71745,10,5.277097702026367
SASRec,2011,2011-12-31,103188,70286,1,7.451212406158447
SASRec,2011,2011-12-31,103188,68157,2,7.15716552734375
SASRec,2011,2011-12-31,103188,63082,3,7.142378330230713
SASRec,2011,2011-12-31,103188,68954,4,7.110996246337891
SASRec,2011,2011-12-31,103188,76251,5,6.758504390716553
SASRec,2011,2011-12-31,103188,69122,6,6.736544609069824
SASRec,2011,2011-12-31,103188,73017,7,6.706768989562988
SASRec,2011,2011-12-31,103188,59315,8,6.702210426330566
SASRec,2011,2011-12-31,103188,55820,9,6.6658196449279785
SASRec,2011,2011-12-31,103188,71535,10,6.649787902832031
SASRec,2011,2011-12-31,103240,48516,1,7.98536491394043
SASRec,2011,2011-12-31,103240,318,2,7.769559383392334
SASRec,2011,2011-12-31,103240,2959,3,7.594542503356934
SASRec,2011,2011-12-31,103240,58559,4,7.508187770843506
SASRec,2011,2011-12-31,103240,32587,5,7.435230255126953
SASRec,2011,2011-12-31,103240,6016,6,7.306046485900879
SASRec,2011,2011-12-31,103240,48774,7,7.287304401397705
SASRec,2011,2011-12-31,103240,44191,8,7.235116004943848
SASRec,2011,2011-12-31,103240,2329,9,7.108617782592773
SASRec,2011,2011-12-31,103240,55820,10,7.106967449188232
SASRec,2011,2011-12-31,103417,71518,1,6.5889201164245605
SASRec,2011,2011-12-31,103417,68157,2,6.524406909942627
SASRec,2011,2011-12-31,103417,68954,3,6.494166374206543
SASRec,2011,2011-12-31,103417,79702,4,6.405528545379639
SASRec,2011,2011-12-31,103417,78499,5,6.26314640045166
SASRec,2011,2011-12-31,103417,72407,6,6.234194278717041
SASRec,2011,2011-12-31,103417,69122,7,6.226959228515625
SASRec,2011,2011-12-31,103417,80489,8,6.220452308654785
SASRec,2011,2011-12-31,103417,71535,9,6.131350040435791
SASRec,2011,2011-12-31,103417,71135,10,6.057991027832031
SASRec,2011,2011-12-31,103511,61132,1,5.520559787750244
SASRec,2011,2011-12-31,103511,56171,2,5.473583221435547
SASRec,2011,2011-12-31,103511,56757,3,5.446035385131836
SASRec,2011,2011-12-31,103511,72407,4,5.309035778045654
SASRec,2011,2011-12-31,103511,52245,5,5.167211055755615
SASRec,2011,2011-12-31,103511,46972,6,5.059109210968018
SASRec,2011,2011-12-31,103511,64497,7,5.02486515045166
SASRec,2011,2011-12-31,103511,63992,8,5.021447658538818
SASRec,2011,2011-12-31,103511,63082,9,5.0029144287109375
SASRec,2011,2011-12-31,103511,56152,10,4.98627233505249
SASRec,2011,2011-12-31,103566,58559,1,6.121021747589111
SASRec,2011,2011-12-31,103566,56367,2,5.924798488616943
SASRec,2011,2011-12-31,103566,56174,3,5.856800556182861
SASRec,2011,2011-12-31,103566,56171,4,5.74751615524292
SASRec,2011,2011-12-31,103566,51662,5,5.712867259979248
SASRec,2011,2011-12-31,103566,53125,6,5.706186771392822
SASRec,2011,2011-12-31,103566,61132,7,5.660870552062988
SASRec,2011,2011-12-31,103566,35836,8,5.638901233673096
SASRec,2011,2011-12-31,103566,52245,9,5.586914539337158
SASRec,2011,2011-12-31,103566,56757,10,5.584408760070801
SASRec,2011,2011-12-31,103610,6016,1,6.27998161315918
SASRec,2011,2011-12-31,103610,44555,2,6.112978935241699
SASRec,2011,2011-12-31,103610,30749,3,5.908287525177002
SASRec,2011,2011-12-31,103610,50,4,5.775790214538574
SASRec,2011,2011-12-31,103610,27773,5,5.6975016593933105
SASRec,2011,2011-12-31,103610,5995,6,5.551558017730713
SASRec,2011,2011-12-31,103610,111,7,5.520212173461914
SASRec,2011,2011-12-31,103610,1213,8,5.455075740814209
SASRec,2011,2011-12-31,103610,30707,9,5.415161609649658
SASRec,2011,2011-12-31,103610,293,10,5.382666110992432
SASRec,2011,2011-12-31,103631,55820,1,7.057507038116455
SASRec,2011,2011-12-31,103631,56367,2,7.002303123474121
SASRec,2011,2011-12-31,103631,48774,3,6.9860453605651855
SASRec,2011,2011-12-31,103631,63082,4,6.9191060066223145
SASRec,2011,2011-12-31,103631,44191,5,6.8402323722839355
SASRec,2011,2011-12-31,103631,110,6,6.685418128967285
SASRec,2011,2011-12-31,103631,296,7,6.6333723068237305
SASRec,2011,2011-12-31,103631,54286,8,6.580503463745117
SASRec,2011,2011-12-31,103631,2571,9,6.574787139892578
SASRec,2011,2011-12-31,103631,68157,10,6.549979209899902
SASRec,2011,2011-12-31,103834,55820,1,6.002203464508057
SASRec,2011,2011-12-31,103834,58559,2,5.640567302703857
SASRec,2011,2011-12-31,103834,44555,3,5.596922397613525
SASRec,2011,2011-12-31,103834,48516,4,5.551674842834473
SASRec,2011,2011-12-31,103834,63876,5,5.507748603820801
SASRec,2011,2011-12-31,103834,68157,6,5.382813453674316
SASRec,2011,2011-12-31,103834,57669,7,5.371026515960693
SASRec,2011,2011-12-31,103834,63082,8,5.229862689971924
SASRec,2011,2011-12-31,103834,48774,9,5.1849541664123535
SASRec,2011,2011-12-31,103834,69481,10,5.178114414215088
SASRec,2011,2011-12-31,103856,70286,1,7.573496341705322
SASRec,2011,2011-12-31,103856,56174,2,7.3734211921691895
SASRec,2011,2011-12-31,103856,68954,3,7.015576362609863
SASRec,2011,2011-12-31,103856,63082,4,7.005215644836426
SASRec,2011,2011-12-31,103856,72998,5,6.898848056793213
SASRec,2011,2011-12-31,103856,55820,6,6.746588706970215
SASRec,2011,2011-12-31,103856,68157,7,6.719272136688232
SASRec,2011,2011-12-31,103856,51662,8,6.53150749206543
SASRec,2011,2011-12-31,103856,48516,9,6.514036655426025
SASRec,2011,2011-12-31,103856,68358,10,6.5073041915893555
SASRec,2011,2011-12-31,103925,77206,1,4.916640758514404
SASRec,2011,2011-12-31,103925,74916,2,4.894635200500488
SASRec,2011,2011-12-31,103925,71108,3,4.809236526489258
SASRec,2011,2011-12-31,103925,71033,4,4.8040618896484375
SASRec,2011,2011-12-31,103925,78116,5,4.777914047241211
SASRec,2011,2011-12-31,103925,71518,6,4.769293785095215
SASRec,2011,2011-12-31,103925,66289,7,4.756838798522949
SASRec,2011,2011-12-31,103925,61934,8,4.7365312576293945
SASRec,2011,2011-12-31,103925,56511,9,4.715533256530762
SASRec,2011,2011-12-31,103925,73914,10,4.694697856903076
SASRec,2011,2011-12-31,103977,56174,1,7.582010269165039
SASRec,2011,2011-12-31,103977,51662,2,7.144860744476318
SASRec,2011,2011-12-31,103977,45499,3,6.781026840209961
SASRec,2011,2011-12-31,103977,58559,4,6.697291851043701
SASRec,2011,2011-12-31,103977,53125,5,6.608787536621094
SASRec,2011,2011-12-31,103977,6874,6,6.424266815185547
SASRec,2011,2011-12-31,103977,35836,7,6.345878601074219
SASRec,2011,2011-12-31,103977,34162,8,6.338474750518799
SASRec,2011,2011-12-31,103977,56367,9,6.304009437561035
SASRec,2011,2011-12-31,103977,6373,10,6.250880241394043
SASRec,2011,2011-12-31,104279,71518,1,6.78156042098999
SASRec,2011,2011-12-31,104279,80489,2,5.977321147918701
SASRec,2011,2011-12-31,104279,68159,3,5.971685409545898
SASRec,2011,2011-12-31,104279,74948,4,5.813610076904297
SASRec,2011,2011-12-31,104279,72407,5,5.804839611053467
SASRec,2011,2011-12-31,104279,71135,6,5.789165496826172
SASRec,2011,2011-12-31,104279,77206,7,5.726731777191162
SASRec,2011,2011-12-31,104279,73266,8,5.72157096862793
SASRec,2011,2011-12-31,104279,80549,9,5.617736339569092
SASRec,2011,2011-12-31,104279,67255,10,5.597164154052734
SASRec,2011,2011-12-31,104283,71518,1,6.69521951675415
SASRec,2011,2011-12-31,104283,78105,2,6.264152526855469
SASRec,2011,2011-12-31,104283,80489,3,6.123641014099121
SASRec,2011,2011-12-31,104283,77206,4,6.07713508605957
SASRec,2011,2011-12-31,104283,74795,5,6.013735294342041
SASRec,2011,2011-12-31,104283,78499,6,5.993420600891113
SASRec,2011,2011-12-31,104283,74948,7,5.966140270233154
SASRec,2011,2011-12-31,104283,74275,8,5.9605937004089355
SASRec,2011,2011-12-31,104283,74156,9,5.90587854385376
SASRec,2011,2011-12-31,104283,74916,10,5.7074408531188965
SASRec,2011,2011-12-31,104485,541,1,7.37519645690918
SASRec,2011,2011-12-31,104485,110,2,7.169873237609863
SASRec,2011,2011-12-31,104485,608,3,7.116253852844238
SASRec,2011,2011-12-31,104485,1089,4,7.090980052947998
SASRec,2011,2011-12-31,104485,1213,5,7.057503700256348
SASRec,2011,2011-12-31,104485,1252,6,7.014270782470703
SASRec,2011,2011-12-31,104485,32,7,6.924653053283691
SASRec,2011,2011-12-31,104485,778,8,6.876831531524658
SASRec,2011,2011-12-31,104485,1196,9,6.832187175750732
SASRec,2011,2011-12-31,104485,2762,10,6.737168788909912
SASRec,2011,2011-12-31,104618,68157,1,7.013782024383545
SASRec,2011,2011-12-31,104618,63082,2,6.8168230056762695
SASRec,2011,2011-12-31,104618,58559,3,6.810580253601074
SASRec,2011,2011-12-31,104618,76251,4,6.727382183074951
SASRec,2011,2011-12-31,104618,68954,5,6.676862716674805
SASRec,2011,2011-12-31,104618,70286,6,6.6302289962768555
SASRec,2011,2011-12-31,104618,72998,7,6.552406311035156
SASRec,2011,2011-12-31,104618,55820,8,6.529908657073975
SASRec,2011,2011-12-31,104618,71535,9,6.397329330444336
SASRec,2011,2011-12-31,104618,56367,10,6.388289451599121
SASRec,2011,2011-12-31,104663,68157,1,6.256539344787598
SASRec,2011,2011-12-31,104663,56174,2,6.0600128173828125
SASRec,2011,2011-12-31,104663,63082,3,6.017014503479004
SASRec,2011,2011-12-31,104663,71535,4,6.006676197052002
SASRec,2011,2011-12-31,104663,76251,5,5.967933177947998
SASRec,2011,2011-12-31,104663,55820,6,5.829801082611084
SASRec,2011,2011-12-31,104663,71518,7,5.8231964111328125
SASRec,2011,2011-12-31,104663,61132,8,5.814289093017578
SASRec,2011,2011-12-31,104663,72407,9,5.753429412841797
SASRec,2011,2011-12-31,104663,74789,10,5.705500602722168
SASRec,2011,2011-12-31,105580,70286,1,7.317408561706543
SASRec,2011,2011-12-31,105580,68157,2,6.929046154022217
SASRec,2011,2011-12-31,105580,56174,3,6.833874225616455
SASRec,2011,2011-12-31,105580,71535,4,6.681055068969727
SASRec,2011,2011-12-31,105580,69122,5,6.626045227050781
SASRec,2011,2011-12-31,105580,77561,6,6.591940879821777
SASRec,2011,2011-12-31,105580,58559,7,6.566765308380127
SASRec,2011,2011-12-31,105580,63082,8,6.467312812805176
SASRec,2011,2011-12-31,105580,68358,9,6.464422225952148
SASRec,2011,2011-12-31,105580,71518,10,6.264046669006348
SASRec,2011,2011-12-31,105735,71518,1,6.614509582519531
SASRec,2011,2011-12-31,105735,80489,2,6.138881206512451
SASRec,2011,2011-12-31,105735,79293,3,6.12101411819458
SASRec,2011,2011-12-31,105735,74795,4,6.088488578796387
SASRec,2011,2011-12-31,105735,68159,5,6.054568767547607
SASRec,2011,2011-12-31,105735,78499,6,6.035560131072998
SASRec,2011,2011-12-31,105735,74948,7,5.938371658325195
SASRec,2011,2011-12-31,105735,74156,8,5.924113750457764
SASRec,2011,2011-12-31,105735,80463,9,5.8731584548950195
SASRec,2011,2011-12-31,105735,68954,10,5.764052391052246
SASRec,2011,2011-12-31,106228,71518,1,6.727080345153809
SASRec,2011,2011-12-31,106228,77561,2,6.516141891479492
SASRec,2011,2011-12-31,106228,79702,3,6.503274440765381
SASRec,2011,2011-12-31,106228,78499,4,6.363745212554932
SASRec,2011,2011-12-31,106228,79132,5,6.296151638031006
SASRec,2011,2011-12-31,106228,80489,6,6.295466899871826
SASRec,2011,2011-12-31,106228,74789,7,6.138664245605469
SASRec,2011,2011-12-31,106228,68159,8,6.077846050262451
SASRec,2011,2011-12-31,106228,72407,9,6.071946144104004
SASRec,2011,2011-12-31,106228,67255,10,6.065123558044434
SASRec,2011,2011-12-31,106404,55820,1,7.104198932647705
SASRec,2011,2011-12-31,106404,48774,2,6.985541820526123
SASRec,2011,2011-12-31,106404,6016,3,6.96604585647583
SASRec,2011,2011-12-31,106404,32587,4,6.784038066864014
SASRec,2011,2011-12-31,106404,778,5,6.757367134094238
SASRec,2011,2011-12-31,106404,49272,6,6.575875282287598
SASRec,2011,2011-12-31,106404,30749,7,6.483186721801758
SASRec,2011,2011-12-31,106404,2542,8,6.407707691192627
SASRec,2011,2011-12-31,106404,60069,9,6.405270576477051
SASRec,2011,2011-12-31,106404,608,10,6.337631702423096
SASRec,2011,2011-12-31,106650,72407,1,6.106247901916504
SASRec,2011,2011-12-31,106650,60037,2,5.929747104644775
SASRec,2011,2011-12-31,106650,58025,3,5.798259735107422
SASRec,2011,2011-12-31,106650,70336,4,5.7081618309021
SASRec,2011,2011-12-31,106650,68319,5,5.70157527923584
SASRec,2011,2011-12-31,106650,61248,6,5.675249099731445
SASRec,2011,2011-12-31,106650,62081,7,5.628199577331543
SASRec,2011,2011-12-31,106650,55995,8,5.595744609832764
SASRec,2011,2011-12-31,106650,63992,9,5.591184139251709
SASRec,2011,2011-12-31,106650,64497,10,5.576110363006592
SASRec,2011,2011-12-31,106808,76251,1,7.069110870361328
SASRec,2011,2011-12-31,106808,71535,2,6.962435245513916
SASRec,2011,2011-12-31,106808,55820,3,6.910662651062012
SASRec,2011,2011-12-31,106808,74458,4,6.897619724273682
SASRec,2011,2011-12-31,106808,69481,5,6.467216968536377
SASRec,2011,2011-12-31,106808,79702,6,6.324829578399658
SASRec,2011,2011-12-31,106808,71518,7,6.288186073303223
SASRec,2011,2011-12-31,106808,48516,8,6.283559322357178
SASRec,2011,2011-12-31,106808,77561,9,6.282200336456299
SASRec,2011,2011-12-31,106808,79132,10,6.259335994720459
SASRec,2011,2011-12-31,107192,63082,1,6.103570938110352
SASRec,2011,2011-12-31,107192,61132,2,6.059200763702393
SASRec,2011,2011-12-31,107192,68954,3,5.9634575843811035
SASRec,2011,2011-12-31,107192,56757,4,5.658442497253418
SASRec,2011,2011-12-31,107192,55280,5,5.614926338195801
SASRec,2011,2011-12-31,107192,66097,6,5.573766231536865
SASRec,2011,2011-12-31,107192,72407,7,5.518130779266357
SASRec,2011,2011-12-31,107192,58998,8,5.512516021728516
SASRec,2011,2011-12-31,107192,64614,9,5.489452838897705
SASRec,2011,2011-12-31,107192,71518,10,5.424186706542969
SASRec,2011,2011-12-31,107245,68954,1,6.301055431365967
SASRec,2011,2011-12-31,107245,55820,2,6.101712226867676
SASRec,2011,2011-12-31,107245,63082,3,6.073104381561279
SASRec,2011,2011-12-31,107245,56174,4,6.042942047119141
SASRec,2011,2011-12-31,107245,318,5,5.9452972412109375
SASRec,2011,2011-12-31,107245,296,6,5.931270599365234
SASRec,2011,2011-12-31,107245,56367,7,5.825766563415527
SASRec,2011,2011-12-31,107245,69122,8,5.822646617889404
SASRec,2011,2011-12-31,107245,74458,9,5.756929874420166
SASRec,2011,2011-12-31,107245,68358,10,5.729152679443359
SASRec,2011,2011-12-31,107315,71518,1,5.721549987792969
SASRec,2011,2011-12-31,107315,77206,2,5.604968070983887
SASRec,2011,2011-12-31,107315,71108,3,5.452320098876953
SASRec,2011,2011-12-31,107315,78116,4,5.100451469421387
SASRec,2011,2011-12-31,107315,74916,5,5.0566534996032715
SASRec,2011,2011-12-31,107315,76173,6,5.000875473022461
SASRec,2011,2011-12-31,107315,68157,7,4.943741798400879
SASRec,2011,2011-12-31,107315,78574,8,4.913881301879883
SASRec,2011,2011-12-31,107315,74948,9,4.882449150085449
SASRec,2011,2011-12-31,107315,26048,10,4.836519718170166
SASRec,2011,2011-12-31,107579,68157,1,6.506290912628174
SASRec,2011,2011-12-31,107579,59315,2,6.107266426086426
SASRec,2011,2011-12-31,107579,48774,3,6.007907390594482
SASRec,2011,2011-12-31,107579,74458,4,5.6319990158081055
SASRec,2011,2011-12-31,107579,68358,5,5.598616600036621
SASRec,2011,2011-12-31,107579,593,6,5.597663879394531
SASRec,2011,2011-12-31,107579,76251,7,5.564345359802246
SASRec,2011,2011-12-31,107579,1221,8,5.560533046722412
SASRec,2011,2011-12-31,107579,66097,9,5.535613536834717
SASRec,2011,2011-12-31,107579,541,10,5.513375759124756
SASRec,2011,2011-12-31,107817,56174,1,7.621171474456787
SASRec,2011,2011-12-31,107817,56367,2,6.885211944580078
SASRec,2011,2011-12-31,107817,53996,3,6.725327014923096
SASRec,2011,2011-12-31,107817,53125,4,6.722594738006592
SASRec,2011,2011-12-31,107817,61132,5,6.632754802703857
SASRec,2011,2011-12-31,107817,44665,6,6.538445949554443
SASRec,2011,2011-12-31,107817,70286,7,6.532028675079346
SASRec,2011,2011-12-31,107817,72998,8,6.509880065917969
SASRec,2011,2011-12-31,107817,52722,9,6.487675666809082
SASRec,2011,2011-12-31,107817,59315,10,6.4800190925598145
SASRec,2011,2011-12-31,107846,1213,1,6.931557655334473
SASRec,2011,2011-12-31,107846,56367,2,6.9097161293029785
SASRec,2011,2011-12-31,107846,49272,3,6.906512260437012
SASRec,2011,2011-12-31,107846,1704,4,6.86605978012085
SASRec,2011,2011-12-31,107846,6539,5,6.82953405380249
SASRec,2011,2011-12-31,107846,2762,6,6.816209316253662
SASRec,2011,2011-12-31,107846,6874,7,6.804818630218506
SASRec,2011,2011-12-31,107846,63082,8,6.797479629516602
SASRec,2011,2011-12-31,107846,4306,9,6.768294334411621
SASRec,2011,2011-12-31,107846,608,10,6.731832504272461
SASRec,2011,2011-12-31,107908,7361,1,6.823005199432373
SASRec,2011,2011-12-31,107908,7293,2,6.43153190612793
SASRec,2011,2011-12-31,107908,34162,3,6.201954364776611
SASRec,2011,2011-12-31,107908,8783,4,6.191593647003174
SASRec,2011,2011-12-31,107908,8644,5,6.135926723480225
SASRec,2011,2011-12-31,107908,8961,6,6.056413650512695
SASRec,2011,2011-12-31,107908,8529,7,6.029091835021973
SASRec,2011,2011-12-31,107908,33794,8,5.965264320373535
SASRec,2011,2011-12-31,107908,6323,9,5.957298278808594
SASRec,2011,2011-12-31,107908,35836,10,5.938017845153809
SASRec,2011,2011-12-31,107989,68954,1,7.012084484100342
SASRec,2011,2011-12-31,107989,76251,2,6.7901153564453125
SASRec,2011,2011-12-31,107989,63082,3,6.6745500564575195
SASRec,2011,2011-12-31,107989,71518,4,6.573128700256348
SASRec,2011,2011-12-31,107989,71535,5,6.5725250244140625
SASRec,2011,2011-12-31,107989,64614,6,6.2390546798706055
SASRec,2011,2011-12-31,107989,66097,7,6.237532138824463
SASRec,2011,2011-12-31,107989,69481,8,6.224884033203125
SASRec,2011,2011-12-31,107989,79702,9,6.15809440612793
SASRec,2011,2011-12-31,107989,68237,10,6.100679397583008
SASRec,2011,2011-12-31,108058,55820,1,6.863912105560303
SASRec,2011,2011-12-31,108058,48516,2,6.640854358673096
SASRec,2011,2011-12-31,108058,56367,3,6.456151485443115
SASRec,2011,2011-12-31,108058,68157,4,6.257132530212402
SASRec,2011,2011-12-31,108058,70286,5,6.129319667816162
SASRec,2011,2011-12-31,108058,68954,6,6.1261701583862305
SASRec,2011,2011-12-31,108058,57669,7,6.100619316101074
SASRec,2011,2011-12-31,108058,48394,8,5.971663951873779
SASRec,2011,2011-12-31,108058,44555,9,5.934841156005859
SASRec,2011,2011-12-31,108058,55276,10,5.933125972747803
SASRec,2011,2011-12-31,108262,56174,1,6.344996452331543
SASRec,2011,2011-12-31,108262,60037,2,6.069693565368652
SASRec,2011,2011-12-31,108262,53996,3,6.034738540649414
SASRec,2011,2011-12-31,108262,52722,4,5.992690563201904
SASRec,2011,2011-12-31,108262,50798,5,5.942204475402832
SASRec,2011,2011-12-31,108262,51077,6,5.879010200500488
SASRec,2011,2011-12-31,108262,53125,7,5.864710807800293
SASRec,2011,2011-12-31,108262,6383,8,5.838622570037842
SASRec,2011,2011-12-31,108262,58025,9,5.832963943481445
SASRec,2011,2011-12-31,108262,43679,10,5.752425670623779
SASRec,2011,2011-12-31,108727,56171,1,4.945878505706787
SASRec,2011,2011-12-31,108727,58559,2,4.910592555999756
SASRec,2011,2011-12-31,108727,48516,3,4.376134872436523
SASRec,2011,2011-12-31,108727,46972,4,4.344244956970215
SASRec,2011,2011-12-31,108727,47099,5,4.32710599899292
SASRec,2011,2011-12-31,108727,45517,6,4.322652339935303
SASRec,2011,2011-12-31,108727,56152,7,4.300171852111816
SASRec,2011,2011-12-31,108727,55276,8,4.296950817108154
SASRec,2011,2011-12-31,108727,54503,9,4.29106330871582
SASRec,2011,2011-12-31,108727,2572,10,4.269821643829346
SASRec,2011,2011-12-31,108896,56174,1,7.766599178314209
SASRec,2011,2011-12-31,108896,51662,2,7.279018402099609
SASRec,2011,2011-12-31,108896,32587,3,7.029906272888184
SASRec,2011,2011-12-31,108896,48516,4,6.933185577392578
SASRec,2011,2011-12-31,108896,56367,5,6.845427513122559
SASRec,2011,2011-12-31,108896,6539,6,6.815239906311035
SASRec,2011,2011-12-31,108896,7361,7,6.748274803161621
SASRec,2011,2011-12-31,108896,45722,8,6.665679931640625
SASRec,2011,2011-12-31,108896,53996,9,6.660677909851074
SASRec,2011,2011-12-31,108896,45499,10,6.609623432159424
SASRec,2011,2011-12-31,109159,68954,1,6.8817338943481445
SASRec,2011,2011-12-31,109159,59315,2,6.259202003479004
SASRec,2011,2011-12-31,109159,76251,3,6.213976860046387
SASRec,2011,2011-12-31,109159,66097,4,6.141841888427734
SASRec,2011,2011-12-31,109159,69481,5,6.126883029937744
SASRec,2011,2011-12-31,109159,73017,6,5.961480140686035
SASRec,2011,2011-12-31,109159,68358,7,5.90636682510376
SASRec,2011,2011-12-31,109159,71535,8,5.90427827835083
SASRec,2011,2011-12-31,109159,74789,9,5.899548053741455
SASRec,2011,2011-12-31,109159,74458,10,5.838520050048828
SASRec,2011,2011-12-31,109302,77206,1,6.130220413208008
SASRec,2011,2011-12-31,109302,51773,2,5.721670627593994
SASRec,2011,2011-12-31,109302,71518,3,5.720574378967285
SASRec,2011,2011-12-31,109302,74916,4,5.688429832458496
SASRec,2011,2011-12-31,109302,74948,5,5.527851104736328
SASRec,2011,2011-12-31,109302,69489,6,5.496726989746094
SASRec,2011,2011-12-31,109302,78266,7,5.495007038116455
SASRec,2011,2011-12-31,109302,78105,8,5.492747783660889
SASRec,2011,2011-12-31,109302,73027,9,5.482993125915527
SASRec,2011,2011-12-31,109302,74156,10,5.44923734664917
SASRec,2011,2011-12-31,109430,48516,1,7.622937202453613
SASRec,2011,2011-12-31,109430,58559,2,7.562647819519043
SASRec,2011,2011-12-31,109430,63082,3,7.03587007522583
SASRec,2011,2011-12-31,109430,56367,4,6.963443279266357
SASRec,2011,2011-12-31,109430,68157,5,6.5141167640686035
SASRec,2011,2011-12-31,109430,46578,6,6.502677917480469
SASRec,2011,2011-12-31,109430,60069,7,6.493640422821045
SASRec,2011,2011-12-31,109430,44191,8,6.4332451820373535
SASRec,2011,2011-12-31,109430,70286,9,6.38919734954834
SASRec,2011,2011-12-31,109430,54286,10,6.271285057067871
SASRec,2011,2011-12-31,109713,71518,1,5.575050354003906
SASRec,2011,2011-12-31,109713,71033,2,5.483646869659424
SASRec,2011,2011-12-31,109713,73027,3,5.445729732513428
SASRec,2011,2011-12-31,109713,78116,4,5.322567939758301
SASRec,2011,2011-12-31,109713,74916,5,5.2836079597473145
SASRec,2011,2011-12-31,109713,80463,6,5.282464981079102
SASRec,2011,2011-12-31,109713,76251,7,5.271932601928711
SASRec,2011,2011-12-31,109713,76173,8,5.260283946990967
SASRec,2011,2011-12-31,109713,65418,9,5.131171226501465
SASRec,2011,2011-12-31,109713,64575,10,5.123780250549316
SASRec,2011,2011-12-31,109829,68157,1,6.146639347076416
SASRec,2011,2011-12-31,109829,71518,2,5.963803291320801
SASRec,2011,2011-12-31,109829,76251,3,5.853981018066406
SASRec,2011,2011-12-31,109829,69481,4,5.786647796630859
SASRec,2011,2011-12-31,109829,70286,5,5.718024253845215
SASRec,2011,2011-12-31,109829,71033,6,5.532390117645264
SASRec,2011,2011-12-31,109829,80463,7,5.496085166931152
SASRec,2011,2011-12-31,109829,78499,8,5.4445037841796875
SASRec,2011,2011-12-31,109829,66097,9,5.440733432769775
SASRec,2011,2011-12-31,109829,63082,10,5.403881072998047
SASRec,2011,2011-12-31,110215,70286,1,4.807862758636475
SASRec,2011,2011-12-31,110215,59315,2,4.567890644073486
SASRec,2011,2011-12-31,110215,71535,3,4.53581428527832
SASRec,2011,2011-12-31,110215,68157,4,4.467581748962402
SASRec,2011,2011-12-31,110215,56174,5,4.444798946380615
SASRec,2011,2011-12-31,110215,55820,6,4.318077087402344
SASRec,2011,2011-12-31,110215,53996,7,4.266058444976807
SASRec,2011,2011-12-31,110215,48774,8,4.184591770172119
SASRec,2011,2011-12-31,110215,72998,9,4.172539710998535
SASRec,2011,2011-12-31,110215,76251,10,4.170345783233643
SASRec,2011,2011-12-31,110316,71518,1,6.484566688537598
SASRec,2011,2011-12-31,110316,76251,2,6.186040878295898
SASRec,2011,2011-12-31,110316,77206,3,6.031210899353027
SASRec,2011,2011-12-31,110316,80489,4,5.907663345336914
SASRec,2011,2011-12-31,110316,74916,5,5.821316242218018
SASRec,2011,2011-12-31,110316,73027,6,5.810862064361572
SASRec,2011,2011-12-31,110316,79293,7,5.802001953125
SASRec,2011,2011-12-31,110316,78105,8,5.782158851623535
SASRec,2011,2011-12-31,110316,80463,9,5.777921676635742
SASRec,2011,2011-12-31,110316,74156,10,5.775926113128662
SASRec,2011,2011-12-31,110370,70286,1,6.879560470581055
SASRec,2011,2011-12-31,110370,76251,2,6.792354583740234
SASRec,2011,2011-12-31,110370,68954,3,6.7196197509765625
SASRec,2011,2011-12-31,110370,71518,4,6.595082759857178
SASRec,2011,2011-12-31,110370,77561,5,6.574516296386719
SASRec,2011,2011-12-31,110370,72407,6,6.476878643035889
SASRec,2011,2011-12-31,110370,69122,7,6.404693603515625
SASRec,2011,2011-12-31,110370,79702,8,6.294586181640625
SASRec,2011,2011-12-31,110370,71135,9,6.115334987640381
SASRec,2011,2011-12-31,110370,74458,10,6.097702980041504
SASRec,2011,2011-12-31,110598,74916,1,5.950140953063965
SASRec,2011,2011-12-31,110598,71518,2,5.9082183837890625
SASRec,2011,2011-12-31,110598,77206,3,5.872353553771973
SASRec,2011,2011-12-31,110598,51773,4,5.689461708068848
SASRec,2011,2011-12-31,110598,78105,5,5.613810062408447
SASRec,2011,2011-12-31,110598,73027,6,5.587958812713623
SASRec,2011,2011-12-31,110598,74948,7,5.575407028198242
SASRec,2011,2011-12-31,110598,74156,8,5.552971839904785
SASRec,2011,2011-12-31,110598,78116,9,5.538066387176514
SASRec,2011,2011-12-31,110598,76251,10,5.520085334777832
SASRec,2011,2011-12-31,110646,70286,1,6.8295392990112305
SASRec,2011,2011-12-31,110646,56174,2,6.641294956207275
SASRec,2011,2011-12-31,110646,72998,3,6.579526901245117
SASRec,2011,2011-12-31,110646,68157,4,6.455522060394287
SASRec,2011,2011-12-31,110646,71535,5,6.441515922546387
SASRec,2011,2011-12-31,110646,73017,6,6.39008903503418
SASRec,2011,2011-12-31,110646,55820,7,6.212275981903076
SASRec,2011,2011-12-31,110646,68358,8,6.207620620727539
SASRec,2011,2011-12-31,110646,61132,9,6.1447625160217285
SASRec,2011,2011-12-31,110646,56757,10,6.143807888031006
SASRec,2011,2011-12-31,110853,70286,1,7.10469913482666
SASRec,2011,2011-12-31,110853,68157,2,6.824565410614014
SASRec,2011,2011-12-31,110853,73017,3,6.636877059936523
SASRec,2011,2011-12-31,110853,76251,4,6.623554229736328
SASRec,2011,2011-12-31,110853,63082,5,6.5569305419921875
SASRec,2011,2011-12-31,110853,69122,6,6.513641834259033
SASRec,2011,2011-12-31,110853,68358,7,6.458677291870117
SASRec,2011,2011-12-31,110853,71518,8,6.334537029266357
SASRec,2011,2011-12-31,110853,71535,9,6.328210353851318
SASRec,2011,2011-12-31,110853,79132,10,6.287806987762451
SASRec,2011,2011-12-31,111334,63082,1,7.404571533203125
SASRec,2011,2011-12-31,111334,70286,2,7.38796854019165
SASRec,2011,2011-12-31,111334,56174,3,7.263886451721191
SASRec,2011,2011-12-31,111334,68157,4,6.956540107727051
SASRec,2011,2011-12-31,111334,74458,5,6.951629161834717
SASRec,2011,2011-12-31,111334,48516,6,6.9400858879089355
SASRec,2011,2011-12-31,111334,2762,7,6.7916975021362305
SASRec,2011,2011-12-31,111334,60069,8,6.744240760803223
SASRec,2011,2011-12-31,111334,55820,9,6.688211441040039
SASRec,2011,2011-12-31,111334,68954,10,6.668473720550537
SASRec,2011,2011-12-31,111580,63082,1,7.446690082550049
SASRec,2011,2011-12-31,111580,55820,2,7.3012847900390625
SASRec,2011,2011-12-31,111580,68157,3,7.224429130554199
SASRec,2011,2011-12-31,111580,68954,4,7.017494201660156
SASRec,2011,2011-12-31,111580,60069,5,6.985148906707764
SASRec,2011,2011-12-31,111580,56174,6,6.965124130249023
SASRec,2011,2011-12-31,111580,72998,7,6.876491546630859
SASRec,2011,2011-12-31,111580,59315,8,6.805665016174316
SASRec,2011,2011-12-31,111580,74458,9,6.743734359741211
SASRec,2011,2011-12-31,111580,48774,10,6.705714225769043
SASRec,2011,2011-12-31,111678,6666,1,4.661997318267822
SASRec,2011,2011-12-31,111678,6724,2,4.329808235168457
SASRec,2011,2011-12-31,111678,7072,3,4.325300693511963
SASRec,2011,2011-12-31,111678,7121,4,4.298198699951172
SASRec,2011,2011-12-31,111678,6650,5,4.2489423751831055
SASRec,2011,2011-12-31,111678,7217,6,4.170793056488037
SASRec,2011,2011-12-31,111678,7132,7,4.158302307128906
SASRec,2011,2011-12-31,111678,6852,8,4.087257385253906
SASRec,2011,2011-12-31,111678,6786,9,4.075669288635254
SASRec,2011,2011-12-31,111678,7387,10,4.053245544433594
SASRec,2011,2011-12-31,111765,7013,1,3.987102508544922
SASRec,2011,2011-12-31,111765,6787,2,3.969114065170288
SASRec,2011,2011-12-31,111765,31658,3,3.947756767272949
SASRec,2011,2011-12-31,111765,8197,4,3.832907199859619
SASRec,2011,2011-12-31,111765,7387,5,3.7183778285980225
SASRec,2011,2011-12-31,111765,6666,6,3.6846752166748047
SASRec,2011,2011-12-31,111765,541,7,3.635413646697998
SASRec,2011,2011-12-31,111765,6774,8,3.5803561210632324
SASRec,2011,2011-12-31,111765,841,9,3.5493884086608887
SASRec,2011,2011-12-31,111765,2731,10,3.5167899131774902
SASRec,2011,2011-12-31,112246,77206,1,6.188551425933838
SASRec,2011,2011-12-31,112246,78105,2,5.980257034301758
SASRec,2011,2011-12-31,112246,74916,3,5.837215423583984
SASRec,2011,2011-12-31,112246,80489,4,5.831121921539307
SASRec,2011,2011-12-31,112246,79293,5,5.7708659172058105
SASRec,2011,2011-12-31,112246,76251,6,5.748760223388672
SASRec,2011,2011-12-31,112246,78266,7,5.724198341369629
SASRec,2011,2011-12-31,112246,51773,8,5.668099403381348
SASRec,2011,2011-12-31,112246,74795,9,5.5798821449279785
SASRec,2011,2011-12-31,112246,68552,10,5.529704570770264
SASRec,2011,2011-12-31,112310,66097,1,4.479294776916504
SASRec,2011,2011-12-31,112310,61132,2,4.308966159820557
SASRec,2011,2011-12-31,112310,56171,3,4.25837516784668
SASRec,2011,2011-12-31,112310,60074,4,4.244393348693848
SASRec,2011,2011-12-31,112310,74789,5,4.1761980056762695
SASRec,2011,2011-12-31,112310,64497,6,4.159407138824463
SASRec,2011,2011-12-31,112310,56152,7,4.13630485534668
SASRec,2011,2011-12-31,112310,69757,8,4.134498596191406
SASRec,2011,2011-12-31,112310,72407,9,4.131304740905762
SASRec,2011,2011-12-31,112310,53125,10,4.074385643005371
SASRec,2011,2011-12-31,112483,58559,1,7.446602821350098
SASRec,2011,2011-12-31,112483,296,2,7.435174942016602
SASRec,2011,2011-12-31,112483,110,3,7.14162540435791
SASRec,2011,2011-12-31,112483,593,4,7.037225723266602
SASRec,2011,2011-12-31,112483,4226,5,7.003749847412109
SASRec,2011,2011-12-31,112483,48516,6,6.995543956756592
SASRec,2011,2011-12-31,112483,51662,7,6.941511154174805
SASRec,2011,2011-12-31,112483,56174,8,6.905305862426758
SASRec,2011,2011-12-31,112483,50,9,6.869837284088135
SASRec,2011,2011-12-31,112483,2571,10,6.8629679679870605
SASRec,2011,2011-12-31,113093,58559,1,7.185478210449219
SASRec,2011,2011-12-31,113093,63082,2,6.721437454223633
SASRec,2011,2011-12-31,113093,68157,3,6.6298651695251465
SASRec,2011,2011-12-31,113093,56367,4,6.560369968414307
SASRec,2011,2011-12-31,113093,48774,5,6.493000507354736
SASRec,2011,2011-12-31,113093,70286,6,6.4436354637146
SASRec,2011,2011-12-31,113093,68954,7,6.419575214385986
SASRec,2011,2011-12-31,113093,57669,8,6.395861625671387
SASRec,2011,2011-12-31,113093,60069,9,6.312353134155273
SASRec,2011,2011-12-31,113093,69481,10,6.1108222007751465
SASRec,2011,2011-12-31,113163,70286,1,7.6368560791015625
SASRec,2011,2011-12-31,113163,68157,2,7.40715217590332
SASRec,2011,2011-12-31,113163,63082,3,7.320425033569336
SASRec,2011,2011-12-31,113163,68954,4,7.124993324279785
SASRec,2011,2011-12-31,113163,74458,5,7.015736103057861
SASRec,2011,2011-12-31,113163,56367,6,6.965810298919678
SASRec,2011,2011-12-31,113163,59315,7,6.8879241943359375
SASRec,2011,2011-12-31,113163,60069,8,6.857076644897461
SASRec,2011,2011-12-31,113163,76251,9,6.82912015914917
SASRec,2011,2011-12-31,113163,48774,10,6.656126022338867
SASRec,2011,2011-12-31,113165,68157,1,5.225342273712158
SASRec,2011,2011-12-31,113165,71464,2,5.154028415679932
SASRec,2011,2011-12-31,113165,55820,3,5.111517429351807
SASRec,2011,2011-12-31,113165,66097,4,5.085228443145752
SASRec,2011,2011-12-31,113165,63082,5,4.987578868865967
SASRec,2011,2011-12-31,113165,63876,6,4.912746429443359
SASRec,2011,2011-12-31,113165,71033,7,4.849100112915039
SASRec,2011,2011-12-31,113165,76251,8,4.8245158195495605
SASRec,2011,2011-12-31,113165,64575,9,4.803067207336426
SASRec,2011,2011-12-31,113165,71518,10,4.795822620391846
SASRec,2011,2011-12-31,113521,51662,1,7.564302444458008
SASRec,2011,2011-12-31,113521,56367,2,7.538425922393799
SASRec,2011,2011-12-31,113521,7361,3,7.534401893615723
SASRec,2011,2011-12-31,113521,55820,4,7.525615692138672
SASRec,2011,2011-12-31,113521,32587,5,7.513692378997803
SASRec,2011,2011-12-31,113521,49272,6,7.388566970825195
SASRec,2011,2011-12-31,113521,44665,7,7.144899368286133
SASRec,2011,2011-12-31,113521,54286,8,7.122400760650635
SASRec,2011,2011-12-31,113521,48780,9,7.096574306488037
SASRec,2011,2011-12-31,113521,48394,10,7.0327558517456055
SASRec,2011,2011-12-31,113844,58559,1,7.832365036010742
SASRec,2011,2011-12-31,113844,55820,2,7.463644504547119
SASRec,2011,2011-12-31,113844,48516,3,7.236508369445801
SASRec,2011,2011-12-31,113844,59315,4,7.0094313621521
SASRec,2011,2011-12-31,113844,48774,5,6.9897541999816895
SASRec,2011,2011-12-31,113844,70286,6,6.816393852233887
SASRec,2011,2011-12-31,113844,56367,7,6.671502113342285
SASRec,2011,2011-12-31,113844,4226,8,6.607677459716797
SASRec,2011,2011-12-31,113844,60069,9,6.5967230796813965
SASRec,2011,2011-12-31,113844,48394,10,6.5864787101745605
SASRec,2011,2011-12-31,113884,58559,1,6.563384532928467
SASRec,2011,2011-12-31,113884,55820,2,6.397760391235352
SASRec,2011,2011-12-31,113884,56367,3,6.3886399269104
SASRec,2011,2011-12-31,113884,48774,4,6.18232536315918
SASRec,2011,2011-12-31,113884,49272,5,5.760028839111328
SASRec,2011,2011-12-31,113884,46976,6,5.74742317199707
SASRec,2011,2011-12-31,113884,48394,7,5.742830276489258
SASRec,2011,2011-12-31,113884,35836,8,5.708775520324707
SASRec,2011,2011-12-31,113884,54997,9,5.676724910736084
SASRec,2011,2011-12-31,113884,51662,10,5.676382541656494
SASRec,2011,2011-12-31,114029,72998,1,6.8606648445129395
SASRec,2011,2011-12-31,114029,70286,2,6.765194892883301
SASRec,2011,2011-12-31,114029,72407,3,6.413236618041992
SASRec,2011,2011-12-31,114029,63082,4,6.2860846519470215
SASRec,2011,2011-12-31,114029,71518,5,6.174715995788574
SASRec,2011,2011-12-31,114029,68358,6,6.128888130187988
SASRec,2011,2011-12-31,114029,74789,7,6.046690940856934
SASRec,2011,2011-12-31,114029,74458,8,6.0044403076171875
SASRec,2011,2011-12-31,114029,71135,9,5.920629501342773
SASRec,2011,2011-12-31,114029,69757,10,5.8625617027282715
SASRec,2011,2011-12-31,114227,56174,1,5.97440242767334
SASRec,2011,2011-12-31,114227,58559,2,5.95353889465332
SASRec,2011,2011-12-31,114227,61132,3,5.849156379699707
SASRec,2011,2011-12-31,114227,58025,4,5.714590072631836
SASRec,2011,2011-12-31,114227,56171,5,5.675383567810059
SASRec,2011,2011-12-31,114227,53125,6,5.664661884307861
SASRec,2011,2011-12-31,114227,51935,7,5.646364212036133
SASRec,2011,2011-12-31,114227,53996,8,5.62998628616333
SASRec,2011,2011-12-31,114227,52245,9,5.559716701507568
SASRec,2011,2011-12-31,114227,72998,10,5.506906509399414
SASRec,2011,2011-12-31,114569,70286,1,7.208929061889648
SASRec,2011,2011-12-31,114569,72998,2,7.067803859710693
SASRec,2011,2011-12-31,114569,76251,3,6.741974353790283
SASRec,2011,2011-12-31,114569,73017,4,6.667514324188232
SASRec,2011,2011-12-31,114569,56367,5,6.537117004394531
SASRec,2011,2011-12-31,114569,71535,6,6.5194411277771
SASRec,2011,2011-12-31,114569,60069,7,6.482952117919922
SASRec,2011,2011-12-31,114569,74789,8,6.253538608551025
SASRec,2011,2011-12-31,114569,79132,9,6.173752784729004
SASRec,2011,2011-12-31,114569,71518,10,6.170706748962402
SASRec,2011,2011-12-31,114932,3255,1,6.113883972167969
SASRec,2011,2011-12-31,114932,5299,2,5.901971340179443
SASRec,2011,2011-12-31,114932,4246,3,5.82042932510376
SASRec,2011,2011-12-31,114932,1120,4,5.799165725708008
SASRec,2011,2011-12-31,114932,3753,5,5.796040058135986
SASRec,2011,2011-12-31,114932,4306,6,5.723402500152588
SASRec,2011,2011-12-31,114932,4014,7,5.715276718139648
SASRec,2011,2011-12-31,114932,3717,8,5.697396755218506
SASRec,2011,2011-12-31,114932,5810,9,5.668612003326416
SASRec,2011,2011-12-31,114932,4890,10,5.6682000160217285
SASRec,2011,2011-12-31,115178,8874,1,6.987124919891357
SASRec,2011,2011-12-31,115178,49272,2,6.8834428787231445
SASRec,2011,2011-12-31,115178,56367,3,6.823575496673584
SASRec,2011,2011-12-31,115178,33794,4,6.735330104827881
SASRec,2011,2011-12-31,115178,44665,5,6.567093849182129
SASRec,2011,2011-12-31,115178,7438,6,6.369481563568115
SASRec,2011,2011-12-31,115178,6874,7,6.364952087402344
SASRec,2011,2011-12-31,115178,8961,8,6.343545436859131
SASRec,2011,2011-12-31,115178,4886,9,6.341538906097412
SASRec,2011,2011-12-31,115178,6502,10,6.287676811218262
SASRec,2011,2011-12-31,115222,76251,1,6.986792087554932
SASRec,2011,2011-12-31,115222,71518,2,6.509417533874512
SASRec,2011,2011-12-31,115222,79702,3,6.441702842712402
SASRec,2011,2011-12-31,115222,78499,4,6.324488639831543
SASRec,2011,2011-12-31,115222,73017,5,6.2919921875
SASRec,2011,2011-12-31,115222,68159,6,6.2350006103515625
SASRec,2011,2011-12-31,115222,80489,7,6.228771686553955
SASRec,2011,2011-12-31,115222,78105,8,6.2144389152526855
SASRec,2011,2011-12-31,115222,72407,9,6.1454572677612305
SASRec,2011,2011-12-31,115222,68237,10,6.038506031036377
SASRec,2011,2011-12-31,115250,55820,1,6.559768199920654
SASRec,2011,2011-12-31,115250,48516,2,6.494015693664551
SASRec,2011,2011-12-31,115250,58559,3,6.338122367858887
SASRec,2011,2011-12-31,115250,44555,4,5.911452770233154
SASRec,2011,2011-12-31,115250,48774,5,5.908356189727783
SASRec,2011,2011-12-31,115250,48394,6,5.768354892730713
SASRec,2011,2011-12-31,115250,541,7,5.736853122711182
SASRec,2011,2011-12-31,115250,27773,8,5.647639751434326
SASRec,2011,2011-12-31,115250,1252,9,5.618377208709717
SASRec,2011,2011-12-31,115250,63082,10,5.594281196594238
SASRec,2011,2011-12-31,115421,71518,1,6.204817295074463
SASRec,2011,2011-12-31,115421,68954,2,5.7913312911987305
SASRec,2011,2011-12-31,115421,72407,3,5.6744232177734375
SASRec,2011,2011-12-31,115421,66509,4,5.632748126983643
SASRec,2011,2011-12-31,115421,74275,5,5.62880277633667
SASRec,2011,2011-12-31,115421,80489,6,5.363101959228516
SASRec,2011,2011-12-31,115421,71520,7,5.360337257385254
SASRec,2011,2011-12-31,115421,73266,8,5.328771114349365
SASRec,2011,2011-12-31,115421,80463,9,5.265373706817627
SASRec,2011,2011-12-31,115421,68319,10,5.264670372009277
SASRec,2011,2011-12-31,115537,56174,1,7.369263172149658
SASRec,2011,2011-12-31,115537,70286,2,6.648719787597656
SASRec,2011,2011-12-31,115537,56367,3,6.498681545257568
SASRec,2011,2011-12-31,115537,63082,4,6.491779804229736
SASRec,2011,2011-12-31,115537,61132,5,6.429808616638184
SASRec,2011,2011-12-31,115537,53996,6,6.422521591186523
SASRec,2011,2011-12-31,115537,60072,7,6.258513927459717
SASRec,2011,2011-12-31,115537,44665,8,6.2067646980285645
SASRec,2011,2011-12-31,115537,52722,9,6.2049665451049805
SASRec,2011,2011-12-31,115537,73017,10,6.14715051651001
SASRec,2011,2011-12-31,115635,72407,1,6.225183963775635
SASRec,2011,2011-12-31,115635,60037,2,5.825552463531494
SASRec,2011,2011-12-31,115635,60074,3,5.625443458557129
SASRec,2011,2011-12-31,115635,61248,4,5.574746131896973
SASRec,2011,2011-12-31,115635,64497,5,5.529027462005615
SASRec,2011,2011-12-31,115635,58025,6,5.506303310394287
SASRec,2011,2011-12-31,115635,62081,7,5.422834873199463
SASRec,2011,2011-12-31,115635,71135,8,5.373170852661133
SASRec,2011,2011-12-31,115635,68554,9,5.368407249450684
SASRec,2011,2011-12-31,115635,60072,10,5.353971481323242
SASRec,2011,2011-12-31,115753,296,1,8.588254928588867
SASRec,2011,2011-12-31,115753,318,2,8.309992790222168
SASRec,2011,2011-12-31,115753,4226,3,7.925199508666992
SASRec,2011,2011-12-31,115753,50,4,7.822751998901367
SASRec,2011,2011-12-31,115753,2858,5,7.7970991134643555
SASRec,2011,2011-12-31,115753,608,6,7.75612735748291
SASRec,2011,2011-12-31,115753,593,7,7.568098545074463
SASRec,2011,2011-12-31,115753,858,8,7.500217437744141
SASRec,2011,2011-12-31,115753,1213,9,7.355498313903809
SASRec,2011,2011-12-31,115753,2762,10,7.351962566375732
SASRec,2011,2011-12-31,115787,6810,1,4.862839698791504
SASRec,2011,2011-12-31,115787,6593,2,4.779593467712402
SASRec,2011,2011-12-31,115787,7004,3,4.6599955558776855
SASRec,2011,2011-12-31,115787,5810,4,4.611454963684082
SASRec,2011,2011-12-31,115787,6541,5,4.597877502441406
SASRec,2011,2011-12-31,115787,7163,6,4.571548938751221
SASRec,2011,2011-12-31,115787,8783,7,4.514758110046387
SASRec,2011,2011-12-31,115787,5528,8,4.510196208953857
SASRec,2011,2011-12-31,115787,6187,9,4.444112300872803
SASRec,2011,2011-12-31,115787,5266,10,4.435561180114746
SASRec,2011,2011-12-31,115938,72998,1,6.0668816566467285
SASRec,2011,2011-12-31,115938,72407,2,6.062589645385742
SASRec,2011,2011-12-31,115938,71057,3,5.718320369720459
SASRec,2011,2011-12-31,115938,64497,4,5.696610927581787
SASRec,2011,2011-12-31,115938,68954,5,5.68942403793335
SASRec,2011,2011-12-31,115938,73017,6,5.6670427322387695
SASRec,2011,2011-12-31,115938,60037,7,5.607594966888428
SASRec,2011,2011-12-31,115938,77561,8,5.587897300720215
SASRec,2011,2011-12-31,115938,70336,9,5.566035270690918
SASRec,2011,2011-12-31,115938,61132,10,5.566014289855957
SASRec,2011,2011-12-31,116218,70286,1,7.400022029876709
SASRec,2011,2011-12-31,116218,72998,2,6.997529983520508
SASRec,2011,2011-12-31,116218,58559,3,6.859889507293701
SASRec,2011,2011-12-31,116218,68954,4,6.8529953956604
SASRec,2011,2011-12-31,116218,56174,5,6.765411853790283
SASRec,2011,2011-12-31,116218,76251,6,6.7599873542785645
SASRec,2011,2011-12-31,116218,71535,7,6.7271833419799805
SASRec,2011,2011-12-31,116218,63082,8,6.613672256469727
SASRec,2011,2011-12-31,116218,74458,9,6.589097499847412
SASRec,2011,2011-12-31,116218,69122,10,6.580960273742676
SASRec,2011,2011-12-31,116226,48516,1,7.580648422241211
SASRec,2011,2011-12-31,116226,55820,2,7.430478572845459
SASRec,2011,2011-12-31,116226,63082,3,7.339818954467773
SASRec,2011,2011-12-31,116226,48774,4,7.135253429412842
SASRec,2011,2011-12-31,116226,56174,5,7.090352535247803
SASRec,2011,2011-12-31,116226,70286,6,7.010673999786377
SASRec,2011,2011-12-31,116226,51662,7,6.971276760101318
SASRec,2011,2011-12-31,116226,60069,8,6.957160472869873
SASRec,2011,2011-12-31,116226,68157,9,6.900570869445801
SASRec,2011,2011-12-31,116226,49272,10,6.821584701538086
SASRec,2011,2011-12-31,116424,56174,1,7.807370662689209
SASRec,2011,2011-12-31,116424,44191,2,7.260646820068359
SASRec,2011,2011-12-31,116424,55820,3,7.112791538238525
SASRec,2011,2011-12-31,116424,70286,4,7.102014541625977
SASRec,2011,2011-12-31,116424,44665,5,6.922228813171387
SASRec,2011,2011-12-31,116424,63082,6,6.912240982055664
SASRec,2011,2011-12-31,116424,48774,7,6.904880046844482
SASRec,2011,2011-12-31,116424,54286,8,6.889089584350586
SASRec,2011,2011-12-31,116424,32587,9,6.866336822509766
SASRec,2011,2011-12-31,116424,60069,10,6.820616722106934
SASRec,2011,2011-12-31,116437,1136,1,8.007664680480957
SASRec,2011,2011-12-31,116437,296,2,7.9547882080078125
SASRec,2011,2011-12-31,116437,318,3,7.931025505065918
SASRec,2011,2011-12-31,116437,1214,4,7.84527063369751
SASRec,2011,2011-12-31,116437,1258,5,7.792786598205566
SASRec,2011,2011-12-31,116437,924,6,7.729296684265137
SASRec,2011,2011-12-31,116437,750,7,7.687089443206787
SASRec,2011,2011-12-31,116437,904,8,7.656073093414307
SASRec,2011,2011-12-31,116437,50,9,7.535929203033447
SASRec,2011,2011-12-31,116437,858,10,7.499505043029785
SASRec,2011,2011-12-31,116678,296,1,9.006647109985352
SASRec,2011,2011-12-31,116678,110,2,8.940695762634277
SASRec,2011,2011-12-31,116678,50,3,8.423398971557617
SASRec,2011,2011-12-31,116678,4226,4,8.347896575927734
SASRec,2011,2011-12-31,116678,589,5,8.112093925476074
SASRec,2011,2011-12-31,116678,32,6,8.059545516967773
SASRec,2011,2011-12-31,116678,47,7,7.93475341796875
SASRec,2011,2011-12-31,116678,2571,8,7.901335716247559
SASRec,2011,2011-12-31,116678,356,9,7.850754261016846
SASRec,2011,2011-12-31,116678,2858,10,7.834192276000977
SASRec,2011,2011-12-31,116907,76251,1,5.500102996826172
SASRec,2011,2011-12-31,116907,77561,2,5.46198844909668
SASRec,2011,2011-12-31,116907,1214,3,5.2056779861450195
SASRec,2011,2011-12-31,116907,79702,4,4.922924041748047
SASRec,2011,2011-12-31,116907,68319,5,4.85572624206543
SASRec,2011,2011-12-31,116907,72407,6,4.790363311767578
SASRec,2011,2011-12-31,116907,80489,7,4.705173015594482
SASRec,2011,2011-12-31,116907,71135,8,4.628849029541016
SASRec,2011,2011-12-31,116907,74789,9,4.536729335784912
SASRec,2011,2011-12-31,116907,44665,10,4.4978203773498535
SASRec,2011,2011-12-31,117046,1333,1,5.891016006469727
SASRec,2011,2011-12-31,117046,1345,2,5.8348774909973145
SASRec,2011,2011-12-31,117046,2087,3,5.659897327423096
SASRec,2011,2011-12-31,117046,2160,4,5.6078314781188965
SASRec,2011,2011-12-31,117046,2572,5,5.597378253936768
SASRec,2011,2011-12-31,117046,1104,6,5.587104797363281
SASRec,2011,2011-12-31,117046,1347,7,5.586091995239258
SASRec,2011,2011-12-31,117046,2080,8,5.549318313598633
SASRec,2011,2011-12-31,117046,910,9,5.527684688568115
SASRec,2011,2011-12-31,117046,1282,10,5.525446891784668
SASRec,2011,2011-12-31,117160,58559,1,6.814400672912598
SASRec,2011,2011-12-31,117160,70286,2,6.653162002563477
SASRec,2011,2011-12-31,117160,2858,3,6.582669734954834
SASRec,2011,2011-12-31,117160,318,4,6.327033996582031
SASRec,2011,2011-12-31,117160,68157,5,6.263572692871094
SASRec,2011,2011-12-31,117160,48516,6,6.248974800109863
SASRec,2011,2011-12-31,117160,4226,7,6.230525016784668
SASRec,2011,2011-12-31,117160,72998,8,6.210038661956787
SASRec,2011,2011-12-31,117160,56367,9,6.1714019775390625
SASRec,2011,2011-12-31,117160,74458,10,6.089181900024414
SASRec,2011,2011-12-31,117201,58559,1,7.098579406738281
SASRec,2011,2011-12-31,117201,68157,2,6.952590465545654
SASRec,2011,2011-12-31,117201,63082,3,6.775440692901611
SASRec,2011,2011-12-31,117201,56367,4,6.592973709106445
SASRec,2011,2011-12-31,117201,56174,5,6.550677299499512
SASRec,2011,2011-12-31,117201,59315,6,6.498466968536377
SASRec,2011,2011-12-31,117201,71535,7,6.490119457244873
SASRec,2011,2011-12-31,117201,60069,8,6.382737636566162
SASRec,2011,2011-12-31,117201,48516,9,6.353654384613037
SASRec,2011,2011-12-31,117201,76251,10,6.351992607116699
SASRec,2011,2011-12-31,117297,52241,1,4.517763614654541
SASRec,2011,2011-12-31,117297,55820,2,4.327764511108398
SASRec,2011,2011-12-31,117297,55280,3,4.140793800354004
SASRec,2011,2011-12-31,117297,48774,4,4.0484442710876465
SASRec,2011,2011-12-31,117297,65465,5,4.046268939971924
SASRec,2011,2011-12-31,117297,47629,6,4.041709899902344
SASRec,2011,2011-12-31,117297,49772,7,4.029238224029541
SASRec,2011,2011-12-31,117297,45950,8,3.9991354942321777
SASRec,2011,2011-12-31,117297,68157,9,3.999101400375366
SASRec,2011,2011-12-31,117297,64575,10,3.9109463691711426
SASRec,2011,2011-12-31,117678,53125,1,5.743293285369873
SASRec,2011,2011-12-31,117678,56171,2,5.543139934539795
SASRec,2011,2011-12-31,117678,46972,3,5.497009754180908
SASRec,2011,2011-12-31,117678,56775,4,5.492073059082031
SASRec,2011,2011-12-31,117678,56757,5,5.470090389251709
SASRec,2011,2011-12-31,117678,34150,6,5.412262439727783
SASRec,2011,2011-12-31,117678,52722,7,5.398370265960693
SASRec,2011,2011-12-31,117678,56367,8,5.396333694458008
SASRec,2011,2011-12-31,117678,7293,9,5.392084121704102
SASRec,2011,2011-12-31,117678,6383,10,5.366583824157715
SASRec,2011,2011-12-31,117801,6666,1,4.997533321380615
SASRec,2011,2011-12-31,117801,6016,2,4.61773157119751
SASRec,2011,2011-12-31,117801,5878,3,4.5903849601745605
SASRec,2011,2011-12-31,117801,6787,4,4.584304332733154
SASRec,2011,2011-12-31,117801,6867,5,4.561222553253174
SASRec,2011,2011-12-31,117801,4235,6,4.553762435913086
SASRec,2011,2011-12-31,117801,5291,7,4.468775749206543
SASRec,2011,2011-12-31,117801,7371,8,4.432295322418213
SASRec,2011,2011-12-31,117801,5995,9,4.378121376037598
SASRec,2011,2011-12-31,117801,48516,10,4.354371070861816
SASRec,2011,2011-12-31,117851,5810,1,6.711938858032227
SASRec,2011,2011-12-31,117851,5266,2,6.6046037673950195
SASRec,2011,2011-12-31,117851,5673,3,6.452926158905029
SASRec,2011,2011-12-31,117851,7361,4,6.427013397216797
SASRec,2011,2011-12-31,117851,5299,5,6.402072906494141
SASRec,2011,2011-12-31,117851,7293,6,6.387788772583008
SASRec,2011,2011-12-31,117851,6863,7,6.3593878746032715
SASRec,2011,2011-12-31,117851,6942,8,6.345412731170654
SASRec,2011,2011-12-31,117851,6373,9,6.327503204345703
SASRec,2011,2011-12-31,117851,5528,10,6.31859827041626
SASRec,2011,2011-12-31,117866,55820,1,5.011604309082031
SASRec,2011,2011-12-31,117866,63876,2,4.952971935272217
SASRec,2011,2011-12-31,117866,8197,3,4.83477783203125
SASRec,2011,2011-12-31,117866,44555,4,4.822784423828125
SASRec,2011,2011-12-31,117866,46664,5,4.753264427185059
SASRec,2011,2011-12-31,117866,7938,6,4.678807735443115
SASRec,2011,2011-12-31,117866,71108,7,4.65578031539917
SASRec,2011,2011-12-31,117866,57669,8,4.607154846191406
SASRec,2011,2011-12-31,117866,66097,9,4.606691837310791
SASRec,2011,2011-12-31,117866,25898,10,4.604025363922119
SASRec,2011,2011-12-31,118005,58559,1,8.037239074707031
SASRec,2011,2011-12-31,118005,55820,2,7.134886741638184
SASRec,2011,2011-12-31,118005,48516,3,6.900472640991211
SASRec,2011,2011-12-31,118005,70286,4,6.875877380371094
SASRec,2011,2011-12-31,118005,59315,5,6.8735737800598145
SASRec,2011,2011-12-31,118005,56367,6,6.846299171447754
SASRec,2011,2011-12-31,118005,63082,7,6.827603816986084
SASRec,2011,2011-12-31,118005,68954,8,6.7626447677612305
SASRec,2011,2011-12-31,118005,60069,9,6.655350208282471
SASRec,2011,2011-12-31,118005,51662,10,6.595787525177002
SASRec,2011,2011-12-31,118230,6593,1,5.861822128295898
SASRec,2011,2011-12-31,118230,7293,2,5.68231725692749
SASRec,2011,2011-12-31,118230,5528,3,5.587640285491943
SASRec,2011,2011-12-31,118230,6187,4,5.575390338897705
SASRec,2011,2011-12-31,118230,5620,5,5.56628942489624
SASRec,2011,2011-12-31,118230,5266,6,5.494195461273193
SASRec,2011,2011-12-31,118230,5673,7,5.454964637756348
SASRec,2011,2011-12-31,118230,6281,8,5.446159839630127
SASRec,2011,2011-12-31,118230,27821,9,5.420771598815918
SASRec,2011,2011-12-31,118230,8783,10,5.4055633544921875
SASRec,2011,2011-12-31,118435,76251,1,6.720665454864502
SASRec,2011,2011-12-31,118435,71518,2,6.645670413970947
SASRec,2011,2011-12-31,118435,70286,3,6.2064995765686035
SASRec,2011,2011-12-31,118435,80489,4,5.974809646606445
SASRec,2011,2011-12-31,118435,68159,5,5.938068866729736
SASRec,2011,2011-12-31,118435,71535,6,5.916583061218262
SASRec,2011,2011-12-31,118435,77561,7,5.9026947021484375
SASRec,2011,2011-12-31,118435,64614,8,5.787974834442139
SASRec,2011,2011-12-31,118435,69122,9,5.730129718780518
SASRec,2011,2011-12-31,118435,68237,10,5.715419292449951
SASRec,2011,2011-12-31,118495,71518,1,6.087761402130127
SASRec,2011,2011-12-31,118495,71108,2,5.849550247192383
SASRec,2011,2011-12-31,118495,76251,3,5.759660243988037
SASRec,2011,2011-12-31,118495,68157,4,5.6595540046691895
SASRec,2011,2011-12-31,118495,77206,5,5.605676174163818
SASRec,2011,2011-12-31,118495,71033,6,5.570582866668701
SASRec,2011,2011-12-31,118495,73027,7,5.381223201751709
SASRec,2011,2011-12-31,118495,71464,8,5.348457336425781
SASRec,2011,2011-12-31,118495,79702,9,5.343722820281982
SASRec,2011,2011-12-31,118495,78116,10,5.331393718719482
SASRec,2011,2011-12-31,118756,68157,1,6.535280227661133
SASRec,2011,2011-12-31,118756,68954,2,6.2434916496276855
SASRec,2011,2011-12-31,118756,70286,3,6.104203224182129
SASRec,2011,2011-12-31,118756,63876,4,6.013942241668701
SASRec,2011,2011-12-31,118756,60069,5,5.952399253845215
SASRec,2011,2011-12-31,118756,76251,6,5.844286918640137
SASRec,2011,2011-12-31,118756,66097,7,5.823135852813721
SASRec,2011,2011-12-31,118756,52241,8,5.807417392730713
SASRec,2011,2011-12-31,118756,64614,9,5.770766735076904
SASRec,2011,2011-12-31,118756,55276,10,5.746515274047852
SASRec,2011,2011-12-31,118852,44665,1,5.218221187591553
SASRec,2011,2011-12-31,118852,51935,2,5.188145160675049
SASRec,2011,2011-12-31,118852,60074,3,5.086777687072754
SASRec,2011,2011-12-31,118852,2701,4,5.032801151275635
SASRec,2011,2011-12-31,118852,53322,5,5.003977298736572
SASRec,2011,2011-12-31,118852,56775,6,4.97663688659668
SASRec,2011,2011-12-31,118852,6383,7,4.92414665222168
SASRec,2011,2011-12-31,118852,56367,8,4.907119274139404
SASRec,2011,2011-12-31,118852,153,9,4.868533611297607
SASRec,2011,2011-12-31,118852,35836,10,4.853075981140137
SASRec,2011,2011-12-31,119100,53125,1,5.803543567657471
SASRec,2011,2011-12-31,119100,56171,2,5.758578300476074
SASRec,2011,2011-12-31,119100,52722,3,5.751516342163086
SASRec,2011,2011-12-31,119100,51935,4,5.724730014801025
SASRec,2011,2011-12-31,119100,61132,5,5.508967399597168
SASRec,2011,2011-12-31,119100,60037,6,5.508841037750244
SASRec,2011,2011-12-31,119100,60074,7,5.401668071746826
SASRec,2011,2011-12-31,119100,60072,8,5.311522483825684
SASRec,2011,2011-12-31,119100,55995,9,5.301600933074951
SASRec,2011,2011-12-31,119100,58998,10,5.294046878814697
SASRec,2011,2011-12-31,119241,76251,1,6.437595367431641
SASRec,2011,2011-12-31,119241,71518,2,6.361662864685059
SASRec,2011,2011-12-31,119241,73017,3,6.082057952880859
SASRec,2011,2011-12-31,119241,63082,4,6.004003047943115
SASRec,2011,2011-12-31,119241,72407,5,5.7476301193237305
SASRec,2011,2011-12-31,119241,68159,6,5.728056907653809
SASRec,2011,2011-12-31,119241,78499,7,5.681614398956299
SASRec,2011,2011-12-31,119241,74458,8,5.67303466796875
SASRec,2011,2011-12-31,119241,55820,9,5.655416488647461
SASRec,2011,2011-12-31,119241,64614,10,5.649798393249512
SASRec,2011,2011-12-31,119269,71108,1,5.3174262046813965
SASRec,2011,2011-12-31,119269,71033,2,4.914741516113281
SASRec,2011,2011-12-31,119269,60382,3,4.857833385467529
SASRec,2011,2011-12-31,119269,78116,4,4.811822414398193
SASRec,2011,2011-12-31,119269,78574,5,4.748645782470703
SASRec,2011,2011-12-31,119269,73027,6,4.739231109619141
SASRec,2011,2011-12-31,119269,46664,7,4.694155216217041
SASRec,2011,2011-12-31,119269,26048,8,4.668790817260742
SASRec,2011,2011-12-31,119269,31309,9,4.640148639678955
SASRec,2011,2011-12-31,119269,26025,10,4.595418453216553
SASRec,2011,2011-12-31,119365,2012,1,7.664133548736572
SASRec,2011,2011-12-31,119365,442,2,7.196616172790527
SASRec,2011,2011-12-31,119365,1676,3,7.187453746795654
SASRec,2011,2011-12-31,119365,2000,4,6.977278709411621
SASRec,2011,2011-12-31,119365,1101,5,6.97620153427124
SASRec,2011,2011-12-31,119365,2797,6,6.92512845993042
SASRec,2011,2011-12-31,119365,163,7,6.9238176345825195
SASRec,2011,2011-12-31,119365,10,8,6.913074016571045
SASRec,2011,2011-12-31,119365,2916,9,6.876903057098389
SASRec,2011,2011-12-31,119365,2011,10,6.865325450897217
SASRec,2011,2011-12-31,119583,4226,1,5.527790069580078
SASRec,2011,2011-12-31,119583,2858,2,5.317776203155518
SASRec,2011,2011-12-31,119583,2959,3,5.176653861999512
SASRec,2011,2011-12-31,119583,44555,4,4.999161243438721
SASRec,2011,2011-12-31,119583,5995,5,4.889606475830078
SASRec,2011,2011-12-31,119583,7371,6,4.824011325836182
SASRec,2011,2011-12-31,119583,44694,7,4.798791885375977
SASRec,2011,2011-12-31,119583,30749,8,4.764626502990723
SASRec,2011,2011-12-31,119583,6867,9,4.721867084503174
SASRec,2011,2011-12-31,119583,2542,10,4.715808391571045
SASRec,2011,2011-12-31,119724,72998,1,6.1956939697265625
SASRec,2011,2011-12-31,119724,61132,2,6.143797397613525
SASRec,2011,2011-12-31,119724,58559,3,6.118506908416748
SASRec,2011,2011-12-31,119724,72407,4,6.114960670471191
SASRec,2011,2011-12-31,119724,73017,5,5.897807598114014
SASRec,2011,2011-12-31,119724,56367,6,5.791780948638916
SASRec,2011,2011-12-31,119724,68157,7,5.776799201965332
SASRec,2011,2011-12-31,119724,53996,8,5.731812477111816
SASRec,2011,2011-12-31,119724,58025,9,5.696310997009277
SASRec,2011,2011-12-31,119724,53125,10,5.635083198547363
SASRec,2011,2011-12-31,120017,58559,1,6.672167778015137
SASRec,2011,2011-12-31,120017,55820,2,6.5108819007873535
SASRec,2011,2011-12-31,120017,63082,3,6.234933853149414
SASRec,2011,2011-12-31,120017,48516,4,6.143040657043457
SASRec,2011,2011-12-31,120017,68157,5,6.117374897003174
SASRec,2011,2011-12-31,120017,68954,6,5.969405651092529
SASRec,2011,2011-12-31,120017,56367,7,5.9481000900268555
SASRec,2011,2011-12-31,120017,63876,8,5.945119380950928
SASRec,2011,2011-12-31,120017,57669,9,5.907199859619141
SASRec,2011,2011-12-31,120017,66097,10,5.837114334106445
SASRec,2011,2011-12-31,120048,58559,1,5.470442771911621
SASRec,2011,2011-12-31,120048,51662,2,5.356524467468262
SASRec,2011,2011-12-31,120048,56801,3,5.258175373077393
SASRec,2011,2011-12-31,120048,50798,4,5.234524250030518
SASRec,2011,2011-12-31,120048,60037,5,5.194746017456055
SASRec,2011,2011-12-31,120048,6383,6,5.189082622528076
SASRec,2011,2011-12-31,120048,56174,7,5.146500587463379
SASRec,2011,2011-12-31,120048,53953,8,4.964888095855713
SASRec,2011,2011-12-31,120048,43679,9,4.917858123779297
SASRec,2011,2011-12-31,120048,59315,10,4.828464031219482
SASRec,2011,2011-12-31,120054,76251,1,6.7500152587890625
SASRec,2011,2011-12-31,120054,79702,2,6.347662925720215
SASRec,2011,2011-12-31,120054,80489,3,6.202360153198242
SASRec,2011,2011-12-31,120054,80463,4,6.047075271606445
SASRec,2011,2011-12-31,120054,74795,5,6.037947654724121
SASRec,2011,2011-12-31,120054,68159,6,5.970522880554199
SASRec,2011,2011-12-31,120054,79293,7,5.943978786468506
SASRec,2011,2011-12-31,120054,74948,8,5.819196701049805
SASRec,2011,2011-12-31,120054,66509,9,5.812174320220947
SASRec,2011,2011-12-31,120054,67255,10,5.776890277862549
SASRec,2011,2011-12-31,120488,1222,1,5.342648506164551
SASRec,2011,2011-12-31,120488,2948,2,5.035774230957031
SASRec,2011,2011-12-31,120488,2949,3,5.001662254333496
SASRec,2011,2011-12-31,120488,3362,4,4.989164352416992
SASRec,2011,2011-12-31,120488,3683,5,4.9698638916015625
SASRec,2011,2011-12-31,120488,924,6,4.878235816955566
SASRec,2011,2011-12-31,120488,1953,7,4.871761798858643
SASRec,2011,2011-12-31,120488,2542,8,4.859733581542969
SASRec,2011,2011-12-31,120488,4226,9,4.7987895011901855
SASRec,2011,2011-12-31,120488,2288,10,4.791510105133057
SASRec,2011,2011-12-31,120813,110,1,7.196154594421387
SASRec,2011,2011-12-31,120813,5445,2,7.115932941436768
SASRec,2011,2011-12-31,120813,5418,3,6.9854230880737305
SASRec,2011,2011-12-31,120813,377,4,6.899480819702148
SASRec,2011,2011-12-31,120813,589,5,6.725997447967529
SASRec,2011,2011-12-31,120813,6874,6,6.623583793640137
SASRec,2011,2011-12-31,120813,4306,7,6.553533554077148
SASRec,2011,2011-12-31,120813,780,8,6.5252766609191895
SASRec,2011,2011-12-31,120813,47,9,6.519250392913818
SASRec,2011,2011-12-31,120813,32587,10,6.501700401306152
SASRec,2011,2011-12-31,120951,71518,1,6.595828533172607
SASRec,2011,2011-12-31,120951,79702,2,6.475238800048828
SASRec,2011,2011-12-31,120951,80489,3,6.432053089141846
SASRec,2011,2011-12-31,120951,79293,4,6.292166709899902
SASRec,2011,2011-12-31,120951,74795,5,6.124795436859131
SASRec,2011,2011-12-31,120951,72407,6,6.055940628051758
SASRec,2011,2011-12-31,120951,74275,7,6.040501594543457
SASRec,2011,2011-12-31,120951,74156,8,6.027678966522217
SASRec,2011,2011-12-31,120951,73266,9,5.984807968139648
SASRec,2011,2011-12-31,120951,74948,10,5.933525085449219
SASRec,2011,2011-12-31,121244,55280,1,4.479380130767822
SASRec,2011,2011-12-31,121244,48043,2,4.393728256225586
SASRec,2011,2011-12-31,121244,47099,3,4.250171184539795
SASRec,2011,2011-12-31,121244,44665,4,4.196968078613281
SASRec,2011,2011-12-31,121244,55267,5,4.193264484405518
SASRec,2011,2011-12-31,121244,45720,6,4.16485071182251
SASRec,2011,2011-12-31,121244,41571,7,4.1643829345703125
SASRec,2011,2011-12-31,121244,52241,8,4.1125874519348145
SASRec,2011,2011-12-31,121244,56171,9,4.104795932769775
SASRec,2011,2011-12-31,121244,48516,10,4.094558238983154
SASRec,2011,2011-12-31,121293,71518,1,6.59584379196167
SASRec,2011,2011-12-31,121293,76251,2,6.295207500457764
SASRec,2011,2011-12-31,121293,68157,3,5.882613182067871
SASRec,2011,2011-12-31,121293,79702,4,5.851067066192627
SASRec,2011,2011-12-31,121293,77206,5,5.833572864532471
SASRec,2011,2011-12-31,121293,79293,6,5.821796417236328
SASRec,2011,2011-12-31,121293,78105,7,5.815309524536133
SASRec,2011,2011-12-31,121293,80489,8,5.736281394958496
SASRec,2011,2011-12-31,121293,77561,9,5.731476783752441
SASRec,2011,2011-12-31,121293,74948,10,5.7275238037109375
SASRec,2011,2011-12-31,121376,79293,1,6.151276111602783
SASRec,2011,2011-12-31,121376,79702,2,6.129525184631348
SASRec,2011,2011-12-31,121376,74275,3,6.096024990081787
SASRec,2011,2011-12-31,121376,72407,4,5.963566780090332
SASRec,2011,2011-12-31,121376,80489,5,5.852673530578613
SASRec,2011,2011-12-31,121376,71135,6,5.839144229888916
SASRec,2011,2011-12-31,121376,66509,7,5.822187423706055
SASRec,2011,2011-12-31,121376,71520,8,5.81002140045166
SASRec,2011,2011-12-31,121376,73266,9,5.701742172241211
SASRec,2011,2011-12-31,121376,74452,10,5.648519039154053
SASRec,2011,2011-12-31,121628,48516,1,5.418609619140625
SASRec,2011,2011-12-31,121628,44555,2,4.894448757171631
SASRec,2011,2011-12-31,121628,44694,3,4.73834228515625
SASRec,2011,2011-12-31,121628,56367,4,4.629792213439941
SASRec,2011,2011-12-31,121628,57669,5,4.585504531860352
SASRec,2011,2011-12-31,121628,55276,6,4.566812515258789
SASRec,2011,2011-12-31,121628,47629,7,4.479487419128418
SASRec,2011,2011-12-31,121628,2731,8,4.461578369140625
SASRec,2011,2011-12-31,121628,56782,9,4.444930076599121
SASRec,2011,2011-12-31,121628,44761,10,4.435091495513916
SASRec,2011,2011-12-31,121798,4226,1,7.166337490081787
SASRec,2011,2011-12-31,121798,457,2,7.143198013305664
SASRec,2011,2011-12-31,121798,590,3,7.001784801483154
SASRec,2011,2011-12-31,121798,50,4,6.912185192108154
SASRec,2011,2011-12-31,121798,47,5,6.867976665496826
SASRec,2011,2011-12-31,121798,5418,6,6.732885360717773
SASRec,2011,2011-12-31,121798,4886,7,6.694002628326416
SASRec,2011,2011-12-31,121798,733,8,6.540334701538086
SASRec,2011,2011-12-31,121798,329,9,6.514212608337402
SASRec,2011,2011-12-31,121798,3147,10,6.506068706512451
SASRec,2011,2011-12-31,122083,76251,1,7.0541815757751465
SASRec,2011,2011-12-31,122083,71518,2,6.666420936584473
SASRec,2011,2011-12-31,122083,78499,3,6.451068878173828
SASRec,2011,2011-12-31,122083,79702,4,6.390173435211182
SASRec,2011,2011-12-31,122083,80489,5,6.120303630828857
SASRec,2011,2011-12-31,122083,78105,6,6.058381080627441
SASRec,2011,2011-12-31,122083,68159,7,6.057910442352295
SASRec,2011,2011-12-31,122083,72407,8,6.023616790771484
SASRec,2011,2011-12-31,122083,76093,9,5.99267053604126
SASRec,2011,2011-12-31,122083,52319,10,5.959916114807129
SASRec,2011,2011-12-31,122151,68954,1,7.291097640991211
SASRec,2011,2011-12-31,122151,51662,2,7.052698135375977
SASRec,2011,2011-12-31,122151,76251,3,6.616944313049316
SASRec,2011,2011-12-31,122151,54286,4,6.576249122619629
SASRec,2011,2011-12-31,122151,61132,5,6.459075927734375
SASRec,2011,2011-12-31,122151,64614,6,6.363560676574707
SASRec,2011,2011-12-31,122151,79132,7,6.301147937774658
SASRec,2011,2011-12-31,122151,68237,8,6.296604633331299
SASRec,2011,2011-12-31,122151,74789,9,6.243309020996094
SASRec,2011,2011-12-31,122151,69481,10,6.19120454788208
SASRec,2011,2011-12-31,122437,48516,1,7.958727836608887
SASRec,2011,2011-12-31,122437,55820,2,7.6617817878723145
SASRec,2011,2011-12-31,122437,48774,3,7.416259765625
SASRec,2011,2011-12-31,122437,56367,4,7.317535877227783
SASRec,2011,2011-12-31,122437,63082,5,7.128490924835205
SASRec,2011,2011-12-31,122437,70286,6,7.090373516082764
SASRec,2011,2011-12-31,122437,56174,7,7.08415412902832
SASRec,2011,2011-12-31,122437,48394,8,7.067139148712158
SASRec,2011,2011-12-31,122437,59315,9,7.027059555053711
SASRec,2011,2011-12-31,122437,6016,10,6.8229546546936035
SASRec,2011,2011-12-31,123155,70286,1,6.884925365447998
SASRec,2011,2011-12-31,123155,56174,2,6.807551860809326
SASRec,2011,2011-12-31,123155,58559,3,6.7764201164245605
SASRec,2011,2011-12-31,123155,4226,4,6.713034629821777
SASRec,2011,2011-12-31,123155,63082,5,6.696261405944824
SASRec,2011,2011-12-31,123155,2858,6,6.465452194213867
SASRec,2011,2011-12-31,123155,68157,7,6.460165023803711
SASRec,2011,2011-12-31,123155,74458,8,6.4582672119140625
SASRec,2011,2011-12-31,123155,296,9,6.407952308654785
SASRec,2011,2011-12-31,123155,72998,10,6.289879322052002
SASRec,2011,2011-12-31,123182,55820,1,7.11936616897583
SASRec,2011,2011-12-31,123182,48516,2,7.114177227020264
SASRec,2011,2011-12-31,123182,63082,3,7.102628231048584
SASRec,2011,2011-12-31,123182,68954,4,6.847650051116943
SASRec,2011,2011-12-31,123182,48774,5,6.761020660400391
SASRec,2011,2011-12-31,123182,59315,6,6.756950378417969
SASRec,2011,2011-12-31,123182,56367,7,6.729339599609375
SASRec,2011,2011-12-31,123182,60069,8,6.726663112640381
SASRec,2011,2011-12-31,123182,110,9,6.685906410217285
SASRec,2011,2011-12-31,123182,296,10,6.652592658996582
SASRec,2011,2011-12-31,123193,48516,1,7.02831506729126
SASRec,2011,2011-12-31,123193,63082,2,6.595446586608887
SASRec,2011,2011-12-31,123193,55820,3,6.487127780914307
SASRec,2011,2011-12-31,123193,48774,4,6.485601902008057
SASRec,2011,2011-12-31,123193,58559,5,6.475417137145996
SASRec,2011,2011-12-31,123193,56367,6,6.431943893432617
SASRec,2011,2011-12-31,123193,70286,7,6.430603504180908
SASRec,2011,2011-12-31,123193,32587,8,6.370397090911865
SASRec,2011,2011-12-31,123193,110,9,6.297647953033447
SASRec,2011,2011-12-31,123193,49272,10,6.291981220245361
SASRec,2011,2011-12-31,123734,71518,1,6.626621246337891
SASRec,2011,2011-12-31,123734,77561,2,6.577600479125977
SASRec,2011,2011-12-31,123734,79702,3,6.300754070281982
SASRec,2011,2011-12-31,123734,70286,4,6.257802963256836
SASRec,2011,2011-12-31,123734,80489,5,6.2505412101745605
SASRec,2011,2011-12-31,123734,78105,6,6.24469518661499
SASRec,2011,2011-12-31,123734,68159,7,6.03454065322876
SASRec,2011,2011-12-31,123734,74795,8,5.989713668823242
SASRec,2011,2011-12-31,123734,71535,9,5.971662998199463
SASRec,2011,2011-12-31,123734,79293,10,5.958573818206787
SASRec,2011,2011-12-31,123872,4412,1,3.53533673286438
SASRec,2011,2011-12-31,123872,1983,2,3.4719936847686768
SASRec,2011,2011-12-31,123872,5543,3,3.2768943309783936
SASRec,2011,2011-12-31,123872,1980,4,3.2270021438598633
SASRec,2011,2011-12-31,123872,6396,5,3.198971748352051
SASRec,2011,2011-12-31,123872,8894,6,3.0381600856781006
SASRec,2011,2011-12-31,123872,8778,7,3.0260963439941406
SASRec,2011,2011-12-31,123872,6732,8,3.015347957611084
SASRec,2011,2011-12-31,123872,1975,9,2.998729705810547
SASRec,2011,2011-12-31,123872,4222,10,2.9958853721618652
SASRec,2011,2011-12-31,123983,76251,1,7.140069484710693
SASRec,2011,2011-12-31,123983,71518,2,6.784266948699951
SASRec,2011,2011-12-31,123983,73017,3,6.6268486976623535
SASRec,2011,2011-12-31,123983,77561,4,6.58170223236084
SASRec,2011,2011-12-31,123983,79702,5,6.436243534088135
SASRec,2011,2011-12-31,123983,69122,6,6.410485744476318
SASRec,2011,2011-12-31,123983,78499,7,6.351936340332031
SASRec,2011,2011-12-31,123983,80489,8,6.305924415588379
SASRec,2011,2011-12-31,123983,68358,9,6.290096282958984
SASRec,2011,2011-12-31,123983,56174,10,6.231839179992676
SASRec,2011,2011-12-31,124035,58559,1,6.835327625274658
SASRec,2011,2011-12-31,124035,56367,2,6.407464504241943
SASRec,2011,2011-12-31,124035,55820,3,6.340911388397217
SASRec,2011,2011-12-31,124035,48516,4,6.267868995666504
SASRec,2011,2011-12-31,124035,56174,5,6.245614051818848
SASRec,2011,2011-12-31,124035,61132,6,6.114250183105469
SASRec,2011,2011-12-31,124035,63082,7,6.113577365875244
SASRec,2011,2011-12-31,124035,68157,8,5.866844654083252
SASRec,2011,2011-12-31,124035,60069,9,5.846245288848877
SASRec,2011,2011-12-31,124035,44665,10,5.838615417480469
SASRec,2011,2011-12-31,124042,55820,1,6.61325216293335
SASRec,2011,2011-12-31,124042,58559,2,6.600445747375488
SASRec,2011,2011-12-31,124042,63082,3,6.37322473526001
SASRec,2011,2011-12-31,124042,68157,4,6.334710121154785
SASRec,2011,2011-12-31,124042,48516,5,6.264675617218018
SASRec,2011,2011-12-31,124042,56367,6,6.217104434967041
SASRec,2011,2011-12-31,124042,68954,7,6.105404853820801
SASRec,2011,2011-12-31,124042,48774,8,6.09203577041626
SASRec,2011,2011-12-31,124042,70286,9,6.048852920532227
SASRec,2011,2011-12-31,124042,57669,10,6.003759384155273
SASRec,2011,2011-12-31,124053,70286,1,5.773542404174805
SASRec,2011,2011-12-31,124053,68954,2,5.7331929206848145
SASRec,2011,2011-12-31,124053,66097,3,5.577672004699707
SASRec,2011,2011-12-31,124053,76251,4,5.517250061035156
SASRec,2011,2011-12-31,124053,71518,5,5.409303188323975
SASRec,2011,2011-12-31,124053,71535,6,5.294617652893066
SASRec,2011,2011-12-31,124053,64614,7,5.276010990142822
SASRec,2011,2011-12-31,124053,72998,8,5.259110450744629
SASRec,2011,2011-12-31,124053,64622,9,5.2028937339782715
SASRec,2011,2011-12-31,124053,74789,10,5.110511302947998
SASRec,2011,2011-12-31,124179,72998,1,6.805330753326416
SASRec,2011,2011-12-31,124179,71518,2,6.556844234466553
SASRec,2011,2011-12-31,124179,77561,3,6.532899856567383
SASRec,2011,2011-12-31,124179,72407,4,6.440152645111084
SASRec,2011,2011-12-31,124179,68159,5,6.092710018157959
SASRec,2011,2011-12-31,124179,78499,6,6.088200092315674
SASRec,2011,2011-12-31,124179,71135,7,6.074016571044922
SASRec,2011,2011-12-31,124179,68237,8,5.993292808532715
SASRec,2011,2011-12-31,124179,79293,9,5.9636921882629395
SASRec,2011,2011-12-31,124179,66509,10,5.962833881378174
SASRec,2011,2011-12-31,124199,110,1,7.868215560913086
SASRec,2011,2011-12-31,124199,6377,2,7.7337164878845215
SASRec,2011,2011-12-31,124199,6874,3,7.694003105163574
SASRec,2011,2011-12-31,124199,589,4,7.523209095001221
SASRec,2011,2011-12-31,124199,32587,5,7.3745832443237305
SASRec,2011,2011-12-31,124199,44191,6,7.373257637023926
SASRec,2011,2011-12-31,124199,1222,7,7.269956588745117
SASRec,2011,2011-12-31,124199,4226,8,7.245928764343262
SASRec,2011,2011-12-31,124199,377,9,7.146861553192139
SASRec,2011,2011-12-31,124199,7438,10,7.079748153686523
SASRec,2011,2011-12-31,124208,55820,1,7.472513675689697
SASRec,2011,2011-12-31,124208,70286,2,7.2055439949035645
SASRec,2011,2011-12-31,124208,63082,3,7.157196998596191
SASRec,2011,2011-12-31,124208,68157,4,7.002866268157959
SASRec,2011,2011-12-31,124208,48774,5,6.920186519622803
SASRec,2011,2011-12-31,124208,56367,6,6.878399848937988
SASRec,2011,2011-12-31,124208,56174,7,6.3785200119018555
SASRec,2011,2011-12-31,124208,69481,8,6.366227626800537
SASRec,2011,2011-12-31,124208,72998,9,6.360738277435303
SASRec,2011,2011-12-31,124208,71535,10,6.3401780128479
SASRec,2011,2011-12-31,124255,56174,1,7.931154727935791
SASRec,2011,2011-12-31,124255,63082,2,7.250787734985352
SASRec,2011,2011-12-31,124255,55820,3,7.072885036468506
SASRec,2011,2011-12-31,124255,4226,4,7.0227885246276855
SASRec,2011,2011-12-31,124255,74458,5,6.998703956604004
SASRec,2011,2011-12-31,124255,71535,6,6.854461669921875
SASRec,2011,2011-12-31,124255,44191,7,6.839198112487793
SASRec,2011,2011-12-31,124255,69122,8,6.8318586349487305
SASRec,2011,2011-12-31,124255,48774,9,6.788374900817871
SASRec,2011,2011-12-31,124255,54286,10,6.772955894470215
SASRec,2011,2011-12-31,124401,56757,1,5.275063514709473
SASRec,2011,2011-12-31,124401,69757,2,5.168204307556152
SASRec,2011,2011-12-31,124401,66097,3,5.114740371704102
SASRec,2011,2011-12-31,124401,70286,4,4.854536056518555
SASRec,2011,2011-12-31,124401,74789,5,4.801242828369141
SASRec,2011,2011-12-31,124401,72998,6,4.790597438812256
SASRec,2011,2011-12-31,124401,73017,7,4.693395137786865
SASRec,2011,2011-12-31,124401,56171,8,4.651251316070557
SASRec,2011,2011-12-31,124401,65130,9,4.532961845397949
SASRec,2011,2011-12-31,124401,52241,10,4.5139479637146
SASRec,2011,2011-12-31,124492,56174,1,6.422745704650879
SASRec,2011,2011-12-31,124492,44665,2,6.118265628814697
SASRec,2011,2011-12-31,124492,47099,3,6.004181385040283
SASRec,2011,2011-12-31,124492,53125,4,5.9000654220581055
SASRec,2011,2011-12-31,124492,56171,5,5.888392448425293
SASRec,2011,2011-12-31,124492,34162,6,5.830826759338379
SASRec,2011,2011-12-31,124492,38061,7,5.803374767303467
SASRec,2011,2011-12-31,124492,47610,8,5.696448802947998
SASRec,2011,2011-12-31,124492,52973,9,5.654479503631592
SASRec,2011,2011-12-31,124492,45186,10,5.640788555145264
SASRec,2011,2011-12-31,124504,56171,1,5.132223129272461
SASRec,2011,2011-12-31,124504,56775,2,4.913867950439453
SASRec,2011,2011-12-31,124504,51935,3,4.890560150146484
SASRec,2011,2011-12-31,124504,6383,4,4.8203349113464355
SASRec,2011,2011-12-31,124504,53996,5,4.802227973937988
SASRec,2011,2011-12-31,124504,34150,6,4.798377513885498
SASRec,2011,2011-12-31,124504,56152,7,4.786340713500977
SASRec,2011,2011-12-31,124504,39446,8,4.781884670257568
SASRec,2011,2011-12-31,124504,56757,9,4.763411998748779
SASRec,2011,2011-12-31,124504,55995,10,4.760361194610596
SASRec,2011,2011-12-31,124731,56174,1,7.721775531768799
SASRec,2011,2011-12-31,124731,58559,2,7.5032148361206055
SASRec,2011,2011-12-31,124731,5445,3,7.462281227111816
SASRec,2011,2011-12-31,124731,32,4,7.169478416442871
SASRec,2011,2011-12-31,124731,5418,5,7.168010711669922
SASRec,2011,2011-12-31,124731,51662,6,7.14909029006958
SASRec,2011,2011-12-31,124731,8636,7,7.101415634155273
SASRec,2011,2011-12-31,124731,356,8,6.8594512939453125
SASRec,2011,2011-12-31,124731,55820,9,6.814970970153809
SASRec,2011,2011-12-31,124731,480,10,6.805393218994141
SASRec,2011,2011-12-31,124791,70286,1,7.39465856552124
SASRec,2011,2011-12-31,124791,56174,2,7.174108505249023
SASRec,2011,2011-12-31,124791,68954,3,6.918220043182373
SASRec,2011,2011-12-31,124791,76251,4,6.82032585144043
SASRec,2011,2011-12-31,124791,69122,5,6.7830047607421875
SASRec,2011,2011-12-31,124791,71535,6,6.733996391296387
SASRec,2011,2011-12-31,124791,74458,7,6.6908087730407715
SASRec,2011,2011-12-31,124791,73017,8,6.688686370849609
SASRec,2011,2011-12-31,124791,68358,9,6.509997844696045
SASRec,2011,2011-12-31,124791,72407,10,6.3837361335754395
SASRec,2011,2011-12-31,124858,70286,1,7.246734619140625
SASRec,2011,2011-12-31,124858,56174,2,6.913907527923584
SASRec,2011,2011-12-31,124858,59315,3,6.686890602111816
SASRec,2011,2011-12-31,124858,58559,4,6.554197311401367
SASRec,2011,2011-12-31,124858,68954,5,6.538630485534668
SASRec,2011,2011-12-31,124858,68157,6,6.535059928894043
SASRec,2011,2011-12-31,124858,71535,7,6.329222679138184
SASRec,2011,2011-12-31,124858,74458,8,6.317100524902344
SASRec,2011,2011-12-31,124858,69122,9,6.261119365692139
SASRec,2011,2011-12-31,124858,72407,10,6.186058521270752
SASRec,2011,2011-12-31,125156,3717,1,6.984310626983643
SASRec,2011,2011-12-31,125156,2628,2,6.661257743835449
SASRec,2011,2011-12-31,125156,3785,3,6.628175258636475
SASRec,2011,2011-12-31,125156,1917,4,6.576578617095947
SASRec,2011,2011-12-31,125156,3826,5,6.517127513885498
SASRec,2011,2011-12-31,125156,2054,6,6.457332611083984
SASRec,2011,2011-12-31,125156,4232,7,6.400328159332275
SASRec,2011,2011-12-31,125156,4270,8,6.316127300262451
SASRec,2011,2011-12-31,125156,4638,9,6.312727928161621
SASRec,2011,2011-12-31,125156,1544,10,6.301965713500977
SASRec,2011,2011-12-31,125448,68954,1,6.9210052490234375
SASRec,2011,2011-12-31,125448,77561,2,6.8401923179626465
SASRec,2011,2011-12-31,125448,63082,3,6.687770366668701
SASRec,2011,2011-12-31,125448,69122,4,6.661562919616699
SASRec,2011,2011-12-31,125448,74458,5,6.62147331237793
SASRec,2011,2011-12-31,125448,79702,6,6.498929023742676
SASRec,2011,2011-12-31,125448,71518,7,6.437607765197754
SASRec,2011,2011-12-31,125448,78499,8,6.430976390838623
SASRec,2011,2011-12-31,125448,80489,9,6.270168304443359
SASRec,2011,2011-12-31,125448,64614,10,6.123727321624756
SASRec,2011,2011-12-31,125508,6016,1,5.541881561279297
SASRec,2011,2011-12-31,125508,48394,2,5.3274712562561035
SASRec,2011,2011-12-31,125508,63082,3,5.242383003234863
SASRec,2011,2011-12-31,125508,30749,4,5.215250015258789
SASRec,2011,2011-12-31,125508,1203,5,5.079416751861572
SASRec,2011,2011-12-31,125508,56782,6,5.058740615844727
SASRec,2011,2011-12-31,125508,60069,7,5.049403667449951
SASRec,2011,2011-12-31,125508,44555,8,4.9501633644104
SASRec,2011,2011-12-31,125508,57669,9,4.946760177612305
SASRec,2011,2011-12-31,125508,55276,10,4.934392929077148
SASRec,2011,2011-12-31,125916,110,1,8.100152969360352
SASRec,2011,2011-12-31,125916,2571,2,7.762476921081543
SASRec,2011,2011-12-31,125916,589,3,7.744955062866211
SASRec,2011,2011-12-31,125916,377,4,7.683753967285156
SASRec,2011,2011-12-31,125916,780,5,7.608882904052734
SASRec,2011,2011-12-31,125916,56174,6,7.413289546966553
SASRec,2011,2011-12-31,125916,5445,7,7.399635314941406
SASRec,2011,2011-12-31,125916,4306,8,7.349089622497559
SASRec,2011,2011-12-31,125916,296,9,7.3100128173828125
SASRec,2011,2011-12-31,125916,32,10,7.295473098754883
SASRec,2011,2011-12-31,126119,56174,1,6.476259708404541
SASRec,2011,2011-12-31,126119,53996,2,5.809738636016846
SASRec,2011,2011-12-31,126119,53125,3,5.76647424697876
SASRec,2011,2011-12-31,126119,56171,4,5.691563129425049
SASRec,2011,2011-12-31,126119,52722,5,5.6045355796813965
SASRec,2011,2011-12-31,126119,61132,6,5.513854503631592
SASRec,2011,2011-12-31,126119,48516,7,5.508007049560547
SASRec,2011,2011-12-31,126119,63082,8,5.505314350128174
SASRec,2011,2011-12-31,126119,56775,9,5.3802056312561035
SASRec,2011,2011-12-31,126119,58998,10,5.371897220611572
SASRec,2011,2011-12-31,126198,58559,1,6.493540287017822
SASRec,2011,2011-12-31,126198,55820,2,6.381686210632324
SASRec,2011,2011-12-31,126198,48516,3,6.1017608642578125
SASRec,2011,2011-12-31,126198,68157,4,6.079189777374268
SASRec,2011,2011-12-31,126198,68954,5,5.890743255615234
SASRec,2011,2011-12-31,126198,48774,6,5.869057655334473
SASRec,2011,2011-12-31,126198,70286,7,5.855128288269043
SASRec,2011,2011-12-31,126198,60069,8,5.810706615447998
SASRec,2011,2011-12-31,126198,55276,9,5.734388828277588
SASRec,2011,2011-12-31,126198,57669,10,5.716450214385986
SASRec,2011,2011-12-31,126921,1884,1,4.131200790405273
SASRec,2011,2011-12-31,126921,215,2,4.093964099884033
SASRec,2011,2011-12-31,126921,1635,3,4.040925025939941
SASRec,2011,2011-12-31,126921,7371,4,3.8961806297302246
SASRec,2011,2011-12-31,126921,5673,5,3.813356637954712
SASRec,2011,2011-12-31,126921,8623,6,3.8025100231170654
SASRec,2011,2011-12-31,126921,1120,7,3.7751944065093994
SASRec,2011,2011-12-31,126921,2076,8,3.7096638679504395
SASRec,2011,2011-12-31,126921,6299,9,3.6841862201690674
SASRec,2011,2011-12-31,126921,101,10,3.6791579723358154
SASRec,2011,2011-12-31,127033,1214,1,7.594110012054443
SASRec,2011,2011-12-31,127033,1222,2,7.5559773445129395
SASRec,2011,2011-12-31,127033,1291,3,7.450963020324707
SASRec,2011,2011-12-31,127033,592,4,7.3697099685668945
SASRec,2011,2011-12-31,127033,541,5,7.3272294998168945
SASRec,2011,2011-12-31,127033,1270,6,7.291182994842529
SASRec,2011,2011-12-31,127033,2542,7,7.2834062576293945
SASRec,2011,2011-12-31,127033,588,8,7.271819114685059
SASRec,2011,2011-12-31,127033,1036,9,7.2396392822265625
SASRec,2011,2011-12-31,127033,47,10,7.215843200683594
SASRec,2011,2011-12-31,127103,77206,1,6.107557773590088
SASRec,2011,2011-12-31,127103,71108,2,5.856268882751465
SASRec,2011,2011-12-31,127103,78116,3,5.85410213470459
SASRec,2011,2011-12-31,127103,73027,4,5.851282596588135
SASRec,2011,2011-12-31,127103,51773,5,5.739693641662598
SASRec,2011,2011-12-31,127103,74948,6,5.572574615478516
SASRec,2011,2011-12-31,127103,76251,7,5.54435396194458
SASRec,2011,2011-12-31,127103,27684,8,5.486892223358154
SASRec,2011,2011-12-31,127103,76173,9,5.477270603179932
SASRec,2011,2011-12-31,127103,80463,10,5.467318058013916
SASRec,2011,2011-12-31,127227,70286,1,6.426552772521973
SASRec,2011,2011-12-31,127227,56174,2,6.382796287536621
SASRec,2011,2011-12-31,127227,72998,3,6.136796474456787
SASRec,2011,2011-12-31,127227,77561,4,6.089125156402588
SASRec,2011,2011-12-31,127227,76251,5,5.930906295776367
SASRec,2011,2011-12-31,127227,74458,6,5.888747215270996
SASRec,2011,2011-12-31,127227,73017,7,5.725317001342773
SASRec,2011,2011-12-31,127227,59315,8,5.469294548034668
SASRec,2011,2011-12-31,127227,110,9,5.46604061126709
SASRec,2011,2011-12-31,127227,63131,10,5.445880889892578
SASRec,2011,2011-12-31,127469,2915,1,5.959806442260742
SASRec,2011,2011-12-31,127469,1093,2,5.9022321701049805
SASRec,2011,2011-12-31,127469,1663,3,5.8890700340271
SASRec,2011,2011-12-31,127469,2948,4,5.887145042419434
SASRec,2011,2011-12-31,127469,2572,5,5.800936222076416
SASRec,2011,2011-12-31,127469,2717,6,5.783576011657715
SASRec,2011,2011-12-31,127469,2336,7,5.717223167419434
SASRec,2011,2011-12-31,127469,2080,8,5.687657356262207
SASRec,2011,2011-12-31,127469,2746,9,5.666505813598633
SASRec,2011,2011-12-31,127469,2013,10,5.661059379577637
SASRec,2011,2011-12-31,127822,43928,1,5.05618953704834
SASRec,2011,2011-12-31,127822,6754,2,4.828394889831543
SASRec,2011,2011-12-31,127822,43679,3,4.665937423706055
SASRec,2011,2011-12-31,127822,34150,4,4.631259441375732
SASRec,2011,2011-12-31,127822,8861,5,4.473992824554443
SASRec,2011,2011-12-31,127822,50798,6,4.457667350769043
SASRec,2011,2011-12-31,127822,8361,7,4.454077243804932
SASRec,2011,2011-12-31,127822,5219,8,4.450662136077881
SASRec,2011,2011-12-31,127822,32019,9,4.4374799728393555
SASRec,2011,2011-12-31,127822,6058,10,4.379662036895752
SASRec,2011,2011-12-31,128524,8197,1,5.298605442047119
SASRec,2011,2011-12-31,128524,46664,2,5.249462127685547
SASRec,2011,2011-12-31,128524,8684,3,5.007133483886719
SASRec,2011,2011-12-31,128524,7938,4,4.99845552444458
SASRec,2011,2011-12-31,128524,6666,5,4.978738784790039
SASRec,2011,2011-12-31,128524,25898,6,4.969221115112305
SASRec,2011,2011-12-31,128524,7013,7,4.9144463539123535
SASRec,2011,2011-12-31,128524,7700,8,4.713994026184082
SASRec,2011,2011-12-31,128524,8199,9,4.707548141479492
SASRec,2011,2011-12-31,128524,2066,10,4.705006122589111
SASRec,2011,2011-12-31,128655,71518,1,6.331489086151123
SASRec,2011,2011-12-31,128655,76251,2,6.050030708312988
SASRec,2011,2011-12-31,128655,71108,3,5.950353622436523
SASRec,2011,2011-12-31,128655,68157,4,5.777828693389893
SASRec,2011,2011-12-31,128655,71033,5,5.776485443115234
SASRec,2011,2011-12-31,128655,71464,6,5.620967388153076
SASRec,2011,2011-12-31,128655,73027,7,5.601492404937744
SASRec,2011,2011-12-31,128655,68159,8,5.580470085144043
SASRec,2011,2011-12-31,128655,78499,9,5.443839073181152
SASRec,2011,2011-12-31,128655,69604,10,5.4350504875183105
SASRec,2011,2011-12-31,128657,58559,1,7.321977615356445
SASRec,2011,2011-12-31,128657,63082,2,7.093146324157715
SASRec,2011,2011-12-31,128657,48516,3,7.081866264343262
SASRec,2011,2011-12-31,128657,55820,4,6.882493019104004
SASRec,2011,2011-12-31,128657,48774,5,6.6266679763793945
SASRec,2011,2011-12-31,128657,70286,6,6.551605224609375
SASRec,2011,2011-12-31,128657,60069,7,6.445093154907227
SASRec,2011,2011-12-31,128657,56174,8,6.40371036529541
SASRec,2011,2011-12-31,128657,46578,9,6.379332065582275
SASRec,2011,2011-12-31,128657,4226,10,6.336984634399414
SASRec,2011,2011-12-31,128710,68954,1,7.099023818969727
SASRec,2011,2011-12-31,128710,60069,2,6.813706398010254
SASRec,2011,2011-12-31,128710,59315,3,6.630429744720459
SASRec,2011,2011-12-31,128710,48774,4,6.604606628417969
SASRec,2011,2011-12-31,128710,57669,5,6.4484758377075195
SASRec,2011,2011-12-31,128710,64614,6,6.351080417633057
SASRec,2011,2011-12-31,128710,73017,7,6.347923278808594
SASRec,2011,2011-12-31,128710,69481,8,6.321926116943359
SASRec,2011,2011-12-31,128710,76251,9,6.315197944641113
SASRec,2011,2011-12-31,128710,71535,10,6.2834625244140625
SASRec,2011,2011-12-31,128719,58559,1,6.719335079193115
SASRec,2011,2011-12-31,128719,56174,2,6.299627304077148
SASRec,2011,2011-12-31,128719,51662,3,6.027407646179199
SASRec,2011,2011-12-31,128719,72998,4,5.8682332038879395
SASRec,2011,2011-12-31,128719,56367,5,5.753204345703125
SASRec,2011,2011-12-31,128719,61132,6,5.686750411987305
SASRec,2011,2011-12-31,128719,53125,7,5.635398864746094
SASRec,2011,2011-12-31,128719,56757,8,5.600766658782959
SASRec,2011,2011-12-31,128719,53996,9,5.575755596160889
SASRec,2011,2011-12-31,128719,53953,10,5.557032585144043
SASRec,2011,2011-12-31,128902,48516,1,5.285736560821533
SASRec,2011,2011-12-31,128902,32587,2,5.161980152130127
SASRec,2011,2011-12-31,128902,37733,3,5.10009241104126
SASRec,2011,2011-12-31,128902,35836,4,5.091411113739014
SASRec,2011,2011-12-31,128902,34150,5,5.061830520629883
SASRec,2011,2011-12-31,128902,8957,6,5.046526908874512
SASRec,2011,2011-12-31,128902,39446,7,5.024808883666992
SASRec,2011,2011-12-31,128902,47610,8,4.941450119018555
SASRec,2011,2011-12-31,128902,38061,9,4.927643299102783
SASRec,2011,2011-12-31,128902,47099,10,4.925342559814453
SASRec,2011,2011-12-31,129186,48774,1,6.427943706512451
SASRec,2011,2011-12-31,129186,6016,2,6.202824115753174
SASRec,2011,2011-12-31,129186,541,3,6.0740647315979
SASRec,2011,2011-12-31,129186,27773,4,6.019047737121582
SASRec,2011,2011-12-31,129186,5618,5,5.803502082824707
SASRec,2011,2011-12-31,129186,31658,6,5.765475273132324
SASRec,2011,2011-12-31,129186,30749,7,5.754034042358398
SASRec,2011,2011-12-31,129186,44555,8,5.66878080368042
SASRec,2011,2011-12-31,129186,46578,9,5.644820690155029
SASRec,2011,2011-12-31,129186,750,10,5.583779335021973
SASRec,2011,2011-12-31,129573,58559,1,7.935079574584961
SASRec,2011,2011-12-31,129573,70286,2,7.6840715408325195
SASRec,2011,2011-12-31,129573,63082,3,7.397026538848877
SASRec,2011,2011-12-31,129573,68157,4,7.391644477844238
SASRec,2011,2011-12-31,129573,59315,5,7.126877784729004
SASRec,2011,2011-12-31,129573,72998,6,7.084544658660889
SASRec,2011,2011-12-31,129573,56367,7,7.016262531280518
SASRec,2011,2011-12-31,129573,48516,8,7.0128960609436035
SASRec,2011,2011-12-31,129573,56174,9,6.892621994018555
SASRec,2011,2011-12-31,129573,74458,10,6.872988224029541
SASRec,2011,2011-12-31,129704,593,1,6.781137466430664
SASRec,2011,2011-12-31,129704,55820,2,6.683424949645996
SASRec,2011,2011-12-31,129704,63082,3,6.597039222717285
SASRec,2011,2011-12-31,129704,541,4,6.4331231117248535
SASRec,2011,2011-12-31,129704,32,5,6.276421546936035
SASRec,2011,2011-12-31,129704,924,6,6.215101718902588
SASRec,2011,2011-12-31,129704,1193,7,6.134446620941162
SASRec,2011,2011-12-31,129704,608,8,6.130173683166504
SASRec,2011,2011-12-31,129704,2858,9,6.1290435791015625
SASRec,2011,2011-12-31,129704,1214,10,6.089502334594727
SASRec,2011,2011-12-31,129909,70286,1,7.479837417602539
SASRec,2011,2011-12-31,129909,68157,2,6.9697370529174805
SASRec,2011,2011-12-31,129909,58559,3,6.830976486206055
SASRec,2011,2011-12-31,129909,63082,4,6.801898956298828
SASRec,2011,2011-12-31,129909,71535,5,6.6298956871032715
SASRec,2011,2011-12-31,129909,69122,6,6.618207931518555
SASRec,2011,2011-12-31,129909,68358,7,6.564985752105713
SASRec,2011,2011-12-31,129909,74458,8,6.549108505249023
SASRec,2011,2011-12-31,129909,79702,9,6.337878227233887
SASRec,2011,2011-12-31,129909,55820,10,6.214315414428711
SASRec,2011,2011-12-31,129992,56174,1,7.152125835418701
SASRec,2011,2011-12-31,129992,48516,2,7.114341735839844
SASRec,2011,2011-12-31,129992,7361,3,6.7922210693359375
SASRec,2011,2011-12-31,129992,49272,4,6.75140905380249
SASRec,2011,2011-12-31,129992,44665,5,6.749011993408203
SASRec,2011,2011-12-31,129992,48774,6,6.739394187927246
SASRec,2011,2011-12-31,129992,55820,7,6.608872890472412
SASRec,2011,2011-12-31,129992,35836,8,6.53942346572876
SASRec,2011,2011-12-31,129992,33794,9,6.525589466094971
SASRec,2011,2011-12-31,129992,54286,10,6.439597129821777
SASRec,2011,2011-12-31,130003,296,1,10.987466812133789
SASRec,2011,2011-12-31,130003,608,2,10.452506065368652
SASRec,2011,2011-12-31,130003,593,3,10.26710319519043
SASRec,2011,2011-12-31,130003,356,4,10.158949851989746
SASRec,2011,2011-12-31,130003,260,5,9.831326484680176
SASRec,2011,2011-12-31,130003,50,6,9.682753562927246
SASRec,2011,2011-12-31,130003,541,7,9.603120803833008
SASRec,2011,2011-12-31,130003,1,8,9.469412803649902
SASRec,2011,2011-12-31,130003,110,9,9.447929382324219
SASRec,2011,2011-12-31,130003,150,10,9.339672088623047
SASRec,2011,2011-12-31,130018,70286,1,7.027295112609863
SASRec,2011,2011-12-31,130018,68157,2,7.012562274932861
SASRec,2011,2011-12-31,130018,68954,3,6.819593906402588
SASRec,2011,2011-12-31,130018,59315,4,6.673544883728027
SASRec,2011,2011-12-31,130018,72998,5,6.443562984466553
SASRec,2011,2011-12-31,130018,74458,6,6.268373966217041
SASRec,2011,2011-12-31,130018,57669,7,6.240213871002197
SASRec,2011,2011-12-31,130018,69481,8,6.150600433349609
SASRec,2011,2011-12-31,130018,32,9,6.120102405548096
SASRec,2011,2011-12-31,130018,64839,10,6.08936882019043
SASRec,2011,2011-12-31,130056,58559,1,7.532873630523682
SASRec,2011,2011-12-31,130056,48516,2,7.225959777832031
SASRec,2011,2011-12-31,130056,7361,3,7.054157257080078
SASRec,2011,2011-12-31,130056,296,4,6.89621639251709
SASRec,2011,2011-12-31,130056,4226,5,6.85113525390625
SASRec,2011,2011-12-31,130056,55820,6,6.842787265777588
SASRec,2011,2011-12-31,130056,541,7,6.746800422668457
SASRec,2011,2011-12-31,130056,318,8,6.7024078369140625
SASRec,2011,2011-12-31,130056,44191,9,6.637131214141846
SASRec,2011,2011-12-31,130056,48774,10,6.634725093841553
SASRec,2011,2011-12-31,130197,33794,1,6.927505016326904
SASRec,2011,2011-12-31,130197,49272,2,6.863156795501709
SASRec,2011,2011-12-31,130197,6016,3,6.788765907287598
SASRec,2011,2011-12-31,130197,6539,4,6.7021942138671875
SASRec,2011,2011-12-31,130197,34162,5,6.466575622558594
SASRec,2011,2011-12-31,130197,46578,6,6.400115966796875
SASRec,2011,2011-12-31,130197,45722,7,6.399406433105469
SASRec,2011,2011-12-31,130197,4306,8,6.392605304718018
SASRec,2011,2011-12-31,130197,48385,9,6.32230806350708
SASRec,2011,2011-12-31,130197,8636,10,6.280945777893066
SASRec,2011,2011-12-31,130253,56174,1,7.64309024810791
SASRec,2011,2011-12-31,130253,58559,2,7.455480575561523
SASRec,2011,2011-12-31,130253,4226,3,7.277966499328613
SASRec,2011,2011-12-31,130253,589,4,7.269931793212891
SASRec,2011,2011-12-31,130253,48516,5,7.155398845672607
SASRec,2011,2011-12-31,130253,70286,6,7.134941101074219
SASRec,2011,2011-12-31,130253,6539,7,7.078271865844727
SASRec,2011,2011-12-31,130253,49272,8,7.046481132507324
SASRec,2011,2011-12-31,130253,32,9,7.039525032043457
SASRec,2011,2011-12-31,130253,44191,10,6.999216079711914
SASRec,2011,2011-12-31,130334,56757,1,6.208845138549805
SASRec,2011,2011-12-31,130334,72998,2,6.138028621673584
SASRec,2011,2011-12-31,130334,46972,3,6.017812728881836
SASRec,2011,2011-12-31,130334,56171,4,6.004225254058838
SASRec,2011,2011-12-31,130334,69757,5,5.918827533721924
SASRec,2011,2011-12-31,130334,56775,6,5.907543659210205
SASRec,2011,2011-12-31,130334,51935,7,5.872103214263916
SASRec,2011,2011-12-31,130334,52245,8,5.836859703063965
SASRec,2011,2011-12-31,130334,47099,9,5.826530933380127
SASRec,2011,2011-12-31,130334,58998,10,5.78370475769043
SASRec,2011,2011-12-31,130620,71518,1,6.5942559242248535
SASRec,2011,2011-12-31,130620,77561,2,6.508930206298828
SASRec,2011,2011-12-31,130620,76251,3,6.400394916534424
SASRec,2011,2011-12-31,130620,78105,4,6.3762688636779785
SASRec,2011,2011-12-31,130620,79293,5,6.28216028213501
SASRec,2011,2011-12-31,130620,80489,6,6.153020858764648
SASRec,2011,2011-12-31,130620,79702,7,6.123969554901123
SASRec,2011,2011-12-31,130620,74275,8,6.071717262268066
SASRec,2011,2011-12-31,130620,74795,9,6.070820331573486
SASRec,2011,2011-12-31,130620,74948,10,6.0075483322143555
SASRec,2011,2011-12-31,130645,56174,1,7.836157321929932
SASRec,2011,2011-12-31,130645,70286,2,7.512379169464111
SASRec,2011,2011-12-31,130645,56367,3,7.417845726013184
SASRec,2011,2011-12-31,130645,49272,4,7.258503437042236
SASRec,2011,2011-12-31,130645,4226,5,7.195453643798828
SASRec,2011,2011-12-31,130645,63082,6,7.114841938018799
SASRec,2011,2011-12-31,130645,60069,7,7.073070526123047
SASRec,2011,2011-12-31,130645,7361,8,7.0595383644104
SASRec,2011,2011-12-31,130645,71535,9,6.853504180908203
SASRec,2011,2011-12-31,130645,68157,10,6.802445411682129
SASRec,2011,2011-12-31,130758,48516,1,6.652606010437012
SASRec,2011,2011-12-31,130758,58559,2,6.389500617980957
SASRec,2011,2011-12-31,130758,55820,3,6.317871570587158
SASRec,2011,2011-12-31,130758,48774,4,6.165528774261475
SASRec,2011,2011-12-31,130758,56367,5,6.08922815322876
SASRec,2011,2011-12-31,130758,63082,6,5.9468255043029785
SASRec,2011,2011-12-31,130758,6016,7,5.833976745605469
SASRec,2011,2011-12-31,130758,46578,8,5.812845706939697
SASRec,2011,2011-12-31,130758,55276,9,5.811575889587402
SASRec,2011,2011-12-31,130758,48394,10,5.732287406921387
SASRec,2011,2011-12-31,130839,72998,1,6.206137180328369
SASRec,2011,2011-12-31,130839,68157,2,5.963581562042236
SASRec,2011,2011-12-31,130839,73017,3,5.958704471588135
SASRec,2011,2011-12-31,130839,70286,4,5.908078670501709
SASRec,2011,2011-12-31,130839,63082,5,5.889349460601807
SASRec,2011,2011-12-31,130839,69757,6,5.876343727111816
SASRec,2011,2011-12-31,130839,68954,7,5.872800827026367
SASRec,2011,2011-12-31,130839,69122,8,5.852057933807373
SASRec,2011,2011-12-31,130839,76251,9,5.8092522621154785
SASRec,2011,2011-12-31,130839,61132,10,5.764431953430176
SASRec,2011,2011-12-31,130912,58559,1,6.874032974243164
SASRec,2011,2011-12-31,130912,63082,2,6.443804740905762
SASRec,2011,2011-12-31,130912,68954,3,6.228322982788086
SASRec,2011,2011-12-31,130912,72998,4,6.213016510009766
SASRec,2011,2011-12-31,130912,56367,5,6.177157402038574
SASRec,2011,2011-12-31,130912,55820,6,6.158731460571289
SASRec,2011,2011-12-31,130912,73017,7,6.053661823272705
SASRec,2011,2011-12-31,130912,61132,8,5.923264026641846
SASRec,2011,2011-12-31,130912,56174,9,5.859893798828125
SASRec,2011,2011-12-31,130912,48516,10,5.85015869140625
SASRec,2011,2011-12-31,130971,58559,1,7.31626558303833
SASRec,2011,2011-12-31,130971,68157,2,7.254310607910156
SASRec,2011,2011-12-31,130971,55820,3,7.227949142456055
SASRec,2011,2011-12-31,130971,70286,4,7.130284786224365
SASRec,2011,2011-12-31,130971,68954,5,7.006132125854492
SASRec,2011,2011-12-31,130971,63082,6,6.9235687255859375
SASRec,2011,2011-12-31,130971,56367,7,6.587485313415527
SASRec,2011,2011-12-31,130971,72998,8,6.568256855010986
SASRec,2011,2011-12-31,130971,60069,9,6.5495147705078125
SASRec,2011,2011-12-31,130971,48516,10,6.546176910400391
SASRec,2011,2011-12-31,131294,71518,1,6.388800621032715
SASRec,2011,2011-12-31,131294,76251,2,6.336359024047852
SASRec,2011,2011-12-31,131294,68954,3,5.883266448974609
SASRec,2011,2011-12-31,131294,68159,4,5.758531093597412
SASRec,2011,2011-12-31,131294,78499,5,5.712070465087891
SASRec,2011,2011-12-31,131294,71535,6,5.669930934906006
SASRec,2011,2011-12-31,131294,79702,7,5.585916996002197
SASRec,2011,2011-12-31,131294,74275,8,5.554518222808838
SASRec,2011,2011-12-31,131294,74795,9,5.547391414642334
SASRec,2011,2011-12-31,131294,64622,10,5.510058879852295
SASRec,2011,2011-12-31,131404,58559,1,6.950214385986328
SASRec,2011,2011-12-31,131404,56174,2,6.895956516265869
SASRec,2011,2011-12-31,131404,63082,3,6.82423734664917
SASRec,2011,2011-12-31,131404,76251,4,6.814355373382568
SASRec,2011,2011-12-31,131404,71535,5,6.645987510681152
SASRec,2011,2011-12-31,131404,69122,6,6.6174798011779785
SASRec,2011,2011-12-31,131404,59315,7,6.47733736038208
SASRec,2011,2011-12-31,131404,68358,8,6.453815460205078
SASRec,2011,2011-12-31,131404,74458,9,6.444144248962402
SASRec,2011,2011-12-31,131404,61132,10,6.387836456298828
SASRec,2011,2011-12-31,131405,56171,1,4.238487243652344
SASRec,2011,2011-12-31,131405,56152,2,4.1050920486450195
SASRec,2011,2011-12-31,131405,49274,3,3.970320463180542
SASRec,2011,2011-12-31,131405,45720,4,3.9451613426208496
SASRec,2011,2011-12-31,131405,58998,5,3.676560640335083
SASRec,2011,2011-12-31,131405,48997,6,3.6313531398773193
SASRec,2011,2011-12-31,131405,65130,7,3.6159090995788574
SASRec,2011,2011-12-31,131405,47099,8,3.59299898147583
SASRec,2011,2011-12-31,131405,39446,9,3.5770721435546875
SASRec,2011,2011-12-31,131405,63992,10,3.5555596351623535
SASRec,2011,2011-12-31,131484,6539,1,8.534833908081055
SASRec,2011,2011-12-31,131484,5445,2,8.528977394104004
SASRec,2011,2011-12-31,131484,5418,3,8.054585456848145
SASRec,2011,2011-12-31,131484,6377,4,7.9798126220703125
SASRec,2011,2011-12-31,131484,6874,5,7.9686360359191895
SASRec,2011,2011-12-31,131484,110,6,7.9527587890625
SASRec,2011,2011-12-31,131484,7361,7,7.707615375518799
SASRec,2011,2011-12-31,131484,5349,8,7.652098655700684
SASRec,2011,2011-12-31,131484,4226,9,7.644753456115723
SASRec,2011,2011-12-31,131484,32587,10,7.434821605682373
SASRec,2011,2011-12-31,131708,56174,1,7.586395740509033
SASRec,2011,2011-12-31,131708,68954,2,7.345159530639648
SASRec,2011,2011-12-31,131708,72998,3,7.228016376495361
SASRec,2011,2011-12-31,131708,51662,4,7.069949150085449
SASRec,2011,2011-12-31,131708,74458,5,7.014847755432129
SASRec,2011,2011-12-31,131708,48774,6,7.00089168548584
SASRec,2011,2011-12-31,131708,76251,7,6.7401909828186035
SASRec,2011,2011-12-31,131708,44191,8,6.612183570861816
SASRec,2011,2011-12-31,131708,61132,9,6.507226467132568
SASRec,2011,2011-12-31,131708,69481,10,6.4033894538879395
SASRec,2011,2011-12-31,131744,48516,1,7.009944915771484
SASRec,2011,2011-12-31,131744,48774,2,6.40238618850708
SASRec,2011,2011-12-31,131744,56367,3,6.061347007751465
SASRec,2011,2011-12-31,131744,57669,4,6.007718086242676
SASRec,2011,2011-12-31,131744,318,5,5.866729736328125
SASRec,2011,2011-12-31,131744,27773,6,5.833367824554443
SASRec,2011,2011-12-31,131744,63876,7,5.746889114379883
SASRec,2011,2011-12-31,131744,44191,8,5.712684154510498
SASRec,2011,2011-12-31,131744,32587,9,5.696313381195068
SASRec,2011,2011-12-31,131744,60069,10,5.678516387939453
SASRec,2011,2011-12-31,131837,71518,1,6.618195533752441
SASRec,2011,2011-12-31,131837,78105,2,6.234630107879639
SASRec,2011,2011-12-31,131837,77206,3,6.18344259262085
SASRec,2011,2011-12-31,131837,74275,4,5.980443954467773
SASRec,2011,2011-12-31,131837,74948,5,5.972317695617676
SASRec,2011,2011-12-31,131837,74156,6,5.93733024597168
SASRec,2011,2011-12-31,131837,74916,7,5.851044654846191
SASRec,2011,2011-12-31,131837,68159,8,5.712978839874268
SASRec,2011,2011-12-31,131837,79224,9,5.696566581726074
SASRec,2011,2011-12-31,131837,73027,10,5.633006572723389
SASRec,2011,2011-12-31,131866,71518,1,6.540498733520508
SASRec,2011,2011-12-31,131866,68157,2,5.841320514678955
SASRec,2011,2011-12-31,131866,77206,3,5.72894811630249
SASRec,2011,2011-12-31,131866,78499,4,5.728115558624268
SASRec,2011,2011-12-31,131866,78105,5,5.709282875061035
SASRec,2011,2011-12-31,131866,74916,6,5.705894470214844
SASRec,2011,2011-12-31,131866,80463,7,5.685551643371582
SASRec,2011,2011-12-31,131866,73027,8,5.669650554656982
SASRec,2011,2011-12-31,131866,67193,9,5.598599433898926
SASRec,2011,2011-12-31,131866,74948,10,5.561230182647705
SASRec,2011,2011-12-31,132118,58559,1,7.053623676300049
SASRec,2011,2011-12-31,132118,56174,2,6.8973069190979
SASRec,2011,2011-12-31,132118,59315,3,6.842849254608154
SASRec,2011,2011-12-31,132118,55820,4,6.6268815994262695
SASRec,2011,2011-12-31,132118,68157,5,6.528810024261475
SASRec,2011,2011-12-31,132118,51662,6,6.456340789794922
SASRec,2011,2011-12-31,132118,68954,7,6.452267646789551
SASRec,2011,2011-12-31,132118,56367,8,6.337251663208008
SASRec,2011,2011-12-31,132118,63082,9,6.235642433166504
SASRec,2011,2011-12-31,132118,60069,10,6.185543060302734
SASRec,2011,2011-12-31,132218,58559,1,7.744471549987793
SASRec,2011,2011-12-31,132218,48516,2,7.740543365478516
SASRec,2011,2011-12-31,132218,55820,3,7.165168762207031
SASRec,2011,2011-12-31,132218,6016,4,7.091561317443848
SASRec,2011,2011-12-31,132218,56367,5,7.01864767074585
SASRec,2011,2011-12-31,132218,7361,6,7.017132759094238
SASRec,2011,2011-12-31,132218,48774,7,7.003781795501709
SASRec,2011,2011-12-31,132218,48394,8,6.8892011642456055
SASRec,2011,2011-12-31,132218,32587,9,6.7216997146606445
SASRec,2011,2011-12-31,132218,44191,10,6.7024455070495605
SASRec,2011,2011-12-31,132234,58559,1,7.526925086975098
SASRec,2011,2011-12-31,132234,48516,2,7.260669708251953
SASRec,2011,2011-12-31,132234,55820,3,7.073546409606934
SASRec,2011,2011-12-31,132234,56367,4,7.0158281326293945
SASRec,2011,2011-12-31,132234,63082,5,6.91253662109375
SASRec,2011,2011-12-31,132234,48774,6,6.742380619049072
SASRec,2011,2011-12-31,132234,60069,7,6.4262003898620605
SASRec,2011,2011-12-31,132234,6016,8,6.365915298461914
SASRec,2011,2011-12-31,132234,46578,9,6.365433692932129
SASRec,2011,2011-12-31,132234,49272,10,6.332478046417236
SASRec,2011,2011-12-31,132352,77561,1,6.611340522766113
SASRec,2011,2011-12-31,132352,71518,2,6.590147972106934
SASRec,2011,2011-12-31,132352,72407,3,6.295171737670898
SASRec,2011,2011-12-31,132352,78105,4,6.180917739868164
SASRec,2011,2011-12-31,132352,79293,5,6.177637100219727
SASRec,2011,2011-12-31,132352,70286,6,6.177139759063721
SASRec,2011,2011-12-31,132352,79702,7,6.17411994934082
SASRec,2011,2011-12-31,132352,71135,8,6.037814140319824
SASRec,2011,2011-12-31,132352,71520,9,6.0244293212890625
SASRec,2011,2011-12-31,132352,66509,10,5.947882652282715
SASRec,2011,2011-12-31,132381,56174,1,7.588800430297852
SASRec,2011,2011-12-31,132381,56367,2,7.094191551208496
SASRec,2011,2011-12-31,132381,7361,3,7.0428547859191895
SASRec,2011,2011-12-31,132381,48774,4,7.037939548492432
SASRec,2011,2011-12-31,132381,49272,5,6.947443962097168
SASRec,2011,2011-12-31,132381,35836,6,6.823153495788574
SASRec,2011,2011-12-31,132381,45722,7,6.6970319747924805
SASRec,2011,2011-12-31,132381,48780,8,6.685534954071045
SASRec,2011,2011-12-31,132381,54286,9,6.665129661560059
SASRec,2011,2011-12-31,132381,44195,10,6.655706882476807
SASRec,2011,2011-12-31,132613,68157,1,6.376486778259277
SASRec,2011,2011-12-31,132613,63082,2,6.174468040466309
SASRec,2011,2011-12-31,132613,68954,3,6.104184150695801
SASRec,2011,2011-12-31,132613,76251,4,6.059087753295898
SASRec,2011,2011-12-31,132613,70286,5,5.863649368286133
SASRec,2011,2011-12-31,132613,71464,6,5.6588945388793945
SASRec,2011,2011-12-31,132613,58559,7,5.653256416320801
SASRec,2011,2011-12-31,132613,71518,8,5.614835739135742
SASRec,2011,2011-12-31,132613,64614,9,5.598560810089111
SASRec,2011,2011-12-31,132613,63876,10,5.5729804039001465
SASRec,2011,2011-12-31,132656,2858,1,6.422457695007324
SASRec,2011,2011-12-31,132656,2762,2,6.048379421234131
SASRec,2011,2011-12-31,132656,3298,3,5.999465465545654
SASRec,2011,2011-12-31,132656,3481,4,5.954850196838379
SASRec,2011,2011-12-31,132656,3717,5,5.938641548156738
SASRec,2011,2011-12-31,132656,4034,6,5.781085014343262
SASRec,2011,2011-12-31,132656,2997,7,5.774531364440918
SASRec,2011,2011-12-31,132656,4639,8,5.759784698486328
SASRec,2011,2011-12-31,132656,4022,9,5.715610980987549
SASRec,2011,2011-12-31,132656,4226,10,5.684844970703125
SASRec,2011,2011-12-31,132749,1037,1,6.396860599517822
SASRec,2011,2011-12-31,132749,2717,2,6.303019046783447
SASRec,2011,2011-12-31,132749,2421,3,6.255521774291992
SASRec,2011,2011-12-31,132749,1347,4,6.209661483764648
SASRec,2011,2011-12-31,132749,1882,5,6.160584449768066
SASRec,2011,2011-12-31,132749,2572,6,6.106198310852051
SASRec,2011,2011-12-31,132749,2378,7,6.092621326446533
SASRec,2011,2011-12-31,132749,1438,8,6.023611068725586
SASRec,2011,2011-12-31,132749,1339,9,6.017675399780273
SASRec,2011,2011-12-31,132749,1093,10,6.002837181091309
SASRec,2011,2011-12-31,132804,51662,1,6.150081157684326
SASRec,2011,2011-12-31,132804,52722,2,6.093113899230957
SASRec,2011,2011-12-31,132804,53125,3,5.997123718261719
SASRec,2011,2011-12-31,132804,44665,4,5.962478160858154
SASRec,2011,2011-12-31,132804,53996,5,5.910423755645752
SASRec,2011,2011-12-31,132804,45499,6,5.878037452697754
SASRec,2011,2011-12-31,132804,7254,7,5.748771667480469
SASRec,2011,2011-12-31,132804,58025,8,5.708686351776123
SASRec,2011,2011-12-31,132804,6373,9,5.689084053039551
SASRec,2011,2011-12-31,132804,32587,10,5.648995876312256
SASRec,2011,2011-12-31,133009,76251,1,6.676092147827148
SASRec,2011,2011-12-31,133009,71518,2,6.630514144897461
SASRec,2011,2011-12-31,133009,68954,3,6.476695537567139
SASRec,2011,2011-12-31,133009,72998,4,6.472996711730957
SASRec,2011,2011-12-31,133009,68157,5,6.45760440826416
SASRec,2011,2011-12-31,133009,70286,6,6.312766075134277
SASRec,2011,2011-12-31,133009,77561,7,6.215124607086182
SASRec,2011,2011-12-31,133009,79293,8,6.141977310180664
SASRec,2011,2011-12-31,133009,79702,9,6.084609508514404
SASRec,2011,2011-12-31,133009,74275,10,6.067591190338135
SASRec,2011,2011-12-31,133046,55820,1,6.4808430671691895
SASRec,2011,2011-12-31,133046,48516,2,6.150691032409668
SASRec,2011,2011-12-31,133046,48774,3,6.0010175704956055
SASRec,2011,2011-12-31,133046,58559,4,5.8325605392456055
SASRec,2011,2011-12-31,133046,70286,5,5.611133575439453
SASRec,2011,2011-12-31,133046,68157,6,5.602515697479248
SASRec,2011,2011-12-31,133046,57669,7,5.4671630859375
SASRec,2011,2011-12-31,133046,44555,8,5.435581684112549
SASRec,2011,2011-12-31,133046,44191,9,5.3585968017578125
SASRec,2011,2011-12-31,133046,4226,10,5.328676700592041
SASRec,2011,2011-12-31,133126,64575,1,5.676059722900391
SASRec,2011,2011-12-31,133126,68157,2,5.521180152893066
SASRec,2011,2011-12-31,133126,63876,3,5.483000755310059
SASRec,2011,2011-12-31,133126,64622,4,5.446672439575195
SASRec,2011,2011-12-31,133126,55820,5,5.272079944610596
SASRec,2011,2011-12-31,133126,53123,6,5.2207417488098145
SASRec,2011,2011-12-31,133126,64614,7,5.148359298706055
SASRec,2011,2011-12-31,133126,67267,8,5.113667964935303
SASRec,2011,2011-12-31,133126,71464,9,5.013216495513916
SASRec,2011,2011-12-31,133126,68347,10,4.998082637786865
SASRec,2011,2011-12-31,133595,48516,1,5.488933563232422
SASRec,2011,2011-12-31,133595,55820,2,5.418935298919678
SASRec,2011,2011-12-31,133595,48774,3,5.100255966186523
SASRec,2011,2011-12-31,133595,58559,4,5.048092365264893
SASRec,2011,2011-12-31,133595,47629,5,5.035999298095703
SASRec,2011,2011-12-31,133595,52241,6,5.008268356323242
SASRec,2011,2011-12-31,133595,55280,7,4.900875568389893
SASRec,2011,2011-12-31,133595,56367,8,4.881590843200684
SASRec,2011,2011-12-31,133595,45950,9,4.836772918701172
SASRec,2011,2011-12-31,133595,44694,10,4.815342903137207
SASRec,2011,2011-12-31,133746,32587,1,6.5530548095703125
SASRec,2011,2011-12-31,133746,6874,2,6.495107173919678
SASRec,2011,2011-12-31,133746,33679,3,6.431751728057861
SASRec,2011,2011-12-31,133746,6373,4,6.398490905761719
SASRec,2011,2011-12-31,133746,8529,5,6.396663665771484
SASRec,2011,2011-12-31,133746,6870,6,6.339580535888672
SASRec,2011,2011-12-31,133746,7254,7,6.325545310974121
SASRec,2011,2011-12-31,133746,6281,8,6.32368803024292
SASRec,2011,2011-12-31,133746,8464,9,6.312328338623047
SASRec,2011,2011-12-31,133746,8783,10,6.2618842124938965
SASRec,2011,2011-12-31,133825,110,1,6.49913215637207
SASRec,2011,2011-12-31,133825,56367,2,6.343297481536865
SASRec,2011,2011-12-31,133825,56174,3,6.208187103271484
SASRec,2011,2011-12-31,133825,68237,4,5.946754455566406
SASRec,2011,2011-12-31,133825,69122,5,5.919375419616699
SASRec,2011,2011-12-31,133825,71535,6,5.853833198547363
SASRec,2011,2011-12-31,133825,51662,7,5.716758728027344
SASRec,2011,2011-12-31,133825,64839,8,5.661533832550049
SASRec,2011,2011-12-31,133825,69481,9,5.650362968444824
SASRec,2011,2011-12-31,133825,80489,10,5.539385795593262
SASRec,2011,2011-12-31,134001,71518,1,6.741681098937988
SASRec,2011,2011-12-31,134001,78105,2,6.3100152015686035
SASRec,2011,2011-12-31,134001,79702,3,6.071337699890137
SASRec,2011,2011-12-31,134001,74275,4,5.98676061630249
SASRec,2011,2011-12-31,134001,78499,5,5.941918849945068
SASRec,2011,2011-12-31,134001,80489,6,5.909180164337158
SASRec,2011,2011-12-31,134001,74156,7,5.872200012207031
SASRec,2011,2011-12-31,134001,74948,8,5.840285301208496
SASRec,2011,2011-12-31,134001,66509,9,5.805104732513428
SASRec,2011,2011-12-31,134001,72407,10,5.801107406616211
SASRec,2011,2011-12-31,134327,70286,1,6.182733535766602
SASRec,2011,2011-12-31,134327,58559,2,6.050430774688721
SASRec,2011,2011-12-31,134327,68954,3,5.957348346710205
SASRec,2011,2011-12-31,134327,63082,4,5.819362640380859
SASRec,2011,2011-12-31,134327,60069,5,5.606630325317383
SASRec,2011,2011-12-31,134327,66097,6,5.591644287109375
SASRec,2011,2011-12-31,134327,68157,7,5.574252128601074
SASRec,2011,2011-12-31,134327,69481,8,5.471723556518555
SASRec,2011,2011-12-31,134327,56174,9,5.383869171142578
SASRec,2011,2011-12-31,134327,72998,10,5.380672931671143
SASRec,2011,2011-12-31,134378,48516,1,6.017169952392578
SASRec,2011,2011-12-31,134378,48774,2,5.5522379875183105
SASRec,2011,2011-12-31,134378,41285,3,5.532175064086914
SASRec,2011,2011-12-31,134378,45950,4,5.466258525848389
SASRec,2011,2011-12-31,134378,47629,5,5.4579644203186035
SASRec,2011,2011-12-31,134378,32587,6,5.4294962882995605
SASRec,2011,2011-12-31,134378,30707,7,5.402105331420898
SASRec,2011,2011-12-31,134378,58559,8,5.4017839431762695
SASRec,2011,2011-12-31,134378,44694,9,5.388463497161865
SASRec,2011,2011-12-31,134378,37733,10,5.38257360458374
SASRec,2011,2011-12-31,134403,51773,1,6.133013725280762
SASRec,2011,2011-12-31,134403,69489,2,6.087130069732666
SASRec,2011,2011-12-31,134403,77206,3,6.075909614562988
SASRec,2011,2011-12-31,134403,38656,4,5.936549186706543
SASRec,2011,2011-12-31,134403,74488,5,5.659810543060303
SASRec,2011,2011-12-31,134403,76303,6,5.5657525062561035
SASRec,2011,2011-12-31,134403,27656,7,5.534714698791504
SASRec,2011,2011-12-31,134403,73256,8,5.5090813636779785
SASRec,2011,2011-12-31,134403,71928,9,5.503048896789551
SASRec,2011,2011-12-31,134403,40422,10,5.497255325317383
SASRec,2011,2011-12-31,134575,56174,1,7.366473197937012
SASRec,2011,2011-12-31,134575,110,2,6.924419403076172
SASRec,2011,2011-12-31,134575,72998,3,6.662555694580078
SASRec,2011,2011-12-31,134575,63082,4,6.569982528686523
SASRec,2011,2011-12-31,134575,71535,5,6.51901912689209
SASRec,2011,2011-12-31,134575,2628,6,6.391132831573486
SASRec,2011,2011-12-31,134575,4306,7,6.2408127784729
SASRec,2011,2011-12-31,134575,4886,8,6.172464370727539
SASRec,2011,2011-12-31,134575,77561,9,6.123769760131836
SASRec,2011,2011-12-31,134575,76251,10,6.118601322174072
SASRec,2011,2011-12-31,134653,60037,1,4.678395748138428
SASRec,2011,2011-12-31,134653,70336,2,4.614353179931641
SASRec,2011,2011-12-31,134653,6996,3,4.3144917488098145
SASRec,2011,2011-12-31,134653,43679,4,4.261287212371826
SASRec,2011,2011-12-31,134653,50806,5,4.224833011627197
SASRec,2011,2011-12-31,134653,61248,6,4.080251216888428
SASRec,2011,2011-12-31,134653,50798,7,4.068974494934082
SASRec,2011,2011-12-31,134653,316,8,4.067887306213379
SASRec,2011,2011-12-31,134653,72407,9,4.041374206542969
SASRec,2011,2011-12-31,134653,60074,10,3.977989435195923
SASRec,2011,2011-12-31,134664,71518,1,6.666296005249023
SASRec,2011,2011-12-31,134664,76251,2,6.4830474853515625
SASRec,2011,2011-12-31,134664,79293,3,6.23105001449585
SASRec,2011,2011-12-31,134664,79702,4,6.222426891326904
SASRec,2011,2011-12-31,134664,74275,5,6.18647575378418
SASRec,2011,2011-12-31,134664,80489,6,6.106551170349121
SASRec,2011,2011-12-31,134664,74795,7,6.033997058868408
SASRec,2011,2011-12-31,134664,74156,8,6.004845142364502
SASRec,2011,2011-12-31,134664,74948,9,5.928994178771973
SASRec,2011,2011-12-31,134664,68159,10,5.928237438201904
SASRec,2011,2011-12-31,134927,70286,1,7.0602569580078125
SASRec,2011,2011-12-31,134927,72998,2,6.376908302307129
SASRec,2011,2011-12-31,134927,63082,3,6.294824123382568
SASRec,2011,2011-12-31,134927,56367,4,6.237964630126953
SASRec,2011,2011-12-31,134927,68954,5,6.219618320465088
SASRec,2011,2011-12-31,134927,48516,6,6.175213813781738
SASRec,2011,2011-12-31,134927,60069,7,6.1100945472717285
SASRec,2011,2011-12-31,134927,74458,8,6.046041011810303
SASRec,2011,2011-12-31,134927,48774,9,5.877098560333252
SASRec,2011,2011-12-31,134927,73017,10,5.790225505828857
SASRec,2011,2011-12-31,135290,56174,1,7.124558925628662
SASRec,2011,2011-12-31,135290,58559,2,7.046065330505371
SASRec,2011,2011-12-31,135290,48516,3,6.874116897583008
SASRec,2011,2011-12-31,135290,63082,4,6.709850788116455
SASRec,2011,2011-12-31,135290,56367,5,6.699831008911133
SASRec,2011,2011-12-31,135290,74458,6,6.646884441375732
SASRec,2011,2011-12-31,135290,32587,7,6.630420207977295
SASRec,2011,2011-12-31,135290,59315,8,6.58553409576416
SASRec,2011,2011-12-31,135290,49272,9,6.568157196044922
SASRec,2011,2011-12-31,135290,71535,10,6.563995838165283
SASRec,2011,2011-12-31,136078,55820,1,6.148131370544434
SASRec,2011,2011-12-31,136078,68157,2,6.127979755401611
SASRec,2011,2011-12-31,136078,63082,3,5.847649097442627
SASRec,2011,2011-12-31,136078,69481,4,5.752165794372559
SASRec,2011,2011-12-31,136078,63876,5,5.469988822937012
SASRec,2011,2011-12-31,136078,57669,6,5.440093994140625
SASRec,2011,2011-12-31,136078,64614,7,5.415621757507324
SASRec,2011,2011-12-31,136078,79132,8,5.373315811157227
SASRec,2011,2011-12-31,136078,76251,9,5.3199286460876465
SASRec,2011,2011-12-31,136078,71464,10,5.266146183013916
SASRec,2011,2011-12-31,136261,70286,1,7.403489112854004
SASRec,2011,2011-12-31,136261,72998,2,7.337437152862549
SASRec,2011,2011-12-31,136261,56174,3,7.19033145904541
SASRec,2011,2011-12-31,136261,68157,4,6.851822853088379
SASRec,2011,2011-12-31,136261,69122,5,6.808113098144531
SASRec,2011,2011-12-31,136261,63082,6,6.73244571685791
SASRec,2011,2011-12-31,136261,73017,7,6.646723747253418
SASRec,2011,2011-12-31,136261,71535,8,6.476283073425293
SASRec,2011,2011-12-31,136261,74458,9,6.47593879699707
SASRec,2011,2011-12-31,136261,76251,10,6.455026626586914
SASRec,2011,2011-12-31,136273,48516,1,5.373575687408447
SASRec,2011,2011-12-31,136273,6867,2,5.359307289123535
SASRec,2011,2011-12-31,136273,44555,3,5.3227643966674805
SASRec,2011,2011-12-31,136273,5995,4,5.2629194259643555
SASRec,2011,2011-12-31,136273,30749,5,5.200562953948975
SASRec,2011,2011-12-31,136273,27773,6,5.19061279296875
SASRec,2011,2011-12-31,136273,5878,7,5.1836395263671875
SASRec,2011,2011-12-31,136273,47629,8,5.17997932434082
SASRec,2011,2011-12-31,136273,7371,9,5.174981594085693
SASRec,2011,2011-12-31,136273,4235,10,5.075429916381836
SASRec,2011,2011-12-31,136449,58559,1,7.592141151428223
SASRec,2011,2011-12-31,136449,56174,2,7.509809494018555
SASRec,2011,2011-12-31,136449,70286,3,7.27866268157959
SASRec,2011,2011-12-31,136449,4226,4,7.166109561920166
SASRec,2011,2011-12-31,136449,48516,5,7.145761489868164
SASRec,2011,2011-12-31,136449,589,6,7.10564661026001
SASRec,2011,2011-12-31,136449,56367,7,7.002664089202881
SASRec,2011,2011-12-31,136449,63082,8,7.000996112823486
SASRec,2011,2011-12-31,136449,51662,9,6.9946393966674805
SASRec,2011,2011-12-31,136449,32,10,6.9832258224487305
SASRec,2011,2011-12-31,137287,58559,1,7.522416114807129
SASRec,2011,2011-12-31,137287,70286,2,7.044092178344727
SASRec,2011,2011-12-31,137287,72998,3,6.927411079406738
SASRec,2011,2011-12-31,137287,56367,4,6.906223297119141
SASRec,2011,2011-12-31,137287,59315,5,6.719982624053955
SASRec,2011,2011-12-31,137287,53996,6,6.698923110961914
SASRec,2011,2011-12-31,137287,61132,7,6.697202205657959
SASRec,2011,2011-12-31,137287,63082,8,6.686872959136963
SASRec,2011,2011-12-31,137287,60069,9,6.582707405090332
SASRec,2011,2011-12-31,137287,68954,10,6.520741939544678
SASRec,2011,2011-12-31,137464,71518,1,6.770305156707764
SASRec,2011,2011-12-31,137464,76251,2,6.713821887969971
SASRec,2011,2011-12-31,137464,80489,3,6.377558708190918
SASRec,2011,2011-12-31,137464,79702,4,6.318276882171631
SASRec,2011,2011-12-31,137464,79293,5,6.105657577514648
SASRec,2011,2011-12-31,137464,72998,6,6.081897735595703
SASRec,2011,2011-12-31,137464,78105,7,6.0673370361328125
SASRec,2011,2011-12-31,137464,74795,8,6.022134780883789
SASRec,2011,2011-12-31,137464,74275,9,6.007453918457031
SASRec,2011,2011-12-31,137464,77206,10,5.8851447105407715
SASRec,2011,2011-12-31,137556,48774,1,5.441022872924805
SASRec,2011,2011-12-31,137556,27773,2,5.375950336456299
SASRec,2011,2011-12-31,137556,6016,3,5.310615539550781
SASRec,2011,2011-12-31,137556,31658,4,5.213079929351807
SASRec,2011,2011-12-31,137556,5291,5,5.163456916809082
SASRec,2011,2011-12-31,137556,2019,6,5.155981540679932
SASRec,2011,2011-12-31,137556,1267,7,5.141088008880615
SASRec,2011,2011-12-31,137556,56367,8,5.101402759552002
SASRec,2011,2011-12-31,137556,2731,9,5.089122295379639
SASRec,2011,2011-12-31,137556,7361,10,5.0778985023498535
SASRec,2011,2011-12-31,137686,68954,1,6.76475715637207
SASRec,2011,2011-12-31,137686,72407,2,6.403555393218994
SASRec,2011,2011-12-31,137686,71518,3,6.366936206817627
SASRec,2011,2011-12-31,137686,61132,4,6.260515213012695
SASRec,2011,2011-12-31,137686,68358,5,6.210483551025391
SASRec,2011,2011-12-31,137686,77561,6,6.15828275680542
SASRec,2011,2011-12-31,137686,79702,7,5.952963352203369
SASRec,2011,2011-12-31,137686,68319,8,5.926163196563721
SASRec,2011,2011-12-31,137686,71135,9,5.870820999145508
SASRec,2011,2011-12-31,137686,66097,10,5.864131450653076
SASRec,2011,2011-12-31,138099,63082,1,6.558291435241699
SASRec,2011,2011-12-31,138099,59315,2,6.43826150894165
SASRec,2011,2011-12-31,138099,56367,3,6.275441646575928
SASRec,2011,2011-12-31,138099,69481,4,6.221128463745117
SASRec,2011,2011-12-31,138099,56174,5,6.203255653381348
SASRec,2011,2011-12-31,138099,48774,6,6.138913631439209
SASRec,2011,2011-12-31,138099,68358,7,6.0948166847229
SASRec,2011,2011-12-31,138099,71518,8,6.039338111877441
SASRec,2011,2011-12-31,138099,61132,9,6.014870643615723
SASRec,2011,2011-12-31,138099,74789,10,5.990070819854736
SASRec,2011,2011-12-31,138161,55820,1,7.645873546600342
SASRec,2011,2011-12-31,138161,48516,2,7.641806602478027
SASRec,2011,2011-12-31,138161,63082,3,7.54722785949707
SASRec,2011,2011-12-31,138161,56367,4,7.486936569213867
SASRec,2011,2011-12-31,138161,70286,5,7.4697265625
SASRec,2011,2011-12-31,138161,68157,6,7.291693210601807
SASRec,2011,2011-12-31,138161,56174,7,7.261651039123535
SASRec,2011,2011-12-31,138161,60069,8,7.229955673217773
SASRec,2011,2011-12-31,138161,48774,9,7.21103572845459
SASRec,2011,2011-12-31,138161,51662,10,7.100895881652832
SASRec,2011,2011-12-31,138741,6539,1,7.779242992401123
SASRec,2011,2011-12-31,138741,7361,2,7.5039777755737305
SASRec,2011,2011-12-31,138741,208,3,7.490344047546387
SASRec,2011,2011-12-31,138741,8636,4,7.420023441314697
SASRec,2011,2011-12-31,138741,110,5,7.414189338684082
SASRec,2011,2011-12-31,138741,6874,6,7.392293930053711
SASRec,2011,2011-12-31,138741,19,7,7.336616039276123
SASRec,2011,2011-12-31,138741,32587,8,7.2197723388671875
SASRec,2011,2011-12-31,138741,589,9,7.1751203536987305
SASRec,2011,2011-12-31,138741,6377,10,7.161734104156494
SASRec,2011,2011-12-31,138953,56174,1,6.081414699554443
SASRec,2011,2011-12-31,138953,53996,2,5.58183479309082
SASRec,2011,2011-12-31,138953,344,3,5.3273444175720215
SASRec,2011,2011-12-31,138953,1917,4,5.301440238952637
SASRec,2011,2011-12-31,138953,780,5,5.293797016143799
SASRec,2011,2011-12-31,138953,60072,6,5.277282238006592
SASRec,2011,2011-12-31,138953,52722,7,5.249306678771973
SASRec,2011,2011-12-31,138953,58025,8,5.194090366363525
SASRec,2011,2011-12-31,138953,19,9,5.113823890686035
SASRec,2011,2011-12-31,138953,648,10,5.089170455932617
SASRec,2011,2011-12-31,139140,70286,1,6.474164009094238
SASRec,2011,2011-12-31,139140,76251,2,6.18941068649292
SASRec,2011,2011-12-31,139140,77561,3,6.176334857940674
SASRec,2011,2011-12-31,139140,74458,4,6.001855373382568
SASRec,2011,2011-12-31,139140,73017,5,5.9084272384643555
SASRec,2011,2011-12-31,139140,68954,6,5.89771032333374
SASRec,2011,2011-12-31,139140,71535,7,5.848089694976807
SASRec,2011,2011-12-31,139140,69122,8,5.846309661865234
SASRec,2011,2011-12-31,139140,58559,9,5.731396675109863
SASRec,2011,2011-12-31,139140,63131,10,5.692037582397461
SASRec,2011,2011-12-31,139425,2542,1,7.780430793762207
SASRec,2011,2011-12-31,139425,778,2,7.7726545333862305
SASRec,2011,2011-12-31,139425,293,3,7.673051357269287
SASRec,2011,2011-12-31,139425,1682,4,7.659883975982666
SASRec,2011,2011-12-31,139425,1784,5,7.53762674331665
SASRec,2011,2011-12-31,139425,1732,6,7.441529750823975
SASRec,2011,2011-12-31,139425,7361,7,7.405322551727295
SASRec,2011,2011-12-31,139425,296,8,7.358687877655029
SASRec,2011,2011-12-31,139425,357,9,7.352687835693359
SASRec,2011,2011-12-31,139425,337,10,7.348738670349121
SASRec,2011,2011-12-31,139493,48516,1,6.740178108215332
SASRec,2011,2011-12-31,139493,296,2,6.226737976074219
SASRec,2011,2011-12-31,139493,44555,3,6.205644130706787
SASRec,2011,2011-12-31,139493,6016,4,6.062467575073242
SASRec,2011,2011-12-31,139493,48774,5,5.8483476638793945
SASRec,2011,2011-12-31,139493,63876,6,5.794280529022217
SASRec,2011,2011-12-31,139493,318,7,5.783860206604004
SASRec,2011,2011-12-31,139493,56367,8,5.73757791519165
SASRec,2011,2011-12-31,139493,30749,9,5.603709697723389
SASRec,2011,2011-12-31,139493,4226,10,5.599606990814209
SASRec,2011,2011-12-31,139498,32,1,7.079770565032959
SASRec,2011,2011-12-31,139498,4226,2,6.8675336837768555
SASRec,2011,2011-12-31,139498,185,3,6.229126930236816
SASRec,2011,2011-12-31,139498,1221,4,6.067366600036621
SASRec,2011,2011-12-31,139498,750,5,5.703921794891357
SASRec,2011,2011-12-31,139498,74458,6,5.53060245513916
SASRec,2011,2011-12-31,139498,1265,7,5.20955228805542
SASRec,2011,2011-12-31,139498,44665,8,5.0665388107299805
SASRec,2011,2011-12-31,139498,6,9,5.0569167137146
SASRec,2011,2011-12-31,139498,1225,10,5.044929504394531
SASRec,2011,2011-12-31,139730,70286,1,7.7663092613220215
SASRec,2011,2011-12-31,139730,63082,2,7.422137260437012
SASRec,2011,2011-12-31,139730,56367,3,7.352678298950195
SASRec,2011,2011-12-31,139730,72998,4,7.277129650115967
SASRec,2011,2011-12-31,139730,51662,5,7.262138843536377
SASRec,2011,2011-12-31,139730,68157,6,7.247062683105469
SASRec,2011,2011-12-31,139730,68954,7,7.176804542541504
SASRec,2011,2011-12-31,139730,48516,8,7.159763813018799
SASRec,2011,2011-12-31,139730,74458,9,7.031521797180176
SASRec,2011,2011-12-31,139730,71535,10,6.998513221740723
SASRec,2011,2011-12-31,139800,70286,1,7.559966564178467
SASRec,2011,2011-12-31,139800,63082,2,7.43935489654541
SASRec,2011,2011-12-31,139800,68157,3,7.3095784187316895
SASRec,2011,2011-12-31,139800,55820,4,7.261894226074219
SASRec,2011,2011-12-31,139800,68954,5,7.157171726226807
SASRec,2011,2011-12-31,139800,56174,6,7.1440629959106445
SASRec,2011,2011-12-31,139800,56367,7,7.120325565338135
SASRec,2011,2011-12-31,139800,60069,8,7.019294261932373
SASRec,2011,2011-12-31,139800,59315,9,7.001004219055176
SASRec,2011,2011-12-31,139800,69122,10,6.779991149902344
SASRec,2011,2011-12-31,139846,44665,1,6.607238292694092
SASRec,2011,2011-12-31,139846,52722,2,6.579694747924805
SASRec,2011,2011-12-31,139846,58559,3,6.487714767456055
SASRec,2011,2011-12-31,139846,70286,4,6.387765407562256
SASRec,2011,2011-12-31,139846,53125,5,6.3574323654174805
SASRec,2011,2011-12-31,139846,5445,6,6.329738616943359
SASRec,2011,2011-12-31,139846,32587,7,6.322127819061279
SASRec,2011,2011-12-31,139846,56367,8,6.313747406005859
SASRec,2011,2011-12-31,139846,8636,9,6.168585300445557
SASRec,2011,2011-12-31,139846,2683,10,6.064594745635986
SASRec,2011,2011-12-31,140030,541,1,6.7775421142578125
SASRec,2011,2011-12-31,140030,593,2,6.673362731933594
SASRec,2011,2011-12-31,140030,904,3,6.6332902908325195
SASRec,2011,2011-12-31,140030,1193,4,6.618839740753174
SASRec,2011,2011-12-31,140030,110,5,6.596345901489258
SASRec,2011,2011-12-31,140030,924,6,6.4549336433410645
SASRec,2011,2011-12-31,140030,1214,7,6.435502052307129
SASRec,2011,2011-12-31,140030,908,8,6.214666366577148
SASRec,2011,2011-12-31,140030,63082,9,6.195041656494141
SASRec,2011,2011-12-31,140030,2858,10,6.1861748695373535
SASRec,2011,2011-12-31,140095,70286,1,7.383809566497803
SASRec,2011,2011-12-31,140095,63082,2,7.220400810241699
SASRec,2011,2011-12-31,140095,68954,3,7.039432048797607
SASRec,2011,2011-12-31,140095,56174,4,7.038480758666992
SASRec,2011,2011-12-31,140095,71535,5,6.92572021484375
SASRec,2011,2011-12-31,140095,55820,6,6.882854461669922
SASRec,2011,2011-12-31,140095,76251,7,6.792450904846191
SASRec,2011,2011-12-31,140095,73017,8,6.709700107574463
SASRec,2011,2011-12-31,140095,60069,9,6.68735933303833
SASRec,2011,2011-12-31,140095,59315,10,6.554718971252441
SASRec,2011,2011-12-31,140221,6016,1,6.064371109008789
SASRec,2011,2011-12-31,140221,7361,2,5.849645614624023
SASRec,2011,2011-12-31,140221,7371,3,5.635375022888184
SASRec,2011,2011-12-31,140221,5878,4,5.429018020629883
SASRec,2011,2011-12-31,140221,8949,5,5.418208599090576
SASRec,2011,2011-12-31,140221,48516,6,5.393531322479248
SASRec,2011,2011-12-31,140221,32587,7,5.364696502685547
SASRec,2011,2011-12-31,140221,4235,8,5.282766819000244
SASRec,2011,2011-12-31,140221,5673,9,5.262697219848633
SASRec,2011,2011-12-31,140221,8638,10,5.17195987701416
SASRec,2011,2011-12-31,140240,1219,1,8.438254356384277
SASRec,2011,2011-12-31,140240,750,2,8.425813674926758
SASRec,2011,2011-12-31,140240,858,3,8.409866333007812
SASRec,2011,2011-12-31,140240,1304,4,8.327248573303223
SASRec,2011,2011-12-31,140240,924,5,8.321343421936035
SASRec,2011,2011-12-31,140240,919,6,8.18628978729248
SASRec,2011,2011-12-31,140240,1225,7,8.091400146484375
SASRec,2011,2011-12-31,140240,1097,8,8.043315887451172
SASRec,2011,2011-12-31,140240,1221,9,8.023334503173828
SASRec,2011,2011-12-31,140240,1252,10,8.018877029418945
SASRec,2011,2011-12-31,141058,71518,1,6.542638778686523
SASRec,2011,2011-12-31,141058,78105,2,6.305562496185303
SASRec,2011,2011-12-31,141058,80489,3,6.255879878997803
SASRec,2011,2011-12-31,141058,74156,4,6.0224080085754395
SASRec,2011,2011-12-31,141058,74795,5,5.996635437011719
SASRec,2011,2011-12-31,141058,74275,6,5.968006134033203
SASRec,2011,2011-12-31,141058,77206,7,5.940956115722656
SASRec,2011,2011-12-31,141058,80463,8,5.864794731140137
SASRec,2011,2011-12-31,141058,79224,9,5.856855869293213
SASRec,2011,2011-12-31,141058,72998,10,5.841118335723877
SASRec,2011,2011-12-31,141289,63082,1,6.675999164581299
SASRec,2011,2011-12-31,141289,68358,2,6.307491302490234
SASRec,2011,2011-12-31,141289,71518,3,6.2687177658081055
SASRec,2011,2011-12-31,141289,79702,4,6.162660598754883
SASRec,2011,2011-12-31,141289,60069,5,6.142833232879639
SASRec,2011,2011-12-31,141289,77561,6,6.137096881866455
SASRec,2011,2011-12-31,141289,79132,7,6.136063098907471
SASRec,2011,2011-12-31,141289,56367,8,5.926907539367676
SASRec,2011,2011-12-31,141289,71135,9,5.913429260253906
SASRec,2011,2011-12-31,141289,80463,10,5.747194766998291
SASRec,2011,2011-12-31,141490,70286,1,7.355276584625244
SASRec,2011,2011-12-31,141490,68157,2,7.349848747253418
SASRec,2011,2011-12-31,141490,58559,3,7.06729793548584
SASRec,2011,2011-12-31,141490,74458,4,6.613667964935303
SASRec,2011,2011-12-31,141490,71535,5,6.550553321838379
SASRec,2011,2011-12-31,141490,79132,6,6.496683120727539
SASRec,2011,2011-12-31,141490,79702,7,6.434133529663086
SASRec,2011,2011-12-31,141490,68237,8,6.371160507202148
SASRec,2011,2011-12-31,141490,69481,9,6.351061820983887
SASRec,2011,2011-12-31,141490,71518,10,6.336545467376709
SASRec,2011,2011-12-31,142164,318,1,7.460361003875732
SASRec,2011,2011-12-31,142164,48516,2,7.262775897979736
SASRec,2011,2011-12-31,142164,63082,3,7.097287178039551
SASRec,2011,2011-12-31,142164,4226,4,7.085253715515137
SASRec,2011,2011-12-31,142164,56367,5,7.081708908081055
SASRec,2011,2011-12-31,142164,2858,6,6.964001655578613
SASRec,2011,2011-12-31,142164,51662,7,6.870582580566406
SASRec,2011,2011-12-31,142164,356,8,6.857624053955078
SASRec,2011,2011-12-31,142164,593,9,6.831740379333496
SASRec,2011,2011-12-31,142164,2571,10,6.805820465087891
SASRec,2011,2011-12-31,142343,69489,1,6.352345943450928
SASRec,2011,2011-12-31,142343,51773,2,6.085693359375
SASRec,2011,2011-12-31,142343,44601,3,6.003757476806641
SASRec,2011,2011-12-31,142343,73914,4,5.919382095336914
SASRec,2011,2011-12-31,142343,79467,5,5.890899181365967
SASRec,2011,2011-12-31,142343,27656,6,5.755873680114746
SASRec,2011,2011-12-31,142343,69908,7,5.748762607574463
SASRec,2011,2011-12-31,142343,32464,8,5.609118938446045
SASRec,2011,2011-12-31,142343,77206,9,5.587834358215332
SASRec,2011,2011-12-31,142343,79475,10,5.517093181610107
SASRec,2011,2011-12-31,142766,6539,1,8.467822074890137
SASRec,2011,2011-12-31,142766,4886,2,8.087947845458984
SASRec,2011,2011-12-31,142766,6377,3,7.964428901672363
SASRec,2011,2011-12-31,142766,32,4,7.936814785003662
SASRec,2011,2011-12-31,142766,5445,5,7.925852298736572
SASRec,2011,2011-12-31,142766,5418,6,7.687579154968262
SASRec,2011,2011-12-31,142766,588,7,7.68572998046875
SASRec,2011,2011-12-31,142766,4993,8,7.676047325134277
SASRec,2011,2011-12-31,142766,1,9,7.5893707275390625
SASRec,2011,2011-12-31,142766,32587,10,7.5416975021362305
SASRec,2011,2011-12-31,142821,56174,1,7.298350811004639
SASRec,2011,2011-12-31,142821,70286,2,6.887444019317627
SASRec,2011,2011-12-31,142821,55820,3,6.6939616203308105
SASRec,2011,2011-12-31,142821,59315,4,6.434023380279541
SASRec,2011,2011-12-31,142821,68954,5,6.392673492431641
SASRec,2011,2011-12-31,142821,71535,6,6.383710861206055
SASRec,2011,2011-12-31,142821,68157,7,6.372433662414551
SASRec,2011,2011-12-31,142821,73017,8,6.33978271484375
SASRec,2011,2011-12-31,142821,53996,9,6.266879081726074
SASRec,2011,2011-12-31,142821,48774,10,6.261537075042725
SASRec,2011,2011-12-31,142824,55820,1,7.448916912078857
SASRec,2011,2011-12-31,142824,56367,2,6.8704094886779785
SASRec,2011,2011-12-31,142824,48394,3,6.830632209777832
SASRec,2011,2011-12-31,142824,63082,4,6.666250705718994
SASRec,2011,2011-12-31,142824,60069,5,6.628519535064697
SASRec,2011,2011-12-31,142824,57669,6,6.413010597229004
SASRec,2011,2011-12-31,142824,44555,7,6.399916648864746
SASRec,2011,2011-12-31,142824,59315,8,6.399724960327148
SASRec,2011,2011-12-31,142824,46578,9,6.383371829986572
SASRec,2011,2011-12-31,142824,56782,10,6.343723297119141
SASRec,2011,2011-12-31,142955,63876,1,5.645882606506348
SASRec,2011,2011-12-31,142955,63082,2,5.6262688636779785
SASRec,2011,2011-12-31,142955,55820,3,5.569742202758789
SASRec,2011,2011-12-31,142955,48516,4,5.357647895812988
SASRec,2011,2011-12-31,142955,58559,5,5.29542875289917
SASRec,2011,2011-12-31,142955,68157,6,5.29115629196167
SASRec,2011,2011-12-31,142955,44555,7,5.264081001281738
SASRec,2011,2011-12-31,142955,57669,8,5.213196754455566
SASRec,2011,2011-12-31,142955,68954,9,5.17933464050293
SASRec,2011,2011-12-31,142955,71464,10,5.041007995605469
SASRec,2011,2011-12-31,143011,72998,1,7.082302570343018
SASRec,2011,2011-12-31,143011,63082,2,6.551797389984131
SASRec,2011,2011-12-31,143011,69122,3,6.485221862792969
SASRec,2011,2011-12-31,143011,68157,4,6.40095329284668
SASRec,2011,2011-12-31,143011,56367,5,6.393009662628174
SASRec,2011,2011-12-31,143011,51662,6,6.361846446990967
SASRec,2011,2011-12-31,143011,72407,7,6.167912006378174
SASRec,2011,2011-12-31,143011,74789,8,6.123415946960449
SASRec,2011,2011-12-31,143011,74458,9,6.078706741333008
SASRec,2011,2011-12-31,143011,69757,10,5.766103267669678
SASRec,2011,2011-12-31,143019,8783,1,6.239863872528076
SASRec,2011,2011-12-31,143019,6541,2,6.110452651977539
SASRec,2011,2011-12-31,143019,7293,3,6.026734352111816
SASRec,2011,2011-12-31,143019,8644,4,5.988593578338623
SASRec,2011,2011-12-31,143019,34150,5,5.955550670623779
SASRec,2011,2011-12-31,143019,5219,6,5.8842034339904785
SASRec,2011,2011-12-31,143019,7004,7,5.87975549697876
SASRec,2011,2011-12-31,143019,5507,8,5.872097492218018
SASRec,2011,2011-12-31,143019,34319,9,5.86616325378418
SASRec,2011,2011-12-31,143019,6157,10,5.865307807922363
SASRec,2011,2011-12-31,143598,71518,1,5.8773884773254395
SASRec,2011,2011-12-31,143598,74916,2,5.815229415893555
SASRec,2011,2011-12-31,143598,74275,3,5.627832412719727
SASRec,2011,2011-12-31,143598,68552,4,5.5516581535339355
SASRec,2011,2011-12-31,143598,69988,5,5.477712154388428
SASRec,2011,2011-12-31,143598,78266,6,5.385780334472656
SASRec,2011,2011-12-31,143598,74948,7,5.355902194976807
SASRec,2011,2011-12-31,143598,76251,8,5.33214807510376
SASRec,2011,2011-12-31,143598,74156,9,5.317506313323975
SASRec,2011,2011-12-31,143598,77561,10,5.303320407867432
SASRec,2011,2011-12-31,143962,56174,1,7.142709255218506
SASRec,2011,2011-12-31,143962,60037,2,6.546133041381836
SASRec,2011,2011-12-31,143962,53996,3,6.442759990692139
SASRec,2011,2011-12-31,143962,58025,4,6.267368793487549
SASRec,2011,2011-12-31,143962,61132,5,6.198330402374268
SASRec,2011,2011-12-31,143962,72407,6,6.112485408782959
SASRec,2011,2011-12-31,143962,60074,7,6.106645584106445
SASRec,2011,2011-12-31,143962,61248,8,6.073243141174316
SASRec,2011,2011-12-31,143962,51935,9,6.014082908630371
SASRec,2011,2011-12-31,143962,70286,10,5.967398643493652
SASRec,2011,2011-12-31,144015,71518,1,6.744964122772217
SASRec,2011,2011-12-31,144015,76251,2,6.632109642028809
SASRec,2011,2011-12-31,144015,77561,3,6.222105979919434
SASRec,2011,2011-12-31,144015,79702,4,6.2093892097473145
SASRec,2011,2011-12-31,144015,80489,5,6.153407096862793
SASRec,2011,2011-12-31,144015,74275,6,6.103274822235107
SASRec,2011,2011-12-31,144015,78499,7,6.071927547454834
SASRec,2011,2011-12-31,144015,79293,8,6.071010589599609
SASRec,2011,2011-12-31,144015,78105,9,6.063357353210449
SASRec,2011,2011-12-31,144015,70286,10,6.045112609863281
SASRec,2011,2011-12-31,144188,1282,1,7.096772193908691
SASRec,2011,2011-12-31,144188,543,2,7.085123062133789
SASRec,2011,2011-12-31,144188,596,3,6.971312046051025
SASRec,2011,2011-12-31,144188,1080,4,6.892824172973633
SASRec,2011,2011-12-31,144188,163,5,6.7957305908203125
SASRec,2011,2011-12-31,144188,172,6,6.758669853210449
SASRec,2011,2011-12-31,144188,1639,7,6.756747245788574
SASRec,2011,2011-12-31,144188,1722,8,6.752189636230469
SASRec,2011,2011-12-31,144188,1597,9,6.700207233428955
SASRec,2011,2011-12-31,144188,1625,10,6.668269634246826
SASRec,2011,2011-12-31,144334,55820,1,6.7958269119262695
SASRec,2011,2011-12-31,144334,68157,2,6.628018379211426
SASRec,2011,2011-12-31,144334,70286,3,6.545027732849121
SASRec,2011,2011-12-31,144334,72998,4,6.347273826599121
SASRec,2011,2011-12-31,144334,66097,5,6.323465347290039
SASRec,2011,2011-12-31,144334,59315,6,6.119978427886963
SASRec,2011,2011-12-31,144334,57669,7,6.082340717315674
SASRec,2011,2011-12-31,144334,69481,8,6.049503803253174
SASRec,2011,2011-12-31,144334,69757,9,6.043416976928711
SASRec,2011,2011-12-31,144334,73017,10,6.010334491729736
SASRec,2011,2011-12-31,144438,58559,1,7.491421699523926
SASRec,2011,2011-12-31,144438,56174,2,7.173120498657227
SASRec,2011,2011-12-31,144438,56367,3,7.058709621429443
SASRec,2011,2011-12-31,144438,63082,4,6.925281524658203
SASRec,2011,2011-12-31,144438,51662,5,6.728490352630615
SASRec,2011,2011-12-31,144438,70286,6,6.706827163696289
SASRec,2011,2011-12-31,144438,55820,7,6.689384460449219
SASRec,2011,2011-12-31,144438,60069,8,6.531416416168213
SASRec,2011,2011-12-31,144438,61132,9,6.527826309204102
SASRec,2011,2011-12-31,144438,72998,10,6.487278461456299
SASRec,2011,2011-12-31,144455,6810,1,4.782280921936035
SASRec,2011,2011-12-31,144455,7033,2,4.3213324546813965
SASRec,2011,2011-12-31,144455,6166,3,4.237689971923828
SASRec,2011,2011-12-31,144455,6793,4,4.205257415771484
SASRec,2011,2011-12-31,144455,6614,5,4.023921966552734
SASRec,2011,2011-12-31,144455,7102,6,3.9486870765686035
SASRec,2011,2011-12-31,144455,6977,7,3.82417631149292
SASRec,2011,2011-12-31,144455,6308,8,3.7675106525421143
SASRec,2011,2011-12-31,144455,5309,9,3.7513346672058105
SASRec,2011,2011-12-31,144455,6850,10,3.7426414489746094
SASRec,2011,2011-12-31,144900,208,1,9.459808349609375
SASRec,2011,2011-12-31,144900,153,2,9.219898223876953
SASRec,2011,2011-12-31,144900,780,3,9.201642036437988
SASRec,2011,2011-12-31,144900,165,4,9.086544036865234
SASRec,2011,2011-12-31,144900,19,5,9.064827919006348
SASRec,2011,2011-12-31,144900,589,6,9.008931159973145
SASRec,2011,2011-12-31,144900,185,7,8.976154327392578
SASRec,2011,2011-12-31,144900,592,8,8.973020553588867
SASRec,2011,2011-12-31,144900,10,9,8.9154052734375
SASRec,2011,2011-12-31,144900,260,10,8.852265357971191
SASRec,2011,2011-12-31,145552,70286,1,7.638762474060059
SASRec,2011,2011-12-31,145552,72998,2,7.346092700958252
SASRec,2011,2011-12-31,145552,63082,3,7.093320846557617
SASRec,2011,2011-12-31,145552,56367,4,7.030224800109863
SASRec,2011,2011-12-31,145552,60069,5,6.932330131530762
SASRec,2011,2011-12-31,145552,55820,6,6.880731582641602
SASRec,2011,2011-12-31,145552,68358,7,6.657043933868408
SASRec,2011,2011-12-31,145552,61132,8,6.541635036468506
SASRec,2011,2011-12-31,145552,76251,9,6.458188056945801
SASRec,2011,2011-12-31,145552,53996,10,6.300248146057129
SASRec,2011,2011-12-31,145764,27773,1,5.5125732421875
SASRec,2011,2011-12-31,145764,48516,2,5.471057891845703
SASRec,2011,2011-12-31,145764,6787,3,5.424087047576904
SASRec,2011,2011-12-31,145764,7013,4,5.415829181671143
SASRec,2011,2011-12-31,145764,2731,5,5.384068489074707
SASRec,2011,2011-12-31,145764,6666,6,5.3648681640625
SASRec,2011,2011-12-31,145764,296,7,5.266018867492676
SASRec,2011,2011-12-31,145764,1252,8,5.198832988739014
SASRec,2011,2011-12-31,145764,55820,9,5.180155277252197
SASRec,2011,2011-12-31,145764,4226,10,5.111958980560303
SASRec,2011,2011-12-31,145782,1644,1,6.3862624168396
SASRec,2011,2011-12-31,145782,1882,2,6.217756271362305
SASRec,2011,2011-12-31,145782,1438,3,6.064865589141846
SASRec,2011,2011-12-31,145782,673,4,6.024016857147217
SASRec,2011,2011-12-31,145782,1037,5,6.009891033172607
SASRec,2011,2011-12-31,145782,2717,6,5.87660026550293
SASRec,2011,2011-12-31,145782,3438,7,5.844877243041992
SASRec,2011,2011-12-31,145782,2722,8,5.704991340637207
SASRec,2011,2011-12-31,145782,1590,9,5.669320106506348
SASRec,2011,2011-12-31,145782,1831,10,5.648192405700684
SASRec,2011,2011-12-31,145849,58559,1,6.29757833480835
SASRec,2011,2011-12-31,145849,72407,2,6.256209850311279
SASRec,2011,2011-12-31,145849,72998,3,6.232333183288574
SASRec,2011,2011-12-31,145849,61132,4,6.176671028137207
SASRec,2011,2011-12-31,145849,70286,5,6.028975963592529
SASRec,2011,2011-12-31,145849,60037,6,5.94581413269043
SASRec,2011,2011-12-31,145849,60074,7,5.937270641326904
SASRec,2011,2011-12-31,145849,58025,8,5.93118143081665
SASRec,2011,2011-12-31,145849,52722,9,5.8833909034729
SASRec,2011,2011-12-31,145849,56367,10,5.825901985168457
SASRec,2011,2011-12-31,146307,58559,1,6.8621954917907715
SASRec,2011,2011-12-31,146307,56367,2,6.353608131408691
SASRec,2011,2011-12-31,146307,48516,3,6.333545684814453
SASRec,2011,2011-12-31,146307,63082,4,6.200125694274902
SASRec,2011,2011-12-31,146307,56174,5,6.017796993255615
SASRec,2011,2011-12-31,146307,51662,6,5.932190895080566
SASRec,2011,2011-12-31,146307,44665,7,5.811206340789795
SASRec,2011,2011-12-31,146307,48774,8,5.808769226074219
SASRec,2011,2011-12-31,146307,35836,9,5.790000915527344
SASRec,2011,2011-12-31,146307,47099,10,5.721683979034424
SASRec,2011,2011-12-31,146615,58559,1,7.991044044494629
SASRec,2011,2011-12-31,146615,48516,2,7.625652313232422
SASRec,2011,2011-12-31,146615,55820,3,7.509359359741211
SASRec,2011,2011-12-31,146615,56367,4,7.409323215484619
SASRec,2011,2011-12-31,146615,56174,5,7.367098808288574
SASRec,2011,2011-12-31,146615,48774,6,7.286959648132324
SASRec,2011,2011-12-31,146615,51662,7,7.161832332611084
SASRec,2011,2011-12-31,146615,70286,8,7.089028358459473
SASRec,2011,2011-12-31,146615,60069,9,7.032095432281494
SASRec,2011,2011-12-31,146615,49272,10,6.907547950744629
SASRec,2011,2011-12-31,146707,296,1,8.497663497924805
SASRec,2011,2011-12-31,146707,7361,2,8.060846328735352
SASRec,2011,2011-12-31,146707,6539,3,8.025708198547363
SASRec,2011,2011-12-31,146707,4226,4,7.992938995361328
SASRec,2011,2011-12-31,146707,32,5,7.837255001068115
SASRec,2011,2011-12-31,146707,593,6,7.812195301055908
SASRec,2011,2011-12-31,146707,50,7,7.7927656173706055
SASRec,2011,2011-12-31,146707,4306,8,7.725880146026611
SASRec,2011,2011-12-31,146707,47,9,7.709711074829102
SASRec,2011,2011-12-31,146707,780,10,7.689716339111328
SASRec,2011,2011-12-31,147219,76251,1,6.987475395202637
SASRec,2011,2011-12-31,147219,56174,2,6.931985855102539
SASRec,2011,2011-12-31,147219,73017,3,6.761810302734375
SASRec,2011,2011-12-31,147219,71535,4,6.759904384613037
SASRec,2011,2011-12-31,147219,59315,5,6.698190212249756
SASRec,2011,2011-12-31,147219,74458,6,6.683094024658203
SASRec,2011,2011-12-31,147219,55820,7,6.676308631896973
SASRec,2011,2011-12-31,147219,60069,8,6.664736270904541
SASRec,2011,2011-12-31,147219,64614,9,6.4179511070251465
SASRec,2011,2011-12-31,147219,79702,10,6.36421012878418
SASRec,2011,2011-12-31,147260,1219,1,7.955732345581055
SASRec,2011,2011-12-31,147260,1258,2,7.906002044677734
SASRec,2011,2011-12-31,147260,1214,3,7.90333890914917
SASRec,2011,2011-12-31,147260,904,4,7.8029608726501465
SASRec,2011,2011-12-31,147260,4226,5,7.716455936431885
SASRec,2011,2011-12-31,147260,923,6,7.669899940490723
SASRec,2011,2011-12-31,147260,912,7,7.6195969581604
SASRec,2011,2011-12-31,147260,5952,8,7.607893466949463
SASRec,2011,2011-12-31,147260,1222,9,7.602260112762451
SASRec,2011,2011-12-31,147260,1221,10,7.5996551513671875
SASRec,2011,2011-12-31,147316,58559,1,7.513981342315674
SASRec,2011,2011-12-31,147316,68157,2,7.36326265335083
SASRec,2011,2011-12-31,147316,68954,3,7.264379024505615
SASRec,2011,2011-12-31,147316,63082,4,7.256346225738525
SASRec,2011,2011-12-31,147316,76251,5,6.993014812469482
SASRec,2011,2011-12-31,147316,56174,6,6.856203556060791
SASRec,2011,2011-12-31,147316,69122,7,6.836296081542969
SASRec,2011,2011-12-31,147316,55820,8,6.7808098793029785
SASRec,2011,2011-12-31,147316,60069,9,6.7364397048950195
SASRec,2011,2011-12-31,147316,73017,10,6.715223789215088
SASRec,2011,2011-12-31,147821,150,1,5.511468887329102
SASRec,2011,2011-12-31,147821,457,2,5.213963508605957
SASRec,2011,2011-12-31,147821,589,3,5.211648941040039
SASRec,2011,2011-12-31,147821,215,4,4.648155212402344
SASRec,2011,2011-12-31,147821,590,5,4.596854209899902
SASRec,2011,2011-12-31,147821,1265,6,4.3232197761535645
SASRec,2011,2011-12-31,147821,2731,7,4.218481063842773
SASRec,2011,2011-12-31,147821,7090,8,4.091495513916016
SASRec,2011,2011-12-31,147821,5291,9,4.036728858947754
SASRec,2011,2011-12-31,147821,63082,10,3.9980623722076416
SASRec,2011,2011-12-31,148062,3753,1,8.107513427734375
SASRec,2011,2011-12-31,148062,2012,2,8.102251052856445
SASRec,2011,2011-12-31,148062,3623,3,7.894842624664307
SASRec,2011,2011-12-31,148062,3717,4,7.796516418457031
SASRec,2011,2011-12-31,148062,3977,5,7.74642276763916
SASRec,2011,2011-12-31,148062,3948,6,7.476973533630371
SASRec,2011,2011-12-31,148062,1573,7,7.455655574798584
SASRec,2011,2011-12-31,148062,2115,8,7.4503936767578125
SASRec,2011,2011-12-31,148062,5445,9,7.432891845703125
SASRec,2011,2011-12-31,148062,1544,10,7.400127410888672
SASRec,2011,2011-12-31,148076,55820,1,6.945084571838379
SASRec,2011,2011-12-31,148076,48516,2,6.693537712097168
SASRec,2011,2011-12-31,148076,70286,3,6.6410932540893555
SASRec,2011,2011-12-31,148076,59315,4,6.578589916229248
SASRec,2011,2011-12-31,148076,858,5,6.536924839019775
SASRec,2011,2011-12-31,148076,68954,6,6.454733848571777
SASRec,2011,2011-12-31,148076,904,7,6.439615249633789
SASRec,2011,2011-12-31,148076,750,8,6.402390480041504
SASRec,2011,2011-12-31,148076,63082,9,6.378779888153076
SASRec,2011,2011-12-31,148076,1214,10,6.378424167633057
SASRec,2011,2011-12-31,148282,55820,1,5.406002998352051
SASRec,2011,2011-12-31,148282,63082,2,5.216843605041504
SASRec,2011,2011-12-31,148282,68954,3,5.161184310913086
SASRec,2011,2011-12-31,148282,48516,4,5.1513214111328125
SASRec,2011,2011-12-31,148282,66097,5,5.136889457702637
SASRec,2011,2011-12-31,148282,70286,6,5.133220672607422
SASRec,2011,2011-12-31,148282,68157,7,5.064393997192383
SASRec,2011,2011-12-31,148282,71464,8,4.8702392578125
SASRec,2011,2011-12-31,148282,69481,9,4.820680618286133
SASRec,2011,2011-12-31,148282,56367,10,4.786405563354492
SASRec,2011,2011-12-31,148322,77561,1,6.581672668457031
SASRec,2011,2011-12-31,148322,78105,2,6.330429553985596
SASRec,2011,2011-12-31,148322,79293,3,6.263034820556641
SASRec,2011,2011-12-31,148322,80489,4,6.248757362365723
SASRec,2011,2011-12-31,148322,68157,5,6.152493000030518
SASRec,2011,2011-12-31,148322,74275,6,6.111656188964844
SASRec,2011,2011-12-31,148322,74795,7,6.087186336517334
SASRec,2011,2011-12-31,148322,74156,8,6.002268314361572
SASRec,2011,2011-12-31,148322,72407,9,5.981592655181885
SASRec,2011,2011-12-31,148322,74948,10,5.966641426086426
SASRec,2011,2011-12-31,148399,72998,1,6.794175148010254
SASRec,2011,2011-12-31,148399,68157,2,6.614230155944824
SASRec,2011,2011-12-31,148399,76251,3,6.588759422302246
SASRec,2011,2011-12-31,148399,68954,4,6.573733329772949
SASRec,2011,2011-12-31,148399,71518,5,6.407893657684326
SASRec,2011,2011-12-31,148399,69122,6,6.371482849121094
SASRec,2011,2011-12-31,148399,79293,7,6.07805871963501
SASRec,2011,2011-12-31,148399,71535,8,6.035599708557129
SASRec,2011,2011-12-31,148399,68358,9,6.009504318237305
SASRec,2011,2011-12-31,148399,74275,10,5.960812091827393
SASRec,2011,2011-12-31,148736,8197,1,4.783237457275391
SASRec,2011,2011-12-31,148736,44555,2,4.761809349060059
SASRec,2011,2011-12-31,148736,34542,3,4.608466625213623
SASRec,2011,2011-12-31,148736,55820,4,4.570521354675293
SASRec,2011,2011-12-31,148736,25788,5,4.508574962615967
SASRec,2011,2011-12-31,148736,7749,6,4.50342321395874
SASRec,2011,2011-12-31,148736,55444,7,4.495896339416504
SASRec,2011,2011-12-31,148736,64575,8,4.445923805236816
SASRec,2011,2011-12-31,148736,7013,9,4.408391952514648
SASRec,2011,2011-12-31,148736,47721,10,4.373665809631348
SASRec,2011,2011-12-31,148821,77561,1,6.5699381828308105
SASRec,2011,2011-12-31,148821,71518,2,6.4855427742004395
SASRec,2011,2011-12-31,148821,78105,3,6.362051010131836
SASRec,2011,2011-12-31,148821,72407,4,6.007529258728027
SASRec,2011,2011-12-31,148821,74795,5,5.944964408874512
SASRec,2011,2011-12-31,148821,79702,6,5.926637649536133
SASRec,2011,2011-12-31,148821,74156,7,5.85658597946167
SASRec,2011,2011-12-31,148821,74948,8,5.844397068023682
SASRec,2011,2011-12-31,148821,70663,9,5.829390525817871
SASRec,2011,2011-12-31,148821,68159,10,5.825877666473389
SASRec,2011,2011-12-31,148896,70286,1,6.744667053222656
SASRec,2011,2011-12-31,148896,58559,2,6.696693420410156
SASRec,2011,2011-12-31,148896,68157,3,6.588022708892822
SASRec,2011,2011-12-31,148896,68954,4,6.564767837524414
SASRec,2011,2011-12-31,148896,56174,5,6.523410797119141
SASRec,2011,2011-12-31,148896,63082,6,6.422635078430176
SASRec,2011,2011-12-31,148896,73017,7,6.361230850219727
SASRec,2011,2011-12-31,148896,61132,8,6.337456226348877
SASRec,2011,2011-12-31,148896,76251,9,6.328336238861084
SASRec,2011,2011-12-31,148896,69122,10,6.263328552246094
SASRec,2011,2011-12-31,149314,72407,1,4.9570088386535645
SASRec,2011,2011-12-31,149314,56171,2,4.909519195556641
SASRec,2011,2011-12-31,149314,63992,3,4.894776821136475
SASRec,2011,2011-12-31,149314,62081,4,4.885951995849609
SASRec,2011,2011-12-31,149314,53996,5,4.868540287017822
SASRec,2011,2011-12-31,149314,56145,6,4.832747936248779
SASRec,2011,2011-12-31,149314,63131,7,4.786655902862549
SASRec,2011,2011-12-31,149314,70336,8,4.75961971282959
SASRec,2011,2011-12-31,149314,61248,9,4.736240386962891
SASRec,2011,2011-12-31,149314,67087,10,4.693179607391357
SASRec,2011,2011-12-31,149720,72998,1,6.84588623046875
SASRec,2011,2011-12-31,149720,76251,2,6.68189811706543
SASRec,2011,2011-12-31,149720,70286,3,6.673531532287598
SASRec,2011,2011-12-31,149720,68954,4,6.5655412673950195
SASRec,2011,2011-12-31,149720,72407,5,6.56035041809082
SASRec,2011,2011-12-31,149720,71518,6,6.543608665466309
SASRec,2011,2011-12-31,149720,68157,7,6.513650894165039
SASRec,2011,2011-12-31,149720,77561,8,6.507992744445801
SASRec,2011,2011-12-31,149720,73017,9,6.409280776977539
SASRec,2011,2011-12-31,149720,69122,10,6.343260765075684
SASRec,2011,2011-12-31,149773,48516,1,6.966133117675781
SASRec,2011,2011-12-31,149773,58559,2,6.506830215454102
SASRec,2011,2011-12-31,149773,56367,3,6.46733283996582
SASRec,2011,2011-12-31,149773,48774,4,6.325031280517578
SASRec,2011,2011-12-31,149773,46578,5,6.2930827140808105
SASRec,2011,2011-12-31,149773,55820,6,6.283086776733398
SASRec,2011,2011-12-31,149773,6016,7,6.172021389007568
SASRec,2011,2011-12-31,149773,32587,8,6.170083045959473
SASRec,2011,2011-12-31,149773,44195,9,6.079019546508789
SASRec,2011,2011-12-31,149773,46976,10,6.017338275909424
SASRec,2011,2011-12-31,150594,71518,1,6.169417381286621
SASRec,2011,2011-12-31,150594,71108,2,5.73382568359375
SASRec,2011,2011-12-31,150594,77206,3,5.414340496063232
SASRec,2011,2011-12-31,150594,68159,4,5.251662731170654
SASRec,2011,2011-12-31,150594,74916,5,5.250183582305908
SASRec,2011,2011-12-31,150594,73027,6,5.208133697509766
SASRec,2011,2011-12-31,150594,78105,7,5.198108673095703
SASRec,2011,2011-12-31,150594,78116,8,5.1949052810668945
SASRec,2011,2011-12-31,150594,74948,9,5.1823835372924805
SASRec,2011,2011-12-31,150594,71450,10,5.064596176147461
SASRec,2011,2011-12-31,150674,4226,1,5.561055660247803
SASRec,2011,2011-12-31,150674,1247,2,5.531601428985596
SASRec,2011,2011-12-31,150674,1784,3,5.195823669433594
SASRec,2011,2011-12-31,150674,2542,4,5.146163463592529
SASRec,2011,2011-12-31,150674,1136,5,5.11750602722168
SASRec,2011,2011-12-31,150674,4848,6,5.113527774810791
SASRec,2011,2011-12-31,150674,4262,7,5.056234836578369
SASRec,2011,2011-12-31,150674,2762,8,5.048317909240723
SASRec,2011,2011-12-31,150674,5995,9,4.977769374847412
SASRec,2011,2011-12-31,150674,4211,10,4.956974983215332
SASRec,2011,2011-12-31,150869,44555,1,5.688748836517334
SASRec,2011,2011-12-31,150869,48516,2,5.639009475708008
SASRec,2011,2011-12-31,150869,2731,3,5.6099371910095215
SASRec,2011,2011-12-31,150869,541,4,5.551140785217285
SASRec,2011,2011-12-31,150869,1213,5,5.3639235496521
SASRec,2011,2011-12-31,150869,1178,6,5.326428413391113
SASRec,2011,2011-12-31,150869,3435,7,5.313993453979492
SASRec,2011,2011-12-31,150869,1221,8,5.287361145019531
SASRec,2011,2011-12-31,150869,3022,9,5.277813911437988
SASRec,2011,2011-12-31,150869,1193,10,5.230531692504883
SASRec,2011,2011-12-31,150917,68954,1,7.266030788421631
SASRec,2011,2011-12-31,150917,68157,2,7.253906726837158
SASRec,2011,2011-12-31,150917,63082,3,7.192614555358887
SASRec,2011,2011-12-31,150917,56174,4,6.878145694732666
SASRec,2011,2011-12-31,150917,71535,5,6.846801280975342
SASRec,2011,2011-12-31,150917,69122,6,6.689090728759766
SASRec,2011,2011-12-31,150917,56367,7,6.668117523193359
SASRec,2011,2011-12-31,150917,74458,8,6.656136989593506
SASRec,2011,2011-12-31,150917,55820,9,6.653331756591797
SASRec,2011,2011-12-31,150917,64614,10,6.435697555541992
SASRec,2011,2011-12-31,151086,48516,1,7.97507381439209
SASRec,2011,2011-12-31,151086,7361,2,7.722161769866943
SASRec,2011,2011-12-31,151086,4226,3,7.705451965332031
SASRec,2011,2011-12-31,151086,48774,4,7.5834245681762695
SASRec,2011,2011-12-31,151086,56174,5,7.55639123916626
SASRec,2011,2011-12-31,151086,49272,6,7.452827453613281
SASRec,2011,2011-12-31,151086,63082,7,7.200121879577637
SASRec,2011,2011-12-31,151086,8636,8,7.162632942199707
SASRec,2011,2011-12-31,151086,48780,9,7.16163969039917
SASRec,2011,2011-12-31,151086,54286,10,7.062285423278809
SASRec,2011,2011-12-31,151104,38061,1,5.543297290802002
SASRec,2011,2011-12-31,151104,46976,2,5.3862833976745605
SASRec,2011,2011-12-31,151104,48774,3,5.36850118637085
SASRec,2011,2011-12-31,151104,44694,4,5.352728366851807
SASRec,2011,2011-12-31,151104,44195,5,5.334050178527832
SASRec,2011,2011-12-31,151104,32587,6,5.30511474609375
SASRec,2011,2011-12-31,151104,44761,7,5.259031772613525
SASRec,2011,2011-12-31,151104,8910,8,5.217133522033691
SASRec,2011,2011-12-31,151104,45950,9,5.2147932052612305
SASRec,2011,2011-12-31,151104,41285,10,5.214169502258301
SASRec,2011,2011-12-31,151703,77561,1,5.5657734870910645
SASRec,2011,2011-12-31,151703,71518,2,5.396513938903809
SASRec,2011,2011-12-31,151703,78105,3,5.296067237854004
SASRec,2011,2011-12-31,151703,68159,4,5.2415289878845215
SASRec,2011,2011-12-31,151703,56174,5,5.197309494018555
SASRec,2011,2011-12-31,151703,79702,6,5.194893836975098
SASRec,2011,2011-12-31,151703,63131,7,5.166614532470703
SASRec,2011,2011-12-31,151703,71520,8,5.065512657165527
SASRec,2011,2011-12-31,151703,80489,9,5.038311958312988
SASRec,2011,2011-12-31,151703,72395,10,5.0139994621276855
SASRec,2011,2011-12-31,151871,58559,1,7.460484981536865
SASRec,2011,2011-12-31,151871,70286,2,7.391167163848877
SASRec,2011,2011-12-31,151871,68157,3,7.142355918884277
SASRec,2011,2011-12-31,151871,63082,4,7.061802387237549
SASRec,2011,2011-12-31,151871,296,5,6.826723098754883
SASRec,2011,2011-12-31,151871,74458,6,6.783166408538818
SASRec,2011,2011-12-31,151871,48774,7,6.763757705688477
SASRec,2011,2011-12-31,151871,56367,8,6.753170967102051
SASRec,2011,2011-12-31,151871,59315,9,6.739102840423584
SASRec,2011,2011-12-31,151871,2959,10,6.7374444007873535
SASRec,2011,2011-12-31,151948,778,1,7.574145793914795
SASRec,2011,2011-12-31,151948,293,2,7.070006847381592
SASRec,2011,2011-12-31,151948,39,3,6.6692657470703125
SASRec,2011,2011-12-31,151948,1080,4,6.662814140319824
SASRec,2011,2011-12-31,151948,1222,5,6.631285190582275
SASRec,2011,2011-12-31,151948,111,6,6.627433776855469
SASRec,2011,2011-12-31,151948,2542,7,6.622652053833008
SASRec,2011,2011-12-31,151948,6,8,6.592517852783203
SASRec,2011,2011-12-31,151948,260,9,6.5562872886657715
SASRec,2011,2011-12-31,151948,541,10,6.516824245452881
SASRec,2011,2011-12-31,152115,7361,1,8.168538093566895
SASRec,2011,2011-12-31,152115,4226,2,7.917699337005615
SASRec,2011,2011-12-31,152115,4306,3,7.8072075843811035
SASRec,2011,2011-12-31,152115,6874,4,7.549918174743652
SASRec,2011,2011-12-31,152115,4886,5,7.400267124176025
SASRec,2011,2011-12-31,152115,33794,6,7.387537956237793
SASRec,2011,2011-12-31,152115,5952,7,7.365460395812988
SASRec,2011,2011-12-31,152115,8636,8,7.331283092498779
SASRec,2011,2011-12-31,152115,5418,9,7.275564193725586
SASRec,2011,2011-12-31,152115,4993,10,7.260758399963379
SASRec,2011,2011-12-31,152182,70286,1,7.388953685760498
SASRec,2011,2011-12-31,152182,72998,2,7.256628513336182
SASRec,2011,2011-12-31,152182,68954,3,7.189816474914551
SASRec,2011,2011-12-31,152182,76251,4,7.114636421203613
SASRec,2011,2011-12-31,152182,71535,5,6.744992256164551
SASRec,2011,2011-12-31,152182,73017,6,6.734216213226318
SASRec,2011,2011-12-31,152182,56174,7,6.665414810180664
SASRec,2011,2011-12-31,152182,74458,8,6.6219482421875
SASRec,2011,2011-12-31,152182,71518,9,6.612276077270508
SASRec,2011,2011-12-31,152182,77561,10,6.5504069328308105
SASRec,2011,2011-12-31,152232,55820,1,7.1414666175842285
SASRec,2011,2011-12-31,152232,76251,2,6.953854560852051
SASRec,2011,2011-12-31,152232,60069,3,6.7740349769592285
SASRec,2011,2011-12-31,152232,71535,4,6.759791374206543
SASRec,2011,2011-12-31,152232,48516,5,6.70709753036499
SASRec,2011,2011-12-31,152232,73017,6,6.536158561706543
SASRec,2011,2011-12-31,152232,56174,7,6.536086082458496
SASRec,2011,2011-12-31,152232,59315,8,6.477274417877197
SASRec,2011,2011-12-31,152232,48774,9,6.405570983886719
SASRec,2011,2011-12-31,152232,69481,10,6.375483989715576
SASRec,2011,2011-12-31,152508,68954,1,6.842538356781006
SASRec,2011,2011-12-31,152508,76251,2,6.8154072761535645
SASRec,2011,2011-12-31,152508,69122,3,6.623325347900391
SASRec,2011,2011-12-31,152508,77561,4,6.599293231964111
SASRec,2011,2011-12-31,152508,63082,5,6.5060648918151855
SASRec,2011,2011-12-31,152508,71518,6,6.412169933319092
SASRec,2011,2011-12-31,152508,74458,7,6.392472743988037
SASRec,2011,2011-12-31,152508,68358,8,6.301680088043213
SASRec,2011,2011-12-31,152508,79702,9,6.283560276031494
SASRec,2011,2011-12-31,152508,78499,10,6.235692501068115
SASRec,2011,2011-12-31,152554,70286,1,7.425999641418457
SASRec,2011,2011-12-31,152554,68157,2,6.919972896575928
SASRec,2011,2011-12-31,152554,74458,3,6.776238918304443
SASRec,2011,2011-12-31,152554,68954,4,6.681769847869873
SASRec,2011,2011-12-31,152554,71535,5,6.629554271697998
SASRec,2011,2011-12-31,152554,32587,6,6.41185188293457
SASRec,2011,2011-12-31,152554,51662,7,6.410264492034912
SASRec,2011,2011-12-31,152554,72998,8,6.341085433959961
SASRec,2011,2011-12-31,152554,6539,9,6.315678119659424
SASRec,2011,2011-12-31,152554,76251,10,6.285261154174805
SASRec,2011,2011-12-31,152579,4226,1,7.1145920753479
SASRec,2011,2011-12-31,152579,48774,2,7.110238552093506
SASRec,2011,2011-12-31,152579,32587,3,7.084951877593994
SASRec,2011,2011-12-31,152579,46578,4,6.9045610427856445
SASRec,2011,2011-12-31,152579,55820,5,6.773141860961914
SASRec,2011,2011-12-31,152579,30707,6,6.771312713623047
SASRec,2011,2011-12-31,152579,49272,7,6.756354331970215
SASRec,2011,2011-12-31,152579,44195,8,6.734601974487305
SASRec,2011,2011-12-31,152579,48394,9,6.721315860748291
SASRec,2011,2011-12-31,152579,56174,10,6.641137599945068
SASRec,2011,2011-12-31,152894,71518,1,6.472721099853516
SASRec,2011,2011-12-31,152894,76251,2,6.449117660522461
SASRec,2011,2011-12-31,152894,72407,3,6.219076156616211
SASRec,2011,2011-12-31,152894,74275,4,6.060738563537598
SASRec,2011,2011-12-31,152894,77561,5,6.0030517578125
SASRec,2011,2011-12-31,152894,73017,6,5.990682601928711
SASRec,2011,2011-12-31,152894,79293,7,5.952602863311768
SASRec,2011,2011-12-31,152894,71520,8,5.896579265594482
SASRec,2011,2011-12-31,152894,68159,9,5.873236179351807
SASRec,2011,2011-12-31,152894,63082,10,5.85239839553833
SASRec,2011,2011-12-31,152994,68954,1,7.366272449493408
SASRec,2011,2011-12-31,152994,72998,2,7.261504173278809
SASRec,2011,2011-12-31,152994,56174,3,7.161936283111572
SASRec,2011,2011-12-31,152994,48774,4,6.845453262329102
SASRec,2011,2011-12-31,152994,76251,5,6.835742950439453
SASRec,2011,2011-12-31,152994,73017,6,6.636397361755371
SASRec,2011,2011-12-31,152994,54286,7,6.580778121948242
SASRec,2011,2011-12-31,152994,49272,8,6.473094940185547
SASRec,2011,2011-12-31,152994,68237,9,6.451092720031738
SASRec,2011,2011-12-31,152994,44191,10,6.367175102233887
SASRec,2011,2011-12-31,153172,72998,1,6.776547431945801
SASRec,2011,2011-12-31,153172,70286,2,6.7121171951293945
SASRec,2011,2011-12-31,153172,76251,3,6.587689399719238
SASRec,2011,2011-12-31,153172,68954,4,6.550506591796875
SASRec,2011,2011-12-31,153172,68157,5,6.538305282592773
SASRec,2011,2011-12-31,153172,77561,6,6.361991882324219
SASRec,2011,2011-12-31,153172,72407,7,6.30017614364624
SASRec,2011,2011-12-31,153172,71535,8,6.220220565795898
SASRec,2011,2011-12-31,153172,71518,9,6.213000297546387
SASRec,2011,2011-12-31,153172,56174,10,6.19590425491333
SASRec,2011,2011-12-31,153642,68157,1,6.456787109375
SASRec,2011,2011-12-31,153642,79702,2,6.250579833984375
SASRec,2011,2011-12-31,153642,78499,3,6.092072010040283
SASRec,2011,2011-12-31,153642,80489,4,6.051705360412598
SASRec,2011,2011-12-31,153642,79293,5,6.035948276519775
SASRec,2011,2011-12-31,153642,71535,6,5.969590187072754
SASRec,2011,2011-12-31,153642,80463,7,5.940394401550293
SASRec,2011,2011-12-31,153642,78105,8,5.932373523712158
SASRec,2011,2011-12-31,153642,74275,9,5.889241695404053
SASRec,2011,2011-12-31,153642,68237,10,5.781787395477295
SASRec,2011,2011-12-31,154095,110,1,8.269948959350586
SASRec,2011,2011-12-31,154095,589,2,7.752592086791992
SASRec,2011,2011-12-31,154095,32,3,7.506814002990723
SASRec,2011,2011-12-31,154095,593,4,7.4969940185546875
SASRec,2011,2011-12-31,154095,356,5,7.46653938293457
SASRec,2011,2011-12-31,154095,2571,6,7.364801406860352
SASRec,2011,2011-12-31,154095,50,7,7.28114652633667
SASRec,2011,2011-12-31,154095,150,8,7.277125358581543
SASRec,2011,2011-12-31,154095,457,9,7.247903347015381
SASRec,2011,2011-12-31,154095,377,10,7.2119622230529785
SASRec,2011,2011-12-31,154260,904,1,6.315406799316406
SASRec,2011,2011-12-31,154260,5291,2,6.188722610473633
SASRec,2011,2011-12-31,154260,541,3,6.1846699714660645
SASRec,2011,2011-12-31,154260,923,4,6.015515327453613
SASRec,2011,2011-12-31,154260,1252,5,5.92718505859375
SASRec,2011,2011-12-31,154260,912,6,5.838311672210693
SASRec,2011,2011-12-31,154260,1193,7,5.704288482666016
SASRec,2011,2011-12-31,154260,750,8,5.654498100280762
SASRec,2011,2011-12-31,154260,1196,9,5.645885467529297
SASRec,2011,2011-12-31,154260,1136,10,5.628257751464844
SASRec,2011,2011-12-31,154703,70286,1,6.813386917114258
SASRec,2011,2011-12-31,154703,76251,2,6.538546562194824
SASRec,2011,2011-12-31,154703,71535,3,6.288932800292969
SASRec,2011,2011-12-31,154703,73017,4,6.1894121170043945
SASRec,2011,2011-12-31,154703,68237,5,5.8522138595581055
SASRec,2011,2011-12-31,154703,59315,6,5.845768451690674
SASRec,2011,2011-12-31,154703,52319,7,5.712624549865723
SASRec,2011,2011-12-31,154703,68159,8,5.688866138458252
SASRec,2011,2011-12-31,154703,78499,9,5.672990322113037
SASRec,2011,2011-12-31,154703,77561,10,5.581326484680176
SASRec,2011,2011-12-31,154736,58559,1,8.280250549316406
SASRec,2011,2011-12-31,154736,70286,2,7.693652629852295
SASRec,2011,2011-12-31,154736,63082,3,7.358991622924805
SASRec,2011,2011-12-31,154736,56174,4,7.323274612426758
SASRec,2011,2011-12-31,154736,68157,5,7.309730052947998
SASRec,2011,2011-12-31,154736,68954,6,7.269766807556152
SASRec,2011,2011-12-31,154736,72998,7,7.242356300354004
SASRec,2011,2011-12-31,154736,60069,8,7.196101188659668
SASRec,2011,2011-12-31,154736,51662,9,6.991786956787109
SASRec,2011,2011-12-31,154736,48774,10,6.912230014801025
SASRec,2011,2011-12-31,154786,76251,1,6.90793514251709
SASRec,2011,2011-12-31,154786,71518,2,6.7932634353637695
SASRec,2011,2011-12-31,154786,68954,3,6.698238849639893
SASRec,2011,2011-12-31,154786,77561,4,6.625978469848633
SASRec,2011,2011-12-31,154786,79702,5,6.499122142791748
SASRec,2011,2011-12-31,154786,78499,6,6.369043827056885
SASRec,2011,2011-12-31,154786,80489,7,6.360621929168701
SASRec,2011,2011-12-31,154786,71535,8,6.166532516479492
SASRec,2011,2011-12-31,154786,78105,9,6.104935169219971
SASRec,2011,2011-12-31,154786,72407,10,6.090949058532715
SASRec,2011,2011-12-31,154973,76251,1,6.846260070800781
SASRec,2011,2011-12-31,154973,71535,2,6.490855693817139
SASRec,2011,2011-12-31,154973,68954,3,6.349281311035156
SASRec,2011,2011-12-31,154973,77561,4,6.3269500732421875
SASRec,2011,2011-12-31,154973,69122,5,6.1972832679748535
SASRec,2011,2011-12-31,154973,71518,6,6.047372817993164
SASRec,2011,2011-12-31,154973,79702,7,5.9513258934021
SASRec,2011,2011-12-31,154973,76093,8,5.699304580688477
SASRec,2011,2011-12-31,154973,66509,9,5.674843788146973
SASRec,2011,2011-12-31,154973,52319,10,5.6483964920043945
SASRec,2011,2011-12-31,155159,110,1,8.100379943847656
SASRec,2011,2011-12-31,155159,377,2,8.09520149230957
SASRec,2011,2011-12-31,155159,208,3,7.92179012298584
SASRec,2011,2011-12-31,155159,10,4,7.888282775878906
SASRec,2011,2011-12-31,155159,19,5,7.8774285316467285
SASRec,2011,2011-12-31,155159,165,6,7.843944549560547
SASRec,2011,2011-12-31,155159,480,7,7.618539810180664
SASRec,2011,2011-12-31,155159,589,8,7.568393707275391
SASRec,2011,2011-12-31,155159,6377,9,7.563450813293457
SASRec,2011,2011-12-31,155159,1527,10,7.516836166381836
SASRec,2011,2011-12-31,155172,74458,1,6.4507036209106445
SASRec,2011,2011-12-31,155172,44665,2,6.229753017425537
SASRec,2011,2011-12-31,155172,69122,3,6.0741777420043945
SASRec,2011,2011-12-31,155172,110,4,6.049175262451172
SASRec,2011,2011-12-31,155172,61132,5,6.031386852264404
SASRec,2011,2011-12-31,155172,2762,6,6.028804779052734
SASRec,2011,2011-12-31,155172,76251,7,6.024739742279053
SASRec,2011,2011-12-31,155172,54503,8,6.012305736541748
SASRec,2011,2011-12-31,155172,3147,9,6.011215686798096
SASRec,2011,2011-12-31,155172,2706,10,5.8860602378845215
SASRec,2011,2011-12-31,155185,48516,1,7.681285381317139
SASRec,2011,2011-12-31,155185,56367,2,7.504167556762695
SASRec,2011,2011-12-31,155185,51662,3,7.2940473556518555
SASRec,2011,2011-12-31,155185,56174,4,7.266643047332764
SASRec,2011,2011-12-31,155185,48774,5,7.248798370361328
SASRec,2011,2011-12-31,155185,44191,6,7.2329888343811035
SASRec,2011,2011-12-31,155185,55820,7,7.225943088531494
SASRec,2011,2011-12-31,155185,32587,8,7.164839744567871
SASRec,2011,2011-12-31,155185,44665,9,7.053139686584473
SASRec,2011,2011-12-31,155185,6016,10,6.960381984710693
SASRec,2011,2011-12-31,155435,72998,1,6.266647815704346
SASRec,2011,2011-12-31,155435,71518,2,6.190301895141602
SASRec,2011,2011-12-31,155435,72407,3,6.040505409240723
SASRec,2011,2011-12-31,155435,69122,4,5.838959693908691
SASRec,2011,2011-12-31,155435,73017,5,5.8211565017700195
SASRec,2011,2011-12-31,155435,79702,6,5.797764778137207
SASRec,2011,2011-12-31,155435,78499,7,5.782232284545898
SASRec,2011,2011-12-31,155435,71520,8,5.626070022583008
SASRec,2011,2011-12-31,155435,61132,9,5.543622970581055
SASRec,2011,2011-12-31,155435,58559,10,5.543473243713379
SASRec,2011,2011-12-31,155459,48516,1,7.76692008972168
SASRec,2011,2011-12-31,155459,48774,2,7.2599310874938965
SASRec,2011,2011-12-31,155459,56367,3,7.244061470031738
SASRec,2011,2011-12-31,155459,55820,4,7.1247711181640625
SASRec,2011,2011-12-31,155459,51662,5,7.067665100097656
SASRec,2011,2011-12-31,155459,44191,6,7.0096025466918945
SASRec,2011,2011-12-31,155459,48394,7,6.976402282714844
SASRec,2011,2011-12-31,155459,56174,8,6.934309005737305
SASRec,2011,2011-12-31,155459,49272,9,6.925195693969727
SASRec,2011,2011-12-31,155459,54286,10,6.644452095031738
SASRec,2011,2011-12-31,155671,71518,1,6.386085033416748
SASRec,2011,2011-12-31,155671,74948,2,5.952366828918457
SASRec,2011,2011-12-31,155671,77206,3,5.936098575592041
SASRec,2011,2011-12-31,155671,74156,4,5.89225959777832
SASRec,2011,2011-12-31,155671,74275,5,5.787700176239014
SASRec,2011,2011-12-31,155671,74916,6,5.6730170249938965
SASRec,2011,2011-12-31,155671,73266,7,5.623998641967773
SASRec,2011,2011-12-31,155671,74688,8,5.592739105224609
SASRec,2011,2011-12-31,155671,70663,9,5.550925254821777
SASRec,2011,2011-12-31,155671,71135,10,5.475914001464844
SASRec,2011,2011-12-31,155683,76251,1,6.0151519775390625
SASRec,2011,2011-12-31,155683,77206,2,5.944325923919678
SASRec,2011,2011-12-31,155683,74948,3,5.667123317718506
SASRec,2011,2011-12-31,155683,80463,4,5.6569623947143555
SASRec,2011,2011-12-31,155683,74156,5,5.633831024169922
SASRec,2011,2011-12-31,155683,78105,6,5.632168292999268
SASRec,2011,2011-12-31,155683,68159,7,5.610264778137207
SASRec,2011,2011-12-31,155683,80489,8,5.597052574157715
SASRec,2011,2011-12-31,155683,79293,9,5.581432342529297
SASRec,2011,2011-12-31,155683,79702,10,5.521697998046875
SASRec,2011,2011-12-31,155698,110,1,8.122520446777344
SASRec,2011,2011-12-31,155698,780,2,7.800181865692139
SASRec,2011,2011-12-31,155698,589,3,7.679200649261475
SASRec,2011,2011-12-31,155698,2571,4,7.667482852935791
SASRec,2011,2011-12-31,155698,5445,5,7.610960006713867
SASRec,2011,2011-12-31,155698,4306,6,7.590251922607422
SASRec,2011,2011-12-31,155698,208,7,7.560664653778076
SASRec,2011,2011-12-31,155698,165,8,7.541360855102539
SASRec,2011,2011-12-31,155698,592,9,7.527303218841553
SASRec,2011,2011-12-31,155698,19,10,7.46693229675293
SASRec,2011,2011-12-31,155770,72407,1,5.127408027648926
SASRec,2011,2011-12-31,155770,63992,2,4.73311185836792
SASRec,2011,2011-12-31,155770,60037,3,4.669985771179199
SASRec,2011,2011-12-31,155770,61248,4,4.629459857940674
SASRec,2011,2011-12-31,155770,74275,5,4.491354465484619
SASRec,2011,2011-12-31,155770,71838,6,4.435179710388184
SASRec,2011,2011-12-31,155770,70663,7,4.421316623687744
SASRec,2011,2011-12-31,155770,67087,8,4.41676139831543
SASRec,2011,2011-12-31,155770,62999,9,4.4147162437438965
SASRec,2011,2011-12-31,155770,71518,10,4.368187427520752
SASRec,2011,2011-12-31,155780,48516,1,7.560098171234131
SASRec,2011,2011-12-31,155780,6016,2,7.2462568283081055
SASRec,2011,2011-12-31,155780,32587,3,6.911182880401611
SASRec,2011,2011-12-31,155780,55820,4,6.899985313415527
SASRec,2011,2011-12-31,155780,48774,5,6.735789775848389
SASRec,2011,2011-12-31,155780,50,6,6.626761436462402
SASRec,2011,2011-12-31,155780,30749,7,6.576133728027344
SASRec,2011,2011-12-31,155780,44191,8,6.563538551330566
SASRec,2011,2011-12-31,155780,27773,9,6.521180152893066
SASRec,2011,2011-12-31,155780,33794,10,6.4770283699035645
SASRec,2011,2011-12-31,155807,1037,1,6.5968523025512695
SASRec,2011,2011-12-31,155807,673,2,6.5583696365356445
SASRec,2011,2011-12-31,155807,2080,3,6.454471588134766
SASRec,2011,2011-12-31,155807,1405,4,6.360241889953613
SASRec,2011,2011-12-31,155807,1027,5,6.32425594329834
SASRec,2011,2011-12-31,155807,661,6,6.306047439575195
SASRec,2011,2011-12-31,155807,1282,7,6.286638259887695
SASRec,2011,2011-12-31,155807,1438,8,6.282773494720459
SASRec,2011,2011-12-31,155807,1339,9,6.241164207458496
SASRec,2011,2011-12-31,155807,2161,10,6.237798690795898
SASRec,2011,2011-12-31,155914,72407,1,6.676568031311035
SASRec,2011,2011-12-31,155914,76251,2,6.649038791656494
SASRec,2011,2011-12-31,155914,73017,3,6.630977153778076
SASRec,2011,2011-12-31,155914,71535,4,6.493000507354736
SASRec,2011,2011-12-31,155914,77561,5,6.41977596282959
SASRec,2011,2011-12-31,155914,71518,6,6.323486328125
SASRec,2011,2011-12-31,155914,74458,7,6.2929463386535645
SASRec,2011,2011-12-31,155914,68319,8,6.260243892669678
SASRec,2011,2011-12-31,155914,74789,9,6.253787040710449
SASRec,2011,2011-12-31,155914,79702,10,6.152121543884277
SASRec,2011,2011-12-31,156467,46664,1,5.393125534057617
SASRec,2011,2011-12-31,156467,71108,2,5.021223545074463
SASRec,2011,2011-12-31,156467,71033,3,4.896039009094238
SASRec,2011,2011-12-31,156467,60382,4,4.857511520385742
SASRec,2011,2011-12-31,156467,8197,5,4.7829976081848145
SASRec,2011,2011-12-31,156467,8684,6,4.781476974487305
SASRec,2011,2011-12-31,156467,63876,7,4.6443657875061035
SASRec,2011,2011-12-31,156467,7043,8,4.629108905792236
SASRec,2011,2011-12-31,156467,68157,9,4.577037334442139
SASRec,2011,2011-12-31,156467,42094,10,4.575547695159912
SASRec,2011,2011-12-31,156562,68954,1,7.05827522277832
SASRec,2011,2011-12-31,156562,69122,2,6.796288013458252
SASRec,2011,2011-12-31,156562,77561,3,6.761843204498291
SASRec,2011,2011-12-31,156562,63082,4,6.71044921875
SASRec,2011,2011-12-31,156562,73017,5,6.6113386154174805
SASRec,2011,2011-12-31,156562,71535,6,6.598487377166748
SASRec,2011,2011-12-31,156562,79702,7,6.542811870574951
SASRec,2011,2011-12-31,156562,68358,8,6.516941547393799
SASRec,2011,2011-12-31,156562,78499,9,6.39060640335083
SASRec,2011,2011-12-31,156562,72407,10,6.370671272277832
SASRec,2011,2011-12-31,156669,7361,1,7.868572235107422
SASRec,2011,2011-12-31,156669,110,2,7.826557159423828
SASRec,2011,2011-12-31,156669,1221,3,7.685488700866699
SASRec,2011,2011-12-31,156669,32,4,7.3149614334106445
SASRec,2011,2011-12-31,156669,48516,5,7.265580654144287
SASRec,2011,2011-12-31,156669,904,6,7.227294921875
SASRec,2011,2011-12-31,156669,912,7,7.219040870666504
SASRec,2011,2011-12-31,156669,1252,8,7.0862531661987305
SASRec,2011,2011-12-31,156669,4306,9,7.038267135620117
SASRec,2011,2011-12-31,156669,1,10,6.926168441772461
SASRec,2011,2011-12-31,156708,1247,1,6.626762390136719
SASRec,2011,2011-12-31,156708,1230,2,6.573444366455078
SASRec,2011,2011-12-31,156708,1304,3,6.491446018218994
SASRec,2011,2011-12-31,156708,1080,4,6.490148544311523
SASRec,2011,2011-12-31,156708,904,5,6.459521770477295
SASRec,2011,2011-12-31,156708,3671,6,6.427371025085449
SASRec,2011,2011-12-31,156708,3735,7,6.413384914398193
SASRec,2011,2011-12-31,156708,4226,8,6.407801628112793
SASRec,2011,2011-12-31,156708,3683,9,6.3998823165893555
SASRec,2011,2011-12-31,156708,3424,10,6.374142646789551
SASRec,2011,2011-12-31,157004,70286,1,7.2231879234313965
SASRec,2011,2011-12-31,157004,56174,2,7.207627296447754
SASRec,2011,2011-12-31,157004,55820,3,7.14675235748291
SASRec,2011,2011-12-31,157004,48516,4,7.070340156555176
SASRec,2011,2011-12-31,157004,56367,5,7.061356067657471
SASRec,2011,2011-12-31,157004,68954,6,6.895974159240723
SASRec,2011,2011-12-31,157004,60069,7,6.852897644042969
SASRec,2011,2011-12-31,157004,59315,8,6.809648513793945
SASRec,2011,2011-12-31,157004,72998,9,6.79245662689209
SASRec,2011,2011-12-31,157004,48774,10,6.727849006652832
SASRec,2011,2011-12-31,157087,70286,1,7.038370609283447
SASRec,2011,2011-12-31,157087,76251,2,6.763926029205322
SASRec,2011,2011-12-31,157087,69481,3,6.314440727233887
SASRec,2011,2011-12-31,157087,74458,4,6.309586048126221
SASRec,2011,2011-12-31,157087,79702,5,6.038271427154541
SASRec,2011,2011-12-31,157087,68358,6,6.006753921508789
SASRec,2011,2011-12-31,157087,80463,7,5.834274768829346
SASRec,2011,2011-12-31,157087,68159,8,5.807215690612793
SASRec,2011,2011-12-31,157087,57669,9,5.774435043334961
SASRec,2011,2011-12-31,157087,67255,10,5.681301593780518
SASRec,2011,2011-12-31,157154,56174,1,7.228903293609619
SASRec,2011,2011-12-31,157154,48516,2,7.200067520141602
SASRec,2011,2011-12-31,157154,4226,3,6.9445319175720215
SASRec,2011,2011-12-31,157154,56367,4,6.789754867553711
SASRec,2011,2011-12-31,157154,33794,5,6.6902055740356445
SASRec,2011,2011-12-31,157154,35836,6,6.610150337219238
SASRec,2011,2011-12-31,157154,63082,7,6.583321571350098
SASRec,2011,2011-12-31,157154,34162,8,6.567965984344482
SASRec,2011,2011-12-31,157154,5418,9,6.391483783721924
SASRec,2011,2011-12-31,157154,44195,10,6.3813157081604
SASRec,2011,2011-12-31,157582,1196,1,6.620622634887695
SASRec,2011,2011-12-31,157582,318,2,6.5792694091796875
SASRec,2011,2011-12-31,157582,1252,3,6.305373191833496
SASRec,2011,2011-12-31,157582,1193,4,6.191425323486328
SASRec,2011,2011-12-31,157582,1198,5,6.110162734985352
SASRec,2011,2011-12-31,157582,48516,6,6.017948150634766
SASRec,2011,2011-12-31,157582,260,7,5.976283550262451
SASRec,2011,2011-12-31,157582,4226,8,5.863061904907227
SASRec,2011,2011-12-31,157582,58559,9,5.81213903427124
SASRec,2011,2011-12-31,157582,919,10,5.748998641967773
SASRec,2011,2011-12-31,157655,71518,1,6.7011494636535645
SASRec,2011,2011-12-31,157655,74458,2,6.609611988067627
SASRec,2011,2011-12-31,157655,73017,3,6.59089994430542
SASRec,2011,2011-12-31,157655,77561,4,6.565134048461914
SASRec,2011,2011-12-31,157655,79702,5,6.553862571716309
SASRec,2011,2011-12-31,157655,78499,6,6.429704666137695
SASRec,2011,2011-12-31,157655,80489,7,6.357536315917969
SASRec,2011,2011-12-31,157655,68358,8,6.350925445556641
SASRec,2011,2011-12-31,157655,79132,9,6.1987762451171875
SASRec,2011,2011-12-31,157655,59315,10,6.160825729370117
SASRec,2011,2011-12-31,157890,6539,1,8.290909767150879
SASRec,2011,2011-12-31,157890,4226,2,8.235881805419922
SASRec,2011,2011-12-31,157890,318,3,8.089137077331543
SASRec,2011,2011-12-31,157890,4306,4,8.030725479125977
SASRec,2011,2011-12-31,157890,589,5,8.026983261108398
SASRec,2011,2011-12-31,157890,5952,6,7.9417314529418945
SASRec,2011,2011-12-31,157890,4886,7,7.926527500152588
SASRec,2011,2011-12-31,157890,8636,8,7.833878040313721
SASRec,2011,2011-12-31,157890,4993,9,7.825404167175293
SASRec,2011,2011-12-31,157890,32,10,7.822040557861328
SASRec,2011,2011-12-31,158199,55820,1,6.170300483703613
SASRec,2011,2011-12-31,158199,58559,2,5.865028381347656
SASRec,2011,2011-12-31,158199,68157,3,5.769845962524414
SASRec,2011,2011-12-31,158199,68954,4,5.62531042098999
SASRec,2011,2011-12-31,158199,57669,5,5.470386505126953
SASRec,2011,2011-12-31,158199,63876,6,5.444334030151367
SASRec,2011,2011-12-31,158199,69481,7,5.442665100097656
SASRec,2011,2011-12-31,158199,70286,8,5.423321723937988
SASRec,2011,2011-12-31,158199,63082,9,5.379052639007568
SASRec,2011,2011-12-31,158199,66097,10,5.320180892944336
SASRec,2011,2011-12-31,158343,4226,1,7.462601661682129
SASRec,2011,2011-12-31,158343,318,2,7.250061988830566
SASRec,2011,2011-12-31,158343,55820,3,7.238883018493652
SASRec,2011,2011-12-31,158343,48516,4,7.076691627502441
SASRec,2011,2011-12-31,158343,50,5,6.97044038772583
SASRec,2011,2011-12-31,158343,110,6,6.865515232086182
SASRec,2011,2011-12-31,158343,541,7,6.740046501159668
SASRec,2011,2011-12-31,158343,593,8,6.730048656463623
SASRec,2011,2011-12-31,158343,48774,9,6.650759220123291
SASRec,2011,2011-12-31,158343,1193,10,6.6461501121521
SASRec,2011,2011-12-31,158576,110,1,7.343028545379639
SASRec,2011,2011-12-31,158576,58559,2,7.155527114868164
SASRec,2011,2011-12-31,158576,68157,3,6.816207408905029
SASRec,2011,2011-12-31,158576,74458,4,6.7772064208984375
SASRec,2011,2011-12-31,158576,59315,5,6.683597087860107
SASRec,2011,2011-12-31,158576,356,6,6.66654109954834
SASRec,2011,2011-12-31,158576,2959,7,6.656811237335205
SASRec,2011,2011-12-31,158576,60069,8,6.654685020446777
SASRec,2011,2011-12-31,158576,2762,9,6.639480113983154
SASRec,2011,2011-12-31,158576,68954,10,6.586662292480469
SASRec,2011,2011-12-31,158634,78266,1,5.210466384887695
SASRec,2011,2011-12-31,158634,72380,2,5.158027648925781
SASRec,2011,2011-12-31,158634,73268,3,5.125212669372559
SASRec,2011,2011-12-31,158634,79139,4,5.066916465759277
SASRec,2011,2011-12-31,158634,74275,5,4.84229850769043
SASRec,2011,2011-12-31,158634,78105,6,4.798232078552246
SASRec,2011,2011-12-31,158634,74156,7,4.696628570556641
SASRec,2011,2011-12-31,158634,68552,8,4.690781593322754
SASRec,2011,2011-12-31,158634,79293,9,4.60235071182251
SASRec,2011,2011-12-31,158634,73266,10,4.575774192810059
SASRec,2011,2011-12-31,158662,68157,1,6.964585304260254
SASRec,2011,2011-12-31,158662,71518,2,6.486676216125488
SASRec,2011,2011-12-31,158662,63082,3,6.470144271850586
SASRec,2011,2011-12-31,158662,79702,4,6.233901023864746
SASRec,2011,2011-12-31,158662,64614,5,6.142445087432861
SASRec,2011,2011-12-31,158662,80489,6,6.106349945068359
SASRec,2011,2011-12-31,158662,73017,7,6.0987725257873535
SASRec,2011,2011-12-31,158662,80463,8,6.048597812652588
SASRec,2011,2011-12-31,158662,68237,9,6.041930198669434
SASRec,2011,2011-12-31,158662,67255,10,5.969107627868652
SASRec,2011,2011-12-31,159211,51662,1,7.301872253417969
SASRec,2011,2011-12-31,159211,56367,2,7.031733512878418
SASRec,2011,2011-12-31,159211,72998,3,6.900535583496094
SASRec,2011,2011-12-31,159211,55820,4,6.778047561645508
SASRec,2011,2011-12-31,159211,63082,5,6.765964031219482
SASRec,2011,2011-12-31,159211,68954,6,6.64948844909668
SASRec,2011,2011-12-31,159211,71535,7,6.648494243621826
SASRec,2011,2011-12-31,159211,48516,8,6.613300800323486
SASRec,2011,2011-12-31,159211,61132,9,6.605082988739014
SASRec,2011,2011-12-31,159211,53125,10,6.592306137084961
SASRec,2011,2011-12-31,159649,38656,1,5.684582233428955
SASRec,2011,2011-12-31,159649,69489,2,5.647876262664795
SASRec,2011,2011-12-31,159649,51773,3,5.63419246673584
SASRec,2011,2011-12-31,159649,44601,4,5.427838325500488
SASRec,2011,2011-12-31,159649,78116,5,5.368375778198242
SASRec,2011,2011-12-31,159649,69908,6,5.359964370727539
SASRec,2011,2011-12-31,159649,26430,7,5.320725917816162
SASRec,2011,2011-12-31,159649,77330,8,5.285823822021484
SASRec,2011,2011-12-31,159649,73914,9,5.205671787261963
SASRec,2011,2011-12-31,159649,71108,10,5.199782848358154
SASRec,2011,2011-12-31,159661,48516,1,5.678316116333008
SASRec,2011,2011-12-31,159661,55820,2,5.660106182098389
SASRec,2011,2011-12-31,159661,57669,3,5.355252265930176
SASRec,2011,2011-12-31,159661,48774,4,4.9797468185424805
SASRec,2011,2011-12-31,159661,55444,5,4.91276216506958
SASRec,2011,2011-12-31,159661,69481,6,4.833103179931641
SASRec,2011,2011-12-31,159661,2731,7,4.823949813842773
SASRec,2011,2011-12-31,159661,60069,8,4.745701789855957
SASRec,2011,2011-12-31,159661,3022,9,4.7042951583862305
SASRec,2011,2011-12-31,159661,1252,10,4.703673839569092
SASRec,2011,2011-12-31,159685,63082,1,5.932236194610596
SASRec,2011,2011-12-31,159685,68954,2,5.65713357925415
SASRec,2011,2011-12-31,159685,63876,3,5.305344581604004
SASRec,2011,2011-12-31,159685,73017,4,5.252364158630371
SASRec,2011,2011-12-31,159685,57669,5,5.247065544128418
SASRec,2011,2011-12-31,159685,65130,6,5.229734420776367
SASRec,2011,2011-12-31,159685,71535,7,5.216833591461182
SASRec,2011,2011-12-31,159685,60069,8,5.2105302810668945
SASRec,2011,2011-12-31,159685,71464,9,5.207801818847656
SASRec,2011,2011-12-31,159685,66097,10,5.205449104309082
SASRec,2011,2011-12-31,160598,77561,1,5.959462642669678
SASRec,2011,2011-12-31,160598,80489,2,5.894476890563965
SASRec,2011,2011-12-31,160598,79293,3,5.889796733856201
SASRec,2011,2011-12-31,160598,74156,4,5.8494873046875
SASRec,2011,2011-12-31,160598,79224,5,5.79426383972168
SASRec,2011,2011-12-31,160598,74795,6,5.793810844421387
SASRec,2011,2011-12-31,160598,78266,7,5.751341819763184
SASRec,2011,2011-12-31,160598,74688,8,5.635217189788818
SASRec,2011,2011-12-31,160598,73027,9,5.634052276611328
SASRec,2011,2011-12-31,160598,80463,10,5.630852222442627
SASRec,2011,2011-12-31,160617,63876,1,5.02542781829834
SASRec,2011,2011-12-31,160617,55820,2,4.989821434020996
SASRec,2011,2011-12-31,160617,7938,3,4.967830181121826
SASRec,2011,2011-12-31,160617,46664,4,4.930906772613525
SASRec,2011,2011-12-31,160617,6666,5,4.822956085205078
SASRec,2011,2011-12-31,160617,7043,6,4.761355400085449
SASRec,2011,2011-12-31,160617,57669,7,4.608667373657227
SASRec,2011,2011-12-31,160617,71108,8,4.589334487915039
SASRec,2011,2011-12-31,160617,25788,9,4.544279098510742
SASRec,2011,2011-12-31,160617,8125,10,4.528066158294678
SASRec,2011,2011-12-31,160765,48516,1,5.430390357971191
SASRec,2011,2011-12-31,160765,6016,2,5.330319404602051
SASRec,2011,2011-12-31,160765,47629,3,5.182683944702148
SASRec,2011,2011-12-31,160765,55820,4,5.151074409484863
SASRec,2011,2011-12-31,160765,48774,5,5.1017255783081055
SASRec,2011,2011-12-31,160765,27773,6,5.071809768676758
SASRec,2011,2011-12-31,160765,44761,7,5.059586048126221
SASRec,2011,2011-12-31,160765,44555,8,5.045449733734131
SASRec,2011,2011-12-31,160765,44694,9,5.037519454956055
SASRec,2011,2011-12-31,160765,41285,10,5.015262603759766
SASRec,2011,2011-12-31,161321,55820,1,6.913180351257324
SASRec,2011,2011-12-31,161321,48516,2,6.867047309875488
SASRec,2011,2011-12-31,161321,63082,3,6.784145832061768
SASRec,2011,2011-12-31,161321,56367,4,6.586627006530762
SASRec,2011,2011-12-31,161321,68157,5,6.521595001220703
SASRec,2011,2011-12-31,161321,70286,6,6.400907039642334
SASRec,2011,2011-12-31,161321,68954,7,6.2654008865356445
SASRec,2011,2011-12-31,161321,60069,8,6.259341239929199
SASRec,2011,2011-12-31,161321,57669,9,6.0333428382873535
SASRec,2011,2011-12-31,161321,59315,10,6.004290580749512
SASRec,2011,2011-12-31,161563,70286,1,7.605941295623779
SASRec,2011,2011-12-31,161563,68157,2,7.127167701721191
SASRec,2011,2011-12-31,161563,68954,3,7.056347846984863
SASRec,2011,2011-12-31,161563,74458,4,6.994790077209473
SASRec,2011,2011-12-31,161563,59315,5,6.89671516418457
SASRec,2011,2011-12-31,161563,71535,6,6.793992519378662
SASRec,2011,2011-12-31,161563,72998,7,6.738088130950928
SASRec,2011,2011-12-31,161563,76251,8,6.6899094581604
SASRec,2011,2011-12-31,161563,48774,9,6.594379425048828
SASRec,2011,2011-12-31,161563,49272,10,6.491637229919434
SASRec,2011,2011-12-31,161667,55820,1,7.4348039627075195
SASRec,2011,2011-12-31,161667,70286,2,7.343682289123535
SASRec,2011,2011-12-31,161667,48516,3,7.235172748565674
SASRec,2011,2011-12-31,161667,56174,4,7.109187126159668
SASRec,2011,2011-12-31,161667,63082,5,7.094534397125244
SASRec,2011,2011-12-31,161667,56367,6,7.094188213348389
SASRec,2011,2011-12-31,161667,59315,7,7.048302173614502
SASRec,2011,2011-12-31,161667,68157,8,7.0410475730896
SASRec,2011,2011-12-31,161667,60069,9,6.923351287841797
SASRec,2011,2011-12-31,161667,51662,10,6.851310729980469
SASRec,2011,2011-12-31,162038,71518,1,6.571425914764404
SASRec,2011,2011-12-31,162038,76251,2,6.516458511352539
SASRec,2011,2011-12-31,162038,80489,3,6.048504829406738
SASRec,2011,2011-12-31,162038,80463,4,5.9568257331848145
SASRec,2011,2011-12-31,162038,79702,5,5.850368976593018
SASRec,2011,2011-12-31,162038,74795,6,5.8357720375061035
SASRec,2011,2011-12-31,162038,79293,7,5.800351142883301
SASRec,2011,2011-12-31,162038,52319,8,5.7992634773254395
SASRec,2011,2011-12-31,162038,68954,9,5.7711687088012695
SASRec,2011,2011-12-31,162038,78105,10,5.730612277984619
SASRec,2011,2011-12-31,162055,51662,1,6.636013984680176
SASRec,2011,2011-12-31,162055,49272,2,6.585124969482422
SASRec,2011,2011-12-31,162055,60069,3,6.434868812561035
SASRec,2011,2011-12-31,162055,56174,4,6.415624618530273
SASRec,2011,2011-12-31,162055,54286,5,6.39184045791626
SASRec,2011,2011-12-31,162055,70286,6,6.306747913360596
SASRec,2011,2011-12-31,162055,44665,7,6.298856735229492
SASRec,2011,2011-12-31,162055,68157,8,6.216289043426514
SASRec,2011,2011-12-31,162055,46976,9,6.175357341766357
SASRec,2011,2011-12-31,162055,59315,10,6.1276021003723145
SASRec,2011,2011-12-31,162217,318,1,6.919807434082031
SASRec,2011,2011-12-31,162217,48516,2,6.826406002044678
SASRec,2011,2011-12-31,162217,63082,3,6.56718111038208
SASRec,2011,2011-12-31,162217,56367,4,6.371308326721191
SASRec,2011,2011-12-31,162217,55820,5,6.3376970291137695
SASRec,2011,2011-12-31,162217,4226,6,6.298506736755371
SASRec,2011,2011-12-31,162217,59315,7,6.263001918792725
SASRec,2011,2011-12-31,162217,56174,8,6.2138776779174805
SASRec,2011,2011-12-31,162217,60069,9,6.083723545074463
SASRec,2011,2011-12-31,162217,68157,10,6.077131748199463
SASRec,2011,2011-12-31,162250,56174,1,7.589869976043701
SASRec,2011,2011-12-31,162250,51662,2,6.5870208740234375
SASRec,2011,2011-12-31,162250,2683,3,6.4462480545043945
SASRec,2011,2011-12-31,162250,74458,4,6.277889728546143
SASRec,2011,2011-12-31,162250,110,5,6.250002384185791
SASRec,2011,2011-12-31,162250,49272,6,6.151530742645264
SASRec,2011,2011-12-31,162250,53996,7,6.098430633544922
SASRec,2011,2011-12-31,162250,2628,8,6.093557834625244
SASRec,2011,2011-12-31,162250,52722,9,6.021081924438477
SASRec,2011,2011-12-31,162250,2706,10,5.9755167961120605
SASRec,2011,2011-12-31,162271,70286,1,6.58545446395874
SASRec,2011,2011-12-31,162271,2706,2,6.493535995483398
SASRec,2011,2011-12-31,162271,2628,3,6.325623035430908
SASRec,2011,2011-12-31,162271,3623,4,6.300379753112793
SASRec,2011,2011-12-31,162271,53996,5,6.155434608459473
SASRec,2011,2011-12-31,162271,51662,6,6.122945785522461
SASRec,2011,2011-12-31,162271,56367,7,6.043510437011719
SASRec,2011,2011-12-31,162271,74458,8,6.008403778076172
SASRec,2011,2011-12-31,162271,3977,9,5.9344706535339355
SASRec,2011,2011-12-31,162271,71535,10,5.8191962242126465
SASRec,2011,2011-12-31,162721,296,1,8.546520233154297
SASRec,2011,2011-12-31,162721,58559,2,8.428559303283691
SASRec,2011,2011-12-31,162721,110,3,7.910635948181152
SASRec,2011,2011-12-31,162721,593,4,7.8636579513549805
SASRec,2011,2011-12-31,162721,2858,5,7.748317241668701
SASRec,2011,2011-12-31,162721,858,6,7.698411464691162
SASRec,2011,2011-12-31,162721,32,7,7.6393723487854
SASRec,2011,2011-12-31,162721,356,8,7.510822772979736
SASRec,2011,2011-12-31,162721,541,9,7.504270076751709
SASRec,2011,2011-12-31,162721,589,10,7.48261833190918
SASRec,2011,2011-12-31,162970,48516,1,7.231786251068115
SASRec,2011,2011-12-31,162970,55820,2,6.925502777099609
SASRec,2011,2011-12-31,162970,48774,3,6.4886579513549805
SASRec,2011,2011-12-31,162970,6016,4,6.429327964782715
SASRec,2011,2011-12-31,162970,48394,5,6.412416934967041
SASRec,2011,2011-12-31,162970,44555,6,6.353695392608643
SASRec,2011,2011-12-31,162970,27773,7,6.212252140045166
SASRec,2011,2011-12-31,162970,63082,8,6.134504318237305
SASRec,2011,2011-12-31,162970,318,9,6.09916877746582
SASRec,2011,2011-12-31,162970,30749,10,6.029054641723633
SASRec,2011,2011-12-31,163113,1080,1,6.474886894226074
SASRec,2011,2011-12-31,163113,778,2,6.458583354949951
SASRec,2011,2011-12-31,163113,1247,3,6.306403160095215
SASRec,2011,2011-12-31,163113,1136,4,6.291515350341797
SASRec,2011,2011-12-31,163113,2542,5,6.1884565353393555
SASRec,2011,2011-12-31,163113,293,6,6.152459144592285
SASRec,2011,2011-12-31,163113,541,7,6.127189636230469
SASRec,2011,2011-12-31,163113,1293,8,6.091628551483154
SASRec,2011,2011-12-31,163113,1222,9,6.083441734313965
SASRec,2011,2011-12-31,163113,6870,10,6.048515796661377
SASRec,2011,2011-12-31,163355,55820,1,7.300515651702881
SASRec,2011,2011-12-31,163355,296,2,6.847716331481934
SASRec,2011,2011-12-31,163355,59315,3,6.837590217590332
SASRec,2011,2011-12-31,163355,70286,4,6.8157148361206055
SASRec,2011,2011-12-31,163355,4226,5,6.689562797546387
SASRec,2011,2011-12-31,163355,48774,6,6.685528755187988
SASRec,2011,2011-12-31,163355,56367,7,6.61421537399292
SASRec,2011,2011-12-31,163355,68157,8,6.5942463874816895
SASRec,2011,2011-12-31,163355,49272,9,6.328402519226074
SASRec,2011,2011-12-31,163355,48394,10,6.3128662109375
SASRec,2011,2011-12-31,163697,42094,1,4.763958930969238
SASRec,2011,2011-12-31,163697,8584,2,4.606914043426514
SASRec,2011,2011-12-31,163697,25898,3,4.522132396697998
SASRec,2011,2011-12-31,163697,8197,4,4.516114711761475
SASRec,2011,2011-12-31,163697,7216,5,4.485427379608154
SASRec,2011,2011-12-31,163697,2066,6,4.475151538848877
SASRec,2011,2011-12-31,163697,70849,7,4.364248275756836
SASRec,2011,2011-12-31,163697,1069,8,4.362483501434326
SASRec,2011,2011-12-31,163697,7938,9,4.333715438842773
SASRec,2011,2011-12-31,163697,3415,10,4.289056301116943
SASRec,2011,2011-12-31,163917,63876,1,6.1357927322387695
SASRec,2011,2011-12-31,163917,76251,2,6.0709614753723145
SASRec,2011,2011-12-31,163917,60069,3,6.0496721267700195
SASRec,2011,2011-12-31,163917,66097,4,5.955016136169434
SASRec,2011,2011-12-31,163917,64839,5,5.86417293548584
SASRec,2011,2011-12-31,163917,59315,6,5.7560529708862305
SASRec,2011,2011-12-31,163917,73017,7,5.745340347290039
SASRec,2011,2011-12-31,163917,52241,8,5.701089382171631
SASRec,2011,2011-12-31,163917,56788,9,5.700506687164307
SASRec,2011,2011-12-31,163917,71464,10,5.686313152313232
SASRec,2011,2011-12-31,164366,71518,1,6.339515686035156
SASRec,2011,2011-12-31,164366,76251,2,6.337876796722412
SASRec,2011,2011-12-31,164366,72998,3,6.154426574707031
SASRec,2011,2011-12-31,164366,70286,4,6.098397254943848
SASRec,2011,2011-12-31,164366,74275,5,5.86036491394043
SASRec,2011,2011-12-31,164366,68159,6,5.85197114944458
SASRec,2011,2011-12-31,164366,69122,7,5.8184590339660645
SASRec,2011,2011-12-31,164366,63082,8,5.7449445724487305
SASRec,2011,2011-12-31,164366,79293,9,5.744781017303467
SASRec,2011,2011-12-31,164366,66509,10,5.732119083404541
SASRec,2011,2011-12-31,164391,76251,1,7.0579681396484375
SASRec,2011,2011-12-31,164391,68157,2,7.055529594421387
SASRec,2011,2011-12-31,164391,68954,3,6.829953193664551
SASRec,2011,2011-12-31,164391,71518,4,6.694227695465088
SASRec,2011,2011-12-31,164391,77561,5,6.555533409118652
SASRec,2011,2011-12-31,164391,78499,6,6.472990989685059
SASRec,2011,2011-12-31,164391,79702,7,6.451297760009766
SASRec,2011,2011-12-31,164391,71535,8,6.3511552810668945
SASRec,2011,2011-12-31,164391,69122,9,6.347391605377197
SASRec,2011,2011-12-31,164391,73017,10,6.347001075744629
SASRec,2011,2011-12-31,164533,63082,1,5.498519420623779
SASRec,2011,2011-12-31,164533,56171,2,5.000020980834961
SASRec,2011,2011-12-31,164533,68954,3,4.886382102966309
SASRec,2011,2011-12-31,164533,66097,4,4.795522689819336
SASRec,2011,2011-12-31,164533,73017,5,4.737934589385986
SASRec,2011,2011-12-31,164533,55280,6,4.6761884689331055
SASRec,2011,2011-12-31,164533,55276,7,4.669764995574951
SASRec,2011,2011-12-31,164533,56788,8,4.6352763175964355
SASRec,2011,2011-12-31,164533,69757,9,4.620265007019043
SASRec,2011,2011-12-31,164533,55052,10,4.611411094665527
SASRec,2011,2011-12-31,164721,4878,1,6.659131050109863
SASRec,2011,2011-12-31,164721,6539,2,6.633172035217285
SASRec,2011,2011-12-31,164721,7361,3,6.626877784729004
SASRec,2011,2011-12-31,164721,4886,4,6.532101154327393
SASRec,2011,2011-12-31,164721,5952,5,6.443650245666504
SASRec,2011,2011-12-31,164721,4306,6,6.415289402008057
SASRec,2011,2011-12-31,164721,8636,7,6.3920722007751465
SASRec,2011,2011-12-31,164721,1270,8,6.391403675079346
SASRec,2011,2011-12-31,164721,6377,9,6.347663402557373
SASRec,2011,2011-12-31,164721,1200,10,6.311946868896484
SASRec,2011,2011-12-31,165242,48516,1,5.131292819976807
SASRec,2011,2011-12-31,165242,296,2,4.549687385559082
SASRec,2011,2011-12-31,165242,63876,3,4.547876834869385
SASRec,2011,2011-12-31,165242,44694,4,4.513858795166016
SASRec,2011,2011-12-31,165242,2336,5,4.487419128417969
SASRec,2011,2011-12-31,165242,55276,6,4.474485874176025
SASRec,2011,2011-12-31,165242,55052,7,4.453944206237793
SASRec,2011,2011-12-31,165242,55820,8,4.406100273132324
SASRec,2011,2011-12-31,165242,6016,9,4.405317783355713
SASRec,2011,2011-12-31,165242,2542,10,4.371925354003906
SASRec,2011,2011-12-31,165361,76251,1,5.73921012878418
SASRec,2011,2011-12-31,165361,58559,2,5.729929447174072
SASRec,2011,2011-12-31,165361,55280,3,5.576785564422607
SASRec,2011,2011-12-31,165361,65130,4,5.55096960067749
SASRec,2011,2011-12-31,165361,70286,5,5.5146684646606445
SASRec,2011,2011-12-31,165361,64622,6,5.4972429275512695
SASRec,2011,2011-12-31,165361,72998,7,5.4852294921875
SASRec,2011,2011-12-31,165361,68954,8,5.470438003540039
SASRec,2011,2011-12-31,165361,71535,9,5.408127784729004
SASRec,2011,2011-12-31,165361,56174,10,5.351359844207764
SASRec,2011,2011-12-31,165460,58559,1,6.555933952331543
SASRec,2011,2011-12-31,165460,72998,2,6.474435806274414
SASRec,2011,2011-12-31,165460,70286,3,6.361368179321289
SASRec,2011,2011-12-31,165460,68157,4,6.228610038757324
SASRec,2011,2011-12-31,165460,61132,5,6.185678005218506
SASRec,2011,2011-12-31,165460,73017,6,6.172773361206055
SASRec,2011,2011-12-31,165460,56174,7,6.1614556312561035
SASRec,2011,2011-12-31,165460,76251,8,6.0323286056518555
SASRec,2011,2011-12-31,165460,72407,9,6.000197887420654
SASRec,2011,2011-12-31,165460,71535,10,5.886097431182861
SASRec,2011,2011-12-31,165731,110,1,7.782369613647461
SASRec,2011,2011-12-31,165731,165,2,7.229940414428711
SASRec,2011,2011-12-31,165731,208,3,7.202292442321777
SASRec,2011,2011-12-31,165731,56174,4,7.066406726837158
SASRec,2011,2011-12-31,165731,32,5,7.063348293304443
SASRec,2011,2011-12-31,165731,592,6,7.018322467803955
SASRec,2011,2011-12-31,165731,457,7,6.892759323120117
SASRec,2011,2011-12-31,165731,150,8,6.883911609649658
SASRec,2011,2011-12-31,165731,47,9,6.8666205406188965
SASRec,2011,2011-12-31,165731,648,10,6.818355560302734
SASRec,2011,2011-12-31,165965,56174,1,6.299950122833252
SASRec,2011,2011-12-31,165965,56367,2,6.056224822998047
SASRec,2011,2011-12-31,165965,51662,3,5.8847975730896
SASRec,2011,2011-12-31,165965,61132,4,5.8290252685546875
SASRec,2011,2011-12-31,165965,63082,5,5.7590556144714355
SASRec,2011,2011-12-31,165965,53996,6,5.734106063842773
SASRec,2011,2011-12-31,165965,56171,7,5.727034568786621
SASRec,2011,2011-12-31,165965,56757,8,5.726239204406738
SASRec,2011,2011-12-31,165965,48516,9,5.672263145446777
SASRec,2011,2011-12-31,165965,35836,10,5.579314231872559
SASRec,2011,2011-12-31,166030,71518,1,6.288707733154297
SASRec,2011,2011-12-31,166030,76251,2,6.237924098968506
SASRec,2011,2011-12-31,166030,71464,3,5.9193115234375
SASRec,2011,2011-12-31,166030,70286,4,5.916330814361572
SASRec,2011,2011-12-31,166030,69481,5,5.805840969085693
SASRec,2011,2011-12-31,166030,63876,6,5.702053070068359
SASRec,2011,2011-12-31,166030,64614,7,5.69312858581543
SASRec,2011,2011-12-31,166030,72998,8,5.672308444976807
SASRec,2011,2011-12-31,166030,80463,9,5.672075271606445
SASRec,2011,2011-12-31,166030,78499,10,5.585183143615723
SASRec,2011,2011-12-31,166501,110,1,9.245150566101074
SASRec,2011,2011-12-31,166501,589,2,8.66132640838623
SASRec,2011,2011-12-31,166501,1214,3,8.562749862670898
SASRec,2011,2011-12-31,166501,4306,4,8.434427261352539
SASRec,2011,2011-12-31,166501,4886,5,8.395666122436523
SASRec,2011,2011-12-31,166501,318,6,8.363975524902344
SASRec,2011,2011-12-31,166501,4226,7,8.346445083618164
SASRec,2011,2011-12-31,166501,296,8,8.273516654968262
SASRec,2011,2011-12-31,166501,32,9,8.208666801452637
SASRec,2011,2011-12-31,166501,6539,10,8.19041633605957
SASRec,2011,2011-12-31,166653,71518,1,6.733871936798096
SASRec,2011,2011-12-31,166653,74275,2,6.128270626068115
SASRec,2011,2011-12-31,166653,79702,3,6.061079025268555
SASRec,2011,2011-12-31,166653,73017,4,5.964827537536621
SASRec,2011,2011-12-31,166653,78499,5,5.924375057220459
SASRec,2011,2011-12-31,166653,72407,6,5.874507904052734
SASRec,2011,2011-12-31,166653,78105,7,5.867520332336426
SASRec,2011,2011-12-31,166653,80463,8,5.742809295654297
SASRec,2011,2011-12-31,166653,73266,9,5.654038906097412
SASRec,2011,2011-12-31,166653,74452,10,5.653075218200684
SASRec,2011,2011-12-31,166820,71518,1,6.480932235717773
SASRec,2011,2011-12-31,166820,78105,2,6.243284702301025
SASRec,2011,2011-12-31,166820,77561,3,6.074498176574707
SASRec,2011,2011-12-31,166820,76251,4,6.02156925201416
SASRec,2011,2011-12-31,166820,79293,5,5.932981014251709
SASRec,2011,2011-12-31,166820,77206,6,5.913977146148682
SASRec,2011,2011-12-31,166820,74916,7,5.901932239532471
SASRec,2011,2011-12-31,166820,74795,8,5.886808395385742
SASRec,2011,2011-12-31,166820,74948,9,5.862309455871582
SASRec,2011,2011-12-31,166820,74275,10,5.841745853424072
SASRec,2011,2011-12-31,166850,49274,1,3.569531202316284
SASRec,2011,2011-12-31,166850,56757,2,3.456965684890747
SASRec,2011,2011-12-31,166850,56152,3,3.439424514770508
SASRec,2011,2011-12-31,166850,34150,4,3.3725533485412598
SASRec,2011,2011-12-31,166850,45720,5,3.3303585052490234
SASRec,2011,2011-12-31,166850,6754,6,3.183727502822876
SASRec,2011,2011-12-31,166850,56171,7,3.1779625415802
SASRec,2011,2011-12-31,166850,8957,8,3.0990686416625977
SASRec,2011,2011-12-31,166850,40732,9,3.088357448577881
SASRec,2011,2011-12-31,166850,39446,10,3.0758566856384277
SASRec,2011,2011-12-31,167111,377,1,6.7393951416015625
SASRec,2011,2011-12-31,167111,780,2,6.64884090423584
SASRec,2011,2011-12-31,167111,648,3,6.576280117034912
SASRec,2011,2011-12-31,167111,500,4,6.510800838470459
SASRec,2011,2011-12-31,167111,208,5,6.492408752441406
SASRec,2011,2011-12-31,167111,367,6,6.402024269104004
SASRec,2011,2011-12-31,167111,185,7,6.254672527313232
SASRec,2011,2011-12-31,167111,588,8,6.174478054046631
SASRec,2011,2011-12-31,167111,10,9,6.141478061676025
SASRec,2011,2011-12-31,167111,587,10,6.135260581970215
SASRec,2011,2011-12-31,167287,25898,1,4.55203104019165
SASRec,2011,2011-12-31,167287,46664,2,4.392126083374023
SASRec,2011,2011-12-31,167287,26271,3,4.112644672393799
SASRec,2011,2011-12-31,167287,8197,4,4.073116779327393
SASRec,2011,2011-12-31,167287,71033,5,4.06549596786499
SASRec,2011,2011-12-31,167287,8463,6,3.9360291957855225
SASRec,2011,2011-12-31,167287,25993,7,3.9315361976623535
SASRec,2011,2011-12-31,167287,8188,8,3.93048357963562
SASRec,2011,2011-12-31,167287,71518,9,3.881373643875122
SASRec,2011,2011-12-31,167287,71108,10,3.845130443572998
SASRec,2011,2011-12-31,167912,296,1,5.231173038482666
SASRec,2011,2011-12-31,167912,6016,2,5.215298652648926
SASRec,2011,2011-12-31,167912,306,3,5.150397300720215
SASRec,2011,2011-12-31,167912,44555,4,5.065128326416016
SASRec,2011,2011-12-31,167912,778,5,5.053457260131836
SASRec,2011,2011-12-31,167912,48516,6,4.994977951049805
SASRec,2011,2011-12-31,167912,1041,7,4.969804763793945
SASRec,2011,2011-12-31,167912,7371,8,4.946179389953613
SASRec,2011,2011-12-31,167912,8638,9,4.926998615264893
SASRec,2011,2011-12-31,167912,608,10,4.91042947769165
SASRec,2011,2011-12-31,168198,69489,1,6.300760746002197
SASRec,2011,2011-12-31,168198,38656,2,6.25391960144043
SASRec,2011,2011-12-31,168198,51773,3,6.119831085205078
SASRec,2011,2011-12-31,168198,76303,4,6.043229579925537
SASRec,2011,2011-12-31,168198,44601,5,5.953052043914795
SASRec,2011,2011-12-31,168198,40422,6,5.908226013183594
SASRec,2011,2011-12-31,168198,73983,7,5.851382732391357
SASRec,2011,2011-12-31,168198,44571,8,5.798809051513672
SASRec,2011,2011-12-31,168198,27656,9,5.791551113128662
SASRec,2011,2011-12-31,168198,47007,10,5.723441123962402
SASRec,2011,2011-12-31,168394,74795,1,6.124300003051758
SASRec,2011,2011-12-31,168394,80489,2,6.090704441070557
SASRec,2011,2011-12-31,168394,68159,3,6.074895858764648
SASRec,2011,2011-12-31,168394,79293,4,6.070511817932129
SASRec,2011,2011-12-31,168394,74948,5,5.933877468109131
SASRec,2011,2011-12-31,168394,74275,6,5.892466068267822
SASRec,2011,2011-12-31,168394,74156,7,5.8253960609436035
SASRec,2011,2011-12-31,168394,72407,8,5.806037425994873
SASRec,2011,2011-12-31,168394,73321,9,5.699676036834717
SASRec,2011,2011-12-31,168394,79224,10,5.655701160430908
SASRec,2011,2011-12-31,168426,55280,1,4.730833053588867
SASRec,2011,2011-12-31,168426,52241,2,4.653911590576172
SASRec,2011,2011-12-31,168426,56171,3,4.556612014770508
SASRec,2011,2011-12-31,168426,48043,4,4.516258716583252
SASRec,2011,2011-12-31,168426,55052,5,4.475536346435547
SASRec,2011,2011-12-31,168426,66097,6,4.402406215667725
SASRec,2011,2011-12-31,168426,65130,7,4.309424877166748
SASRec,2011,2011-12-31,168426,56152,8,4.3049726486206055
SASRec,2011,2011-12-31,168426,54997,9,4.302733898162842
SASRec,2011,2011-12-31,168426,55276,10,4.277022838592529
SASRec,2011,2011-12-31,168606,7371,1,5.167389392852783
SASRec,2011,2011-12-31,168606,37741,2,4.72079610824585
SASRec,2011,2011-12-31,168606,8949,3,4.609675407409668
SASRec,2011,2011-12-31,168606,30822,4,4.5780720710754395
SASRec,2011,2011-12-31,168606,8966,5,4.543795585632324
SASRec,2011,2011-12-31,168606,7285,6,4.541180610656738
SASRec,2011,2011-12-31,168606,27821,7,4.524601936340332
SASRec,2011,2011-12-31,168606,5878,8,4.520129680633545
SASRec,2011,2011-12-31,168606,6016,9,4.506223678588867
SASRec,2011,2011-12-31,168606,6299,10,4.49910831451416
SASRec,2011,2011-12-31,168995,55820,1,6.489383697509766
SASRec,2011,2011-12-31,168995,48516,2,6.334522724151611
SASRec,2011,2011-12-31,168995,44555,3,6.177595138549805
SASRec,2011,2011-12-31,168995,58559,4,6.078920364379883
SASRec,2011,2011-12-31,168995,48774,5,5.94040060043335
SASRec,2011,2011-12-31,168995,63876,6,5.755509376525879
SASRec,2011,2011-12-31,168995,57669,7,5.749484539031982
SASRec,2011,2011-12-31,168995,48394,8,5.6609649658203125
SASRec,2011,2011-12-31,168995,46578,9,5.630000114440918
SASRec,2011,2011-12-31,168995,27773,10,5.618908882141113
SASRec,2011,2011-12-31,169098,70286,1,4.700788497924805
SASRec,2011,2011-12-31,169098,66097,2,4.6747660636901855
SASRec,2011,2011-12-31,169098,71518,3,4.549925804138184
SASRec,2011,2011-12-31,169098,59315,4,4.447661399841309
SASRec,2011,2011-12-31,169098,73017,5,4.430093288421631
SASRec,2011,2011-12-31,169098,76251,6,4.386220455169678
SASRec,2011,2011-12-31,169098,55820,7,4.3620476722717285
SASRec,2011,2011-12-31,169098,71057,8,4.351301193237305
SASRec,2011,2011-12-31,169098,63072,9,4.348841667175293
SASRec,2011,2011-12-31,169098,58559,10,4.314477920532227
SASRec,2011,2011-12-31,169550,8783,1,6.392606735229492
SASRec,2011,2011-12-31,169550,6754,2,6.364442825317383
SASRec,2011,2011-12-31,169550,6541,3,6.33762264251709
SASRec,2011,2011-12-31,169550,5507,4,6.310231685638428
SASRec,2011,2011-12-31,169550,6157,5,6.260369300842285
SASRec,2011,2011-12-31,169550,5810,6,6.198075294494629
SASRec,2011,2011-12-31,169550,5219,7,6.149731159210205
SASRec,2011,2011-12-31,169550,7373,8,6.124388694763184
SASRec,2011,2011-12-31,169550,8644,9,6.097733497619629
SASRec,2011,2011-12-31,169550,6863,10,6.060197353363037
SASRec,2011,2011-12-31,169861,1961,1,7.311115264892578
SASRec,2011,2011-12-31,169861,1784,2,7.27845573425293
SASRec,2011,2011-12-31,169861,296,3,7.203845024108887
SASRec,2011,2011-12-31,169861,2762,4,7.197071552276611
SASRec,2011,2011-12-31,169861,1136,5,7.08981466293335
SASRec,2011,2011-12-31,169861,356,6,7.036313056945801
SASRec,2011,2011-12-31,169861,1247,7,7.034581184387207
SASRec,2011,2011-12-31,169861,1197,8,6.98211145401001
SASRec,2011,2011-12-31,169861,1617,9,6.909261703491211
SASRec,2011,2011-12-31,169861,2396,10,6.900996685028076
SASRec,2011,2011-12-31,169864,70286,1,7.529637336730957
SASRec,2011,2011-12-31,169864,56174,2,7.392592906951904
SASRec,2011,2011-12-31,169864,63082,3,7.133574962615967
SASRec,2011,2011-12-31,169864,72998,4,7.084785461425781
SASRec,2011,2011-12-31,169864,74458,5,6.899353504180908
SASRec,2011,2011-12-31,169864,76251,6,6.8535895347595215
SASRec,2011,2011-12-31,169864,55820,7,6.8020710945129395
SASRec,2011,2011-12-31,169864,73017,8,6.672054767608643
SASRec,2011,2011-12-31,169864,51662,9,6.6056318283081055
SASRec,2011,2011-12-31,169864,48516,10,6.474485397338867
SASRec,2011,2011-12-31,170149,77206,1,6.169639587402344
SASRec,2011,2011-12-31,170149,78105,2,6.162189960479736
SASRec,2011,2011-12-31,170149,74916,3,6.0663933753967285
SASRec,2011,2011-12-31,170149,74948,4,5.911305904388428
SASRec,2011,2011-12-31,170149,79293,5,5.85368013381958
SASRec,2011,2011-12-31,170149,77561,6,5.829724311828613
SASRec,2011,2011-12-31,170149,74795,7,5.784242153167725
SASRec,2011,2011-12-31,170149,74156,8,5.7452192306518555
SASRec,2011,2011-12-31,170149,73027,9,5.703087329864502
SASRec,2011,2011-12-31,170149,78266,10,5.654743671417236
SASRec,2011,2011-12-31,170231,76251,1,6.7225565910339355
SASRec,2011,2011-12-31,170231,71518,2,6.715956211090088
SASRec,2011,2011-12-31,170231,68954,3,6.61663818359375
SASRec,2011,2011-12-31,170231,71535,4,6.26214075088501
SASRec,2011,2011-12-31,170231,73017,5,6.186814308166504
SASRec,2011,2011-12-31,170231,79702,6,6.1018900871276855
SASRec,2011,2011-12-31,170231,69481,7,6.017640590667725
SASRec,2011,2011-12-31,170231,68159,8,6.005712032318115
SASRec,2011,2011-12-31,170231,74458,9,5.916514873504639
SASRec,2011,2011-12-31,170231,77561,10,5.916259765625
SASRec,2011,2011-12-31,170442,58559,1,6.159323692321777
SASRec,2011,2011-12-31,170442,48774,2,5.670828819274902
SASRec,2011,2011-12-31,170442,44694,3,5.460216999053955
SASRec,2011,2011-12-31,170442,47629,4,5.392171382904053
SASRec,2011,2011-12-31,170442,38061,5,5.385700702667236
SASRec,2011,2011-12-31,170442,54997,6,5.376860618591309
SASRec,2011,2011-12-31,170442,45950,7,5.367360591888428
SASRec,2011,2011-12-31,170442,46976,8,5.330431938171387
SASRec,2011,2011-12-31,170442,48394,9,5.302497863769531
SASRec,2011,2011-12-31,170442,52241,10,5.278913974761963
SASRec,2011,2011-12-31,170473,318,1,9.296725273132324
SASRec,2011,2011-12-31,170473,110,2,9.268203735351562
SASRec,2011,2011-12-31,170473,4226,3,8.737459182739258
SASRec,2011,2011-12-31,170473,50,4,8.662110328674316
SASRec,2011,2011-12-31,170473,589,5,8.467489242553711
SASRec,2011,2011-12-31,170473,2571,6,8.4032621383667
SASRec,2011,2011-12-31,170473,1,7,8.27778434753418
SASRec,2011,2011-12-31,170473,2858,8,8.263102531433105
SASRec,2011,2011-12-31,170473,47,9,8.23094654083252
SASRec,2011,2011-12-31,170473,457,10,8.064029693603516
SASRec,2011,2011-12-31,171143,7072,1,4.4702863693237305
SASRec,2011,2011-12-31,171143,6666,2,4.34046745300293
SASRec,2011,2011-12-31,171143,6650,3,4.3022308349609375
SASRec,2011,2011-12-31,171143,7216,4,4.245858192443848
SASRec,2011,2011-12-31,171143,6533,5,4.175692558288574
SASRec,2011,2011-12-31,171143,4405,6,4.129488468170166
SASRec,2011,2011-12-31,171143,6724,7,4.048130989074707
SASRec,2011,2011-12-31,171143,5177,8,4.045849800109863
SASRec,2011,2011-12-31,171143,7706,9,4.002334117889404
SASRec,2011,2011-12-31,171143,6639,10,3.977999210357666
SASRec,2011,2011-12-31,171335,71518,1,6.32030725479126
SASRec,2011,2011-12-31,171335,68954,2,6.290275573730469
SASRec,2011,2011-12-31,171335,76251,3,6.139302730560303
SASRec,2011,2011-12-31,171335,73017,4,5.955029010772705
SASRec,2011,2011-12-31,171335,69757,5,5.888186931610107
SASRec,2011,2011-12-31,171335,79132,6,5.842035293579102
SASRec,2011,2011-12-31,171335,66097,7,5.826260566711426
SASRec,2011,2011-12-31,171335,74789,8,5.811158180236816
SASRec,2011,2011-12-31,171335,72407,9,5.745119094848633
SASRec,2011,2011-12-31,171335,79702,10,5.736558437347412
SASRec,2011,2011-12-31,171352,72407,1,4.739932060241699
SASRec,2011,2011-12-31,171352,60037,2,4.59573221206665
SASRec,2011,2011-12-31,171352,43679,3,4.464871883392334
SASRec,2011,2011-12-31,171352,61248,4,4.46398401260376
SASRec,2011,2011-12-31,171352,55995,5,4.422222137451172
SASRec,2011,2011-12-31,171352,63992,6,4.235983371734619
SASRec,2011,2011-12-31,171352,58025,7,4.235024452209473
SASRec,2011,2011-12-31,171352,50798,8,4.139123439788818
SASRec,2011,2011-12-31,171352,71520,9,4.125504970550537
SASRec,2011,2011-12-31,171352,51077,10,4.076298713684082
SASRec,2011,2011-12-31,171454,68954,1,5.751614093780518
SASRec,2011,2011-12-31,171454,76251,2,5.701045036315918
SASRec,2011,2011-12-31,171454,72998,3,5.6620612144470215
SASRec,2011,2011-12-31,171454,73017,4,5.636093616485596
SASRec,2011,2011-12-31,171454,71535,5,5.594332218170166
SASRec,2011,2011-12-31,171454,61132,6,5.36762809753418
SASRec,2011,2011-12-31,171454,68159,7,5.352795600891113
SASRec,2011,2011-12-31,171454,71518,8,5.351174354553223
SASRec,2011,2011-12-31,171454,68358,9,5.258585453033447
SASRec,2011,2011-12-31,171454,74789,10,5.2414679527282715
SASRec,2011,2011-12-31,171720,70286,1,5.220094203948975
SASRec,2011,2011-12-31,171720,48774,2,5.067471027374268
SASRec,2011,2011-12-31,171720,48516,3,5.051164150238037
SASRec,2011,2011-12-31,171720,58559,4,5.024350643157959
SASRec,2011,2011-12-31,171720,71535,5,5.013093948364258
SASRec,2011,2011-12-31,171720,63082,6,4.953260898590088
SASRec,2011,2011-12-31,171720,68954,7,4.875258445739746
SASRec,2011,2011-12-31,171720,66097,8,4.86679220199585
SASRec,2011,2011-12-31,171720,56367,9,4.8566718101501465
SASRec,2011,2011-12-31,171720,52241,10,4.775413990020752
SASRec,2011,2011-12-31,171794,70286,1,7.457008361816406
SASRec,2011,2011-12-31,171794,68157,2,7.339902877807617
SASRec,2011,2011-12-31,171794,63082,3,7.134454250335693
SASRec,2011,2011-12-31,171794,68954,4,7.059810638427734
SASRec,2011,2011-12-31,171794,72998,5,7.048806190490723
SASRec,2011,2011-12-31,171794,55820,6,6.945779800415039
SASRec,2011,2011-12-31,171794,74458,7,6.849217891693115
SASRec,2011,2011-12-31,171794,76251,8,6.803907871246338
SASRec,2011,2011-12-31,171794,59315,9,6.739369869232178
SASRec,2011,2011-12-31,171794,60069,10,6.700007915496826
SASRec,2011,2011-12-31,172024,778,1,5.920582294464111
SASRec,2011,2011-12-31,172024,48516,2,5.81882381439209
SASRec,2011,2011-12-31,172024,1213,3,5.687744617462158
SASRec,2011,2011-12-31,172024,111,4,5.5731201171875
SASRec,2011,2011-12-31,172024,63082,5,5.487834930419922
SASRec,2011,2011-12-31,172024,68157,6,5.4521403312683105
SASRec,2011,2011-12-31,172024,58559,7,5.407589912414551
SASRec,2011,2011-12-31,172024,1089,8,5.318541526794434
SASRec,2011,2011-12-31,172024,32,9,5.302237033843994
SASRec,2011,2011-12-31,172024,541,10,5.298112869262695
SASRec,2011,2011-12-31,172436,76251,1,6.7820634841918945
SASRec,2011,2011-12-31,172436,72998,2,6.638123512268066
SASRec,2011,2011-12-31,172436,71518,3,6.522435188293457
SASRec,2011,2011-12-31,172436,71535,4,6.255980491638184
SASRec,2011,2011-12-31,172436,69122,5,6.123263835906982
SASRec,2011,2011-12-31,172436,69481,6,6.0537872314453125
SASRec,2011,2011-12-31,172436,74458,7,6.033164024353027
SASRec,2011,2011-12-31,172436,68358,8,6.03141450881958
SASRec,2011,2011-12-31,172436,68237,9,5.981988906860352
SASRec,2011,2011-12-31,172436,74789,10,5.947571277618408
SASRec,2011,2011-12-31,172740,77561,1,5.962582588195801
SASRec,2011,2011-12-31,172740,72407,2,5.9607462882995605
SASRec,2011,2011-12-31,172740,74275,3,5.8512864112854
SASRec,2011,2011-12-31,172740,79293,4,5.636774063110352
SASRec,2011,2011-12-31,172740,73321,5,5.522928714752197
SASRec,2011,2011-12-31,172740,74452,6,5.474261283874512
SASRec,2011,2011-12-31,172740,68319,7,5.45831298828125
SASRec,2011,2011-12-31,172740,74789,8,5.41021203994751
SASRec,2011,2011-12-31,172740,74795,9,5.407525539398193
SASRec,2011,2011-12-31,172740,80489,10,5.356587886810303
SASRec,2011,2011-12-31,172876,2542,1,7.5576491355896
SASRec,2011,2011-12-31,172876,1682,2,7.290363311767578
SASRec,2011,2011-12-31,172876,32587,3,7.203094482421875
SASRec,2011,2011-12-31,172876,2502,4,7.188569068908691
SASRec,2011,2011-12-31,172876,110,5,7.1388702392578125
SASRec,2011,2011-12-31,172876,4886,6,7.13332462310791
SASRec,2011,2011-12-31,172876,63082,7,7.13041877746582
SASRec,2011,2011-12-31,172876,49272,8,7.091796398162842
SASRec,2011,2011-12-31,172876,7361,9,7.065847396850586
SASRec,2011,2011-12-31,172876,56367,10,7.058423042297363
SASRec,2011,2011-12-31,173242,72998,1,6.062791347503662
SASRec,2011,2011-12-31,173242,60037,2,5.946020126342773
SASRec,2011,2011-12-31,173242,70336,3,5.896468639373779
SASRec,2011,2011-12-31,173242,68319,4,5.849980354309082
SASRec,2011,2011-12-31,173242,69122,5,5.820922374725342
SASRec,2011,2011-12-31,173242,56174,6,5.801582336425781
SASRec,2011,2011-12-31,173242,77561,7,5.798488616943359
SASRec,2011,2011-12-31,173242,71520,8,5.70106315612793
SASRec,2011,2011-12-31,173242,64497,9,5.69924259185791
SASRec,2011,2011-12-31,173242,61248,10,5.645391464233398
SASRec,2011,2011-12-31,173804,71518,1,6.3533935546875
SASRec,2011,2011-12-31,173804,78105,2,6.166078090667725
SASRec,2011,2011-12-31,173804,76251,3,6.100114822387695
SASRec,2011,2011-12-31,173804,77206,4,6.083293914794922
SASRec,2011,2011-12-31,173804,79702,5,5.967351913452148
SASRec,2011,2011-12-31,173804,79293,6,5.958278656005859
SASRec,2011,2011-12-31,173804,74948,7,5.905332565307617
SASRec,2011,2011-12-31,173804,74156,8,5.84880256652832
SASRec,2011,2011-12-31,173804,74795,9,5.803150177001953
SASRec,2011,2011-12-31,173804,79224,10,5.760152816772461
SASRec,2011,2011-12-31,173841,70286,1,7.167341709136963
SASRec,2011,2011-12-31,173841,68157,2,7.0497636795043945
SASRec,2011,2011-12-31,173841,76251,3,6.912637233734131
SASRec,2011,2011-12-31,173841,63082,4,6.792909145355225
SASRec,2011,2011-12-31,173841,71535,5,6.790553092956543
SASRec,2011,2011-12-31,173841,74458,6,6.738834857940674
SASRec,2011,2011-12-31,173841,68954,7,6.619926452636719
SASRec,2011,2011-12-31,173841,58559,8,6.5782647132873535
SASRec,2011,2011-12-31,173841,55820,9,6.4757080078125
SASRec,2011,2011-12-31,173841,72998,10,6.43212366104126
SASRec,2011,2011-12-31,173979,40422,1,5.639197826385498
SASRec,2011,2011-12-31,173979,38656,2,5.620930194854736
SASRec,2011,2011-12-31,173979,69489,3,5.579310417175293
SASRec,2011,2011-12-31,173979,79467,4,5.496029853820801
SASRec,2011,2011-12-31,173979,51773,5,5.48599910736084
SASRec,2011,2011-12-31,173979,27656,6,5.449069976806641
SASRec,2011,2011-12-31,173979,81413,7,5.4312028884887695
SASRec,2011,2011-12-31,173979,76303,8,5.428461074829102
SASRec,2011,2011-12-31,173979,47007,9,5.3688859939575195
SASRec,2011,2011-12-31,173979,79475,10,5.336973190307617
SASRec,2011,2011-12-31,174092,46664,1,4.812601089477539
SASRec,2011,2011-12-31,174092,64575,2,4.716238021850586
SASRec,2011,2011-12-31,174092,71518,3,4.621942043304443
SASRec,2011,2011-12-31,174092,80463,4,4.600290775299072
SASRec,2011,2011-12-31,174092,76251,5,4.560144424438477
SASRec,2011,2011-12-31,174092,52241,6,4.4776763916015625
SASRec,2011,2011-12-31,174092,8197,7,4.471866130828857
SASRec,2011,2011-12-31,174092,72226,8,4.437349796295166
SASRec,2011,2011-12-31,174092,47721,9,4.4008588790893555
SASRec,2011,2011-12-31,174092,52952,10,4.385942459106445
SASRec,2011,2011-12-31,174514,77206,1,6.232963562011719
SASRec,2011,2011-12-31,174514,74916,2,5.919009208679199
SASRec,2011,2011-12-31,174514,74275,3,5.810924053192139
SASRec,2011,2011-12-31,174514,78266,4,5.721628665924072
SASRec,2011,2011-12-31,174514,68552,5,5.589742660522461
SASRec,2011,2011-12-31,174514,79224,6,5.583256721496582
SASRec,2011,2011-12-31,174514,68159,7,5.5600738525390625
SASRec,2011,2011-12-31,174514,71033,8,5.495840072631836
SASRec,2011,2011-12-31,174514,71450,9,5.4810309410095215
SASRec,2011,2011-12-31,174514,73266,10,5.46580696105957
SASRec,2011,2011-12-31,174538,71518,1,5.5063605308532715
SASRec,2011,2011-12-31,174538,76251,2,5.293780326843262
SASRec,2011,2011-12-31,174538,68159,3,5.176874160766602
SASRec,2011,2011-12-31,174538,68157,4,5.097160339355469
SASRec,2011,2011-12-31,174538,71520,5,5.027242183685303
SASRec,2011,2011-12-31,174538,74275,6,5.009284973144531
SASRec,2011,2011-12-31,174538,71057,7,4.966027736663818
SASRec,2011,2011-12-31,174538,70286,8,4.945864200592041
SASRec,2011,2011-12-31,174538,65465,9,4.9307637214660645
SASRec,2011,2011-12-31,174538,60037,10,4.916784763336182
SASRec,2011,2011-12-31,174941,63082,1,6.9374494552612305
SASRec,2011,2011-12-31,174941,72998,2,6.738376617431641
SASRec,2011,2011-12-31,174941,56174,3,6.678673267364502
SASRec,2011,2011-12-31,174941,76251,4,6.676980972290039
SASRec,2011,2011-12-31,174941,71535,5,6.544108867645264
SASRec,2011,2011-12-31,174941,73017,6,6.499711513519287
SASRec,2011,2011-12-31,174941,55820,7,6.273280143737793
SASRec,2011,2011-12-31,174941,77561,8,6.244097709655762
SASRec,2011,2011-12-31,174941,72407,9,6.040416717529297
SASRec,2011,2011-12-31,174941,68237,10,6.001154899597168
SASRec,2011,2011-12-31,175000,72998,1,6.440219879150391
SASRec,2011,2011-12-31,175000,58559,2,6.376881122589111
SASRec,2011,2011-12-31,175000,68954,3,6.363123416900635
SASRec,2011,2011-12-31,175000,68157,4,6.245718955993652
SASRec,2011,2011-12-31,175000,72407,5,6.069507122039795
SASRec,2011,2011-12-31,175000,76251,6,6.039180278778076
SASRec,2011,2011-12-31,175000,73017,7,6.037781238555908
SASRec,2011,2011-12-31,175000,56174,8,6.027677536010742
SASRec,2011,2011-12-31,175000,59315,9,5.992464065551758
SASRec,2011,2011-12-31,175000,71518,10,5.977797031402588
SASRec,2011,2011-12-31,175271,59315,1,5.941922187805176
SASRec,2011,2011-12-31,175271,68954,2,5.9332780838012695
SASRec,2011,2011-12-31,175271,72407,3,5.622354984283447
SASRec,2011,2011-12-31,175271,79702,4,5.513087272644043
SASRec,2011,2011-12-31,175271,71518,5,5.495918273925781
SASRec,2011,2011-12-31,175271,68157,6,5.468873023986816
SASRec,2011,2011-12-31,175271,73017,7,5.453845500946045
SASRec,2011,2011-12-31,175271,71057,8,5.443139553070068
SASRec,2011,2011-12-31,175271,74789,9,5.394319534301758
SASRec,2011,2011-12-31,175271,69122,10,5.364703178405762
SASRec,2011,2011-12-31,175326,68954,1,6.252042293548584
SASRec,2011,2011-12-31,175326,70286,2,6.195225238800049
SASRec,2011,2011-12-31,175326,58559,3,5.959301948547363
SASRec,2011,2011-12-31,175326,71464,4,5.784000873565674
SASRec,2011,2011-12-31,175326,66097,5,5.780121326446533
SASRec,2011,2011-12-31,175326,71535,6,5.734492778778076
SASRec,2011,2011-12-31,175326,69481,7,5.600386142730713
SASRec,2011,2011-12-31,175326,68159,8,5.573113918304443
SASRec,2011,2011-12-31,175326,60069,9,5.565277099609375
SASRec,2011,2011-12-31,175326,64622,10,5.504003047943115
SASRec,2011,2011-12-31,175482,73268,1,4.758885860443115
SASRec,2011,2011-12-31,175482,78105,2,4.635891437530518
SASRec,2011,2011-12-31,175482,77206,3,4.301508903503418
SASRec,2011,2011-12-31,175482,71205,4,4.250698566436768
SASRec,2011,2011-12-31,175482,72380,5,4.235738277435303
SASRec,2011,2011-12-31,175482,33930,6,4.208760738372803
SASRec,2011,2011-12-31,175482,77667,7,4.1938157081604
SASRec,2011,2011-12-31,175482,5189,8,4.152897834777832
SASRec,2011,2011-12-31,175482,25783,9,4.132437229156494
SASRec,2011,2011-12-31,175482,78499,10,4.127663612365723
SASRec,2011,2011-12-31,175666,70286,1,7.464874744415283
SASRec,2011,2011-12-31,175666,56174,2,7.202603816986084
SASRec,2011,2011-12-31,175666,72998,3,7.164564609527588
SASRec,2011,2011-12-31,175666,68157,4,7.093222141265869
SASRec,2011,2011-12-31,175666,76251,5,6.930422782897949
SASRec,2011,2011-12-31,175666,68954,6,6.920126438140869
SASRec,2011,2011-12-31,175666,69122,7,6.842774391174316
SASRec,2011,2011-12-31,175666,74458,8,6.821856498718262
SASRec,2011,2011-12-31,175666,73017,9,6.645703315734863
SASRec,2011,2011-12-31,175666,77561,10,6.529999256134033
SASRec,2011,2011-12-31,175892,4641,1,5.153039455413818
SASRec,2011,2011-12-31,175892,3685,2,5.133220672607422
SASRec,2011,2011-12-31,175892,2020,3,5.123056888580322
SASRec,2011,2011-12-31,175892,3735,4,5.037137508392334
SASRec,2011,2011-12-31,175892,4848,5,4.981423377990723
SASRec,2011,2011-12-31,175892,2243,6,4.930123805999756
SASRec,2011,2011-12-31,175892,3671,7,4.890411376953125
SASRec,2011,2011-12-31,175892,3019,8,4.864638805389404
SASRec,2011,2011-12-31,175892,5013,9,4.82347297668457
SASRec,2011,2011-12-31,175892,4326,10,4.808047294616699
SASRec,2011,2011-12-31,176034,58559,1,7.614165306091309
SASRec,2011,2011-12-31,176034,48516,2,7.319941520690918
SASRec,2011,2011-12-31,176034,55820,3,7.2438459396362305
SASRec,2011,2011-12-31,176034,63082,4,7.12778902053833
SASRec,2011,2011-12-31,176034,56367,5,7.081259250640869
SASRec,2011,2011-12-31,176034,70286,6,7.029177665710449
SASRec,2011,2011-12-31,176034,56174,7,6.91377592086792
SASRec,2011,2011-12-31,176034,59315,8,6.762430667877197
SASRec,2011,2011-12-31,176034,60069,9,6.742776393890381
SASRec,2011,2011-12-31,176034,51662,10,6.713122367858887
SASRec,2011,2011-12-31,176085,71518,1,6.59607458114624
SASRec,2011,2011-12-31,176085,76251,2,6.535021781921387
SASRec,2011,2011-12-31,176085,68954,3,6.2114667892456055
SASRec,2011,2011-12-31,176085,70286,4,5.9934492111206055
SASRec,2011,2011-12-31,176085,71464,5,5.905460357666016
SASRec,2011,2011-12-31,176085,72998,6,5.893858432769775
SASRec,2011,2011-12-31,176085,78499,7,5.822680950164795
SASRec,2011,2011-12-31,176085,71108,8,5.810026168823242
SASRec,2011,2011-12-31,176085,64614,9,5.759176731109619
SASRec,2011,2011-12-31,176085,80463,10,5.758129119873047
SASRec,2011,2011-12-31,176228,6666,1,4.61269474029541
SASRec,2011,2011-12-31,176228,7938,2,4.6041436195373535
SASRec,2011,2011-12-31,176228,8684,3,4.563417434692383
SASRec,2011,2011-12-31,176228,8197,4,4.506153106689453
SASRec,2011,2011-12-31,176228,55820,5,4.277475833892822
SASRec,2011,2011-12-31,176228,2731,6,4.266550064086914
SASRec,2011,2011-12-31,176228,8199,7,4.237828731536865
SASRec,2011,2011-12-31,176228,8125,8,4.180537700653076
SASRec,2011,2011-12-31,176228,7749,9,4.150328159332275
SASRec,2011,2011-12-31,176228,26350,10,4.1474480628967285
SASRec,2011,2011-12-31,176633,110,1,7.859280586242676
SASRec,2011,2011-12-31,176633,318,2,7.768854141235352
SASRec,2011,2011-12-31,176633,44191,3,7.6291117668151855
SASRec,2011,2011-12-31,176633,6539,4,7.5387983322143555
SASRec,2011,2011-12-31,176633,32587,5,7.468264579772949
SASRec,2011,2011-12-31,176633,4993,6,7.445895671844482
SASRec,2011,2011-12-31,176633,50,7,7.407517433166504
SASRec,2011,2011-12-31,176633,4886,8,7.361667156219482
SASRec,2011,2011-12-31,176633,48774,9,7.359040260314941
SASRec,2011,2011-12-31,176633,55820,10,7.329192638397217
SASRec,2011,2011-12-31,176695,48516,1,5.93733549118042
SASRec,2011,2011-12-31,176695,32587,2,5.611070156097412
SASRec,2011,2011-12-31,176695,48774,3,5.541679382324219
SASRec,2011,2011-12-31,176695,46578,4,5.4512505531311035
SASRec,2011,2011-12-31,176695,37741,5,5.432567119598389
SASRec,2011,2011-12-31,176695,41285,6,5.4262285232543945
SASRec,2011,2011-12-31,176695,30707,7,5.415989875793457
SASRec,2011,2011-12-31,176695,44665,8,5.413998603820801
SASRec,2011,2011-12-31,176695,38061,9,5.409952640533447
SASRec,2011,2011-12-31,176695,45950,10,5.364482879638672
SASRec,2011,2011-12-31,176899,76251,1,7.040711402893066
SASRec,2011,2011-12-31,176899,70286,2,6.942884922027588
SASRec,2011,2011-12-31,176899,71518,3,6.830909729003906
SASRec,2011,2011-12-31,176899,79702,4,6.533335208892822
SASRec,2011,2011-12-31,176899,77561,5,6.4616265296936035
SASRec,2011,2011-12-31,176899,73017,6,6.433187007904053
SASRec,2011,2011-12-31,176899,71535,7,6.407478332519531
SASRec,2011,2011-12-31,176899,78499,8,6.376533031463623
SASRec,2011,2011-12-31,176899,80489,9,6.3255157470703125
SASRec,2011,2011-12-31,176899,69122,10,6.318622589111328
SASRec,2011,2011-12-31,177059,56174,1,7.3044610023498535
SASRec,2011,2011-12-31,177059,51662,2,6.572784900665283
SASRec,2011,2011-12-31,177059,53125,3,6.165229797363281
SASRec,2011,2011-12-31,177059,56367,4,6.126256465911865
SASRec,2011,2011-12-31,177059,52722,5,6.105120658874512
SASRec,2011,2011-12-31,177059,72998,6,5.857717990875244
SASRec,2011,2011-12-31,177059,52973,7,5.846346855163574
SASRec,2011,2011-12-31,177059,45499,8,5.8197808265686035
SASRec,2011,2011-12-31,177059,35836,9,5.816934585571289
SASRec,2011,2011-12-31,177059,63082,10,5.801431655883789
SASRec,2011,2011-12-31,177766,71518,1,6.617908000946045
SASRec,2011,2011-12-31,177766,76251,2,6.455564022064209
SASRec,2011,2011-12-31,177766,80489,3,6.128220558166504
SASRec,2011,2011-12-31,177766,68157,4,6.048574447631836
SASRec,2011,2011-12-31,177766,80463,5,5.931748867034912
SASRec,2011,2011-12-31,177766,79702,6,5.925297260284424
SASRec,2011,2011-12-31,177766,77206,7,5.8681182861328125
SASRec,2011,2011-12-31,177766,79293,8,5.834575176239014
SASRec,2011,2011-12-31,177766,77561,9,5.817295551300049
SASRec,2011,2011-12-31,177766,74948,10,5.793788909912109
SASRec,2011,2011-12-31,178185,77561,1,6.656507968902588
SASRec,2011,2011-12-31,178185,71518,2,6.548941612243652
SASRec,2011,2011-12-31,178185,72407,3,6.321831703186035
SASRec,2011,2011-12-31,178185,79702,4,6.2984395027160645
SASRec,2011,2011-12-31,178185,71535,5,6.247788429260254
SASRec,2011,2011-12-31,178185,68159,6,6.108843803405762
SASRec,2011,2011-12-31,178185,66509,7,6.107715129852295
SASRec,2011,2011-12-31,178185,78499,8,6.079425811767578
SASRec,2011,2011-12-31,178185,56174,9,6.053038120269775
SASRec,2011,2011-12-31,178185,71135,10,6.0243821144104
SASRec,2011,2011-12-31,178731,1093,1,6.63462495803833
SASRec,2011,2011-12-31,178731,2572,2,6.450133800506592
SASRec,2011,2011-12-31,178731,2336,3,6.354541778564453
SASRec,2011,2011-12-31,178731,1367,4,6.329288482666016
SASRec,2011,2011-12-31,178731,1120,5,6.282642841339111
SASRec,2011,2011-12-31,178731,1805,6,6.15653657913208
SASRec,2011,2011-12-31,178731,1405,7,6.153923034667969
SASRec,2011,2011-12-31,178731,2485,8,6.151749134063721
SASRec,2011,2011-12-31,178731,1513,9,6.130102157592773
SASRec,2011,2011-12-31,178731,1680,10,6.093446731567383
SASRec,2011,2011-12-31,178795,6539,1,8.363797187805176
SASRec,2011,2011-12-31,178795,10,2,8.190452575683594
SASRec,2011,2011-12-31,178795,165,3,8.012221336364746
SASRec,2011,2011-12-31,178795,5349,4,7.922262668609619
SASRec,2011,2011-12-31,178795,19,5,7.908143997192383
SASRec,2011,2011-12-31,178795,5418,6,7.884815216064453
SASRec,2011,2011-12-31,178795,6874,7,7.873087406158447
SASRec,2011,2011-12-31,178795,6377,8,7.805056095123291
SASRec,2011,2011-12-31,178795,6365,9,7.756319999694824
SASRec,2011,2011-12-31,178795,592,10,7.707864284515381
SASRec,2011,2011-12-31,179047,588,1,7.263885498046875
SASRec,2011,2011-12-31,179047,364,2,7.177918910980225
SASRec,2011,2011-12-31,179047,442,3,7.122541904449463
SASRec,2011,2011-12-31,179047,5418,4,6.886293411254883
SASRec,2011,2011-12-31,179047,1097,5,6.762301445007324
SASRec,2011,2011-12-31,179047,1676,6,6.656872272491455
SASRec,2011,2011-12-31,179047,349,7,6.652854919433594
SASRec,2011,2011-12-31,179047,2706,8,6.647964000701904
SASRec,2011,2011-12-31,179047,597,9,6.586770057678223
SASRec,2011,2011-12-31,179047,3147,10,6.575309753417969
SASRec,2011,2011-12-31,179324,55280,1,4.408117771148682
SASRec,2011,2011-12-31,179324,61132,2,4.347540855407715
SASRec,2011,2011-12-31,179324,56757,3,4.296560764312744
SASRec,2011,2011-12-31,179324,60126,4,4.266585826873779
SASRec,2011,2011-12-31,179324,51084,5,4.261882781982422
SASRec,2011,2011-12-31,179324,56367,6,4.18912410736084
SASRec,2011,2011-12-31,179324,56152,7,4.1628947257995605
SASRec,2011,2011-12-31,179324,65130,8,4.138721942901611
SASRec,2011,2011-12-31,179324,72407,9,4.083662986755371
SASRec,2011,2011-12-31,179324,52245,10,4.075371265411377
SASRec,2011,2011-12-31,179381,71518,1,6.030545234680176
SASRec,2011,2011-12-31,179381,76251,2,6.015050888061523
SASRec,2011,2011-12-31,179381,71108,3,5.641988754272461
SASRec,2011,2011-12-31,179381,64622,4,5.626896381378174
SASRec,2011,2011-12-31,179381,64575,5,5.516657829284668
SASRec,2011,2011-12-31,179381,71464,6,5.484889030456543
SASRec,2011,2011-12-31,179381,65130,7,5.466019630432129
SASRec,2011,2011-12-31,179381,67267,8,5.437032222747803
SASRec,2011,2011-12-31,179381,68159,9,5.431767463684082
SASRec,2011,2011-12-31,179381,80463,10,5.390596866607666
SASRec,2011,2011-12-31,179545,55820,1,5.376204013824463
SASRec,2011,2011-12-31,179545,63876,2,5.1064453125
SASRec,2011,2011-12-31,179545,8684,3,4.934592247009277
SASRec,2011,2011-12-31,179545,69481,4,4.909025192260742
SASRec,2011,2011-12-31,179545,68157,5,4.882319450378418
SASRec,2011,2011-12-31,179545,46664,6,4.8702392578125
SASRec,2011,2011-12-31,179545,8197,7,4.827188491821289
SASRec,2011,2011-12-31,179545,66097,8,4.763717174530029
SASRec,2011,2011-12-31,179545,68954,9,4.722320556640625
SASRec,2011,2011-12-31,179545,7043,10,4.710383415222168
SASRec,2011,2011-12-31,179951,592,1,7.557621002197266
SASRec,2011,2011-12-31,179951,480,2,7.504632949829102
SASRec,2011,2011-12-31,179951,6539,3,7.325745105743408
SASRec,2011,2011-12-31,179951,150,4,7.311139106750488
SASRec,2011,2011-12-31,179951,19,5,7.266400337219238
SASRec,2011,2011-12-31,179951,56174,6,7.193587303161621
SASRec,2011,2011-12-31,179951,10,7,7.154833793640137
SASRec,2011,2011-12-31,179951,5445,8,7.0692291259765625
SASRec,2011,2011-12-31,179951,2683,9,6.990194320678711
SASRec,2011,2011-12-31,179951,316,10,6.989950656890869
SASRec,2011,2011-12-31,179992,68954,1,6.603213310241699
SASRec,2011,2011-12-31,179992,68157,2,6.4047322273254395
SASRec,2011,2011-12-31,179992,72407,3,6.342770099639893
SASRec,2011,2011-12-31,179992,77561,4,6.306839466094971
SASRec,2011,2011-12-31,179992,71535,5,6.257480621337891
SASRec,2011,2011-12-31,179992,74458,6,6.220918655395508
SASRec,2011,2011-12-31,179992,76251,7,6.113590717315674
SASRec,2011,2011-12-31,179992,61132,8,6.020519256591797
SASRec,2011,2011-12-31,179992,53996,9,5.99481725692749
SASRec,2011,2011-12-31,179992,56367,10,5.994253158569336
SASRec,2011,2011-12-31,180036,541,1,6.112583160400391
SASRec,2011,2011-12-31,180036,904,2,6.093967437744141
SASRec,2011,2011-12-31,180036,1252,3,6.084104537963867
SASRec,2011,2011-12-31,180036,5291,4,6.030923843383789
SASRec,2011,2011-12-31,180036,1219,5,5.787712574005127
SASRec,2011,2011-12-31,180036,912,6,5.708034038543701
SASRec,2011,2011-12-31,180036,750,7,5.691906929016113
SASRec,2011,2011-12-31,180036,923,8,5.653536319732666
SASRec,2011,2011-12-31,180036,27773,9,5.579562187194824
SASRec,2011,2011-12-31,180036,7013,10,5.566891670227051
SASRec,2011,2011-12-31,180149,69122,1,6.624221324920654
SASRec,2011,2011-12-31,180149,63082,2,6.598453044891357
SASRec,2011,2011-12-31,180149,71518,3,6.536854267120361
SASRec,2011,2011-12-31,180149,79702,4,6.401464462280273
SASRec,2011,2011-12-31,180149,72407,5,6.38989782333374
SASRec,2011,2011-12-31,180149,68358,6,6.311032772064209
SASRec,2011,2011-12-31,180149,71135,7,6.136239528656006
SASRec,2011,2011-12-31,180149,64614,8,6.131880283355713
SASRec,2011,2011-12-31,180149,80489,9,6.126105785369873
SASRec,2011,2011-12-31,180149,79293,10,6.110240936279297
SASRec,2011,2011-12-31,180322,70286,1,6.443406105041504
SASRec,2011,2011-12-31,180322,76251,2,6.22995662689209
SASRec,2011,2011-12-31,180322,74458,3,6.015908718109131
SASRec,2011,2011-12-31,180322,71535,4,5.915694236755371
SASRec,2011,2011-12-31,180322,80463,5,5.656501770019531
SASRec,2011,2011-12-31,180322,59315,6,5.591897010803223
SASRec,2011,2011-12-31,180322,52319,7,5.545641899108887
SASRec,2011,2011-12-31,180322,80489,8,5.509637832641602
SASRec,2011,2011-12-31,180322,72998,9,5.462771415710449
SASRec,2011,2011-12-31,180322,78499,10,5.452441692352295
SASRec,2011,2011-12-31,180421,68157,1,5.194159984588623
SASRec,2011,2011-12-31,180421,66097,2,5.100124835968018
SASRec,2011,2011-12-31,180421,71464,3,5.062686920166016
SASRec,2011,2011-12-31,180421,55820,4,5.014180660247803
SASRec,2011,2011-12-31,180421,63082,5,4.939562797546387
SASRec,2011,2011-12-31,180421,76251,6,4.9214935302734375
SASRec,2011,2011-12-31,180421,52241,7,4.901967525482178
SASRec,2011,2011-12-31,180421,68954,8,4.896853446960449
SASRec,2011,2011-12-31,180421,69481,9,4.824167251586914
SASRec,2011,2011-12-31,180421,70286,10,4.805431365966797
SASRec,2011,2011-12-31,180905,58559,1,7.192347049713135
SASRec,2011,2011-12-31,180905,63082,2,6.904406547546387
SASRec,2011,2011-12-31,180905,70286,3,6.900254249572754
SASRec,2011,2011-12-31,180905,55820,4,6.870528221130371
SASRec,2011,2011-12-31,180905,56174,5,6.870057106018066
SASRec,2011,2011-12-31,180905,48516,6,6.629549503326416
SASRec,2011,2011-12-31,180905,68954,7,6.606297016143799
SASRec,2011,2011-12-31,180905,68157,8,6.579537868499756
SASRec,2011,2011-12-31,180905,60069,9,6.570981979370117
SASRec,2011,2011-12-31,180905,48774,10,6.4831061363220215
SASRec,2011,2011-12-31,181104,71518,1,6.610105991363525
SASRec,2011,2011-12-31,181104,78499,2,6.099358558654785
SASRec,2011,2011-12-31,181104,68954,3,5.935683727264404
SASRec,2011,2011-12-31,181104,80463,4,5.9131951332092285
SASRec,2011,2011-12-31,181104,74795,5,5.850983142852783
SASRec,2011,2011-12-31,181104,74948,6,5.805191516876221
SASRec,2011,2011-12-31,181104,76093,7,5.64059591293335
SASRec,2011,2011-12-31,181104,77206,8,5.617938041687012
SASRec,2011,2011-12-31,181104,81834,9,5.570797920227051
SASRec,2011,2011-12-31,181104,74688,10,5.510441303253174
SASRec,2011,2011-12-31,181165,76251,1,6.856452941894531
SASRec,2011,2011-12-31,181165,71518,2,6.845941543579102
SASRec,2011,2011-12-31,181165,68157,3,6.574520111083984
SASRec,2011,2011-12-31,181165,68954,4,6.50648307800293
SASRec,2011,2011-12-31,181165,72998,5,6.492369174957275
SASRec,2011,2011-12-31,181165,77561,6,6.381801605224609
SASRec,2011,2011-12-31,181165,80489,7,6.212075233459473
SASRec,2011,2011-12-31,181165,78499,8,6.20640230178833
SASRec,2011,2011-12-31,181165,73017,9,6.1634416580200195
SASRec,2011,2011-12-31,181165,69122,10,6.0321149826049805
SASRec,2011,2011-12-31,181559,60037,1,4.818639278411865
SASRec,2011,2011-12-31,181559,71057,2,4.635275363922119
SASRec,2011,2011-12-31,181559,61248,3,4.622941017150879
SASRec,2011,2011-12-31,181559,64497,4,4.599137306213379
SASRec,2011,2011-12-31,181559,70286,5,4.504815101623535
SASRec,2011,2011-12-31,181559,56174,6,4.4836225509643555
SASRec,2011,2011-12-31,181559,70336,7,4.447869777679443
SASRec,2011,2011-12-31,181559,62081,8,4.4332170486450195
SASRec,2011,2011-12-31,181559,72407,9,4.390766143798828
SASRec,2011,2011-12-31,181559,72998,10,4.365478515625
SASRec,2011,2011-12-31,181671,1639,1,7.121889114379883
SASRec,2011,2011-12-31,181671,34162,2,7.096982479095459
SASRec,2011,2011-12-31,181671,3176,3,7.062163352966309
SASRec,2011,2011-12-31,181671,4246,4,7.0160417556762695
SASRec,2011,2011-12-31,181671,6863,5,6.94868803024292
SASRec,2011,2011-12-31,181671,1673,6,6.814469337463379
SASRec,2011,2011-12-31,181671,4963,7,6.797399997711182
SASRec,2011,2011-12-31,181671,6942,8,6.7567524909973145
SASRec,2011,2011-12-31,181671,6870,9,6.741360664367676
SASRec,2011,2011-12-31,181671,5377,10,6.738488674163818
SASRec,2011,2011-12-31,181897,71518,1,6.292107582092285
SASRec,2011,2011-12-31,181897,76251,2,6.1593017578125
SASRec,2011,2011-12-31,181897,72998,3,6.158753871917725
SASRec,2011,2011-12-31,181897,77561,4,6.077092170715332
SASRec,2011,2011-12-31,181897,72407,5,6.034289360046387
SASRec,2011,2011-12-31,181897,68157,6,5.974633693695068
SASRec,2011,2011-12-31,181897,74275,7,5.929095268249512
SASRec,2011,2011-12-31,181897,68954,8,5.903281211853027
SASRec,2011,2011-12-31,181897,79293,9,5.887557029724121
SASRec,2011,2011-12-31,181897,73017,10,5.859488487243652
SASRec,2011,2011-12-31,182137,76251,1,6.7308759689331055
SASRec,2011,2011-12-31,182137,71518,2,6.522587776184082
SASRec,2011,2011-12-31,182137,72998,3,6.518143653869629
SASRec,2011,2011-12-31,182137,77561,4,6.300266742706299
SASRec,2011,2011-12-31,182137,68954,5,6.289719581604004
SASRec,2011,2011-12-31,182137,71535,6,6.20735502243042
SASRec,2011,2011-12-31,182137,73017,7,6.130982875823975
SASRec,2011,2011-12-31,182137,79702,8,6.0842413902282715
SASRec,2011,2011-12-31,182137,78499,9,6.078104019165039
SASRec,2011,2011-12-31,182137,68159,10,5.949594497680664
SASRec,2011,2011-12-31,182214,68954,1,6.372601509094238
SASRec,2011,2011-12-31,182214,73017,2,5.951935291290283
SASRec,2011,2011-12-31,182214,79702,3,5.923588752746582
SASRec,2011,2011-12-31,182214,78499,4,5.83894157409668
SASRec,2011,2011-12-31,182214,71464,5,5.6798834800720215
SASRec,2011,2011-12-31,182214,66097,6,5.670290946960449
SASRec,2011,2011-12-31,182214,74789,7,5.6060028076171875
SASRec,2011,2011-12-31,182214,78105,8,5.562654972076416
SASRec,2011,2011-12-31,182214,74795,9,5.534214019775391
SASRec,2011,2011-12-31,182214,63072,10,5.511297225952148
SASRec,2011,2011-12-31,182288,4886,1,8.273001670837402
SASRec,2011,2011-12-31,182288,8636,2,8.009355545043945
SASRec,2011,2011-12-31,182288,5418,3,8.001373291015625
SASRec,2011,2011-12-31,182288,6874,4,7.889657020568848
SASRec,2011,2011-12-31,182288,377,5,7.645639419555664
SASRec,2011,2011-12-31,182288,4226,6,7.617844581604004
SASRec,2011,2011-12-31,182288,4963,7,7.499813079833984
SASRec,2011,2011-12-31,182288,780,8,7.495993614196777
SASRec,2011,2011-12-31,182288,592,9,7.42968225479126
SASRec,2011,2011-12-31,182288,7361,10,7.393223285675049
SASRec,2011,2011-12-31,182293,68954,1,7.157861709594727
SASRec,2011,2011-12-31,182293,55820,2,6.9786906242370605
SASRec,2011,2011-12-31,182293,69122,3,6.859691619873047
SASRec,2011,2011-12-31,182293,56367,4,6.822028160095215
SASRec,2011,2011-12-31,182293,59315,5,6.797914505004883
SASRec,2011,2011-12-31,182293,76251,6,6.772327423095703
SASRec,2011,2011-12-31,182293,71535,7,6.708134651184082
SASRec,2011,2011-12-31,182293,74458,8,6.702360153198242
SASRec,2011,2011-12-31,182293,48516,9,6.400670051574707
SASRec,2011,2011-12-31,182293,64614,10,6.386490821838379
SASRec,2011,2011-12-31,182302,58559,1,4.410367965698242
SASRec,2011,2011-12-31,182302,55280,2,4.3944292068481445
SASRec,2011,2011-12-31,182302,56152,3,4.376997470855713
SASRec,2011,2011-12-31,182302,60126,4,4.310308933258057
SASRec,2011,2011-12-31,182302,48043,5,4.272654056549072
SASRec,2011,2011-12-31,182302,52245,6,4.253867149353027
SASRec,2011,2011-12-31,182302,56367,7,4.244250297546387
SASRec,2011,2011-12-31,182302,63992,8,4.177558898925781
SASRec,2011,2011-12-31,182302,49274,9,4.170572280883789
SASRec,2011,2011-12-31,182302,55995,10,4.167198657989502
SASRec,2011,2011-12-31,182783,55820,1,6.445707321166992
SASRec,2011,2011-12-31,182783,48516,2,6.443726539611816
SASRec,2011,2011-12-31,182783,48774,3,6.310321807861328
SASRec,2011,2011-12-31,182783,27773,4,5.758654594421387
SASRec,2011,2011-12-31,182783,1252,5,5.7443928718566895
SASRec,2011,2011-12-31,182783,1221,6,5.607495307922363
SASRec,2011,2011-12-31,182783,56367,7,5.597561836242676
SASRec,2011,2011-12-31,182783,31658,8,5.592465400695801
SASRec,2011,2011-12-31,182783,5618,9,5.588036060333252
SASRec,2011,2011-12-31,182783,51662,10,5.545477867126465
SASRec,2011,2011-12-31,182827,76251,1,6.660424709320068
SASRec,2011,2011-12-31,182827,70286,2,6.371270656585693
SASRec,2011,2011-12-31,182827,79702,3,6.170670032501221
SASRec,2011,2011-12-31,182827,74275,4,6.095581531524658
SASRec,2011,2011-12-31,182827,68159,5,6.034789085388184
SASRec,2011,2011-12-31,182827,79293,6,6.019891738891602
SASRec,2011,2011-12-31,182827,80489,7,5.967844009399414
SASRec,2011,2011-12-31,182827,71535,8,5.957984924316406
SASRec,2011,2011-12-31,182827,80463,9,5.85078239440918
SASRec,2011,2011-12-31,182827,78105,10,5.78804874420166
SASRec,2011,2011-12-31,182848,55820,1,6.633904457092285
SASRec,2011,2011-12-31,182848,70286,2,6.503087043762207
SASRec,2011,2011-12-31,182848,68954,3,6.021867752075195
SASRec,2011,2011-12-31,182848,63082,4,5.993208885192871
SASRec,2011,2011-12-31,182848,74458,5,5.984221458435059
SASRec,2011,2011-12-31,182848,48516,6,5.959146499633789
SASRec,2011,2011-12-31,182848,59315,7,5.954200744628906
SASRec,2011,2011-12-31,182848,318,8,5.934642791748047
SASRec,2011,2011-12-31,182848,76251,9,5.853137969970703
SASRec,2011,2011-12-31,182848,69481,10,5.817411422729492
SASRec,2011,2011-12-31,182901,70286,1,6.965798854827881
SASRec,2011,2011-12-31,182901,68954,2,6.838795185089111
SASRec,2011,2011-12-31,182901,71518,3,6.464163780212402
SASRec,2011,2011-12-31,182901,79702,4,6.298549175262451
SASRec,2011,2011-12-31,182901,71535,5,6.195948123931885
SASRec,2011,2011-12-31,182901,55820,6,6.141743183135986
SASRec,2011,2011-12-31,182901,64614,7,6.120450973510742
SASRec,2011,2011-12-31,182901,74458,8,6.106757164001465
SASRec,2011,2011-12-31,182901,73017,9,6.078327178955078
SASRec,2011,2011-12-31,182901,80489,10,6.016219139099121
SASRec,2011,2011-12-31,183341,68157,1,5.996825218200684
SASRec,2011,2011-12-31,183341,58559,2,5.798445701599121
SASRec,2011,2011-12-31,183341,55820,3,5.7482404708862305
SASRec,2011,2011-12-31,183341,63876,4,5.589718818664551
SASRec,2011,2011-12-31,183341,48516,5,5.451375961303711
SASRec,2011,2011-12-31,183341,64614,6,5.4212646484375
SASRec,2011,2011-12-31,183341,57669,7,5.3834662437438965
SASRec,2011,2011-12-31,183341,64839,8,5.301960468292236
SASRec,2011,2011-12-31,183341,80463,9,5.192397594451904
SASRec,2011,2011-12-31,183341,64575,10,5.187398910522461
SASRec,2011,2011-12-31,183349,71108,1,4.710186958312988
SASRec,2011,2011-12-31,183349,8202,2,4.661881923675537
SASRec,2011,2011-12-31,183349,71033,3,4.486550807952881
SASRec,2011,2011-12-31,183349,42094,4,4.404574394226074
SASRec,2011,2011-12-31,183349,26048,5,4.397372722625732
SASRec,2011,2011-12-31,183349,8463,6,4.319986343383789
SASRec,2011,2011-12-31,183349,31309,7,4.317790508270264
SASRec,2011,2011-12-31,183349,60382,8,4.293980598449707
SASRec,2011,2011-12-31,183349,70849,9,4.2710161209106445
SASRec,2011,2011-12-31,183349,36056,10,4.2474684715271
SASRec,2011,2011-12-31,183441,56174,1,6.831217288970947
SASRec,2011,2011-12-31,183441,70286,2,6.687585353851318
SASRec,2011,2011-12-31,183441,71535,3,6.291301727294922
SASRec,2011,2011-12-31,183441,76251,4,6.280210494995117
SASRec,2011,2011-12-31,183441,73017,5,5.973636150360107
SASRec,2011,2011-12-31,183441,49272,6,5.9047651290893555
SASRec,2011,2011-12-31,183441,63131,7,5.844176292419434
SASRec,2011,2011-12-31,183441,77561,8,5.831262111663818
SASRec,2011,2011-12-31,183441,59315,9,5.825457572937012
SASRec,2011,2011-12-31,183441,61132,10,5.712708950042725
SASRec,2011,2011-12-31,183719,4128,1,5.9036335945129395
SASRec,2011,2011-12-31,183719,3704,2,5.574245452880859
SASRec,2011,2011-12-31,183719,2003,3,5.37993860244751
SASRec,2011,2011-12-31,183719,2455,4,5.361547946929932
SASRec,2011,2011-12-31,183719,2140,5,5.32361364364624
SASRec,2011,2011-12-31,183719,3698,6,5.291638374328613
SASRec,2011,2011-12-31,183719,1967,7,5.283663272857666
SASRec,2011,2011-12-31,183719,3535,8,5.266780376434326
SASRec,2011,2011-12-31,183719,3300,9,5.218253135681152
SASRec,2011,2011-12-31,183719,3527,10,5.206324100494385
SASRec,2011,2011-12-31,183771,70286,1,6.974881649017334
SASRec,2011,2011-12-31,183771,68157,2,6.576963901519775
SASRec,2011,2011-12-31,183771,69481,3,6.148641586303711
SASRec,2011,2011-12-31,183771,68358,4,5.9667487144470215
SASRec,2011,2011-12-31,183771,64614,5,5.934610366821289
SASRec,2011,2011-12-31,183771,76251,6,5.897626876831055
SASRec,2011,2011-12-31,183771,66097,7,5.8170905113220215
SASRec,2011,2011-12-31,183771,73017,8,5.795957565307617
SASRec,2011,2011-12-31,183771,71535,9,5.7687458992004395
SASRec,2011,2011-12-31,183771,68237,10,5.746737003326416
SASRec,2011,2011-12-31,183822,68954,1,7.025005340576172
SASRec,2011,2011-12-31,183822,73017,2,6.6745924949646
SASRec,2011,2011-12-31,183822,76251,3,6.669077396392822
SASRec,2011,2011-12-31,183822,71535,4,6.602538585662842
SASRec,2011,2011-12-31,183822,61132,5,6.448291778564453
SASRec,2011,2011-12-31,183822,74458,6,6.423981666564941
SASRec,2011,2011-12-31,183822,72407,7,6.388638973236084
SASRec,2011,2011-12-31,183822,74789,8,6.312625408172607
SASRec,2011,2011-12-31,183822,64614,9,6.191761016845703
SASRec,2011,2011-12-31,183822,71518,10,6.172783374786377
SASRec,2011,2011-12-31,183909,56174,1,7.625293731689453
SASRec,2011,2011-12-31,183909,70286,2,7.00075626373291
SASRec,2011,2011-12-31,183909,61132,3,6.600668430328369
SASRec,2011,2011-12-31,183909,60069,4,6.510872840881348
SASRec,2011,2011-12-31,183909,71535,5,6.446086883544922
SASRec,2011,2011-12-31,183909,68954,6,6.337445259094238
SASRec,2011,2011-12-31,183909,73017,7,6.303531169891357
SASRec,2011,2011-12-31,183909,48774,8,6.1931915283203125
SASRec,2011,2011-12-31,183909,52973,9,6.149502754211426
SASRec,2011,2011-12-31,183909,44191,10,6.131952285766602
SASRec,2011,2011-12-31,183925,48516,1,5.956141948699951
SASRec,2011,2011-12-31,183925,55820,2,5.893019676208496
SASRec,2011,2011-12-31,183925,47629,3,5.260570049285889
SASRec,2011,2011-12-31,183925,52241,4,5.201193332672119
SASRec,2011,2011-12-31,183925,48043,5,5.1989359855651855
SASRec,2011,2011-12-31,183925,45950,6,5.184893608093262
SASRec,2011,2011-12-31,183925,55280,7,5.1752519607543945
SASRec,2011,2011-12-31,183925,49272,8,5.13552188873291
SASRec,2011,2011-12-31,183925,55276,9,5.1153883934021
SASRec,2011,2011-12-31,183925,32587,10,5.113173961639404
SASRec,2011,2011-12-31,183941,68157,1,5.342653274536133
SASRec,2011,2011-12-31,183941,76251,2,5.018447399139404
SASRec,2011,2011-12-31,183941,71518,3,5.007726669311523
SASRec,2011,2011-12-31,183941,60382,4,5.001555442810059
SASRec,2011,2011-12-31,183941,62511,5,4.862893581390381
SASRec,2011,2011-12-31,183941,67255,6,4.8498382568359375
SASRec,2011,2011-12-31,183941,64614,7,4.83514928817749
SASRec,2011,2011-12-31,183941,65418,8,4.811549663543701
SASRec,2011,2011-12-31,183941,57669,9,4.7771782875061035
SASRec,2011,2011-12-31,183941,72386,10,4.774115562438965
SASRec,2011,2011-12-31,184158,4226,1,7.6666717529296875
SASRec,2011,2011-12-31,184158,593,2,7.586908340454102
SASRec,2011,2011-12-31,184158,48516,3,7.485925674438477
SASRec,2011,2011-12-31,184158,50,4,7.479035377502441
SASRec,2011,2011-12-31,184158,356,5,7.354927062988281
SASRec,2011,2011-12-31,184158,58559,6,7.264281749725342
SASRec,2011,2011-12-31,184158,7361,7,7.171332359313965
SASRec,2011,2011-12-31,184158,2762,8,7.155824661254883
SASRec,2011,2011-12-31,184158,457,9,7.1404218673706055
SASRec,2011,2011-12-31,184158,1,10,7.101580619812012
SASRec,2011,2011-12-31,184219,70286,1,7.693523406982422
SASRec,2011,2011-12-31,184219,58559,2,7.5992889404296875
SASRec,2011,2011-12-31,184219,56174,3,7.471787452697754
SASRec,2011,2011-12-31,184219,72998,4,7.295709609985352
SASRec,2011,2011-12-31,184219,59315,5,7.23679780960083
SASRec,2011,2011-12-31,184219,68954,6,7.0753560066223145
SASRec,2011,2011-12-31,184219,68157,7,7.027166843414307
SASRec,2011,2011-12-31,184219,63082,8,6.952861785888672
SASRec,2011,2011-12-31,184219,74458,9,6.844790458679199
SASRec,2011,2011-12-31,184219,69122,10,6.781745910644531
SASRec,2011,2011-12-31,184479,46664,1,4.912585258483887
SASRec,2011,2011-12-31,184479,8197,2,4.824286937713623
SASRec,2011,2011-12-31,184479,2066,3,4.616485118865967
SASRec,2011,2011-12-31,184479,68157,4,4.481887340545654
SASRec,2011,2011-12-31,184479,63876,5,4.481199741363525
SASRec,2011,2011-12-31,184479,69481,6,4.440592288970947
SASRec,2011,2011-12-31,184479,7938,7,4.43664026260376
SASRec,2011,2011-12-31,184479,7217,8,4.429719924926758
SASRec,2011,2011-12-31,184479,7216,9,4.308051586151123
SASRec,2011,2011-12-31,184479,71033,10,4.2908430099487305
SASRec,2011,2011-12-31,184503,68157,1,5.99881649017334
SASRec,2011,2011-12-31,184503,70286,2,5.826018333435059
SASRec,2011,2011-12-31,184503,71518,3,5.574915885925293
SASRec,2011,2011-12-31,184503,69757,4,5.561466217041016
SASRec,2011,2011-12-31,184503,76251,5,5.5483927726745605
SASRec,2011,2011-12-31,184503,69481,6,5.515542984008789
SASRec,2011,2011-12-31,184503,52241,7,5.458057403564453
SASRec,2011,2011-12-31,184503,57669,8,5.439352989196777
SASRec,2011,2011-12-31,184503,64614,9,5.419577598571777
SASRec,2011,2011-12-31,184503,73017,10,5.417976379394531
SASRec,2011,2011-12-31,185039,70286,1,6.538620471954346
SASRec,2011,2011-12-31,185039,63082,2,6.178313732147217
SASRec,2011,2011-12-31,185039,73017,3,6.148599147796631
SASRec,2011,2011-12-31,185039,56174,4,6.022039413452148
SASRec,2011,2011-12-31,185039,61132,5,5.968916893005371
SASRec,2011,2011-12-31,185039,76251,6,5.954329967498779
SASRec,2011,2011-12-31,185039,71535,7,5.916950225830078
SASRec,2011,2011-12-31,185039,72407,8,5.915907859802246
SASRec,2011,2011-12-31,185039,55820,9,5.875680446624756
SASRec,2011,2011-12-31,185039,71518,10,5.863502025604248
SASRec,2011,2011-12-31,185072,68954,1,6.2700629234313965
SASRec,2011,2011-12-31,185072,71518,2,6.036932468414307
SASRec,2011,2011-12-31,185072,55820,3,6.023418426513672
SASRec,2011,2011-12-31,185072,66097,4,5.99861478805542
SASRec,2011,2011-12-31,185072,69481,5,5.924930095672607
SASRec,2011,2011-12-31,185072,63082,6,5.887979984283447
SASRec,2011,2011-12-31,185072,71464,7,5.683258056640625
SASRec,2011,2011-12-31,185072,78499,8,5.6194024085998535
SASRec,2011,2011-12-31,185072,71535,9,5.605340003967285
SASRec,2011,2011-12-31,185072,73017,10,5.586039066314697
SASRec,2011,2011-12-31,185141,72998,1,7.253740310668945
SASRec,2011,2011-12-31,185141,68157,2,7.24136209487915
SASRec,2011,2011-12-31,185141,68954,3,7.230027675628662
SASRec,2011,2011-12-31,185141,63082,4,7.063037872314453
SASRec,2011,2011-12-31,185141,76251,5,6.955355644226074
SASRec,2011,2011-12-31,185141,56174,6,6.907669544219971
SASRec,2011,2011-12-31,185141,74458,7,6.766793251037598
SASRec,2011,2011-12-31,185141,71535,8,6.727272033691406
SASRec,2011,2011-12-31,185141,69122,9,6.7270050048828125
SASRec,2011,2011-12-31,185141,60069,10,6.5944647789001465
SASRec,2011,2011-12-31,185149,71518,1,6.786140441894531
SASRec,2011,2011-12-31,185149,77561,2,6.420376300811768
SASRec,2011,2011-12-31,185149,79702,3,6.271239757537842
SASRec,2011,2011-12-31,185149,78105,4,6.198820114135742
SASRec,2011,2011-12-31,185149,79293,5,6.188216209411621
SASRec,2011,2011-12-31,185149,80489,6,6.182375431060791
SASRec,2011,2011-12-31,185149,74275,7,6.064454078674316
SASRec,2011,2011-12-31,185149,74795,8,6.022181987762451
SASRec,2011,2011-12-31,185149,74156,9,5.994878768920898
SASRec,2011,2011-12-31,185149,80463,10,5.925642490386963
SASRec,2011,2011-12-31,185226,58559,1,6.995898246765137
SASRec,2011,2011-12-31,185226,68157,2,6.93629789352417
SASRec,2011,2011-12-31,185226,73017,3,6.6342926025390625
SASRec,2011,2011-12-31,185226,74458,4,6.456070423126221
SASRec,2011,2011-12-31,185226,68358,5,6.326569557189941
SASRec,2011,2011-12-31,185226,55820,6,6.299293041229248
SASRec,2011,2011-12-31,185226,59315,7,6.2930707931518555
SASRec,2011,2011-12-31,185226,77561,8,6.201678276062012
SASRec,2011,2011-12-31,185226,64614,9,6.1835784912109375
SASRec,2011,2011-12-31,185226,74789,10,6.139176368713379
SASRec,2011,2011-12-31,185366,63082,1,6.263106346130371
SASRec,2011,2011-12-31,185366,55820,2,6.124006271362305
SASRec,2011,2011-12-31,185366,71535,3,6.028443336486816
SASRec,2011,2011-12-31,185366,72998,4,5.970520973205566
SASRec,2011,2011-12-31,185366,61132,5,5.961179733276367
SASRec,2011,2011-12-31,185366,51662,6,5.95590877532959
SASRec,2011,2011-12-31,185366,48774,7,5.858585357666016
SASRec,2011,2011-12-31,185366,73017,8,5.8208112716674805
SASRec,2011,2011-12-31,185366,56757,9,5.716869831085205
SASRec,2011,2011-12-31,185366,49272,10,5.650837421417236
SASRec,2011,2011-12-31,185479,71518,1,6.724303245544434
SASRec,2011,2011-12-31,185479,68954,2,6.130331039428711
SASRec,2011,2011-12-31,185479,79293,3,5.955814361572266
SASRec,2011,2011-12-31,185479,79702,4,5.947513103485107
SASRec,2011,2011-12-31,185479,78499,5,5.946469306945801
SASRec,2011,2011-12-31,185479,80489,6,5.931432247161865
SASRec,2011,2011-12-31,185479,74275,7,5.878233432769775
SASRec,2011,2011-12-31,185479,68159,8,5.814018726348877
SASRec,2011,2011-12-31,185479,71108,9,5.798089981079102
SASRec,2011,2011-12-31,185479,77561,10,5.763360500335693
SASRec,2011,2011-12-31,185785,5445,1,7.143252372741699
SASRec,2011,2011-12-31,185785,7361,2,7.117597579956055
SASRec,2011,2011-12-31,185785,34162,3,7.076313018798828
SASRec,2011,2011-12-31,185785,44665,4,6.947373390197754
SASRec,2011,2011-12-31,185785,8665,5,6.91464900970459
SASRec,2011,2011-12-31,185785,45499,6,6.786677360534668
SASRec,2011,2011-12-31,185785,8368,7,6.659427642822266
SASRec,2011,2011-12-31,185785,8961,8,6.566067695617676
SASRec,2011,2011-12-31,185785,35836,9,6.509701728820801
SASRec,2011,2011-12-31,185785,7147,10,6.411328315734863
SASRec,2011,2011-12-31,186085,57528,1,3.5787081718444824
SASRec,2011,2011-12-31,186085,72407,2,3.5025603771209717
SASRec,2011,2011-12-31,186085,56174,3,3.3675880432128906
SASRec,2011,2011-12-31,186085,73017,4,3.3409225940704346
SASRec,2011,2011-12-31,186085,71135,5,3.328695774078369
SASRec,2011,2011-12-31,186085,70336,6,3.2990126609802246
SASRec,2011,2011-12-31,186085,64497,7,3.284822702407837
SASRec,2011,2011-12-31,186085,62081,8,3.272152900695801
SASRec,2011,2011-12-31,186085,27478,9,3.271925687789917
SASRec,2011,2011-12-31,186085,53953,10,3.1561577320098877
SASRec,2011,2011-12-31,187213,31658,1,4.9275712966918945
SASRec,2011,2011-12-31,187213,48774,2,4.753203868865967
SASRec,2011,2011-12-31,187213,48516,3,4.574732780456543
SASRec,2011,2011-12-31,187213,6787,4,4.400810718536377
SASRec,2011,2011-12-31,187213,27773,5,4.394604206085205
SASRec,2011,2011-12-31,187213,7013,6,4.356729030609131
SASRec,2011,2011-12-31,187213,6016,7,4.232787132263184
SASRec,2011,2011-12-31,187213,44761,8,4.13759708404541
SASRec,2011,2011-12-31,187213,46578,9,4.115848064422607
SASRec,2011,2011-12-31,187213,4878,10,4.1125407218933105
SASRec,2011,2011-12-31,187225,72998,1,6.818567752838135
SASRec,2011,2011-12-31,187225,63082,2,6.792283058166504
SASRec,2011,2011-12-31,187225,71535,3,6.705064296722412
SASRec,2011,2011-12-31,187225,74458,4,6.557023048400879
SASRec,2011,2011-12-31,187225,68237,5,6.110342979431152
SASRec,2011,2011-12-31,187225,78499,6,6.074812412261963
SASRec,2011,2011-12-31,187225,60069,7,6.064812660217285
SASRec,2011,2011-12-31,187225,59315,8,6.049625396728516
SASRec,2011,2011-12-31,187225,71518,9,6.048925876617432
SASRec,2011,2011-12-31,187225,79702,10,6.024168491363525
SASRec,2011,2011-12-31,187226,71518,1,6.716692924499512
SASRec,2011,2011-12-31,187226,78105,2,6.268405914306641
SASRec,2011,2011-12-31,187226,79293,3,6.198699474334717
SASRec,2011,2011-12-31,187226,74275,4,6.104699611663818
SASRec,2011,2011-12-31,187226,74795,5,6.016952037811279
SASRec,2011,2011-12-31,187226,74156,6,6.010591983795166
SASRec,2011,2011-12-31,187226,78499,7,6.005403995513916
SASRec,2011,2011-12-31,187226,77206,8,5.971156597137451
SASRec,2011,2011-12-31,187226,74948,9,5.932525157928467
SASRec,2011,2011-12-31,187226,68954,10,5.929603576660156
SASRec,2011,2011-12-31,187474,56174,1,7.476293087005615
SASRec,2011,2011-12-31,187474,58559,2,7.437329292297363
SASRec,2011,2011-12-31,187474,51662,3,6.93695592880249
SASRec,2011,2011-12-31,187474,56367,4,6.890315532684326
SASRec,2011,2011-12-31,187474,70286,5,6.841370105743408
SASRec,2011,2011-12-31,187474,72998,6,6.710934162139893
SASRec,2011,2011-12-31,187474,63082,7,6.6553263664245605
SASRec,2011,2011-12-31,187474,53996,8,6.540823459625244
SASRec,2011,2011-12-31,187474,53125,9,6.508557319641113
SASRec,2011,2011-12-31,187474,55820,10,6.4704108238220215
SASRec,2011,2011-12-31,188293,48516,1,6.8719563484191895
SASRec,2011,2011-12-31,188293,55820,2,6.848432540893555
SASRec,2011,2011-12-31,188293,318,3,6.594926834106445
SASRec,2011,2011-12-31,188293,63082,4,6.440847873687744
SASRec,2011,2011-12-31,188293,68157,5,6.264160633087158
SASRec,2011,2011-12-31,188293,56367,6,6.194775104522705
SASRec,2011,2011-12-31,188293,48774,7,6.057910442352295
SASRec,2011,2011-12-31,188293,593,8,5.92468786239624
SASRec,2011,2011-12-31,188293,57669,9,5.906033992767334
SASRec,2011,2011-12-31,188293,608,10,5.8811540603637695
SASRec,2011,2011-12-31,188369,110,1,9.099164962768555
SASRec,2011,2011-12-31,188369,47,2,7.952175617218018
SASRec,2011,2011-12-31,188369,480,3,7.890544414520264
SASRec,2011,2011-12-31,188369,1214,4,7.867737770080566
SASRec,2011,2011-12-31,188369,592,5,7.822312831878662
SASRec,2011,2011-12-31,188369,377,6,7.766537189483643
SASRec,2011,2011-12-31,188369,1198,7,7.698882102966309
SASRec,2011,2011-12-31,188369,4886,8,7.6678924560546875
SASRec,2011,2011-12-31,188369,1240,9,7.625978946685791
SASRec,2011,2011-12-31,188369,5952,10,7.599467754364014
SASRec,2011,2011-12-31,188777,71518,1,6.490843772888184
SASRec,2011,2011-12-31,188777,77206,2,6.205995082855225
SASRec,2011,2011-12-31,188777,76251,3,6.147983551025391
SASRec,2011,2011-12-31,188777,80489,4,5.98680305480957
SASRec,2011,2011-12-31,188777,78105,5,5.9637770652771
SASRec,2011,2011-12-31,188777,79702,6,5.931441783905029
SASRec,2011,2011-12-31,188777,79293,7,5.897207260131836
SASRec,2011,2011-12-31,188777,77561,8,5.869355201721191
SASRec,2011,2011-12-31,188777,74156,9,5.818141937255859
SASRec,2011,2011-12-31,188777,80463,10,5.785998821258545
SASRec,2011,2011-12-31,188888,58559,1,8.069683074951172
SASRec,2011,2011-12-31,188888,70286,2,7.672597885131836
SASRec,2011,2011-12-31,188888,4226,3,7.569031238555908
SASRec,2011,2011-12-31,188888,56174,4,7.496176719665527
SASRec,2011,2011-12-31,188888,55820,5,7.421989917755127
SASRec,2011,2011-12-31,188888,59315,6,7.367608547210693
SASRec,2011,2011-12-31,188888,48516,7,7.328243255615234
SASRec,2011,2011-12-31,188888,110,8,7.274486541748047
SASRec,2011,2011-12-31,188888,63082,9,7.238239288330078
SASRec,2011,2011-12-31,188888,51662,10,7.158121109008789
SASRec,2011,2011-12-31,189107,68157,1,5.597484588623047
SASRec,2011,2011-12-31,189107,71464,2,5.2773871421813965
SASRec,2011,2011-12-31,189107,66097,3,5.213330268859863
SASRec,2011,2011-12-31,189107,63876,4,5.169865608215332
SASRec,2011,2011-12-31,189107,63082,5,5.162945747375488
SASRec,2011,2011-12-31,189107,70286,6,5.089572906494141
SASRec,2011,2011-12-31,189107,69481,7,5.086907863616943
SASRec,2011,2011-12-31,189107,71033,8,5.053219795227051
SASRec,2011,2011-12-31,189107,71108,9,5.034270286560059
SASRec,2011,2011-12-31,189107,76251,10,5.004580020904541
SASRec,2011,2011-12-31,189136,76251,1,6.910554885864258
SASRec,2011,2011-12-31,189136,73017,2,6.568807125091553
SASRec,2011,2011-12-31,189136,79702,3,6.566701889038086
SASRec,2011,2011-12-31,189136,71518,4,6.459529876708984
SASRec,2011,2011-12-31,189136,72407,5,6.330482482910156
SASRec,2011,2011-12-31,189136,80489,6,6.305154800415039
SASRec,2011,2011-12-31,189136,59315,7,6.19606351852417
SASRec,2011,2011-12-31,189136,71135,8,6.187298774719238
SASRec,2011,2011-12-31,189136,74789,9,6.0409135818481445
SASRec,2011,2011-12-31,189136,76093,10,6.005596160888672
SASRec,2011,2011-12-31,189148,56174,1,7.804111480712891
SASRec,2011,2011-12-31,189148,59315,2,7.386965274810791
SASRec,2011,2011-12-31,189148,68954,3,7.176995277404785
SASRec,2011,2011-12-31,189148,63082,4,7.165234088897705
SASRec,2011,2011-12-31,189148,56367,5,7.105952262878418
SASRec,2011,2011-12-31,189148,68157,6,7.0501933097839355
SASRec,2011,2011-12-31,189148,55820,7,7.029960632324219
SASRec,2011,2011-12-31,189148,69122,8,6.840658664703369
SASRec,2011,2011-12-31,189148,68358,9,6.786872863769531
SASRec,2011,2011-12-31,189148,73017,10,6.712034225463867
SASRec,2011,2011-12-31,189358,296,1,7.542309284210205
SASRec,2011,2011-12-31,189358,318,2,7.343347549438477
SASRec,2011,2011-12-31,189358,356,3,7.196296691894531
SASRec,2011,2011-12-31,189358,778,4,7.1940388679504395
SASRec,2011,2011-12-31,189358,589,5,7.139862060546875
SASRec,2011,2011-12-31,189358,110,6,7.097886085510254
SASRec,2011,2011-12-31,189358,32,7,7.042694568634033
SASRec,2011,2011-12-31,189358,48516,8,7.040391445159912
SASRec,2011,2011-12-31,189358,7361,9,6.959261894226074
SASRec,2011,2011-12-31,189358,32587,10,6.9393815994262695
SASRec,2011,2011-12-31,189429,56174,1,7.596890449523926
SASRec,2011,2011-12-31,189429,71535,2,6.861437797546387
SASRec,2011,2011-12-31,189429,74458,3,6.821996212005615
SASRec,2011,2011-12-31,189429,56367,4,6.667265892028809
SASRec,2011,2011-12-31,189429,54286,5,6.443563461303711
SASRec,2011,2011-12-31,189429,49272,6,6.40632963180542
SASRec,2011,2011-12-31,189429,76251,7,6.312398433685303
SASRec,2011,2011-12-31,189429,5418,8,6.238042831420898
SASRec,2011,2011-12-31,189429,59615,9,6.143342018127441
SASRec,2011,2011-12-31,189429,4226,10,6.140659332275391
SASRec,2011,2011-12-31,189561,73017,1,6.491009712219238
SASRec,2011,2011-12-31,189561,74458,2,6.4367756843566895
SASRec,2011,2011-12-31,189561,76251,3,6.298097133636475
SASRec,2011,2011-12-31,189561,69481,4,6.214615821838379
SASRec,2011,2011-12-31,189561,44665,5,6.196732997894287
SASRec,2011,2011-12-31,189561,64614,6,6.186659812927246
SASRec,2011,2011-12-31,189561,74789,7,6.068339824676514
SASRec,2011,2011-12-31,189561,53125,8,6.060211181640625
SASRec,2011,2011-12-31,189561,54503,9,6.038249969482422
SASRec,2011,2011-12-31,189561,49530,10,5.934743881225586
SASRec,2011,2011-12-31,189665,68157,1,6.3747711181640625
SASRec,2011,2011-12-31,189665,71518,2,6.18014669418335
SASRec,2011,2011-12-31,189665,68954,3,6.061741828918457
SASRec,2011,2011-12-31,189665,70286,4,5.96434211730957
SASRec,2011,2011-12-31,189665,68159,5,5.80203104019165
SASRec,2011,2011-12-31,189665,71464,6,5.760627746582031
SASRec,2011,2011-12-31,189665,73017,7,5.703639984130859
SASRec,2011,2011-12-31,189665,72998,8,5.698363304138184
SASRec,2011,2011-12-31,189665,69604,9,5.6365556716918945
SASRec,2011,2011-12-31,189665,80463,10,5.562777519226074
SASRec,2011,2011-12-31,189763,55820,1,6.855240345001221
SASRec,2011,2011-12-31,189763,68157,2,6.708776473999023
SASRec,2011,2011-12-31,189763,68954,3,6.474430084228516
SASRec,2011,2011-12-31,189763,70286,4,6.312423229217529
SASRec,2011,2011-12-31,189763,57669,5,6.275979042053223
SASRec,2011,2011-12-31,189763,48516,6,6.244699954986572
SASRec,2011,2011-12-31,189763,69481,7,6.136887073516846
SASRec,2011,2011-12-31,189763,48774,8,6.026991367340088
SASRec,2011,2011-12-31,189763,56367,9,6.015077590942383
SASRec,2011,2011-12-31,189763,66097,10,5.948834419250488
SASRec,2011,2011-12-31,189899,6666,1,4.165510654449463
SASRec,2011,2011-12-31,189899,34542,2,3.920168399810791
SASRec,2011,2011-12-31,189899,37741,3,3.677145004272461
SASRec,2011,2011-12-31,189899,8197,4,3.6687755584716797
SASRec,2011,2011-12-31,189899,48516,5,3.6633708477020264
SASRec,2011,2011-12-31,189899,7749,6,3.621894598007202
SASRec,2011,2011-12-31,189899,63876,7,3.593564033508301
SASRec,2011,2011-12-31,189899,7013,8,3.5495519638061523
SASRec,2011,2011-12-31,189899,55820,9,3.5486209392547607
SASRec,2011,2011-12-31,189899,49772,10,3.5380187034606934
SASRec,2011,2011-12-31,190652,70286,1,7.4609880447387695
SASRec,2011,2011-12-31,190652,68954,2,7.24146842956543
SASRec,2011,2011-12-31,190652,76251,3,7.109440803527832
SASRec,2011,2011-12-31,190652,63082,4,7.075944900512695
SASRec,2011,2011-12-31,190652,71535,5,6.819985866546631
SASRec,2011,2011-12-31,190652,73017,6,6.778451442718506
SASRec,2011,2011-12-31,190652,69122,7,6.755586624145508
SASRec,2011,2011-12-31,190652,77561,8,6.550505638122559
SASRec,2011,2011-12-31,190652,68358,9,6.5485944747924805
SASRec,2011,2011-12-31,190652,71518,10,6.473252773284912
SASRec,2011,2011-12-31,191122,61132,1,6.185638904571533
SASRec,2011,2011-12-31,191122,72407,2,6.183999061584473
SASRec,2011,2011-12-31,191122,60037,3,6.070944786071777
SASRec,2011,2011-12-31,191122,60074,4,5.91212272644043
SASRec,2011,2011-12-31,191122,68954,5,5.876135349273682
SASRec,2011,2011-12-31,191122,53125,6,5.841100215911865
SASRec,2011,2011-12-31,191122,58025,7,5.816817283630371
SASRec,2011,2011-12-31,191122,52722,8,5.781888484954834
SASRec,2011,2011-12-31,191122,63082,9,5.770926475524902
SASRec,2011,2011-12-31,191122,68157,10,5.708251476287842
SASRec,2011,2011-12-31,191441,56174,1,6.6878180503845215
SASRec,2011,2011-12-31,191441,61132,2,6.347716331481934
SASRec,2011,2011-12-31,191441,56367,3,6.204838275909424
SASRec,2011,2011-12-31,191441,72407,4,6.191564559936523
SASRec,2011,2011-12-31,191441,68954,5,6.1855878829956055
SASRec,2011,2011-12-31,191441,59315,6,6.109157562255859
SASRec,2011,2011-12-31,191441,63082,7,6.068597316741943
SASRec,2011,2011-12-31,191441,73017,8,6.051909446716309
SASRec,2011,2011-12-31,191441,56757,9,5.951387882232666
SASRec,2011,2011-12-31,191441,69122,10,5.945583343505859
SASRec,2011,2011-12-31,191670,63082,1,6.531551837921143
SASRec,2011,2011-12-31,191670,56367,2,6.363272190093994
SASRec,2011,2011-12-31,191670,70286,3,6.267636775970459
SASRec,2011,2011-12-31,191670,48394,4,6.257997512817383
SASRec,2011,2011-12-31,191670,68157,5,6.250805854797363
SASRec,2011,2011-12-31,191670,59315,6,6.240017414093018
SASRec,2011,2011-12-31,191670,68954,7,6.208487510681152
SASRec,2011,2011-12-31,191670,57669,8,6.0930986404418945
SASRec,2011,2011-12-31,191670,44555,9,6.08821964263916
SASRec,2011,2011-12-31,191670,6016,10,6.005148887634277
SASRec,2011,2011-12-31,191845,1252,1,5.3449883460998535
SASRec,2011,2011-12-31,191845,58559,2,5.344931125640869
SASRec,2011,2011-12-31,191845,858,3,5.115655899047852
SASRec,2011,2011-12-31,191845,1178,4,5.074235439300537
SASRec,2011,2011-12-31,191845,1193,5,5.061192512512207
SASRec,2011,2011-12-31,191845,48516,6,5.0578436851501465
SASRec,2011,2011-12-31,191845,1221,7,5.040548324584961
SASRec,2011,2011-12-31,191845,296,8,5.0114593505859375
SASRec,2011,2011-12-31,191845,63876,9,5.008384704589844
SASRec,2011,2011-12-31,191845,68157,10,4.958540439605713
SASRec,2011,2011-12-31,191977,70286,1,7.033060073852539
SASRec,2011,2011-12-31,191977,68954,2,6.913736820220947
SASRec,2011,2011-12-31,191977,76251,3,6.760959148406982
SASRec,2011,2011-12-31,191977,71518,4,6.527854919433594
SASRec,2011,2011-12-31,191977,63082,5,6.436891078948975
SASRec,2011,2011-12-31,191977,73017,6,6.418017387390137
SASRec,2011,2011-12-31,191977,71535,7,6.379865646362305
SASRec,2011,2011-12-31,191977,79702,8,6.365694999694824
SASRec,2011,2011-12-31,191977,68358,9,6.2730607986450195
SASRec,2011,2011-12-31,191977,69122,10,6.2655134201049805
SASRec,2011,2011-12-31,191982,7361,1,6.75916051864624
SASRec,2011,2011-12-31,191982,33493,2,6.063582420349121
SASRec,2011,2011-12-31,191982,48774,3,6.046298027038574
SASRec,2011,2011-12-31,191982,457,4,5.978415489196777
SASRec,2011,2011-12-31,191982,1219,5,5.96254301071167
SASRec,2011,2011-12-31,191982,56174,6,5.960649490356445
SASRec,2011,2011-12-31,191982,364,7,5.939342975616455
SASRec,2011,2011-12-31,191982,8874,8,5.907876968383789
SASRec,2011,2011-12-31,191982,8368,9,5.820487976074219
SASRec,2011,2011-12-31,191982,5618,10,5.7694172859191895
SASRec,2011,2011-12-31,192366,70286,1,7.167975425720215
SASRec,2011,2011-12-31,192366,72998,2,7.102024555206299
SASRec,2011,2011-12-31,192366,63082,3,6.589278221130371
SASRec,2011,2011-12-31,192366,76251,4,6.588079929351807
SASRec,2011,2011-12-31,192366,72407,5,6.4914140701293945
SASRec,2011,2011-12-31,192366,71535,6,6.47210693359375
SASRec,2011,2011-12-31,192366,56367,7,6.441726207733154
SASRec,2011,2011-12-31,192366,74458,8,6.407083034515381
SASRec,2011,2011-12-31,192366,68358,9,6.329042911529541
SASRec,2011,2011-12-31,192366,77561,10,6.317721843719482
SASRec,2011,2011-12-31,192558,55820,1,7.540153503417969
SASRec,2011,2011-12-31,192558,63082,2,7.43379020690918
SASRec,2011,2011-12-31,192558,70286,3,7.408092021942139
SASRec,2011,2011-12-31,192558,68157,4,7.370179176330566
SASRec,2011,2011-12-31,192558,48516,5,7.245278835296631
SASRec,2011,2011-12-31,192558,68954,6,7.193519115447998
SASRec,2011,2011-12-31,192558,60069,7,7.068292140960693
SASRec,2011,2011-12-31,192558,72998,8,7.02084493637085
SASRec,2011,2011-12-31,192558,59315,9,6.9301066398620605
SASRec,2011,2011-12-31,192558,56174,10,6.898467540740967
SASRec,2011,2011-12-31,192974,56174,1,7.029905796051025
SASRec,2011,2011-12-31,192974,63082,2,6.945231914520264
SASRec,2011,2011-12-31,192974,56367,3,6.7406792640686035
SASRec,2011,2011-12-31,192974,55820,4,6.709323406219482
SASRec,2011,2011-12-31,192974,76251,5,6.677030086517334
SASRec,2011,2011-12-31,192974,59315,6,6.672028064727783
SASRec,2011,2011-12-31,192974,73017,7,6.650651931762695
SASRec,2011,2011-12-31,192974,69122,8,6.645625114440918
SASRec,2011,2011-12-31,192974,71535,9,6.580896377563477
SASRec,2011,2011-12-31,192974,61132,10,6.486687660217285
SASRec,2011,2011-12-31,193143,58559,1,7.85080099105835
SASRec,2011,2011-12-31,193143,56174,2,7.658985137939453
SASRec,2011,2011-12-31,193143,70286,3,7.4426398277282715
SASRec,2011,2011-12-31,193143,63082,4,7.396313667297363
SASRec,2011,2011-12-31,193143,55820,5,7.206143379211426
SASRec,2011,2011-12-31,193143,72998,6,7.054265975952148
SASRec,2011,2011-12-31,193143,48516,7,7.052472114562988
SASRec,2011,2011-12-31,193143,68157,8,7.032930374145508
SASRec,2011,2011-12-31,193143,68954,9,7.008606433868408
SASRec,2011,2011-12-31,193143,59315,10,6.957738876342773
SASRec,2011,2011-12-31,193194,72998,1,7.077205181121826
SASRec,2011,2011-12-31,193194,68157,2,6.880190849304199
SASRec,2011,2011-12-31,193194,76251,3,6.8567657470703125
SASRec,2011,2011-12-31,193194,71518,4,6.6430134773254395
SASRec,2011,2011-12-31,193194,73017,5,6.5846757888793945
SASRec,2011,2011-12-31,193194,79702,6,6.486692428588867
SASRec,2011,2011-12-31,193194,63082,7,6.466550827026367
SASRec,2011,2011-12-31,193194,69122,8,6.465055465698242
SASRec,2011,2011-12-31,193194,68358,9,6.414320945739746
SASRec,2011,2011-12-31,193194,72407,10,6.331679821014404
SASRec,2011,2011-12-31,193248,63082,1,5.510019779205322
SASRec,2011,2011-12-31,193248,68954,2,5.3923492431640625
SASRec,2011,2011-12-31,193248,63876,3,5.183124542236328
SASRec,2011,2011-12-31,193248,64614,4,4.970817565917969
SASRec,2011,2011-12-31,193248,904,5,4.860848903656006
SASRec,2011,2011-12-31,193248,76251,6,4.833968162536621
SASRec,2011,2011-12-31,193248,541,7,4.797756671905518
SASRec,2011,2011-12-31,193248,80463,8,4.785998344421387
SASRec,2011,2011-12-31,193248,48774,9,4.748625755310059
SASRec,2011,2011-12-31,193248,68237,10,4.705708026885986
SASRec,2011,2011-12-31,193475,56367,1,6.533376216888428
SASRec,2011,2011-12-31,193475,60069,2,6.48143196105957
SASRec,2011,2011-12-31,193475,56174,3,6.478363513946533
SASRec,2011,2011-12-31,193475,48516,4,6.381991863250732
SASRec,2011,2011-12-31,193475,73017,5,6.232974529266357
SASRec,2011,2011-12-31,193475,66097,6,6.2074294090271
SASRec,2011,2011-12-31,193475,71535,7,6.201233863830566
SASRec,2011,2011-12-31,193475,74789,8,6.022381782531738
SASRec,2011,2011-12-31,193475,69481,9,6.0117645263671875
SASRec,2011,2011-12-31,193475,56757,10,5.9669013023376465
SASRec,2011,2011-12-31,193485,56174,1,7.978566646575928
SASRec,2011,2011-12-31,193485,58559,2,7.78695011138916
SASRec,2011,2011-12-31,193485,44191,3,7.673745155334473
SASRec,2011,2011-12-31,193485,4226,4,7.5731520652771
SASRec,2011,2011-12-31,193485,6539,5,7.567722320556641
SASRec,2011,2011-12-31,193485,51662,6,7.546385765075684
SASRec,2011,2011-12-31,193485,48516,7,7.492444038391113
SASRec,2011,2011-12-31,193485,32587,8,7.419003009796143
SASRec,2011,2011-12-31,193485,2571,9,7.3481621742248535
SASRec,2011,2011-12-31,193485,56367,10,7.337110996246338
SASRec,2011,2011-12-31,193536,58559,1,7.246620178222656
SASRec,2011,2011-12-31,193536,56367,2,6.60032320022583
SASRec,2011,2011-12-31,193536,51662,3,6.324628829956055
SASRec,2011,2011-12-31,193536,71535,4,6.24479341506958
SASRec,2011,2011-12-31,193536,69122,5,6.210499286651611
SASRec,2011,2011-12-31,193536,74789,6,6.188686847686768
SASRec,2011,2011-12-31,193536,66097,7,6.049550533294678
SASRec,2011,2011-12-31,193536,56757,8,6.021082401275635
SASRec,2011,2011-12-31,193536,54286,9,5.962349891662598
SASRec,2011,2011-12-31,193536,69481,10,5.919890403747559
SASRec,2011,2011-12-31,193539,48516,1,5.574548244476318
SASRec,2011,2011-12-31,193539,58559,2,5.384378910064697
SASRec,2011,2011-12-31,193539,44555,3,4.9620795249938965
SASRec,2011,2011-12-31,193539,57669,4,4.919827461242676
SASRec,2011,2011-12-31,193539,31658,5,4.918850421905518
SASRec,2011,2011-12-31,193539,27773,6,4.842709541320801
SASRec,2011,2011-12-31,193539,59315,7,4.792850971221924
SASRec,2011,2011-12-31,193539,6787,8,4.779970169067383
SASRec,2011,2011-12-31,193539,2731,9,4.6797261238098145
SASRec,2011,2011-12-31,193539,5291,10,4.679045677185059
SASRec,2011,2011-12-31,193945,58559,1,7.270976543426514
SASRec,2011,2011-12-31,193945,56367,2,6.769328594207764
SASRec,2011,2011-12-31,193945,55820,3,6.561746597290039
SASRec,2011,2011-12-31,193945,48516,4,6.486183166503906
SASRec,2011,2011-12-31,193945,70286,5,6.485010147094727
SASRec,2011,2011-12-31,193945,61132,6,6.424407958984375
SASRec,2011,2011-12-31,193945,68157,7,6.273737907409668
SASRec,2011,2011-12-31,193945,72998,8,6.240237712860107
SASRec,2011,2011-12-31,193945,53996,9,6.198943614959717
SASRec,2011,2011-12-31,193945,48774,10,6.145756721496582
SASRec,2011,2011-12-31,194243,6539,1,8.898419380187988
SASRec,2011,2011-12-31,194243,5445,2,8.728232383728027
SASRec,2011,2011-12-31,194243,6874,3,8.527972221374512
SASRec,2011,2011-12-31,194243,8636,4,8.432868003845215
SASRec,2011,2011-12-31,194243,6377,5,8.13992977142334
SASRec,2011,2011-12-31,194243,8360,6,7.946204662322998
SASRec,2011,2011-12-31,194243,6333,7,7.895931243896484
SASRec,2011,2011-12-31,194243,5816,8,7.849333763122559
SASRec,2011,2011-12-31,194243,6365,9,7.775157928466797
SASRec,2011,2011-12-31,194243,5669,10,7.769089698791504
SASRec,2011,2011-12-31,194408,53125,1,6.275010585784912
SASRec,2011,2011-12-31,194408,51662,2,6.175550937652588
SASRec,2011,2011-12-31,194408,44665,3,6.144979000091553
SASRec,2011,2011-12-31,194408,53996,4,6.1376566886901855
SASRec,2011,2011-12-31,194408,56367,5,6.084797382354736
SASRec,2011,2011-12-31,194408,58559,6,6.07611608505249
SASRec,2011,2011-12-31,194408,35836,7,6.0760040283203125
SASRec,2011,2011-12-31,194408,52722,8,6.011910438537598
SASRec,2011,2011-12-31,194408,52973,9,5.832125186920166
SASRec,2011,2011-12-31,194408,61132,10,5.824833869934082
SASRec,2011,2011-12-31,194562,296,1,6.547832489013672
SASRec,2011,2011-12-31,194562,48516,2,6.305572986602783
SASRec,2011,2011-12-31,194562,608,3,6.068254470825195
SASRec,2011,2011-12-31,194562,50,4,5.979419231414795
SASRec,2011,2011-12-31,194562,1213,5,5.861805438995361
SASRec,2011,2011-12-31,194562,55820,6,5.826143264770508
SASRec,2011,2011-12-31,194562,6016,7,5.73853874206543
SASRec,2011,2011-12-31,194562,111,8,5.585434436798096
SASRec,2011,2011-12-31,194562,2858,9,5.545132637023926
SASRec,2011,2011-12-31,194562,904,10,5.4253387451171875
SASRec,2011,2011-12-31,194819,56174,1,7.567170143127441
SASRec,2011,2011-12-31,194819,70286,2,7.534407138824463
SASRec,2011,2011-12-31,194819,72998,3,7.108505725860596
SASRec,2011,2011-12-31,194819,59315,4,7.100863456726074
SASRec,2011,2011-12-31,194819,68157,5,6.8365864753723145
SASRec,2011,2011-12-31,194819,68954,6,6.831342697143555
SASRec,2011,2011-12-31,194819,71535,7,6.787499904632568
SASRec,2011,2011-12-31,194819,74458,8,6.733402729034424
SASRec,2011,2011-12-31,194819,69122,9,6.704808712005615
SASRec,2011,2011-12-31,194819,63082,10,6.690488815307617
SASRec,2011,2011-12-31,194844,71518,1,5.7566819190979
SASRec,2011,2011-12-31,194844,71108,2,5.573251724243164
SASRec,2011,2011-12-31,194844,76251,3,5.515212059020996
SASRec,2011,2011-12-31,194844,71033,4,5.425081729888916
SASRec,2011,2011-12-31,194844,64622,5,5.344539165496826
SASRec,2011,2011-12-31,194844,71464,6,5.332791805267334
SASRec,2011,2011-12-31,194844,73027,7,5.241774082183838
SASRec,2011,2011-12-31,194844,69604,8,5.22929573059082
SASRec,2011,2011-12-31,194844,65130,9,5.195250988006592
SASRec,2011,2011-12-31,194844,65418,10,5.127777099609375
SASRec,2011,2011-12-31,195051,48516,1,6.536041259765625
SASRec,2011,2011-12-31,195051,55820,2,6.506813049316406
SASRec,2011,2011-12-31,195051,63082,3,6.159152984619141
SASRec,2011,2011-12-31,195051,56367,4,6.0927557945251465
SASRec,2011,2011-12-31,195051,60069,5,5.742015838623047
SASRec,2011,2011-12-31,195051,57669,6,5.722746849060059
SASRec,2011,2011-12-31,195051,48394,7,5.718417167663574
SASRec,2011,2011-12-31,195051,68954,8,5.704427719116211
SASRec,2011,2011-12-31,195051,44555,9,5.687982082366943
SASRec,2011,2011-12-31,195051,70286,10,5.65676212310791
SASRec,2011,2011-12-31,195496,4886,1,8.238677024841309
SASRec,2011,2011-12-31,195496,1240,2,8.18181037902832
SASRec,2011,2011-12-31,195496,1080,3,8.16413688659668
SASRec,2011,2011-12-31,195496,589,4,8.159858703613281
SASRec,2011,2011-12-31,195496,1291,5,7.999144554138184
SASRec,2011,2011-12-31,195496,6539,6,7.966570854187012
SASRec,2011,2011-12-31,195496,377,7,7.965369701385498
SASRec,2011,2011-12-31,195496,2115,8,7.7182111740112305
SASRec,2011,2011-12-31,195496,1036,9,7.688975811004639
SASRec,2011,2011-12-31,195496,592,10,7.6855058670043945
SASRec,2011,2011-12-31,195510,71057,1,4.146129131317139
SASRec,2011,2011-12-31,195510,71518,2,4.017101287841797
SASRec,2011,2011-12-31,195510,72407,3,4.009653568267822
SASRec,2011,2011-12-31,195510,71379,4,3.9974679946899414
SASRec,2011,2011-12-31,195510,71520,5,3.947094440460205
SASRec,2011,2011-12-31,195510,63072,6,3.9385881423950195
SASRec,2011,2011-12-31,195510,59315,7,3.9347352981567383
SASRec,2011,2011-12-31,195510,74789,8,3.9168365001678467
SASRec,2011,2011-12-31,195510,64497,9,3.87876558303833
SASRec,2011,2011-12-31,195510,71205,10,3.8663101196289062
SASRec,2011,2011-12-31,195670,71464,1,5.180119514465332
SASRec,2011,2011-12-31,195670,63876,2,5.041238784790039
SASRec,2011,2011-12-31,195670,66097,3,5.011088848114014
SASRec,2011,2011-12-31,195670,52241,4,4.985640048980713
SASRec,2011,2011-12-31,195670,71518,5,4.971439361572266
SASRec,2011,2011-12-31,195670,64575,6,4.95995569229126
SASRec,2011,2011-12-31,195670,76251,7,4.930984973907471
SASRec,2011,2011-12-31,195670,71108,8,4.874997615814209
SASRec,2011,2011-12-31,195670,69481,9,4.854916095733643
SASRec,2011,2011-12-31,195670,68954,10,4.810713291168213
SASRec,2011,2011-12-31,195693,4226,1,7.13316535949707
SASRec,2011,2011-12-31,195693,541,2,6.790063858032227
SASRec,2011,2011-12-31,195693,5952,3,6.7380805015563965
SASRec,2011,2011-12-31,195693,5669,4,6.536522388458252
SASRec,2011,2011-12-31,195693,1219,5,6.532959938049316
SASRec,2011,2011-12-31,195693,5995,6,6.514133453369141
SASRec,2011,2011-12-31,195693,904,7,6.5010504722595215
SASRec,2011,2011-12-31,195693,5618,8,6.469444274902344
SASRec,2011,2011-12-31,195693,4993,9,6.452514171600342
SASRec,2011,2011-12-31,195693,1214,10,6.414709091186523
SASRec,2011,2011-12-31,195730,58559,1,6.883588790893555
SASRec,2011,2011-12-31,195730,55820,2,6.459254741668701
SASRec,2011,2011-12-31,195730,48516,3,6.312875270843506
SASRec,2011,2011-12-31,195730,48774,4,5.991097450256348
SASRec,2011,2011-12-31,195730,59315,5,5.937623023986816
SASRec,2011,2011-12-31,195730,48394,6,5.775623798370361
SASRec,2011,2011-12-31,195730,63082,7,5.626362323760986
SASRec,2011,2011-12-31,195730,66097,8,5.538659572601318
SASRec,2011,2011-12-31,195730,70286,9,5.516489505767822
SASRec,2011,2011-12-31,195730,27773,10,5.511172294616699
SASRec,2011,2011-12-31,195740,71518,1,6.719073295593262
SASRec,2011,2011-12-31,195740,79702,2,6.325836658477783
SASRec,2011,2011-12-31,195740,78105,3,6.039896011352539
SASRec,2011,2011-12-31,195740,71135,4,5.907008647918701
SASRec,2011,2011-12-31,195740,68237,5,5.863121032714844
SASRec,2011,2011-12-31,195740,76093,6,5.767720699310303
SASRec,2011,2011-12-31,195740,56174,7,5.7578043937683105
SASRec,2011,2011-12-31,195740,71520,8,5.75181245803833
SASRec,2011,2011-12-31,195740,74275,9,5.673389434814453
SASRec,2011,2011-12-31,195740,63072,10,5.656112194061279
SASRec,2011,2011-12-31,195840,4226,1,6.555658340454102
SASRec,2011,2011-12-31,195840,48516,2,6.4711995124816895
SASRec,2011,2011-12-31,195840,1222,3,6.3245954513549805
SASRec,2011,2011-12-31,195840,48774,4,6.312366962432861
SASRec,2011,2011-12-31,195840,1214,5,6.242240905761719
SASRec,2011,2011-12-31,195840,55820,6,6.223639011383057
SASRec,2011,2011-12-31,195840,58559,7,6.158773422241211
SASRec,2011,2011-12-31,195840,541,8,6.141715049743652
SASRec,2011,2011-12-31,195840,70286,9,6.109621524810791
SASRec,2011,2011-12-31,195840,110,10,5.986331462860107
SASRec,2011,2011-12-31,196113,70286,1,6.0940752029418945
SASRec,2011,2011-12-31,196113,63082,2,6.059139251708984
SASRec,2011,2011-12-31,196113,63876,3,5.593149185180664
SASRec,2011,2011-12-31,196113,76251,4,5.446495056152344
SASRec,2011,2011-12-31,196113,56367,5,5.354286193847656
SASRec,2011,2011-12-31,196113,64839,6,5.353372097015381
SASRec,2011,2011-12-31,196113,74789,7,5.247199058532715
SASRec,2011,2011-12-31,196113,44555,8,5.182260036468506
SASRec,2011,2011-12-31,196113,67255,9,5.1455607414245605
SASRec,2011,2011-12-31,196113,48774,10,5.135869026184082
SASRec,2011,2011-12-31,196327,76251,1,6.965092658996582
SASRec,2011,2011-12-31,196327,71518,2,6.744457244873047
SASRec,2011,2011-12-31,196327,63082,3,6.639657974243164
SASRec,2011,2011-12-31,196327,73017,4,6.3976922035217285
SASRec,2011,2011-12-31,196327,64614,5,6.288703918457031
SASRec,2011,2011-12-31,196327,79702,6,6.2542724609375
SASRec,2011,2011-12-31,196327,69122,7,6.2468719482421875
SASRec,2011,2011-12-31,196327,78499,8,6.233960151672363
SASRec,2011,2011-12-31,196327,79132,9,6.140721797943115
SASRec,2011,2011-12-31,196327,68358,10,6.129505634307861
SASRec,2011,2011-12-31,196431,5952,1,7.024004936218262
SASRec,2011,2011-12-31,196431,4226,2,6.658808708190918
SASRec,2011,2011-12-31,196431,4886,3,6.591880798339844
SASRec,2011,2011-12-31,196431,6539,4,6.465662479400635
SASRec,2011,2011-12-31,196431,5816,5,6.424811363220215
SASRec,2011,2011-12-31,196431,3996,6,6.384151935577393
SASRec,2011,2011-12-31,196431,5669,7,6.28321647644043
SASRec,2011,2011-12-31,196431,5445,8,6.214563369750977
SASRec,2011,2011-12-31,196431,7153,9,6.168805122375488
SASRec,2011,2011-12-31,196431,5679,10,6.163413047790527
SASRec,2011,2011-12-31,197034,71518,1,6.756289482116699
SASRec,2011,2011-12-31,197034,72998,2,6.52574348449707
SASRec,2011,2011-12-31,197034,79702,3,6.450315475463867
SASRec,2011,2011-12-31,197034,80489,4,6.348174095153809
SASRec,2011,2011-12-31,197034,78499,5,6.265084266662598
SASRec,2011,2011-12-31,197034,78105,6,6.20902681350708
SASRec,2011,2011-12-31,197034,79293,7,6.1555256843566895
SASRec,2011,2011-12-31,197034,73017,8,6.120087623596191
SASRec,2011,2011-12-31,197034,69122,9,6.030369758605957
SASRec,2011,2011-12-31,197034,68159,10,6.014639377593994
SASRec,2011,2011-12-31,197312,70286,1,7.245340347290039
SASRec,2011,2011-12-31,197312,56174,2,7.149028778076172
SASRec,2011,2011-12-31,197312,48516,3,6.983098983764648
SASRec,2011,2011-12-31,197312,63082,4,6.911980628967285
SASRec,2011,2011-12-31,197312,59315,5,6.866177558898926
SASRec,2011,2011-12-31,197312,48774,6,6.862681865692139
SASRec,2011,2011-12-31,197312,55820,7,6.671785831451416
SASRec,2011,2011-12-31,197312,60069,8,6.613539695739746
SASRec,2011,2011-12-31,197312,51662,9,6.544631004333496
SASRec,2011,2011-12-31,197312,71535,10,6.543939113616943
SASRec,2011,2011-12-31,197402,70286,1,6.17153787612915
SASRec,2011,2011-12-31,197402,73017,2,5.933230400085449
SASRec,2011,2011-12-31,197402,61132,3,5.787805557250977
SASRec,2011,2011-12-31,197402,56174,4,5.770530700683594
SASRec,2011,2011-12-31,197402,52241,5,5.714887619018555
SASRec,2011,2011-12-31,197402,69122,6,5.695443153381348
SASRec,2011,2011-12-31,197402,55280,7,5.671070098876953
SASRec,2011,2011-12-31,197402,71518,8,5.6500139236450195
SASRec,2011,2011-12-31,197402,48774,9,5.626327991485596
SASRec,2011,2011-12-31,197402,65130,10,5.534522533416748
SASRec,2011,2011-12-31,197441,31658,1,5.4256591796875
SASRec,2011,2011-12-31,197441,6787,2,5.335315704345703
SASRec,2011,2011-12-31,197441,6666,3,5.264084339141846
SASRec,2011,2011-12-31,197441,55820,4,5.224246978759766
SASRec,2011,2011-12-31,197441,8197,5,5.192531108856201
SASRec,2011,2011-12-31,197441,7327,6,5.149750232696533
SASRec,2011,2011-12-31,197441,6987,7,5.048226356506348
SASRec,2011,2011-12-31,197441,2731,8,5.036391258239746
SASRec,2011,2011-12-31,197441,7132,9,5.0348615646362305
SASRec,2011,2011-12-31,197441,48516,10,5.000628471374512
SASRec,2011,2011-12-31,197513,56174,1,8.263493537902832
SASRec,2011,2011-12-31,197513,5445,2,7.670718193054199
SASRec,2011,2011-12-31,197513,4886,3,7.543166160583496
SASRec,2011,2011-12-31,197513,44191,4,7.541559219360352
SASRec,2011,2011-12-31,197513,4306,5,7.529899597167969
SASRec,2011,2011-12-31,197513,7361,6,7.313406944274902
SASRec,2011,2011-12-31,197513,6874,7,7.245969295501709
SASRec,2011,2011-12-31,197513,44665,8,7.152665138244629
SASRec,2011,2011-12-31,197513,4226,9,7.010270118713379
SASRec,2011,2011-12-31,197513,48516,10,6.928803443908691
SASRec,2011,2011-12-31,197577,71518,1,6.3137617111206055
SASRec,2011,2011-12-31,197577,77206,2,5.967758655548096
SASRec,2011,2011-12-31,197577,79702,3,5.6908793449401855
SASRec,2011,2011-12-31,197577,74275,4,5.685697078704834
SASRec,2011,2011-12-31,197577,74916,5,5.643622875213623
SASRec,2011,2011-12-31,197577,73027,6,5.5497307777404785
SASRec,2011,2011-12-31,197577,68552,7,5.406713485717773
SASRec,2011,2011-12-31,197577,71450,8,5.399299621582031
SASRec,2011,2011-12-31,197577,81834,9,5.28679895401001
SASRec,2011,2011-12-31,197577,78116,10,5.268155097961426
SASRec,2011,2011-12-31,197979,56174,1,7.4497222900390625
SASRec,2011,2011-12-31,197979,51662,2,6.501964569091797
SASRec,2011,2011-12-31,197979,56367,3,6.387641429901123
SASRec,2011,2011-12-31,197979,52722,4,6.351722717285156
SASRec,2011,2011-12-31,197979,63082,5,6.331827163696289
SASRec,2011,2011-12-31,197979,61132,6,6.299158096313477
SASRec,2011,2011-12-31,197979,44665,7,6.283196926116943
SASRec,2011,2011-12-31,197979,71535,8,6.261181831359863
SASRec,2011,2011-12-31,197979,72998,9,6.24979829788208
SASRec,2011,2011-12-31,197979,60037,10,6.193380832672119
SASRec,2011,2011-12-31,198066,296,1,8.003540992736816
SASRec,2011,2011-12-31,198066,110,2,7.796219348907471
SASRec,2011,2011-12-31,198066,48516,3,7.642784118652344
SASRec,2011,2011-12-31,198066,58559,4,7.535221576690674
SASRec,2011,2011-12-31,198066,593,5,7.367384910583496
SASRec,2011,2011-12-31,198066,589,6,7.3578948974609375
SASRec,2011,2011-12-31,198066,50,7,7.284946918487549
SASRec,2011,2011-12-31,198066,356,8,7.247123718261719
SASRec,2011,2011-12-31,198066,63082,9,7.179581165313721
SASRec,2011,2011-12-31,198066,55820,10,7.173023223876953
SASRec,2011,2011-12-31,198352,2628,1,5.852949619293213
SASRec,2011,2011-12-31,198352,6373,2,5.745145797729492
SASRec,2011,2011-12-31,198352,5219,3,5.730956077575684
SASRec,2011,2011-12-31,198352,2683,4,5.680121898651123
SASRec,2011,2011-12-31,198352,19,5,5.6777753829956055
SASRec,2011,2011-12-31,198352,6539,6,5.673927307128906
SASRec,2011,2011-12-31,198352,208,7,5.627725124359131
SASRec,2011,2011-12-31,198352,56174,8,5.600175857543945
SASRec,2011,2011-12-31,198352,1917,9,5.562438011169434
SASRec,2011,2011-12-31,198352,5502,10,5.53950309753418
SASRec,2011,2011-12-31,198515,51773,1,5.936232089996338
SASRec,2011,2011-12-31,198515,38656,2,5.913469314575195
SASRec,2011,2011-12-31,198515,69489,3,5.872037887573242
SASRec,2011,2011-12-31,198515,77206,4,5.660616397857666
SASRec,2011,2011-12-31,198515,73914,5,5.450594425201416
SASRec,2011,2011-12-31,198515,44601,6,5.391051769256592
SASRec,2011,2011-12-31,198515,26430,7,5.386115550994873
SASRec,2011,2011-12-31,198515,66289,8,5.299075603485107
SASRec,2011,2011-12-31,198515,27684,9,5.267361640930176
SASRec,2011,2011-12-31,198515,76303,10,5.235955715179443
SASRec,2011,2011-12-31,198580,53996,1,5.558297634124756
SASRec,2011,2011-12-31,198580,58025,2,5.382319450378418
SASRec,2011,2011-12-31,198580,68319,3,5.186620712280273
SASRec,2011,2011-12-31,198580,70336,4,5.159261226654053
SASRec,2011,2011-12-31,198580,60072,5,5.15554666519165
SASRec,2011,2011-12-31,198580,51935,6,4.968800067901611
SASRec,2011,2011-12-31,198580,61248,7,4.929772853851318
SASRec,2011,2011-12-31,198580,55995,8,4.929412364959717
SASRec,2011,2011-12-31,198580,61132,9,4.921614646911621
SASRec,2011,2011-12-31,198580,60037,10,4.9112935066223145
SASRec,2011,2011-12-31,198616,63082,1,7.323973178863525
SASRec,2011,2011-12-31,198616,68157,2,7.283689498901367
SASRec,2011,2011-12-31,198616,68954,3,7.226988315582275
SASRec,2011,2011-12-31,198616,71535,4,7.079170227050781
SASRec,2011,2011-12-31,198616,74458,5,7.053564071655273
SASRec,2011,2011-12-31,198616,60069,6,7.009130954742432
SASRec,2011,2011-12-31,198616,76251,7,6.893009662628174
SASRec,2011,2011-12-31,198616,73017,8,6.728378772735596
SASRec,2011,2011-12-31,198616,68358,9,6.677104949951172
SASRec,2011,2011-12-31,198616,48774,10,6.637470722198486
SASRec,2011,2011-12-31,198676,56788,1,4.976193904876709
SASRec,2011,2011-12-31,198676,57669,2,4.847034454345703
SASRec,2011,2011-12-31,198676,52319,3,4.7951860427856445
SASRec,2011,2011-12-31,198676,56367,4,4.77827262878418
SASRec,2011,2011-12-31,198676,71033,5,4.741364002227783
SASRec,2011,2011-12-31,198676,67267,6,4.70896053314209
SASRec,2011,2011-12-31,198676,80489,7,4.683900833129883
SASRec,2011,2011-12-31,198676,73017,8,4.621706962585449
SASRec,2011,2011-12-31,198676,81834,9,4.586698532104492
SASRec,2011,2011-12-31,198676,59387,10,4.583273887634277
SASRec,2011,2011-12-31,198767,55820,1,6.53256893157959
SASRec,2011,2011-12-31,198767,48516,2,6.411028861999512
SASRec,2011,2011-12-31,198767,58559,3,6.404657363891602
SASRec,2011,2011-12-31,198767,63082,4,6.374246120452881
SASRec,2011,2011-12-31,198767,68157,5,6.116916179656982
SASRec,2011,2011-12-31,198767,56367,6,6.099671363830566
SASRec,2011,2011-12-31,198767,48774,7,6.042044639587402
SASRec,2011,2011-12-31,198767,63876,8,6.012650966644287
SASRec,2011,2011-12-31,198767,68954,9,5.810009002685547
SASRec,2011,2011-12-31,198767,70286,10,5.786688327789307
SASRec,2011,2011-12-31,198929,72998,1,6.9114155769348145
SASRec,2011,2011-12-31,198929,71518,2,6.698241233825684
SASRec,2011,2011-12-31,198929,79702,3,6.446767807006836
SASRec,2011,2011-12-31,198929,73017,4,6.440211772918701
SASRec,2011,2011-12-31,198929,72407,5,6.404874324798584
SASRec,2011,2011-12-31,198929,78499,6,6.2584614753723145
SASRec,2011,2011-12-31,198929,71135,7,6.127626419067383
SASRec,2011,2011-12-31,198929,79293,8,6.102060794830322
SASRec,2011,2011-12-31,198929,80489,9,6.072667598724365
SASRec,2011,2011-12-31,198929,56174,10,6.043997764587402
SASRec,2011,2011-12-31,199111,56174,1,7.42672061920166
SASRec,2011,2011-12-31,199111,70286,2,7.107534408569336
SASRec,2011,2011-12-31,199111,51662,3,6.680763244628906
SASRec,2011,2011-12-31,199111,63082,4,6.653675556182861
SASRec,2011,2011-12-31,199111,48516,5,6.6157331466674805
SASRec,2011,2011-12-31,199111,56367,6,6.557250022888184
SASRec,2011,2011-12-31,199111,72998,7,6.415563583374023
SASRec,2011,2011-12-31,199111,68954,8,6.36444091796875
SASRec,2011,2011-12-31,199111,60069,9,6.349064826965332
SASRec,2011,2011-12-31,199111,74458,10,6.298263072967529
SASRec,2011,2011-12-31,199140,63082,1,7.079582214355469
SASRec,2011,2011-12-31,199140,48516,2,7.058249473571777
SASRec,2011,2011-12-31,199140,58559,3,6.923493385314941
SASRec,2011,2011-12-31,199140,56367,4,6.743566036224365
SASRec,2011,2011-12-31,199140,55820,5,6.585460186004639
SASRec,2011,2011-12-31,199140,70286,6,6.548576831817627
SASRec,2011,2011-12-31,199140,68157,7,6.429894924163818
SASRec,2011,2011-12-31,199140,49272,8,6.300203800201416
SASRec,2011,2011-12-31,199140,60069,9,6.246840476989746
SASRec,2011,2011-12-31,199140,68954,10,6.220989227294922
SASRec,2011,2011-12-31,199188,71108,1,5.337751865386963
SASRec,2011,2011-12-31,199188,46664,2,5.005411624908447
SASRec,2011,2011-12-31,199188,71033,3,5.004749774932861
SASRec,2011,2011-12-31,199188,71464,4,4.597322463989258
SASRec,2011,2011-12-31,199188,31309,5,4.585825443267822
SASRec,2011,2011-12-31,199188,26048,6,4.578292369842529
SASRec,2011,2011-12-31,199188,78116,7,4.542525768280029
SASRec,2011,2011-12-31,199188,36056,8,4.541428089141846
SASRec,2011,2011-12-31,199188,71518,9,4.477014064788818
SASRec,2011,2011-12-31,199188,25898,10,4.408420085906982
SASRec,2011,2011-12-31,199319,68157,1,6.8025689125061035
SASRec,2011,2011-12-31,199319,71535,2,6.464256286621094
SASRec,2011,2011-12-31,199319,61132,3,6.134920597076416
SASRec,2011,2011-12-31,199319,71518,4,6.1023993492126465
SASRec,2011,2011-12-31,199319,64614,5,6.09485387802124
SASRec,2011,2011-12-31,199319,74789,6,6.023433685302734
SASRec,2011,2011-12-31,199319,69757,7,5.969336032867432
SASRec,2011,2011-12-31,199319,69481,8,5.968942642211914
SASRec,2011,2011-12-31,199319,66097,9,5.942838668823242
SASRec,2011,2011-12-31,199319,68237,10,5.910123348236084
SASRec,2011,2011-12-31,199985,76251,1,6.937203884124756
SASRec,2011,2011-12-31,199985,73017,2,6.6771440505981445
SASRec,2011,2011-12-31,199985,71518,3,6.562989234924316
SASRec,2011,2011-12-31,199985,74458,4,6.530226707458496
SASRec,2011,2011-12-31,199985,64614,5,6.436971187591553
SASRec,2011,2011-12-31,199985,69481,6,6.42334508895874
SASRec,2011,2011-12-31,199985,68237,7,6.308553218841553
SASRec,2011,2011-12-31,199985,74789,8,6.237176895141602
SASRec,2011,2011-12-31,199985,66097,9,6.210111618041992
SASRec,2011,2011-12-31,199985,61132,10,6.055380344390869
SASRec,2011,2011-12-31,200102,48516,1,6.726706027984619
SASRec,2011,2011-12-31,200102,55820,2,6.4882001876831055
SASRec,2011,2011-12-31,200102,58559,3,6.372983455657959
SASRec,2011,2011-12-31,200102,56367,4,6.223306655883789
SASRec,2011,2011-12-31,200102,63082,5,6.0504679679870605
SASRec,2011,2011-12-31,200102,44195,6,5.707969665527344
SASRec,2011,2011-12-31,200102,57669,7,5.686674118041992
SASRec,2011,2011-12-31,200102,44694,8,5.682114124298096
SASRec,2011,2011-12-31,200102,46976,9,5.640519142150879
SASRec,2011,2011-12-31,200102,47629,10,5.61732292175293
SASRec,2011,2011-12-31,200161,58559,1,7.251514911651611
SASRec,2011,2011-12-31,200161,70286,2,6.544441223144531
SASRec,2011,2011-12-31,200161,56174,3,6.320193290710449
SASRec,2011,2011-12-31,200161,63082,4,6.231930255889893
SASRec,2011,2011-12-31,200161,69122,5,6.1923627853393555
SASRec,2011,2011-12-31,200161,55820,6,6.146806716918945
SASRec,2011,2011-12-31,200161,56367,7,6.108156204223633
SASRec,2011,2011-12-31,200161,61132,8,6.002636909484863
SASRec,2011,2011-12-31,200161,72407,9,5.938394546508789
SASRec,2011,2011-12-31,200161,68358,10,5.868839740753174
SASRec,2011,2011-12-31,200322,71518,1,6.1993937492370605
SASRec,2011,2011-12-31,200322,77206,2,6.072539806365967
SASRec,2011,2011-12-31,200322,78105,3,6.00050687789917
SASRec,2011,2011-12-31,200322,74916,4,5.928314208984375
SASRec,2011,2011-12-31,200322,74948,5,5.891912937164307
SASRec,2011,2011-12-31,200322,77561,6,5.89104700088501
SASRec,2011,2011-12-31,200322,80489,7,5.885708808898926
SASRec,2011,2011-12-31,200322,74156,8,5.856905460357666
SASRec,2011,2011-12-31,200322,79293,9,5.834327220916748
SASRec,2011,2011-12-31,200322,74795,10,5.732754230499268
SASRec,2011,2011-12-31,200390,48516,1,5.6274919509887695
SASRec,2011,2011-12-31,200390,69481,2,5.442654609680176
SASRec,2011,2011-12-31,200390,52241,3,5.401063919067383
SASRec,2011,2011-12-31,200390,71535,4,5.355311393737793
SASRec,2011,2011-12-31,200390,64614,5,5.248983860015869
SASRec,2011,2011-12-31,200390,60069,6,5.123477935791016
SASRec,2011,2011-12-31,200390,56788,7,5.0978922843933105
SASRec,2011,2011-12-31,200390,74458,8,5.068822383880615
SASRec,2011,2011-12-31,200390,56782,9,5.064777851104736
SASRec,2011,2011-12-31,200390,55052,10,4.975986957550049
SASRec,2011,2011-12-31,200421,4886,1,8.756122589111328
SASRec,2011,2011-12-31,200421,4306,2,8.705245971679688
SASRec,2011,2011-12-31,200421,5418,3,8.233394622802734
SASRec,2011,2011-12-31,200421,8636,4,7.975696563720703
SASRec,2011,2011-12-31,200421,6377,5,7.960744857788086
SASRec,2011,2011-12-31,200421,4963,6,7.911372661590576
SASRec,2011,2011-12-31,200421,3977,7,7.82169246673584
SASRec,2011,2011-12-31,200421,5349,8,7.812022686004639
SASRec,2011,2011-12-31,200421,5816,9,7.789529323577881
SASRec,2011,2011-12-31,200421,8360,10,7.716589450836182
SASRec,2011,2011-12-31,200449,58559,1,6.772454738616943
SASRec,2011,2011-12-31,200449,68157,2,6.430140018463135
SASRec,2011,2011-12-31,200449,70286,3,6.327993392944336
SASRec,2011,2011-12-31,200449,68954,4,6.321895599365234
SASRec,2011,2011-12-31,200449,59315,5,6.166918754577637
SASRec,2011,2011-12-31,200449,63082,6,6.112176895141602
SASRec,2011,2011-12-31,200449,66097,7,6.061694145202637
SASRec,2011,2011-12-31,200449,56367,8,5.996891975402832
SASRec,2011,2011-12-31,200449,69481,9,5.944466590881348
SASRec,2011,2011-12-31,200449,60069,10,5.926124572753906
SASRec,2011,2011-12-31,200582,318,1,8.60108470916748
SASRec,2011,2011-12-31,200582,150,2,8.122419357299805
SASRec,2011,2011-12-31,200582,2028,3,8.063328742980957
SASRec,2011,2011-12-31,200582,2706,4,7.9322404861450195
SASRec,2011,2011-12-31,200582,457,5,7.906890392303467
SASRec,2011,2011-12-31,200582,527,6,7.579734802246094
SASRec,2011,2011-12-31,200582,2959,7,7.495707035064697
SASRec,2011,2011-12-31,200582,4993,8,7.298220634460449
SASRec,2011,2011-12-31,200582,339,9,7.2696123123168945
SASRec,2011,2011-12-31,200582,32,10,7.223716735839844
SASRec,2011,2011-12-31,200943,53125,1,6.439969062805176
SASRec,2011,2011-12-31,200943,51662,2,6.2097578048706055
SASRec,2011,2011-12-31,200943,52973,3,6.11897611618042
SASRec,2011,2011-12-31,200943,35836,4,6.094461441040039
SASRec,2011,2011-12-31,200943,56367,5,6.030728340148926
SASRec,2011,2011-12-31,200943,53322,6,6.004692077636719
SASRec,2011,2011-12-31,200943,54503,7,5.9388747215271
SASRec,2011,2011-12-31,200943,56171,8,5.896536827087402
SASRec,2011,2011-12-31,200943,61132,9,5.892454624176025
SASRec,2011,2011-12-31,200943,56757,10,5.887890338897705
